trial,outcome,center_in,center_out,side_in,last_side_out,actions,reward,trial_types,odors,port_side,schedule,odor_name,odor_dur
1,904.463638,903.890138,903.959638,904.463638,935.423138,1,NaN,0,5.99999999999996,2,1,65,0.5
2,950.158138,948.700638,948.813138,950.158138,961.238638,1,NaN,0,5.99999999999996,2,1,65,0.5
3,971.686638,970.861138,971.274138,971.686638,1001.501138,0,NaN,0,7.00000000000003,1,2,66,0.5
4,1004.895138,1002.786638,1004.331639,1004.808138,1007.351138,0,2.99999999999994,0.0299999999999997,5.99999999999996,2,1,65,0.5
5,1009.263138,1008.784138,1008.830638,1009.263138,1015.740638,1,NaN,0,5.99999999999996,2,1,65,0.5
6,1017.413138,1016.710638,1016.930138,1017.413138,1023.242638,0,NaN,0,7.00000000000003,1,2,66,0.5
7,1028.217638,1027.365138,1027.675138,1028.100638,1040.889138,0,2.99999999999994,0.0299999999999997,5.99999999999996,2,1,65,0.5
8,1044.131138,1042.748138,1042.820639,1043.483638,1049.135638,1,NaN,0,7.00000000000003,1,2,66,0.5
9,1051.315138,1050.777138,1050.813638,1051.236638,1072.753638,1,2.99999999999994,0.0299999999999997,7.00000000000003,1,2,66,0.5
10,1087.446638,1086.631638,1086.660138,1087.444138,1105.388638,1,2.99999999999994,0.0299999999999997,7.00000000000003,1,2,66,0.5
11,1106.685138,1105.879638,1105.944638,1106.682138,1111.275638,0,2.99999999999994,0.0299999999999997,5.99999999999996,2,1,65,0.5
12,1115.104139,1114.281638,1114.319638,1115.102138,1121.628138,1,2.99999999999994,0.0299999999999997,7.00000000000003,1,2,66,0.5
13,1123.391138,1122.260138,1122.801138,1123.317638,1132.929638,0,2.99999999999994,0.0299999999999997,5.99999999999996,2,1,65,0.5
14,1138.279138,1137.410138,1137.822638,1138.279138,1149.918138,0,NaN,0,7.00000000000003,1,2,66,0.5
15,1151.812638,1151.199138,1151.378638,1151.812638,1188.254638,0,NaN,0,7.00000000000003,1,2,66,0.5
16,1199.176138,1197.609638,1198.364638,1199.176138,1253.243138,0,NaN,0,7.00000000000003,1,2,66,0.5
17,1254.913138,1254.121138,1254.344138,1254.913138,1258.308638,0,NaN,0,7.00000000000003,1,2,66,0.5
18,1263.085638,1261.906638,1261.984638,1263.083138,1265.681138,1,2.99999999999994,0.0299999999999997,7.00000000000003,1,2,66,0.5
19,1273.084138,1271.806138,1272.362138,1272.982638,1303.498638,0,2.99999999999994,0.0299999999999997,5.99999999999996,2,1,65,0.5
20,1318.392638,1317.622138,1317.689138,1318.392638,1321.668638,0,NaN,0,7.00000000000003,1,2,66,0.5
21,1370.096638,1357.475138,1357.788138,NaN,1374.656638,NaN,NaN,0,5.99999999999996,2,1,65,0.5
22,1386.859638,1384.608638,1384.792138,1386.859638,1418.950638,1,NaN,0,5.99999999999996,2,1,65,0.5
23,1421.437638,1420.540138,1420.818638,1421.437638,1440.119638,0,NaN,0,7.00000000000003,1,2,66,0.5
24,1469.843138,1468.644638,1468.722138,1469.843138,1489.482638,1,NaN,0,5.99999999999996,2,1,65,0.5
25,1492.126138,1490.690638,1491.031138,1492.123138,1499.355138,0,2.99999999999994,0.0299999999999997,5.99999999999996,2,1,65,0.5
26,1501.229138,1500.409638,1500.512638,1501.227138,1505.711638,1,2.99999999999994,0.0299999999999997,7.00000000000003,1,2,66,0.5
27,1508.795638,1507.968638,1508.263138,1508.795638,1525.251638,0,NaN,0,7.00000000000003,1,2,66,0.5
28,1526.981138,1526.432638,1526.502138,1526.981138,1544.294638,0,NaN,0,7.00000000000003,1,2,66,0.5
29,1546.985138,1546.158138,1546.185638,1546.982638,1553.679138,0,2.99999999999994,0.0299999999999997,5.99999999999996,2,1,65,0.5
30,1555.566638,1554.734639,1555.063138,1555.566638,1568.273138,0,NaN,0,7.00000000000003,1,2,66,0.5
31,1574.547138,1573.701638,1574.036138,1574.547138,1584.190138,0,NaN,0,7.00000000000003,1,2,66,0.5
32,1592.863638,1590.103138,1590.183638,1592.863638,1855.858638,0,NaN,0,7.00000000000003,1,2,66,0.5
33,1859.167638,1858.230138,1858.360638,1859.167638,1865.159638,0,NaN,0,7.00000000000003,1,2,66,0.5
34,1867.320138,1866.254638,1866.661138,1867.320138,1906.670138,0,NaN,0,7.00000000000003,1,2,66,0.5
35,1909.182638,1908.158638,1908.701138,1909.182638,1924.759638,0,NaN,0,7.00000000000003,1,2,66,0.5
36,1926.398638,1925.808638,1925.901638,1926.398638,1931.990138,0,NaN,0,7.00000000000003,1,2,66,0.5
37,1940.466638,1939.377638,1939.638638,1940.466638,1962.280638,0,NaN,0,7.00000000000003,1,2,66,0.5
38,1973.395638,1970.305638,1972.650138,1973.395638,1982.814638,0,NaN,0,7.00000000000003,1,2,66,0.5
39,1985.640638,1983.869638,1984.982138,1985.640638,1993.666638,0,NaN,0,7.00000000000003,1,2,66,0.5
40,1995.883138,1994.855638,1995.111638,1995.880638,2002.427138,1,2.99999999999994,0.0299999999999997,7.00000000000003,1,2,66,0.5
41,2010.335638,2009.521638,2009.740638,2010.335638,2011.068138,0,NaN,0,7.00000000000003,1,2,66,0.5
42,2018.627638,2018.015138,2018.114638,2018.627638,2041.423138,0,NaN,0,7.00000000000003,1,2,66,0.5
43,2044.636638,2043.918138,2043.963138,2044.636638,2052.764638,0,NaN,0,7.00000000000003,1,2,66,0.5
44,2065.716638,2064.917638,2065.149638,2065.716638,2065.793638,0,NaN,0,7.00000000000003,1,2,66,0.5
45,2160.905144,2159.719138,2159.804638,2160.903138,2170.097138,1,2.99999999999994,0.0299999999999997,7.00000000000003,1,2,66,0.5
46,2173.144638,2172.100638,2172.326638,2173.144638,2202.712138,0,NaN,0,7.00000000000003,1,2,66,0.5
47,2206.294638,2204.950638,2205.384138,2206.218138,2209.947638,0,2.99999999999994,0.0299999999999997,5.99999999999996,2,1,65,0.5
48,2213.399638,2212.383138,2212.841138,2213.399638,2218.852638,1,NaN,0,5.99999999999996,2,1,65,0.5
49,2220.751638,2219.794138,2220.031138,2220.672138,2225.254638,1,2.99999999999994,0.0299999999999997,7.00000000000003,1,2,66,0.5
50,2241.066138,2239.898639,2240.131138,2241.063638,2246.686639,0,2.99999999999994,0.0299999999999997,5.99999999999996,2,1,65,0.5
51,2249.730638,2248.876138,2249.050138,2249.730638,2254.851638,1,NaN,0,5.99999999999996,2,1,65,0.5
52,2257.288638,2256.455638,2256.564638,2257.286138,2260.994138,0,2.99999999999994,0.0299999999999997,5.99999999999996,2,1,65,0.5
53,2266.418138,2265.416638,2265.570638,2266.354138,2271.993138,1,2.99999999999994,0.0299999999999997,7.00000000000003,1,2,66,0.5
54,2274.992138,2273.992138,2274.172138,2274.887638,2280.296638,0,2.99999999999994,0.0299999999999997,5.99999999999996,2,1,65,0.5
55,2283.865138,2282.928138,2283.009638,2283.754638,2289.152638,1,2.99999999999994,0.0299999999999997,7.00000000000003,1,2,66,0.5
56,2291.717138,2290.888638,2291.066638,2291.580138,2296.629138,0,2.99999999999994,0.0299999999999997,5.99999999999996,2,1,65,0.5
57,2301.017138,2299.991638,2300.101138,2301.014638,2306.164638,1,2.99999999999994,0.0299999999999997,7.00000000000003,1,2,66,0.5
58,2308.100638,2307.156138,2307.392138,2308.098138,2314.751638,0,2.99999999999994,0.0299999999999997,5.99999999999996,2,1,65,0.5
59,2316.988638,2316.161638,2316.200638,2316.988638,2320.474138,1,NaN,0,5.99999999999996,2,1,65,0.5
60,2324.091138,2323.098138,2323.237138,2323.976638,2329.661138,1,2.99999999999994,0.0299999999999997,7.00000000000003,1,2,66,0.5
61,2335.214638,2334.329138,2334.467638,2335.072138,2340.157138,0,2.99999999999994,0.0299999999999997,5.99999999999996,2,1,65,0.5
62,2342.422638,2341.360138,2341.453138,2342.359638,2348.131638,1,2.99999999999994,0.0299999999999997,7.00000000000003,1,2,66,0.5
63,2350.768638,2350.033638,2350.221138,2350.768638,2357.282138,0,NaN,0,7.00000000000003,1,2,66,0.5
64,2360.140138,2358.087138,2358.154638,2360.077638,2366.469638,1,2.99999999999994,0.0299999999999997,7.00000000000003,1,2,66,0.5
65,2368.468638,2367.575138,2367.695138,2368.468638,2399.021138,0,NaN,0,7.00000000000003,1,2,66,0.5
66,2401.103138,2400.131638,2400.231138,2401.103138,2405.898138,0,NaN,0,7.00000000000003,1,2,66,0.5
67,2408.225638,2406.700638,2406.993638,2408.225638,2437.277138,0,NaN,0,7.00000000000003,1,2,66,0.5
68,2439.618638,2438.689138,2438.760138,2439.618638,2444.448138,0,NaN,0,7.00000000000003,1,2,66,0.5
69,2448.695638,2447.519138,2448.125638,2448.641138,2454.082138,0,2.99999999999994,0.0299999999999997,5.99999999999996,2,1,65,0.5
70,2455.844638,2454.891138,2454.961638,2455.842138,2461.623138,1,2.99999999999994,0.0299999999999997,7.00000000000003,1,2,66,0.5
71,2464.862138,2463.987638,2464.128138,2464.862138,2469.977138,0,NaN,0,7.00000000000003,1,2,66,0.5
72,2472.089638,2471.220138,2471.452638,2472.089638,2486.935138,0,NaN,0,7.00000000000003,1,2,66,0.5
73,2490.178138,2489.311138,2489.392638,2490.036638,2511.882138,1,2.99999999999994,0.0299999999999997,7.00000000000003,1,2,66,0.5
74,2514.084638,2512.937138,2513.263138,2514.084638,2520.129638,0,NaN,0,7.00000000000003,1,2,66,0.5
75,2521.998638,2521.023638,2521.304638,2521.935638,2527.564638,1,2.99999999999994,0.0299999999999997,7.00000000000003,1,2,66,0.5
76,2569.361638,2566.292638,2566.634638,2569.286638,2578.819638,0,2.99999999999994,0.0299999999999997,5.99999999999996,2,1,65,0.5
77,2581.114138,2580.057138,2580.284638,2581.114138,2585.816138,0,NaN,0,7.00000000000003,1,2,66,0.5
78,2588.438138,2586.800638,2587.586138,2588.435638,2592.408638,0,2.99999999999994,0.0299999999999997,5.99999999999996,2,1,65,0.5
79,2595.382138,2594.342138,2594.394638,2595.379638,2598.689638,1,2.99999999999994,0.0299999999999997,7.00000000000003,1,2,66,0.5
80,2600.508138,2599.505138,2599.879638,2600.508138,2605.671638,0,NaN,0,7.00000000000003,1,2,66,0.5
81,2608.327138,2607.308138,2607.695638,2608.327138,2622.469138,0,NaN,0,7.00000000000003,1,2,66,0.5
82,2737.579638,2735.845638,2736.132138,2737.470638,2742.307138,1,2.99999999999994,0.0299999999999997,7.00000000000003,1,2,66,0.5
83,2744.891138,2744.069138,2744.238138,2744.891138,2751.726638,0,NaN,0,7.00000000000003,1,2,66,0.5
84,2753.996638,2753.086138,2753.408138,2753.996638,2768.660138,0,NaN,0,7.00000000000003,1,2,66,0.5
85,2770.998638,2769.748138,2770.015138,2770.998638,2796.462138,0,NaN,0,7.00000000000003,1,2,66,0.5
86,2799.602138,2798.229638,2798.541638,2799.602138,2804.428638,0,NaN,0,7.00000000000003,1,2,66,0.5
87,2806.693638,2805.973638,2806.025138,2806.693638,2812.080138,0,NaN,0,7.00000000000003,1,2,66,0.5
88,2817.410638,2816.133638,2816.785638,2817.410638,2830.188638,0,NaN,0,7.00000000000003,1,2,66,0.5
89,2842.429138,2841.406638,2841.459138,2842.364638,2847.112638,1,2.99999999999994,0.0299999999999997,7.00000000000003,1,2,66,0.5
90,2849.737138,2849.048139,2849.150638,2849.737138,2872.540138,0,NaN,0,7.00000000000003,1,2,66,0.5
91,2881.046139,2879.493638,2880.108138,2880.937138,2884.652638,1,2.99999999999994,0.0299999999999997,7.00000000000003,1,2,66,0.5
92,2887.433138,2885.956138,2886.251138,2887.433138,2899.016138,0,NaN,0,7.00000000000003,1,2,66,0.5
93,2902.119638,2900.423638,2901.327638,2902.117638,2909.177138,0,2.99999999999994,0.0299999999999997,5.99999999999996,2,1,65,0.5
94,2910.992638,2909.916138,2910.052638,2910.990138,2918.763638,1,2.99999999999994,0.0299999999999997,7.00000000000003,1,2,66,0.5
95,2923.167638,2921.681638,2922.363138,2923.165138,2927.361638,0,2.99999999999994,0.0299999999999997,5.99999999999996,2,1,65,0.5
96,2929.371638,2928.304138,2928.557638,2929.300638,2934.621138,1,2.99999999999994,0.0299999999999997,7.00000000000003,1,2,66,0.5
97,2938.254638,2937.107138,2937.454638,2938.254638,2944.543638,0,NaN,0,7.00000000000003,1,2,66,0.5
98,2947.377138,2945.654638,2946.549138,2947.353638,2953.996138,1,2.99999999999994,0.0299999999999997,7.00000000000003,1,2,66,0.5
99,2961.263638,2959.493138,2960.436138,2961.263638,2966.200138,1,NaN,0,5.99999999999996,2,1,65,0.5
100,2973.023638,2971.679138,2971.970638,2973.023638,2979.636638,0,NaN,0,7.00000000000003,1,2,66,0.5
101,2981.678138,2980.291138,2980.592138,2981.584638,2989.583638,1,2.99999999999994,0.0299999999999997,7.00000000000003,1,2,66,0.5
102,2993.171638,2991.602638,2992.263638,2993.171638,3000.073638,1,NaN,0,5.99999999999996,2,1,65,0.5
103,3002.625138,3001.272638,3001.658138,3002.625138,3007.447638,1,NaN,0,5.99999999999996,2,1,65,0.5
104,3009.071138,3008.273138,3008.435138,3009.071138,3014.689138,1,NaN,0,5.99999999999996,2,1,65,0.5
105,3017.838138,3016.089138,3016.962138,3017.838138,3035.865638,1,NaN,0,5.99999999999996,2,1,65,0.5
106,3037.645638,3036.874138,3037.002638,3037.645638,3058.711638,1,NaN,0,5.99999999999996,2,1,65,0.5
107,3062.830138,3061.663138,3062.087638,3062.830138,3069.780138,1,NaN,0,5.99999999999996,2,1,65,0.5
108,3072.697138,3071.231138,3071.807138,3072.694638,3078.565638,0,2.99999999999994,0.0299999999999997,5.99999999999996,2,1,65,0.5
109,3080.307138,3079.338638,3079.610638,3080.307138,3135.435138,1,NaN,0,5.99999999999996,2,1,65,0.5
110,3136.877638,3135.982138,3136.068138,3136.746138,3142.580138,1,2.99999999999994,0.0299999999999997,7.00000000000003,1,2,66,0.5
111,3145.418639,3143.793138,3144.471138,3145.314138,3149.476638,0,2.99999999999994,0.0299999999999997,5.99999999999996,2,1,65,0.5
112,3151.894138,3151.027138,3151.062138,3151.894138,3157.629638,1,NaN,0,5.99999999999996,2,1,65,0.5
113,3160.344638,3158.416638,3159.613138,3160.344638,3164.858638,0,NaN,0,7.00000000000003,1,2,66,0.5
114,3169.035138,3167.348138,3168.323138,3169.032638,3173.786638,0,2.99999999999994,0.0299999999999997,5.99999999999996,2,1,65,0.5
115,3177.702138,3176.420138,3176.671138,3177.702138,3178.276138,1,NaN,0,5.99999999999996,2,1,65,0.5
116,3227.190138,3226.249138,3226.613638,3227.190138,3232.530138,0,NaN,0,7.00000000000003,1,2,66,0.5
117,3234.654638,3233.709638,3234.002138,3234.652138,3244.599138,1,2.99999999999994,0.0299999999999997,7.00000000000003,1,2,66,0.5
118,3247.707138,3246.667638,3246.879638,3247.607638,3254.199638,0,2.99999999999994,0.0299999999999997,5.99999999999996,2,1,65,0.5
119,3256.448638,3255.678638,3255.742138,3256.448638,3261.456138,1,NaN,0,5.99999999999996,2,1,65,0.5
120,3263.650638,3262.171138,3262.820138,3263.608138,3268.331138,0,2.99999999999994,0.0299999999999997,5.99999999999996,2,1,65,0.5
121,3270.833138,3269.348138,3269.928138,3270.765138,3274.132138,1,2.99999999999994,0.0299999999999997,7.00000000000003,1,2,66,0.5
122,3276.713138,3275.492138,3276.007138,3276.623638,3281.824638,0,2.99999999999994,0.0299999999999997,5.99999999999996,2,1,65,0.5
123,3283.833638,3282.698638,3283.171638,3283.833638,3289.327138,1,NaN,0,5.99999999999996,2,1,65,0.5
124,3291.701638,3290.209138,3290.995638,3291.588638,3297.196138,0,2.99999999999994,0.0299999999999997,5.99999999999996,2,1,65,0.5
125,3299.023638,3298.145138,3298.192138,3299.023638,3465.234138,1,NaN,0,5.99999999999996,2,1,65,0.5
126,3468.912638,3467.088138,3467.647638,3468.831138,3476.411138,0,2.99999999999994,0.0299999999999997,5.99999999999996,2,1,65,0.5
127,3478.067138,3477.221138,3477.253138,3478.067138,3483.021638,1,NaN,0,5.99999999999996,2,1,65,0.5
128,3486.109638,3484.576638,3485.089638,3486.109638,3490.214638,1,NaN,0,5.99999999999996,2,1,65,0.5
129,3493.888638,3492.403638,3493.121138,3493.823138,3497.364138,1,2.99999999999994,0.0299999999999997,7.00000000000003,1,2,66,0.5
130,3499.840138,3498.387138,3498.946638,3499.838138,3503.494138,0,2.99999999999994,0.0299999999999997,5.99999999999996,2,1,65,0.5
131,3505.597138,3504.610638,3504.671638,3505.597138,3510.812138,1,NaN,0,5.99999999999996,2,1,65,0.5
132,3513.051638,3511.763638,3512.410138,3513.051638,3513.413638,0,NaN,0,7.00000000000003,1,2,66,0.5
133,3523.559638,3522.688138,3523.022138,3523.559638,3523.807138,0,NaN,0,7.00000000000003,1,2,66,0.5
134,3592.818138,3591.848638,3592.225138,3592.818138,3593.240638,0,NaN,0,7.00000000000003,1,2,66,0.5
135,3615.795138,3614.754138,3615.090638,3615.795138,3621.313638,1,NaN,0,5.99999999999996,2,1,65,0.5
136,3623.149638,3622.233138,3622.277138,3623.149638,3635.394638,1,NaN,0,5.99999999999996,2,1,65,0.5
137,3639.581638,3637.900138,3638.208639,3639.518638,3642.826138,0,2.99999999999994,0.0299999999999997,5.99999999999996,2,1,65,0.5
138,3645.156638,3643.821138,3644.574638,3645.156638,3652.022638,1,NaN,0,5.99999999999996,2,1,65,0.5
139,3666.357138,3665.169638,3665.351638,3666.357138,3666.425138,0,NaN,0,7.00000000000003,1,2,66,0.5
140,3694.410638,3693.426638,3693.832138,3694.410638,3704.203638,0,NaN,0,7.00000000000003,1,2,66,0.5
141,3711.236138,3710.078138,3710.233639,3711.236138,3723.787138,1,NaN,0,5.99999999999996,2,1,65,0.5
142,3726.012138,3724.980638,3725.376138,3725.936138,3733.052138,0,2.99999999999994,0.0299999999999997,5.99999999999996,2,1,65,0.5
143,3741.443138,3740.520638,3740.801638,3741.443138,3747.288638,0,NaN,0,7.00000000000003,1,2,66,0.5
144,3749.571638,3748.248138,3748.839638,3749.569138,3754.119638,0,2.99999999999994,0.0299999999999997,5.99999999999996,2,1,65,0.5
145,3756.510138,3755.276138,3755.596138,3756.507138,3759.280638,1,2.99999999999994,0.0299999999999997,7.00000000000003,1,2,66,0.5
146,3761.601138,3760.212638,3760.802138,3761.500138,3766.497138,0,2.99999999999994,0.0299999999999997,5.99999999999996,2,1,65,0.5
147,3768.455638,3767.584638,3767.644638,3768.455638,3774.616638,1,NaN,0,5.99999999999996,2,1,65,0.5
148,3776.677138,3775.369138,3775.993638,3776.620138,3782.167138,0,2.99999999999994,0.0299999999999997,5.99999999999996,2,1,65,0.5
149,3784.342138,3783.171138,3783.427638,3784.339138,3789.704138,1,2.99999999999994,0.0299999999999997,7.00000000000003,1,2,66,0.5
150,3791.875638,3790.820138,3791.238138,3791.875638,3797.947638,0,NaN,0,7.00000000000003,1,2,66,0.5
151,3800.352138,3798.665138,3799.667638,3800.352138,3848.665138,1,NaN,0,5.99999999999996,2,1,65,0.5
152,3850.646638,3849.754638,3850.077638,3850.646638,4473.234138,0,NaN,0,7.00000000000003,1,2,66,0.5
153,4477.866138,4476.781638,4476.992638,4477.863138,4481.780638,0,2.99999999999994,0.0299999999999997,5.99999999999996,2,1,65,0.5
154,4484.731638,4483.177638,4483.270138,4484.630638,4493.031638,1,2.99999999999994,0.0299999999999997,7.00000000000003,1,2,66,0.5
155,4497.086638,4495.837638,4496.275638,4497.086638,4503.900138,0,NaN,0,7.00000000000003,1,2,66,0.5
156,4507.473638,4506.006138,4506.641638,4507.471138,4511.198638,0,2.99999999999994,0.0299999999999997,5.99999999999996,2,1,65,0.5
157,4514.142138,4512.146138,4512.995638,4514.032638,4521.494638,0,2.99999999999994,0.0299999999999997,5.99999999999996,2,1,65,0.5
158,4524.004138,4522.337138,4523.019138,4524.004138,4528.299138,0,NaN,0,7.00000000000003,1,2,66,0.5
159,4532.009638,4530.046138,4530.791638,4532.009638,4535.971138,0,NaN,0,7.00000000000003,1,2,66,0.5
160,4539.246638,4538.080138,4538.569138,4539.246638,4554.492638,0,NaN,0,7.00000000000003,1,2,66,0.5
161,4562.846138,4561.497638,4561.773638,4562.846138,4569.057138,0,NaN,0,7.00000000000003,1,2,66,0.5
162,4571.039138,4569.842638,4570.191138,4571.036638,4575.573638,1,2.99999999999994,0.0299999999999997,7.00000000000003,1,2,66,0.5
163,4579.207638,4576.438638,4576.855138,4579.207638,4582.700638,0,NaN,0,7.00000000000003,1,2,66,0.5
164,4586.816638,4584.911638,4585.463638,4586.816638,4591.151138,0,NaN,0,7.00000000000003,1,2,66,0.5
165,4595.874138,4593.607138,4593.621138,4595.871638,4600.033138,0,2.99999999999994,0.0299999999999997,5.99999999999996,2,1,65,0.5
166,4602.134138,4600.966638,4601.036138,4602.028138,4607.265138,1,2.99999999999994,0.0299999999999997,7.00000000000003,1,2,66,0.5
167,4610.204638,4608.819638,4609.318138,4610.204638,4619.336638,0,NaN,0,7.00000000000003,1,2,66,0.5
168,4623.432138,4621.881638,4622.533138,4623.309638,4629.377644,0,2.99999999999994,0.0299999999999997,5.99999999999996,2,1,65,0.5
169,4632.306638,4631.156638,4631.431638,4632.207638,4640.531138,1,2.99999999999994,0.0299999999999997,7.00000000000003,1,2,66,0.5
170,4642.808638,4641.480138,4641.989638,4642.808638,4651.022138,0,NaN,0,7.00000000000003,1,2,66,0.5
171,4654.926638,4654.178638,4654.199638,4654.926638,4658.438138,1,NaN,0,5.99999999999996,2,1,65,0.5
172,4664.707638,4662.916138,4663.849638,4664.632138,4668.970138,0,2.99999999999994,0.0299999999999997,5.99999999999996,2,1,65,0.5
173,4671.691138,4670.121638,4670.781138,4671.554638,4677.432638,0,2.99999999999994,0.0299999999999997,5.99999999999996,2,1,65,0.5
174,4679.285638,4678.306138,4678.465638,4679.215638,4684.822638,1,2.99999999999994,0.0299999999999997,7.00000000000003,1,2,66,0.5
175,4687.588138,4686.343138,4686.744638,4687.588138,4690.677639,0,NaN,0,7.00000000000003,1,2,66,0.5
176,4695.890638,4693.687639,4694.768638,4695.890638,4699.883138,0,NaN,0,7.00000000000003,1,2,66,0.5
177,4703.252638,4701.918638,4702.531638,4703.252638,4709.505138,0,NaN,0,7.00000000000003,1,2,66,0.5
178,4713.353638,4712.301638,4712.525138,4713.253138,4717.625638,1,2.99999999999994,0.0299999999999997,7.00000000000003,1,2,66,0.5
179,4720.587638,4719.079138,4719.795638,4720.462138,4724.657638,0,2.99999999999994,0.0299999999999997,5.99999999999996,2,1,65,0.5
180,4727.694638,4725.741638,4726.182138,4727.556138,4733.553638,1,2.99999999999994,0.0299999999999997,7.00000000000003,1,2,66,0.5
181,4737.705638,4736.413138,4736.965638,4737.634638,4742.852638,0,2.99999999999994,0.0299999999999997,5.99999999999996,2,1,65,0.5
182,4745.674138,4744.489138,4744.762138,4745.672138,4753.341138,1,2.99999999999994,0.0299999999999997,7.00000000000003,1,2,66,0.5
183,4756.525638,4755.169138,4755.650638,4756.396638,4761.486638,0,2.99999999999994,0.0299999999999997,5.99999999999996,2,1,65,0.5
184,4764.695638,4763.553138,4763.868138,4764.693138,4769.586638,1,2.99999999999994,0.0299999999999997,7.00000000000003,1,2,66,0.5
185,4772.628638,4770.997638,4771.513638,4772.628638,4776.733138,0,NaN,0,7.00000000000003,1,2,66,0.5
186,4779.615138,4778.201638,4778.776138,4779.615138,4893.997638,0,NaN,0,7.00000000000003,1,2,66,0.5
187,4897.336638,4896.161638,4896.307138,4897.230138,4901.524138,1,2.99999999999994,0.0299999999999997,7.00000000000003,1,2,66,0.5
188,4904.338138,4903.263138,4903.579138,4904.338138,4907.605138,0,NaN,0,7.00000000000003,1,2,66,0.5
189,4912.241638,4910.652638,4911.259138,4912.140638,4916.259138,0,2.99999999999994,0.0299999999999997,5.99999999999996,2,1,65,0.5
190,4918.699638,4917.198138,4917.686138,4918.611138,4922.736138,0,2.99999999999994,0.0299999999999997,5.99999999999996,2,1,65,0.5
191,4925.102138,4923.804138,4924.113638,4924.958638,4930.189138,1,2.99999999999994,0.0299999999999997,7.00000000000003,1,2,66,0.5
192,4933.341638,4931.957638,4932.359638,4933.338638,4938.398138,1,2.99999999999994,0.0299999999999997,7.00000000000003,1,2,66,0.5
193,4941.615138,4940.024638,4940.443138,4941.518138,4947.065638,1,2.99999999999994,0.0299999999999997,7.00000000000003,1,2,66,0.5
194,4949.760138,4948.495138,4948.898138,4949.760138,4956.665638,0,NaN,0,7.00000000000003,1,2,66,0.5
195,4960.899138,4959.607638,4960.063139,4960.899138,4968.134638,0,NaN,0,7.00000000000003,1,2,66,0.5
196,4972.104638,4970.322638,4971.040138,4972.102138,4975.693638,1,2.99999999999994,0.0299999999999997,7.00000000000003,1,2,66,0.5
197,4978.073638,4976.867138,4977.256638,4978.073638,5027.130638,0,NaN,0,7.00000000000003,1,2,66,0.5
198,5028.559638,5027.843138,5027.889138,5028.559638,5029.181638,0,NaN,0,7.00000000000003,1,2,66,0.5
199,5051.747638,5050.761138,5050.839138,5051.745138,5056.041138,0,2.99999999999994,0.0299999999999997,5.99999999999996,2,1,65,0.5
200,5058.114138,5056.897138,5056.937138,5058.111638,5062.626638,1,2.99999999999994,0.0299999999999997,7.00000000000003,1,2,66,0.5
201,5065.510138,5064.124638,5064.442138,5065.510138,5069.729138,0,NaN,0,7.00000000000003,1,2,66,0.5
202,5072.854638,5071.513138,5071.943638,5072.770638,5081.075638,1,2.99999999999994,0.0299999999999997,7.00000000000003,1,2,66,0.5
203,5083.653138,5082.559138,5082.994638,5083.653138,5086.491638,0,NaN,0,7.00000000000003,1,2,66,0.5
204,5090.360138,5089.113138,5089.697138,5090.360138,5213.166638,0,NaN,0,7.00000000000003,1,2,66,0.5
205,5218.544138,5217.558638,5217.704638,5218.442638,5223.008138,1,2.99999999999994,0.0299999999999997,7.00000000000003,1,2,66,0.5
206,5225.947138,5224.877138,5225.252638,5225.947138,5232.948638,0,NaN,0,7.00000000000003,1,2,66,0.5
207,5235.977138,5234.452638,5234.875138,5235.856638,5238.660138,1,2.99999999999994,0.0299999999999997,7.00000000000003,1,2,66,0.5
208,5241.027138,5239.676638,5240.133138,5241.027138,5247.596638,0,NaN,0,7.00000000000003,1,2,66,0.5
209,5255.182138,5253.834138,5254.398138,5255.179638,5259.733138,0,2.99999999999994,0.0299999999999997,5.99999999999996,2,1,65,0.5
210,5262.275138,5261.279638,5261.394638,5262.272638,5269.034638,1,2.99999999999994,0.0299999999999997,7.00000000000003,1,2,66,0.5
211,5272.787138,5271.197638,5271.652138,5272.692138,5279.995138,1,2.99999999999994,0.0299999999999997,7.00000000000003,1,2,66,0.5
212,5282.252138,5281.275638,5281.623638,5282.252138,5285.852638,0,NaN,0,7.00000000000003,1,2,66,0.5
213,5289.477138,5288.033639,5288.682638,5289.408138,5294.942638,0,2.99999999999994,0.0299999999999997,5.99999999999996,2,1,65,0.5
214,5297.221138,5296.152138,5296.451138,5297.218638,5301.315138,1,2.99999999999994,0.0299999999999997,7.00000000000003,1,2,66,0.5
215,5304.656638,5302.990638,5303.844638,5304.656638,5310.859638,0,NaN,0,7.00000000000003,1,2,66,0.5
216,5313.229638,5311.755138,5312.507638,5313.142138,5317.546138,0,2.99999999999994,0.0299999999999997,5.99999999999996,2,1,65,0.5
217,5320.320638,5319.228138,5319.594638,5320.320638,5322.660138,1,NaN,0,5.99999999999996,2,1,65,0.5
218,5327.943138,5326.355638,5326.934138,5327.801638,5336.542638,1,2.99999999999994,0.0299999999999997,7.00000000000003,1,2,66,0.5
219,5338.645138,5337.323138,5337.879138,5338.519638,5343.176638,0,2.99999999999994,0.0299999999999997,5.99999999999996,2,1,65,0.5
220,5345.591638,5344.404638,5344.688638,5345.443638,5351.431138,1,2.99999999999994,0.0299999999999997,7.00000000000003,1,2,66,0.5
221,5354.028138,5352.765138,5353.264138,5354.028138,5359.867638,0,NaN,0,7.00000000000003,1,2,66,0.5
222,5362.688638,5360.978638,5361.711138,5362.688638,5365.574138,0,NaN,0,7.00000000000003,1,2,66,0.5
223,5373.910138,5372.624638,5372.968138,5373.820638,5385.137138,1,2.99999999999994,0.0299999999999997,7.00000000000003,1,2,66,0.5
224,5387.659638,5386.372638,5386.901638,5387.554638,5392.221638,0,2.99999999999994,0.0299999999999997,5.99999999999996,2,1,65,0.5
225,5394.952638,5393.618638,5393.849138,5394.809638,5399.652638,0,2.99999999999994,0.0299999999999997,5.99999999999996,2,1,65,0.5
226,5401.642638,5400.693638,5400.833138,5401.640138,5406.609639,1,2.99999999999994,0.0299999999999997,7.00000000000003,1,2,66,0.5
227,5409.649638,5408.732138,5408.853638,5409.515138,5413.642138,0,2.99999999999994,0.0299999999999997,5.99999999999996,2,1,65,0.5
228,5415.476138,5414.556138,5414.808138,5415.476138,5416.348638,1,NaN,0,5.99999999999996,2,1,65,0.5
229,5431.013138,5429.688138,5430.271138,5430.931138,5437.950638,0,2.99999999999994,0.0299999999999997,5.99999999999996,2,1,65,0.5
230,5439.957638,5438.900138,5438.970138,5439.880138,5444.063138,1,2.99999999999994,0.0299999999999997,7.00000000000003,1,2,66,0.5
231,5446.624639,5445.840638,5445.884638,5446.553138,5452.276638,0,2.99999999999994,0.0299999999999997,5.99999999999996,2,1,65,0.5
232,5454.345638,5453.295138,5453.332138,5454.221638,5458.378638,1,2.99999999999994,0.0299999999999997,7.00000000000003,1,2,66,0.5
233,5460.749638,5459.564638,5460.022138,5460.692638,5469.537638,0,2.99999999999994,0.0299999999999997,5.99999999999996,2,1,65,0.5
234,5471.885138,5470.604638,5471.079638,5471.771138,5479.190138,0,2.99999999999994,0.0299999999999997,5.99999999999996,2,1,65,0.5
235,5482.308638,5480.620138,5481.109138,5482.306638,5496.127638,1,2.99999999999994,0.0299999999999997,7.00000000000003,1,2,66,0.5
236,5498.559138,5497.459638,5497.781138,5498.559138,5502.573638,0,NaN,0,7.00000000000003,1,2,66,0.5
237,5507.081138,5505.982138,5506.382638,5507.081138,5509.659638,0,NaN,0,7.00000000000003,1,2,66,0.5
238,5515.382638,5513.896638,5514.488638,5515.333638,5523.402638,1,2.99999999999994,0.0299999999999997,7.00000000000003,1,2,66,0.5
239,5525.763138,5524.511638,5524.989638,5525.614638,5532.088639,0,2.99999999999994,0.0299999999999997,5.99999999999996,2,1,65,0.5
240,5535.333138,5534.460138,5534.533638,5535.333138,5542.100638,0,NaN,0,7.00000000000003,1,2,66,0.5
241,5544.405638,5543.326138,5543.770138,5544.405638,5835.489138,0,NaN,0,7.00000000000003,1,2,66,0.5
242,5843.576138,5842.540638,5842.986638,5843.576138,5844.410138,0,NaN,0,7.00000000000003,1,2,66,0.5
243,5864.663138,5863.167138,5863.753138,5864.610138,5868.104638,0,2.99999999999994,0.0299999999999997,5.99999999999996,2,1,65,0.5
244,5870.298138,5869.252638,5869.327138,5870.201138,5873.887138,1,2.99999999999994,0.0299999999999997,7.00000000000003,1,2,66,0.5
245,5879.321138,5877.826638,5878.116138,5879.218138,5884.428138,1,2.99999999999994,0.0299999999999997,7.00000000000003,1,2,66,0.5
246,5887.076138,5885.674138,5886.023638,5887.011138,5888.790138,1,2.99999999999994,0.0299999999999997,7.00000000000003,1,2,66,0.5
247,5890.742138,5889.693138,5890.075138,5890.742138,5915.641138,0,NaN,0,7.00000000000003,1,2,66,0.5
248,5920.038138,5919.041138,5919.167138,5920.038138,5925.051138,1,NaN,0,5.99999999999996,2,1,65,0.5
249,5926.775138,5925.742138,5925.853638,5926.773138,5929.045638,1,2.99999999999994,0.0299999999999997,7.00000000000003,1,2,66,0.5
250,5932.607638,5931.332138,5931.697638,5932.523638,5936.298138,1,2.99999999999994,0.0299999999999997,7.00000000000003,1,2,66,0.5
251,5940.735138,5939.302638,5939.851138,5940.732638,5944.761638,0,2.99999999999994,0.0299999999999997,5.99999999999996,2,1,65,0.5
252,5946.801638,5945.937638,5945.969138,5946.801638,5957.888138,1,NaN,0,5.99999999999996,2,1,65,0.5
253,5960.171638,5958.669638,5959.243638,5960.024138,5963.814638,0,2.99999999999994,0.0299999999999997,5.99999999999996,2,1,65,0.5
254,5966.083638,5964.710138,5965.070638,5966.081138,5972.029138,1,2.99999999999994,0.0299999999999997,7.00000000000003,1,2,66,0.5
255,5974.543638,5973.275138,5973.761638,5974.541638,5981.841638,0,2.99999999999994,0.0299999999999997,5.99999999999996,2,1,65,0.5
256,5984.027138,5982.719138,5983.218638,5983.901138,5988.334138,0,2.99999999999994,0.0299999999999997,5.99999999999996,2,1,65,0.5
257,5990.438638,5989.370638,5989.440638,5990.438638,5994.609638,1,NaN,0,5.99999999999996,2,1,65,0.5
258,5998.567638,5997.713638,5997.801638,5998.567638,6003.681638,1,NaN,0,5.99999999999996,2,1,65,0.5
259,6007.695638,6005.282138,6005.890638,6007.577138,6011.035638,0,2.99999999999994,0.0299999999999997,5.99999999999996,2,1,65,0.5
260,6013.323138,6011.844638,6012.442638,6013.261638,6017.339638,0,2.99999999999994,0.0299999999999997,5.99999999999996,2,1,65,0.5
261,6020.469138,6019.177138,6019.544138,6020.466638,6025.875638,1,2.99999999999994,0.0299999999999997,7.00000000000003,1,2,66,0.5
262,6028.613138,6027.323638,6027.843138,6028.468638,6032.495638,0,2.99999999999994,0.0299999999999997,5.99999999999996,2,1,65,0.5
263,6034.721638,6033.362138,6033.857638,6034.649638,6039.435138,0,2.99999999999994,0.0299999999999997,5.99999999999996,2,1,65,0.5
264,6041.794138,6040.789138,6041.063638,6041.729638,6046.041638,1,2.99999999999994,0.0299999999999997,7.00000000000003,1,2,66,0.5
265,6048.342138,6047.085138,6047.613138,6048.342138,6056.466638,0,NaN,0,7.00000000000003,1,2,66,0.5
266,6058.778138,6057.296638,6057.985638,6058.778138,6065.098138,0,NaN,0,7.00000000000003,1,2,66,0.5
267,6068.313138,6066.525638,6067.294138,6068.241638,6072.368638,0,2.99999999999994,0.0299999999999997,5.99999999999996,2,1,65,0.5
268,6075.446138,6074.385638,6074.575638,6075.389638,6079.998138,1,2.99999999999994,0.0299999999999997,7.00000000000003,1,2,66,0.5
269,6082.283138,6081.076138,6081.456138,6082.283138,6087.872638,0,NaN,0,7.00000000000003,1,2,66,0.5
270,6091.303138,6089.991638,6090.545138,6091.303138,6108.724138,0,NaN,0,7.00000000000003,1,2,66,0.5
271,6110.541638,6109.612138,6109.804638,6110.541638,6120.618138,0,NaN,0,7.00000000000003,1,2,66,0.5
272,6122.733638,6121.584638,6122.081138,6122.733638,6129.750138,0,NaN,0,7.00000000000003,1,2,66,0.5
273,6132.509638,6131.434138,6131.684638,6132.509638,6148.768138,0,NaN,0,7.00000000000003,1,2,66,0.5
274,6151.483638,6150.441638,6150.878638,6151.483638,6154.175138,0,NaN,0,7.00000000000003,1,2,66,0.5
275,6170.859638,6169.799638,6170.152138,6170.859638,6177.232138,0,NaN,0,7.00000000000003,1,2,66,0.5
276,6179.381638,6178.126638,6178.550138,6179.244638,6185.011138,1,2.99999999999994,0.0299999999999997,7.00000000000003,1,2,66,0.5
277,6188.030138,6186.833638,6187.378138,6187.971638,6192.165638,0,2.99999999999994,0.0299999999999997,5.99999999999996,2,1,65,0.5
278,6194.525138,6193.218138,6193.537638,6194.399138,6201.400138,1,2.99999999999994,0.0299999999999997,7.00000000000003,1,2,66,0.5
279,6203.924638,6202.617638,6203.158638,6203.835638,6206.996138,0,2.99999999999994,0.0299999999999997,5.99999999999996,2,1,65,0.5
280,6208.893138,6207.798138,6207.978638,6208.774138,6214.129138,1,2.99999999999994,0.0299999999999997,7.00000000000003,1,2,66,0.5
281,6216.605138,6215.468138,6215.892138,6216.486638,6220.830138,0,2.99999999999994,0.0299999999999997,5.99999999999996,2,1,65,0.5
282,6222.816638,6221.737138,6222.056638,6222.804638,6228.462138,1,2.99999999999994,0.0299999999999997,7.00000000000003,1,2,66,0.5
283,6231.604638,6230.623638,6230.678638,6231.481638,6238.705638,1,2.99999999999994,0.0299999999999997,7.00000000000003,1,2,66,0.5
284,6240.898138,6239.715638,6240.118638,6240.771138,6245.490638,0,2.99999999999994,0.0299999999999997,5.99999999999996,2,1,65,0.5
285,6248.446138,6247.497138,6247.599638,6248.446138,6262.712638,1,NaN,0,5.99999999999996,2,1,65,0.5
286,6265.408138,6264.073638,6264.468638,6265.309638,6272.515638,1,2.99999999999994,0.0299999999999997,7.00000000000003,1,2,66,0.5
287,6275.311638,6274.116138,6274.546638,6275.207138,6278.884638,0,2.99999999999994,0.0299999999999997,5.99999999999996,2,1,65,0.5
288,6280.825138,6279.836638,6279.880638,6280.825138,6286.658139,1,NaN,0,5.99999999999996,2,1,65,0.5
289,6325.143638,6324.208138,6324.412138,6325.143638,6331.069138,0,NaN,0,7.00000000000003,1,2,66,0.5
290,6335.314638,6333.942638,6334.329138,6335.312638,6339.583638,1,2.99999999999994,0.0299999999999997,7.00000000000003,1,2,66,0.5
291,6341.956638,6340.815638,6341.209138,6341.956638,6346.869638,0,NaN,0,7.00000000000003,1,2,66,0.5
292,6349.127138,6347.838638,6348.398638,6349.029138,6352.610138,0,2.99999999999994,0.0299999999999997,5.99999999999996,2,1,65,0.5
293,6354.698138,6353.607638,6353.978638,6354.698138,6356.962638,1,NaN,0,5.99999999999996,2,1,65,0.5
294,6363.104138,6361.292638,6361.818138,6362.957638,6368.581638,1,2.99999999999994,0.0299999999999997,7.00000000000003,1,2,66,0.5
295,6371.485638,6370.202638,6370.738138,6371.361638,6375.984638,0,2.99999999999994,0.0299999999999997,5.99999999999996,2,1,65,0.5
296,6378.067138,6377.125638,6377.357638,6378.063638,6381.534138,1,2.99999999999994,0.0299999999999997,7.00000000000003,1,2,66,0.5
297,6383.803638,6382.626138,6383.059638,6383.697638,6388.180638,0,2.99999999999994,0.0299999999999997,5.99999999999996,2,1,65,0.5
298,6390.331138,6388.948638,6389.370138,6390.267138,6393.846138,0,2.99999999999994,0.0299999999999997,5.99999999999996,2,1,65,0.5
299,6396.107638,6394.909138,6395.050638,6396.105138,6400.469138,1,2.99999999999994,0.0299999999999997,7.00000000000003,1,2,66,0.5
300,6403.202138,6402.032138,6402.419638,6403.051138,6407.159138,0,2.99999999999994,0.0299999999999997,5.99999999999996,2,1,65,0.5
301,6409.367138,6408.389138,6408.578638,6409.367138,6414.603638,0,NaN,0,7.00000000000003,1,2,66,0.5
302,6417.606138,6415.979138,6416.587138,6417.468138,6422.399638,1,2.99999999999994,0.0299999999999997,7.00000000000003,1,2,66,0.5
303,6424.854638,6423.711138,6424.004138,6424.776138,6429.100638,1,2.99999999999994,0.0299999999999997,7.00000000000003,1,2,66,0.5
304,6431.765138,6430.255138,6430.917138,6431.632638,6437.022638,0,2.99999999999994,0.0299999999999997,5.99999999999996,2,1,65,0.5
305,6439.037638,6438.187638,6438.304638,6439.035138,6444.408138,1,2.99999999999994,0.0299999999999997,7.00000000000003,1,2,66,0.5
306,6461.935138,6460.700138,6461.149138,6461.832138,6469.478638,0,2.99999999999994,0.0299999999999997,5.99999999999996,2,1,65,0.5
307,6471.537638,6470.639638,6470.822638,6471.537638,6476.126638,1,NaN,0,5.99999999999996,2,1,65,0.5
308,6478.271638,6476.915638,6477.511138,6478.177138,6482.418138,0,2.99999999999994,0.0299999999999997,5.99999999999996,2,1,65,0.5
309,6484.297638,6483.184638,6483.550638,6484.194138,6492.364638,1,2.99999999999994,0.0299999999999997,7.00000000000003,1,2,66,0.5
310,6494.659138,6493.702138,6494.065638,6494.605138,6505.038638,0,2.99999999999994,0.0299999999999997,5.99999999999996,2,1,65,0.5
311,6506.664138,6505.731138,6505.785138,6506.602138,6509.570138,1,2.99999999999994,0.0299999999999997,7.00000000000003,1,2,66,0.5
312,6511.594138,6510.498138,6510.916138,6511.494138,6516.217638,0,2.99999999999994,0.0299999999999997,5.99999999999996,2,1,65,0.5
313,6518.456138,6517.138138,6517.555638,6518.366638,6524.264138,0,2.99999999999994,0.0299999999999997,5.99999999999996,2,1,65,0.5
314,6526.092138,6525.084138,6525.193138,6526.031638,6531.401138,0,2.99999999999994,0.0299999999999997,5.99999999999996,2,1,65,0.5
315,6533.352638,6532.274638,6532.409138,6533.349638,6539.370638,1,2.99999999999994,0.0299999999999997,7.00000000000003,1,2,66,0.5
316,6541.589638,6540.489138,6540.819138,6541.457638,6546.547638,0,2.99999999999994,0.0299999999999997,5.99999999999996,2,1,65,0.5
317,6548.715138,6547.543638,6547.950138,6548.646638,6553.323138,0,2.99999999999994,0.0299999999999997,5.99999999999996,2,1,65,0.5
318,6555.451638,6554.475138,6554.645638,6555.448638,6560.361138,1,2.99999999999994,0.0299999999999997,7.00000000000003,1,2,66,0.5
319,6562.520138,6561.474138,6561.778138,6562.520138,6570.873139,0,NaN,0,7.00000000000003,1,2,66,0.5
320,6573.234138,6571.967638,6572.511138,6573.121638,6576.941638,0,2.99999999999994,0.0299999999999997,5.99999999999996,2,1,65,0.5
321,6579.232638,6577.982138,6578.483638,6579.232638,6607.918138,1,NaN,0,5.99999999999996,2,1,65,0.5
322,6609.524138,6608.498638,6608.970638,6609.524138,6609.719138,0,NaN,0,7.00000000000003,1,2,66,0.5
323,6831.565638,6818.943638,6819.149638,NaN,6846.909638,NaN,NaN,0,7.00000000000003,1,2,66,0.5
324,6855.133138,6853.729638,6853.984138,6855.131138,6858.764138,1,2.99999999999994,0.0299999999999997,7.00000000000003,1,2,66,0.5
325,6861.574638,6860.082138,6860.674638,6861.572138,6865.046638,0,2.99999999999994,0.0299999999999997,5.99999999999996,2,1,65,0.5
326,6867.572138,6866.469138,6866.787638,6867.477638,6871.548138,0,2.99999999999994,0.0299999999999997,5.99999999999996,2,1,65,0.5
327,6873.511138,6872.519638,6872.744638,6873.383138,6884.234638,0,2.99999999999994,0.0299999999999997,5.99999999999996,2,1,65,0.5
328,6885.937138,6885.004638,6885.168138,6885.881138,6892.091638,1,2.99999999999994,0.0299999999999997,7.00000000000003,1,2,66,0.5
329,6895.440138,6893.845138,6894.260138,6895.321138,6897.834638,1,2.99999999999994,0.0299999999999997,7.00000000000003,1,2,66,0.5
330,6900.198638,6898.864138,6899.305138,6900.049638,6904.630138,0,2.99999999999994,0.0299999999999997,5.99999999999996,2,1,65,0.5
331,6906.519138,6905.503138,6905.642138,6906.370138,6910.316138,1,2.99999999999994,0.0299999999999997,7.00000000000003,1,2,66,0.5
332,6913.442638,6912.196138,6912.633638,6913.314638,6918.205138,0,2.99999999999994,0.0299999999999997,5.99999999999996,2,1,65,0.5
333,6919.880138,6919.134138,6919.163638,6919.880138,6924.193638,1,NaN,0,5.99999999999996,2,1,65,0.5
334,6927.076638,6925.521138,6926.036138,6927.074638,6930.821638,1,2.99999999999994,0.0299999999999997,7.00000000000003,1,2,66,0.5
335,6933.041638,6931.91264,6932.234138,6932.958638,6937.345638,1,2.99999999999994,0.0299999999999997,7.00000000000003,1,2,66,0.5
336,6939.804138,6938.345638,6938.879638,6939.804138,6945.020638,1,NaN,0,5.99999999999996,2,1,65,0.5
337,6946.933638,6945.774138,6946.203638,6946.909638,6950.802138,0,2.99999999999994,0.0299999999999997,5.99999999999996,2,1,65,0.5
338,6952.705638,6951.779638,6952.095638,6952.705638,6955.771138,0,NaN,0,7.00000000000003,1,2,66,0.5
339,6961.633138,6958.77114,6959.303138,6961.512138,6973.003138,1,2.99999999999994,0.0299999999999997,7.00000000000003,1,2,66,0.5
340,7329.371638,7327.951638,7328.294638,7329.239138,7338.619638,0,2.99999999999994,0.0299999999999997,5.99999999999996,2,1,65,0.5
341,7341.368638,7340.065138,7340.507138,7341.365638,7344.90314,0,2.99999999999994,0.0299999999999997,5.99999999999996,2,1,65,0.5
342,7347.194138,7345.862138,7346.120638,7347.192138,7351.178638,1,2.99999999999994,0.0299999999999997,7.00000000000003,1,2,66,0.5
343,7353.629138,7352.510638,7352.891138,7353.555138,7357.893138,0,2.99999999999994,0.0299999999999997,5.99999999999996,2,1,65,0.5
344,7360.398138,7359.145638,7359.329638,7360.256138,7366.122138,1,2.99999999999994,0.0299999999999997,7.00000000000003,1,2,66,0.5
345,7368.336638,7367.073638,7367.500138,7368.222138,7371.857138,0,2.99999999999994,0.0299999999999997,5.99999999999996,2,1,65,0.5
346,7374.103638,7372.871138,7373.280138,7374.025638,7377.364138,0,2.99999999999994,0.0299999999999997,5.99999999999996,2,1,65,0.5
347,7379.436638,7378.261138,7378.510638,7379.434138,7390.584138,1,2.99999999999994,0.0299999999999997,7.00000000000003,1,2,66,0.5
348,7392.695138,7391.429138,7391.826638,7392.631138,7397.107638,1,2.99999999999994,0.0299999999999997,7.00000000000003,1,2,66,0.5
349,7399.170638,7398.116138,7398.416638,7399.168138,7402.608638,1,2.99999999999994,0.0299999999999997,7.00000000000003,1,2,66,0.5
350,7405.044638,7403.836138,7404.231138,7404.938638,7408.023138,0,2.99999999999994,0.0299999999999997,5.99999999999996,2,1,65,0.5
351,7409.843138,7408.736138,7409.046138,7409.728638,7412.907638,0,2.99999999999994,0.0299999999999997,5.99999999999996,2,1,65,0.5
352,7414.838638,7413.838138,7414.069138,7414.700638,7418.592138,0,2.99999999999994,0.0299999999999997,5.99999999999996,2,1,65,0.5
353,7420.503638,7419.460638,7419.580638,7420.418638,7424.553138,1,2.99999999999994,0.0299999999999997,7.00000000000003,1,2,66,0.5
354,7426.681638,7425.516138,7425.870638,7426.540138,7433.848638,0,2.99999999999994,0.0299999999999997,5.99999999999996,2,1,65,0.5
355,7436.273638,7435.190638,7435.472138,7436.271138,7439.423638,1,2.99999999999994,0.0299999999999997,7.00000000000003,1,2,66,0.5
356,7442.102638,7440.947138,7441.302638,7441.968138,7447.279138,1,2.99999999999994,0.0299999999999997,7.00000000000003,1,2,66,0.5
357,7449.355638,7448.217138,7448.474138,7449.234638,7454.194138,1,2.99999999999994,0.0299999999999997,7.00000000000003,1,2,66,0.5
358,7456.159638,7455.029638,7455.473138,7456.090138,7458.812138,0,2.99999999999994,0.0299999999999997,5.99999999999996,2,1,65,0.5
359,7460.946638,7460.121138,7460.198638,7460.856638,7464.055138,1,2.99999999999994,0.0299999999999997,7.00000000000003,1,2,66,0.5
360,7469.402138,7468.091138,7468.463638,7469.399138,7473.983638,1,2.99999999999994,0.0299999999999997,7.00000000000003,1,2,66,0.5
361,7475.970138,7474.951138,7475.236138,7475.917138,7478.973638,1,2.99999999999994,0.0299999999999997,7.00000000000003,1,2,66,0.5
362,7481.093138,7479.901138,7480.355638,7480.949138,7484.844638,0,2.99999999999994,0.0299999999999997,5.99999999999996,2,1,65,0.5
363,7486.568138,7485.544638,7485.825138,7486.565638,7490.180638,1,2.99999999999994,0.0299999999999997,7.00000000000003,1,2,66,0.5
364,7492.554138,7491.192638,7491.534138,7492.554138,7498.110638,1,NaN,0,5.99999999999996,2,1,65,0.5
365,7500.205138,7499.158138,7499.524138,7500.140638,7504.712138,0,2.99999999999994,0.0299999999999997,5.99999999999996,2,1,65,0.5
366,7506.589138,7505.523138,7505.757138,7506.455638,7511.265638,0,2.99999999999994,0.0299999999999997,5.99999999999996,2,1,65,0.5
367,7513.077138,7512.097138,7512.229638,7513.077138,7518.379138,1,NaN,0,5.99999999999996,2,1,65,0.5
368,7521.307638,7519.385138,7519.871138,7521.217638,7525.645638,1,2.99999999999994,0.0299999999999997,7.00000000000003,1,2,66,0.5
369,7527.935138,7526.721638,7527.014638,7527.811638,7531.921638,1,2.99999999999994,0.0299999999999997,7.00000000000003,1,2,66,0.5
370,7534.385138,7533.395138,7533.586638,7534.264138,7538.427138,0,2.99999999999994,0.0299999999999997,5.99999999999996,2,1,65,0.5
371,7540.106138,7539.183138,7539.272638,7540.106138,7543.559138,0,NaN,0,7.00000000000003,1,2,66,0.5
372,7552.560138,7551.279638,7551.350138,7552.560138,7556.779638,0,NaN,0,7.00000000000003,1,2,66,0.5
373,7559.890638,7558.445638,7558.802138,7559.887638,7565.602638,1,2.99999999999994,0.0299999999999997,7.00000000000003,1,2,66,0.5
374,7569.195638,7567.805638,7568.294638,7569.067138,7574.028638,1,2.99999999999994,0.0299999999999997,7.00000000000003,1,2,66,0.5
375,7576.424638,7575.019138,7575.287138,7576.422638,7580.576638,1,2.99999999999994,0.0299999999999997,7.00000000000003,1,2,66,0.5
376,7591.853638,7590.748638,7591.068638,7591.775638,7601.109638,0,2.99999999999994,0.0299999999999997,5.99999999999996,2,1,65,0.5
377,7603.185638,7601.932138,7602.374138,7603.091638,7607.808638,0,2.99999999999994,0.0299999999999997,5.99999999999996,2,1,65,0.5
378,7609.854638,7608.716138,7608.900638,7609.852138,7615.694138,1,2.99999999999994,0.0299999999999997,7.00000000000003,1,2,66,0.5
379,7617.615638,7616.494138,7616.782638,7617.543138,7621.707138,1,2.99999999999994,0.0299999999999997,7.00000000000003,1,2,66,0.5
380,7623.714639,7622.606138,7622.847638,7623.591638,7627.536139,1,2.99999999999994,0.0299999999999997,7.00000000000003,1,2,66,0.5
381,7632.463138,7631.394638,7631.685638,7632.463138,7638.384638,1,NaN,0,5.99999999999996,2,1,65,0.5
382,7641.223138,7639.864138,7640.372638,7641.095138,7644.411638,0,2.99999999999994,0.0299999999999997,5.99999999999996,2,1,65,0.5
383,7646.124138,7645.252638,7645.327638,7646.124138,7646.804638,1,NaN,0,5.99999999999996,2,1,65,0.5
384,7718.084138,7716.668138,7717.268638,7718.004638,7723.661638,0,2.99999999999994,0.0299999999999997,5.99999999999996,2,1,65,0.5
385,7725.962138,7724.915138,7725.080138,7725.850138,7729.089138,0,2.99999999999994,0.0299999999999997,5.99999999999996,2,1,65,0.5
386,7731.197138,7730.158638,7730.330138,7731.147638,7733.992138,0,2.99999999999994,0.0299999999999997,5.99999999999996,2,1,65,0.5
387,7735.799138,7734.808138,7735.079638,7735.799138,7740.063138,0,NaN,0,7.00000000000003,1,2,66,0.5
388,7746.090638,7744.519138,7744.882138,7745.974638,7749.641138,1,2.99999999999994,0.0299999999999997,7.00000000000003,1,2,66,0.5
389,7751.877138,7750.753638,7751.028138,7751.807138,7755.535138,1,2.99999999999994,0.0299999999999997,7.00000000000003,1,2,66,0.5
390,7759.055638,7757.856138,7758.243138,7759.055638,7759.957138,1,NaN,0,5.99999999999996,2,1,65,0.5
391,7790.800138,7789.721638,7790.023638,7790.800138,7793.771638,0,NaN,0,7.00000000000003,1,2,66,0.5
392,7817.275638,7816.145138,7816.512638,7817.190638,7820.872638,1,2.99999999999994,0.0299999999999997,7.00000000000003,1,2,66,0.5
393,7822.852138,7821.782138,7822.098638,7822.852138,7830.775138,0,NaN,0,7.00000000000003,1,2,66,0.5
394,7832.537138,7831.537638,7831.977638,7832.537138,7835.707138,0,NaN,0,7.00000000000003,1,2,66,0.5
395,7853.500138,7840.879138,7841.174638,NaN,10977.462139,NaN,NaN,0,7.00000000000003,1,2,66,0.5
396,10981.414638,10980.222638,10980.395138,10981.414638,11273.741138,0,NaN,0,7.00000000000003,1,2,66,0.5
397,12587.181138,12585.942638,12586.344138,12587.096638,12588.670138,1,2.99999999999994,0.0299999999999997,7.00000000000003,1,2,66,0.5
398,12600.536138,12598.623138,12599.028138,12600.536138,12792.395638,0,NaN,0,7.00000000000003,1,2,66,0.5
399,13278.296638,13276.178138,13276.967138,13278.225138,13289.742638,1,2.99999999999994,0.0299999999999997,7.00000000000003,1,2,66,0.5
400,13293.823138,13292.542638,13292.880638,13293.696638,13299.777138,1,2.99999999999994,0.0299999999999997,7.00000000000003,1,2,66,0.5
401,13303.004638,13301.358638,13301.972638,13303.002138,13306.130638,0,2.99999999999994,0.0299999999999997,5.99999999999996,2,1,65,0.5
402,13308.590638,13307.624138,13307.668138,13308.586638,13312.000638,0,2.99999999999994,0.0299999999999997,5.99999999999996,2,1,65,0.5
403,13314.566638,13313.292638,13313.550638,13314.419138,13317.209638,0,2.99999999999994,0.0299999999999997,5.99999999999996,2,1,65,0.5
404,13319.507138,13318.285138,13318.598138,13319.504138,13322.307638,1,2.99999999999994,0.0299999999999997,7.00000000000003,1,2,66,0.5
405,13326.288138,13324.603638,13325.068638,13326.285638,13328.888138,0,2.99999999999994,0.0299999999999997,5.99999999999996,2,1,65,0.5
406,13330.810138,13329.936138,13330.141138,13330.810138,13334.704638,0,NaN,0,7.00000000000003,1,2,66,0.5
407,13468.417638,13467.190138,13467.565638,13468.417638,14119.488138,0,NaN,0,7.00000000000003,1,2,66,0.5
408,14122.120138,14121.117138,14121.291638,14122.117638,14130.554638,1,2.99999999999994,0.0299999999999997,7.00000000000003,1,2,66,0.5
409,14141.997138,14140.644138,14141.065638,14141.997138,14148.638638,1,NaN,0,5.99999999999996,2,1,65,0.5
410,14165.268138,14152.647638,14152.805138,NaN,14172.991138,NaN,NaN,0,7.00000000000003,1,2,66,0.5
411,14179.187638,14178.227638,14178.249638,14179.185138,14188.468638,0,2.99999999999994,0.0299999999999997,5.99999999999996,2,1,65,0.5
412,14190.298138,14189.061138,14189.563638,14190.204138,14193.990638,0,2.99999999999994,0.0299999999999997,5.99999999999996,2,1,65,0.5
413,14196.068138,14195.087638,14195.435638,14196.068138,14199.697638,0,NaN,0,7.00000000000003,1,2,66,0.5
414,14203.362638,14202.494138,14202.585638,14203.280638,14238.567138,0,2.99999999999994,0.0299999999999997,5.99999999999996,2,1,65,0.5
415,14240.157138,14239.142638,14239.553138,14240.157138,14262.305138,0,NaN,0,7.00000000000003,1,2,66,0.5
416,14265.832638,14263.996638,14264.281138,14265.832638,14294.896138,0,NaN,0,7.00000000000003,1,2,66,0.5
417,14301.744138,14300.816638,14301.055138,14301.644638,14303.675638,1,2.99999999999994,0.0299999999999997,7.00000000000003,1,2,66,0.5
418,14306.495638,14305.333138,14305.678138,14306.493138,14311.116638,1,2.99999999999994,0.0299999999999997,7.00000000000003,1,2,66,0.5
419,14318.555638,14317.445638,14317.916638,14318.494138,14326.380638,0,2.99999999999994,0.0299999999999997,5.99999999999996,2,1,65,0.5
420,14328.581138,14327.611139,14327.736638,14328.472638,14333.786138,1,2.99999999999994,0.0299999999999997,7.00000000000003,1,2,66,0.5
421,14335.947138,14334.878138,14335.219138,14335.944138,14340.495638,0,2.99999999999994,0.0299999999999997,5.99999999999996,2,1,65,0.5
422,14342.476638,14341.625138,14341.845638,14342.476638,14383.057638,1,NaN,0,5.99999999999996,2,1,65,0.5
423,14403.827138,14402.472638,14403.038138,14403.807638,14407.116138,0,2.99999999999994,0.0299999999999997,5.99999999999996,2,1,65,0.5
424,14408.852638,14407.924638,14408.094638,14408.789138,14413.588138,1,2.99999999999994,0.0299999999999997,7.00000000000003,1,2,66,0.5
425,14415.848138,14414.745638,14415.091638,14415.762138,14419.514138,0,2.99999999999994,0.0299999999999997,5.99999999999996,2,1,65,0.5
426,14421.723638,14420.889638,14420.926638,14421.644638,14425.542138,0,2.99999999999994,0.0299999999999997,5.99999999999996,2,1,65,0.5
427,14427.672638,14426.595138,14426.962638,14427.568638,14432.170138,0,2.99999999999994,0.0299999999999997,5.99999999999996,2,1,65,0.5
428,14436.767138,14435.712638,14436.014138,14436.765138,14439.846138,1,2.99999999999994,0.0299999999999997,7.00000000000003,1,2,66,0.5
429,14442.421138,14441.429638,14441.789638,14442.342138,14446.126138,0,2.99999999999994,0.0299999999999997,5.99999999999996,2,1,65,0.5
430,14448.037138,14447.025638,14447.328138,14447.902638,14451.342138,0,2.99999999999994,0.0299999999999997,5.99999999999996,2,1,65,0.5
431,14453.689638,14452.549638,14452.874638,14453.686638,14456.411138,1,2.99999999999994,0.0299999999999997,7.00000000000003,1,2,66,0.5
432,14460.171638,14459.143638,14459.409638,14460.073138,14463.961138,1,2.99999999999994,0.0299999999999997,7.00000000000003,1,2,66,0.5
433,14466.393138,14465.420138,14465.704138,14466.393138,14471.079638,1,NaN,0,5.99999999999996,2,1,65,0.5
434,14473.331138,14472.210138,14472.489138,14473.227138,14480.400138,0,2.99999999999994,0.0299999999999997,5.99999999999996,2,1,65,0.5
435,14482.761638,14481.250138,14481.733138,14482.624638,14486.894138,0,2.99999999999994,0.0299999999999997,5.99999999999996,2,1,65,0.5
436,14489.124138,14488.113638,14488.196638,14489.039138,14493.988138,0,2.99999999999994,0.0299999999999997,5.99999999999996,2,1,65,0.5
437,14495.821638,14495.102638,14495.137138,14495.821638,14501.329638,0,NaN,0,7.00000000000003,1,2,66,0.5
438,14512.167643,14511.344138,14511.476638,14512.167643,14516.016638,0,NaN,0,7.00000000000003,1,2,66,0.5
439,14520.432638,14518.876638,14519.430138,14520.321638,14524.189638,1,2.99999999999994,0.0299999999999997,7.00000000000003,1,2,66,0.5
440,14526.456138,14525.596138,14525.756638,14526.402139,14531.755638,1,2.99999999999994,0.0299999999999997,7.00000000000003,1,2,66,0.5
441,14534.603138,14533.723638,14534.096138,14534.603138,14543.96114,1,NaN,0,5.99999999999996,2,1,65,0.5
442,14545.759638,14544.643638,14545.048638,14545.757638,14552.754638,0,2.99999999999994,0.0299999999999997,5.99999999999996,2,1,65,0.5
443,14554.457638,14553.516638,14553.727638,14554.369638,14558.932638,0,2.99999999999994,0.0299999999999997,5.99999999999996,2,1,65,0.5
444,14560.424638,14559.706638,14559.933138,14560.424638,14569.051138,0,NaN,0,7.00000000000003,1,2,66,0.5
445,14571.171638,14569.906638,14570.480638,14571.169638,14576.091638,0,2.99999999999994,0.0299999999999997,5.99999999999996,2,1,65,0.5
446,14578.029138,14576.920638,14577.231138,14577.932139,14582.512138,1,2.99999999999994,0.0299999999999997,7.00000000000003,1,2,66,0.5
447,14585.129138,14584.060138,14584.307138,14585.006138,14589.227638,0,2.99999999999994,0.0299999999999997,5.99999999999996,2,1,65,0.5
448,14591.100638,14590.048638,14590.329138,14591.097638,14594.797138,1,2.99999999999994,0.0299999999999997,7.00000000000003,1,2,66,0.5
449,14596.787638,14595.695638,14596.016138,14596.701138,14600.847138,1,2.99999999999994,0.0299999999999997,7.00000000000003,1,2,66,0.5
450,14604.792638,14603.949638,14604.159638,14604.792638,14614.306638,0,NaN,0,7.00000000000003,1,2,66,0.5
451,14616.850138,14615.584638,14615.714138,14616.850138,14636.348638,0,NaN,0,7.00000000000003,1,2,66,0.5
452,14638.218139,14637.070138,14637.515138,14638.215638,14641.425138,0,2.99999999999994,0.0299999999999997,5.99999999999996,2,1,65,0.5
453,14643.024138,14642.067138,14642.447638,14643.024138,14647.072138,0,NaN,0,7.00000000000003,1,2,66,0.5
454,14651.896638,14650.352138,14651.229638,14651.896638,14654.689138,0,NaN,0,7.00000000000003,1,2,66,0.5
455,15078.109638,15069.388638,15069.717638,15078.025138,15082.556138,1,2.99999999999994,0.0299999999999997,7.00000000000003,1,2,66,0.5
456,15107.670138,15106.547638,15106.761638,15107.564138,15110.824138,1,2.99999999999994,0.0299999999999997,7.00000000000003,1,2,66,0.5
457,15113.325638,15112.253138,15112.533638,15113.206638,15117.209638,1,2.99999999999994,0.0299999999999997,7.00000000000003,1,2,66,0.5
458,15120.386138,15119.120638,15119.523138,15120.386138,15125.683138,1,NaN,0,5.99999999999996,2,1,65,0.5
459,15127.361638,15126.253638,15126.706638,15127.258638,15129.946638,0,2.99999999999994,0.0299999999999997,5.99999999999996,2,1,65,0.5
460,15131.653138,15130.881138,15131.003638,15131.653138,15136.200138,0,NaN,0,7.00000000000003,1,2,66,0.5
461,15138.675138,15137.400138,15137.971138,15138.593638,15155.057638,0,2.99999999999994,0.0299999999999997,5.99999999999996,2,1,65,0.5
462,15157.293638,15156.302138,15156.378139,15157.291138,15163.281138,1,2.99999999999994,0.0299999999999997,7.00000000000003,1,2,66,0.5
463,15165.336638,15164.313138,15164.646138,15165.334138,15168.597138,0,2.99999999999994,0.0299999999999997,5.99999999999996,2,1,65,0.5
464,15170.354138,15169.322138,15169.547639,15170.295138,15174.394638,1,2.99999999999994,0.0299999999999997,7.00000000000003,1,2,66,0.5
465,15176.963138,15175.984638,15176.226638,15176.842638,15182.193638,1,2.99999999999994,0.0299999999999997,7.00000000000003,1,2,66,0.5
466,15185.326638,15184.084138,15184.384138,15185.259638,15188.543638,1,2.99999999999994,0.0299999999999997,7.00000000000003,1,2,66,0.5
467,15190.792138,15189.605138,15190.037138,15190.684638,15194.694138,0,2.99999999999994,0.0299999999999997,5.99999999999996,2,1,65,0.5
468,15196.310638,15195.393138,15195.633138,15196.218639,15200.320638,0,2.99999999999994,0.0299999999999997,5.99999999999996,2,1,65,0.5
469,15202.153638,15201.315638,15201.507638,15202.033138,15206.032638,0,2.99999999999994,0.0299999999999997,5.99999999999996,2,1,65,0.5
470,15207.616638,15206.780138,15206.869138,15207.553138,15210.728638,1,2.99999999999994,0.0299999999999997,7.00000000000003,1,2,66,0.5
471,15212.606638,15211.571138,15211.833638,15212.466138,15216.689638,1,2.99999999999994,0.0299999999999997,7.00000000000003,1,2,66,0.5
472,15218.454138,15217.650638,15217.899638,15218.397638,15221.639138,1,2.99999999999994,0.0299999999999997,7.00000000000003,1,2,66,0.5
473,15223.700638,15222.795138,15222.985638,15223.623138,15228.548638,0,2.99999999999994,0.0299999999999997,5.99999999999996,2,1,65,0.5
474,15230.500638,15229.547138,15229.824638,15230.437638,15233.486638,1,2.99999999999994,0.0299999999999997,7.00000000000003,1,2,66,0.5
475,15235.258138,15234.258138,15234.633138,15235.164138,15239.552138,0,2.99999999999994,0.0299999999999997,5.99999999999996,2,1,65,0.5
476,15246.746638,15245.938638,15245.995138,15246.628638,15250.192638,1,2.99999999999994,0.0299999999999997,7.00000000000003,1,2,66,0.5
477,15253.245638,15251.943138,15252.237638,15253.245638,15254.297638,1,NaN,0,5.99999999999996,2,1,65,0.5
478,15263.585638,15262.228138,15262.639638,15263.464638,15266.395138,0,2.99999999999994,0.0299999999999997,5.99999999999996,2,1,65,0.5
479,15279.200638,15278.231638,15278.474638,15279.197638,15283.249138,1,2.99999999999994,0.0299999999999997,7.00000000000003,1,2,66,0.5
480,15285.030138,15284.098638,15284.427138,15284.960638,15289.278638,0,2.99999999999994,0.0299999999999997,5.99999999999996,2,1,65,0.5
481,15290.753138,15289.962638,15290.141138,15290.753138,15296.495138,0,NaN,0,7.00000000000003,1,2,66,0.5
482,15311.576638,15310.433138,15310.777638,15311.574138,15318.782638,0,2.99999999999994,0.0299999999999997,5.99999999999996,2,1,65,0.5
483,15320.783139,15319.708639,15319.885138,15320.700138,15325.120138,1,2.99999999999994,0.0299999999999997,7.00000000000003,1,2,66,0.5
484,15327.447138,15326.503638,15326.714638,15327.390638,15331.448138,0,2.99999999999994,0.0299999999999997,5.99999999999996,2,1,65,0.5
485,15333.309638,15332.369138,15332.588138,15333.307138,15336.888138,1,2.99999999999994,0.0299999999999997,7.00000000000003,1,2,66,0.5
486,15339.323638,15338.109138,15338.483638,15339.323638,15342.802638,1,NaN,0,5.99999999999996,2,1,65,0.5
487,15347.351638,15346.119138,15346.642138,15347.298638,15352.393138,0,2.99999999999994,0.0299999999999997,5.99999999999996,2,1,65,0.5
488,15354.274138,15353.376138,15353.595138,15354.131638,15359.363638,0,2.99999999999994,0.0299999999999997,5.99999999999996,2,1,65,0.5
489,15361.033138,15360.322138,15360.488638,15361.033138,15366.720638,0,NaN,0,7.00000000000003,1,2,66,0.5
490,15378.717138,15369.712138,15369.918138,15378.714638,15389.866138,1,2.99999999999994,0.0299999999999997,7.00000000000003,1,2,66,0.5
491,15392.613638,15391.681138,15391.730138,15392.486138,15395.070638,0,2.99999999999994,0.0299999999999997,5.99999999999996,2,1,65,0.5
492,15396.878138,15395.950638,15396.040638,15396.876138,15399.610638,0,2.99999999999994,0.0299999999999997,5.99999999999996,2,1,65,0.5
493,15401.241638,15400.349138,15400.502138,15401.239138,15405.914638,1,2.99999999999994,0.0299999999999997,7.00000000000003,1,2,66,0.5
494,15408.041638,15406.978639,15407.314638,15408.039138,15410.327138,0,2.99999999999994,0.0299999999999997,5.99999999999996,2,1,65,0.5
495,15412.140138,15411.224138,15411.383138,15412.140138,15412.709138,1,NaN,0,5.99999999999996,2,1,65,0.5
496,15419.404138,15418.396138,15418.821138,15419.404138,15423.888638,0,NaN,0,7.00000000000003,1,2,66,0.5
497,15426.764638,15425.481138,15425.963138,15426.683138,15434.704638,0,2.99999999999994,0.0299999999999997,5.99999999999996,2,1,65,0.5
498,15436.575638,15435.602138,15435.770639,15436.444638,15441.022638,1,2.99999999999994,0.0299999999999997,7.00000000000003,1,2,66,0.5
499,15443.096138,15441.941138,15442.398638,15443.057638,15446.621638,0,2.99999999999994,0.0299999999999997,5.99999999999996,2,1,65,0.5
500,15448.317638,15447.362138,15447.571638,15448.315138,15451.898639,1,2.99999999999994,0.0299999999999997,7.00000000000003,1,2,66,0.5
501,15454.621638,15453.692638,15453.979638,15454.551638,15460.672638,1,2.99999999999994,0.0299999999999997,7.00000000000003,1,2,66,0.5
502,15462.478138,15461.521138,15461.748638,15462.476138,15467.074138,1,2.99999999999994,0.0299999999999997,7.00000000000003,1,2,66,0.5
503,15469.366138,15468.274638,15468.600138,15469.366138,15562.579638,1,NaN,0,5.99999999999996,2,1,65,0.5
504,15564.634138,15563.447138,15563.885138,15564.631638,15568.541138,0,2.99999999999994,0.0299999999999997,5.99999999999996,2,1,65,0.5
505,15570.513138,15569.406138,15569.638638,15570.510138,15573.762638,1,2.99999999999994,0.0299999999999997,7.00000000000003,1,2,66,0.5
506,15576.503138,15575.301638,15575.726138,15576.500638,15580.098638,0,2.99999999999994,0.0299999999999997,5.99999999999996,2,1,65,0.5
507,15582.084638,15580.874138,15580.983138,15581.997638,15585.384638,1,2.99999999999994,0.0299999999999997,7.00000000000003,1,2,66,0.5
508,15587.183138,15586.270138,15586.568638,15587.183138,15593.329138,1,NaN,0,5.99999999999996,2,1,65,0.5
509,15610.538638,15609.390138,15609.678638,15610.538638,15611.159638,1,NaN,0,5.99999999999996,2,1,65,0.5
510,15767.346638,15765.517138,15765.831138,15767.200638,15772.537138,0,2.99999999999994,0.0299999999999997,5.99999999999996,2,1,65,0.5
511,15774.615638,15773.592638,15773.660638,15774.613638,15777.670138,1,2.99999999999994,0.0299999999999997,7.00000000000003,1,2,66,0.5
512,15779.583638,15778.696138,15778.933138,15779.583638,15790.663138,1,NaN,0,5.99999999999996,2,1,65,0.5
513,15792.862138,15791.682138,15791.939638,15792.756138,15797.044138,0,2.99999999999994,0.0299999999999997,5.99999999999996,2,1,65,0.5
514,15798.493138,15797.869138,15797.970638,15798.487638,15802.918638,0,2.99999999999994,0.0299999999999997,5.99999999999996,2,1,65,0.5
515,15804.591138,15803.641138,15803.795138,15804.588638,15808.203638,1,2.99999999999994,0.0299999999999997,7.00000000000003,1,2,66,0.5
516,15810.168138,15809.156138,15809.466638,15810.062638,15813.346138,0,2.99999999999994,0.0299999999999997,5.99999999999996,2,1,65,0.5
517,15815.155638,15814.292138,15814.520638,15815.065638,15817.870638,0,2.99999999999994,0.0299999999999997,5.99999999999996,2,1,65,0.5
518,15819.330638,15818.532138,15818.742638,15819.238638,15820.694138,0,2.99999999999994,0.0299999999999997,5.99999999999996,2,1,65,0.5
519,15823.476638,15822.257138,15822.578138,15823.355138,15827.891138,1,2.99999999999994,0.0299999999999997,7.00000000000003,1,2,66,0.5
520,15829.883138,15828.833138,15829.128138,15829.794138,15833.317138,0,2.99999999999994,0.0299999999999997,5.99999999999996,2,1,65,0.5
521,15835.542638,15834.647638,15834.833638,15835.404639,15839.432638,0,2.99999999999994,0.0299999999999997,5.99999999999996,2,1,65,0.5
522,15841.337638,15840.361638,15840.546638,15841.335138,15844.984638,1,2.99999999999994,0.0299999999999997,7.00000000000003,1,2,66,0.5
523,15846.750638,15845.794138,15846.079638,15846.708138,15849.878638,1,2.99999999999994,0.0299999999999997,7.00000000000003,1,2,66,0.5
524,15852.520138,15851.542638,15851.796638,15852.399638,15856.481138,0,2.99999999999994,0.0299999999999997,5.99999999999996,2,1,65,0.5
525,15857.985138,15857.338638,15857.385638,15857.985138,15863.028138,0,NaN,0,7.00000000000003,1,2,66,0.5
526,15865.390638,15863.988138,15864.348138,15865.240638,15869.337638,1,2.99999999999994,0.0299999999999997,7.00000000000003,1,2,66,0.5
527,15871.560638,15870.635638,15870.843138,15871.558138,15875.152638,1,2.99999999999994,0.0299999999999997,7.00000000000003,1,2,66,0.5
528,15877.014638,15876.069138,15876.334638,15876.929138,15881.451638,0,2.99999999999994,0.0299999999999997,5.99999999999996,2,1,65,0.5
529,15882.921138,15882.182638,15882.301138,15882.921138,15885.913638,1,NaN,0,5.99999999999996,2,1,65,0.5
530,15892.173138,15890.912138,15891.193638,15892.170638,15898.247638,0,2.99999999999994,0.0299999999999997,5.99999999999996,2,1,65,0.5
531,15903.464638,15901.152638,15901.746138,15903.356138,15907.094638,1,2.99999999999994,0.0299999999999997,7.00000000000003,1,2,66,0.5
532,15909.671638,15908.903138,15909.005138,15909.617638,15912.711138,0,2.99999999999994,0.0299999999999997,5.99999999999996,2,1,65,0.5
533,15914.907638,15913.781638,15913.995638,15914.767138,15918.675138,0,2.99999999999994,0.0299999999999997,5.99999999999996,2,1,65,0.5
534,15920.427638,15919.727638,15919.885138,15920.427638,15925.314138,0,NaN,0,7.00000000000003,1,2,66,0.5
535,15951.201638,15950.179139,15950.499638,15951.201638,15958.120639,0,NaN,0,7.00000000000003,1,2,66,0.5
536,15965.068138,15963.491638,15963.572138,15965.068138,15971.117638,0,NaN,0,7.00000000000003,1,2,66,0.5
537,15972.839638,15971.868638,15972.275138,15972.839638,15989.498638,0,NaN,0,7.00000000000003,1,2,66,0.5
538,16087.599138,16086.493138,16086.803138,16087.524138,16091.644638,1,2.99999999999994,0.0299999999999997,7.00000000000003,1,2,66,0.5
539,16093.957638,16092.989138,16093.307638,16093.930638,16097.181638,1,2.99999999999994,0.0299999999999997,7.00000000000003,1,2,66,0.5
540,16099.268138,16098.281138,16098.518139,16099.266138,16101.917638,1,2.99999999999994,0.0299999999999997,7.00000000000003,1,2,66,0.5
541,16103.922638,16102.890138,16103.116138,16103.919639,16107.025638,1,2.99999999999994,0.0299999999999997,7.00000000000003,1,2,66,0.5
542,16108.985638,16108.196138,16108.420638,16108.901638,16111.293138,1,2.99999999999994,0.0299999999999997,7.00000000000003,1,2,66,0.5
543,16113.604638,16112.264638,16112.799138,16113.602138,16124.694638,0,2.99999999999994,0.0299999999999997,5.99999999999996,2,1,65,0.5
544,16136.398138,16135.338138,16135.406138,16136.246138,16139.596638,1,2.99999999999994,0.0299999999999997,7.00000000000003,1,2,66,0.5
545,16185.752638,16184.499638,16184.690138,16185.752638,16203.124638,1,NaN,0,5.99999999999996,2,1,65,0.5
546,16205.016638,16203.786138,16204.257638,16204.887138,16210.761138,0,2.99999999999994,0.0299999999999997,5.99999999999996,2,1,65,0.5
547,16213.273138,16212.364638,16212.530638,16213.195638,16216.653138,1,2.99999999999994,0.0299999999999997,7.00000000000003,1,2,66,0.5
548,16218.713138,16217.586138,16218.004138,16218.585638,16221.174638,0,2.99999999999994,0.0299999999999997,5.99999999999996,2,1,65,0.5
549,16223.077138,16222.022638,16222.242638,16222.943638,16226.167138,0,2.99999999999994,0.0299999999999997,5.99999999999996,2,1,65,0.5
550,16228.648138,16227.919138,16227.986638,16228.648138,16235.775138,1,NaN,0,5.99999999999996,2,1,65,0.5
551,16244.281138,16243.198638,16243.524138,16244.281138,16247.352638,0,NaN,0,7.00000000000003,1,2,66,0.5
552,16252.243138,16251.142138,16251.525138,16252.240638,16260.535138,0,2.99999999999994,0.0299999999999997,5.99999999999996,2,1,65,0.5
553,16262.481138,16261.804138,16261.905638,16262.481138,16265.236138,0,NaN,0,7.00000000000003,1,2,66,0.5
554,16269.574638,16268.263138,16268.797638,16269.572138,16273.206638,1,2.99999999999994,0.0299999999999997,7.00000000000003,1,2,66,0.5
555,16275.204638,16274.149638,16274.426138,16275.202138,16279.033638,1,2.99999999999994,0.0299999999999997,7.00000000000003,1,2,66,0.5
556,16280.740638,16279.863138,16280.060638,16280.718638,16285.009638,1,2.99999999999994,0.0299999999999997,7.00000000000003,1,2,66,0.5
557,16286.608138,16285.686638,16285.910138,16286.535638,16290.548138,1,2.99999999999994,0.0299999999999997,7.00000000000003,1,2,66,0.5
558,16292.503138,16291.354638,16291.770138,16292.400138,16295.567639,0,2.99999999999994,0.0299999999999997,5.99999999999996,2,1,65,0.5
559,16297.240138,16296.289638,16296.455138,16297.237638,16301.092138,1,2.99999999999994,0.0299999999999997,7.00000000000003,1,2,66,0.5
560,16306.999639,16305.951638,16306.240638,16306.996638,16320.321138,1,2.99999999999994,0.0299999999999997,7.00000000000003,1,2,66,0.5
561,16322.478638,16321.327138,16321.805138,16322.422138,16325.885138,0,2.99999999999994,0.0299999999999997,5.99999999999996,2,1,65,0.5
562,16327.766638,16326.866638,16326.920138,16327.708138,16332.016638,1,2.99999999999994,0.0299999999999997,7.00000000000003,1,2,66,0.5
563,16333.680138,16332.911138,16333.093638,16333.680138,16754.574638,1,NaN,0,5.99999999999996,2,1,65,0.5
564,16760.287138,16759.144138,16759.378138,16760.164638,16766.272138,1,2.99999999999994,0.0299999999999997,7.00000000000003,1,2,66,0.5
565,16768.803638,16767.679638,16768.081638,16768.803638,16769.117638,1,NaN,0,5.99999999999996,2,1,65,0.5
566,16800.444138,16798.948638,16799.190138,16800.444138,16807.355138,0,NaN,0,7.00000000000003,1,2,66,0.5
567,16809.250139,16808.181138,16808.628138,16809.178638,16811.622638,0,2.99999999999994,0.0299999999999997,5.99999999999996,2,1,65,0.5
568,16813.355138,16812.357138,16812.700138,16813.353138,16817.034638,1,2.99999999999994,0.0299999999999997,7.00000000000003,1,2,66,0.5
569,16819.028638,16817.893638,16818.220638,16819.026138,16821.190638,0,2.99999999999994,0.0299999999999997,5.99999999999996,2,1,65,0.5
570,16823.125138,16821.972638,16822.184138,16823.125138,16849.254138,1,NaN,0,5.99999999999996,2,1,65,0.5
571,16856.697638,16855.988138,16856.010638,16856.697638,16859.555138,1,NaN,0,5.99999999999996,2,1,65,0.5
572,16881.069138,16879.549138,16880.076138,16881.063638,16884.511138,0,2.99999999999994,0.0299999999999997,5.99999999999996,2,1,65,0.5
573,16890.218638,16888.955138,16889.289638,16890.216138,16893.399138,0,2.99999999999994,0.0299999999999997,5.99999999999996,2,1,65,0.5
574,16895.083638,16894.039138,16894.379638,16894.944138,16897.441138,0,2.99999999999994,0.0299999999999997,5.99999999999996,2,1,65,0.5
575,16898.938638,16898.200638,16898.403638,16898.938638,16902.313138,0,NaN,0,7.00000000000003,1,2,66,0.5
576,16922.727138,16921.628138,16921.985138,16922.724138,17188.089638,0,2.99999999999994,0.0299999999999997,5.99999999999996,2,1,65,0.5
577,17206.801638,17205.583638,17205.892138,17206.743638,17210.911138,1,2.99999999999994,0.0299999999999997,7.00000000000003,1,2,66,0.5
578,17218.720138,17217.830138,17217.937638,17218.720138,17221.771638,0,NaN,0,7.00000000000003,1,2,66,0.5
579,17225.742638,17224.408138,17224.965138,17225.689138,17229.054638,0,2.99999999999994,0.0299999999999997,5.99999999999996,2,1,65,0.5
580,17230.761138,17229.795638,17230.155138,17230.687638,17234.293638,0,2.99999999999994,0.0299999999999997,5.99999999999996,2,1,65,0.5
581,17236.262138,17235.206138,17235.326138,17236.193138,17238.967138,1,2.99999999999994,0.0299999999999997,7.00000000000003,1,2,66,0.5
582,17241.310138,17240.268138,17240.534638,17241.163138,17244.854138,1,2.99999999999994,0.0299999999999997,7.00000000000003,1,2,66,0.5
583,17247.331638,17246.371138,17246.614638,17247.328638,17250.515638,1,2.99999999999994,0.0299999999999997,7.00000000000003,1,2,66,0.5
584,17252.864138,17251.646638,17252.058138,17252.732138,17256.106638,0,2.99999999999994,0.0299999999999997,5.99999999999996,2,1,65,0.5
585,17258.235638,17257.156638,17257.517638,17258.149138,17262.263138,0,2.99999999999994,0.0299999999999997,5.99999999999996,2,1,65,0.5
586,17264.038138,17263.137638,17263.320138,17264.036138,17268.820638,0,2.99999999999994,0.0299999999999997,5.99999999999996,2,1,65,0.5
587,17270.638138,17269.645638,17269.674138,17270.502638,17273.961138,1,2.99999999999994,0.0299999999999997,7.00000000000003,1,2,66,0.5
588,17276.129138,17275.074638,17275.344638,17276.025138,17280.257138,1,2.99999999999994,0.0299999999999997,7.00000000000003,1,2,66,0.5
589,17282.353138,17281.281138,17281.664138,17282.256638,17286.062138,0,2.99999999999994,0.0299999999999997,5.99999999999996,2,1,65,0.5
590,17288.024138,17287.164638,17287.408138,17287.968638,17291.997638,1,2.99999999999994,0.0299999999999997,7.00000000000003,1,2,66,0.5
591,17293.607138,17292.705638,17292.989138,17293.539638,17296.645138,1,2.99999999999994,0.0299999999999997,7.00000000000003,1,2,66,0.5
592,17298.728638,17297.685138,17297.938138,17298.640138,17302.057638,0,2.99999999999994,0.0299999999999997,5.99999999999996,2,1,65,0.5
593,17303.998638,17303.092638,17303.290638,17303.877138,17307.706138,1,2.99999999999994,0.0299999999999997,7.00000000000003,1,2,66,0.5
594,17309.452138,17308.718138,17308.932138,17309.452138,17314.830639,1,NaN,0,5.99999999999996,2,1,65,0.5
595,17317.755138,17316.358638,17316.689138,17317.752638,17322.095138,1,2.99999999999994,0.0299999999999997,7.00000000000003,1,2,66,0.5
596,17323.786138,17322.934138,17323.134638,17323.786138,17327.334138,1,NaN,0,5.99999999999996,2,1,65,0.5
597,17330.871638,17329.564638,17329.673638,17330.871638,17334.856138,1,NaN,0,5.99999999999996,2,1,65,0.5
598,17339.004138,17337.523138,17337.962138,17338.933638,17343.291138,0,2.99999999999994,0.0299999999999997,5.99999999999996,2,1,65,0.5
599,17345.986638,17345.105638,17345.192638,17345.984138,17349.485138,1,2.99999999999994,0.0299999999999997,7.00000000000003,1,2,66,0.5
600,17351.317638,17350.383138,17350.664638,17351.314638,17355.321638,1,2.99999999999994,0.0299999999999997,7.00000000000003,1,2,66,0.5
601,17357.008138,17356.062138,17356.366138,17356.931138,17360.221138,0,2.99999999999994,0.0299999999999997,5.99999999999996,2,1,65,0.5
602,17362.225138,17361.431138,17361.511138,17362.073138,17365.982138,0,2.99999999999994,0.0299999999999997,5.99999999999996,2,1,65,0.5
603,17367.764138,17366.810638,17366.950638,17367.764138,17368.315638,1,NaN,0,5.99999999999996,2,1,65,0.5
604,17613.876138,17612.610638,17612.777638,17613.802638,17620.043138,1,2.99999999999994,0.0299999999999997,7.00000000000003,1,2,66,0.5
605,17622.659638,17621.521638,17621.878638,17622.659638,17626.267638,1,NaN,0,5.99999999999996,2,1,65,0.5
606,17631.268138,17629.928138,17630.199138,17631.268138,17631.626638,0,NaN,0,7.00000000000003,1,2,66,0.5
607,17638.612638,17637.495638,17637.774638,17638.534638,17641.836138,1,2.99999999999994,0.0299999999999997,7.00000000000003,1,2,66,0.5
608,17643.915638,17642.725638,17643.020138,17643.842138,17652.112638,0,2.99999999999994,0.0299999999999997,5.99999999999996,2,1,65,0.5
609,17654.316138,17653.172138,17653.526638,17654.251638,17657.600638,0,2.99999999999994,0.0299999999999997,5.99999999999996,2,1,65,0.5
610,17659.817638,17658.658638,17658.744638,17659.674138,17663.385138,1,2.99999999999994,0.0299999999999997,7.00000000000003,1,2,66,0.5
611,17665.273638,17664.334638,17664.580638,17665.271138,17668.234638,1,2.99999999999994,0.0299999999999997,7.00000000000003,1,2,66,0.5
612,17670.532638,17669.566638,17669.859638,17670.532638,17676.369138,1,NaN,0,5.99999999999996,2,1,65,0.5
613,17689.001638,17687.812638,17688.153638,17688.868138,17692.754138,0,2.99999999999994,0.0299999999999997,5.99999999999996,2,1,65,0.5
614,17694.864638,17693.885638,17694.228638,17694.783138,17697.392138,0,2.99999999999994,0.0299999999999997,5.99999999999996,2,1,65,0.5
615,17699.975138,17698.869638,17699.128138,17699.859638,17703.430638,1,2.99999999999994,0.0299999999999997,7.00000000000003,1,2,66,0.5
616,17705.411138,17704.316138,17704.637139,17705.411138,17706.052138,0,NaN,0,7.00000000000003,1,2,66,0.5
617,17740.936638,17739.702638,17740.077138,17740.933638,17745.953138,0,2.99999999999994,0.0299999999999997,5.99999999999996,2,1,65,0.5
618,17747.631638,17746.784638,17747.032138,17747.631638,17754.527138,0,NaN,0,7.00000000000003,1,2,66,0.5
619,17762.133638,17760.696138,17761.094138,17762.046138,17764.923138,1,2.99999999999994,0.0299999999999997,7.00000000000003,1,2,66,0.5
620,17776.000138,17774.208639,17774.509638,17775.871638,18135.903138,1,2.99999999999994,0.0299999999999997,7.00000000000003,1,2,66,0.5
621,18832.012638,18831.335638,18831.832138,NaN,18833.555138,NaN,NaN,0,5.99999999999996,2,1,65,0.5
622,18875.560638,18874.080638,18874.525638,18875.560638,18875.624138,0,NaN,0,7.00000000000003,1,2,66,0.5
623,18885.426638,18884.192638,18884.336638,18885.424138,18890.208138,0,2.99999999999994,0.0299999999999997,5.99999999999996,2,1,65,0.5
624,18892.603638,18891.467638,18891.726138,18892.503138,18896.889138,1,2.99999999999994,0.0299999999999997,7.00000000000003,1,2,66,0.5
625,18900.638638,18899.522138,18899.918138,18900.583638,18904.432138,0,2.99999999999994,0.0299999999999997,5.99999999999996,2,1,65,0.5
626,18906.172138,18905.331138,18905.520638,18906.172138,18910.131138,0,NaN,0,7.00000000000003,1,2,66,0.5
627,18913.031638,18911.637638,18912.160638,18913.029138,18916.652138,0,2.99999999999994,0.0299999999999997,5.99999999999996,2,1,65,0.5
628,18920.523638,18917.921138,18918.428638,18920.523638,18924.524138,0,NaN,0,7.00000000000003,1,2,66,0.5
629,18952.694638,18950.686138,18950.813138,18952.661638,18961.480638,1,2.99999999999994,0.0299999999999997,7.00000000000003,1,2,66,0.5
630,18966.821638,18965.313638,18965.804638,18966.819138,18971.566638,0,2.99999999999994,0.0299999999999997,5.99999999999996,2,1,65,0.5
631,18974.175638,18973.129138,18973.426643,18974.175638,18978.504138,0,NaN,0,7.00000000000003,1,2,66,0.5
632,18987.009638,18985.594138,18986.017638,18986.901138,18990.524638,1,2.99999999999994,0.0299999999999997,7.00000000000003,1,2,66,0.5
633,18994.160638,18992.793638,18993.202139,18994.090638,18997.264638,0,2.99999999999994,0.0299999999999997,5.99999999999996,2,1,65,0.5
634,18999.898638,18998.231638,18998.625138,18999.898638,19043.094138,0,NaN,0,7.00000000000003,1,2,66,0.5
635,19046.850638,19045.264138,19045.752638,19046.847638,19049.999638,0,2.99999999999994,0.0299999999999997,5.99999999999996,2,1,65,0.5
636,19052.579138,19051.092138,19051.350138,19052.576638,19057.101638,1,2.99999999999994,0.0299999999999997,7.00000000000003,1,2,66,0.5
637,19060.153638,19058.832638,19059.199638,19060.093638,19063.768138,1,2.99999999999994,0.0299999999999997,7.00000000000003,1,2,66,0.5
638,19067.434638,19066.008638,19066.446638,19067.432138,19071.192138,0,2.99999999999994,0.0299999999999997,5.99999999999996,2,1,65,0.5
639,19074.372638,19073.111638,19073.482638,19074.370638,19082.610638,1,2.99999999999994,0.0299999999999997,7.00000000000003,1,2,66,0.5
640,19939.773141,19937.120138,19937.316138,19939.635639,19944.039138,0,2.99999999999994,0.0299999999999997,5.99999999999996,2,1,65,0.5
641,19947.057138,19946.001138,19946.218138,19947.054638,19950.645638,1,2.99999999999994,0.0299999999999997,7.00000000000003,1,2,66,0.5
642,19952.980138,19951.851638,19952.217138,19952.876138,19958.296138,0,2.99999999999994,0.0299999999999997,5.99999999999996,2,1,65,0.5
643,19960.522138,19959.512138,19959.673138,19960.519638,19965.229138,1,2.99999999999994,0.0299999999999997,7.00000000000003,1,2,66,0.5
644,19968.176638,19967.125638,19967.418638,19968.091138,19972.442138,1,2.99999999999994,0.0299999999999997,7.00000000000003,1,2,66,0.5
645,19978.490138,19977.413638,19977.711138,19978.351138,19981.882138,0,2.99999999999994,0.0299999999999997,5.99999999999996,2,1,65,0.5
646,19984.197638,19983.183138,19983.458638,19984.123138,19989.049638,1,2.99999999999994,0.0299999999999997,7.00000000000003,1,2,66,0.5
647,19992.246138,19991.201638,19991.484638,19992.181138,19995.297138,0,2.99999999999994,0.0299999999999997,5.99999999999996,2,1,65,0.5
648,19997.598638,19996.570638,19996.850638,19997.539638,20001.555138,1,2.99999999999994,0.0299999999999997,7.00000000000003,1,2,66,0.5
649,20003.581638,20002.608138,20002.897638,20003.520138,20008.602138,1,2.99999999999994,0.0299999999999997,7.00000000000003,1,2,66,0.5
650,20011.064138,20010.002638,20010.212638,20011.064138,20017.187138,1,NaN,0,5.99999999999996,2,1,65,0.5
651,20090.467138,20089.512138,20089.545138,20090.412138,20098.454138,1,2.99999999999994,0.0299999999999997,7.00000000000003,1,2,66,0.5
652,20102.807138,20101.139138,20101.542138,20102.654638,20111.536638,0,2.99999999999994,0.0299999999999997,5.99999999999996,2,1,65,0.5
653,20115.745638,20114.724138,20114.887638,20115.745638,20390.769138,1,NaN,0,5.99999999999996,2,1,65,0.5
654,20414.870638,20413.542638,20413.827638,20414.776138,20420.389638,1,2.99999999999994,0.0299999999999997,7.00000000000003,1,2,66,0.5
655,20425.509138,20422.233641,20422.427638,20425.506638,20431.313638,0,2.99999999999994,0.0299999999999997,5.99999999999996,2,1,65,0.5
656,20433.868638,20432.233639,20432.672138,20433.756138,20437.147638,0,2.99999999999994,0.0299999999999997,5.99999999999996,2,1,65,0.5
657,20440.373638,20439.188138,20439.422638,20440.371138,20442.724638,1,2.99999999999994,0.0299999999999997,7.00000000000003,1,2,66,0.5
658,20483.309638,20481.888138,20482.302138,20483.224139,20486.770638,0,2.99999999999994,0.0299999999999997,5.99999999999996,2,1,65,0.5
659,20489.757638,20488.631138,20488.866638,20489.694638,20496.342638,1,2.99999999999994,0.0299999999999997,7.00000000000003,1,2,66,0.5
660,20498.710138,20497.666138,20497.914138,20498.570138,20502.418138,1,2.99999999999994,0.0299999999999997,7.00000000000003,1,2,66,0.5
661,20506.189638,20504.858638,20505.042638,20506.064138,20509.010138,0,2.99999999999994,0.0299999999999997,5.99999999999996,2,1,65,0.5
662,20511.831638,20510.141138,20510.343138,20511.829638,20516.165138,1,2.99999999999994,0.0299999999999997,7.00000000000003,1,2,66,0.5
663,20517.952138,20517.078138,20517.303638,20517.949638,20519.682138,1,2.99999999999994,0.0299999999999997,7.00000000000003,1,2,66,0.5
664,20521.977638,20520.737138,20521.177638,20521.904138,20529.752638,0,2.99999999999994,0.0299999999999997,5.99999999999996,2,1,65,0.5
665,20533.171138,20530.845138,20531.305638,20533.168638,20536.384638,0,2.99999999999994,0.0299999999999997,5.99999999999996,2,1,65,0.5
666,20540.143638,20538.986638,20539.281638,20540.034638,20546.310638,1,2.99999999999994,0.0299999999999997,7.00000000000003,1,2,66,0.5
667,20549.714638,20548.010638,20548.372138,20549.712138,20561.286638,0,2.99999999999994,0.0299999999999997,5.99999999999996,2,1,65,0.5
668,20563.317638,20562.109138,20562.588638,20563.246638,20571.147638,0,2.99999999999994,0.0299999999999997,5.99999999999996,2,1,65,0.5
669,20572.638638,20571.834138,20572.055638,20572.638638,20576.157138,0,NaN,0,7.00000000000003,1,2,66,0.5
670,20594.344138,20593.079138,20593.378638,20594.288138,20605.119138,1,2.99999999999994,0.0299999999999997,7.00000000000003,1,2,66,0.5
671,20608.035638,20607.043138,20607.270638,20607.920138,20611.959638,1,2.99999999999994,0.0299999999999997,7.00000000000003,1,2,66,0.5
672,20614.963638,20613.590138,20613.912638,20614.895638,20618.218638,0,2.99999999999994,0.0299999999999997,5.99999999999996,2,1,65,0.5
673,20621.206638,20620.563638,20620.615138,20621.206638,20625.023138,1,NaN,0,5.99999999999996,2,1,65,0.5
674,20650.744138,20649.739638,20650.059138,20650.744138,20651.760638,1,NaN,0,5.99999999999996,2,1,65,0.5
675,20659.314138,20658.182138,20658.247138,20659.312138,20662.261638,0,2.99999999999994,0.0299999999999997,5.99999999999996,2,1,65,0.5
676,20664.190638,20663.312638,20663.542138,20664.190638,20667.970138,0,NaN,0,7.00000000000003,1,2,66,0.5
677,20671.602638,20669.701638,20670.030638,20671.602638,20675.889638,0,NaN,0,7.00000000000003,1,2,66,0.5
678,20678.997638,20677.885138,20678.217138,20678.997638,20679.471138,0,NaN,0,7.00000000000003,1,2,66,0.5
679,20685.933638,20684.795638,20684.959138,20685.909638,20692.459138,1,2.99999999999994,0.0299999999999997,7.00000000000003,1,2,66,0.5
680,20694.700138,20693.639638,20693.872138,20694.698138,20697.866138,1,2.99999999999994,0.0299999999999997,7.00000000000003,1,2,66,0.5
681,20700.365138,20699.542638,20699.673138,20700.303138,20703.105138,0,2.99999999999994,0.0299999999999997,5.99999999999996,2,1,65,0.5
682,20705.196638,20704.185638,20704.364638,20705.083138,20709.636638,1,2.99999999999994,0.0299999999999997,7.00000000000003,1,2,66,0.5
683,20713.034638,20711.732638,20712.016638,20712.940638,20724.774138,0,2.99999999999994,0.0299999999999997,5.99999999999996,2,1,65,0.5
684,20767.988138,20766.842638,20767.146138,20767.986138,20789.122638,0,2.99999999999994,0.0299999999999997,5.99999999999996,2,1,65,0.5
685,20790.905138,20789.908638,20790.203138,20790.831138,20795.745638,1,2.99999999999994,0.0299999999999997,7.00000000000003,1,2,66,0.5
686,20797.763138,20796.788138,20797.048138,20797.761138,20800.135638,1,2.99999999999994,0.0299999999999997,7.00000000000003,1,2,66,0.5
687,20802.020138,20800.924138,20801.286138,20801.924638,20805.369638,0,2.99999999999994,0.0299999999999997,5.99999999999996,2,1,65,0.5
688,20807.976638,20806.758638,20806.974638,20807.976638,20808.497638,1,NaN,0,5.99999999999996,2,1,65,0.5
689,20974.051138,20973.058139,20973.280638,20973.980138,20976.682638,1,2.99999999999994,0.0299999999999997,7.00000000000003,1,2,66,0.5
690,20978.746138,20977.594138,20977.938638,20978.743138,20985.006638,0,2.99999999999994,0.0299999999999997,5.99999999999996,2,1,65,0.5
691,20987.327638,20986.294638,20986.555138,20987.253138,20990.548138,1,2.99999999999994,0.0299999999999997,7.00000000000003,1,2,66,0.5
692,20995.240138,20994.071638,20994.389638,20995.237638,21001.841138,0,2.99999999999994,0.0299999999999997,5.99999999999996,2,1,65,0.5
693,21008.009138,21006.865138,21007.186638,21008.009138,21008.737138,1,NaN,0,5.99999999999996,2,1,65,0.5
694,21016.021138,21014.903638,21015.275638,21015.941138,21019.231638,0,2.99999999999994,0.0299999999999997,5.99999999999996,2,1,65,0.5
695,21022.988138,21021.933138,21022.382638,21022.935638,21033.077638,0,2.99999999999994,0.0299999999999997,5.99999999999996,2,1,65,0.5
696,21034.983638,21033.739138,21034.128638,21034.846138,21041.774138,0,2.99999999999994,0.0299999999999997,5.99999999999996,2,1,65,0.5
697,21044.222638,21043.334638,21043.593638,21044.222638,21051.471638,0,NaN,0,7.00000000000003,1,2,66,0.5
698,21054.310638,21052.727638,21053.154638,21054.215138,21059.035638,1,2.99999999999994,0.0299999999999997,7.00000000000003,1,2,66,0.5
699,21061.239638,21060.269138,21060.517138,21061.237638,21064.772138,1,2.99999999999994,0.0299999999999997,7.00000000000003,1,2,66,0.5
700,21066.765638,21066.041138,21066.084138,21066.692638,21070.754638,0,2.99999999999994,0.0299999999999997,5.99999999999996,2,1,65,0.5
701,21072.872138,21072.008638,21072.184638,21072.807638,21077.170638,0,2.99999999999994,0.0299999999999997,5.99999999999996,2,1,65,0.5
702,21079.388138,21078.372138,21078.439638,21079.386138,21084.307638,1,2.99999999999994,0.0299999999999997,7.00000000000003,1,2,66,0.5
703,21086.487138,21085.546638,21085.774638,21086.484638,21090.354638,1,2.99999999999994,0.0299999999999997,7.00000000000003,1,2,66,0.5
704,21093.472138,21092.475138,21092.680638,21093.401638,21096.733138,0,2.99999999999994,0.0299999999999997,5.99999999999996,2,1,65,0.5
705,21098.956138,21097.904638,21098.111638,21098.953138,21103.491638,1,2.99999999999994,0.0299999999999997,7.00000000000003,1,2,66,0.5
706,21105.374138,21104.586638,21104.746138,21105.374138,21148.688138,1,NaN,0,5.99999999999996,2,1,65,0.5
707,21152.294638,21149.958638,21150.250638,21152.240138,21156.358138,0,2.99999999999994,0.0299999999999997,5.99999999999996,2,1,65,0.5
708,21158.755138,21157.693638,21157.977138,21158.609138,21162.126138,0,2.99999999999994,0.0299999999999997,5.99999999999996,2,1,65,0.5
709,21164.800638,21164.084638,21164.123638,21164.800638,21165.415638,1,NaN,0,5.99999999999996,2,1,65,0.5
710,21255.948138,21254.955138,21255.157638,21255.948138,21257.602138,0,NaN,0,7.00000000000003,1,2,66,0.5
711,21606.754638,21604.989138,21605.386638,21606.752638,21611.504638,1,2.99999999999994,0.0299999999999997,7.00000000000003,1,2,66,0.5
712,21615.277138,21614.342138,21614.567138,21615.264138,21618.839638,1,2.99999999999994,0.0299999999999997,7.00000000000003,1,2,66,0.5
713,21622.545138,21621.464138,21621.725138,21622.545138,21644.615638,1,NaN,0,5.99999999999996,2,1,65,0.5
714,21648.844638,21647.874138,21648.025138,21648.71464,21652.560638,1,2.99999999999994,0.0299999999999997,7.00000000000003,1,2,66,0.5
715,21654.507638,21653.526138,21653.744138,21654.362138,21657.453138,0,2.99999999999994,0.0299999999999997,5.99999999999996,2,1,65,0.5
716,21660.078138,21659.219138,21659.383138,21660.078138,21660.678138,1,NaN,0,5.99999999999996,2,1,65,0.5
717,21669.811138,21668.673638,21669.101638,21669.809138,21672.181638,0,2.99999999999994,0.0299999999999997,5.99999999999996,2,1,65,0.5
718,21675.791138,21674.735138,21675.005138,21675.647638,21679.589138,1,2.99999999999994,0.0299999999999997,7.00000000000003,1,2,66,0.5
719,21681.466638,21680.491638,21680.782638,21681.407638,21684.497638,0,2.99999999999994,0.0299999999999997,5.99999999999996,2,1,65,0.5
720,21686.711639,21685.761138,21685.815638,21686.709138,21689.376638,0,2.99999999999994,0.0299999999999997,5.99999999999996,2,1,65,0.5
721,21691.576138,21690.575638,21690.788138,21691.462138,21695.392138,0,2.99999999999994,0.0299999999999997,5.99999999999996,2,1,65,0.5
722,21697.456138,21696.248638,21696.588138,21697.347638,21700.367138,1,2.99999999999994,0.0299999999999997,7.00000000000003,1,2,66,0.5
723,21703.293638,21702.348638,21702.527638,21703.153638,21707.034138,0,2.99999999999994,0.0299999999999997,5.99999999999996,2,1,65,0.5
724,21708.704638,21707.914138,21708.130638,21708.704638,22247.681638,1,NaN,0,5.99999999999996,2,1,65,0.5
725,22253.415638,22252.092138,22252.348638,22253.415638,22255.879638,1,NaN,0,5.99999999999996,2,1,65,0.5
726,22383.022638,22382.036138,22382.257638,22382.955638,22390.119138,1,2.99999999999994,0.0299999999999997,7.00000000000003,1,2,66,0.5
727,22393.100638,22392.352638,22392.406138,22393.043638,22396.150638,0,2.99999999999994,0.0299999999999997,5.99999999999996,2,1,65,0.5
728,22398.539638,22397.563638,22397.688638,22398.536638,22400.833138,1,2.99999999999994,0.0299999999999997,7.00000000000003,1,2,66,0.5
729,22403.336638,22402.140638,22402.367638,22403.336638,22423.177638,1,NaN,0,5.99999999999996,2,1,65,0.5
730,22429.668138,22428.686138,22428.873138,22429.570138,22433.398638,1,2.99999999999994,0.0299999999999997,7.00000000000003,1,2,66,0.5
731,22435.542138,22434.532138,22434.680638,22435.454638,22438.817138,0,2.99999999999994,0.0299999999999997,5.99999999999996,2,1,65,0.5
732,22441.208138,22440.181638,22440.401638,22441.121138,22444.169139,1,2.99999999999994,0.0299999999999997,7.00000000000003,1,2,66,0.5
733,22446.373138,22445.216139,22445.606138,22446.276138,22449.911138,0,2.99999999999994,0.0299999999999997,5.99999999999996,2,1,65,0.5
734,22452.409138,22451.504638,22451.684138,22452.406638,22456.79914,1,2.99999999999994,0.0299999999999997,7.00000000000003,1,2,66,0.5
735,22459.150138,22458.431638,22458.474138,22459.081638,22471.278138,0,2.99999999999994,0.0299999999999997,5.99999999999996,2,1,65,0.5
736,22472.943638,22471.926638,22472.227138,22472.939138,22479.925638,1,2.99999999999994,0.0299999999999997,7.00000000000003,1,2,66,0.5
737,22481.789638,22480.863638,22481.025638,22481.655638,22485.885138,1,2.99999999999994,0.0299999999999997,7.00000000000003,1,2,66,0.5
738,22487.585638,22486.775138,22486.995138,22487.585638,22520.049138,1,NaN,0,5.99999999999996,2,1,65,0.5
739,22524.519138,22523.700138,22523.788638,22524.519138,22525.569138,1,NaN,0,5.99999999999996,2,1,65,0.5
740,22532.813138,22530.928638,22531.042138,22532.757138,22536.233138,0,2.99999999999994,0.0299999999999997,5.99999999999996,2,1,65,0.5
741,22538.676138,22537.656138,22537.725638,22538.673638,22542.595138,1,2.99999999999994,0.0299999999999997,7.00000000000003,1,2,66,0.5
742,22544.820638,22543.844138,22543.986638,22544.737638,22548.389138,0,2.99999999999994,0.0299999999999997,5.99999999999996,2,1,65,0.5
743,22550.726139,22549.801138,22549.972138,22550.726139,22551.359638,1,NaN,0,5.99999999999996,2,1,65,0.5
744,22573.249138,22572.229138,22572.408638,22573.246638,22577.365638,0,2.99999999999994,0.0299999999999997,5.99999999999996,2,1,65,0.5
745,22585.737638,22584.590138,22584.979638,22585.735138,22589.156138,0,2.99999999999994,0.0299999999999997,5.99999999999996,2,1,65,0.5
746,22591.631638,22590.472138,22590.789638,22591.629138,22595.941638,0,2.99999999999994,0.0299999999999997,5.99999999999996,2,1,65,0.5
747,22597.726138,22596.695138,22596.990138,22597.584138,22601.186638,0,2.99999999999994,0.0299999999999997,5.99999999999996,2,1,65,0.5
748,22604.097138,22602.940138,22603.139138,22604.094138,22608.029138,1,2.99999999999994,0.0299999999999997,7.00000000000003,1,2,66,0.5
749,22609.847638,22608.874138,22609.100638,22609.847638,22618.554638,0,NaN,0,7.00000000000003,1,2,66,0.5
750,22631.335138,22630.229638,22630.619138,22631.332638,22633.849638,0,2.99999999999994,0.0299999999999997,5.99999999999996,2,1,65,0.5
751,22636.627638,22635.539138,22635.714638,22636.625138,22639.980138,1,2.99999999999994,0.0299999999999997,7.00000000000003,1,2,66,0.5
752,22641.784638,22640.824638,22641.011138,22641.700138,22645.337138,0,2.99999999999994,0.0299999999999997,5.99999999999996,2,1,65,0.5
753,22647.403138,22646.520638,22646.706638,22647.400138,22650.391638,1,2.99999999999994,0.0299999999999997,7.00000000000003,1,2,66,0.5
754,22652.347138,22651.401138,22651.618638,22652.324638,22654.681638,1,2.99999999999994,0.0299999999999997,7.00000000000003,1,2,66,0.5
755,22698.462638,22696.481138,22696.592638,22698.385638,22701.862638,0,2.99999999999994,0.0299999999999997,5.99999999999996,2,1,65,0.5
756,22704.104638,22702.981638,22703.211638,22704.104638,22704.184138,1,NaN,0,5.99999999999996,2,1,65,0.5
757,22713.564138,22712.563638,22712.898638,22713.464638,22716.260638,0,2.99999999999994,0.0299999999999997,5.99999999999996,2,1,65,0.5
758,22717.798638,22716.939638,22717.192638,22717.798638,22725.736638,0,NaN,0,7.00000000000003,1,2,66,0.5
759,22729.073138,22728.133638,22728.333638,22729.073138,22729.572138,0,NaN,0,7.00000000000003,1,2,66,0.5
760,22741.307138,22740.274138,22740.590138,22741.307138,22750.675138,0,NaN,0,7.00000000000003,1,2,66,0.5
761,22752.624138,22751.443138,22751.538138,22752.548638,22756.347638,1,2.99999999999994,0.0299999999999997,7.00000000000003,1,2,66,0.5
762,22761.463138,22760.434638,22760.725138,22761.460638,22765.756638,1,2.99999999999994,0.0299999999999997,7.00000000000003,1,2,66,0.5
763,22767.621638,22766.718638,22766.938638,22767.619138,22771.027138,1,2.99999999999994,0.0299999999999997,7.00000000000003,1,2,66,0.5
764,22773.720638,22772.007638,22772.446138,22773.599638,22780.696138,0,2.99999999999994,0.0299999999999997,5.99999999999996,2,1,65,0.5
765,22782.839138,22781.438138,22781.920638,22782.839138,22782.929638,0,NaN,0,7.00000000000003,1,2,66,0.5
766,22796.426638,22795.403638,22795.564638,22796.316138,22800.085138,1,2.99999999999994,0.0299999999999997,7.00000000000003,1,2,66,0.5
767,22803.619638,22802.747638,22802.939138,22803.488138,22806.721138,0,2.99999999999994,0.0299999999999997,5.99999999999996,2,1,65,0.5
768,22808.978638,22807.942138,22808.133638,22808.847638,22812.580638,1,2.99999999999994,0.0299999999999997,7.00000000000003,1,2,66,0.5
769,22814.637138,22813.650138,22813.855138,22814.497638,22821.027138,1,2.99999999999994,0.0299999999999997,7.00000000000003,1,2,66,0.5
770,22823.146138,22821.895138,22822.413138,22823.046139,22827.193138,0,2.99999999999994,0.0299999999999997,5.99999999999996,2,1,65,0.5
771,22830.184138,22828.992638,22829.262138,22830.082638,22833.866638,1,2.99999999999994,0.0299999999999997,7.00000000000003,1,2,66,0.5
772,22835.533638,22834.665138,22834.921138,22835.478138,22839.256638,1,2.99999999999994,0.0299999999999997,7.00000000000003,1,2,66,0.5
773,22841.114138,22840.129638,22840.375138,22841.003138,22844.298638,0,2.99999999999994,0.0299999999999997,5.99999999999996,2,1,65,0.5
774,22846.190138,22845.218138,22845.466138,22846.049638,22850.475638,1,2.99999999999994,0.0299999999999997,7.00000000000003,1,2,66,0.5
775,22852.477138,22851.445638,22851.586138,22852.392138,22857.354138,0,2.99999999999994,0.0299999999999997,5.99999999999996,2,1,65,0.5
776,22858.805138,22857.951138,22858.223638,22858.805138,22862.019638,0,NaN,0,7.00000000000003,1,2,66,0.5
777,23153.119138,23151.747638,23152.196138,23153.116638,23161.066138,0,2.99999999999994,0.0299999999999997,5.99999999999996,2,1,65,0.5
778,23163.297138,23161.829638,23162.277138,23163.234638,23167.474138,1,2.99999999999994,0.0299999999999997,7.00000000000003,1,2,66,0.5
779,23169.374638,23168.460638,23168.679638,23169.303138,23172.841138,1,2.99999999999994,0.0299999999999997,7.00000000000003,1,2,66,0.5
780,23174.522638,23173.682638,23173.915638,23174.520138,23179.587138,1,2.99999999999994,0.0299999999999997,7.00000000000003,1,2,66,0.5
781,23181.758139,23180.875138,23181.063638,23181.682138,23185.094138,0,2.99999999999994,0.0299999999999997,5.99999999999996,2,1,65,0.5
782,23189.263638,23188.413638,23188.533638,23189.261138,23194.338138,1,2.99999999999994,0.0299999999999997,7.00000000000003,1,2,66,0.5
783,23195.876138,23195.121638,23195.304638,23195.873138,23198.852638,1,2.99999999999994,0.0299999999999997,7.00000000000003,1,2,66,0.5
784,23200.908638,23200.134138,23200.261138,23200.908638,23201.436638,0,NaN,0,7.00000000000003,1,2,66,0.5
785,23235.171638,23234.142138,23234.350138,23235.077638,23239.767638,0,2.99999999999994,0.0299999999999997,5.99999999999996,2,1,65,0.5
786,23241.677638,23240.741638,23240.891138,23241.674638,23246.078638,1,2.99999999999994,0.0299999999999997,7.00000000000003,1,2,66,0.5
787,23248.877138,23247.820638,23247.866638,23248.874138,23250.749638,0,2.99999999999994,0.0299999999999997,5.99999999999996,2,1,65,0.5
788,23252.696638,23251.496138,23251.763638,23252.694138,23256.301638,1,2.99999999999994,0.0299999999999997,7.00000000000003,1,2,66,0.5
789,23258.468638,23257.437638,23257.729638,23258.466638,23261.553638,1,2.99999999999994,0.0299999999999997,7.00000000000003,1,2,66,0.5
790,23263.520138,23262.468638,23262.808138,23263.459138,23266.398638,0,2.99999999999994,0.0299999999999997,5.99999999999996,2,1,65,0.5
791,23268.175638,23267.329138,23267.497638,23268.175638,23298.071138,1,NaN,0,5.99999999999996,2,1,65,0.5
792,23300.317138,23298.912638,23299.297638,23300.246138,23303.622638,0,2.99999999999994,0.0299999999999997,5.99999999999996,2,1,65,0.5
793,23305.696638,23304.620638,23304.752138,23305.694638,23309.338638,1,2.99999999999994,0.0299999999999997,7.00000000000003,1,2,66,0.5
794,23312.809638,23311.650638,23312.030138,23312.694138,23315.757138,0,2.99999999999994,0.0299999999999997,5.99999999999996,2,1,65,0.5
795,23317.512638,23316.636138,23316.740138,23317.419138,23321.067138,1,2.99999999999994,0.0299999999999997,7.00000000000003,1,2,66,0.5
796,23323.762138,23322.830138,23322.974138,23323.759138,23327.571638,0,2.99999999999994,0.0299999999999997,5.99999999999996,2,1,65,0.5
797,23329.488138,23328.242138,23328.378138,23329.488138,23343.581638,1,NaN,0,5.99999999999996,2,1,65,0.5
798,23346.876138,23346.185138,23346.277638,23346.876138,23363.151638,1,NaN,0,5.99999999999996,2,1,65,0.5
799,23369.312138,23368.558138,23368.632138,23369.212138,23372.333138,0,2.99999999999994,0.0299999999999997,5.99999999999996,2,1,65,0.5
800,23374.000638,23373.076638,23373.211138,23374.000638,23374.362138,1,NaN,0,5.99999999999996,2,1,65,0.5
801,23382.498638,23380.413638,23380.501638,23382.498638,23382.536639,1,NaN,0,5.99999999999996,2,1,65,0.5
802,23422.305638,23421.114638,23421.416638,23422.305638,23449.090638,1,NaN,0,5.99999999999996,2,1,65,0.5
803,23488.789138,23488.028138,23488.057638,23488.707138,23501.913638,1,2.99999999999994,0.0299999999999997,7.00000000000003,1,2,66,0.5
804,23506.183638,23505.013138,23505.439638,23506.181638,23509.026138,0,2.99999999999994,0.0299999999999997,5.99999999999996,2,1,65,0.5
805,23510.759638,23509.813638,23510.190638,23510.681138,23513.947138,0,2.99999999999994,0.0299999999999997,5.99999999999996,2,1,65,0.5
806,23515.673138,23514.987638,23515.191638,23515.673138,23695.852638,0,NaN,0,7.00000000000003,1,2,66,0.5
807,23698.336138,23696.887138,23697.380638,23698.336138,23698.672138,0,NaN,0,7.00000000000003,1,2,66,0.5
808,23711.993638,23709.891638,23711.145138,23711.990638,23717.642638,1,2.99999999999994,0.0299999999999997,7.00000000000003,1,2,66,0.5
809,23720.647638,23719.460638,23719.820638,23720.516638,23723.857638,1,2.99999999999994,0.0299999999999997,7.00000000000003,1,2,66,0.5
810,23726.885638,23725.794638,23726.155138,23726.774138,23729.955638,0,2.99999999999994,0.0299999999999997,5.99999999999996,2,1,65,0.5
811,23744.149138,23742.851138,23743.114638,23744.146638,23747.847638,1,2.99999999999994,0.0299999999999997,7.00000000000003,1,2,66,0.5
812,23751.890638,23750.952138,23751.286638,23751.823638,23753.980138,0,2.99999999999994,0.0299999999999997,5.99999999999996,2,1,65,0.5
813,23756.007638,23755.099138,23755.257638,23756.005138,23759.060138,1,2.99999999999994,0.0299999999999997,7.00000000000003,1,2,66,0.5
814,23762.283638,23761.416638,23761.709638,23762.225138,23765.276638,0,2.99999999999994,0.0299999999999997,5.99999999999996,2,1,65,0.5
815,23770.800638,23769.937138,23770.021638,23770.798638,23775.014638,1,2.99999999999994,0.0299999999999997,7.00000000000003,1,2,66,0.5
816,23777.066138,23775.984638,23776.237138,23776.927138,NaN,1,2.99999999999994,0.0299999999999997,7.00000000000003,1,2,66,0.5
