trial,outcome,center_in,center_out,side_in,last_side_out,actions,reward,trial_types,odors,port_side,schedule,odor_name,odor_dur
1,307.008796,305.203464,305.277464,307.008796,325.68611,0,NaN,0,7.00000000000003,1,2,66,0.5
2,337.769432,335.990767,337.017432,337.769432,342.30476,0,NaN,0,7.00000000000003,1,2,66,0.5
3,357.210079,356.243413,356.58208,357.156746,368.219401,1,2.99999999999994,0.0299999999999997,7.00000000000003,1,2,66,0.5
4,371.358065,369.7934,370.823399,371.358065,377.114059,1,NaN,0,5.99999999999996,2,1,65,0.5
5,394.320042,393.424043,393.769376,394.266709,397.828038,1,2.99999999999994,0.0299999999999997,7.00000000000003,1,2,66,0.5
6,402.471367,401.794701,401.983367,402.418034,406.636029,0,2.99999999999994,0.0299999999999997,5.99999999999996,2,1,65,0.5
7,410.048693,409.28136,409.48136,409.995359,415.346021,1,2.99999999999994,0.0299999999999997,7.00000000000003,1,2,66,0.5
8,417.401352,416.674686,416.870686,417.401352,428.540674,0,NaN,0,7.00000000000003,1,2,66,0.5
9,436.795999,435.969333,436.124667,436.742666,461.961974,1,2.99999999999994,0.0299999999999997,7.00000000000003,1,2,66,0.5
10,463.575306,462.867973,463.105973,463.575306,464.126639,0,NaN,0,7.00000000000003,1,2,66,0.5
11,480.044623,479.21729,479.539957,479.991956,513.497923,1,2.99999999999994,0.0299999999999997,7.00000000000003,1,2,66,0.5
12,514.997254,514.072589,514.483255,514.997254,522.215247,1,NaN,0,5.99999999999996,2,1,65,0.5
13,526.30791,525.67191,525.934577,526.30791,543.489226,0,NaN,0,7.00000000000003,1,2,66,0.5
14,545.72189,544.528558,545.175891,545.668557,550.897885,1,2.99999999999994,0.0299999999999997,7.00000000000003,1,2,66,0.5
15,554.023882,552.146551,553.370549,553.970549,562.067207,0,2.99999999999994,0.0299999999999997,5.99999999999996,2,1,65,0.5
16,563.393873,562.651873,562.81854,563.340539,602.901833,1,2.99999999999994,0.0299999999999997,7.00000000000003,1,2,66,0.5
17,604.825165,604.013165,604.256499,604.771831,608.212495,1,2.99999999999994,0.0299999999999997,7.00000000000003,1,2,66,0.5
18,610.497826,609.893826,609.96516,610.444492,616.094487,0,2.99999999999994,0.0299999999999997,5.99999999999996,2,1,65,0.5
19,617.527152,617.009819,617.078486,617.527152,623.03648,1,NaN,0,5.99999999999996,2,1,65,0.5
20,624.696478,623.973145,624.257145,624.696478,630.867139,1,NaN,0,5.99999999999996,2,1,65,0.5
21,632.827137,631.961804,632.425804,632.827137,639.62313,1,NaN,0,5.99999999999996,2,1,65,0.5
22,642.71846,642.003794,642.232461,642.71846,655.167114,1,NaN,0,5.99999999999996,2,1,65,0.5
23,686.471083,685.77175,686.050417,686.471083,714.501055,1,NaN,0,5.99999999999996,2,1,65,0.5
24,773.899662,773.102996,773.385663,773.899662,815.906954,1,NaN,0,5.99999999999996,2,1,65,0.5
25,820.102283,817.556952,819.368283,820.048949,829.519607,0,2.99999999999994,0.0299999999999997,5.99999999999996,2,1,65,0.5
26,830.913605,830.242939,830.506272,830.913605,837.282932,1,NaN,0,5.99999999999996,2,1,65,0.5
27,840.296929,838.685597,839.765598,840.243596,842.76026,1,2.99999999999994,0.0299999999999997,7.00000000000003,1,2,66,0.5
28,845.485591,844.532925,844.926925,845.485591,851.503585,0,NaN,0,7.00000000000003,1,2,66,0.5
29,854.140249,853.187583,853.670249,854.086915,859.25891,1,2.99999999999994,0.0299999999999997,7.00000000000003,1,2,66,0.5
30,863.410906,862.647573,862.983573,863.410906,866.432903,0,NaN,0,7.00000000000003,1,2,66,0.5
31,1036.560066,1033.19207,1033.396736,1036.506733,1038.620064,0,2.99999999999994,0.0299999999999997,5.99999999999996,2,1,65,0.5
32,1050.580052,1049.527387,1049.747386,1050.580052,1056.677379,1,NaN,0,5.99999999999996,2,1,65,0.5
33,1058.943377,1058.280711,1058.450044,1058.943377,1094.657341,1,NaN,0,5.99999999999996,2,1,65,0.5
34,1098.361338,1096.938672,1097.697339,1098.308004,1104.010665,1,2.99999999999994,0.0299999999999997,7.00000000000003,1,2,66,0.5
35,1106.347996,1105.217331,1105.849997,1106.294663,1111.157325,0,2.99999999999994,0.0299999999999997,5.99999999999996,2,1,65,0.5
36,1112.718657,1112.023991,1112.29999,1112.718657,1117.334652,1,NaN,0,5.99999999999996,2,1,65,0.5
37,1120.072649,1119.18265,1119.449317,1120.072649,1120.611315,1,NaN,0,5.99999999999996,2,1,65,0.5
38,1133.165303,1132.297304,1132.667303,1133.11197,1176.884593,1,2.99999999999994,0.0299999999999997,7.00000000000003,1,2,66,0.5
39,1180.781255,1179.255257,1179.507923,1180.727922,1192.749243,0,2.99999999999994,0.0299999999999997,5.99999999999996,2,1,65,0.5
40,1210.703225,1209.88856,1210.273226,1210.703225,1214.850555,1,NaN,0,5.99999999999996,2,1,65,0.5
41,1216.784553,1216.11322,1216.382553,1216.784553,1223.127213,1,NaN,0,5.99999999999996,2,1,65,0.5
42,1225.404544,1224.411212,1224.905211,1225.351211,1230.539206,0,2.99999999999994,0.0299999999999997,5.99999999999996,2,1,65,0.5
43,1231.804538,1231.047872,1231.399871,1231.804538,1238.289198,1,NaN,0,5.99999999999996,2,1,65,0.5
44,1240.997862,1239.36653,1240.413196,1240.944528,1274.801161,0,2.99999999999994,0.0299999999999997,5.99999999999996,2,1,65,0.5
45,1320.992448,1320.059116,1320.145783,1320.939782,1334.105102,1,2.99999999999994,0.0299999999999997,7.00000000000003,1,2,66,0.5
46,1335.7791,1334.988434,1335.182435,1335.7791,1344.293758,0,NaN,0,7.00000000000003,1,2,66,0.5
47,1345.61709,1344.953091,1345.113091,1345.61709,1351.491751,0,NaN,0,7.00000000000003,1,2,66,0.5
48,1355.314414,1354.628415,1354.683081,1355.261081,1362.181074,0,2.99999999999994,0.0299999999999997,5.99999999999996,2,1,65,0.5
49,1363.636406,1362.843073,1363.126406,1363.583073,1368.203735,1,2.99999999999994,0.0299999999999997,7.00000000000003,1,2,66,0.5
50,1369.793733,1369.041067,1369.279067,1369.793733,1374.490395,0,NaN,0,7.00000000000003,1,2,66,0.5
51,1377.801725,1375.397061,1375.558394,1377.801725,1406.450363,0,NaN,0,7.00000000000003,1,2,66,0.5
52,1423.541679,1422.133681,1422.79968,1423.488346,1425.383011,1,2.99999999999994,0.0299999999999997,7.00000000000003,1,2,66,0.5
53,1427.181676,1426.342343,1426.660343,1427.128342,1431.268338,0,2.99999999999994,0.0299999999999997,5.99999999999996,2,1,65,0.5
54,1432.94367,1432.183004,1432.468337,1432.890337,1437.741665,1,2.99999999999994,0.0299999999999997,7.00000000000003,1,2,66,0.5
55,1440.685662,1439.57233,1440.122329,1440.685662,1447.089656,0,NaN,0,7.00000000000003,1,2,66,0.5
56,1450.228319,1448.891654,1449.496987,1450.228319,1456.874313,1,NaN,0,5.99999999999996,2,1,65,0.5
57,1459.342977,1458.071645,1458.820977,1459.289643,1462.482307,1,2.99999999999994,0.0299999999999997,7.00000000000003,1,2,66,0.5
58,1467.116302,1465.899637,1466.45097,1467.062969,1470.432966,1,2.99999999999994,0.0299999999999997,7.00000000000003,1,2,66,0.5
59,1473.329629,1472.544297,1472.808297,1473.329629,1478.790291,1,NaN,0,5.99999999999996,2,1,65,0.5
60,1481.747621,1480.238956,1481.109622,1481.747621,1501.900268,1,NaN,0,5.99999999999996,2,1,65,0.5
61,1503.353599,1502.506267,1502.860267,1503.300266,1523.20758,1,2.99999999999994,0.0299999999999997,7.00000000000003,1,2,66,0.5
62,1524.558245,1523.778246,1524.138912,1524.558245,1530.316906,1,NaN,0,5.99999999999996,2,1,65,0.5
63,1531.805571,1531.088238,1531.388238,1531.805571,1537.742898,1,NaN,0,5.99999999999996,2,1,65,0.5
64,1545.272224,1544.048892,1544.413558,1545.272224,1550.393554,0,NaN,0,7.00000000000003,1,2,66,0.5
65,1552.638883,1551.821551,1552.118217,1552.58555,1555.878214,1,2.99999999999994,0.0299999999999997,7.00000000000003,1,2,66,0.5
66,1558.850211,1557.818878,1558.351544,1558.850211,1562.396874,0,NaN,0,7.00000000000003,1,2,66,0.5
67,1565.481537,1564.387538,1564.736205,1565.481537,1733.575369,0,NaN,0,7.00000000000003,1,2,66,0.5
68,1737.924698,1736.876033,1737.337365,1737.924698,1747.746688,0,NaN,0,7.00000000000003,1,2,66,0.5
69,1752.085351,1751.331351,1751.531351,1752.032017,1757.362012,0,2.99999999999994,0.0299999999999997,5.99999999999996,2,1,65,0.5
70,1787.846648,1784.473318,1785.019984,1787.846648,1791.589311,1,NaN,0,5.99999999999996,2,1,65,0.5
71,1794.153309,1793.433976,1793.559309,1794.099975,1803.772632,1,2.99999999999994,0.0299999999999997,7.00000000000003,1,2,66,0.5
72,1806.181297,1805.516631,1805.589297,1806.181297,1809.40996,0,NaN,0,7.00000000000003,1,2,66,0.5
73,1813.15929,1812.108624,1812.514624,1813.15929,1844.592592,0,NaN,0,7.00000000000003,1,2,66,0.5
74,1846.757256,1845.885924,1846.15059,1846.703923,1859.795243,1,2.99999999999994,0.0299999999999997,7.00000000000003,1,2,66,0.5
75,1861.227242,1860.525242,1860.695909,1861.227242,1865.406571,0,NaN,0,7.00000000000003,1,2,66,0.5
76,1875.607894,1874.479895,1875.045894,1875.607894,1881.527888,1,NaN,0,5.99999999999996,2,1,65,0.5
77,1883.518553,1882.56122,1882.989886,1883.518553,1895.264541,0,NaN,0,7.00000000000003,1,2,66,0.5
78,1896.768539,1895.751874,1896.227207,1896.715206,1901.217202,1,2.99999999999994,0.0299999999999997,7.00000000000003,1,2,66,0.5
79,1904.273199,1903.2132,1903.686532,1904.219865,1907.874528,0,2.99999999999994,0.0299999999999997,5.99999999999996,2,1,65,0.5
80,1910.011859,1909.324527,1909.57186,1910.011859,1915.835187,1,NaN,0,5.99999999999996,2,1,65,0.5
81,1917.673852,1916.60252,1917.217852,1917.673852,1923.955179,0,NaN,0,7.00000000000003,1,2,66,0.5
82,1927.554509,1924.951844,1926.738509,1927.501175,1933.22917,0,2.99999999999994,0.0299999999999997,5.99999999999996,2,1,65,0.5
83,1935.165834,1934.377168,1934.577168,1935.112501,1941.116495,1,2.99999999999994,0.0299999999999997,7.00000000000003,1,2,66,0.5
84,1950.005153,1949.223154,1949.494487,1950.005153,1961.077143,0,NaN,0,7.00000000000003,1,2,66,0.5
85,1964.497138,1963.804472,1963.885139,1964.443805,1967.723802,1,2.99999999999994,0.0299999999999997,7.00000000000003,1,2,66,0.5
86,1970.449132,1969.153134,1969.656466,1970.449132,1980.027789,0,NaN,0,7.00000000000003,1,2,66,0.5
87,1981.755788,1980.915122,1981.219788,1981.702454,1984.333118,0,2.99999999999994,0.0299999999999997,5.99999999999996,2,1,65,0.5
88,1986.977783,1985.859117,1986.41845,1986.924449,1991.533111,1,2.99999999999994,0.0299999999999997,7.00000000000003,1,2,66,0.5
89,1993.701776,1992.90311,1993.16711,1993.701776,1999.041104,0,NaN,0,7.00000000000003,1,2,66,0.5
90,2001.059102,2000.297102,2000.551102,2001.005768,2024.355745,1,2.99999999999994,0.0299999999999997,7.00000000000003,1,2,66,0.5
91,2026.51041,2025.76441,2025.973077,2026.51041,2027.123742,0,NaN,0,7.00000000000003,1,2,66,0.5
92,2155.643614,2154.040282,2154.396282,2155.643614,2171.458265,0,NaN,0,7.00000000000003,1,2,66,0.5
93,2175.544927,2174.506262,2174.994928,2175.492261,2178.127591,0,2.99999999999994,0.0299999999999997,5.99999999999996,2,1,65,0.5
94,2179.75159,2179.162257,2179.25159,2179.75159,2185.405584,1,NaN,0,5.99999999999996,2,1,65,0.5
95,2187.455582,2186.40425,2186.943582,2187.455582,2192.497577,0,NaN,0,7.00000000000003,1,2,66,0.5
96,2196.330906,2194.999574,2195.676907,2196.277573,2199.508903,1,2.99999999999994,0.0299999999999997,7.00000000000003,1,2,66,0.5
97,2201.606901,2200.690902,2201.089568,2201.606901,2209.324893,0,NaN,0,7.00000000000003,1,2,66,0.5
98,2211.488225,2210.488892,2210.975558,2211.434891,2214.382222,1,2.99999999999994,0.0299999999999997,7.00000000000003,1,2,66,0.5
99,2216.848219,2215.893554,2216.294886,2216.794886,2220.978215,0,2.99999999999994,0.0299999999999997,5.99999999999996,2,1,65,0.5
100,2224.681545,2223.655546,2224.181545,2224.628211,2225.826877,1,2.99999999999994,0.0299999999999997,7.00000000000003,1,2,66,0.5
101,2227.936208,2226.674876,2227.318209,2227.936208,2236.148867,1,NaN,0,5.99999999999996,2,1,65,0.5
102,2239.442197,2238.462864,2238.868197,2239.388863,2245.030858,0,2.99999999999994,0.0299999999999997,5.99999999999996,2,1,65,0.5
103,2247.837522,2247.056189,2247.352189,2247.784188,2298.709471,1,2.99999999999994,0.0299999999999997,7.00000000000003,1,2,66,0.5
104,2303.809466,2302.986133,2303.260799,2303.809466,2308.515461,0,NaN,0,7.00000000000003,1,2,66,0.5
105,2310.499459,2309.348793,2310.014126,2310.499459,2317.122119,1,NaN,0,5.99999999999996,2,1,65,0.5
106,2320.468782,2319.75145,2319.914783,2320.468782,2326.372776,0,NaN,0,7.00000000000003,1,2,66,0.5
107,2328.388108,2327.152109,2327.789442,2328.334774,2331.644771,0,2.99999999999994,0.0299999999999997,5.99999999999996,2,1,65,0.5
108,2334.160769,2333.423436,2333.737436,2334.160769,2339.728096,1,NaN,0,5.99999999999996,2,1,65,0.5
109,2340.926762,2340.270096,2340.450096,2340.926762,2346.564756,0,NaN,0,7.00000000000003,1,2,66,0.5
110,2348.829421,2348.156088,2348.378088,2348.829421,2353.839416,1,NaN,0,5.99999999999996,2,1,65,0.5
111,2356.440746,2355.63808,2355.96008,2356.387413,2359.194744,1,2.99999999999994,0.0299999999999997,7.00000000000003,1,2,66,0.5
112,2362.142074,2360.980075,2361.566741,2362.088741,2365.794737,0,2.99999999999994,0.0299999999999997,5.99999999999996,2,1,65,0.5
113,2368.889401,2368.327401,2368.384734,2368.889401,2374.108729,1,NaN,0,5.99999999999996,2,1,65,0.5
114,2390.696045,2378.073391,2378.146058,NaN,2398.026705,NaN,NaN,0,5.99999999999996,2,1,65,0.5
115,2399.536703,2398.638704,2399.050704,2399.536703,2404.056699,1,NaN,0,5.99999999999996,2,1,65,0.5
116,2406.790029,2405.417364,2406.26403,2406.736696,2414.498022,1,2.99999999999994,0.0299999999999997,7.00000000000003,1,2,66,0.5
117,2415.77602,2415.041354,2415.297354,2415.722687,2416.826019,0,2.99999999999994,0.0299999999999997,5.99999999999996,2,1,65,0.5
118,2418.776684,2417.858685,2418.332018,2418.776684,2432.276671,1,NaN,0,5.99999999999996,2,1,65,0.5
119,2449.82932,2448.217321,2449.04532,2449.775986,2457.455312,0,2.99999999999994,0.0299999999999997,5.99999999999996,2,1,65,0.5
120,2458.976644,2457.969978,2458.489978,2458.976644,2464.591972,1,NaN,0,5.99999999999996,2,1,65,0.5
121,2466.891969,2465.231971,2466.336636,2466.891969,2491.304611,0,NaN,0,7.00000000000003,1,2,66,0.5
122,2512.721923,2512.113257,2512.32259,2512.721923,2517.285919,1,NaN,0,5.99999999999996,2,1,65,0.5
123,2518.911251,2518.125918,2518.419918,2518.911251,2544.251892,1,NaN,0,5.99999999999996,2,1,65,0.5
124,2548.094555,2546.718556,2547.500555,2548.094555,2551.541218,0,NaN,0,7.00000000000003,1,2,66,0.5
125,2554.877215,2553.830549,2554.222549,2554.823881,2566.789869,0,2.99999999999994,0.0299999999999997,5.99999999999996,2,1,65,0.5
126,2578.875191,2577.705858,2577.933192,2578.875191,2742.36236,1,NaN,0,5.99999999999996,2,1,65,0.5
127,2751.833684,2750.671685,2751.015018,2751.780351,2758.285011,0,2.99999999999994,0.0299999999999997,5.99999999999996,2,1,65,0.5
128,2764.288338,2763.341006,2763.556339,2764.288338,2772.50633,1,NaN,0,5.99999999999996,2,1,65,0.5
129,2774.335662,2773.470329,2773.557663,2774.282328,2778.210991,1,2.99999999999994,0.0299999999999997,7.00000000000003,1,2,66,0.5
130,2787.090316,2780.910989,2781.053655,2787.036982,2794.172309,0,2.99999999999994,0.0299999999999997,5.99999999999996,2,1,65,0.5
131,2795.642974,2794.681641,2795.111641,2795.589641,2798.453638,1,2.99999999999994,0.0299999999999997,7.00000000000003,1,2,66,0.5
132,2801.797634,2801.050302,2801.152302,2801.744301,2806.880963,0,2.99999999999994,0.0299999999999997,5.99999999999996,2,1,65,0.5
133,2808.014961,2807.465629,2807.556295,2808.014961,2813.545623,1,NaN,0,5.99999999999996,2,1,65,0.5
134,2818.492284,2816.876953,2817.832285,2818.438951,2829.381607,0,2.99999999999994,0.0299999999999997,5.99999999999996,2,1,65,0.5
135,2830.507606,2829.81694,2830.056939,2830.507606,2839.037597,1,NaN,0,5.99999999999996,2,1,65,0.5
136,2840.138929,2839.514263,2839.674263,2840.124263,2842.805593,0,2.99999999999994,0.0299999999999997,5.99999999999996,2,1,65,0.5
137,2845.374257,2844.749591,2844.946924,2845.344924,2848.277588,1,2.99999999999994,0.0299999999999997,7.00000000000003,1,2,66,0.5
138,2850.087586,2849.28092,2849.517587,2850.034253,2854.992248,0,2.99999999999994,0.0299999999999997,5.99999999999996,2,1,65,0.5
139,2856.85558,2856.090247,2856.36558,2856.802246,2861.531575,1,2.99999999999994,0.0299999999999997,7.00000000000003,1,2,66,0.5
140,2865.034904,2864.208905,2864.528905,2864.981571,2868.910234,0,2.99999999999994,0.0299999999999997,5.99999999999996,2,1,65,0.5
141,2871.802898,2871.178232,2871.338898,2871.773564,2875.740227,1,2.99999999999994,0.0299999999999997,7.00000000000003,1,2,66,0.5
142,2878.798224,2877.976225,2878.142225,2878.745557,2882.168887,0,2.99999999999994,0.0299999999999997,5.99999999999996,2,1,65,0.5
143,2884.466885,2883.759552,2883.952885,2884.413552,2889.481547,1,2.99999999999994,0.0299999999999997,7.00000000000003,1,2,66,0.5
144,2893.338209,2892.65621,2892.811543,2893.338209,2898.310204,0,NaN,0,7.00000000000003,1,2,66,0.5
145,2899.60687,2898.925537,2899.13087,2899.60687,2906.978196,1,NaN,0,5.99999999999996,2,1,65,0.5
146,2908.94886,2907.624862,2908.013528,2908.895528,2914.618855,1,2.99999999999994,0.0299999999999997,7.00000000000003,1,2,66,0.5
147,2924.897511,2924.134179,2924.392845,2924.897511,2928.078841,1,NaN,0,5.99999999999996,2,1,65,0.5
148,3012.288757,3010.973425,3011.177425,3012.288757,3017.849418,0,NaN,0,7.00000000000003,1,2,66,0.5
149,3019.653416,3018.698084,3018.850084,3019.653416,3025.78741,1,NaN,0,5.99999999999996,2,1,65,0.5
150,3036.630066,3035.646067,3035.9314,3036.630066,3041.884728,1,NaN,0,5.99999999999996,2,1,65,0.5
151,3043.857392,3043.105393,3043.386059,3043.857392,3057.742712,0,NaN,0,7.00000000000003,1,2,66,0.5
152,3061.716041,3061.096708,3061.257375,3061.716041,3080.350022,0,NaN,0,7.00000000000003,1,2,66,0.5
153,3083.00802,3081.824688,3082.514687,3083.00802,3087.653348,0,NaN,0,7.00000000000003,1,2,66,0.5
154,3089.212014,3088.382014,3088.662681,3089.212014,3097.019339,0,NaN,0,7.00000000000003,1,2,66,0.5
155,3104.268665,3103.164666,3103.795332,3104.268665,3109.62866,0,NaN,0,7.00000000000003,1,2,66,0.5
156,3128.747974,3128.094641,3128.263308,3128.694641,3136.557966,1,2.99999999999994,0.0299999999999997,7.00000000000003,1,2,66,0.5
157,3141.575295,3140.874629,3141.070628,3141.575295,3147.746622,0,NaN,0,7.00000000000003,1,2,66,0.5
158,3149.56862,3148.555954,3149.071287,3149.515287,3153.289283,1,2.99999999999994,0.0299999999999997,7.00000000000003,1,2,66,0.5
159,3160.247276,3159.32061,3159.611943,3160.247276,3163.325939,0,NaN,0,7.00000000000003,1,2,66,0.5
160,3180.580589,3179.503257,3179.917923,3180.580589,3181.447255,0,NaN,0,7.00000000000003,1,2,66,0.5
161,3195.746574,3194.682575,3195.167908,3195.69324,3202.669233,0,2.99999999999994,0.0299999999999997,5.99999999999996,2,1,65,0.5
162,3204.191232,3203.1199,3203.658566,3204.137899,3222.48188,1,2.99999999999994,0.0299999999999997,7.00000000000003,1,2,66,0.5
163,3421.920348,3420.161016,3420.617015,3421.920348,3422.52968,0,NaN,0,7.00000000000003,1,2,66,0.5
164,3436.099667,3435.118334,3435.406334,3436.099667,3441.098328,0,NaN,0,7.00000000000003,1,2,66,0.5
165,3444.450992,3443.22366,3443.463659,3444.450992,3449.884986,0,NaN,0,7.00000000000003,1,2,66,0.5
166,3451.513651,3450.514319,3450.984985,3451.460318,3455.206314,1,2.99999999999994,0.0299999999999997,7.00000000000003,1,2,66,0.5
167,3474.450962,3472.766297,3472.944296,3474.397629,3483.510953,1,2.99999999999994,0.0299999999999997,7.00000000000003,1,2,66,0.5
168,3486.29095,3485.497617,3485.693617,3486.29095,3494.363608,0,NaN,0,7.00000000000003,1,2,66,0.5
169,3497.530939,3496.37694,3496.940272,3497.477605,3502.086267,0,2.99999999999994,0.0299999999999997,5.99999999999996,2,1,65,0.5
170,3504.310266,3503.618266,3503.746266,3504.256932,3507.944261,1,2.99999999999994,0.0299999999999997,7.00000000000003,1,2,66,0.5
171,3509.927593,3509.130927,3509.35626,3509.87426,3513.266256,0,2.99999999999994,0.0299999999999997,5.99999999999996,2,1,65,0.5
172,3519.43225,3518.644917,3518.867584,3519.378917,3520.308249,1,2.99999999999994,0.0299999999999997,7.00000000000003,1,2,66,0.5
173,3523.476246,3522.81358,3522.964913,3523.422913,3527.495575,0,2.99999999999994,0.0299999999999997,5.99999999999996,2,1,65,0.5
174,3529.486907,3528.744241,3528.933574,3529.433573,3530.272906,1,2.99999999999994,0.0299999999999997,7.00000000000003,1,2,66,0.5
175,3531.905571,3531.001572,3531.382905,3531.852238,3545.62489,0,2.99999999999994,0.0299999999999997,5.99999999999996,2,1,65,0.5
176,3547.108889,3546.344223,3546.559556,3547.055556,3555.237548,1,2.99999999999994,0.0299999999999997,7.00000000000003,1,2,66,0.5
177,3559.43621,3558.662877,3558.856211,3559.383543,3562.606207,0,2.99999999999994,0.0299999999999997,5.99999999999996,2,1,65,0.5
178,3566.776869,3565.61487,3565.855537,3566.723536,3574.274195,1,2.99999999999994,0.0299999999999997,7.00000000000003,1,2,66,0.5
179,3575.74886,3574.928861,3575.062194,3575.695527,3580.596189,0,2.99999999999994,0.0299999999999997,5.99999999999996,2,1,65,0.5
180,3583.318853,3582.243521,3582.512854,3583.318853,3588.798181,1,NaN,0,5.99999999999996,2,1,65,0.5
181,3590.739512,3589.436847,3589.84218,3590.686179,3593.998842,0,2.99999999999994,0.0299999999999997,5.99999999999996,2,1,65,0.5
182,3597.937505,3596.718173,3597.170839,3597.937505,3603.488166,1,NaN,0,5.99999999999996,2,1,65,0.5
183,3604.741498,3603.940165,3604.242832,3604.741498,3610.778159,1,NaN,0,5.99999999999996,2,1,65,0.5
184,3613.03349,3612.101491,3612.568157,3613.03349,3620.391482,1,NaN,0,5.99999999999996,2,1,65,0.5
185,3622.914147,3621.576815,3622.386147,3622.914147,3628.236141,0,NaN,0,7.00000000000003,1,2,66,0.5
186,3629.986139,3629.016807,3629.47414,3629.986139,3638.307464,0,NaN,0,7.00000000000003,1,2,66,0.5
187,3639.646796,3638.816131,3639.142797,3639.593463,3642.552794,0,2.99999999999994,0.0299999999999997,5.99999999999996,2,1,65,0.5
188,3644.871458,3643.782792,3644.326125,3644.818125,3648.676121,1,2.99999999999994,0.0299999999999997,7.00000000000003,1,2,66,0.5
189,3651.322785,3650.524119,3650.811452,3651.322785,3656.442113,0,NaN,0,7.00000000000003,1,2,66,0.5
190,3658.807444,3657.096779,3657.695445,3658.754111,3661.864774,1,2.99999999999994,0.0299999999999997,7.00000000000003,1,2,66,0.5
191,3666.890769,3665.667437,3666.37277,3666.837436,3671.409431,0,2.99999999999994,0.0299999999999997,5.99999999999996,2,1,65,0.5
192,3673.956762,3673.18943,3673.412096,3673.903429,3677.564759,1,2.99999999999994,0.0299999999999997,7.00000000000003,1,2,66,0.5
193,3679.76409,3678.884757,3679.243424,3679.76409,3687.941415,0,NaN,0,7.00000000000003,1,2,66,0.5
194,3689.911413,3688.93008,3689.42008,3689.911413,3695.637407,0,NaN,0,7.00000000000003,1,2,66,0.5
195,3697.071406,3696.27274,3696.617406,3697.071406,3700.987402,1,NaN,0,5.99999999999996,2,1,65,0.5
196,3703.240066,3702.8714,3702.8974,3703.240066,3820.860615,1,NaN,0,5.99999999999996,2,1,65,0.5
197,3823.757279,3822.724613,3822.857947,3823.703946,3862.240574,1,2.99999999999994,0.0299999999999997,7.00000000000003,1,2,66,0.5
198,3868.409234,3867.500569,3867.823902,3868.409234,3871.833231,1,NaN,0,5.99999999999996,2,1,65,0.5
199,3876.961226,3875.92256,3876.209893,3876.961226,4022.58308,1,NaN,0,5.99999999999996,2,1,65,0.5
200,4024.475078,4023.449079,4023.745746,4024.421745,4034.251735,0,2.99999999999994,0.0299999999999997,5.99999999999996,2,1,65,0.5
201,4036.455733,4035.097068,4035.184401,4036.455733,4046.089723,1,NaN,0,5.99999999999996,2,1,65,0.5
202,4048.442388,4047.344389,4047.575055,4048.389054,4052.146384,0,2.99999999999994,0.0299999999999997,5.99999999999996,2,1,65,0.5
203,4054.430382,4053.755716,4053.849716,4054.377049,4058.073045,1,2.99999999999994,0.0299999999999997,7.00000000000003,1,2,66,0.5
204,4059.961043,4059.275043,4059.412377,4059.961043,4066.021703,0,NaN,0,7.00000000000003,1,2,66,0.5
205,4068.026368,4067.187036,4067.505035,4067.973035,4072.83703,1,2.99999999999994,0.0299999999999997,7.00000000000003,1,2,66,0.5
206,4074.650361,4073.823029,4074.099695,4074.597028,4077.022359,0,2.99999999999994,0.0299999999999997,5.99999999999996,2,1,65,0.5
207,4078.693024,4078.072358,4078.148358,4078.639691,4083.337686,1,2.99999999999994,0.0299999999999997,7.00000000000003,1,2,66,0.5
208,4084.913018,4084.225685,4084.400352,4084.913018,4089.808346,0,NaN,0,7.00000000000003,1,2,66,0.5
209,4091.107012,4090.418346,4090.547679,4091.053678,4093.681676,0,2.99999999999994,0.0299999999999997,5.99999999999996,2,1,65,0.5
210,4095.478341,4094.975674,4095.021008,4095.478341,4100.362336,1,NaN,0,5.99999999999996,2,1,65,0.5
211,4102.067667,4101.275001,4101.371001,4102.014334,4106.42033,1,2.99999999999994,0.0299999999999997,7.00000000000003,1,2,66,0.5
212,4107.972328,4107.200996,4107.226996,4107.972328,4127.374309,0,NaN,0,7.00000000000003,1,2,66,0.5
213,4128.544308,4127.876975,4128.062308,4128.544308,4133.404969,1,NaN,0,5.99999999999996,2,1,65,0.5
214,4135.631634,4134.197635,4134.842301,4135.631634,4143.329626,0,NaN,0,7.00000000000003,1,2,66,0.5
215,4146.670289,4145.708957,4146.16229,4146.616956,4152.399617,0,2.99999999999994,0.0299999999999997,5.99999999999996,2,1,65,0.5
216,4154.096282,4153.09295,4153.596283,4154.096282,4159.804276,0,NaN,0,7.00000000000003,1,2,66,0.5
217,4161.391608,4160.415609,4160.887609,4161.338275,4163.925606,1,2.99999999999994,0.0299999999999997,7.00000000000003,1,2,66,0.5
218,4165.509604,4164.693605,4164.949604,4165.509604,4170.557599,0,NaN,0,7.00000000000003,1,2,66,0.5
219,4173.397596,4171.166932,4172.736264,4173.344263,4176.631593,1,2.99999999999994,0.0299999999999997,7.00000000000003,1,2,66,0.5
220,4179.02559,4177.769592,4178.492258,4179.02559,4183.909586,0,NaN,0,7.00000000000003,1,2,66,0.5
221,4186.114917,4185.090918,4185.578251,4186.061583,4192.47891,1,2.99999999999994,0.0299999999999997,7.00000000000003,1,2,66,0.5
222,4196.198907,4195.103574,4195.676241,4196.145573,4198.518904,0,2.99999999999994,0.0299999999999997,5.99999999999996,2,1,65,0.5
223,4200.274236,4199.53157,4199.72357,4200.220903,4205.001564,1,2.99999999999994,0.0299999999999997,7.00000000000003,1,2,66,0.5
224,4207.820228,4206.972229,4207.310895,4207.820228,4214.734221,0,NaN,0,7.00000000000003,1,2,66,0.5
225,4217.694218,4216.141553,4217.062219,4217.640885,4221.354215,0,2.99999999999994,0.0299999999999997,5.99999999999996,2,1,65,0.5
226,4223.248213,4222.416214,4222.712213,4223.19488,4227.415542,1,2.99999999999994,0.0299999999999997,7.00000000000003,1,2,66,0.5
227,4229.314207,4228.450874,4228.691541,4229.260874,4233.706869,0,2.99999999999994,0.0299999999999997,5.99999999999996,2,1,65,0.5
228,4236.986199,4236.307533,4236.439533,4236.932866,4242.068861,1,2.99999999999994,0.0299999999999997,7.00000000000003,1,2,66,0.5
229,4244.990191,4244.183525,4244.418858,4244.990191,4253.799516,0,NaN,0,7.00000000000003,1,2,66,0.5
230,4255.819514,4254.943514,4255.255514,4255.76618,4258.914844,1,2.99999999999994,0.0299999999999997,7.00000000000003,1,2,66,0.5
231,4261.332175,4260.190843,4260.575509,4261.332175,4268.386834,1,NaN,0,5.99999999999996,2,1,65,0.5
232,4271.098165,4269.1375,4270.417499,4271.098165,4277.160826,1,NaN,0,5.99999999999996,2,1,65,0.5
233,4282.485487,4280.919488,4281.805488,4282.432154,4285.413485,0,2.99999999999994,0.0299999999999997,5.99999999999996,2,1,65,0.5
234,4287.716148,4286.46015,4286.796816,4287.716148,4294.172142,1,NaN,0,5.99999999999996,2,1,65,0.5
235,4295.67614,4294.780808,4295.088141,4295.67614,4302.6268,1,NaN,0,5.99999999999996,2,1,65,0.5
236,4304.280798,4303.226133,4303.730799,4304.227465,4306.804129,1,2.99999999999994,0.0299999999999997,7.00000000000003,1,2,66,0.5
237,4309.474793,4308.707461,4308.982794,4309.474793,4312.44479,0,NaN,0,7.00000000000003,1,2,66,0.5
238,4317.200119,4316.25812,4316.738119,4317.200119,4322.509447,1,NaN,0,5.99999999999996,2,1,65,0.5
239,4325.83411,4324.022779,4324.696778,4325.780777,4327.867442,0,2.99999999999994,0.0299999999999997,5.99999999999996,2,1,65,0.5
240,4329.836774,4328.895441,4329.256774,4329.78344,4333.235436,1,2.99999999999994,0.0299999999999997,7.00000000000003,1,2,66,0.5
241,4336.728766,4336.048767,4336.140767,4336.675433,4340.463429,0,2.99999999999994,0.0299999999999997,5.99999999999996,2,1,65,0.5
242,4342.141427,4341.340095,4341.488095,4342.088094,4346.566756,1,2.99999999999994,0.0299999999999997,7.00000000000003,1,2,66,0.5
243,4349.13742,4347.739422,4347.886088,4349.084087,4353.418083,1,2.99999999999994,0.0299999999999997,7.00000000000003,1,2,66,0.5
244,4356.071413,4355.232748,4355.504747,4356.071413,4356.644746,0,NaN,0,7.00000000000003,1,2,66,0.5
245,4371.269398,4370.556066,4370.715399,4371.269398,4374.176729,1,NaN,0,5.99999999999996,2,1,65,0.5
246,4387.833382,4385.431384,4385.628717,4387.780048,4391.380711,0,2.99999999999994,0.0299999999999997,5.99999999999996,2,1,65,0.5
247,4394.102042,4393.142043,4393.290043,4394.048709,4400.706035,1,2.99999999999994,0.0299999999999997,7.00000000000003,1,2,66,0.5
248,4402.3307,4401.531368,4401.572035,4402.277367,4434.965334,0,2.99999999999994,0.0299999999999997,5.99999999999996,2,1,65,0.5
249,4439.005997,4437.291999,4437.479999,4438.952664,4451.199318,1,2.99999999999994,0.0299999999999997,7.00000000000003,1,2,66,0.5
250,4528.305241,4527.206576,4527.521909,4528.305241,4528.902574,1,NaN,0,5.99999999999996,2,1,65,0.5
251,4545.758557,4544.815891,4545.052558,4545.758557,4642.393127,0,NaN,0,7.00000000000003,1,2,66,0.5
252,4644.539792,4643.753126,4643.876459,4644.487125,4657.997111,0,2.99999999999994,0.0299999999999997,5.99999999999996,2,1,65,0.5
253,4665.020438,4663.947772,4664.253105,4665.020438,4670.443766,1,NaN,0,5.99999999999996,2,1,65,0.5
254,4672.033097,4671.229098,4671.481098,4671.979764,4678.298424,0,2.99999999999994,0.0299999999999997,5.99999999999996,2,1,65,0.5
255,4681.815754,4679.963756,4680.061756,4681.815754,4686.915749,1,NaN,0,5.99999999999996,2,1,65,0.5
256,4688.722414,4687.705748,4688.178415,4688.669081,4690.130413,0,2.99999999999994,0.0299999999999997,5.99999999999996,2,1,65,0.5
257,4692.267077,4691.536411,4691.772411,4692.267077,4698.125738,1,NaN,0,5.99999999999996,2,1,65,0.5
258,4700.318402,4698.898404,4699.533737,4700.318402,4707.351729,0,NaN,0,7.00000000000003,1,2,66,0.5
259,4709.52706,4708.079061,4708.905727,4709.473727,4712.717723,0,2.99999999999994,0.0299999999999997,5.99999999999996,2,1,65,0.5
260,4716.03572,4715.262388,4715.463054,4715.982387,4716.693053,1,2.99999999999994,0.0299999999999997,7.00000000000003,1,2,66,0.5
261,4718.668384,4717.478385,4718.191051,4718.668384,4732.268371,0,NaN,0,7.00000000000003,1,2,66,0.5
262,4734.758368,4734.134369,4734.203035,4734.758368,4734.987034,1,NaN,0,5.99999999999996,2,1,65,0.5
263,4874.988228,4873.974229,4874.394895,4874.988228,4875.530227,1,NaN,0,5.99999999999996,2,1,65,0.5
264,4884.756885,4883.946885,4884.050885,4884.703551,4889.248214,0,2.99999999999994,0.0299999999999997,5.99999999999996,2,1,65,0.5
265,4891.202212,4890.313546,4890.524212,4891.202212,4897.782872,0,NaN,0,7.00000000000003,1,2,66,0.5
266,4916.855519,4915.400187,4915.82152,4916.855519,4925.746844,0,NaN,0,7.00000000000003,1,2,66,0.5
267,4934.014169,4933.060836,4933.134836,4934.014169,4999.885436,1,NaN,0,5.99999999999996,2,1,65,0.5
268,5006.994762,5005.758764,5006.124763,5006.941429,5012.739423,1,2.99999999999994,0.0299999999999997,7.00000000000003,1,2,66,0.5
269,5015.858754,5014.966088,5015.138754,5015.80542,5017.130752,1,2.99999999999994,0.0299999999999997,7.00000000000003,1,2,66,0.5
270,5019.19675,5018.313418,5018.582084,5019.143417,5026.618076,0,2.99999999999994,0.0299999999999997,5.99999999999996,2,1,65,0.5
271,5028.718074,5027.887408,5028.088741,5028.718074,5034.862735,1,NaN,0,5.99999999999996,2,1,65,0.5
272,5036.782733,5035.7194,5036.138067,5036.729399,5040.546062,0,2.99999999999994,0.0299999999999997,5.99999999999996,2,1,65,0.5
273,5042.433394,5041.772061,5041.806061,5042.433394,5048.118055,1,NaN,0,5.99999999999996,2,1,65,0.5
274,5050.167386,5048.801387,5049.45472,5050.114053,5052.985383,0,2.99999999999994,0.0299999999999997,5.99999999999996,2,1,65,0.5
275,5054.817381,5053.972715,5054.304715,5054.817381,5062.024041,1,NaN,0,5.99999999999996,2,1,65,0.5
276,5064.510038,5063.270039,5063.881372,5064.510038,5075.446694,0,NaN,0,7.00000000000003,1,2,66,0.5
277,5078.101358,5077.005359,5077.350025,5078.101358,5082.213354,1,NaN,0,5.99999999999996,2,1,65,0.5
278,5085.91335,5084.675351,5085.330684,5085.860017,5087.954015,1,2.99999999999994,0.0299999999999997,7.00000000000003,1,2,66,0.5
279,5090.606679,5089.74468,5090.049346,5090.606679,5305.769797,0,NaN,0,7.00000000000003,1,2,66,0.5
280,5346.893089,5344.644425,5345.618424,5346.893089,5352.82575,1,NaN,0,5.99999999999996,2,1,65,0.5
281,5355.531081,5354.289082,5355.007748,5355.531081,5362.852407,0,NaN,0,7.00000000000003,1,2,66,0.5
282,5365.271071,5364.125072,5364.725071,5365.271071,5368.951734,0,NaN,0,7.00000000000003,1,2,66,0.5
283,5381.949721,5380.682389,5381.266388,5381.896388,5384.406385,0,2.99999999999994,0.0299999999999997,5.99999999999996,2,1,65,0.5
284,5387.956381,5386.837049,5387.396382,5387.903048,5397.243039,1,2.99999999999994,0.0299999999999997,7.00000000000003,1,2,66,0.5
285,5403.533033,5402.777033,5402.925033,5403.533033,5415.672354,0,NaN,0,7.00000000000003,1,2,66,0.5
286,5447.901655,5446.57299,5446.772989,5447.848322,5458.919644,1,2.99999999999994,0.0299999999999997,7.00000000000003,1,2,66,0.5
287,5460.379642,5459.776976,5459.81231,5460.379642,5467.149636,0,NaN,0,7.00000000000003,1,2,66,0.5
288,5470.869632,5468.838967,5469.767633,5470.816299,5474.246295,1,2.99999999999994,0.0299999999999997,7.00000000000003,1,2,66,0.5
289,5476.784293,5475.926293,5476.209627,5476.784293,5482.28562,0,NaN,0,7.00000000000003,1,2,66,0.5
290,5484.810951,5483.200953,5483.989619,5484.757618,5489.52428,0,2.99999999999994,0.0299999999999997,5.99999999999996,2,1,65,0.5
291,5491.724944,5490.599612,5490.747612,5491.671611,5497.536939,1,2.99999999999994,0.0299999999999997,7.00000000000003,1,2,66,0.5
292,5501.660268,5500.897602,5501.023602,5501.606935,5512.432924,0,2.99999999999994,0.0299999999999997,5.99999999999996,2,1,65,0.5
293,5513.972922,5513.186256,5513.455589,5513.972922,5519.40225,1,NaN,0,5.99999999999996,2,1,65,0.5
294,5522.244914,5520.641582,5521.536248,5522.191581,5525.481577,0,2.99999999999994,0.0299999999999997,5.99999999999996,2,1,65,0.5
295,5531.075572,5530.244906,5530.589572,5531.075572,5558.692877,1,NaN,0,5.99999999999996,2,1,65,0.5
296,5561.088875,5559.50221,5559.84621,5561.035542,5563.966872,0,2.99999999999994,0.0299999999999997,5.99999999999996,2,1,65,0.5
297,5566.44087,5565.316204,5565.600204,5566.44087,5571.822864,1,NaN,0,5.99999999999996,2,1,65,0.5
298,5573.388863,5572.42353,5572.78353,5573.335529,5576.06086,0,2.99999999999994,0.0299999999999997,5.99999999999996,2,1,65,0.5
299,5578.059525,5577.381525,5577.552192,5578.059525,5583.408853,1,NaN,0,5.99999999999996,2,1,65,0.5
300,5591.370845,5590.454846,5590.766845,5591.317511,5593.690176,0,2.99999999999994,0.0299999999999997,5.99999999999996,2,1,65,0.5
301,5612.984156,5611.782158,5611.954824,5612.984156,5626.934809,1,NaN,0,5.99999999999996,2,1,65,0.5
302,5687.392082,5686.204083,5686.525416,5687.338749,5690.374079,1,2.99999999999994,0.0299999999999997,7.00000000000003,1,2,66,0.5
303,5700.494736,5699.76207,5699.81007,5700.494736,5702.2834,0,NaN,0,7.00000000000003,1,2,66,0.5
304,5710.615392,5709.49206,5709.834726,5710.615392,5719.578717,1,NaN,0,5.99999999999996,2,1,65,0.5
305,5722.340047,5721.706714,5721.884048,5722.340047,6020.402416,0,NaN,0,7.00000000000003,1,2,66,0.5
306,6030.750405,6029.32574,6029.513073,6030.697072,6051.329718,1,2.99999999999994,0.0299999999999997,7.00000000000003,1,2,66,0.5
307,6054.888381,6053.269716,6053.339049,6054.888381,6060.925709,1,NaN,0,5.99999999999996,2,1,65,0.5
308,6067.492369,6066.693703,6066.835703,6067.439035,6069.992366,0,2.99999999999994,0.0299999999999997,5.99999999999996,2,1,65,0.5
309,6073.892362,6072.349697,6072.521697,6073.892362,6078.068358,1,NaN,0,5.99999999999996,2,1,65,0.5
310,6081.227022,6079.77169,6079.928356,6081.174355,6084.164352,1,2.99999999999994,0.0299999999999997,7.00000000000003,1,2,66,0.5
311,6086.714349,6085.899684,6086.127017,6086.661016,6093.21301,0,2.99999999999994,0.0299999999999997,5.99999999999996,2,1,65,0.5
312,6094.845675,6094.080342,6094.212342,6094.845675,6100.836335,1,NaN,0,5.99999999999996,2,1,65,0.5
313,6121.165648,6120.336982,6120.466316,6121.112315,6123.209646,1,2.99999999999994,0.0299999999999997,7.00000000000003,1,2,66,0.5
314,6126.40231,6125.60631,6125.718977,6126.348976,6129.31364,0,2.99999999999994,0.0299999999999997,5.99999999999996,2,1,65,0.5
315,6131.298305,6130.562306,6130.744972,6131.298305,6136.0463,1,NaN,0,5.99999999999996,2,1,65,0.5
316,6138.0403,6137.073632,6137.443632,6137.986965,6141.230295,0,2.99999999999994,0.0299999999999997,5.99999999999996,2,1,65,0.5
317,6143.491626,6142.53696,6142.81896,6143.491626,6145.95229,1,NaN,0,5.99999999999996,2,1,65,0.5
318,6195.304907,6194.400908,6194.658241,6195.304907,6200.489569,1,NaN,0,5.99999999999996,2,1,65,0.5
319,6202.617567,6201.377568,6202.010901,6202.564234,6203.534899,1,2.99999999999994,0.0299999999999997,7.00000000000003,1,2,66,0.5
320,6205.65823,6204.306898,6205.062898,6205.65823,6206.769563,0,NaN,0,7.00000000000003,1,2,66,0.5
321,6219.204217,6218.262218,6218.406884,6219.150884,6254.226849,0,2.99999999999994,0.0299999999999997,5.99999999999996,2,1,65,0.5
322,6256.18418,6255.444181,6255.630848,6256.130847,6257.016846,1,2.99999999999994,0.0299999999999997,7.00000000000003,1,2,66,0.5
323,6258.974177,6258.090178,6258.428844,6258.920844,6261.265508,0,2.99999999999994,0.0299999999999997,5.99999999999996,2,1,65,0.5
324,6264.396172,6263.801506,6263.814172,6264.342838,6267.056836,1,2.99999999999994,0.0299999999999997,7.00000000000003,1,2,66,0.5
325,6274.343495,6273.400163,6273.696162,6274.343495,6278.956157,0,NaN,0,7.00000000000003,1,2,66,0.5
326,6280.668822,6279.788823,6280.057489,6280.668822,6285.088151,0,NaN,0,7.00000000000003,1,2,66,0.5
327,6287.252816,6286.615483,6286.738816,6287.252816,6293.336143,1,NaN,0,5.99999999999996,2,1,65,0.5
328,6297.510139,6296.085473,6296.945472,6297.510139,6303.801466,0,NaN,0,7.00000000000003,1,2,66,0.5
329,6307.086796,6305.906797,6306.552796,6307.086796,6314.393455,0,NaN,0,7.00000000000003,1,2,66,0.5
330,6317.449452,6315.781454,6316.914119,6317.449452,6321.230115,1,NaN,0,5.99999999999996,2,1,65,0.5
331,6331.720104,6331.169438,6331.202105,6331.720104,6332.044771,1,NaN,0,5.99999999999996,2,1,65,0.5
332,6370.533399,6369.272733,6369.590067,6370.533399,6385.648717,0,NaN,0,7.00000000000003,1,2,66,0.5
333,6387.660715,6386.583383,6386.948049,6387.660715,6405.224698,1,NaN,0,5.99999999999996,2,1,65,0.5
334,6412.213357,6411.558691,6411.694024,6412.160024,6415.675354,0,2.99999999999994,0.0299999999999997,5.99999999999996,2,1,65,0.5
335,6425.908677,6425.010678,6425.206011,6425.908677,6432.221337,0,NaN,0,7.00000000000003,1,2,66,0.5
336,6436.056667,6433.749336,6435.369334,6436.003335,6436.972666,1,2.99999999999994,0.0299999999999997,7.00000000000003,1,2,66,0.5
337,6439.58533,6438.243331,6438.94933,6439.531997,6442.339994,0,2.99999999999994,0.0299999999999997,5.99999999999996,2,1,65,0.5
338,6445.446657,6444.431325,6444.679991,6445.393324,6449.900653,0,2.99999999999994,0.0299999999999997,5.99999999999996,2,1,65,0.5
339,6454.287982,6453.315316,6453.636649,6454.234649,6464.393305,1,2.99999999999994,0.0299999999999997,7.00000000000003,1,2,66,0.5
340,6465.918637,6465.161304,6465.270638,6465.918637,6470.384632,0,NaN,0,7.00000000000003,1,2,66,0.5
341,6476.635959,6475.781294,6475.878627,6476.635959,6534.523902,0,NaN,0,7.00000000000003,1,2,66,0.5
342,6538.817231,6537.886565,6538.241898,6538.763897,6545.190558,0,2.99999999999994,0.0299999999999997,5.99999999999996,2,1,65,0.5
343,6549.63322,6548.927887,6549.058554,6549.63322,6552.997883,1,NaN,0,5.99999999999996,2,1,65,0.5
344,6556.330546,6555.339881,6555.745214,6556.277213,6560.104543,1,2.99999999999994,0.0299999999999997,7.00000000000003,1,2,66,0.5
345,6571.186532,6570.447199,6570.532532,6571.186532,6583.193853,0,NaN,0,7.00000000000003,1,2,66,0.5
346,6834.551602,6832.995603,6833.494269,6834.551602,6844.319592,1,NaN,0,5.99999999999996,2,1,65,0.5
347,6855.218914,6854.575582,6854.592248,6855.165581,6857.599579,0,2.99999999999994,0.0299999999999997,5.99999999999996,2,1,65,0.5
348,6860.912909,6860.133576,6860.28291,6860.859575,6867.204902,1,2.99999999999994,0.0299999999999997,7.00000000000003,1,2,66,0.5
349,6871.473565,6870.650232,6870.892899,6871.473565,6877.100892,1,NaN,0,5.99999999999996,2,1,65,0.5
350,6879.29089,6877.956891,6878.581558,6879.29089,6885.742217,0,NaN,0,7.00000000000003,1,2,66,0.5
351,6887.564882,6886.494216,6887.023549,6887.564882,6893.669543,1,NaN,0,5.99999999999996,2,1,65,0.5
352,6896.210207,6894.730208,6895.548874,6896.156873,6946.750823,0,2.99999999999994,0.0299999999999997,5.99999999999996,2,1,65,0.5
353,6953.18015,6952.180817,6952.465484,6953.18015,6957.334812,0,NaN,0,7.00000000000003,1,2,66,0.5
354,6962.803473,6961.978807,6962.194807,6962.75014,6974.204795,0,2.99999999999994,0.0299999999999997,5.99999999999996,2,1,65,0.5
355,6978.507458,6977.081459,6977.618792,6978.507458,6979.045457,1,NaN,0,5.99999999999996,2,1,65,0.5
356,6993.548109,6992.172111,6992.537444,6993.548109,6996.738773,1,NaN,0,5.99999999999996,2,1,65,0.5
357,7019.767416,7018.964084,7019.09075,7019.714083,7028.413408,1,2.99999999999994,0.0299999999999997,7.00000000000003,1,2,66,0.5
358,7050.977385,7050.214719,7050.538052,7050.977385,7066.330036,0,NaN,0,7.00000000000003,1,2,66,0.5
359,7068.034035,7067.219369,7067.566702,7068.034035,7091.130012,1,NaN,0,5.99999999999996,2,1,65,0.5
360,7094.727341,7094.034009,7094.151342,7094.727341,7098.013338,1,NaN,0,5.99999999999996,2,1,65,0.5
361,7113.323323,7112.72199,7112.75599,7113.269989,7116.02132,1,2.99999999999994,0.0299999999999997,7.00000000000003,1,2,66,0.5
362,7123.161313,7122.050647,7122.315314,7123.10798,7125.829977,0,2.99999999999994,0.0299999999999997,5.99999999999996,2,1,65,0.5
363,7137.986631,7137.234632,7137.522632,7137.986631,7143.925959,1,NaN,0,5.99999999999996,2,1,65,0.5
364,7156.903279,7156.000613,7156.311946,7156.849946,7157.675945,0,2.99999999999994,0.0299999999999997,5.99999999999996,2,1,65,0.5
365,7167.594602,7166.846603,7167.154602,7167.594602,7170.053933,1,NaN,0,5.99999999999996,2,1,65,0.5
366,7215.370554,7214.109889,7214.129222,7215.317221,7247.685855,0,2.99999999999994,0.0299999999999997,5.99999999999996,2,1,65,0.5
367,7252.368517,7251.345851,7251.721851,7252.315184,7256.153847,1,2.99999999999994,0.0299999999999997,7.00000000000003,1,2,66,0.5
368,7269.8345,7268.839167,7268.983834,7269.8345,7281.790488,1,NaN,0,5.99999999999996,2,1,65,0.5
369,7294.367142,7293.685142,7293.819809,7294.367142,7300.423136,0,NaN,0,7.00000000000003,1,2,66,0.5
370,7303.205133,7302.249801,7302.782467,7303.205133,7340.449096,1,NaN,0,5.99999999999996,2,1,65,0.5
371,7345.603757,7344.871091,7345.128424,7345.603757,7351.556418,0,NaN,0,7.00000000000003,1,2,66,0.5
372,7358.139745,7357.450412,7357.693745,7358.086411,7365.025071,1,2.99999999999994,0.0299999999999997,7.00000000000003,1,2,66,0.5
373,7366.29107,7365.730404,7365.835737,7366.29107,7372.96573,0,NaN,0,7.00000000000003,1,2,66,0.5
374,7375.497727,7374.325062,7375.028394,7375.497727,7393.370376,1,NaN,0,5.99999999999996,2,1,65,0.5
375,7394.832375,7394.284375,7394.391042,7394.832375,7411.587691,1,NaN,0,5.99999999999996,2,1,65,0.5
376,7413.549023,7412.453024,7412.833023,7413.495689,7421.471681,1,2.99999999999994,0.0299999999999997,7.00000000000003,1,2,66,0.5
377,7423.887679,7423.194346,7423.465679,7423.887679,7438.722331,1,NaN,0,5.99999999999996,2,1,65,0.5
378,7439.988996,7439.32433,7439.504997,7439.988996,7457.652312,1,NaN,0,5.99999999999996,2,1,65,0.5
379,7532.196237,7531.514238,7531.656904,7532.196237,7562.84754,1,NaN,0,5.99999999999996,2,1,65,0.5
380,7564.090872,7563.396873,7563.543539,7564.090872,7568.163535,1,NaN,0,5.99999999999996,2,1,65,0.5
381,7579.58819,7578.896857,7579.131524,7579.58819,7583.056853,1,NaN,0,5.99999999999996,2,1,65,0.5
382,7589.786846,7589.28818,7589.322847,7589.786846,7597.759505,1,NaN,0,5.99999999999996,2,1,65,0.5
383,7601.629501,7600.303502,7601.092168,7601.576168,7604.005499,0,2.99999999999994,0.0299999999999997,5.99999999999996,2,1,65,0.5
384,7606.491496,7605.354831,7606.056163,7606.491496,7612.008157,1,NaN,0,5.99999999999996,2,1,65,0.5
385,7614.914821,7613.543489,7614.412822,7614.914821,7713.344057,0,NaN,0,7.00000000000003,1,2,66,0.5
386,7742.636027,7741.771361,7742.108694,7742.636027,7749.82002,0,NaN,0,7.00000000000003,1,2,66,0.5
387,7758.095345,7757.344679,7757.518679,7758.042011,7760.745342,1,2.99999999999994,0.0299999999999997,7.00000000000003,1,2,66,0.5
388,7764.322672,7763.440673,7763.745339,7764.269338,7779.154657,0,2.99999999999994,0.0299999999999997,5.99999999999996,2,1,65,0.5
389,7781.691321,7780.886655,7781.172655,7781.637988,7785.239318,1,2.99999999999994,0.0299999999999997,7.00000000000003,1,2,66,0.5
390,7789.610646,7788.765981,7788.934647,7789.557313,8098.865004,0,2.99999999999994,0.0299999999999997,5.99999999999996,2,1,65,0.5
391,8320.765449,8319.89345,8319.925449,8320.712115,8327.757442,1,2.99999999999994,0.0299999999999997,7.00000000000003,1,2,66,0.5
392,8332.30477,8330.843439,8331.402105,8332.251437,8343.670759,0,2.99999999999994,0.0299999999999997,5.99999999999996,2,1,65,0.5
393,8355.088081,8354.255415,8354.323415,8355.034748,8375.709394,0,2.99999999999994,0.0299999999999997,5.99999999999996,2,1,65,0.5
394,8377.139392,8376.27206,8376.538726,8377.139392,8417.949351,0,NaN,0,7.00000000000003,1,2,66,0.5
395,8425.062011,8424.149345,8424.520678,8425.062011,8425.482011,1,NaN,0,5.99999999999996,2,1,65,0.5
396,8433.767336,8432.44267,8433.22267,8433.714002,8436.611333,1,2.99999999999994,0.0299999999999997,7.00000000000003,1,2,66,0.5
397,8439.648663,8438.543331,8439.004664,8439.59533,8470.869299,0,2.99999999999994,0.0299999999999997,5.99999999999996,2,1,65,0.5
398,8473.053296,8472.270631,8472.303297,8473.053296,8478.456624,1,NaN,0,5.99999999999996,2,1,65,0.5
399,8483.071953,8481.612621,8482.44062,8483.01862,8487.049282,0,2.99999999999994,0.0299999999999997,5.99999999999996,2,1,65,0.5
400,8488.93528,8488.138615,8488.399948,8488.93528,8495.552607,1,NaN,0,5.99999999999996,2,1,65,0.5
401,8497.663272,8496.221273,8497.081939,8497.663272,8503.755266,1,NaN,0,5.99999999999996,2,1,65,0.5
402,8506.418596,8504.910598,8505.75793,8506.365263,8507.898595,0,2.99999999999994,0.0299999999999997,5.99999999999996,2,1,65,0.5
403,8511.059258,8509.092594,8510.424592,8511.005925,8537.589232,1,2.99999999999994,0.0299999999999997,7.00000000000003,1,2,66,0.5
404,8565.742537,8564.719205,8564.980538,8565.742537,8601.544501,1,NaN,0,5.99999999999996,2,1,65,0.5
405,8612.093824,8611.297158,8611.516491,8612.093824,8626.020477,0,NaN,0,7.00000000000003,1,2,66,0.5
406,8628.304474,8627.295142,8627.810475,8628.304474,8628.841141,0,NaN,0,7.00000000000003,1,2,66,0.5
407,8656.030447,8655.042448,8655.398447,8656.030447,8656.48778,1,NaN,0,5.99999999999996,2,1,65,0.5
408,8662.663107,8661.933108,8661.947108,8662.663107,8663.055773,0,NaN,0,7.00000000000003,1,2,66,0.5
409,8670.761099,8668.675767,8668.882434,8670.761099,8675.363094,0,NaN,0,7.00000000000003,1,2,66,0.5
410,8679.502423,8678.373091,8678.689757,8679.44909,8682.99442,0,2.99999999999994,0.0299999999999997,5.99999999999996,2,1,65,0.5
411,8687.265749,8686.307083,8686.635749,8687.212416,8691.345745,1,2.99999999999994,0.0299999999999997,7.00000000000003,1,2,66,0.5
412,8695.80774,8695.074408,8695.221075,8695.80774,8699.977069,0,NaN,0,7.00000000000003,1,2,66,0.5
413,8703.759066,8702.7284,8703.209733,8703.759066,8711.535725,0,NaN,0,7.00000000000003,1,2,66,0.5
414,8714.914388,8713.14639,8713.343056,8714.861055,8718.321051,1,2.99999999999994,0.0299999999999997,7.00000000000003,1,2,66,0.5
415,8721.749048,8721.076382,8721.210382,8721.749048,8727.298375,0,NaN,0,7.00000000000003,1,2,66,0.5
416,8730.597039,8729.19104,8729.958373,8730.597039,8739.528363,0,NaN,0,7.00000000000003,1,2,66,0.5
417,8743.329026,8741.709028,8741.889694,8743.275693,8747.262355,1,2.99999999999994,0.0299999999999997,7.00000000000003,1,2,66,0.5
418,8750.449686,8749.628353,8749.900353,8750.449686,8756.951012,0,NaN,0,7.00000000000003,1,2,66,0.5
419,8759.994343,8757.929678,8759.35501,8759.941009,8763.201006,1,2.99999999999994,0.0299999999999997,7.00000000000003,1,2,66,0.5
420,8765.953003,8764.927671,8765.293004,8765.953003,8771.712331,0,NaN,0,7.00000000000003,1,2,66,0.5
421,8774.304328,8772.44633,8773.628329,8774.250995,8779.527657,1,2.99999999999994,0.0299999999999997,7.00000000000003,1,2,66,0.5
422,8790.739645,8789.780313,8790.038313,8790.739645,9016.138753,1,NaN,0,5.99999999999996,2,1,65,0.5
423,9076.212027,9074.020029,9075.264028,9076.158693,9079.591356,1,2.99999999999994,0.0299999999999997,7.00000000000003,1,2,66,0.5
424,9089.869346,9088.899347,9088.946014,9089.869346,9094.516008,1,NaN,0,5.99999999999996,2,1,65,0.5
425,9096.186673,9095.376674,9095.489341,9096.13334,9104.625331,0,2.99999999999994,0.0299999999999997,5.99999999999996,2,1,65,0.5
426,9106.392663,9105.394664,9105.70333,9106.33933,9117.311985,1,2.99999999999994,0.0299999999999997,7.00000000000003,1,2,66,0.5
427,9119.205984,9118.352651,9118.449318,9119.15265,9123.715979,0,2.99999999999994,0.0299999999999997,5.99999999999996,2,1,65,0.5
428,9129.089974,9128.231975,9128.421308,9129.03664,9135.190634,1,2.99999999999994,0.0299999999999997,7.00000000000003,1,2,66,0.5
429,9137.071966,9136.4033,9136.481966,9137.071966,9395.68304,0,NaN,0,7.00000000000003,1,2,66,0.5
430,9398.825037,9397.551039,9398.068371,9398.771704,9410.623692,1,2.99999999999994,0.0299999999999997,7.00000000000003,1,2,66,0.5
431,9414.943021,9413.755689,9414.131022,9414.889688,9426.919009,0,2.99999999999994,0.0299999999999997,5.99999999999996,2,1,65,0.5
432,9447.790322,9441.613661,9441.713661,9447.736988,9466.688969,1,2.99999999999994,0.0299999999999997,7.00000000000003,1,2,66,0.5
433,9470.877632,9468.639634,9469.3383,9470.877632,9481.286288,1,NaN,0,5.99999999999996,2,1,65,0.5
434,9523.298246,9521.722914,9522.081581,9523.244913,9529.37224,1,2.99999999999994,0.0299999999999997,7.00000000000003,1,2,66,0.5
435,9537.179566,9536.353566,9536.436233,9537.179566,9545.64689,0,NaN,0,7.00000000000003,1,2,66,0.5
436,9548.700223,9547.327555,9547.724888,9548.646887,9552.816883,1,2.99999999999994,0.0299999999999997,7.00000000000003,1,2,66,0.5
437,9558.326211,9556.452213,9556.756879,9558.272878,9571.323531,0,2.99999999999994,0.0299999999999997,5.99999999999996,2,1,65,0.5
438,9576.02486,9572.79953,9572.926197,9576.02486,9591.137512,1,NaN,0,5.99999999999996,2,1,65,0.5
439,9593.770842,9592.550177,9592.878177,9593.717509,9607.739496,0,2.99999999999994,0.0299999999999997,5.99999999999996,2,1,65,0.5
440,9610.825492,9609.66816,9610.029493,9610.772159,9614.763488,1,2.99999999999994,0.0299999999999997,7.00000000000003,1,2,66,0.5
441,9617.394152,9616.57682,9616.609486,9617.394152,9630.686139,0,NaN,0,7.00000000000003,1,2,66,0.5
442,9634.193469,9632.584137,9632.73947,9634.193469,9640.091463,1,NaN,0,5.99999999999996,2,1,65,0.5
443,9643.740126,9642.238794,9642.998793,9643.686792,9648.981454,1,2.99999999999994,0.0299999999999997,7.00000000000003,1,2,66,0.5
444,9652.27545,9651.264785,9651.467451,9652.27545,9658.013445,0,NaN,0,7.00000000000003,1,2,66,0.5
445,9687.750748,9686.449416,9686.820087,9687.750748,9692.83341,1,NaN,0,5.99999999999996,2,1,65,0.5
446,9733.038703,9732.208037,9732.384704,9732.98537,9764.488005,1,2.99999999999994,0.0299999999999997,7.00000000000003,1,2,66,0.5
447,9774.075329,9773.350663,9773.465996,9774.075329,9782.209321,1,NaN,0,5.99999999999996,2,1,65,0.5
448,9785.354651,9783.660652,9784.629318,9785.301317,10238.458198,1,2.99999999999994,0.0299999999999997,7.00000000000003,1,2,66,0.5
449,10251.246852,10250.259519,10250.375519,10251.246852,11730.333372,1,NaN,0,5.99999999999996,2,1,65,0.5
450,11736.210033,11735.395367,11735.451367,11736.1567,11871.353898,0,2.99999999999994,0.0299999999999997,5.99999999999996,2,1,65,0.5
451,11875.385227,11872.99123,11874.214562,11875.385227,12394.238042,1,NaN,0,5.99999999999996,2,1,65,0.5
452,12400.288702,12398.121371,12399.29137,12400.288702,12450.147319,1,NaN,0,5.99999999999996,2,1,65,0.5
453,12453.962649,12452.797983,12453.099316,12453.909316,12454.942648,0,2.99999999999994,0.0299999999999997,5.99999999999996,2,1,65,0.5
454,12486.357283,12484.367285,12485.299951,12486.30395,12494.039275,0,2.99999999999994,0.0299999999999997,5.99999999999996,2,1,65,0.5
455,12497.935271,12495.815274,12497.029939,12497.882605,12499.254604,1,2.99999999999994,0.0299999999999997,7.00000000000003,1,2,66,0.5
456,12502.8606,12500.363269,12501.138602,12502.8606,12509.16526,0,NaN,0,7.00000000000003,1,2,66,0.5
457,12511.534591,12510.063259,12510.790592,12511.481258,12515.93592,1,2.99999999999994,0.0299999999999997,7.00000000000003,1,2,66,0.5
458,12520.649915,12519.663916,12519.83325,12520.596582,12529.09924,0,2.99999999999994,0.0299999999999997,5.99999999999996,2,1,65,0.5
459,12531.757238,12530.223906,12530.429239,12531.703904,12539.59123,1,2.99999999999994,0.0299999999999997,7.00000000000003,1,2,66,0.5
460,12541.957894,12541.083895,12541.217895,12541.957894,12555.185881,0,NaN,0,7.00000000000003,1,2,66,0.5
461,12570.168533,12557.545879,12557.603878,NaN,NaN,NaN,NaN,0,7.00000000000003,1,2,66,0.5
462,12588.511848,12587.631848,12587.755848,12588.458514,12592.003177,1,2.99999999999994,0.0299999999999997,7.00000000000003,1,2,66,0.5
463,12599.378503,12598.467171,12598.505838,12599.378503,12605.709164,0,NaN,0,7.00000000000003,1,2,66,0.5
464,12609.186494,12608.201828,12608.441161,12609.186494,12615.555154,0,NaN,0,7.00000000000003,1,2,66,0.5
465,12617.975151,12616.406486,12617.226486,12617.921818,12621.645814,1,2.99999999999994,0.0299999999999997,7.00000000000003,1,2,66,0.5
466,12624.307812,12623.337146,12623.551146,12624.307812,12630.251139,0,NaN,0,7.00000000000003,1,2,66,0.5
467,12633.059136,12631.415805,12631.537805,12633.059136,12638.827131,1,NaN,0,5.99999999999996,2,1,65,0.5
468,12641.547128,12640.183129,12640.813795,12641.547128,12648.689121,0,NaN,0,7.00000000000003,1,2,66,0.5
469,12650.864452,12649.414453,12650.169119,12650.811119,13365.886404,1,2.99999999999994,0.0299999999999997,7.00000000000003,1,2,66,0.5
470,13368.034401,13367.272402,13367.379735,13367.981068,13378.063058,1,2.99999999999994,0.0299999999999997,7.00000000000003,1,2,66,0.5
471,13382.301054,13380.356389,13381.136388,13382.247721,13383.341053,0,2.99999999999994,0.0299999999999997,5.99999999999996,2,1,65,0.5
472,13389.11438,13388.262381,13388.501714,13389.061047,13389.987713,1,2.99999999999994,0.0299999999999997,7.00000000000003,1,2,66,0.5
473,13392.65771,13391.616378,13392.011711,13392.604377,13404.389698,0,2.99999999999994,0.0299999999999997,5.99999999999996,2,1,65,0.5
474,13406.218363,13405.393031,13405.575031,13406.16503,13412.269024,1,2.99999999999994,0.0299999999999997,7.00000000000003,1,2,66,0.5
475,13414.570355,13413.739022,13413.821022,13414.570355,13420.868349,0,NaN,0,7.00000000000003,1,2,66,0.5
476,13422.738347,13421.746348,13421.947681,13422.685013,13430.750339,1,2.99999999999994,0.0299999999999997,7.00000000000003,1,2,66,0.5
477,13432.768337,13431.788338,13432.033004,13432.768337,13435.733,0,NaN,0,7.00000000000003,1,2,66,0.5
478,13440.038996,13438.900331,13439.385663,13440.038996,13440.724329,0,NaN,0,7.00000000000003,1,2,66,0.5
479,13449.64632,13448.501654,13448.550321,13449.64632,13455.412314,1,NaN,0,5.99999999999996,2,1,65,0.5
480,13457.612978,13456.490313,13456.919646,13457.612978,13464.714305,0,NaN,0,7.00000000000003,1,2,66,0.5
481,13468.062301,13466.079637,13467.394302,13468.008968,13472.241631,0,2.99999999999994,0.0299999999999997,5.99999999999996,2,1,65,0.5
482,13474.453628,13473.623629,13473.810962,13474.453628,13480.747622,1,NaN,0,5.99999999999996,2,1,65,0.5
483,13485.829617,13485.263617,13479.825623,13485.829617,13535.284234,0,NaN,0,7.00000000000003,1,2,66,0.5
484,13541.325561,13540.421562,13540.796229,13541.325561,13547.598888,0,NaN,0,7.00000000000003,1,2,66,0.5
485,13551.014885,13549.10622,13550.336219,13550.961552,13554.186215,0,2.99999999999994,0.0299999999999997,5.99999999999996,2,1,65,0.5
486,13556.775546,13555.661547,13556.180213,13556.722213,13560.162209,1,2.99999999999994,0.0299999999999997,7.00000000000003,1,2,66,0.5
487,13566.862203,13565.91087,13566.17487,13566.862203,13573.308196,0,NaN,0,7.00000000000003,1,2,66,0.5
488,13575.795527,13574.506195,13575.132194,13575.742194,13580.281522,1,2.99999999999994,0.0299999999999997,7.00000000000003,1,2,66,0.5
489,13583.368186,13582.127521,13582.540187,13583.314853,13591.332178,0,2.99999999999994,0.0299999999999997,5.99999999999996,2,1,65,0.5
490,13593.066176,13592.237511,13592.41351,13593.012843,13601.799501,1,2.99999999999994,0.0299999999999997,7.00000000000003,1,2,66,0.5
491,13603.729499,13602.768167,13603.052833,13603.676166,13606.55883,0,2.99999999999994,0.0299999999999997,5.99999999999996,2,1,65,0.5
492,13610.398159,13609.171494,13609.321493,13610.345492,13616.218153,0,2.99999999999994,0.0299999999999997,5.99999999999996,2,1,65,0.5
493,13618.788817,13617.748152,13618.003485,13618.788817,13624.822146,1,NaN,0,5.99999999999996,2,1,65,0.5
494,13627.700142,13626.826143,13626.980809,13627.700142,13634.107469,0,NaN,0,7.00000000000003,1,2,66,0.5
495,13637.030132,13635.272134,13636.2988,13636.976799,13644.005459,1,2.99999999999994,0.0299999999999997,7.00000000000003,1,2,66,0.5
496,13645.818124,13644.763458,13645.066124,13645.76479,13652.808783,0,2.99999999999994,0.0299999999999997,5.99999999999996,2,1,65,0.5
497,13654.213449,13653.476116,13653.654782,13654.213449,13660.175443,1,NaN,0,5.99999999999996,2,1,65,0.5
498,13663.03144,13661.037442,13662.102774,13662.978106,13667.758768,0,2.99999999999994,0.0299999999999997,5.99999999999996,2,1,65,0.5
499,13670.291432,13669.380767,13669.7301,13670.291432,13675.74476,1,NaN,0,5.99999999999996,2,1,65,0.5
500,13677.897425,13676.524093,13677.216759,13677.897425,13680.924088,0,NaN,0,7.00000000000003,1,2,66,0.5
501,13687.012082,13685.728084,13686.418083,13686.958749,13692.58141,1,2.99999999999994,0.0299999999999997,7.00000000000003,1,2,66,0.5
502,13696.317407,13695.406741,13695.691407,13696.264073,13700.012736,0,2.99999999999994,0.0299999999999997,5.99999999999996,2,1,65,0.5
503,13702.122067,13701.349401,13701.442068,13702.069401,13706.822729,1,2.99999999999994,0.0299999999999997,7.00000000000003,1,2,66,0.5
504,13709.606726,13708.359394,13708.380728,13709.553393,13717.650718,0,2.99999999999994,0.0299999999999997,5.99999999999996,2,1,65,0.5
505,13719.244717,13718.434051,13718.651384,13719.191384,13726.188043,1,2.99999999999994,0.0299999999999997,7.00000000000003,1,2,66,0.5
506,13727.930708,13727.208709,13727.314709,13727.877375,13732.296704,1,2.99999999999994,0.0299999999999997,7.00000000000003,1,2,66,0.5
507,13739.659363,13738.750031,13738.894697,13739.60603,13756.43468,0,2.99999999999994,0.0299999999999997,5.99999999999996,2,1,65,0.5
508,13758.660678,13757.428012,13757.506012,13758.607344,13761.865341,1,2.99999999999994,0.0299999999999997,7.00000000000003,1,2,66,0.5
509,13765.65467,13764.786005,13764.917338,13765.601337,13769.276,0,2.99999999999994,0.0299999999999997,5.99999999999996,2,1,65,0.5
510,13771.562665,13770.751999,13771.003998,13771.562665,13782.321987,1,NaN,0,5.99999999999996,2,1,65,0.5
511,13808.533961,13806.595963,13806.711963,13808.533961,13821.434615,1,NaN,0,5.99999999999996,2,1,65,0.5
512,13823.513946,13822.442614,13822.86128,13823.513946,13833.645936,0,NaN,0,7.00000000000003,1,2,66,0.5
513,13835.444601,13834.476602,13834.775268,13835.391267,13842.686593,1,2.99999999999994,0.0299999999999997,7.00000000000003,1,2,66,0.5
514,13845.407924,13844.371258,13844.619258,13845.354591,13852.801917,0,2.99999999999994,0.0299999999999997,5.99999999999996,2,1,65,0.5
515,13855.423247,13854.661248,13854.878581,13855.369914,13856.275913,1,2.99999999999994,0.0299999999999997,7.00000000000003,1,2,66,0.5
516,13858.779244,13857.313245,13857.406579,13858.779244,13858.999244,0,NaN,0,7.00000000000003,1,2,66,0.5
517,14154.776281,14153.788949,14154.072282,14154.722948,14159.404277,0,2.99999999999994,0.0299999999999997,5.99999999999996,2,1,65,0.5
518,14162.342941,14161.371608,14161.648941,14162.290274,14164.930271,1,2.99999999999994,0.0299999999999997,7.00000000000003,1,2,66,0.5
519,14172.922263,14172.062931,14172.100264,14172.922263,14184.698251,0,NaN,0,7.00000000000003,1,2,66,0.5
520,14193.182243,14192.387577,14192.533577,14193.12891,14197.507572,1,2.99999999999994,0.0299999999999997,7.00000000000003,1,2,66,0.5
521,14200.174903,14199.38557,14199.48157,14200.121569,14202.361567,0,2.99999999999994,0.0299999999999997,5.99999999999996,2,1,65,0.5
522,14204.173565,14203.394899,14203.462899,14204.173565,14209.19956,1,NaN,0,5.99999999999996,2,1,65,0.5
523,14211.400891,14210.285559,14210.748892,14211.347558,14214.582222,0,2.99999999999994,0.0299999999999997,5.99999999999996,2,1,65,0.5
524,14216.980886,14216.12622,14216.282886,14216.927552,14221.127548,1,2.99999999999994,0.0299999999999997,7.00000000000003,1,2,66,0.5
525,14223.936212,14223.177546,14223.262879,14223.936212,14228.914207,0,NaN,0,7.00000000000003,1,2,66,0.5
526,14230.582872,14229.732206,14229.940206,14230.529539,14234.085535,1,2.99999999999994,0.0299999999999997,7.00000000000003,1,2,66,0.5
527,14236.409533,14235.454201,14235.754867,14236.409533,14238.896864,0,NaN,0,7.00000000000003,1,2,66,0.5
528,14243.610192,14242.74686,14242.77286,14243.556859,14247.716188,1,2.99999999999994,0.0299999999999997,7.00000000000003,1,2,66,0.5
529,14251.668851,14250.144186,14250.197519,14251.615518,14268.900834,0,2.99999999999994,0.0299999999999997,5.99999999999996,2,1,65,0.5
530,14274.469495,14273.354829,14273.586829,14274.416162,14279.662156,1,2.99999999999994,0.0299999999999997,7.00000000000003,1,2,66,0.5
531,14282.803487,14281.789488,14281.980154,14282.750153,14288.095481,0,2.99999999999994,0.0299999999999997,5.99999999999996,2,1,65,0.5
532,14289.728813,14288.934814,14289.068147,14289.67548,14296.960806,1,2.99999999999994,0.0299999999999997,7.00000000000003,1,2,66,0.5
533,14298.706804,14297.966138,14298.007471,14298.706804,14302.164134,1,NaN,0,5.99999999999996,2,1,65,0.5
534,14306.401463,14305.615464,14305.774797,14306.401463,14313.035456,0,NaN,0,7.00000000000003,1,2,66,0.5
535,14315.178121,14313.750789,14314.572122,14315.124788,14319.824783,1,2.99999999999994,0.0299999999999997,7.00000000000003,1,2,66,0.5
536,14321.521448,14320.662782,14320.892782,14321.521448,14329.576773,0,NaN,0,7.00000000000003,1,2,66,0.5
537,14331.264105,14330.330106,14330.648105,14331.210772,14335.8601,1,2.99999999999994,0.0299999999999997,7.00000000000003,1,2,66,0.5
538,14337.830765,14336.960099,14337.206099,14337.777432,14340.959428,0,2.99999999999994,0.0299999999999997,5.99999999999996,2,1,65,0.5
539,14344.109425,14343.228093,14343.512093,14344.056092,14348.199421,1,2.99999999999994,0.0299999999999997,7.00000000000003,1,2,66,0.5
540,14350.314086,14349.504753,14349.580753,14350.314086,14355.288747,0,NaN,0,7.00000000000003,1,2,66,0.5
541,14356.828746,14355.89808,14356.20408,14356.776079,14360.704075,1,2.99999999999994,0.0299999999999997,7.00000000000003,1,2,66,0.5
542,14363.751406,14362.86474,14363.118073,14363.751406,14370.256066,0,NaN,0,7.00000000000003,1,2,66,0.5
543,14372.66073,14371.068732,14371.975397,14372.66073,14375.433394,0,NaN,0,7.00000000000003,1,2,66,0.5
544,14379.56139,14378.318724,14378.954057,14379.508057,14388.590048,1,2.99999999999994,0.0299999999999997,7.00000000000003,1,2,66,0.5
545,14408.940027,14396.51404,14396.52804,NaN,14413.902022,NaN,NaN,0,7.00000000000003,1,2,66,0.5
546,14415.98602,14414.903355,14415.227354,14415.932687,14426.461343,1,2.99999999999994,0.0299999999999997,7.00000000000003,1,2,66,0.5
547,14428.966007,14427.839342,14428.258008,14428.912674,14431.430005,0,2.99999999999994,0.0299999999999997,5.99999999999996,2,1,65,0.5
548,14433.494003,14432.618003,14432.658003,14433.494003,14439.646663,1,NaN,0,5.99999999999996,2,1,65,0.5
549,14441.879328,14440.860662,14441.286661,14441.879328,14448.153321,0,NaN,0,7.00000000000003,1,2,66,0.5
550,14449.611986,14448.633321,14449.055987,14449.611986,14456.18598,1,NaN,0,5.99999999999996,2,1,65,0.5
551,14458.001978,14456.813979,14457.333312,14457.948645,14460.388642,0,2.99999999999994,0.0299999999999997,5.99999999999996,2,1,65,0.5
552,14462.929306,14462.069307,14462.355307,14462.875973,14463.672639,1,2.99999999999994,0.0299999999999997,7.00000000000003,1,2,66,0.5
553,14466.717969,14465.065971,14465.495971,14466.717969,14474.387295,0,NaN,0,7.00000000000003,1,2,66,0.5
554,14477.357959,14476.34796,14476.627959,14477.357959,14782.55832,0,NaN,0,7.00000000000003,1,2,66,0.5
555,14783.871652,14783.22432,14783.304319,14783.871652,14800.338302,0,NaN,0,7.00000000000003,1,2,66,0.5
556,14802.014967,14801.312968,14801.452301,14801.961634,14807.246296,1,2.99999999999994,0.0299999999999997,7.00000000000003,1,2,66,0.5
557,14814.152289,14813.320956,14813.548289,14814.098955,14816.24962,0,2.99999999999994,0.0299999999999997,5.99999999999996,2,1,65,0.5
558,14818.455618,14817.628285,14817.651618,14818.402284,14820.446949,1,2.99999999999994,0.0299999999999997,7.00000000000003,1,2,66,0.5
559,14895.642874,14894.668875,14895.118208,14895.642874,14901.779534,1,NaN,0,5.99999999999996,2,1,65,0.5
560,14905.500197,14904.563532,14904.778198,14905.446864,14914.254855,0,2.99999999999994,0.0299999999999997,5.99999999999996,2,1,65,0.5
561,14916.454853,14915.842187,14915.966853,14916.454853,14916.891519,1,NaN,0,5.99999999999996,2,1,65,0.5
562,14936.5235,14935.7555,14935.840167,14936.470166,14939.452163,0,2.99999999999994,0.0299999999999997,5.99999999999996,2,1,65,0.5
563,14943.16816,14942.164827,14942.230161,14943.114826,14943.964825,1,2.99999999999994,0.0299999999999997,7.00000000000003,1,2,66,0.5
564,14946.092157,14945.070158,14945.461491,14946.038823,14951.032152,0,2.99999999999994,0.0299999999999997,5.99999999999996,2,1,65,0.5
565,14952.73615,14951.980151,14952.141484,14952.682817,14958.856811,1,2.99999999999994,0.0299999999999997,7.00000000000003,1,2,66,0.5
566,14960.460142,14959.66081,14959.880143,14960.460142,14960.752809,0,NaN,0,7.00000000000003,1,2,66,0.5
567,14988.107448,14987.468115,14987.542115,14988.054115,14990.946778,1,2.99999999999994,0.0299999999999997,7.00000000000003,1,2,66,0.5
568,14993.781442,14992.773443,14993.131443,14993.728109,14996.486106,0,2.99999999999994,0.0299999999999997,5.99999999999996,2,1,65,0.5
569,14998.488771,14997.740105,14997.868772,14998.435438,15002.3081,1,2.99999999999994,0.0299999999999997,7.00000000000003,1,2,66,0.5
570,15004.222099,15003.209433,15003.554099,15004.169432,15006.681429,0,2.99999999999994,0.0299999999999997,5.99999999999996,2,1,65,0.5
571,15008.726094,15007.994095,15008.131428,15008.672761,15015.290087,1,2.99999999999994,0.0299999999999997,7.00000000000003,1,2,66,0.5
572,15016.769419,15016.016087,15016.104753,15016.716086,15021.553415,1,2.99999999999994,0.0299999999999997,7.00000000000003,1,2,66,0.5
573,15023.733412,15022.931413,15023.07208,15023.680079,15026.572076,0,2.99999999999994,0.0299999999999997,5.99999999999996,2,1,65,0.5
574,15028.92474,15028.300074,15028.388074,15028.917407,15032.325404,1,2.99999999999994,0.0299999999999997,7.00000000000003,1,2,66,0.5
575,15034.842068,15033.962735,15034.290735,15034.788735,15049.59272,0,2.99999999999994,0.0299999999999997,5.99999999999996,2,1,65,0.5
576,15051.136052,15050.514719,15050.554719,15051.136052,15056.448046,1,NaN,0,5.99999999999996,2,1,65,0.5
577,15059.486043,15058.360044,15058.767377,15059.43271,15067.666702,0,2.99999999999994,0.0299999999999997,5.99999999999996,2,1,65,0.5
578,15069.646033,15068.963367,15069.084034,15069.593366,15078.040691,1,2.99999999999994,0.0299999999999997,7.00000000000003,1,2,66,0.5
579,15079.604023,15078.768691,15078.96869,15079.55069,15082.85802,0,2.99999999999994,0.0299999999999997,5.99999999999996,2,1,65,0.5
580,15086.931349,15085.96135,15086.302683,15086.878016,15090.793345,1,2.99999999999994,0.0299999999999997,7.00000000000003,1,2,66,0.5
581,15093.21201,15092.312677,15092.325344,15093.158676,15099.520003,0,2.99999999999994,0.0299999999999997,5.99999999999996,2,1,65,0.5
582,15102.052001,15100.556002,15100.630669,15102.052001,15106.040663,0,NaN,0,7.00000000000003,1,2,66,0.5
583,15114.741321,15114.035322,15114.237989,15114.741321,15119.713316,1,NaN,0,5.99999999999996,2,1,65,0.5
584,15121.803314,15120.653315,15121.214648,15121.803314,15139.101964,0,NaN,0,7.00000000000003,1,2,66,0.5
585,15140.509296,15139.915963,15139.965963,15140.455962,15145.152624,1,2.99999999999994,0.0299999999999997,7.00000000000003,1,2,66,0.5
586,15161.711274,15160.791275,15161.169942,15161.711274,15167.175936,1,NaN,0,5.99999999999996,2,1,65,0.5
587,15169.401933,15168.192601,15168.659267,15169.3486,15175.714594,0,2.99999999999994,0.0299999999999997,5.99999999999996,2,1,65,0.5
588,15178.351924,15177.482592,15177.827925,15178.351924,15183.648586,1,NaN,0,5.99999999999996,2,1,65,0.5
589,15196.28724,15195.461907,15195.694574,15196.233907,15198.350571,0,2.99999999999994,0.0299999999999997,5.99999999999996,2,1,65,0.5
590,15201.029235,15200.247903,15200.489236,15200.975902,15204.749231,1,2.99999999999994,0.0299999999999997,7.00000000000003,1,2,66,0.5
591,15207.193229,15206.539896,15206.649229,15207.140562,15209.86056,0,2.99999999999994,0.0299999999999997,5.99999999999996,2,1,65,0.5
592,15212.172557,15211.542558,15211.716558,15212.172557,15217.042552,1,NaN,0,5.99999999999996,2,1,65,0.5
593,15220.414549,15218.993884,15219.761883,15220.361216,15221.222548,0,2.99999999999994,0.0299999999999997,5.99999999999996,2,1,65,0.5
594,15224.191879,15223.453213,15223.731879,15224.191879,15228.863207,1,NaN,0,5.99999999999996,2,1,65,0.5
595,15230.894539,15229.599206,15230.267872,15230.841205,15243.321193,0,2.99999999999994,0.0299999999999997,5.99999999999996,2,1,65,0.5
596,15244.491858,15243.908526,15243.981859,15244.491858,15244.759858,0,NaN,0,7.00000000000003,1,2,66,0.5
597,15253.991182,15253.192516,15253.416516,15253.991182,15255.715847,0,NaN,0,7.00000000000003,1,2,66,0.5
598,15268.654501,15267.848502,15267.937168,15268.654501,15269.047167,1,NaN,0,5.99999999999996,2,1,65,0.5
599,15281.251155,15280.231156,15280.558489,15281.197822,15287.278482,1,2.99999999999994,0.0299999999999997,7.00000000000003,1,2,66,0.5
600,15294.313808,15293.617142,15293.781142,15294.313808,15338.245098,0,NaN,0,7.00000000000003,1,2,66,0.5
601,15343.589759,15342.840427,15343.018426,15343.589759,15353.09775,0,NaN,0,7.00000000000003,1,2,66,0.5
602,15358.937077,15358.003078,15358.331078,15358.937077,15374.125729,1,NaN,0,5.99999999999996,2,1,65,0.5
603,15378.307058,15377.721058,15377.739725,15378.307058,15402.042367,0,NaN,0,7.00000000000003,1,2,66,0.5
604,15435.471001,15434.515002,15434.568335,15435.471001,15442.121661,0,NaN,0,7.00000000000003,1,2,66,0.5
605,15445.232991,15444.288992,15444.770991,15445.179658,15450.647652,1,2.99999999999994,0.0299999999999997,7.00000000000003,1,2,66,0.5
606,15453.980315,15453.00765,15453.381649,15453.980315,16033.955069,0,NaN,0,7.00000000000003,1,2,66,0.5
607,16038.489731,16037.605732,16037.804398,16038.436398,16052.013051,0,2.99999999999994,0.0299999999999997,5.99999999999996,2,1,65,0.5
608,16057.050379,16055.253047,16055.641714,16056.997046,16058.944377,1,2.99999999999994,0.0299999999999997,7.00000000000003,1,2,66,0.5
609,16063.725039,16062.85904,16063.055706,16063.671706,16068.103701,0,2.99999999999994,0.0299999999999997,5.99999999999996,2,1,65,0.5
610,16073.769029,16072.89903,16073.133696,16073.769029,16128.683641,1,NaN,0,5.99999999999996,2,1,65,0.5
611,16130.770305,16129.85964,16130.131639,16130.770305,16142.875627,0,NaN,0,7.00000000000003,1,2,66,0.5
612,16144.684291,16144.023625,16144.068292,16144.684291,16148.484954,1,NaN,0,5.99999999999996,2,1,65,0.5
613,16152.357617,16151.496285,16151.872951,16152.357617,16152.83095,1,NaN,0,5.99999999999996,2,1,65,0.5
614,16158.808277,16157.938278,16158.254944,16158.754944,16216.58822,1,2.99999999999994,0.0299999999999997,7.00000000000003,1,2,66,0.5
615,16222.46488,16221.560214,16221.955547,16222.411547,16226.722876,0,2.99999999999994,0.0299999999999997,5.99999999999996,2,1,65,0.5
616,16228.560874,16227.637542,16227.977541,16228.507541,16229.990873,0,2.99999999999994,0.0299999999999997,5.99999999999996,2,1,65,0.5
617,16235.240868,16234.360868,16234.647535,16235.240868,16240.092196,1,NaN,0,5.99999999999996,2,1,65,0.5
618,16244.312192,16243.242193,16243.810192,16244.312192,16244.640858,1,NaN,0,5.99999999999996,2,1,65,0.5
619,16264.322838,16263.506173,16263.719506,16264.269505,16266.042837,0,2.99999999999994,0.0299999999999997,5.99999999999996,2,1,65,0.5
620,16268.202835,16267.590168,16267.777502,16268.202835,16279.308824,1,NaN,0,5.99999999999996,2,1,65,0.5
621,16281.194822,16280.227489,16280.745489,16281.141488,16283.873486,1,2.99999999999994,0.0299999999999997,7.00000000000003,1,2,66,0.5
622,16289.040147,16287.932815,16288.282814,16288.986814,16292.163477,1,2.99999999999994,0.0299999999999997,7.00000000000003,1,2,66,0.5
623,16294.858808,16294.136809,16294.321475,16294.805475,16297.850138,0,2.99999999999994,0.0299999999999997,5.99999999999996,2,1,65,0.5
624,16310.990792,16310.168793,16310.459459,16310.990792,16329.86344,1,NaN,0,5.99999999999996,2,1,65,0.5
625,16332.77477,16331.813438,16331.956771,16332.721437,16346.680089,0,2.99999999999994,0.0299999999999997,5.99999999999996,2,1,65,0.5
626,16353.578749,16352.715417,16352.853417,16353.525416,16365.578737,1,2.99999999999994,0.0299999999999997,7.00000000000003,1,2,66,0.5
627,16367.542735,16366.58607,16366.926069,16367.489402,16369.614733,0,2.99999999999994,0.0299999999999997,5.99999999999996,2,1,65,0.5
628,16371.501398,16370.668733,16370.901399,16371.501398,16376.55206,1,NaN,0,5.99999999999996,2,1,65,0.5
629,16379.218057,16377.905392,16378.572724,16379.164724,16386.110717,0,2.99999999999994,0.0299999999999997,5.99999999999996,2,1,65,0.5
630,16389.400713,16388.552714,16388.908047,16389.34738,16392.305377,1,2.99999999999994,0.0299999999999997,7.00000000000003,1,2,66,0.5
631,16394.844041,16393.966709,16394.296042,16394.844041,16399.680703,0,NaN,0,7.00000000000003,1,2,66,0.5
632,16419.258017,16418.528018,16418.789351,16419.258017,16419.68135,0,NaN,0,7.00000000000003,1,2,66,0.5
633,16434.020002,16433.378003,16433.493336,16433.966669,16437.553999,0,2.99999999999994,0.0299999999999997,5.99999999999996,2,1,65,0.5
634,16439.83933,16439.145997,16439.314663,16439.785996,16443.125993,1,2.99999999999994,0.0299999999999997,7.00000000000003,1,2,66,0.5
635,16445.029991,16444.173992,16444.413992,16445.029991,16450.675319,0,NaN,0,7.00000000000003,1,2,66,0.5
636,16451.983984,16451.251318,16451.491985,16451.930651,16463.805972,1,2.99999999999994,0.0299999999999997,7.00000000000003,1,2,66,0.5
637,16465.272637,16464.422638,16464.730638,16465.272637,16470.101299,0,NaN,0,7.00000000000003,1,2,66,0.5
638,16472.138631,16471.119965,16471.597964,16472.085297,16475.173294,1,2.99999999999994,0.0299999999999997,7.00000000000003,1,2,66,0.5
639,16478.626624,16477.825292,16478.063291,16478.626624,16483.737286,0,NaN,0,7.00000000000003,1,2,66,0.5
640,16488.343948,16487.250616,16487.874615,16488.290614,16493.345943,1,2.99999999999994,0.0299999999999997,7.00000000000003,1,2,66,0.5
641,16496.814606,16495.96394,16496.336606,16496.814606,16503.131933,0,NaN,0,7.00000000000003,1,2,66,0.5
642,16504.761265,16503.800599,16504.299932,16504.707931,16510.218593,1,2.99999999999994,0.0299999999999997,7.00000000000003,1,2,66,0.5
643,16512.505257,16511.320591,16511.940591,16512.451924,16514.844588,0,2.99999999999994,0.0299999999999997,5.99999999999996,2,1,65,0.5
644,16517.965251,16517.270585,16517.461919,16517.911918,16520.877915,1,2.99999999999994,0.0299999999999997,7.00000000000003,1,2,66,0.5
645,16523.175246,16522.305914,16522.579247,16523.175246,16531.520571,0,NaN,0,7.00000000000003,1,2,66,0.5
646,16532.517237,16531.941904,16532.079237,16532.463904,16536.303233,1,2.99999999999994,0.0299999999999997,7.00000000000003,1,2,66,0.5
647,16540.908562,16539.867896,16540.239896,16540.855229,16549.920553,0,2.99999999999994,0.0299999999999997,5.99999999999996,2,1,65,0.5
648,16551.283218,16550.665885,16550.835885,16551.283218,16558.553211,1,NaN,0,5.99999999999996,2,1,65,0.5
649,16559.669876,16558.989877,16559.132544,16559.616543,16560.294542,1,2.99999999999994,0.0299999999999997,7.00000000000003,1,2,66,0.5
650,16567.913868,16567.081202,16567.340535,16567.860535,16673.908429,1,2.99999999999994,0.0299999999999997,7.00000000000003,1,2,66,0.5
651,16677.037092,16676.31576,16676.424426,16676.983759,16714.319722,0,2.99999999999994,0.0299999999999997,5.99999999999996,2,1,65,0.5
652,16718.008385,16717.045052,16717.201719,16717.955051,16718.702384,0,2.99999999999994,0.0299999999999997,5.99999999999996,2,1,65,0.5
653,16720.421716,16719.79705,16719.852383,16720.398382,16721.933714,1,2.99999999999994,0.0299999999999997,7.00000000000003,1,2,66,0.5
654,16726.385043,16723.495046,16723.595046,16726.385043,16728.653707,0,NaN,0,7.00000000000003,1,2,66,0.5
655,16735.285034,16734.577035,16734.622368,16735.285034,16769.471,0,NaN,0,7.00000000000003,1,2,66,0.5
656,16777.051659,16776.42766,16776.635659,16777.051659,16795.874307,1,NaN,0,5.99999999999996,2,1,65,0.5
657,16796.846306,16796.358306,16796.388973,16796.846306,16800.390302,1,NaN,0,5.99999999999996,2,1,65,0.5
658,16811.044292,16810.284292,16810.596959,16810.990958,16812.672957,1,2.99999999999994,0.0299999999999997,7.00000000000003,1,2,66,0.5
659,16815.318954,16814.434288,16814.841622,16815.318954,16830.287606,0,NaN,0,7.00000000000003,1,2,66,0.5
660,16833.13827,16832.102271,16832.54827,16833.13827,16835.454934,0,NaN,0,7.00000000000003,1,2,66,0.5
661,16840.888262,16839.33093,16839.847596,16840.888262,16846.244923,0,NaN,0,7.00000000000003,1,2,66,0.5
662,16848.394921,16847.382922,16847.850922,16848.394921,16853.08425,0,NaN,0,7.00000000000003,1,2,66,0.5
663,16859.359577,16858.109578,16858.302911,16859.359577,16864.112239,0,NaN,0,7.00000000000003,1,2,66,0.5
664,16866.580903,16865.423571,16865.998237,16866.52757,16870.305566,0,2.99999999999994,0.0299999999999997,5.99999999999996,2,1,65,0.5
665,16872.975563,16872.234897,16872.476897,16872.92223,16873.726896,1,2.99999999999994,0.0299999999999997,7.00000000000003,1,2,66,0.5
666,16880.449556,16879.67289,16879.996889,16880.449556,16891.586211,0,NaN,0,7.00000000000003,1,2,66,0.5
667,16892.842877,16892.103544,16892.40221,16892.789543,16896.603539,1,2.99999999999994,0.0299999999999997,7.00000000000003,1,2,66,0.5
668,16901.100202,16899.941536,16900.353536,16901.046868,16903.482199,0,2.99999999999994,0.0299999999999997,5.99999999999996,2,1,65,0.5
669,16905.213531,16904.523532,16904.712198,16905.160198,16908.326861,1,2.99999999999994,0.0299999999999997,7.00000000000003,1,2,66,0.5
670,16911.910857,16911.133525,16911.248858,16911.910857,17070.498699,0,NaN,0,7.00000000000003,1,2,66,0.5
671,17072.123364,17071.610698,17071.752031,17072.123364,17072.445364,1,NaN,0,5.99999999999996,2,1,65,0.5
672,17082.576687,17081.836688,17082.058021,17082.576687,17088.295348,0,NaN,0,7.00000000000003,1,2,66,0.5
673,17089.626013,17088.96668,17089.18668,17089.57268,17139.247297,1,2.99999999999994,0.0299999999999997,7.00000000000003,1,2,66,0.5
674,17142.737293,17141.833961,17142.174627,17142.68396,17148.058621,0,2.99999999999994,0.0299999999999997,5.99999999999996,2,1,65,0.5
675,17149.926619,17149.053954,17149.311953,17149.926619,17159.641276,0,NaN,0,7.00000000000003,1,2,66,0.5
676,17161.999274,17161.391275,17161.553941,17161.999274,17166.486603,0,NaN,0,7.00000000000003,1,2,66,0.5
677,17168.520601,17167.766602,17168.065268,17168.467268,17170.772599,1,2.99999999999994,0.0299999999999997,7.00000000000003,1,2,66,0.5
678,17174.373262,17173.570596,17173.892596,17174.373262,17179.539923,0,NaN,0,7.00000000000003,1,2,66,0.5
679,17182.28192,17180.198589,17181.695255,17182.228587,17185.027918,1,2.99999999999994,0.0299999999999997,7.00000000000003,1,2,66,0.5
680,17187.621915,17185.89925,17187.075916,17187.621915,17193.920575,0,NaN,0,7.00000000000003,1,2,66,0.5
681,17198.961904,17195.335907,17195.89324,17198.908571,17202.744567,1,2.99999999999994,0.0299999999999997,7.00000000000003,1,2,66,0.5
682,17205.253898,17203.685899,17204.676565,17205.200564,17298.570471,0,2.99999999999994,0.0299999999999997,5.99999999999996,2,1,65,0.5
683,17311.017792,17310.081126,17310.362459,17310.964458,17312.33779,1,2.99999999999994,0.0299999999999997,7.00000000000003,1,2,66,0.5
684,17318.744451,17317.723785,17318.095785,17318.691117,17319.313783,0,2.99999999999994,0.0299999999999997,5.99999999999996,2,1,65,0.5
685,17320.803782,17320.193116,17320.415116,17320.750449,17323.765779,1,2.99999999999994,0.0299999999999997,7.00000000000003,1,2,66,0.5
686,17327.016442,17326.28711,17326.49911,17326.963109,17330.861105,1,2.99999999999994,0.0299999999999997,7.00000000000003,1,2,66,0.5
687,17334.622435,17334.007769,17334.161769,17334.622435,17395.404374,1,NaN,0,5.99999999999996,2,1,65,0.5
688,17396.44304,17395.86504,17395.984373,17396.44304,17401.237035,1,NaN,0,5.99999999999996,2,1,65,0.5
689,17408.672362,17407.966361,17408.253695,17408.672362,17409.035027,1,NaN,0,5.99999999999996,2,1,65,0.5
690,17461.232975,17460.446976,17460.586975,17461.230308,17464.285638,0,2.99999999999994,0.0299999999999997,5.99999999999996,2,1,65,0.5
691,17466.352303,17465.78497,17465.991637,17466.352303,17471.509631,1,NaN,0,5.99999999999996,2,1,65,0.5
692,17475.76296,17474.814961,17475.272961,17475.709627,17484.744951,0,2.99999999999994,0.0299999999999997,5.99999999999996,2,1,65,0.5
693,17485.71895,17485.204284,17485.276284,17485.71895,17486.059617,1,NaN,0,5.99999999999996,2,1,65,0.5
694,17585.94285,17584.578185,17585.220851,17585.94285,17591.027512,0,NaN,0,7.00000000000003,1,2,66,0.5
695,17615.109488,17614.136155,17614.386822,17615.109488,17615.500821,0,NaN,0,7.00000000000003,1,2,66,0.5
696,17621.510148,17620.726149,17621.066148,17621.456815,17628.876141,1,2.99999999999994,0.0299999999999997,7.00000000000003,1,2,66,0.5
697,17631.281471,17630.180139,17630.549472,17631.228138,17636.0168,0,2.99999999999994,0.0299999999999997,5.99999999999996,2,1,65,0.5
698,17638.120798,17636.882799,17637.350132,17638.067465,17641.732128,0,2.99999999999994,0.0299999999999997,5.99999999999996,2,1,65,0.5
699,17645.012124,17644.134125,17644.572792,17645.012124,17653.489449,1,NaN,0,5.99999999999996,2,1,65,0.5
700,17698.052071,17697.176739,17697.503405,17697.998738,17698.782071,1,2.99999999999994,0.0299999999999997,7.00000000000003,1,2,66,0.5
701,17705.363397,17704.430065,17704.773398,17705.310064,17708.028728,0,2.99999999999994,0.0299999999999997,5.99999999999996,2,1,65,0.5
702,17710.704725,17709.721393,17710.192059,17710.651392,17713.656722,1,2.99999999999994,0.0299999999999997,7.00000000000003,1,2,66,0.5
703,17716.132053,17715.010721,17715.531387,17716.07872,17719.069384,0,2.99999999999994,0.0299999999999997,5.99999999999996,2,1,65,0.5
704,17721.230715,17720.508716,17720.728049,17721.177382,17728.229375,1,2.99999999999994,0.0299999999999997,7.00000000000003,1,2,66,0.5
705,17730.325372,17729.378707,17729.864706,17730.272039,17734.631368,1,2.99999999999994,0.0299999999999997,7.00000000000003,1,2,66,0.5
706,17745.89869,17745.256024,17745.285357,17745.89869,17746.39069,1,NaN,0,5.99999999999996,2,1,65,0.5
707,17909.23386,17908.334528,17908.667861,17909.180527,17947.490489,0,2.99999999999994,0.0299999999999997,5.99999999999996,2,1,65,0.5
708,17951.584485,17950.649819,17950.868485,17951.531151,17953.125816,1,2.99999999999994,0.0299999999999997,7.00000000000003,1,2,66,0.5
709,17959.243144,17958.698477,17958.888477,17959.243144,18016.878419,1,NaN,0,5.99999999999996,2,1,65,0.5
710,18025.417744,18024.470412,18024.937744,18025.417744,18025.81841,0,NaN,0,7.00000000000003,1,2,66,0.5
711,18034.464402,18033.709736,18033.901736,18034.464402,18034.734401,1,NaN,0,5.99999999999996,2,1,65,0.5
712,18041.517728,18040.829729,18041.023062,18041.464395,18049.00372,0,2.99999999999994,0.0299999999999997,5.99999999999996,2,1,65,0.5
713,18051.669718,18050.855052,18051.231052,18051.669718,18051.833051,0,NaN,0,7.00000000000003,1,2,66,0.5
714,18064.649705,18063.621706,18064.038372,18064.597038,18068.871034,1,2.99999999999994,0.0299999999999997,7.00000000000003,1,2,66,0.5
715,18070.644365,18069.7817,18070.122366,18070.591032,18094.105009,1,2.99999999999994,0.0299999999999997,7.00000000000003,1,2,66,0.5
716,18103.533666,18102.755,18103.083,18103.533666,18103.944332,1,NaN,0,5.99999999999996,2,1,65,0.5
717,18125.252311,18124.204312,18124.555645,18125.198978,18129.716973,0,2.99999999999994,0.0299999999999997,5.99999999999996,2,1,65,0.5
718,18141.649628,18140.768295,18141.137628,18141.596294,18146.406291,1,2.99999999999994,0.0299999999999997,7.00000000000003,1,2,66,0.5
719,18179.686256,18178.96159,18179.168257,18179.632923,18181.371588,0,2.99999999999994,0.0299999999999997,5.99999999999996,2,1,65,0.5
720,18194.382242,18193.596242,18193.880909,18194.328908,18329.986106,1,2.99999999999994,0.0299999999999997,7.00000000000003,1,2,66,0.5
721,18332.025438,18331.413438,18331.649438,18332.025438,18332.310104,1,NaN,0,5.99999999999996,2,1,65,0.5
722,18339.028764,18338.278098,18338.516764,18338.97543,18340.481429,1,2.99999999999994,0.0299999999999997,7.00000000000003,1,2,66,0.5
723,18343.944759,18342.150761,18343.094093,18343.891426,18345.339424,0,2.99999999999994,0.0299999999999997,5.99999999999996,2,1,65,0.5
724,18347.088089,18346.356756,18346.749423,18347.088089,18347.435422,1,NaN,0,5.99999999999996,2,1,65,0.5
725,18365.188738,18352.566084,18352.72275,NaN,18373.518729,NaN,NaN,0,5.99999999999996,2,1,65,0.5
726,18413.410689,18412.41669,18412.915357,18413.357356,18415.015354,1,2.99999999999994,0.0299999999999997,7.00000000000003,1,2,66,0.5
727,18418.026685,18417.057352,18417.366685,18417.973351,18423.01268,0,2.99999999999994,0.0299999999999997,5.99999999999996,2,1,65,0.5
728,18424.572012,18423.802679,18424.070679,18424.518679,18427.077342,1,2.99999999999994,0.0299999999999997,7.00000000000003,1,2,66,0.5
729,18432.567337,18431.429338,18431.725338,18432.514004,18433.484669,0,2.99999999999994,0.0299999999999997,5.99999999999996,2,1,65,0.5
730,18435.111334,18434.488668,18434.696001,18435.058001,18439.028664,1,2.99999999999994,0.0299999999999997,7.00000000000003,1,2,66,0.5
731,18448.731987,18448.007988,18448.275988,18448.731987,18449.192654,1,NaN,0,5.99999999999996,2,1,65,0.5
732,18467.728635,18466.455303,18466.932636,18467.675302,18470.025966,0,2.99999999999994,0.0299999999999997,5.99999999999996,2,1,65,0.5
733,18482.61262,18481.804621,18482.140621,18482.559287,18513.423256,1,2.99999999999994,0.0299999999999997,7.00000000000003,1,2,66,0.5
734,18515.461921,18514.473922,18514.777255,18515.408587,18534.785901,0,2.99999999999994,0.0299999999999997,5.99999999999996,2,1,65,0.5
735,18572.37853,18571.479865,18571.861864,18572.37853,18579.494523,0,NaN,0,7.00000000000003,1,2,66,0.5
736,18595.759174,18594.799841,18595.161174,18595.70584,18598.391171,0,2.99999999999994,0.0299999999999997,5.99999999999996,2,1,65,0.5
737,18602.7405,18602.103834,18602.339834,18602.7405,18603.025833,1,NaN,0,5.99999999999996,2,1,65,0.5
738,18613.402489,18612.45849,18612.749157,18613.349156,18615.68582,1,2.99999999999994,0.0299999999999997,7.00000000000003,1,2,66,0.5
739,18618.929817,18617.957818,18618.301151,18618.876484,18620.888482,1,2.99999999999994,0.0299999999999997,7.00000000000003,1,2,66,0.5
740,18625.345811,18624.528478,18624.844478,18625.292477,18630.087139,0,2.99999999999994,0.0299999999999997,5.99999999999996,2,1,65,0.5
741,18631.405138,18630.551806,18630.811139,18631.351805,18634.157135,1,2.99999999999994,0.0299999999999997,7.00000000000003,1,2,66,0.5
742,18636.840466,18635.931133,18636.316466,18636.840466,18639.709796,0,NaN,0,7.00000000000003,1,2,66,0.5
743,18695.957073,18695.038408,18695.135074,18695.957073,18712.851057,0,NaN,0,7.00000000000003,1,2,66,0.5
744,18719.76705,18718.966384,18719.304383,18719.713716,18724.097045,1,2.99999999999994,0.0299999999999997,7.00000000000003,1,2,66,0.5
745,18727.269709,18726.411043,18726.737043,18727.269709,18739.192364,0,NaN,0,7.00000000000003,1,2,66,0.5
746,18740.399696,18739.785696,18739.85503,18740.346362,18742.553694,1,2.99999999999994,0.0299999999999997,7.00000000000003,1,2,66,0.5
747,18749.405687,18748.605021,18748.889021,18749.352353,18753.537016,1,2.99999999999994,0.0299999999999997,7.00000000000003,1,2,66,0.5
748,18755.358347,18754.545682,18754.893015,18755.358347,18761.527008,0,NaN,0,7.00000000000003,1,2,66,0.5
749,18763.345006,18761.979674,18762.861007,18763.291673,18768.382334,1,2.99999999999994,0.0299999999999997,7.00000000000003,1,2,66,0.5
750,18770.547666,18769.607666,18769.986333,18770.547666,18770.920332,1,NaN,0,5.99999999999996,2,1,65,0.5
751,18846.584256,18845.592924,18845.940257,18846.584256,18846.698923,0,NaN,0,7.00000000000003,1,2,66,0.5
752,18861.135575,18860.266909,18860.621575,18861.135575,18922.255514,1,NaN,0,5.99999999999996,2,1,65,0.5
753,18929.72484,18929.01484,18929.210174,18929.671506,18952.805483,1,2.99999999999994,0.0299999999999997,7.00000000000003,1,2,66,0.5
754,18962.578807,18961.360141,18961.748808,18962.525474,18964.435472,0,2.99999999999994,0.0299999999999997,5.99999999999996,2,1,65,0.5
755,18966.060137,18965.274804,18965.563471,18966.006803,18971.018798,1,2.99999999999994,0.0299999999999997,7.00000000000003,1,2,66,0.5
756,18973.704129,18972.941463,18973.217463,18973.704129,18981.915454,0,NaN,0,7.00000000000003,1,2,66,0.5
757,18984.645451,18983.410786,18983.678119,18984.645451,18991.820778,0,NaN,0,7.00000000000003,1,2,66,0.5
758,18994.616108,18993.409443,18993.719442,18994.562775,18997.031439,1,2.99999999999994,0.0299999999999997,7.00000000000003,1,2,66,0.5
759,18999.748776,18998.987437,18999.221437,18999.748776,18999.965436,0,NaN,0,7.00000000000003,1,2,66,0.5
760,19241.359862,19240.361862,19240.545196,19241.359862,19241.521861,0,NaN,0,7.00000000000003,1,2,66,0.5
761,19257.342512,19250.781185,19250.906519,19257.289179,19262.88984,1,2.99999999999994,0.0299999999999997,7.00000000000003,1,2,66,0.5
762,19284.376485,19283.567819,19283.863152,19284.323152,19293.471143,0,2.99999999999994,0.0299999999999997,5.99999999999996,2,1,65,0.5
763,19294.578475,19294.051142,19294.143142,19294.525142,19332.708437,1,2.99999999999994,0.0299999999999997,7.00000000000003,1,2,66,0.5
764,19334.071102,19333.387769,19333.601769,19334.071102,19344.737091,1,NaN,0,5.99999999999996,2,1,65,0.5
765,19345.98509,19345.369091,19345.564424,19345.98509,19352.045751,1,NaN,0,5.99999999999996,2,1,65,0.5
766,19354.567748,19353.10375,19353.929082,19354.514415,19355.590414,0,2.99999999999994,0.0299999999999997,5.99999999999996,2,1,65,0.5
767,19357.902412,19357.220412,19357.508412,19357.849745,19358.657744,1,2.99999999999994,0.0299999999999997,7.00000000000003,1,2,66,0.5
768,19364.055739,19363.150406,19363.532406,19364.002405,19372.107731,0,2.99999999999994,0.0299999999999997,5.99999999999996,2,1,65,0.5
769,19374.554395,19373.699062,19374.054395,19374.554395,19380.460389,0,NaN,0,7.00000000000003,1,2,66,0.5
770,19382.73372,19382.035054,19382.333054,19382.680387,19386.10705,1,2.99999999999994,0.0299999999999997,7.00000000000003,1,2,66,0.5
771,19388.832381,19387.885048,19388.287714,19388.779047,19389.591713,1,2.99999999999994,0.0299999999999997,7.00000000000003,1,2,66,0.5
772,19401.023035,19400.241703,19400.500369,19401.023035,19487.628282,1,NaN,0,5.99999999999996,2,1,65,0.5
773,19497.741605,19496.741606,19497.161606,19497.688272,19498.294938,0,2.99999999999994,0.0299999999999997,5.99999999999996,2,1,65,0.5
774,19500.168936,19499.61627,19499.772936,19500.168936,19501.170935,1,NaN,0,5.99999999999996,2,1,65,0.5
775,19596.778839,19595.879507,19596.187507,19596.778839,19665.436104,0,NaN,0,7.00000000000003,1,2,66,0.5
776,19667.288769,19666.28877,19666.720769,19667.288769,19667.728102,0,NaN,0,7.00000000000003,1,2,66,0.5
777,19704.010732,19702.412067,19702.6614,19704.010732,19704.198065,0,NaN,0,7.00000000000003,1,2,66,0.5
778,19733.933369,19733.106036,19733.351369,19733.880702,19749.798686,1,2.99999999999994,0.0299999999999997,7.00000000000003,1,2,66,0.5
779,19822.489947,19821.769281,19822.020614,19822.436614,19822.980613,1,2.99999999999994,0.0299999999999997,7.00000000000003,1,2,66,0.5
780,19826.771943,19825.84461,19826.123277,19826.771943,19826.980609,0,NaN,0,7.00000000000003,1,2,66,0.5
781,19963.659806,19963.23314,19951.067152,NaN,19972.372464,NaN,NaN,0,7.00000000000003,1,2,66,0.5
782,19978.019791,19977.201126,19977.516459,19977.966458,19985.449117,1,2.99999999999994,0.0299999999999997,7.00000000000003,1,2,66,0.5
783,20005.637097,20004.756431,20005.127098,20005.637097,20086.261016,1,NaN,0,5.99999999999996,2,1,65,0.5
784,20114.710988,20113.856989,20114.164322,20114.657655,20115.334321,0,2.99999999999994,0.0299999999999997,5.99999999999996,2,1,65,0.5
785,20117.227652,20116.534986,20116.844319,20117.227652,20117.430985,1,NaN,0,5.99999999999996,2,1,65,0.5
786,20128.216308,20127.330309,20127.668308,20128.162975,20131.145638,0,2.99999999999994,0.0299999999999997,5.99999999999996,2,1,65,0.5
787,20133.830302,20133.206303,20133.392303,20133.792969,20136.1723,1,2.99999999999994,0.0299999999999997,7.00000000000003,1,2,66,0.5
788,20139.05563,20138.184298,20138.476298,20139.002297,20141.740295,0,2.99999999999994,0.0299999999999997,5.99999999999996,2,1,65,0.5
789,20144.625625,20143.994959,20144.227625,20144.625625,20145.251624,1,NaN,0,5.99999999999996,2,1,65,0.5
790,20153.693616,20153.109616,20153.335616,20153.693616,20153.970282,1,NaN,0,5.99999999999996,2,1,65,0.5
791,20195.732907,20194.885575,20195.196908,20195.679574,20197.989571,0,2.99999999999994,0.0299999999999997,5.99999999999996,2,1,65,0.5
792,20199.91557,20199.26157,20199.422237,20199.862236,20201.588901,1,2.99999999999994,0.0299999999999997,7.00000000000003,1,2,66,0.5
793,20205.612897,20204.885565,20205.009564,20205.559564,20207.243562,0,2.99999999999994,0.0299999999999997,5.99999999999996,2,1,65,0.5
794,20209.170894,20208.646227,20208.825561,20209.170894,20209.486227,1,NaN,0,5.99999999999996,2,1,65,0.5
795,20245.515524,20244.735525,20244.942858,20245.462191,20247.434856,1,2.99999999999994,0.0299999999999997,7.00000000000003,1,2,66,0.5
796,20262.63084,20261.839508,20262.153507,20262.63084,20263.032173,1,NaN,0,5.99999999999996,2,1,65,0.5
797,20275.414827,20274.649495,20274.964828,20275.414827,20277.380825,1,NaN,0,5.99999999999996,2,1,65,0.5
798,20285.012818,20284.045485,20284.367485,20284.959484,20290.922812,0,2.99999999999994,0.0299999999999997,5.99999999999996,2,1,65,0.5
799,20293.004143,20292.204811,20292.504144,20293.004143,20300.106136,0,NaN,0,7.00000000000003,1,2,66,0.5
800,20302.120134,20300.940802,20301.592801,20302.066801,20309.002127,0,2.99999999999994,0.0299999999999997,5.99999999999996,2,1,65,0.5
801,20324.542778,20323.537446,20323.803446,20324.489445,20693.831076,1,2.99999999999994,0.0299999999999997,7.00000000000003,1,2,66,0.5
802,20707.653062,20706.823063,20707.114396,20707.653062,20710.402392,0,NaN,0,7.00000000000003,1,2,66,0.5
803,20716.13772,20715.224388,20715.516387,20716.084387,20716.735053,1,2.99999999999994,0.0299999999999997,7.00000000000003,1,2,66,0.5
804,20754.820348,20753.929015,20754.279015,20754.767015,20756.697013,0,2.99999999999994,0.0299999999999997,5.99999999999996,2,1,65,0.5
805,20761.777674,20761.061008,20761.371008,20761.724341,20765.465004,1,2.99999999999994,0.0299999999999997,7.00000000000003,1,2,66,0.5
806,20767.723668,20766.869003,20767.103669,20767.670335,20769.381,0,2.99999999999994,0.0299999999999997,5.99999999999996,2,1,65,0.5
807,20774.398328,20773.694996,20773.938329,20774.398328,20893.282209,1,NaN,0,5.99999999999996,2,1,65,0.5
808,20899.968869,20899.140204,20899.42887,20899.915536,20902.300867,0,2.99999999999994,0.0299999999999997,5.99999999999996,2,1,65,0.5
809,20905.690197,20904.924864,20905.271531,20905.63753,20907.342862,1,2.99999999999994,0.0299999999999997,7.00000000000003,1,2,66,0.5
810,20909.888859,20909.176194,20909.274193,20909.888859,20910.135526,0,NaN,0,7.00000000000003,1,2,66,0.5
811,20919.53085,20918.906184,20919.11285,20919.489517,20922.600847,1,2.99999999999994,0.0299999999999997,7.00000000000003,1,2,66,0.5
812,20925.688844,20924.936844,20925.186844,20925.63551,20926.366843,0,2.99999999999994,0.0299999999999997,5.99999999999996,2,1,65,0.5
813,20929.824173,20929.047507,20929.403507,20929.77084,20939.815496,1,2.99999999999994,0.0299999999999997,7.00000000000003,1,2,66,0.5
814,20943.198826,20941.026162,20941.138828,20943.198826,20957.616812,0,NaN,0,7.00000000000003,1,2,66,0.5
815,20958.96881,20958.229478,20958.545477,20958.96881,20962.792807,1,NaN,0,5.99999999999996,2,1,65,0.5
816,20966.872803,20966.248137,20966.52747,20966.866803,20968.678134,1,2.99999999999994,0.0299999999999997,7.00000000000003,1,2,66,0.5
817,20971.636798,20970.788799,20971.130798,20971.583465,20972.820797,0,2.99999999999994,0.0299999999999997,5.99999999999996,2,1,65,0.5
818,20976.068127,20975.371461,20975.698127,20976.014793,20987.909448,1,2.99999999999994,0.0299999999999997,7.00000000000003,1,2,66,0.5
819,20990.061446,20989.44278,20989.60278,20990.061446,20993.810109,0,NaN,0,7.00000000000003,1,2,66,0.5
820,20998.764104,20998.196105,20998.404771,20998.764104,21005.242764,1,NaN,0,5.99999999999996,2,1,65,0.5
821,21009.05876,21008.185428,21008.624761,21009.005427,21011.368758,1,2.99999999999994,0.0299999999999997,7.00000000000003,1,2,66,0.5
822,21013.23609,21012.345424,21012.72809,21013.23609,21019.702083,0,NaN,0,7.00000000000003,1,2,66,0.5
823,21024.878078,21024.041412,21024.214079,21024.824745,21073.525363,1,2.99999999999994,0.0299999999999997,7.00000000000003,1,2,66,0.5
824,21075.214694,21074.330028,21074.781361,21075.214694,21078.410024,1,NaN,0,5.99999999999996,2,1,65,0.5
825,21091.200678,21090.556679,21090.648012,21091.200678,21132.309304,1,NaN,0,5.99999999999996,2,1,65,0.5
826,21134.918635,21134.166635,21134.441968,21134.918635,21154.007949,1,NaN,0,5.99999999999996,2,1,65,0.5
827,21156.469946,21155.681947,21156.010613,21156.469946,21162.063941,0,NaN,0,7.00000000000003,1,2,66,0.5
828,21164.641938,21163.809272,21164.329272,21164.641938,21166.421936,1,NaN,0,5.99999999999996,2,1,65,0.5
829,21174.735261,21174.086595,21174.343928,21174.735261,21175.053261,1,NaN,0,5.99999999999996,2,1,65,0.5
830,21246.492523,21245.61119,21246.027857,21246.492523,21246.705189,1,NaN,0,5.99999999999996,2,1,65,0.5
831,21255.263847,21254.571182,21254.900515,21255.263847,21365.584405,1,NaN,0,5.99999999999996,2,1,65,0.5
832,21372.42973,21371.650398,21371.991064,21372.42973,21385.388384,1,NaN,0,5.99999999999996,2,1,65,0.5
833,21387.213716,21386.070383,21386.575716,21387.160382,21395.643707,0,2.99999999999994,0.0299999999999997,5.99999999999996,2,1,65,0.5
834,21430.730339,21429.82234,21429.857006,21430.730339,21430.913005,1,NaN,0,5.99999999999996,2,1,65,0.5
835,21457.083646,21456.18898,21456.482313,21457.083646,21457.396312,1,NaN,0,5.99999999999996,2,1,65,0.5
836,21480.298956,21479.584956,21479.75229,21480.245622,21482.090954,0,2.99999999999994,0.0299999999999997,5.99999999999996,2,1,65,0.5
837,21494.636275,21493.824942,21494.094942,21494.636275,21506.835596,1,NaN,0,5.99999999999996,2,1,65,0.5
838,21513.08759,21512.225591,21512.556924,21513.034256,21513.715589,0,2.99999999999994,0.0299999999999997,5.99999999999996,2,1,65,0.5
839,21515.691587,21514.836921,21514.948921,21515.691587,21519.899583,1,NaN,0,5.99999999999996,2,1,65,0.5
840,21522.237581,21521.403581,21521.854914,21522.237581,21529.17424,1,NaN,0,5.99999999999996,2,1,65,0.5
841,21531.986905,21530.956238,21531.540238,21531.986905,21543.266893,0,NaN,0,7.00000000000003,1,2,66,0.5
842,21545.325557,21544.616891,21544.848225,21545.325557,21550.301552,1,NaN,0,5.99999999999996,2,1,65,0.5
843,21558.389544,21557.514212,21558.014211,21558.389544,21564.956204,1,NaN,0,5.99999999999996,2,1,65,0.5
844,21567.657535,21566.24887,21567.287536,21567.657535,21576.129527,1,NaN,0,5.99999999999996,2,1,65,0.5
845,21580.954855,21579.38219,21579.74219,21580.954855,21613.302156,1,NaN,0,5.99999999999996,2,1,65,0.5
846,21646.451456,21645.61679,21645.889457,21646.398123,21649.785453,0,2.99999999999994,0.0299999999999997,5.99999999999996,2,1,65,0.5
847,21654.322782,21653.44545,21653.842782,21654.269448,21655.678114,1,2.99999999999994,0.0299999999999997,7.00000000000003,1,2,66,0.5
848,21659.78611,21658.664777,21659.178777,21659.732776,21662.092774,0,2.99999999999994,0.0299999999999997,5.99999999999996,2,1,65,0.5
849,21664.213439,21663.428106,21663.764106,21664.213439,21666.393436,1,NaN,0,5.99999999999996,2,1,65,0.5
850,21678.346758,21677.171426,21677.414092,21678.293424,21681.437421,1,2.99999999999994,0.0299999999999997,7.00000000000003,1,2,66,0.5
851,21683.959419,21683.164753,21683.352086,21683.906085,21684.662085,0,2.99999999999994,0.0299999999999997,5.99999999999996,2,1,65,0.5
852,21686.600083,21685.823417,21686.124083,21686.54675,21688.927414,1,2.99999999999994,0.0299999999999997,7.00000000000003,1,2,66,0.5
853,21691.458078,21690.394079,21690.922079,21691.458078,21793.726642,0,NaN,0,7.00000000000003,1,2,66,0.5
854,21795.64264,21794.741975,21795.095974,21795.589307,21798.93597,1,2.99999999999994,0.0299999999999997,7.00000000000003,1,2,66,0.5
855,21801.498635,21800.660635,21801.055302,21801.498635,21873.508563,1,NaN,0,5.99999999999996,2,1,65,0.5
856,21874.665895,21873.943895,21874.199895,21874.612561,21878.224558,1,2.99999999999994,0.0299999999999997,7.00000000000003,1,2,66,0.5
857,21880.611222,21879.858556,21880.081223,21880.557889,21882.112554,0,2.99999999999994,0.0299999999999997,5.99999999999996,2,1,65,0.5
858,21887.233215,21886.609216,21886.797883,21887.233215,22167.128269,1,NaN,0,5.99999999999996,2,1,65,0.5
859,22173.849596,22172.739597,22173.243596,22173.796262,22192.49491,0,2.99999999999994,0.0299999999999997,5.99999999999996,2,1,65,0.5
860,22225.423544,22224.414212,22224.765545,22225.370211,22276.788826,0,2.99999999999994,0.0299999999999997,5.99999999999996,2,1,65,0.5
861,22278.197491,22277.512825,22277.690158,22278.144158,22279.612823,1,2.99999999999994,0.0299999999999997,7.00000000000003,1,2,66,0.5
862,22282.046821,22281.191488,22281.564821,22281.993487,22290.329479,0,2.99999999999994,0.0299999999999997,5.99999999999996,2,1,65,0.5
863,22291.816811,22290.973478,22291.336811,22291.763478,22293.992809,1,2.99999999999994,0.0299999999999997,7.00000000000003,1,2,66,0.5
864,22296.148807,22295.324807,22295.624807,22296.095473,22298.650137,0,2.99999999999994,0.0299999999999997,5.99999999999996,2,1,65,0.5
865,22301.527468,22300.858135,22301.100802,22301.527468,22324.891445,1,NaN,0,5.99999999999996,2,1,65,0.5
866,22326.613443,22325.826777,22326.103443,22326.56011,22333.292103,0,2.99999999999994,0.0299999999999997,5.99999999999996,2,1,65,0.5
867,22336.603433,22335.740767,22335.9081,22336.603433,22340.069429,0,NaN,0,7.00000000000003,1,2,66,0.5
868,22343.130093,22342.188761,22342.66676,22343.130093,22351.952084,0,NaN,0,7.00000000000003,1,2,66,0.5
869,22353.227416,22352.460084,22352.775417,22353.174083,22356.603413,1,2.99999999999994,0.0299999999999997,7.00000000000003,1,2,66,0.5
870,22397.044706,22396.26604,22396.510706,22397.044706,22397.318039,1,NaN,0,5.99999999999996,2,1,65,0.5
871,22420.092683,22419.168684,22419.30135,22420.039349,22420.685349,1,2.99999999999994,0.0299999999999997,7.00000000000003,1,2,66,0.5
872,22425.590677,22424.685345,22425.019344,22425.537344,22428.616007,1,2.99999999999994,0.0299999999999997,7.00000000000003,1,2,66,0.5
873,22431.081338,22430.349339,22430.574672,22431.028005,22431.594671,0,2.99999999999994,0.0299999999999997,5.99999999999996,2,1,65,0.5
874,22433.350669,22432.627337,22432.896003,22433.297336,22436.390666,1,2.99999999999994,0.0299999999999997,7.00000000000003,1,2,66,0.5
875,22440.190663,22439.49733,22439.689996,22440.137329,22442.271994,0,2.99999999999994,0.0299999999999997,5.99999999999996,2,1,65,0.5
876,22444.307325,22443.532659,22443.745326,22444.253992,22448.171988,1,2.99999999999994,0.0299999999999997,7.00000000000003,1,2,66,0.5
877,22451.069318,22450.165986,22450.552652,22451.015985,22452.481984,0,2.99999999999994,0.0299999999999997,5.99999999999996,2,1,65,0.5
878,22454.358648,22453.632649,22453.811316,22454.305315,22461.209975,1,2.99999999999994,0.0299999999999997,7.00000000000003,1,2,66,0.5
879,22462.717307,22461.819974,22462.210641,22462.663973,22464.107305,0,2.99999999999994,0.0299999999999997,5.99999999999996,2,1,65,0.5
880,22465.674637,22464.947304,22465.191304,22465.674637,22466.857303,1,NaN,0,5.99999999999996,2,1,65,0.5
881,22486.177283,22485.59795,22485.651284,22486.12395,22488.980614,0,2.99999999999994,0.0299999999999997,5.99999999999996,2,1,65,0.5
882,22491.055945,22490.226613,22490.385946,22491.055945,22497.760605,1,NaN,0,5.99999999999996,2,1,65,0.5
883,22502.169934,22501.215935,22501.648601,22502.169934,22510.347259,1,NaN,0,5.99999999999996,2,1,65,0.5
884,22512.51259,22511.167925,22511.277925,22512.459257,22515.634587,0,2.99999999999994,0.0299999999999997,5.99999999999996,2,1,65,0.5
885,22517.238586,22516.494586,22516.730586,22517.238586,22517.649252,1,NaN,0,5.99999999999996,2,1,65,0.5
886,22528.229908,22527.325909,22527.531242,22528.229908,23012.657423,1,NaN,0,5.99999999999996,2,1,65,0.5
887,23014.360755,23013.504756,23013.798089,23014.360755,23018.421418,0,NaN,0,7.00000000000003,1,2,66,0.5
888,23021.670748,23020.875415,23021.135415,23021.670748,23021.998081,0,NaN,0,7.00000000000003,1,2,66,0.5
889,23037.402732,23032.242737,23032.376737,23037.349399,23044.069392,0,2.99999999999994,0.0299999999999997,5.99999999999996,2,1,65,0.5
890,23045.412057,23044.804058,23044.955391,23045.358724,23052.200717,1,2.99999999999994,0.0299999999999997,7.00000000000003,1,2,66,0.5
891,23053.836716,23053.21205,23053.384716,23053.784049,23056.172047,1,2.99999999999994,0.0299999999999997,7.00000000000003,1,2,66,0.5
892,23058.965377,23058.217378,23058.376711,23058.912044,23065.019371,1,2.99999999999994,0.0299999999999997,7.00000000000003,1,2,66,0.5
893,23068.479368,23067.882035,23067.996701,23068.479368,23074.446028,0,NaN,0,7.00000000000003,1,2,66,0.5
894,23076.830026,23075.395361,23076.376026,23076.776693,23079.434023,1,2.99999999999994,0.0299999999999997,7.00000000000003,1,2,66,0.5
895,23081.464688,23080.657355,23080.940022,23081.464688,23125.045978,0,NaN,0,7.00000000000003,1,2,66,0.5
896,23127.129976,23125.626644,23126.164643,23127.129976,23127.575308,0,NaN,0,7.00000000000003,1,2,66,0.5
897,23136.650633,23135.033301,23135.429967,23136.650633,23143.017293,0,NaN,0,7.00000000000003,1,2,66,0.5
898,23147.399955,23146.38929,23146.876623,23147.346622,23151.416618,1,2.99999999999994,0.0299999999999997,7.00000000000003,1,2,66,0.5
899,23153.803282,23152.570617,23153.212616,23153.749949,23155.71728,0,2.99999999999994,0.0299999999999997,5.99999999999996,2,1,65,0.5
900,23157.313945,23156.589946,23156.821946,23157.313945,23170.029933,1,NaN,0,5.99999999999996,2,1,65,0.5
901,23181.795254,23180.742589,23181.181255,23181.741921,23182.487254,1,2.99999999999994,0.0299999999999997,7.00000000000003,1,2,66,0.5
902,23184.253919,23183.327253,23183.713919,23184.200585,23186.369916,0,2.99999999999994,0.0299999999999997,5.99999999999996,2,1,65,0.5
903,23190.517246,23189.817913,23190.062579,23190.464579,23193.193243,1,2.99999999999994,0.0299999999999997,7.00000000000003,1,2,66,0.5
904,23195.78924,23194.775908,23195.179908,23195.78924,23202.425234,1,NaN,0,5.99999999999996,2,1,65,0.5
905,23214.179889,23213.455889,23213.649889,23214.126555,23215.587887,0,2.99999999999994,0.0299999999999997,5.99999999999996,2,1,65,0.5
906,23217.321219,23216.778553,23216.873886,23217.321219,23223.909879,1,NaN,0,5.99999999999996,2,1,65,0.5
907,23225.439211,23224.603211,23224.902545,23225.385877,23227.911875,0,2.99999999999994,0.0299999999999997,5.99999999999996,2,1,65,0.5
908,23229.551207,23228.782541,23229.033207,23229.497873,23235.113201,1,2.99999999999994,0.0299999999999997,7.00000000000003,1,2,66,0.5
909,23239.02253,23238.105198,23238.518531,23238.969864,23241.697194,0,2.99999999999994,0.0299999999999997,5.99999999999996,2,1,65,0.5
910,23243.21186,23242.54986,23242.65386,23243.21186,23250.981852,1,NaN,0,5.99999999999996,2,1,65,0.5
911,23252.957183,23252.153184,23252.540517,23252.957183,23462.30564,1,NaN,0,5.99999999999996,2,1,65,0.5
912,23465.67897,23464.883638,23465.110971,23465.625637,23492.000944,1,2.99999999999994,0.0299999999999997,7.00000000000003,1,2,66,0.5
913,23494.199609,23493.116276,23493.369609,23494.146275,23497.998938,0,2.99999999999994,0.0299999999999997,5.99999999999996,2,1,65,0.5
914,23503.0696,23502.4556,23502.610933,23503.0696,23534.175569,1,NaN,0,5.99999999999996,2,1,65,0.5
915,23535.587567,23534.846235,23535.164234,23535.587567,23563.908205,1,NaN,0,5.99999999999996,2,1,65,0.5
916,23565.325537,23564.654205,23564.936871,23565.325537,23570.904198,1,NaN,0,5.99999999999996,2,1,65,0.5
917,23573.232863,23572.260197,23572.726197,23573.17953,23573.984862,0,2.99999999999994,0.0299999999999997,5.99999999999996,2,1,65,0.5
918,23578.240858,23577.525525,23577.869525,23578.240858,23584.070185,1,NaN,0,5.99999999999996,2,1,65,0.5
919,23587.185516,23585.97885,23586.41685,23587.185516,23589.646846,0,NaN,0,7.00000000000003,1,2,66,0.5
920,23606.125497,23604.618831,23604.946164,23606.125497,23606.235496,1,NaN,0,5.99999999999996,2,1,65,0.5
921,23656.750779,23656.03678,23656.17878,23656.697446,23660.721442,0,2.99999999999994,0.0299999999999997,5.99999999999996,2,1,65,0.5
922,23663.461439,23662.179441,23662.228107,23663.408106,23670.026099,1,2.99999999999994,0.0299999999999997,7.00000000000003,1,2,66,0.5
923,23718.081385,23705.458731,23705.533397,NaN,NaN,NaN,NaN,0,7.00000000000003,1,2,66,0.5
924,23761.460675,23748.838021,23749.009354,NaN,23786.285983,NaN,NaN,0,7.00000000000003,1,2,66,0.5
925,23793.647309,23792.916643,23793.095976,23793.593977,23796.423306,1,2.99999999999994,0.0299999999999997,7.00000000000003,1,2,66,0.5
926,23805.595297,23804.629298,23804.897965,23805.541964,23809.546627,1,2.99999999999994,0.0299999999999997,7.00000000000003,1,2,66,0.5
927,23812.28529,23811.423291,23811.721291,23812.231957,23816.46462,0,2.99999999999994,0.0299999999999997,5.99999999999996,2,1,65,0.5
928,23818.916617,23818.333952,23818.403284,23818.916617,23858.583244,1,NaN,0,5.99999999999996,2,1,65,0.5
929,23860.037243,23859.154577,23859.290577,23860.037243,23880.118556,1,NaN,0,5.99999999999996,2,1,65,0.5
930,23884.392552,23883.571886,23883.837219,23884.339218,23887.665882,1,2.99999999999994,0.0299999999999997,7.00000000000003,1,2,66,0.5
931,23889.602546,23888.775881,23888.93588,23889.54988,23897.725205,0,2.99999999999994,0.0299999999999997,5.99999999999996,2,1,65,0.5
932,23898.956537,23898.331871,23898.458538,23898.946537,23902.755867,1,2.99999999999994,0.0299999999999997,7.00000000000003,1,2,66,0.5
933,23905.749864,23904.928531,23905.067864,23905.69653,23994.555776,0,2.99999999999994,0.0299999999999997,5.99999999999996,2,1,65,0.5
934,23998.101105,23997.071106,23997.571105,23998.101105,23998.579771,0,NaN,0,7.00000000000003,1,2,66,0.5
935,24017.066419,24016.11242,24016.45042,24017.066419,24023.239746,0,NaN,0,7.00000000000003,1,2,66,0.5
936,24024.665078,24023.900412,24024.125745,24024.611745,24027.386409,1,2.99999999999994,0.0299999999999997,7.00000000000003,1,2,66,0.5
937,24029.460407,24028.785074,24028.965074,24029.460407,24032.893075,0,NaN,0,7.00000000000003,1,2,66,0.5
938,24036.838399,24036.043067,24036.457066,24036.838399,24045.481057,1,NaN,0,5.99999999999996,2,1,65,0.5
939,24050.933718,24050.317052,24050.549719,24050.933718,24051.262385,1,NaN,0,5.99999999999996,2,1,65,0.5
940,24081.011022,24080.122356,24080.393022,24081.011022,24085.175684,1,NaN,0,5.99999999999996,2,1,65,0.5
941,24090.884345,24090.012346,24090.349679,24090.831012,24092.53301,0,2.99999999999994,0.0299999999999997,5.99999999999996,2,1,65,0.5
942,24096.924339,24095.97834,24096.45234,24096.871006,24098.643004,1,2.99999999999994,0.0299999999999997,7.00000000000003,1,2,66,0.5
943,24102.660333,24101.824334,24102.126334,24102.607,24105.140331,0,2.99999999999994,0.0299999999999997,5.99999999999996,2,1,65,0.5
944,24107.095662,24106.346996,24106.466996,24107.042329,24110.649659,1,2.99999999999994,0.0299999999999997,7.00000000000003,1,2,66,0.5
945,24113.464323,24112.652323,24112.95499,24113.411656,24116.08432,0,2.99999999999994,0.0299999999999997,5.99999999999996,2,1,65,0.5
946,24118.93765,24117.958985,24118.292318,24118.884317,24121.884981,1,2.99999999999994,0.0299999999999997,7.00000000000003,1,2,66,0.5
947,24123.836979,24123.082313,24123.354313,24123.836979,24128.519641,0,NaN,0,7.00000000000003,1,2,66,0.5
948,24130.434306,24129.524973,24129.897639,24130.434306,24138.289631,0,NaN,0,7.00000000000003,1,2,66,0.5
949,24140.616296,24138.877631,24140.000963,24140.562962,24143.530293,0,2.99999999999994,0.0299999999999997,5.99999999999996,2,1,65,0.5
950,24146.014957,24145.206958,24145.517624,24145.961623,24148.986287,1,2.99999999999994,0.0299999999999997,7.00000000000003,1,2,66,0.5
951,24151.788951,24150.396952,24150.857619,24151.788951,24160.360276,0,NaN,0,7.00000000000003,1,2,66,0.5
952,24162.430274,24161.468275,24161.914941,24162.377607,24164.920938,1,2.99999999999994,0.0299999999999997,7.00000000000003,1,2,66,0.5
953,24167.319602,24166.53827,24166.728936,24167.266269,24167.974935,0,2.99999999999994,0.0299999999999997,5.99999999999996,2,1,65,0.5
954,24169.5416,24168.869601,24169.0956,24169.5416,24176.287593,1,NaN,0,5.99999999999996,2,1,65,0.5
955,24178.893591,24177.439592,24178.328258,24178.893591,24185.330251,0,NaN,0,7.00000000000003,1,2,66,0.5
956,24189.398913,24188.546248,24188.912247,24189.34558,24196.16224,1,2.99999999999994,0.0299999999999997,7.00000000000003,1,2,66,0.5
957,24197.885572,24197.200239,24197.454239,24197.885572,24202.042901,1,NaN,0,5.99999999999996,2,1,65,0.5
958,24207.875562,24207.061562,24207.378895,24207.822228,24211.057558,1,2.99999999999994,0.0299999999999997,7.00000000000003,1,2,66,0.5
959,24213.272889,24212.440224,24212.67889,24213.219556,24417.866018,1,2.99999999999994,0.0299999999999997,7.00000000000003,1,2,66,0.5
960,24486.639949,24485.892617,24486.03795,24486.586616,24495.834607,0,2.99999999999994,0.0299999999999997,5.99999999999996,2,1,65,0.5
961,24512.263924,24511.639258,24511.775258,24512.25659,24548.355221,0,2.99999999999994,0.0299999999999997,5.99999999999996,2,1,65,0.5
962,24550.902552,24550.083219,24550.272552,24550.849219,24552.727217,0,2.99999999999994,0.0299999999999997,5.99999999999996,2,1,65,0.5
963,24592.168511,24590.455846,24590.963846,24592.115177,24593.027843,1,2.99999999999994,0.0299999999999997,7.00000000000003,1,2,66,0.5
964,24594.811841,24593.996509,24594.114509,24594.758508,24596.913839,0,2.99999999999994,0.0299999999999997,5.99999999999996,2,1,65,0.5
965,24610.371826,24609.59716,24609.852493,24610.371826,24616.669153,0,NaN,0,7.00000000000003,1,2,66,0.5
966,24618.141151,24617.317819,24617.607818,24618.087818,24621.547815,1,2.99999999999994,0.0299999999999997,7.00000000000003,1,2,66,0.5
967,24623.571146,24622.951813,24623.08648,24623.571146,24624.023812,1,NaN,0,5.99999999999996,2,1,65,0.5
968,24687.605082,24686.945082,24687.091082,24687.551749,24693.13441,1,2.99999999999994,0.0299999999999997,7.00000000000003,1,2,66,0.5
969,24696.885739,24696.149074,24696.196407,24696.832406,24698.628404,0,2.99999999999994,0.0299999999999997,5.99999999999996,2,1,65,0.5
970,24700.329069,24699.65907,24699.747736,24700.329069,24705.207064,1,NaN,0,5.99999999999996,2,1,65,0.5
971,24707.637062,24706.439063,24706.930396,24707.583729,24710.284392,1,2.99999999999994,0.0299999999999997,7.00000000000003,1,2,66,0.5
972,24713.721056,24712.857723,24713.21439,24713.721056,24716.941719,1,NaN,0,5.99999999999996,2,1,65,0.5
973,24884.282885,24882.986886,24883.447553,24884.229552,24887.573548,1,2.99999999999994,0.0299999999999997,7.00000000000003,1,2,66,0.5
974,24914.143522,24913.364856,24913.446189,24914.090189,24918.140851,0,2.99999999999994,0.0299999999999997,5.99999999999996,2,1,65,0.5
975,24919.90685,24919.00085,24919.21485,24919.853516,24926.22751,0,2.99999999999994,0.0299999999999997,5.99999999999996,2,1,65,0.5
976,24934.110835,24932.86417,24932.962836,24934.110835,24942.80616,0,NaN,0,7.00000000000003,1,2,66,0.5
977,24945.76949,24944.832825,24945.210824,24945.716157,24948.370821,0,2.99999999999994,0.0299999999999997,5.99999999999996,2,1,65,0.5
978,24956.08948,24953.466816,24953.667482,24956.08948,24962.542807,0,NaN,0,7.00000000000003,1,2,66,0.5
979,24964.591471,24963.24014,24964.094139,24964.591471,24969.5528,0,NaN,0,7.00000000000003,1,2,66,0.5
980,24971.898798,24970.444799,24971.034132,24971.898798,24972.282797,0,NaN,0,7.00000000000003,1,2,66,0.5
981,24985.134784,24980.079456,24980.158789,24985.081451,24988.265448,0,2.99999999999994,0.0299999999999997,5.99999999999996,2,1,65,0.5
982,24989.920779,24989.17478,24989.386113,24989.867446,24992.607443,1,2.99999999999994,0.0299999999999997,7.00000000000003,1,2,66,0.5
983,24994.868775,24993.897442,24994.160109,24994.868775,25064.477372,0,NaN,0,7.00000000000003,1,2,66,0.5
984,25067.298035,25066.38337,25066.652703,25067.244702,25069.649366,1,2.99999999999994,0.0299999999999997,7.00000000000003,1,2,66,0.5
985,25072.406697,25071.088032,25071.543365,25072.406697,25113.05599,0,NaN,0,7.00000000000003,1,2,66,0.5
986,25188.629914,25187.294582,25187.563915,25188.629914,25188.929914,1,NaN,0,5.99999999999996,2,1,65,0.5
987,25229.381207,25228.503208,25228.803874,25229.381207,25295.65314,1,NaN,0,5.99999999999996,2,1,65,0.5
988,25661.170775,25659.999443,25660.271442,25661.170775,25671.020098,1,NaN,0,5.99999999999996,2,1,65,0.5
989,25672.79943,25671.981431,25672.221431,25672.746097,25673.728762,1,2.99999999999994,0.0299999999999997,7.00000000000003,1,2,66,0.5
990,25677.844758,25676.766759,25677.204092,25677.791425,25692.56941,0,2.99999999999994,0.0299999999999997,5.99999999999996,2,1,65,0.5
991,25703.770066,25702.8574,25702.946733,25703.716732,25706.235397,1,2.99999999999994,0.0299999999999997,7.00000000000003,1,2,66,0.5
992,25711.272058,25710.674059,25710.699392,25711.218725,25714.936055,0,2.99999999999994,0.0299999999999997,5.99999999999996,2,1,65,0.5
993,25716.998052,25715.994053,25716.441386,25716.944719,25719.63005,0,2.99999999999994,0.0299999999999997,5.99999999999996,2,1,65,0.5
994,25722.163381,25721.492715,25721.745381,25722.163381,25726.883376,1,NaN,0,5.99999999999996,2,1,65,0.5
995,25730.082039,25729.012707,25729.522707,25730.028706,25731.194038,1,2.99999999999994,0.0299999999999997,7.00000000000003,1,2,66,0.5
996,25733.518702,25732.748703,25733.094036,25733.518702,25736.166033,0,NaN,0,7.00000000000003,1,2,66,0.5
997,25740.055363,25739.216697,25739.528697,25740.055363,25746.989356,1,NaN,0,5.99999999999996,2,1,65,0.5
998,25883.885886,25882.92122,25883.112553,25883.832552,25885.647884,1,2.99999999999994,0.0299999999999997,7.00000000000003,1,2,66,0.5
999,25890.724545,25890.001879,25890.113213,25890.671212,25894.109209,0,2.99999999999994,0.0299999999999997,5.99999999999996,2,1,65,0.5
1000,25895.88454,25895.033874,25895.207874,25895.831207,25899.580536,0,2.99999999999994,0.0299999999999997,5.99999999999996,2,1,65,0.5
1001,25938.352498,25937.499832,25937.665165,25938.299164,25941.214495,0,2.99999999999994,0.0299999999999997,5.99999999999996,2,1,65,0.5
1002,25943.09116,25942.466494,25942.551827,25943.07516,25943.933825,1,2.99999999999994,0.0299999999999997,7.00000000000003,1,2,66,0.5
1003,25959.714476,25959.11181,25959.22381,25959.714476,25962.257807,0,NaN,0,7.00000000000003,1,2,66,0.5
1004,25967.357802,25966.51647,25966.832469,25967.357802,25975.703127,0,NaN,0,7.00000000000003,1,2,66,0.5
1005,25978.236458,25977.467792,25977.737125,25978.183125,25982.69312,1,2.99999999999994,0.0299999999999997,7.00000000000003,1,2,66,0.5
1006,25986.20845,25985.347784,25985.585117,25986.155117,25990.263112,1,2.99999999999994,0.0299999999999997,7.00000000000003,1,2,66,0.5
1007,25992.706443,25991.759778,25991.905778,25992.706443,26005.378431,1,NaN,0,5.99999999999996,2,1,65,0.5
1008,26007.720428,26006.674429,26007.127762,26007.667095,26013.915756,0,2.99999999999994,0.0299999999999997,5.99999999999996,2,1,65,0.5
1009,26030.897072,26030.005073,26030.059739,26030.843739,NaN,0,2.99999999999994,0.0299999999999997,5.99999999999996,2,1,65,0.5
