trial,outcome,center_in,center_out,side_in,last_side_out,actions,reward,trial_types,odors,port_side,schedule,odor_name,odor_dur
1,2734.884435,2734.293102,2734.409102,2734.884435,2745.956424,0,NaN,0,7.00000000000003,1,2,66,0.5
2,2752.093085,2746.774423,2747.331756,2752.093085,2767.102403,0,NaN,0,7.00000000000003,1,2,66,0.5
3,2779.049058,2776.975726,2777.697059,2779.049058,2800.571036,0,NaN,0,7.00000000000003,1,2,66,0.5
4,2811.165026,2808.353695,2810.229693,2811.111692,2826.570344,0,2.99999999999994,0.0299999999999997,5.99999999999996,2,1,65,0.5
5,2828.361008,2827.399009,2827.472343,2828.307675,2835.990334,1,2.99999999999994,0.0299999999999997,7.00000000000003,1,2,66,0.5
6,2839.287664,2838.608998,2838.770998,2839.234331,2854.544316,1,2.99999999999994,0.0299999999999997,7.00000000000003,1,2,66,0.5
7,2856.765647,2855.907648,2855.954981,2856.712313,2859.034311,1,2.99999999999994,0.0299999999999997,7.00000000000003,1,2,66,0.5
8,2864.045639,2863.018974,2863.524973,2863.992306,2871.514965,1,2.99999999999994,0.0299999999999997,7.00000000000003,1,2,66,0.5
9,2872.697631,2872.014965,2872.188965,2872.697631,2899.427604,0,NaN,0,7.00000000000003,1,2,66,0.5
10,2910.54426,2907.481596,2909.226928,2910.490926,2957.716212,0,2.99999999999994,0.0299999999999997,5.99999999999996,2,1,65,0.5
11,2984.402186,2982.698854,2983.51552,2984.402186,2991.037512,1,NaN,0,5.99999999999996,2,1,65,0.5
12,2992.315511,2991.705512,2991.804178,2992.315511,2993.25551,0,NaN,0,7.00000000000003,1,2,66,0.5
13,3056.458114,3055.524781,3055.874781,3056.40478,3057.482779,1,2.99999999999994,0.0299999999999997,7.00000000000003,1,2,66,0.5
14,3069.439434,3067.633436,3068.210102,3069.386101,3118.424718,1,2.99999999999994,0.0299999999999997,7.00000000000003,1,2,66,0.5
15,3135.276035,3134.180036,3134.668035,3135.276035,3287.848549,0,NaN,0,7.00000000000003,1,2,66,0.5
16,3294.208543,3292.715877,3293.05321,3294.155209,3297.801872,1,2.99999999999994,0.0299999999999997,7.00000000000003,1,2,66,0.5
17,3309.615194,3308.027862,3308.985861,3309.561861,3337.958499,1,2.99999999999994,0.0299999999999997,7.00000000000003,1,2,66,0.5
18,3342.321161,3341.466495,3341.517162,3342.321161,3348.233155,0,NaN,0,7.00000000000003,1,2,66,0.5
19,3359.109144,3352.682484,3352.799817,3359.109144,3362.768474,0,NaN,0,7.00000000000003,1,2,66,0.5
20,3384.809785,3383.327787,3384.167786,3384.756452,3393.33911,0,2.99999999999994,0.0299999999999997,5.99999999999996,2,1,65,0.5
21,3394.447109,3393.906443,3393.931776,3394.393776,3396.749773,1,2.99999999999994,0.0299999999999997,7.00000000000003,1,2,66,0.5
22,3416.235754,3410.415093,3410.47976,3416.182421,3419.039751,1,2.99999999999994,0.0299999999999997,7.00000000000003,1,2,66,0.5
23,3440.977062,3439.905064,3440.17173,3440.977062,3445.755724,1,NaN,0,5.99999999999996,2,1,65,0.5
24,3450.551053,3450.127053,3450.16572,3450.551053,3462.559708,1,NaN,0,5.99999999999996,2,1,65,0.5
25,3463.878373,3463.411707,3463.435707,3463.82504,3465.845038,0,2.99999999999994,0.0299999999999997,5.99999999999996,2,1,65,0.5
26,3469.447701,3468.826368,3468.960368,3469.394367,3473.19303,1,2.99999999999994,0.0299999999999997,7.00000000000003,1,2,66,0.5
27,3474.411696,3473.811696,3473.939696,3474.411696,3483.281687,0,NaN,0,7.00000000000003,1,2,66,0.5
28,3487.266349,3486.731683,3486.841683,3487.266349,3491.944345,0,NaN,0,7.00000000000003,1,2,66,0.5
29,3493.683676,3493.189677,3493.225677,3493.630343,3499.944337,0,2.99999999999994,0.0299999999999997,5.99999999999996,2,1,65,0.5
30,3502.457001,3500.657003,3501.014336,3502.457001,3517.509653,1,NaN,0,5.99999999999996,2,1,65,0.5
31,3520.31565,3519.696317,3519.80565,3520.31565,3521.162982,1,NaN,0,5.99999999999996,2,1,65,0.5
32,3531.800972,3530.932306,3531.048972,3531.800972,3771.370065,0,NaN,0,7.00000000000003,1,2,66,0.5
33,3772.996064,3772.087398,3772.547398,3772.996064,3782.346721,1,NaN,0,5.99999999999996,2,1,65,0.5
34,3783.81072,3782.848054,3783.328053,3783.757386,3803.291367,1,2.99999999999994,0.0299999999999997,7.00000000000003,1,2,66,0.5
35,3805.068698,3804.360699,3804.628032,3805.068698,3813.702023,1,NaN,0,5.99999999999996,2,1,65,0.5
36,3827.769342,3826.136011,3826.246011,3827.716009,3836.120667,1,2.99999999999994,0.0299999999999997,7.00000000000003,1,2,66,0.5
37,3837.897999,3836.734667,3837.341333,3837.844666,3842.677327,0,2.99999999999994,0.0299999999999997,5.99999999999996,2,1,65,0.5
38,3845.211325,3844.323992,3844.447992,3845.211325,3852.207318,1,NaN,0,5.99999999999996,2,1,65,0.5
39,3853.745316,3852.823317,3853.193984,3853.691983,3858.465978,0,2.99999999999994,0.0299999999999997,5.99999999999996,2,1,65,0.5
40,3860.04131,3859.299977,3859.545977,3859.987977,3868.753301,1,2.99999999999994,0.0299999999999997,7.00000000000003,1,2,66,0.5
41,3871.422632,3870.784633,3870.899966,3871.369299,3884.254619,0,2.99999999999994,0.0299999999999997,5.99999999999996,2,1,65,0.5
42,3885.967284,3884.925952,3885.065952,3885.913951,3888.896615,1,2.99999999999994,0.0299999999999997,7.00000000000003,1,2,66,0.5
43,3892.319278,3891.779945,3891.833945,3892.265944,3896.61194,0,2.99999999999994,0.0299999999999997,5.99999999999996,2,1,65,0.5
44,3898.543938,3897.17194,3897.279939,3898.543938,3902.9706,1,NaN,0,5.99999999999996,2,1,65,0.5
45,3913.54059,3912.233258,3912.349258,3913.487257,4358.248812,0,2.99999999999994,0.0299999999999997,5.99999999999996,2,1,65,0.5
46,4360.162143,4358.844811,4359.705477,4360.162143,4361.160809,1,NaN,0,5.99999999999996,2,1,65,0.5
47,4367.970802,4366.48747,4367.452803,4367.970802,4381.560789,0,NaN,0,7.00000000000003,1,2,66,0.5
48,4383.189454,4382.352788,4382.692121,4383.13612,4391.325445,0,2.99999999999994,0.0299999999999997,5.99999999999996,2,1,65,0.5
49,4393.04411,4392.108111,4392.344778,4392.990777,4398.296772,1,2.99999999999994,0.0299999999999997,7.00000000000003,1,2,66,0.5
50,4399.595437,4398.775438,4399.160104,4399.595437,4427.413409,1,NaN,0,5.99999999999996,2,1,65,0.5
51,4429.783407,4428.604742,4429.204741,4429.783407,4440.784729,0,NaN,0,7.00000000000003,1,2,66,0.5
52,4446.982723,4445.984057,4446.48939,4446.92939,4453.952049,0,2.99999999999994,0.0299999999999997,5.99999999999996,2,1,65,0.5
53,4455.732048,4454.584049,4454.927382,4455.678714,4457.166046,1,2.99999999999994,0.0299999999999997,7.00000000000003,1,2,66,0.5
54,4458.580712,4457.802712,4458.002712,4458.527378,4462.436708,0,2.99999999999994,0.0299999999999997,5.99999999999996,2,1,65,0.5
55,4464.285372,4463.234707,4463.392707,4464.232039,4474.644695,0,2.99999999999994,0.0299999999999997,5.99999999999996,2,1,65,0.5
56,4476.091361,4475.348695,4475.456028,4476.038027,4478.738691,1,2.99999999999994,0.0299999999999997,7.00000000000003,1,2,66,0.5
57,4482.462021,4481.760688,4481.808688,4482.408688,4484.117353,0,2.99999999999994,0.0299999999999997,5.99999999999996,2,1,65,0.5
58,4488.792681,4487.898016,4488.146682,4488.792681,4493.517343,0,NaN,0,7.00000000000003,1,2,66,0.5
59,4495.439341,4494.688675,4494.922675,4495.386008,4499.240004,1,2.99999999999994,0.0299999999999997,7.00000000000003,1,2,66,0.5
60,4500.670003,4499.83267,4500.12267,4500.616669,4503.13,0,2.99999999999994,0.0299999999999997,5.99999999999996,2,1,65,0.5
61,4504.669999,4503.831333,4504.081999,4504.616665,4509.373994,1,2.99999999999994,0.0299999999999997,7.00000000000003,1,2,66,0.5
62,4510.660659,4509.91066,4510.137327,4510.660659,4516.854653,1,NaN,0,5.99999999999996,2,1,65,0.5
63,4518.374652,4517.636652,4517.813319,4518.374652,4575.639261,0,NaN,0,7.00000000000003,1,2,66,0.5
64,4577.129926,4576.239927,4576.698593,4577.129926,4582.465254,1,NaN,0,5.99999999999996,2,1,65,0.5
65,4583.943919,4583.06992,4583.45192,4583.891253,4585.767918,0,2.99999999999994,0.0299999999999997,5.99999999999996,2,1,65,0.5
66,4588.295248,4587.448583,4587.748582,4588.295248,4593.13391,1,NaN,0,5.99999999999996,2,1,65,0.5
67,4596.054574,4594.943908,4595.479909,4596.001241,4598.588572,0,2.99999999999994,0.0299999999999997,5.99999999999996,2,1,65,0.5
68,4601.293235,4599.86657,4600.713903,4601.239902,4603.394567,1,2.99999999999994,0.0299999999999997,7.00000000000003,1,2,66,0.5
69,4604.833232,4603.876566,4604.310566,4604.833232,4627.404543,0,NaN,0,7.00000000000003,1,2,66,0.5
70,4629.485207,4628.388542,4628.858541,4629.485207,4648.897188,0,NaN,0,7.00000000000003,1,2,66,0.5
71,4664.617172,4651.994518,4652.545851,NaN,4676.109827,NaN,NaN,0,7.00000000000003,1,2,66,0.5
72,4681.897822,4680.703156,4681.242489,4681.844488,4736.238434,0,2.99999999999994,0.0299999999999997,5.99999999999996,2,1,65,0.5
73,4738.969765,4738.216432,4738.500432,4738.916431,4750.369086,1,2.99999999999994,0.0299999999999997,7.00000000000003,1,2,66,0.5
74,4752.466418,4751.180419,4751.547085,4752.466418,5365.531138,0,NaN,0,7.00000000000003,1,2,66,0.5
75,5368.927135,5366.581137,5366.80047,5368.873801,5377.842459,1,2.99999999999994,0.0299999999999997,7.00000000000003,1,2,66,0.5
76,5433.987069,5432.086405,5433.028404,5433.933736,5448.327055,0,2.99999999999994,0.0299999999999997,5.99999999999996,2,1,65,0.5
77,5449.735054,5449.111054,5449.179054,5449.735054,5460.03371,0,NaN,0,7.00000000000003,1,2,66,0.5
78,5471.572365,5460.795709,5461.209042,5471.572365,5473.490363,1,NaN,0,5.99999999999996,2,1,65,0.5
79,5508.888995,5507.763662,5507.818996,5508.835661,5521.716982,1,2.99999999999994,0.0299999999999997,7.00000000000003,1,2,66,0.5
80,5523.293647,5522.518981,5522.673647,5523.240314,5527.256976,1,2.99999999999994,0.0299999999999997,7.00000000000003,1,2,66,0.5
81,5528.914975,5528.119642,5528.223642,5528.861641,5534.580969,0,2.99999999999994,0.0299999999999997,5.99999999999996,2,1,65,0.5
82,5536.456967,5535.710301,5535.770301,5536.403634,5537.948965,1,2.99999999999994,0.0299999999999997,7.00000000000003,1,2,66,0.5
83,5542.532961,5541.755628,5541.925628,5542.528294,5545.897624,0,2.99999999999994,0.0299999999999997,5.99999999999996,2,1,65,0.5
84,5547.964955,5546.712957,5546.857623,5547.911622,5552.669617,1,2.99999999999994,0.0299999999999997,7.00000000000003,1,2,66,0.5
85,5554.577616,5553.716283,5553.760283,5554.524282,5563.07694,0,2.99999999999994,0.0299999999999997,5.99999999999996,2,1,65,0.5
86,5565.146938,5564.336272,5564.524272,5565.093605,5572.126265,1,2.99999999999994,0.0299999999999997,7.00000000000003,1,2,66,0.5
87,5573.848263,5573.220264,5573.279597,5573.848263,5579.517591,1,NaN,0,5.99999999999996,2,1,65,0.5
88,5581.042256,5580.222923,5580.492256,5580.988922,5582.548921,1,2.99999999999994,0.0299999999999997,7.00000000000003,1,2,66,0.5
89,5584.621585,5583.897586,5583.961586,5584.568252,5614.137556,0,2.99999999999994,0.0299999999999997,5.99999999999996,2,1,65,0.5
90,5617.744219,5617.119553,5617.214886,5617.729552,5620.272216,1,2.99999999999994,0.0299999999999997,7.00000000000003,1,2,66,0.5
91,5622.405548,5621.837548,5621.882882,5622.405548,5627.492876,0,NaN,0,7.00000000000003,1,2,66,0.5
92,5629.442874,5628.636875,5628.955541,5629.442874,5634.299536,0,NaN,0,7.00000000000003,1,2,66,0.5
93,5636.239534,5635.210868,5635.630201,5636.186201,5639.179531,0,2.99999999999994,0.0299999999999997,5.99999999999996,2,1,65,0.5
94,5641.122862,5640.22153,5640.328196,5641.069529,5644.282859,1,2.99999999999994,0.0299999999999997,7.00000000000003,1,2,66,0.5
95,5646.006191,5645.294191,5645.438858,5646.006191,5651.299519,0,NaN,0,7.00000000000003,1,2,66,0.5
96,5652.798184,5651.989518,5652.246851,5652.798184,5658.545512,0,NaN,0,7.00000000000003,1,2,66,0.5
97,5661.011509,5659.242844,5660.29551,5660.958176,5668.091502,1,2.99999999999994,0.0299999999999997,7.00000000000003,1,2,66,0.5
98,5669.946833,5668.887501,5669.461501,5669.946833,5744.265426,1,NaN,0,5.99999999999996,2,1,65,0.5
99,5764.398739,5763.628073,5763.757406,5764.398739,5905.271265,1,NaN,0,5.99999999999996,2,1,65,0.5
100,5911.152592,5909.105261,5909.637927,5911.152592,5929.847907,0,NaN,0,7.00000000000003,1,2,66,0.5
101,5938.838565,5938.218565,5938.320565,5938.838565,5944.845225,0,NaN,0,7.00000000000003,1,2,66,0.5
102,5947.552556,5946.25389,5946.959223,5947.552556,5948.239889,1,NaN,0,5.99999999999996,2,1,65,0.5
103,6067.647769,6066.63977,6066.86977,6067.647769,6113.74439,0,NaN,0,7.00000000000003,1,2,66,0.5
104,6116.935053,6116.027721,6116.44972,6116.88172,6118.153052,1,2.99999999999994,0.0299999999999997,7.00000000000003,1,2,66,0.5
105,6121.855715,6120.943716,6121.345715,6121.855715,6122.716381,0,NaN,0,7.00000000000003,1,2,66,0.5
106,6135.199035,6134.059036,6134.447036,6135.199035,6297.339539,1,NaN,0,5.99999999999996,2,1,65,0.5
107,6405.146765,6403.413433,6404.337432,6405.146765,6411.044092,0,NaN,0,7.00000000000003,1,2,66,0.5
108,6430.08874,6428.926074,6429.551407,6430.08874,6435.078735,0,NaN,0,7.00000000000003,1,2,66,0.5
109,6439.594064,6438.446065,6439.088064,6439.594064,6448.096722,0,NaN,0,7.00000000000003,1,2,66,0.5
110,6449.74472,6448.581388,6449.208721,6449.692054,7077.345426,0,2.99999999999994,0.0299999999999997,5.99999999999996,2,1,65,0.5
111,8147.760356,8146.319024,8146.835023,8147.760356,8152.453018,1,NaN,0,5.99999999999996,2,1,65,0.5
112,8638.984531,8638.384532,8638.455198,8638.984531,8766.64107,1,NaN,0,5.99999999999996,2,1,65,0.5
113,8775.726394,8774.766395,8775.208395,8775.726394,8782.906387,1,NaN,0,5.99999999999996,2,1,65,0.5
114,8785.409718,8783.63572,8784.853719,8785.356385,8789.725714,1,2.99999999999994,0.0299999999999997,7.00000000000003,1,2,66,0.5
115,8791.150379,8790.18238,8790.609713,8791.150379,8795.758374,0,NaN,0,7.00000000000003,1,2,66,0.5
116,8801.064369,8799.275038,8800.42037,8801.011036,8802.215701,0,2.99999999999994,0.0299999999999997,5.99999999999996,2,1,65,0.5
117,8803.841033,8802.921034,8803.2117,8803.7877,8806.77503,1,2.99999999999994,0.0299999999999997,7.00000000000003,1,2,66,0.5
118,8809.151694,8808.252362,8808.526362,8809.098361,8816.393687,0,2.99999999999994,0.0299999999999997,5.99999999999996,2,1,65,0.5
119,8818.309685,8817.24502,8817.541686,8818.309685,8825.102345,1,NaN,0,5.99999999999996,2,1,65,0.5
120,8838.799665,8826.177011,8826.255677,NaN,NaN,NaN,NaN,0,5.99999999999996,2,1,65,0.5
121,8872.891631,8860.268976,8860.765643,NaN,NaN,NaN,NaN,0,7.00000000000003,1,2,66,0.5
122,8899.152938,8898.285605,8898.494272,8899.099604,9414.375756,0,2.99999999999994,0.0299999999999997,5.99999999999996,2,1,65,0.5
123,9420.719749,9419.283751,9420.007083,9420.719749,9429.325741,0,NaN,0,7.00000000000003,1,2,66,0.5
124,9430.852406,9429.91774,9430.292406,9430.799073,9433.902403,0,2.99999999999994,0.0299999999999997,5.99999999999996,2,1,65,0.5
125,9439.247064,9438.131732,9438.207732,9439.247064,9533.32497,0,NaN,0,7.00000000000003,1,2,66,0.5
126,9537.437633,9536.622967,9536.9163,9537.384299,9539.94763,1,2.99999999999994,0.0299999999999997,7.00000000000003,1,2,66,0.5
127,9543.162294,9541.992295,9542.544294,9543.10896,9546.261624,0,2.99999999999994,0.0299999999999997,5.99999999999996,2,1,65,0.5
128,9548.044289,9547.092956,9547.412289,9547.990955,9551.437619,1,2.99999999999994,0.0299999999999997,7.00000000000003,1,2,66,0.5
129,9554.430282,9553.161617,9553.611616,9554.376949,9556.620947,0,2.99999999999994,0.0299999999999997,5.99999999999996,2,1,65,0.5
130,9558.920945,9557.912946,9558.032945,9558.868278,9563.480273,1,2.99999999999994,0.0299999999999997,7.00000000000003,1,2,66,0.5
131,9564.917605,9564.116939,9564.178939,9564.917605,9568.517602,0,NaN,0,7.00000000000003,1,2,66,0.5
132,9572.169598,9570.981599,9571.486932,9572.169598,9582.174255,0,NaN,0,7.00000000000003,1,2,66,0.5
133,9589.351581,9588.014915,9588.605581,9589.298915,9590.747579,1,2.99999999999994,0.0299999999999997,7.00000000000003,1,2,66,0.5
134,9593.28091,9592.094245,9592.662911,9593.227577,9595.330241,0,2.99999999999994,0.0299999999999997,5.99999999999996,2,1,65,0.5
135,9597.759572,9596.34224,9597.17224,9597.759572,9604.1289,1,NaN,0,5.99999999999996,2,1,65,0.5
136,9606.070897,9604.911565,9605.435565,9606.070897,9612.718891,0,NaN,0,7.00000000000003,1,2,66,0.5
137,9615.326888,9614.114223,9614.704222,9615.273555,9618.214219,1,2.99999999999994,0.0299999999999997,7.00000000000003,1,2,66,0.5
138,9619.938217,9618.900885,9619.354884,9619.938217,9626.597543,0,NaN,0,7.00000000000003,1,2,66,0.5
139,9629.425541,9627.272876,9628.782208,9629.372207,9637.728199,1,2.99999999999994,0.0299999999999997,7.00000000000003,1,2,66,0.5
140,9642.948194,9642.324194,9642.478194,9642.937527,9647.690856,1,2.99999999999994,0.0299999999999997,7.00000000000003,1,2,66,0.5
141,9649.804187,9648.800855,9649.199521,9649.750854,9650.934852,0,2.99999999999994,0.0299999999999997,5.99999999999996,2,1,65,0.5
142,9652.618184,9651.625518,9651.992185,9652.564851,9655.725514,1,2.99999999999994,0.0299999999999997,7.00000000000003,1,2,66,0.5
143,9657.960179,9657.162846,9657.25618,9657.960179,9662.150841,0,NaN,0,7.00000000000003,1,2,66,0.5
144,9665.074172,9663.704173,9664.326839,9665.020838,9667.430169,0,2.99999999999994,0.0299999999999997,5.99999999999996,2,1,65,0.5
145,9670.1535,9668.613501,9669.488834,9670.1535,9675.132162,1,NaN,0,5.99999999999996,2,1,65,0.5
146,9677.800159,9676.61616,9677.242826,9677.800159,9685.312818,1,NaN,0,5.99999999999996,2,1,65,0.5
147,9687.896149,9686.660817,9687.05615,9687.896149,9695.454141,0,NaN,0,7.00000000000003,1,2,66,0.5
148,9697.672806,9696.272807,9696.772807,9697.619472,9709.68746,1,2.99999999999994,0.0299999999999997,7.00000000000003,1,2,66,0.5
149,9716.228788,9715.368121,9715.510121,9716.228788,9723.030114,1,NaN,0,5.99999999999996,2,1,65,0.5
150,9725.825444,9724.329446,9724.995445,9725.772111,9727.897442,1,2.99999999999994,0.0299999999999997,7.00000000000003,1,2,66,0.5
151,9731.809438,9730.378773,9731.088106,9731.756105,9735.156768,0,2.99999999999994,0.0299999999999997,5.99999999999996,2,1,65,0.5
152,9737.0381,9735.883434,9736.482767,9737.0381,9742.071428,1,NaN,0,5.99999999999996,2,1,65,0.5
153,9743.85276,9742.628761,9743.244094,9743.85276,9749.830754,1,NaN,0,5.99999999999996,2,1,65,0.5
154,9751.968085,9750.592086,9751.260085,9751.914751,9753.586083,0,2.99999999999994,0.0299999999999997,5.99999999999996,2,1,65,0.5
155,9756.665413,9755.504081,9756.020747,9756.665413,9764.588072,1,NaN,0,5.99999999999996,2,1,65,0.5
156,9772.894731,9771.939398,9772.276064,9772.841397,9774.493396,1,2.99999999999994,0.0299999999999997,7.00000000000003,1,2,66,0.5
157,9776.62806,9775.798061,9776.144061,9776.62806,9782.645387,0,NaN,0,7.00000000000003,1,2,66,0.5
158,9785.039385,9784.187386,9784.503386,9785.039385,9796.584707,1,NaN,0,5.99999999999996,2,1,65,0.5
159,9798.812038,9797.654039,9798.195372,9798.758705,9844.523326,0,2.99999999999994,0.0299999999999997,5.99999999999996,2,1,65,0.5
160,9853.469317,9852.697984,9852.749317,9853.469317,9861.212642,1,NaN,0,5.99999999999996,2,1,65,0.5
161,9865.049972,9864.009973,9864.435972,9864.996638,9874.124629,0,2.99999999999994,0.0299999999999997,5.99999999999996,2,1,65,0.5
162,9876.55596,9875.488628,9875.841294,9876.502627,9877.834626,1,2.99999999999994,0.0299999999999997,7.00000000000003,1,2,66,0.5
163,9881.005956,9879.988623,9880.444623,9880.952622,9884.062619,0,2.99999999999994,0.0299999999999997,5.99999999999996,2,1,65,0.5
164,9886.498617,9885.617284,9885.653951,9886.498617,9890.56328,0,NaN,0,7.00000000000003,1,2,66,0.5
165,9894.156609,9893.545277,9893.589277,9894.156609,9904.678599,1,NaN,0,5.99999999999996,2,1,65,0.5
166,9906.148597,9905.365931,9905.615264,9906.148597,9913.419923,1,NaN,0,5.99999999999996,2,1,65,0.5
167,9920.23725,9918.921252,9919.584584,9920.23725,9926.379244,0,NaN,0,7.00000000000003,1,2,66,0.5
168,9928.191242,9926.96791,9927.680576,9928.191242,9928.951908,1,NaN,0,5.99999999999996,2,1,65,0.5
169,9935.220568,9934.097236,9934.586569,9935.167235,9940.317896,0,2.99999999999994,0.0299999999999997,5.99999999999996,2,1,65,0.5
170,9946.459224,9945.523891,9945.746558,9946.40589,9953.471883,1,2.99999999999994,0.0299999999999997,7.00000000000003,1,2,66,0.5
171,9955.282548,9954.265882,9954.699215,9955.279881,9958.139879,0,2.99999999999994,0.0299999999999997,5.99999999999996,2,1,65,0.5
172,9965.142538,9964.253873,9964.573872,9965.142538,9976.76986,1,NaN,0,5.99999999999996,2,1,65,0.5
173,9991.270512,9989.503181,9989.859847,9991.270512,9998.416505,0,NaN,0,7.00000000000003,1,2,66,0.5
174,10002.604501,10001.769835,10002.074501,10002.551168,10005.040498,1,2.99999999999994,0.0299999999999997,7.00000000000003,1,2,66,0.5
175,10007.809162,10006.719163,10007.201163,10007.755829,10020.51715,0,2.99999999999994,0.0299999999999997,5.99999999999996,2,1,65,0.5
176,10022.635814,10021.591148,10021.680482,10022.582481,10025.319811,1,2.99999999999994,0.0299999999999997,7.00000000000003,1,2,66,0.5
177,10029.147808,10028.031809,10028.263142,10029.145141,10031.316472,0,2.99999999999994,0.0299999999999997,5.99999999999996,2,1,65,0.5
178,10033.49047,10032.183138,10032.346471,10033.437137,10039.079131,1,2.99999999999994,0.0299999999999997,7.00000000000003,1,2,66,0.5
179,10040.661129,10039.89513,10039.938463,10040.607796,10049.427121,0,2.99999999999994,0.0299999999999997,5.99999999999996,2,1,65,0.5
180,10052.075118,10051.189786,10051.452452,10052.075118,10061.152442,1,NaN,0,5.99999999999996,2,1,65,0.5
181,10063.185774,10062.086441,10062.437774,10063.185774,10068.002435,0,NaN,0,7.00000000000003,1,2,66,0.5
182,10070.659766,10069.023768,10069.904434,10070.606433,10072.436431,0,2.99999999999994,0.0299999999999997,5.99999999999996,2,1,65,0.5
183,10076.101094,10073.241097,10074.134429,10076.101094,10082.193088,1,NaN,0,5.99999999999996,2,1,65,0.5
184,10084.985752,10083.855753,10084.291752,10084.932419,10089.956414,0,2.99999999999994,0.0299999999999997,5.99999999999996,2,1,65,0.5
185,10092.139745,10091.197079,10091.461745,10092.086411,10095.842408,1,2.99999999999994,0.0299999999999997,7.00000000000003,1,2,66,0.5
186,10097.455073,10096.70174,10096.894407,10097.455073,10098.809738,0,NaN,0,7.00000000000003,1,2,66,0.5
187,10140.538363,10139.738364,10139.787697,10140.48503,10141.722362,0,2.99999999999994,0.0299999999999997,5.99999999999996,2,1,65,0.5
188,10143.909026,10143.063027,10143.25436,10143.909026,10221.752282,1,NaN,0,5.99999999999996,2,1,65,0.5
189,10223.974279,10222.484281,10223.181614,10223.974279,10225.114278,1,NaN,0,5.99999999999996,2,1,65,0.5
190,10231.007606,10230.191607,10230.448273,10230.954272,10236.152267,0,2.99999999999994,0.0299999999999997,5.99999999999996,2,1,65,0.5
191,10237.700933,10237.0496,10237.2416,10237.700933,10244.723592,1,NaN,0,5.99999999999996,2,1,65,0.5
192,10246.722923,10245.450258,10246.030257,10246.66959,10248.182255,0,2.99999999999994,0.0299999999999997,5.99999999999996,2,1,65,0.5
193,10249.92892,10249.114921,10249.237588,10249.875587,10251.119586,1,2.99999999999994,0.0299999999999997,7.00000000000003,1,2,66,0.5
194,10252.800251,10252.129585,10252.157585,10252.746917,10254.293582,0,2.99999999999994,0.0299999999999997,5.99999999999996,2,1,65,0.5
195,10256.028247,10255.097582,10255.463581,10256.028247,10263.732906,1,NaN,0,5.99999999999996,2,1,65,0.5
196,10266.396904,10265.312905,10265.733571,10266.34357,10275.756228,0,2.99999999999994,0.0299999999999997,5.99999999999996,2,1,65,0.5
197,10278.612891,10277.708226,10277.816892,10278.612891,10284.905552,1,NaN,0,5.99999999999996,2,1,65,0.5
198,10287.210216,10285.851551,10286.460884,10287.210216,10293.288877,0,NaN,0,7.00000000000003,1,2,66,0.5
199,10296.982873,10295.891541,10296.336874,10296.92954,10302.253535,1,2.99999999999994,0.0299999999999997,7.00000000000003,1,2,66,0.5
200,10306.158197,10305.369531,10305.499531,10306.104864,10307.24953,0,2.99999999999994,0.0299999999999997,5.99999999999996,2,1,65,0.5
201,10309.004861,10308.192862,10308.343528,10309.004861,10314.066189,1,NaN,0,5.99999999999996,2,1,65,0.5
202,10316.932186,10315.602855,10316.194187,10316.932186,10323.549513,0,NaN,0,7.00000000000003,1,2,66,0.5
203,10326.404844,10324.975512,10325.649511,10326.35151,10327.596176,0,2.99999999999994,0.0299999999999997,5.99999999999996,2,1,65,0.5
204,10329.879507,10328.965508,10329.303507,10329.879507,10333.09617,1,NaN,0,5.99999999999996,2,1,65,0.5
205,10338.367498,10337.1035,10337.568833,10338.367498,10342.206161,1,NaN,0,5.99999999999996,2,1,65,0.5
206,10346.792823,10345.304158,10346.048157,10346.73949,10349.210821,1,2.99999999999994,0.0299999999999997,7.00000000000003,1,2,66,0.5
207,10352.664817,10351.660818,10352.047485,10352.664817,10360.159477,0,NaN,0,7.00000000000003,1,2,66,0.5
208,10361.943475,10361.012809,10361.349475,10361.943475,10367.810802,1,NaN,0,5.99999999999996,2,1,65,0.5
209,10370.884133,10368.520135,10370.128133,10370.884133,10378.127459,1,NaN,0,5.99999999999996,2,1,65,0.5
210,10380.16479,10379.063458,10379.524124,10380.111457,10383.627453,0,2.99999999999994,0.0299999999999997,5.99999999999996,2,1,65,0.5
211,10386.530784,10384.576119,10384.906785,10386.47745,10389.097448,1,2.99999999999994,0.0299999999999997,7.00000000000003,1,2,66,0.5
212,10390.976112,10389.955447,10390.259447,10390.922779,10393.650776,0,2.99999999999994,0.0299999999999997,5.99999999999996,2,1,65,0.5
213,10400.592103,10399.541437,10399.904104,10400.53877,10402.634101,1,2.99999999999994,0.0299999999999997,7.00000000000003,1,2,66,0.5
214,10405.802764,10405.046098,10405.192765,10405.749431,10407.00543,0,2.99999999999994,0.0299999999999997,5.99999999999996,2,1,65,0.5
215,10409.502094,10408.402762,10408.930761,10409.502094,10414.755422,1,NaN,0,5.99999999999996,2,1,65,0.5
216,10417.128753,10415.944754,10416.536754,10417.128753,10449.158721,1,NaN,0,5.99999999999996,2,1,65,0.5
217,10455.069382,10453.700716,10454.179383,10455.069382,10459.93671,0,NaN,0,7.00000000000003,1,2,66,0.5
218,10464.161373,10462.874041,10463.390707,10464.108039,10472.414031,0,2.99999999999994,0.0299999999999997,5.99999999999996,2,1,65,0.5
219,10477.951359,10475.823361,10475.954694,10477.898026,10479.178024,1,2.99999999999994,0.0299999999999997,7.00000000000003,1,2,66,0.5
220,10481.354022,10480.392023,10480.58869,10481.300689,10483.007354,0,2.99999999999994,0.0299999999999997,5.99999999999996,2,1,65,0.5
221,10484.966685,10483.999353,10484.192019,10484.913352,10486.644683,1,2.99999999999994,0.0299999999999997,7.00000000000003,1,2,66,0.5
222,10490.473346,10489.203348,10489.407347,10490.420013,10494.854675,0,2.99999999999994,0.0299999999999997,5.99999999999996,2,1,65,0.5
223,10496.856007,10496.099341,10496.142007,10496.802673,10497.832672,1,2.99999999999994,0.0299999999999997,7.00000000000003,1,2,66,0.5
224,10501.580669,10500.692669,10500.906002,10501.580669,10508.848661,0,NaN,0,7.00000000000003,1,2,66,0.5
225,10510.899326,10509.627994,10510.285993,10510.845993,10512.356658,1,2.99999999999994,0.0299999999999997,7.00000000000003,1,2,66,0.5
226,10514.254656,10513.210657,10513.500657,10514.254656,10519.921984,0,NaN,0,7.00000000000003,1,2,66,0.5
227,10521.548649,10520.744649,10521.079982,10521.548649,10528.268642,1,NaN,0,5.99999999999996,2,1,65,0.5
228,10530.47264,10529.281974,10529.81264,10530.419306,10532.036638,0,2.99999999999994,0.0299999999999997,5.99999999999996,2,1,65,0.5
229,10533.87397,10532.98197,10533.109304,10533.820636,10535.189968,1,2.99999999999994,0.0299999999999997,7.00000000000003,1,2,66,0.5
230,10537.0053,10536.009967,10536.3853,10536.951966,10542.227295,0,2.99999999999994,0.0299999999999997,5.99999999999996,2,1,65,0.5
231,10545.072625,10544.107959,10544.255292,10545.019292,10548.302622,1,2.99999999999994,0.0299999999999997,7.00000000000003,1,2,66,0.5
232,10550.24662,10549.328621,10549.458621,10550.193287,10733.636436,0,2.99999999999994,0.0299999999999997,5.99999999999996,2,1,65,0.5
233,10737.347766,10736.072434,10736.583767,10737.294433,10749.496421,1,2.99999999999994,0.0299999999999997,7.00000000000003,1,2,66,0.5
234,10828.413008,10827.269009,10827.605676,10828.359675,10829.733674,0,2.99999999999994,0.0299999999999997,5.99999999999996,2,1,65,0.5
235,10846.906323,10844.866992,10845.932324,10846.85299,10858.088979,1,2.99999999999994,0.0299999999999997,7.00000000000003,1,2,66,0.5
236,10866.080971,10865.189638,10865.236305,10866.027637,10874.682295,0,2.99999999999994,0.0299999999999997,5.99999999999996,2,1,65,0.5
237,10878.721625,10877.930959,10877.988959,10878.721625,10885.881618,1,NaN,0,5.99999999999996,2,1,65,0.5
238,10888.294948,10887.220283,10887.596282,10888.294948,10889.588947,1,NaN,0,5.99999999999996,2,1,65,0.5
239,10901.230936,10900.088937,10900.23627,10901.230936,10901.828268,0,NaN,0,7.00000000000003,1,2,66,0.5
240,10944.028226,10943.020227,10943.178894,10943.974893,10954.538882,1,2.99999999999994,0.0299999999999997,7.00000000000003,1,2,66,0.5
241,10956.872213,10955.848214,10956.266214,10956.872213,10968.382202,1,NaN,0,5.99999999999996,2,1,65,0.5
242,10970.317533,10969.504867,10969.549534,10970.2642,10971.459532,0,2.99999999999994,0.0299999999999997,5.99999999999996,2,1,65,0.5
243,10973.87553,10972.904864,10973.01953,10973.822196,10986.795517,1,2.99999999999994,0.0299999999999997,7.00000000000003,1,2,66,0.5
244,10988.252849,10987.522183,10987.653516,10988.252849,11331.872505,1,NaN,0,5.99999999999996,2,1,65,0.5
245,11334.332502,11333.12917,11333.596503,11334.279169,11341.545162,1,2.99999999999994,0.0299999999999997,7.00000000000003,1,2,66,0.5
246,11343.70916,11342.601827,11342.646494,11343.655826,11344.732492,0,2.99999999999994,0.0299999999999997,5.99999999999996,2,1,65,0.5
247,11346.473824,11345.628491,11345.741158,11346.42049,11350.516486,1,2.99999999999994,0.0299999999999997,7.00000000000003,1,2,66,0.5
248,11353.536483,11352.565818,11352.831817,11353.48315,11354.780482,0,2.99999999999994,0.0299999999999997,5.99999999999996,2,1,65,0.5
249,11357.04648,11355.996481,11356.453814,11357.04648,11360.938476,1,NaN,0,5.99999999999996,2,1,65,0.5
250,11364.579806,11363.649806,11363.729806,11364.579806,11369.780467,1,NaN,0,5.99999999999996,2,1,65,0.5
251,11371.936465,11370.877133,11371.385132,11371.936465,11391.012446,1,NaN,0,5.99999999999996,2,1,65,0.5
252,11394.703109,11393.751782,11394.035776,11394.649775,11401.185769,0,2.99999999999994,0.0299999999999997,5.99999999999996,2,1,65,0.5
253,11403.697766,11402.879101,11403.0651,11403.644433,11405.575098,1,2.99999999999994,0.0299999999999997,7.00000000000003,1,2,66,0.5
254,11408.181762,11407.189763,11407.417096,11408.128429,11413.791756,0,2.99999999999994,0.0299999999999997,5.99999999999996,2,1,65,0.5
255,11415.609754,11414.802422,11415.003088,11415.609754,11423.32308,1,NaN,0,5.99999999999996,2,1,65,0.5
256,11441.170396,11440.254397,11440.504396,11441.170396,11446.791057,1,NaN,0,5.99999999999996,2,1,65,0.5
257,11453.59105,11452.739051,11452.92305,11453.537717,11457.256379,0,2.99999999999994,0.0299999999999997,5.99999999999996,2,1,65,0.5
258,11458.517712,11457.859046,11457.981045,11458.517712,11465.501705,1,NaN,0,5.99999999999996,2,1,65,0.5
259,11468.397702,11467.562369,11467.773702,11468.344368,11471.551699,0,2.99999999999994,0.0299999999999997,5.99999999999996,2,1,65,0.5
260,11473.58903,11472.754364,11472.993697,11473.535697,11474.990362,1,2.99999999999994,0.0299999999999997,7.00000000000003,1,2,66,0.5
261,11476.61636,11475.715694,11475.969027,11476.563027,11477.741026,0,2.99999999999994,0.0299999999999997,5.99999999999996,2,1,65,0.5
262,11479.705024,11478.783691,11479.107024,11479.65169,11481.689688,1,2.99999999999994,0.0299999999999997,7.00000000000003,1,2,66,0.5
263,11483.59902,11482.641021,11482.916354,11483.545687,11493.42101,0,2.99999999999994,0.0299999999999997,5.99999999999996,2,1,65,0.5
264,11496.207674,11495.404341,11495.569008,11496.207674,11502.282334,1,NaN,0,5.99999999999996,2,1,65,0.5
265,11504.284332,11503.419,11503.589667,11504.230999,11505.723664,1,2.99999999999994,0.0299999999999997,7.00000000000003,1,2,66,0.5
266,11507.92233,11507.034996,11507.232996,11507.868996,11512.174991,0,2.99999999999994,0.0299999999999997,5.99999999999996,2,1,65,0.5
267,11514.270989,11513.236324,11513.42699,11514.217656,11520.971649,1,2.99999999999994,0.0299999999999997,7.00000000000003,1,2,66,0.5
268,11523.45298,11522.398981,11522.466314,11523.45298,11527.112976,0,NaN,0,7.00000000000003,1,2,66,0.5
269,11539.384297,11538.320298,11538.476298,11539.330964,11544.183626,0,2.99999999999994,0.0299999999999997,5.99999999999996,2,1,65,0.5
270,11545.956291,11545.155625,11545.262958,11545.956291,11550.856286,1,NaN,0,5.99999999999996,2,1,65,0.5
271,11557.632946,11556.757613,11556.93828,11557.632946,11558.016945,1,NaN,0,5.99999999999996,2,1,65,0.5
272,11567.778936,11566.617603,11566.894937,11567.725602,11568.992934,1,2.99999999999994,0.0299999999999997,7.00000000000003,1,2,66,0.5
273,11570.761599,11569.7756,11569.832934,11570.708266,11577.630926,0,2.99999999999994,0.0299999999999997,5.99999999999996,2,1,65,0.5
274,11580.044923,11579.310257,11579.354257,11579.99159,11585.362251,1,2.99999999999994,0.0299999999999997,7.00000000000003,1,2,66,0.5
275,11587.650249,11586.654917,11586.978916,11587.650249,11593.335577,1,NaN,0,5.99999999999996,2,1,65,0.5
276,11596.73624,11595.823574,11596.128241,11596.73624,11601.600902,1,NaN,0,5.99999999999996,2,1,65,0.5
277,11603.699566,11602.524234,11603.000234,11603.646233,11605.562231,0,2.99999999999994,0.0299999999999997,5.99999999999996,2,1,65,0.5
278,11607.620229,11606.78023,11606.812897,11607.620229,11614.255556,1,NaN,0,5.99999999999996,2,1,65,0.5
279,11616.603553,11614.942888,11615.970221,11616.603553,11621.861548,0,NaN,0,7.00000000000003,1,2,66,0.5
280,11623.624213,11622.598214,11622.95488,11623.57088,11625.384211,1,2.99999999999994,0.0299999999999997,7.00000000000003,1,2,66,0.5
281,11627.428209,11626.41421,11626.716877,11627.374876,11629.404874,0,2.99999999999994,0.0299999999999997,5.99999999999996,2,1,65,0.5
282,11631.058872,11630.11754,11630.402211,11631.058872,11638.115532,1,NaN,0,5.99999999999996,2,1,65,0.5
283,11639.758864,11638.806198,11639.066864,11639.70553,11640.978196,0,2.99999999999994,0.0299999999999997,5.99999999999996,2,1,65,0.5
284,11642.872861,11641.924861,11642.280194,11642.872861,11646.173524,1,NaN,0,5.99999999999996,2,1,65,0.5
285,11651.439519,11650.667519,11650.725519,11651.439519,11656.38218,1,NaN,0,5.99999999999996,2,1,65,0.5
286,11658.431512,11657.435513,11657.484179,11658.378178,11659.896844,0,2.99999999999994,0.0299999999999997,5.99999999999996,2,1,65,0.5
287,11664.396839,11661.280842,11661.374842,11664.343506,11674.151496,1,2.99999999999994,0.0299999999999997,7.00000000000003,1,2,66,0.5
288,11675.522161,11674.892162,11674.954162,11675.522161,11679.444824,0,NaN,0,7.00000000000003,1,2,66,0.5
289,11683.520153,11682.620821,11682.982154,11683.520153,11689.80748,0,NaN,0,7.00000000000003,1,2,66,0.5
290,11691.732145,11690.652813,11691.156146,11691.732145,11699.420804,1,NaN,0,5.99999999999996,2,1,65,0.5
291,11701.778135,11700.390136,11701.118136,11701.778135,11708.740795,0,NaN,0,7.00000000000003,1,2,66,0.5
292,11712.803457,11709.339461,11710.136793,11712.803457,11784.838719,0,NaN,0,7.00000000000003,1,2,66,0.5
293,11786.627383,11785.797384,11786.140717,11786.627383,11792.172711,1,NaN,0,5.99999999999996,2,1,65,0.5
294,11794.057376,11793.082044,11793.434043,11794.004043,11795.448041,0,2.99999999999994,0.0299999999999997,5.99999999999996,2,1,65,0.5
295,11797.706706,11797.18404,11797.223373,11797.706706,11804.182033,1,NaN,0,5.99999999999996,2,1,65,0.5
296,11806.373364,11805.388698,11805.715364,11806.32003,11815.080022,0,2.99999999999994,0.0299999999999997,5.99999999999996,2,1,65,0.5
297,11817.12402,11816.102021,11816.28202,11817.070686,11827.090676,1,2.99999999999994,0.0299999999999997,7.00000000000003,1,2,66,0.5
298,11829.64534,11828.601341,11828.963341,11829.592007,11831.129339,1,2.99999999999994,0.0299999999999997,7.00000000000003,1,2,66,0.5
299,11833.817336,11832.558671,11832.766671,11833.764003,11834.942668,0,2.99999999999994,0.0299999999999997,5.99999999999996,2,1,65,0.5
300,11836.529334,11835.703334,11835.842001,11836.476,11840.693329,1,2.99999999999994,0.0299999999999997,7.00000000000003,1,2,66,0.5
301,11842.787327,11841.901995,11842.079328,11842.787327,11849.284654,0,NaN,0,7.00000000000003,1,2,66,0.5
302,11851.039319,11850.192653,11850.433986,11850.985986,11852.178651,1,2.99999999999994,0.0299999999999997,7.00000000000003,1,2,66,0.5
303,11853.851983,11853.167317,11853.21665,11853.79865,11858.237312,0,2.99999999999994,0.0299999999999997,5.99999999999996,2,1,65,0.5
304,11859.744644,11858.947978,11859.133978,11859.69131,11864.264639,1,2.99999999999994,0.0299999999999997,7.00000000000003,1,2,66,0.5
305,11866.938636,11866.025971,11866.219304,11866.885303,11868.989968,0,2.99999999999994,0.0299999999999997,5.99999999999996,2,1,65,0.5
306,11870.687966,11869.7053,11869.986633,11870.634633,11873.037964,1,2.99999999999994,0.0299999999999997,7.00000000000003,1,2,66,0.5
307,11876.018627,11875.275295,11875.425295,11876.018627,11880.33329,0,NaN,0,7.00000000000003,1,2,66,0.5
308,11882.386621,11881.515289,11881.818622,11882.386621,11888.239282,0,NaN,0,7.00000000000003,1,2,66,0.5
309,11889.944613,11889.050614,11889.362614,11889.89128,11891.283279,1,2.99999999999994,0.0299999999999997,7.00000000000003,1,2,66,0.5
310,11893.31861,11892.318611,11892.762611,11893.31861,11899.086604,0,NaN,0,7.00000000000003,1,2,66,0.5
311,11901.363269,11900.554603,11900.585269,11901.309935,11903.037934,1,2.99999999999994,0.0299999999999997,7.00000000000003,1,2,66,0.5
312,11906.714597,11905.753931,11906.041264,11906.661263,11910.593926,0,2.99999999999994,0.0299999999999997,5.99999999999996,2,1,65,0.5
313,11912.628591,11911.677925,11911.863258,11912.575258,11916.114587,1,2.99999999999994,0.0299999999999997,7.00000000000003,1,2,66,0.5
314,11917.747919,11917.011253,11917.12192,11917.747919,11921.624582,0,NaN,0,7.00000000000003,1,2,66,0.5
315,11924.669912,11923.667246,11923.807913,11924.616579,11930.807906,0,2.99999999999994,0.0299999999999997,5.99999999999996,2,1,65,0.5
316,11933.401237,11932.526571,11932.796571,11933.347903,11939.461231,1,2.99999999999994,0.0299999999999997,7.00000000000003,1,2,66,0.5
317,11941.463895,11940.722563,11940.835229,11941.410562,11944.250559,1,2.99999999999994,0.0299999999999997,7.00000000000003,1,2,66,0.5
318,11946.107891,11945.251891,11945.281225,11946.054557,11949.696554,0,2.99999999999994,0.0299999999999997,5.99999999999996,2,1,65,0.5
319,11951.602552,11950.56522,11950.709219,11951.549219,11953.531883,1,2.99999999999994,0.0299999999999997,7.00000000000003,1,2,66,0.5
320,11955.812548,11955.171882,11955.185215,11955.812548,11961.821208,0,NaN,0,7.00000000000003,1,2,66,0.5
321,11963.58854,11962.635875,11962.949207,11963.58854,11976.084527,1,NaN,0,5.99999999999996,2,1,65,0.5
322,11978.721858,11977.679192,11977.793859,11978.668525,11980.18719,1,2.99999999999994,0.0299999999999997,7.00000000000003,1,2,66,0.5
323,11982.117188,11981.367855,11981.393855,11982.063855,11983.089854,0,2.99999999999994,0.0299999999999997,5.99999999999996,2,1,65,0.5
324,11985.037852,11983.937186,11984.105186,11984.984518,11990.16918,1,2.99999999999994,0.0299999999999997,7.00000000000003,1,2,66,0.5
325,11991.893178,11991.087179,11991.281845,11991.893178,11998.558505,0,NaN,0,7.00000000000003,1,2,66,0.5
326,12000.131837,11999.398504,11999.493837,12000.078503,12002.474501,1,2.99999999999994,0.0299999999999997,7.00000000000003,1,2,66,0.5
327,12004.361832,12003.583833,12003.6565,12004.308499,12007.508496,0,2.99999999999994,0.0299999999999997,5.99999999999996,2,1,65,0.5
328,12009.571827,12008.893828,12009.013161,12009.571827,12010.822493,1,NaN,0,5.99999999999996,2,1,65,0.5
329,12074.019763,12072.908431,12073.047097,12073.966429,12084.963085,0,2.99999999999994,0.0299999999999997,5.99999999999996,2,1,65,0.5
330,12093.893076,12088.126416,12088.150415,12093.839743,12104.519732,0,2.99999999999994,0.0299999999999997,5.99999999999996,2,1,65,0.5
331,12107.135063,12106.377064,12106.448397,12107.135063,12113.711723,1,NaN,0,5.99999999999996,2,1,65,0.5
332,12116.082387,12115.298388,12115.349055,12116.082387,12140.158363,0,NaN,0,7.00000000000003,1,2,66,0.5
333,12142.303694,12141.412362,12141.531029,12142.303694,12170.550333,1,NaN,0,5.99999999999996,2,1,65,0.5
334,12171.922331,12171.216999,12171.343665,12171.922331,12174.888995,0,NaN,0,7.00000000000003,1,2,66,0.5
335,12835.843668,12830.467673,12830.52234,12835.843668,12837.954999,0,NaN,0,7.00000000000003,1,2,66,0.5
336,12845.289658,12844.432326,12844.558992,12845.236325,12854.018316,1,2.99999999999994,0.0299999999999997,7.00000000000003,1,2,66,0.5
337,12856.787647,12856.110981,12856.217647,12856.787647,12859.442311,0,NaN,0,7.00000000000003,1,2,66,0.5
338,12868.088969,12866.407637,12866.862303,12868.035635,12873.152964,1,2.99999999999994,0.0299999999999997,7.00000000000003,1,2,66,0.5
339,12874.814295,12874.079629,12874.155629,12874.814295,12881.722288,1,NaN,0,5.99999999999996,2,1,65,0.5
340,12883.382953,12882.485621,12882.842287,12883.32962,12887.172283,1,2.99999999999994,0.0299999999999997,7.00000000000003,1,2,66,0.5
341,12889.338281,12887.804282,12888.662948,12889.284949,12890.964279,0,2.99999999999994,0.0299999999999997,5.99999999999996,2,1,65,0.5
342,12892.452278,12891.621612,12891.944945,12892.452278,12904.818932,1,NaN,0,5.99999999999996,2,1,65,0.5
343,12911.079592,12909.79826,12910.191593,12911.026259,12922.602914,0,2.99999999999994,0.0299999999999997,5.99999999999996,2,1,65,0.5
344,12926.187577,12924.630245,12924.723579,12926.187577,12932.355571,1,NaN,0,5.99999999999996,2,1,65,0.5
345,12934.860902,12934.174236,12934.239569,12934.807569,12939.003564,1,2.99999999999994,0.0299999999999997,7.00000000000003,1,2,66,0.5
346,12948.329555,12946.158224,12947.765556,12948.329555,12954.546216,1,NaN,0,5.99999999999996,2,1,65,0.5
347,12957.998879,12956.38288,12957.416879,12957.945545,12960.964876,1,2.99999999999994,0.0299999999999997,7.00000000000003,1,2,66,0.5
348,12964.041539,12963.30154,12963.510873,12963.988206,12966.364204,0,2.99999999999994,0.0299999999999997,5.99999999999996,2,1,65,0.5
349,12968.034202,12967.263536,12967.478203,12967.980869,12969.960867,1,2.99999999999994,0.0299999999999997,7.00000000000003,1,2,66,0.5
350,12972.203531,12971.384199,12971.618865,12972.150198,12979.936857,0,2.99999999999994,0.0299999999999997,5.99999999999996,2,1,65,0.5
351,12982.994854,12982.122188,12982.309521,12982.994854,12988.814848,1,NaN,0,5.99999999999996,2,1,65,0.5
352,12990.688179,12989.718847,12990.04218,12990.634846,12991.572179,0,2.99999999999994,0.0299999999999997,5.99999999999996,2,1,65,0.5
353,12993.292843,12992.456844,12992.672844,12993.23951,12995.050842,1,2.99999999999994,0.0299999999999997,7.00000000000003,1,2,66,0.5
354,12996.967506,12996.072841,12996.242841,12996.914173,13007.104163,0,2.99999999999994,0.0299999999999997,5.99999999999996,2,1,65,0.5
355,13009.426161,13008.713495,13008.754828,13009.372827,13011.720158,1,2.99999999999994,0.0299999999999997,7.00000000000003,1,2,66,0.5
356,13016.90682,13015.826821,13015.966154,13016.90682,13022.775481,1,NaN,0,5.99999999999996,2,1,65,0.5
357,13024.574812,13023.47348,13023.776146,13024.521479,13025.852811,0,2.99999999999994,0.0299999999999997,5.99999999999996,2,1,65,0.5
358,13027.549476,13026.46881,13026.982143,13027.496143,13029.61014,1,2.99999999999994,0.0299999999999997,7.00000000000003,1,2,66,0.5
359,13031.649472,13030.967472,13031.036806,13031.596138,13035.668801,0,2.99999999999994,0.0299999999999997,5.99999999999996,2,1,65,0.5
360,13037.966799,13036.730133,13036.894133,13037.913466,13039.383465,0,2.99999999999994,0.0299999999999997,5.99999999999996,2,1,65,0.5
361,13041.209462,13040.186797,13040.363463,13041.209462,13080.307423,1,NaN,0,5.99999999999996,2,1,65,0.5
362,13085.048085,13084.255419,13084.328086,13084.995418,13092.280744,1,2.99999999999994,0.0299999999999997,7.00000000000003,1,2,66,0.5
363,13093.640743,13092.893411,13092.96941,13093.58741,13098.492738,1,2.99999999999994,0.0299999999999997,7.00000000000003,1,2,66,0.5
364,13100.064737,13099.266071,13099.504737,13100.064737,13102.777401,0,NaN,0,7.00000000000003,1,2,66,0.5
365,13131.211372,13129.544707,13129.586707,13131.211372,13138.664698,0,NaN,0,7.00000000000003,1,2,66,0.5
366,13140.653363,13140.058697,13140.069363,13140.653363,13145.792024,1,NaN,0,5.99999999999996,2,1,65,0.5
367,13147.446689,13146.535357,13146.829357,13147.393356,13149.418021,0,2.99999999999994,0.0299999999999997,5.99999999999996,2,1,65,0.5
368,13151.680018,13150.652019,13150.876019,13151.626685,13152.774017,1,2.99999999999994,0.0299999999999997,7.00000000000003,1,2,66,0.5
369,13154.296016,13153.41935,13153.654683,13154.242683,13156.345347,0,2.99999999999994,0.0299999999999997,5.99999999999996,2,1,65,0.5
370,13158.633345,13157.663346,13157.796012,13158.633345,13163.500007,1,NaN,0,5.99999999999996,2,1,65,0.5
371,13164.993338,13164.360672,13164.432672,13164.993338,13170.29,1,NaN,0,5.99999999999996,2,1,65,0.5
372,13171.841998,13170.949999,13171.243999,13171.841998,13177.125326,0,NaN,0,7.00000000000003,1,2,66,0.5
373,13178.813325,13177.969992,13178.287992,13178.813325,13186.965316,1,NaN,0,5.99999999999996,2,1,65,0.5
374,13192.146645,13191.093312,13191.538645,13192.093311,13196.35864,1,2.99999999999994,0.0299999999999997,7.00000000000003,1,2,66,0.5
375,13198.137972,13197.391306,13197.424639,13198.137972,13201.120636,0,NaN,0,7.00000000000003,1,2,66,0.5
376,13207.951295,13207.049963,13207.19863,13207.951295,13213.442623,0,NaN,0,7.00000000000003,1,2,66,0.5
377,13215.021288,13214.125956,13214.479956,13215.021288,13221.767948,1,NaN,0,5.99999999999996,2,1,65,0.5
378,13224.775945,13223.862613,13224.249946,13224.722612,13226.929276,1,2.99999999999994,0.0299999999999997,7.00000000000003,1,2,66,0.5
379,13228.985274,13228.153275,13228.381942,13228.985274,13231.596605,0,NaN,0,7.00000000000003,1,2,66,0.5
380,13235.713934,13234.829269,13235.102602,13235.713934,13241.163262,0,NaN,0,7.00000000000003,1,2,66,0.5
381,13242.911927,13242.032595,13242.358594,13242.858594,13290.907213,1,2.99999999999994,0.0299999999999997,7.00000000000003,1,2,66,0.5
382,13306.159197,13305.271865,13305.456531,13306.105864,13308.784528,1,2.99999999999994,0.0299999999999997,7.00000000000003,1,2,66,0.5
383,13312.335858,13311.675192,13311.763858,13312.335858,13317.283853,0,NaN,0,7.00000000000003,1,2,66,0.5
384,13318.853185,13318.099852,13318.317185,13318.853185,13323.61918,0,NaN,0,7.00000000000003,1,2,66,0.5
385,13326.795177,13325.685844,13326.30851,13326.741843,13327.936509,1,2.99999999999994,0.0299999999999997,7.00000000000003,1,2,66,0.5
386,13330.692506,13329.903174,13330.06384,13330.692506,13336.5045,0,NaN,0,7.00000000000003,1,2,66,0.5
387,13337.919165,13337.1625,13337.393166,13337.865832,13340.370496,1,2.99999999999994,0.0299999999999997,7.00000000000003,1,2,66,0.5
388,13342.777827,13342.109828,13342.200495,13342.777827,13352.028485,0,NaN,0,7.00000000000003,1,2,66,0.5
389,13359.081144,13357.419146,13357.734479,13359.081144,13367.167136,0,NaN,0,7.00000000000003,1,2,66,0.5
390,13373.288463,13372.600464,13372.736464,13373.288463,13380.689789,1,NaN,0,5.99999999999996,2,1,65,0.5
391,13382.333788,13381.515122,13381.824455,13382.280454,13383.79912,1,2.99999999999994,0.0299999999999997,7.00000000000003,1,2,66,0.5
392,13385.754451,13384.786452,13385.188452,13385.754451,13391.643778,0,NaN,0,7.00000000000003,1,2,66,0.5
393,13394.826442,13393.762443,13394.263109,13394.773109,13438.535732,1,2.99999999999994,0.0299999999999997,7.00000000000003,1,2,66,0.5
394,13465.382371,13464.502372,13464.606372,13465.329038,13478.685691,1,2.99999999999994,0.0299999999999997,7.00000000000003,1,2,66,0.5
395,13481.023022,13479.497691,13479.530357,13480.969689,13486.011684,0,2.99999999999994,0.0299999999999997,5.99999999999996,2,1,65,0.5
396,13487.787682,13486.953016,13487.07635,13487.787682,13494.973675,0,NaN,0,7.00000000000003,1,2,66,0.5
397,13497.19634,13496.571674,13496.68234,13497.17434,13498.717671,1,2.99999999999994,0.0299999999999997,7.00000000000003,1,2,66,0.5
398,13500.763003,13499.922337,13500.108337,13500.763003,13506.418997,0,NaN,0,7.00000000000003,1,2,66,0.5
399,13508.154329,13507.390996,13507.587662,13508.100995,13511.155659,1,2.99999999999994,0.0299999999999997,7.00000000000003,1,2,66,0.5
400,13514.901655,13513.037657,13513.340323,13514.901655,13519.80565,1,NaN,0,5.99999999999996,2,1,65,0.5
401,13521.838315,13520.612316,13521.206982,13521.784982,13524.110313,0,2.99999999999994,0.0299999999999997,5.99999999999996,2,1,65,0.5
402,13526.129644,13525.414311,13525.549645,13526.076311,13527.802976,1,2.99999999999994,0.0299999999999997,7.00000000000003,1,2,66,0.5
403,13530.002307,13528.832975,13528.957641,13530.002307,13535.436301,0,NaN,0,7.00000000000003,1,2,66,0.5
404,13536.928966,13536.184967,13536.375634,13536.928966,13543.187627,1,NaN,0,5.99999999999996,2,1,65,0.5
405,13545.419625,13543.878293,13544.803625,13545.366292,13546.594957,0,2.99999999999994,0.0299999999999997,5.99999999999996,2,1,65,0.5
406,13548.402288,13547.564289,13547.710289,13548.348955,13549.466954,1,2.99999999999994,0.0299999999999997,7.00000000000003,1,2,66,0.5
407,13551.242952,13550.270286,13550.589619,13551.242952,13559.057611,0,NaN,0,7.00000000000003,1,2,66,0.5
408,13573.12493,13560.605609,13560.887609,NaN,NaN,NaN,NaN,0,5.99999999999996,2,1,65,0.5
409,13584.119586,13583.34092,13583.51492,13584.119586,13588.523582,1,NaN,0,5.99999999999996,2,1,65,0.5
410,13590.818913,13590.27958,13590.38758,13590.818913,13596.154907,1,NaN,0,5.99999999999996,2,1,65,0.5
411,13597.759572,13596.990906,13597.238906,13597.706239,13608.814895,1,2.99999999999994,0.0299999999999997,7.00000000000003,1,2,66,0.5
412,13613.56489,13612.867557,13612.96889,13613.511557,13617.470886,0,2.99999999999994,0.0299999999999997,5.99999999999996,2,1,65,0.5
413,13619.097551,13618.234219,13618.488218,13619.044218,13628.260875,0,2.99999999999994,0.0299999999999997,5.99999999999996,2,1,65,0.5
414,13630.30554,13629.614207,13629.69354,13630.30554,13635.816201,1,NaN,0,5.99999999999996,2,1,65,0.5
415,13637.526199,13636.679533,NaN,13637.472866,13639.72553,0,2.99999999999994,0.0299999999999997,5.99999999999996,2,1,65,0.5
416,13641.578195,13640.854196,13640.937529,13641.524862,13642.642861,1,2.99999999999994,0.0299999999999997,7.00000000000003,1,2,66,0.5
417,13644.820192,13644.041526,13644.063526,13644.766859,13645.656191,0,2.99999999999994,0.0299999999999997,5.99999999999996,2,1,65,0.5
418,13647.435523,13646.783523,13646.820857,13647.435523,13659.868844,1,NaN,0,5.99999999999996,2,1,65,0.5
419,13663.077507,13662.462174,13662.581508,13663.077507,13843.71266,0,NaN,0,7.00000000000003,1,2,66,0.5
420,13845.629324,13844.893992,13845.055325,13845.629324,13848.818655,0,NaN,0,7.00000000000003,1,2,66,0.5
421,13852.203318,13851.339985,13851.422652,13852.203318,13855.777981,0,NaN,0,7.00000000000003,1,2,66,0.5
422,13858.553978,13857.846646,13857.924646,13858.500645,13860.644643,0,2.99999999999994,0.0299999999999997,5.99999999999996,2,1,65,0.5
423,13862.309974,13861.515309,13861.758642,13862.256641,13865.000638,1,2.99999999999994,0.0299999999999997,7.00000000000003,1,2,66,0.5
424,13866.54997,13865.707304,13865.923971,13866.496637,13871.791965,0,2.99999999999994,0.0299999999999997,5.99999999999996,2,1,65,0.5
425,13873.769963,13872.931964,13873.13663,13873.71663,13876.300627,1,2.99999999999994,0.0299999999999997,7.00000000000003,1,2,66,0.5
426,13878.681291,13877.945959,13878.028625,13878.681291,13928.381908,0,NaN,0,7.00000000000003,1,2,66,0.5
427,13930.05724,13929.089241,13929.238574,13930.05724,13930.975906,1,NaN,0,5.99999999999996,2,1,65,0.5
428,13938.425232,13937.645232,13937.834566,13938.425232,13938.989231,0,NaN,0,7.00000000000003,1,2,66,0.5
429,13958.864545,13958.083879,13958.193879,13958.811211,13963.00054,1,2.99999999999994,0.0299999999999997,7.00000000000003,1,2,66,0.5
430,13964.895872,13964.283872,13964.330539,13964.895872,13971.265865,0,NaN,0,7.00000000000003,1,2,66,0.5
431,13973.53253,13972.463864,13972.94053,13973.479197,13978.519858,1,2.99999999999994,0.0299999999999997,7.00000000000003,1,2,66,0.5
432,13980.316523,13979.61119,13979.738524,13980.316523,13990.24518,1,NaN,0,5.99999999999996,2,1,65,0.5
433,13991.777178,13991.026512,13991.119179,13991.777178,13998.223839,1,NaN,0,5.99999999999996,2,1,65,0.5
434,14000.597169,13999.407837,13999.95717,14000.597169,14005.683831,0,NaN,0,7.00000000000003,1,2,66,0.5
435,14024.177146,14023.005814,14023.097814,14024.123813,14025.444478,1,2.99999999999994,0.0299999999999997,7.00000000000003,1,2,66,0.5
436,14027.564482,14026.91781,14026.95181,14027.564482,14033.69647,0,NaN,0,7.00000000000003,1,2,66,0.5
437,14035.919134,14035.034469,14035.187802,14035.865801,14041.101129,1,2.99999999999994,0.0299999999999997,7.00000000000003,1,2,66,0.5
438,14043.055794,14042.271128,14042.303794,14043.00246,14048.003789,0,2.99999999999994,0.0299999999999997,5.99999999999996,2,1,65,0.5
439,14049.527787,14048.849121,14048.920455,14049.527787,14055.425115,1,NaN,0,5.99999999999996,2,1,65,0.5
440,14057.949112,14057.083113,14057.24978,14057.895779,14059.457777,0,2.99999999999994,0.0299999999999997,5.99999999999996,2,1,65,0.5
441,14061.397775,14060.47111,14060.718443,14061.344442,14062.361774,1,2.99999999999994,0.0299999999999997,7.00000000000003,1,2,66,0.5
442,14064.300439,14063.363107,14063.71244,14064.300439,14074.492429,0,NaN,0,7.00000000000003,1,2,66,0.5
443,14076.123094,14075.373095,14075.456428,14076.069761,14077.563759,1,2.99999999999994,0.0299999999999997,7.00000000000003,1,2,66,0.5
444,14079.71709,14079.030424,14079.055758,14079.663757,14081.703088,0,2.99999999999994,0.0299999999999997,5.99999999999996,2,1,65,0.5
445,14095.426408,14094.195076,14094.289742,14095.373075,14100.965069,1,2.99999999999994,0.0299999999999997,7.00000000000003,1,2,66,0.5
446,14105.190398,14104.251732,14104.346399,14105.190398,14109.547061,0,NaN,0,7.00000000000003,1,2,66,0.5
447,14121.343049,14120.324383,14120.468383,14121.289715,14129.787707,0,2.99999999999994,0.0299999999999997,5.99999999999996,2,1,65,0.5
448,14148.268355,14147.236356,14147.356356,14148.215022,14151.053019,0,2.99999999999994,0.0299999999999997,5.99999999999996,2,1,65,0.5
449,14153.30035,14152.403684,14152.453684,14153.247017,14161.883675,1,2.99999999999994,0.0299999999999997,7.00000000000003,1,2,66,0.5
450,14164.649005,14163.69234,14163.909673,14164.595672,14176.234994,0,2.99999999999994,0.0299999999999997,5.99999999999996,2,1,65,0.5
451,14178.392325,14177.624326,14177.724992,14178.338992,14183.453653,1,2.99999999999994,0.0299999999999997,7.00000000000003,1,2,66,0.5
452,14185.409651,14184.652985,14184.795652,14185.409651,14192.372311,1,NaN,0,5.99999999999996,2,1,65,0.5
453,14195.476308,14194.488309,14194.737642,14195.422975,14199.084971,0,2.99999999999994,0.0299999999999997,5.99999999999996,2,1,65,0.5
454,14201.178969,14200.350303,14200.384303,14201.125636,14202.300968,1,2.99999999999994,0.0299999999999997,7.00000000000003,1,2,66,0.5
455,14204.339632,14203.4523,14203.517633,14204.286299,14209.516294,0,2.99999999999994,0.0299999999999997,5.99999999999996,2,1,65,0.5
456,14212.199625,14210.814293,14211.318292,14212.199625,14217.660286,1,NaN,0,5.99999999999996,2,1,65,0.5
457,14219.228951,14218.280285,14218.328952,14219.228951,14225.128278,0,NaN,0,7.00000000000003,1,2,66,0.5
458,14226.91961,14226.057611,14226.386277,14226.91961,14234.961602,1,NaN,0,5.99999999999996,2,1,65,0.5
459,14237.014933,14236.320934,14236.396267,14236.9616,14240.120263,0,2.99999999999994,0.0299999999999997,5.99999999999996,2,1,65,0.5
460,14242.292928,14241.493595,14241.622928,14242.292928,14249.390254,1,NaN,0,5.99999999999996,2,1,65,0.5
461,14253.015584,14252.059585,14252.468251,14252.96225,14254.165583,1,2.99999999999994,0.0299999999999997,7.00000000000003,1,2,66,0.5
462,14256.564247,14255.948247,14256.007581,14256.510914,14262.340241,0,2.99999999999994,0.0299999999999997,5.99999999999996,2,1,65,0.5
463,14267.122236,14266.43757,14266.56157,14267.122236,14273.017564,1,NaN,0,5.99999999999996,2,1,65,0.5
464,14274.996229,14273.940229,14273.987563,14274.996229,14280.666889,1,NaN,0,5.99999999999996,2,1,65,0.5
465,14286.97155,14285.906218,14285.960884,14286.918216,14292.388878,1,2.99999999999994,0.0299999999999997,7.00000000000003,1,2,66,0.5
466,14293.72621,14293.02421,14293.05821,14293.72621,14299.190204,0,NaN,0,7.00000000000003,1,2,66,0.5
467,14300.656869,14299.952203,14300.09287,14300.656869,14310.047527,1,NaN,0,5.99999999999996,2,1,65,0.5
468,14311.832192,14310.806193,14311.225526,14311.832192,14318.241518,1,NaN,0,5.99999999999996,2,1,65,0.5
469,14320.24485,14319.287517,14319.525517,14320.191517,14769.521067,0,2.99999999999994,0.0299999999999997,5.99999999999996,2,1,65,0.5
470,14771.491732,14770.666399,14770.765733,14771.438399,14794.174376,1,2.99999999999994,0.0299999999999997,7.00000000000003,1,2,66,0.5
471,14797.413706,14796.591707,14796.704373,14797.413706,14810.227693,1,NaN,0,5.99999999999996,2,1,65,0.5
472,14814.765022,14814.053023,14814.139689,14814.711689,14828.412342,0,2.99999999999994,0.0299999999999997,5.99999999999996,2,1,65,0.5
473,14830.21234,14829.321007,14829.465007,14830.21234,14893.368277,0,NaN,0,7.00000000000003,1,2,66,0.5
474,14902.004935,14901.126936,14901.421602,14902.004935,14907.532929,0,NaN,0,7.00000000000003,1,2,66,0.5
475,14910.175593,14909.421594,14909.58026,14910.12226,14943.33556,0,2.99999999999994,0.0299999999999997,5.99999999999996,2,1,65,0.5
476,14944.998892,14944.272892,14944.483559,14944.998892,14955.340881,0,NaN,0,7.00000000000003,1,2,66,0.5
477,14957.973545,14957.554879,14957.576879,14957.973545,14969.194868,0,NaN,0,7.00000000000003,1,2,66,0.5
478,14973.518197,14972.127531,14972.236198,14973.464863,14977.488859,1,2.99999999999994,0.0299999999999997,7.00000000000003,1,2,66,0.5
479,14979.492857,14978.751525,14978.814191,14979.492857,14986.228184,0,NaN,0,7.00000000000003,1,2,66,0.5
480,14988.099515,14987.17685,14987.444849,14988.046182,14989.296181,1,2.99999999999994,0.0299999999999997,7.00000000000003,1,2,66,0.5
481,14991.364179,14990.05618,14990.659513,14991.310845,14992.682177,0,2.99999999999994,0.0299999999999997,5.99999999999996,2,1,65,0.5
482,14994.690175,14993.630843,14994.005509,14994.636842,14997.399506,1,2.99999999999994,0.0299999999999997,7.00000000000003,1,2,66,0.5
483,14999.151504,14998.286838,14998.458172,14999.151504,15005.954164,0,NaN,0,7.00000000000003,1,2,66,0.5
484,15007.577496,15006.668163,15006.92483,15007.524829,15010.391493,1,2.99999999999994,0.0299999999999997,7.00000000000003,1,2,66,0.5
485,15013.092824,15011.968825,15012.356158,15013.03949,15015.696154,0,2.99999999999994,0.0299999999999997,5.99999999999996,2,1,65,0.5
486,15017.900152,15016.90282,15016.97482,15017.846819,15019.801484,1,2.99999999999994,0.0299999999999997,7.00000000000003,1,2,66,0.5
487,15021.554815,15020.787483,15020.830149,15021.554815,15026.943476,0,NaN,0,7.00000000000003,1,2,66,0.5
488,15028.972141,15027.979476,15028.346808,15028.972141,15033.89547,1,NaN,0,5.99999999999996,2,1,65,0.5
489,15036.412134,15034.605469,15035.756134,15036.412134,15042.910127,0,NaN,0,7.00000000000003,1,2,66,0.5
490,15045.757458,15044.652125,15045.106792,15045.704124,15047.688789,1,2.99999999999994,0.0299999999999997,7.00000000000003,1,2,66,0.5
491,15050.714119,15049.768787,15049.987453,15050.660786,15053.130117,0,2.99999999999994,0.0299999999999997,5.99999999999996,2,1,65,0.5
492,15055.178782,15054.168116,15054.609449,15055.178782,15061.292109,1,NaN,0,5.99999999999996,2,1,65,0.5
493,15062.755441,15062.019441,15062.144108,15062.755441,15077.18876,1,NaN,0,5.99999999999996,2,1,65,0.5
494,15124.071379,15123.288047,15123.374047,15124.018046,15125.602044,0,2.99999999999994,0.0299999999999997,5.99999999999996,2,1,65,0.5
495,15129.099374,15128.392042,15128.528708,15129.046041,15130.018707,1,2.99999999999994,0.0299999999999997,7.00000000000003,1,2,66,0.5
496,15132.442038,15131.260039,15131.443372,15132.442038,15148.240689,0,NaN,0,7.00000000000003,1,2,66,0.5
497,15153.700016,15149.468688,15149.611354,15153.700016,15162.224008,1,NaN,0,5.99999999999996,2,1,65,0.5
498,15173.719996,15172.198665,15172.256664,15173.666663,15175.137328,0,2.99999999999994,0.0299999999999997,5.99999999999996,2,1,65,0.5
499,15177.00266,15176.164661,15176.204661,15177.00266,15177.439326,1,NaN,0,5.99999999999996,2,1,65,0.5
500,15191.381979,15190.22198,15190.646646,15191.328645,15194.761975,1,2.99999999999994,0.0299999999999997,7.00000000000003,1,2,66,0.5
501,15202.013968,15200.40397,15200.55397,15201.960635,15207.155296,0,2.99999999999994,0.0299999999999997,5.99999999999996,2,1,65,0.5
502,15208.757961,15208.074629,15208.107962,15208.757961,15216.349954,1,NaN,0,5.99999999999996,2,1,65,0.5
503,15218.403285,15217.555286,15217.744619,15218.349952,15221.370615,0,2.99999999999994,0.0299999999999997,5.99999999999996,2,1,65,0.5
504,15232.755271,15231.737272,15231.844605,15232.755271,15242.271261,1,NaN,0,5.99999999999996,2,1,65,0.5
505,15244.648592,15243.784593,15243.945259,15244.648592,15247.424589,0,NaN,0,7.00000000000003,1,2,66,0.5
506,15253.68325,15252.935917,15252.97525,15253.629916,15267.667902,0,2.99999999999994,0.0299999999999997,5.99999999999996,2,1,65,0.5
507,15269.472567,15268.709901,15268.779235,15269.472567,15274.481229,1,NaN,0,5.99999999999996,2,1,65,0.5
508,15276.511227,15275.713228,15275.809894,15276.457894,15673.069497,1,2.99999999999994,0.0299999999999997,7.00000000000003,1,2,66,0.5
509,15682.751487,15681.768822,15681.836155,15682.698154,15686.617483,0,2.99999999999994,0.0299999999999997,5.99999999999996,2,1,65,0.5
510,15690.32348,15689.497481,15689.543481,15690.32348,15696.971473,1,NaN,0,5.99999999999996,2,1,65,0.5
511,15699.047471,15698.252138,15698.388805,15699.047471,15707.18013,0,NaN,0,7.00000000000003,1,2,66,0.5
512,15708.962128,15708.226129,15708.319462,15708.908795,15711.191459,1,2.99999999999994,0.0299999999999997,7.00000000000003,1,2,66,0.5
513,15714.132789,15713.332123,15713.468123,15714.132789,15719.954783,0,NaN,0,7.00000000000003,1,2,66,0.5
514,15721.635448,15720.868116,15721.001449,15721.635448,15727.723442,1,NaN,0,5.99999999999996,2,1,65,0.5
515,15729.738107,15728.860775,15729.114108,15729.684774,15733.713436,0,2.99999999999994,0.0299999999999997,5.99999999999996,2,1,65,0.5
516,15736.107434,15735.324101,15735.412768,15736.054101,15737.653432,1,2.99999999999994,0.0299999999999997,7.00000000000003,1,2,66,0.5
517,15739.698097,15738.918765,15739.000764,15739.698097,15773.27473,0,NaN,0,7.00000000000003,1,2,66,0.5
518,15775.142728,15774.144063,15774.206063,15775.089395,15778.336725,0,2.99999999999994,0.0299999999999997,5.99999999999996,2,1,65,0.5
519,15780.446056,15779.694724,15779.71939,15780.392723,15781.620056,1,2.99999999999994,0.0299999999999997,7.00000000000003,1,2,66,0.5
520,15783.961386,15783.02872,15783.06272,15783.908053,15791.531379,0,2.99999999999994,0.0299999999999997,5.99999999999996,2,1,65,0.5
521,15794.102043,15793.12471,15793.462043,15794.048709,15800.422036,1,2.99999999999994,0.0299999999999997,7.00000000000003,1,2,66,0.5
522,15802.685367,15801.590035,15801.802702,15802.632034,15805.790031,1,2.99999999999994,0.0299999999999997,7.00000000000003,1,2,66,0.5
523,15807.847362,15806.732697,NaN,15807.847362,15814.930022,0,NaN,0,7.00000000000003,1,2,66,0.5
524,15816.97602,15816.019354,15816.288687,15816.97602,15823.51268,1,NaN,0,5.99999999999996,2,1,65,0.5
525,15826.412677,15825.271345,15825.561345,15826.412677,15833.052004,0,NaN,0,7.00000000000003,1,2,66,0.5
526,15835.422001,15834.483336,15834.666669,15835.368668,15844.567992,1,2.99999999999994,0.0299999999999997,7.00000000000003,1,2,66,0.5
527,15847.115323,15846.112657,15846.388657,15847.06199,15858.916644,0,2.99999999999994,0.0299999999999997,5.99999999999996,2,1,65,0.5
528,15861.713975,15860.691309,15860.818643,15861.713975,18182.340321,1,NaN,0,5.99999999999996,2,1,65,0.5
529,18193.28431,18192.339644,18192.602311,18193.230977,18319.213518,1,2.99999999999994,0.0299999999999997,7.00000000000003,1,2,66,0.5
530,18386.508117,18385.717451,18385.762784,18386.508117,18393.08811,1,NaN,0,5.99999999999996,2,1,65,0.5
531,18400.814769,18399.472104,18400.206103,18400.812103,18401.733435,0,2.99999999999994,0.0299999999999997,5.99999999999996,2,1,65,0.5
532,18403.816766,18402.649434,18403.232767,18403.816766,18404.100766,1,NaN,0,5.99999999999996,2,1,65,0.5
533,18411.159426,18410.42876,18410.619426,18411.106092,18412.229425,0,2.99999999999994,0.0299999999999997,5.99999999999996,2,1,65,0.5
534,18414.142756,18413.32809,18413.582757,18414.142756,18420.756083,1,NaN,0,5.99999999999996,2,1,65,0.5
535,18422.896081,18422.145415,18422.340081,18422.842747,18425.411411,0,2.99999999999994,0.0299999999999997,5.99999999999996,2,1,65,0.5
536,18427.934075,18426.718743,18427.286743,18427.880742,18428.892075,1,2.99999999999994,0.0299999999999997,7.00000000000003,1,2,66,0.5
537,18430.901406,18430.014073,18430.251406,18430.901406,18431.284072,0,NaN,0,7.00000000000003,1,2,66,0.5
538,18466.256704,18465.642704,18465.708038,18466.203371,18468.721368,0,2.99999999999994,0.0299999999999997,5.99999999999996,2,1,65,0.5
539,18473.722696,18472.969364,18473.321363,18473.722696,18479.75269,1,NaN,0,5.99999999999996,2,1,65,0.5
540,18481.454689,18480.46669,18480.900023,18481.401355,18805.062365,0,2.99999999999994,0.0299999999999997,5.99999999999996,2,1,65,0.5
541,18808.449695,18807.866362,18807.921029,18808.396362,18811.096359,0,2.99999999999994,0.0299999999999997,5.99999999999996,2,1,65,0.5
542,18813.14769,18812.393691,18812.608357,18813.14769,18827.090343,1,NaN,0,5.99999999999996,2,1,65,0.5
543,18828.586341,18827.971675,18828.028342,18828.533008,18829.487674,1,2.99999999999994,0.0299999999999997,7.00000000000003,1,2,66,0.5
544,18831.947671,18831.263005,18831.375005,18831.894338,18832.942337,0,2.99999999999994,0.0299999999999997,5.99999999999996,2,1,65,0.5
545,18834.185669,18833.642336,18833.707003,18834.185669,18839.028331,1,NaN,0,5.99999999999996,2,1,65,0.5
546,18841.794328,18840.331663,18840.806329,18841.740995,18846.57899,0,2.99999999999994,0.0299999999999997,5.99999999999996,2,1,65,0.5
547,18850.25232,18849.060321,18849.418321,18850.198987,18853.224317,0,2.99999999999994,0.0299999999999997,5.99999999999996,2,1,65,0.5
548,18854.845649,18854.054316,18854.149649,18854.845649,18860.327643,1,NaN,0,5.99999999999996,2,1,65,0.5
549,18862.095642,18860.913643,18861.495643,18862.095642,18866.63697,0,NaN,0,7.00000000000003,1,2,66,0.5
550,18870.223633,18869.472301,18869.739634,18870.223633,18876.55296,1,NaN,0,5.99999999999996,2,1,65,0.5
551,18894.639609,18894.015609,18894.093609,18894.598942,18896.545607,1,2.99999999999994,0.0299999999999997,7.00000000000003,1,2,66,0.5
552,18898.780271,18898.173605,18898.254272,18898.726938,18900.920936,0,2.99999999999994,0.0299999999999997,5.99999999999996,2,1,65,0.5
553,18902.830934,18902.050268,18902.277601,18902.777601,18904.802932,1,2.99999999999994,0.0299999999999997,7.00000000000003,1,2,66,0.5
554,18907.158263,18906.373597,18906.533597,18907.10493,18913.568256,0,2.99999999999994,0.0299999999999997,5.99999999999996,2,1,65,0.5
555,18916.022921,18915.253588,18915.538921,18916.022921,18920.956249,0,NaN,0,7.00000000000003,1,2,66,0.5
556,18923.43758,18922.304248,18923.01558,18923.43758,18928.970908,1,NaN,0,5.99999999999996,2,1,65,0.5
557,18931.097572,18930.506906,18930.692906,18931.097572,18937.289566,0,NaN,0,7.00000000000003,1,2,66,0.5
558,18939.086231,18938.299565,18938.560232,18939.086231,18947.549556,1,NaN,0,5.99999999999996,2,1,65,0.5
559,18948.689555,18948.064889,18948.091555,18948.656888,18949.630887,0,2.99999999999994,0.0299999999999997,5.99999999999996,2,1,65,0.5
560,18951.134886,18950.417553,18950.53822,18951.081552,19015.738154,1,2.99999999999994,0.0299999999999997,7.00000000000003,1,2,66,0.5
561,19017.426819,19016.640153,19016.945486,19017.373486,19026.124144,1,2.99999999999994,0.0299999999999997,7.00000000000003,1,2,66,0.5
562,19029.020141,19028.424142,19028.457475,19029.020141,19034.408802,0,NaN,0,7.00000000000003,1,2,66,0.5
563,19036.972133,19036.472134,19036.545467,19036.972133,19042.750127,1,NaN,0,5.99999999999996,2,1,65,0.5
564,19043.980126,19043.34346,19043.512793,19043.980126,19049.161454,1,NaN,0,5.99999999999996,2,1,65,0.5
565,19050.50812,19049.802787,19049.863454,19050.454786,19056.552114,0,2.99999999999994,0.0299999999999997,5.99999999999996,2,1,65,0.5
566,19058.187445,19057.422113,19057.590113,19058.187445,19063.931439,1,NaN,0,5.99999999999996,2,1,65,0.5
567,19068.552102,19067.485436,19067.852102,19068.498768,19072.584764,0,2.99999999999994,0.0299999999999997,5.99999999999996,2,1,65,0.5
568,19075.282095,19074.444762,19074.638762,19075.282095,19097.720072,1,NaN,0,5.99999999999996,2,1,65,0.5
569,19100.770069,19100.17807,19100.210737,19100.716736,19103.550067,0,2.99999999999994,0.0299999999999997,5.99999999999996,2,1,65,0.5
570,19105.990064,19104.938732,19104.994065,19105.936731,19111.481392,1,2.99999999999994,0.0299999999999997,7.00000000000003,1,2,66,0.5
571,19113.84739,19113.234057,19113.296057,19113.794056,19115.991387,1,2.99999999999994,0.0299999999999997,7.00000000000003,1,2,66,0.5
572,19118.528052,19117.932052,19117.946719,19118.528052,19192.227978,0,NaN,0,7.00000000000003,1,2,66,0.5
573,19210.965959,19210.341293,19210.432626,19210.961959,19212.062625,0,2.99999999999994,0.0299999999999997,5.99999999999996,2,1,65,0.5
574,19213.936623,19213.214624,19213.270623,19213.936623,19214.161956,1,NaN,0,5.99999999999996,2,1,65,0.5
575,19221.568615,19220.701283,19220.783949,19221.565949,19224.563279,0,2.99999999999994,0.0299999999999997,5.99999999999996,2,1,65,0.5
576,19225.911944,19225.311278,19225.350611,19225.911944,19233.125937,1,NaN,0,5.99999999999996,2,1,65,0.5
577,19234.553269,19233.91727,19233.945936,19234.550602,19239.347264,0,2.99999999999994,0.0299999999999997,5.99999999999996,2,1,65,0.5
578,19240.723929,19240.02193,19240.047263,19240.670596,19242.471928,1,2.99999999999994,0.0299999999999997,7.00000000000003,1,2,66,0.5
579,19246.192591,19245.637258,19245.648591,19246.192591,19251.444585,0,NaN,0,7.00000000000003,1,2,66,0.5
580,19253.212584,19252.430584,19252.615917,19253.15925,19257.091913,1,2.99999999999994,0.0299999999999997,7.00000000000003,1,2,66,0.5
581,19262.799241,19261.966575,19262.159908,19262.745907,19264.861239,1,2.99999999999994,0.0299999999999997,7.00000000000003,1,2,66,0.5
582,19266.753237,19265.951237,19266.031904,19266.699903,19269.353234,0,2.99999999999994,0.0299999999999997,5.99999999999996,2,1,65,0.5
583,19271.243232,19270.547233,19270.669233,19271.243232,19276.629227,1,NaN,0,5.99999999999996,2,1,65,0.5
584,19278.599225,19277.781892,19277.983892,19278.545892,19279.87189,1,2.99999999999994,0.0299999999999997,7.00000000000003,1,2,66,0.5
585,19282.071888,19281.227222,19281.390555,19282.071888,19282.932554,0,NaN,0,7.00000000000003,1,2,66,0.5
586,19293.88321,19293.036544,19293.191877,19293.829876,19298.085205,1,2.99999999999994,0.0299999999999997,7.00000000000003,1,2,66,0.5
587,19300.771869,19299.967203,19300.246537,19300.718536,19305.478531,1,2.99999999999994,0.0299999999999997,7.00000000000003,1,2,66,0.5
588,19307.393196,19306.36853,19306.45453,19307.339863,19308.890528,0,2.99999999999994,0.0299999999999997,5.99999999999996,2,1,65,0.5
589,19310.640526,19310.023193,19310.081193,19310.587193,19315.725854,1,2.99999999999994,0.0299999999999997,7.00000000000003,1,2,66,0.5
590,19317.325853,19316.701187,19316.77452,19317.319853,19327.219176,1,2.99999999999994,0.0299999999999997,7.00000000000003,1,2,66,0.5
591,19331.187839,19330.56784,19330.614506,19331.187839,19336.927833,1,NaN,0,5.99999999999996,2,1,65,0.5
592,19338.525165,19337.860499,19337.975832,19338.525165,19357.085146,1,NaN,0,5.99999999999996,2,1,65,0.5
593,19362.195808,19361.261809,19361.375142,19362.142475,19369.508467,0,2.99999999999994,0.0299999999999997,5.99999999999996,2,1,65,0.5
594,19371.205799,19370.4738,19370.613799,19371.152466,19375.799794,1,2.99999999999994,0.0299999999999997,7.00000000000003,1,2,66,0.5
595,19381.535122,19380.845789,19380.875123,19381.535122,19387.425783,1,NaN,0,5.99999999999996,2,1,65,0.5
596,19388.877115,19388.121115,19388.169115,19388.823781,19396.212441,0,2.99999999999994,0.0299999999999997,5.99999999999996,2,1,65,0.5
597,19397.582439,19396.939773,19397.075773,19397.582439,19403.006434,1,NaN,0,5.99999999999996,2,1,65,0.5
598,19404.539099,19403.914433,19403.960433,19404.524432,19405.786431,0,2.99999999999994,0.0299999999999997,5.99999999999996,2,1,65,0.5
599,19408.487762,19407.747762,19407.788429,19408.487762,19414.802422,1,NaN,0,5.99999999999996,2,1,65,0.5
600,19417.043086,19416.29442,19416.487087,19417.043086,19431.571072,1,NaN,0,5.99999999999996,2,1,65,0.5
601,19433.568403,19432.494404,19432.538404,19433.51507,19437.908399,1,2.99999999999994,0.0299999999999997,7.00000000000003,1,2,66,0.5
602,19439.68573,19438.881731,19439.036398,19439.632397,19445.902391,1,2.99999999999994,0.0299999999999997,7.00000000000003,1,2,66,0.5
603,19449.393721,19448.429055,19448.467055,19449.391054,19451.467719,0,2.99999999999994,0.0299999999999997,5.99999999999996,2,1,65,0.5
604,19453.423717,19452.582384,19452.907717,19453.423717,19464.081039,1,NaN,0,5.99999999999996,2,1,65,0.5
605,19465.739038,19464.933705,19465.236372,19465.739038,19472.036365,1,NaN,0,5.99999999999996,2,1,65,0.5
606,19473.493697,19472.747697,19472.960364,19473.493697,19908.263262,0,NaN,0,7.00000000000003,1,2,66,0.5
607,19910.28326,19909.669927,19909.76726,19910.28326,19915.238588,1,NaN,0,5.99999999999996,2,1,65,0.5
608,19917.286586,19916.450587,19916.509254,19917.233253,19923.261247,0,2.99999999999994,0.0299999999999997,5.99999999999996,2,1,65,0.5
609,19924.495912,19923.871246,19923.959913,19924.483912,19930.679906,1,2.99999999999994,0.0299999999999997,7.00000000000003,1,2,66,0.5
610,19932.076571,19931.463905,19931.553239,19932.023238,19938.069232,1,2.99999999999994,0.0299999999999997,7.00000000000003,1,2,66,0.5
611,19940.262563,19939.107898,19939.488564,19940.20923,19941.563229,0,2.99999999999994,0.0299999999999997,5.99999999999996,2,1,65,0.5
612,19943.403893,19942.686561,19942.855227,19943.403893,19964.549206,1,NaN,0,5.99999999999996,2,1,65,0.5
613,20002.606501,20001.965168,20002.061835,20002.606501,20011.744492,1,NaN,0,5.99999999999996,2,1,65,0.5
614,20012.941824,20012.425824,20012.545158,20012.941824,20019.217151,1,NaN,0,5.99999999999996,2,1,65,0.5
615,20023.13248,20022.091815,20022.659814,20023.13248,20029.080474,0,NaN,0,7.00000000000003,1,2,66,0.5
616,20033.091137,20031.747138,20032.693804,20033.091137,20036.982466,1,NaN,0,5.99999999999996,2,1,65,0.5
617,20066.393104,20065.407771,20065.469771,20066.393104,20075.118428,0,NaN,0,7.00000000000003,1,2,66,0.5
618,20077.350426,20076.182427,20076.528427,20077.297093,20080.907756,0,2.99999999999994,0.0299999999999997,5.99999999999996,2,1,65,0.5
619,20088.043749,20087.09975,20087.381083,20088.043749,20088.403082,1,NaN,0,5.99999999999996,2,1,65,0.5
620,20094.697742,20094.073076,20094.150409,20094.677742,20104.173066,0,2.99999999999994,0.0299999999999997,5.99999999999996,2,1,65,0.5
621,20109.608394,20108.431062,20108.689061,20109.608394,20116.95772,0,NaN,0,7.00000000000003,1,2,66,0.5
622,20118.373718,20117.710386,20117.823052,20118.373718,20118.671051,1,NaN,0,5.99999999999996,2,1,65,0.5
623,20125.847711,20125.016378,20125.165045,20125.794378,20128.361042,0,2.99999999999994,0.0299999999999997,5.99999999999996,2,1,65,0.5
624,20129.761707,20129.085041,20129.218374,20129.761707,20147.925022,1,NaN,0,5.99999999999996,2,1,65,0.5
625,20150.121687,20149.239687,20149.345687,20150.068353,20157.419013,0,2.99999999999994,0.0299999999999997,5.99999999999996,2,1,65,0.5
626,20159.007678,20158.275678,20158.409012,20158.954344,20161.291675,1,2.99999999999994,0.0299999999999997,7.00000000000003,1,2,66,0.5
627,20166.783003,20166.057004,20166.233004,20166.783003,20170.337,0,NaN,0,7.00000000000003,1,2,66,0.5
628,20174.308329,20173.16433,20173.472997,20174.254996,20175.552328,0,2.99999999999994,0.0299999999999997,5.99999999999996,2,1,65,0.5
629,20177.384993,20176.47566,20176.630993,20177.331659,20182.504321,1,2.99999999999994,0.0299999999999997,7.00000000000003,1,2,66,0.5
630,20184.500986,20183.77232,20183.974986,20184.500986,20189.735647,0,NaN,0,7.00000000000003,1,2,66,0.5
631,20191.202312,20190.55298,20190.675646,20191.202312,20196.92564,1,NaN,0,5.99999999999996,2,1,65,0.5
632,20200.684969,20199.921637,20200.05497,20200.684969,20206.756963,0,NaN,0,7.00000000000003,1,2,66,0.5
633,20208.447628,20207.674962,20207.859629,20208.394295,20214.440956,1,2.99999999999994,0.0299999999999997,7.00000000000003,1,2,66,0.5
634,20216.292954,20215.544955,20215.717621,20216.23962,20218.335618,1,2.99999999999994,0.0299999999999997,7.00000000000003,1,2,66,0.5
635,20220.760949,20219.833617,20220.10495,20220.707616,20223.115614,0,2.99999999999994,0.0299999999999997,5.99999999999996,2,1,65,0.5
636,20225.084945,20224.292279,20224.322279,20225.031612,20228.199609,1,2.99999999999994,0.0299999999999997,7.00000000000003,1,2,66,0.5
637,20230.18094,20229.324941,20229.367607,20230.127607,20237.032933,0,2.99999999999994,0.0299999999999997,5.99999999999996,2,1,65,0.5
638,20239.278931,20238.236932,20238.377598,20239.278931,20244.770259,0,NaN,0,7.00000000000003,1,2,66,0.5
639,20247.178256,20246.428258,20246.528924,20247.124923,20248.994921,0,2.99999999999994,0.0299999999999997,5.99999999999996,2,1,65,0.5
640,20253.21425,20252.370918,20252.516918,20253.160917,20258.040912,1,2.99999999999994,0.0299999999999997,7.00000000000003,1,2,66,0.5
641,20267.434903,20266.300904,20266.410904,20267.381569,20273.33223,0,2.99999999999994,0.0299999999999997,5.99999999999996,2,1,65,0.5
642,20275.046895,20274.179563,20274.231563,20274.993562,20283.755553,1,2.99999999999994,0.0299999999999997,7.00000000000003,1,2,66,0.5
643,20285.473551,20284.743552,20284.894219,20285.473551,20290.03088,1,NaN,0,5.99999999999996,2,1,65,0.5
644,20292.179545,20290.888879,20291.060879,20292.179545,20296.870207,1,NaN,0,5.99999999999996,2,1,65,0.5
645,20298.599538,20297.824206,20297.901539,20298.546205,20305.141532,1,2.99999999999994,0.0299999999999997,7.00000000000003,1,2,66,0.5
646,20307.314863,20306.39153,20306.57553,20307.261529,20308.734195,1,2.99999999999994,0.0299999999999997,7.00000000000003,1,2,66,0.5
647,20310.565526,20309.697527,20309.73086,20310.56286,20313.121524,0,2.99999999999994,0.0299999999999997,5.99999999999996,2,1,65,0.5
648,20314.663522,20313.80419,20313.950856,20314.663522,20320.555516,1,NaN,0,5.99999999999996,2,1,65,0.5
649,20333.766836,20332.728171,20332.940837,20333.713503,20334.894169,0,2.99999999999994,0.0299999999999997,5.99999999999996,2,1,65,0.5
650,20341.295495,20340.670829,20340.716163,20341.244829,20343.23016,1,2.99999999999994,0.0299999999999997,7.00000000000003,1,2,66,0.5
651,20346.376824,20345.561491,20345.626158,20346.32349,20357.456813,0,2.99999999999994,0.0299999999999997,5.99999999999996,2,1,65,0.5
652,20358.906811,20358.288812,20358.389478,20358.906811,20365.236138,1,NaN,0,5.99999999999996,2,1,65,0.5
653,20367.094136,20366.406137,20366.450804,20367.040803,20368.770801,1,2.99999999999994,0.0299999999999997,7.00000000000003,1,2,66,0.5
654,20387.176116,20374.553462,20374.642795,NaN,20448.770055,NaN,NaN,0,5.99999999999996,2,1,65,0.5
655,20450.952719,20449.727387,20449.872054,20450.952719,20451.513385,1,NaN,0,5.99999999999996,2,1,65,0.5
656,20462.020041,20461.264709,20461.294709,20461.966708,20463.18004,0,2.99999999999994,0.0299999999999997,5.99999999999996,2,1,65,0.5
657,20464.834705,20464.088706,20464.238706,20464.781372,20466.043371,1,2.99999999999994,0.0299999999999997,7.00000000000003,1,2,66,0.5
658,20467.912702,20467.222036,20467.248703,20467.912702,20475.638694,0,NaN,0,7.00000000000003,1,2,66,0.5
659,20477.382026,20476.600693,20476.754027,20477.328693,20484.230019,0,2.99999999999994,0.0299999999999997,5.99999999999996,2,1,65,0.5
660,20485.558018,20484.893352,20485.015352,20485.558018,20490.902013,1,NaN,0,5.99999999999996,2,1,65,0.5
661,20492.521344,20491.666678,20491.897345,20492.521344,20500.847336,0,NaN,0,7.00000000000003,1,2,66,0.5
662,20502.310001,20501.612668,20501.774002,20502.310001,20508.289328,1,NaN,0,5.99999999999996,2,1,65,0.5
663,20511.421992,20510.525326,20510.857326,20511.421992,20518.688651,0,NaN,0,7.00000000000003,1,2,66,0.5
664,20520.09865,20519.233984,20519.64865,20520.09865,20526.795977,1,NaN,0,5.99999999999996,2,1,65,0.5
665,20528.475975,20527.870642,20527.959309,20528.422642,20531.496639,1,2.99999999999994,0.0299999999999997,7.00000000000003,1,2,66,0.5
666,20533.08997,20532.301304,20532.535971,20533.08997,20539.85663,0,NaN,0,7.00000000000003,1,2,66,0.5
667,20541.325962,20540.607963,20540.848629,20541.325962,20551.197952,1,NaN,0,5.99999999999996,2,1,65,0.5
668,20563.071274,20562.218608,20562.366608,20563.071274,20570.833266,0,NaN,0,7.00000000000003,1,2,66,0.5
669,20832.025671,20830.994339,20831.369005,20832.025671,20863.022974,1,NaN,0,5.99999999999996,2,1,65,0.5
670,20870.915633,20870.312966,20870.3503,20870.915633,20886.335617,0,NaN,0,7.00000000000003,1,2,66,0.5
671,20887.448949,20886.853617,20886.87895,20887.448949,20887.808282,1,NaN,0,5.99999999999996,2,1,65,0.5
672,20894.526276,20893.906276,20893.957609,20894.526276,20914.532256,0,NaN,0,7.00000000000003,1,2,66,0.5
673,20915.756921,20915.143588,20915.217588,20915.756921,20922.848914,1,NaN,0,5.99999999999996,2,1,65,0.5
674,20924.509579,20923.768246,20923.922246,20924.456246,20927.03491,1,2.99999999999994,0.0299999999999997,7.00000000000003,1,2,66,0.5
675,20931.255572,20929.634907,20930.099573,20931.202239,20932.838237,0,2.99999999999994,0.0299999999999997,5.99999999999996,2,1,65,0.5
676,20934.611569,20933.642903,20933.706236,20934.611569,20940.800229,1,NaN,0,5.99999999999996,2,1,65,0.5
677,20942.428894,20941.600895,20941.873562,20942.375561,20943.988226,1,2.99999999999994,0.0299999999999997,7.00000000000003,1,2,66,0.5
678,20946.669557,20945.776224,20945.980891,20946.66689,20948.863555,0,2.99999999999994,0.0299999999999997,5.99999999999996,2,1,65,0.5
679,20951.722218,20950.942886,20951.079552,20951.668885,20952.696217,1,2.99999999999994,0.0299999999999997,7.00000000000003,1,2,66,0.5
680,20954.534882,20953.778216,20953.85155,20954.481549,20959.166211,0,2.99999999999994,0.0299999999999997,5.99999999999996,2,1,65,0.5
681,20960.502876,20959.836877,20959.960877,20960.502876,20968.135535,1,NaN,0,5.99999999999996,2,1,65,0.5
682,20969.731534,20969.008201,20969.130868,20969.6782,20975.708861,1,2.99999999999994,0.0299999999999997,7.00000000000003,1,2,66,0.5
683,20977.170193,20976.42686,20976.635527,20977.11686,20977.958859,1,2.99999999999994,0.0299999999999997,7.00000000000003,1,2,66,0.5
684,20980.956856,20980.123523,20980.159524,20980.903522,20982.168855,0,2.99999999999994,0.0299999999999997,5.99999999999996,2,1,65,0.5
685,21002.588168,21001.563502,21001.585502,21002.534834,21008.314162,0,2.99999999999994,0.0299999999999997,5.99999999999996,2,1,65,0.5
686,21013.924823,21013.266823,21013.416157,21013.924823,21032.234805,1,NaN,0,5.99999999999996,2,1,65,0.5
687,21033.586803,21032.962137,21032.98947,21033.540137,21041.501462,1,2.99999999999994,0.0299999999999997,7.00000000000003,1,2,66,0.5
688,21043.122127,21042.406128,21042.562128,21043.069461,21048.304788,1,2.99999999999994,0.0299999999999997,7.00000000000003,1,2,66,0.5
689,21049.643454,21049.096788,21049.126788,21049.643454,21101.520069,1,NaN,0,5.99999999999996,2,1,65,0.5
690,21102.775401,21102.210735,21102.367401,21102.775401,21108.888728,1,NaN,0,5.99999999999996,2,1,65,0.5
691,21110.488726,21109.81806,21110.009396,21110.435393,21118.436718,1,2.99999999999994,0.0299999999999997,7.00000000000003,1,2,66,0.5
692,21119.670717,21119.122051,21119.155384,21119.670717,21124.516046,1,NaN,0,5.99999999999996,2,1,65,0.5
693,21125.846044,21125.280045,21125.343378,21125.846044,21130.811373,1,NaN,0,5.99999999999996,2,1,65,0.5
694,21132.582704,21131.574705,21132.058038,21132.529371,21135.080702,0,2.99999999999994,0.0299999999999997,5.99999999999996,2,1,65,0.5
695,21136.9407,21136.2787,21136.394034,21136.9407,21143.752026,1,NaN,0,5.99999999999996,2,1,65,0.5
696,21145.315358,21144.529359,21144.648025,21145.262025,21147.167356,0,2.99999999999994,0.0299999999999997,5.99999999999996,2,1,65,0.5
697,21148.940021,21148.186022,21148.400688,21148.886688,21150.836686,1,2.99999999999994,0.0299999999999997,7.00000000000003,1,2,66,0.5
698,21155.368015,21154.690015,21154.715349,21155.314681,21156.27068,0,2.99999999999994,0.0299999999999997,5.99999999999996,2,1,65,0.5
699,21158.144012,21157.438013,21157.607346,21158.090679,21160.15201,1,2.99999999999994,0.0299999999999997,7.00000000000003,1,2,66,0.5
700,21162.396674,21161.740008,21161.774675,21162.396674,21169.114001,0,NaN,0,7.00000000000003,1,2,66,0.5
701,21170.59,21169.776667,21170.032,21170.59,21179.031324,1,NaN,0,5.99999999999996,2,1,65,0.5
702,21180.38799,21179.725324,21179.81599,21180.38799,21186.595983,0,NaN,0,7.00000000000003,1,2,66,0.5
703,21188.082649,21187.392649,21187.449316,21188.029315,21195.086642,0,2.99999999999994,0.0299999999999997,5.99999999999996,2,1,65,0.5
704,21197.626639,21196.84864,21197.05864,21197.573306,21198.618638,1,2.99999999999994,0.0299999999999997,7.00000000000003,1,2,66,0.5
705,21200.271303,21199.504637,21199.65997,21200.271303,21206.859297,0,NaN,0,7.00000000000003,1,2,66,0.5
706,21209.786627,21208.936628,21209.051294,21209.78396,21212.260624,0,2.99999999999994,0.0299999999999997,5.99999999999996,2,1,65,0.5
707,21214.140623,21213.210624,21213.505957,21214.087289,21215.266621,1,2.99999999999994,0.0299999999999997,7.00000000000003,1,2,66,0.5
708,21217.00862,21216.273954,21216.375287,21216.955286,21218.227952,0,2.99999999999994,0.0299999999999997,5.99999999999996,2,1,65,0.5
709,21223.266613,21222.475948,21222.641947,21223.213947,21226.36061,1,2.99999999999994,0.0299999999999997,7.00000000000003,1,2,66,0.5
710,21229.036608,21228.106609,21228.485275,21229.036608,21235.033268,0,NaN,0,7.00000000000003,1,2,66,0.5
711,21236.549934,21235.731268,21235.952601,21236.4966,21237.699266,1,2.99999999999994,0.0299999999999997,7.00000000000003,1,2,66,0.5
712,21240.729929,21239.81593,21240.084597,21240.676596,21245.719258,0,2.99999999999994,0.0299999999999997,5.99999999999996,2,1,65,0.5
713,21247.566589,21246.775923,21246.875923,21247.513256,21249.536587,1,2.99999999999994,0.0299999999999997,7.00000000000003,1,2,66,0.5
714,21251.515252,21250.454586,21250.630586,21251.462585,21254.081916,0,2.99999999999994,0.0299999999999997,5.99999999999996,2,1,65,0.5
715,21256.037247,21255.227248,21255.459915,21256.037247,21256.963913,1,NaN,0,5.99999999999996,2,1,65,0.5
716,21264.285906,21263.13724,21263.381907,21264.232573,21267.889236,0,2.99999999999994,0.0299999999999997,5.99999999999996,2,1,65,0.5
717,21270.303233,21268.897901,21268.983234,21270.291233,21273.11523,1,2.99999999999994,0.0299999999999997,7.00000000000003,1,2,66,0.5
718,21275.786561,21275.154562,21275.211228,21275.786561,21282.047888,0,NaN,0,7.00000000000003,1,2,66,0.5
719,21284.150553,21283.328553,21283.402553,21284.097219,21287.789216,0,2.99999999999994,0.0299999999999997,5.99999999999996,2,1,65,0.5
720,21289.499214,21288.630548,21288.773881,21289.499214,21296.38454,1,NaN,0,5.99999999999996,2,1,65,0.5
721,21298.616538,21297.708539,21297.922539,21298.563205,21300.09787,0,2.99999999999994,0.0299999999999997,5.99999999999996,2,1,65,0.5
722,21309.432527,21308.714528,21308.893861,21309.432527,21313.803856,1,NaN,0,5.99999999999996,2,1,65,0.5
723,21315.619854,21314.803855,21314.957188,21315.566521,21318.061852,1,2.99999999999994,0.0299999999999997,7.00000000000003,1,2,66,0.5
724,21319.640517,21318.802518,21318.835851,21319.587184,21322.888514,0,2.99999999999994,0.0299999999999997,5.99999999999996,2,1,65,0.5
725,21324.733845,21323.906513,21324.061179,21324.680512,21331.199172,1,2.99999999999994,0.0299999999999997,7.00000000000003,1,2,66,0.5
726,21332.539838,21331.867172,21331.983171,21332.539838,21338.907831,1,NaN,0,5.99999999999996,2,1,65,0.5
727,21340.842496,21339.998497,21340.204497,21340.789163,21342.743827,0,2.99999999999994,0.0299999999999997,5.99999999999996,2,1,65,0.5
728,21344.859159,21343.705826,21343.91716,21344.805825,21347.523156,1,2.99999999999994,0.0299999999999997,7.00000000000003,1,2,66,0.5
729,21349.535821,21348.671155,21348.732488,21349.482487,21356.347147,0,2.99999999999994,0.0299999999999997,5.99999999999996,2,1,65,0.5
730,21358.831811,21358.138479,21358.214479,21358.831811,21368.290468,1,NaN,0,5.99999999999996,2,1,65,0.5
731,21374.727795,21374.020463,21374.085796,21374.727795,21378.798458,0,NaN,0,7.00000000000003,1,2,66,0.5
732,21381.359122,21380.439123,21380.482456,21381.305789,21382.635121,0,2.99999999999994,0.0299999999999997,5.99999999999996,2,1,65,0.5
733,21385.443118,21384.683119,21384.875785,21385.443118,21607.978229,1,NaN,0,5.99999999999996,2,1,65,0.5
734,21609.261561,21608.708895,21608.784895,21609.261561,21613.271557,0,NaN,0,7.00000000000003,1,2,66,0.5
735,21617.611552,21616.909553,21616.948886,21617.608886,21618.556218,0,2.99999999999994,0.0299999999999997,5.99999999999996,2,1,65,0.5
736,21620.380883,21619.626217,21619.722217,21620.380883,21625.824878,1,NaN,0,5.99999999999996,2,1,65,0.5
737,21627.570876,21626.972876,21627.070876,21627.517543,21629.266874,1,2.99999999999994,0.0299999999999997,7.00000000000003,1,2,66,0.5
738,21632.035538,21631.132206,21631.338872,21632.032871,21633.35087,0,2.99999999999994,0.0299999999999997,5.99999999999996,2,1,65,0.5
739,21634.719535,21634.118869,21634.173536,21634.666202,21637.055533,1,2.99999999999994,0.0299999999999997,7.00000000000003,1,2,66,0.5
740,21638.580865,21637.766199,21637.882866,21638.580865,21641.260862,0,NaN,0,7.00000000000003,1,2,66,0.5
741,21644.864859,21644.130859,21644.211526,21644.811525,21648.208189,0,2.99999999999994,0.0299999999999997,5.99999999999996,2,1,65,0.5
742,21650.458853,21649.74752,21649.846854,21650.40552,21652.884184,1,2.99999999999994,0.0299999999999997,7.00000000000003,1,2,66,0.5
743,21654.665515,21653.88485,21653.950183,21654.612182,21660.40751,0,2.99999999999994,0.0299999999999997,5.99999999999996,2,1,65,0.5
744,21661.960841,21661.295509,21661.394175,21661.960841,21670.750833,1,NaN,0,5.99999999999996,2,1,65,0.5
745,21672.434164,21671.536165,21671.825498,21672.380831,21674.619495,1,2.99999999999994,0.0299999999999997,7.00000000000003,1,2,66,0.5
746,21676.616827,21675.876828,21676.054161,21676.616827,21683.91882,0,NaN,0,7.00000000000003,1,2,66,0.5
747,21685.478818,21684.763485,21684.947485,21685.478818,21690.52348,1,NaN,0,5.99999999999996,2,1,65,0.5
748,21692.302144,21691.414812,21691.758812,21692.302144,21702.103468,0,NaN,0,7.00000000000003,1,2,66,0.5
749,21704.053466,21703.233467,21703.383467,21704.000133,21705.078798,1,2.99999999999994,0.0299999999999997,7.00000000000003,1,2,66,0.5
750,21707.048796,21706.332797,21706.42213,21706.995463,21709.524794,0,2.99999999999994,0.0299999999999997,5.99999999999996,2,1,65,0.5
751,21711.574125,21710.906126,21711.044792,21711.574125,21716.736787,1,NaN,0,5.99999999999996,2,1,65,0.5
752,21718.298118,21717.486119,21717.680119,21718.244785,21722.949447,0,2.99999999999994,0.0299999999999997,5.99999999999996,2,1,65,0.5
753,21724.856779,21723.78878,21723.927446,21724.803445,21726.972776,1,2.99999999999994,0.0299999999999997,7.00000000000003,1,2,66,0.5
754,21728.572108,21727.817442,21727.942775,21728.572108,21734.316102,0,NaN,0,7.00000000000003,1,2,66,0.5
755,21735.787434,21734.938768,21735.302101,21735.787434,21964.121873,1,NaN,0,5.99999999999996,2,1,65,0.5
756,21966.105871,21965.114538,21965.543871,21966.105871,22147.650356,0,NaN,0,7.00000000000003,1,2,66,0.5
757,22151.080352,22150.689686,22150.715019,22151.080352,22159.177011,0,NaN,0,7.00000000000003,1,2,66,0.5
758,22160.41901,22159.82701,22159.859677,22160.365676,22160.967676,0,2.99999999999994,0.0299999999999997,5.99999999999996,2,1,65,0.5
759,22163.165007,22162.417674,22162.684341,22163.111674,22164.405672,1,2.99999999999994,0.0299999999999997,7.00000000000003,1,2,66,0.5
760,22167.040336,22166.245671,22166.39167,22166.987003,22169.896334,0,2.99999999999994,0.0299999999999997,5.99999999999996,2,1,65,0.5
761,22171.490999,22170.889666,22170.962332,22171.438332,22173.352997,1,2.99999999999994,0.0299999999999997,7.00000000000003,1,2,66,0.5
762,22175.196328,22174.346996,22174.576996,22175.196328,22180.750323,0,NaN,0,7.00000000000003,1,2,66,0.5
763,22182.214988,22181.409655,22181.738988,22182.214988,22188.300982,1,NaN,0,5.99999999999996,2,1,65,0.5
764,22190.380313,22189.69498,22189.786314,22190.32698,22191.951645,1,2.99999999999994,0.0299999999999997,7.00000000000003,1,2,66,0.5
765,22193.48231,22192.688977,22192.866311,22193.428977,22194.640975,0,2.99999999999994,0.0299999999999997,5.99999999999996,2,1,65,0.5
766,22196.174974,22195.205642,22195.616308,22196.121641,22197.102973,1,2.99999999999994,0.0299999999999997,7.00000000000003,1,2,66,0.5
767,22199.063638,22198.020972,22198.455638,22199.010304,22203.565633,0,2.99999999999994,0.0299999999999997,5.99999999999996,2,1,65,0.5
768,22207.140963,22206.44163,22206.588297,22207.08763,22208.386295,1,2.99999999999994,0.0299999999999997,7.00000000000003,1,2,66,0.5
769,22210.04296,22209.144294,22209.244294,22209.989627,22211.241626,0,2.99999999999994,0.0299999999999997,5.99999999999996,2,1,65,0.5
770,22212.662291,22211.918958,22212.128958,22212.662291,22218.876285,1,NaN,0,5.99999999999996,2,1,65,0.5
771,22220.802949,22220.087617,22220.297616,22220.802949,22226.274277,1,NaN,0,5.99999999999996,2,1,65,0.5
772,22227.804942,22227.144943,22227.342276,22227.804942,22238.828265,0,NaN,0,7.00000000000003,1,2,66,0.5
773,22240.193597,22239.373597,22239.602931,22240.140263,22243.36826,0,2.99999999999994,0.0299999999999997,5.99999999999996,2,1,65,0.5
774,22245.142925,22244.443592,22244.464259,22245.142925,22250.608253,1,NaN,0,5.99999999999996,2,1,65,0.5
775,22252.267584,22251.288919,22251.531585,22252.214251,22253.359583,0,2.99999999999994,0.0299999999999997,5.99999999999996,2,1,65,0.5
776,22257.332913,22256.470247,22256.812913,22257.332913,22263.516907,1,NaN,0,5.99999999999996,2,1,65,0.5
777,22265.026238,22264.326239,22264.536906,22265.026238,22271.390899,0,NaN,0,7.00000000000003,1,2,66,0.5
778,22274.649562,22273.108897,22274.100896,22274.596229,22279.95889,1,2.99999999999994,0.0299999999999997,7.00000000000003,1,2,66,0.5
779,22281.656222,22281.036889,22281.158222,22281.656222,22288.052882,0,NaN,0,7.00000000000003,1,2,66,0.5
780,22289.935547,22288.764215,22289.314214,22289.882214,22291.600212,0,2.99999999999994,0.0299999999999997,5.99999999999996,2,1,65,0.5
781,22293.061544,22292.298878,22292.540878,22293.061544,22299.551537,1,NaN,0,5.99999999999996,2,1,65,0.5
782,22302.266868,22300.109537,22301.380202,22302.213535,22309.543527,0,2.99999999999994,0.0299999999999997,5.99999999999996,2,1,65,0.5
783,22311.259526,22310.522193,22310.633526,22311.206192,22312.790191,1,2.99999999999994,0.0299999999999997,7.00000000000003,1,2,66,0.5
784,22316.688187,22315.841521,22316.010187,22316.634853,22319.227518,1,2.99999999999994,0.0299999999999997,7.00000000000003,1,2,66,0.5
785,22320.772183,22320.058183,22320.18685,22320.772183,22326.41951,0,NaN,0,7.00000000000003,1,2,66,0.5
786,22333.28417,22332.532171,22332.651504,22333.28417,22334.374836,1,NaN,0,5.99999999999996,2,1,65,0.5
787,22343.50016,22342.826827,22342.95016,22343.50016,22348.805488,1,NaN,0,5.99999999999996,2,1,65,0.5
788,22350.782153,22349.90482,22350.277486,22350.782153,22355.874148,0,NaN,0,7.00000000000003,1,2,66,0.5
789,22358.368145,22357.072813,22357.840812,22358.314812,22360.167477,1,2.99999999999994,0.0299999999999997,7.00000000000003,1,2,66,0.5
790,22361.840808,22361.076142,22361.193476,22361.787475,22364.116806,0,2.99999999999994,0.0299999999999997,5.99999999999996,2,1,65,0.5
791,22365.760804,22365.104805,22365.171472,22365.760804,22374.138129,1,NaN,0,5.99999999999996,2,1,65,0.5
792,22375.518128,22374.784129,22374.984128,22375.518128,22379.016124,0,NaN,0,7.00000000000003,1,2,66,0.5
793,22381.582788,22380.932789,22381.080122,22381.582788,22388.776115,0,NaN,0,7.00000000000003,1,2,66,0.5
794,22390.612779,22389.311447,22389.859447,22390.610113,22392.093445,0,2.99999999999994,0.0299999999999997,5.99999999999996,2,1,65,0.5
795,22396.846107,22396.078107,22396.376107,22396.846107,22408.154095,1,NaN,0,5.99999999999996,2,1,65,0.5
796,22409.756094,22408.886095,22409.066761,22409.756094,22410.570759,0,NaN,0,7.00000000000003,1,2,66,0.5
797,22424.970078,22423.78408,22424.232746,22424.916745,22432.796737,0,2.99999999999994,0.0299999999999997,5.99999999999996,2,1,65,0.5
798,22435.599401,22434.997402,22435.110735,22435.599401,22443.395393,0,NaN,0,7.00000000000003,1,2,66,0.5
799,22447.630056,22447.000723,22447.166723,22447.630056,22448.142055,0,NaN,0,7.00000000000003,1,2,66,0.5
800,22463.06604,22462.358041,22462.486041,22463.06604,22470.667366,0,NaN,0,7.00000000000003,1,2,66,0.5
801,22483.274687,22482.075355,22482.169355,22483.221354,22484.386019,0,2.99999999999994,0.0299999999999997,5.99999999999996,2,1,65,0.5
802,22486.932683,22486.308017,22486.36135,22486.914683,22490.611346,1,2.99999999999994,0.0299999999999997,7.00000000000003,1,2,66,0.5
803,22493.920009,22493.093344,22493.209344,22493.920009,22494.803342,0,NaN,0,7.00000000000003,1,2,66,0.5
804,22505.387331,22504.798665,22504.805999,22505.333998,22507.225996,1,2.99999999999994,0.0299999999999997,7.00000000000003,1,2,66,0.5
805,22508.724661,22508.099995,22508.235995,22508.724661,22521.711315,0,NaN,0,7.00000000000003,1,2,66,0.5
806,22524.891979,22524.168646,22524.307979,22524.891979,22542.160628,0,NaN,0,7.00000000000003,1,2,66,0.5
807,22545.887291,22545.262625,22545.374625,22545.859291,22548.479955,1,2.99999999999994,0.0299999999999997,7.00000000000003,1,2,66,0.5
808,22550.181953,22549.340621,22549.637954,22550.181953,22555.823948,0,NaN,0,7.00000000000003,1,2,66,0.5
809,22557.11928,22556.334614,22556.601947,22557.065946,22561.602608,1,2.99999999999994,0.0299999999999997,7.00000000000003,1,2,66,0.5
810,22563.03994,22562.524608,22562.563941,22563.03994,22568.575935,0,NaN,0,7.00000000000003,1,2,66,0.5
811,22572.003931,22571.426599,22571.567932,22572.003931,22578.390592,0,NaN,0,7.00000000000003,1,2,66,0.5
812,22581.171922,22579.763924,22580.679923,22581.118589,22582.651921,1,2.99999999999994,0.0299999999999997,7.00000000000003,1,2,66,0.5
813,22584.469252,22583.680586,22583.993919,22584.469252,22590.655913,0,NaN,0,7.00000000000003,1,2,66,0.5
814,22592.224578,22591.379912,22591.796578,22592.224578,22998.731505,1,NaN,0,5.99999999999996,2,1,65,0.5
815,23000.176837,22999.467504,22999.74217,23000.123503,23001.000836,1,2.99999999999994,0.0299999999999997,7.00000000000003,1,2,66,0.5
816,23005.395498,23004.779499,23004.860165,23005.342165,23006.885497,0,2.99999999999994,0.0299999999999997,5.99999999999996,2,1,65,0.5
817,23008.562828,23007.825496,23007.890162,23008.562828,23015.589488,1,NaN,0,5.99999999999996,2,1,65,0.5
818,23017.059486,23016.293487,23016.57482,23017.059486,23023.250813,1,NaN,0,5.99999999999996,2,1,65,0.5
819,23025.036812,23024.453479,23024.503479,23025.036812,23025.399478,1,NaN,0,5.99999999999996,2,1,65,0.5
820,23032.742804,23032.095471,23032.264138,23032.742804,23052.729451,0,NaN,0,7.00000000000003,1,2,66,0.5
821,23117.939385,23117.119386,23117.192053,23117.939385,23120.488716,0,NaN,0,7.00000000000003,1,2,66,0.5
822,23124.778712,23124.029379,23124.254713,23124.778712,23129.333374,1,NaN,0,5.99999999999996,2,1,65,0.5
823,23131.243372,23130.374706,23130.780706,23131.243372,23135.957367,1,NaN,0,5.99999999999996,2,1,65,0.5
824,23141.776028,23141.160029,23141.240695,23141.776028,23147.297356,1,NaN,0,5.99999999999996,2,1,65,0.5
825,23151.400019,23150.52402,23150.972019,23151.400019,23157.11268,1,NaN,0,5.99999999999996,2,1,65,0.5
826,23158.390012,23157.735346,23157.860012,23158.390012,23165.160005,1,NaN,0,5.99999999999996,2,1,65,0.5
827,23166.616003,23165.832671,23166.109337,23166.616003,23171.936665,1,NaN,0,5.99999999999996,2,1,65,0.5
828,23173.515997,23172.561998,23172.817997,23173.462663,23176.46466,1,2.99999999999994,0.0299999999999997,7.00000000000003,1,2,66,0.5
829,23180.032657,23178.811991,23179.081991,23179.979323,23188.250648,0,2.99999999999994,0.0299999999999997,5.99999999999996,2,1,65,0.5
830,23189.95798,23189.182648,23189.396647,23189.904647,23193.383977,1,2.99999999999994,0.0299999999999997,7.00000000000003,1,2,66,0.5
831,23195.639974,23194.827975,23194.940642,23195.639974,23201.501969,0,NaN,0,7.00000000000003,1,2,66,0.5
832,23203.5573,23202.656634,23202.881301,23203.5573,23209.65396,1,NaN,0,5.99999999999996,2,1,65,0.5
833,23211.471292,23210.502626,23210.793959,23211.417959,23215.306621,0,2.99999999999994,0.0299999999999997,5.99999999999996,2,1,65,0.5
834,23217.173286,23216.40462,23216.47862,23217.119953,23220.24795,1,2.99999999999994,0.0299999999999997,7.00000000000003,1,2,66,0.5
835,23222.045281,23221.064616,23221.102616,23221.991948,23224.031946,0,2.99999999999994,0.0299999999999997,5.99999999999996,2,1,65,0.5
836,23225.754611,23224.911279,23225.093945,23225.701278,23228.454608,1,2.99999999999994,0.0299999999999997,7.00000000000003,1,2,66,0.5
837,23229.90594,23229.160608,23229.191941,23229.852607,23234.129936,0,2.99999999999994,0.0299999999999997,5.99999999999996,2,1,65,0.5
838,23235.565935,23234.838602,23235.014602,23235.565935,23242.451261,1,NaN,0,5.99999999999996,2,1,65,0.5
839,23244.097926,23243.183264,23243.514594,23244.044593,23246.885257,0,2.99999999999994,0.0299999999999997,5.99999999999996,2,1,65,0.5
840,23248.755255,23248.007922,23248.155255,23248.701921,23251.456585,1,2.99999999999994,0.0299999999999997,7.00000000000003,1,2,66,0.5
841,23253.269917,23252.325251,23252.599917,23253.216584,23254.361249,0,2.99999999999994,0.0299999999999997,5.99999999999996,2,1,65,0.5
842,23255.950581,23255.239248,23255.399915,23255.897248,23258.267912,1,2.99999999999994,0.0299999999999997,7.00000000000003,1,2,66,0.5
843,23259.936577,23259.218578,23259.299244,23259.936577,23266.405904,0,NaN,0,7.00000000000003,1,2,66,0.5
844,23267.928569,23267.211903,23267.299903,23267.875236,23270.322566,1,2.99999999999994,0.0299999999999997,7.00000000000003,1,2,66,0.5
845,23272.279231,23271.390565,23271.689898,23272.225898,23276.086561,0,2.99999999999994,0.0299999999999997,5.99999999999996,2,1,65,0.5
846,23277.492559,23276.82456,23276.95456,23277.492559,23284.001886,1,NaN,0,5.99999999999996,2,1,65,0.5
847,23285.779218,23285.003885,23285.216552,23285.779218,23291.499212,0,NaN,0,7.00000000000003,1,2,66,0.5
848,23292.99521,23292.281211,23292.399878,23292.99521,23735.874101,1,NaN,0,5.99999999999996,2,1,65,0.5
849,23740.014763,23739.264098,23739.348764,23739.96143,23750.008753,0,2.99999999999994,0.0299999999999997,5.99999999999996,2,1,65,0.5
850,23751.338752,23750.606753,23750.642753,23751.338752,23759.91741,1,NaN,0,5.99999999999996,2,1,65,0.5
851,23764.400072,23763.51274,23763.60874,23764.400072,23771.988731,0,NaN,0,7.00000000000003,1,2,66,0.5
852,23774.604729,23773.211397,23773.440063,23774.551396,23784.640052,1,2.99999999999994,0.0299999999999997,7.00000000000003,1,2,66,0.5
853,23791.986711,23790.942712,23791.164046,23791.986711,23798.282705,1,NaN,0,5.99999999999996,2,1,65,0.5
854,23810.770026,23801.788035,23801.834035,23810.716693,23817.288019,1,2.99999999999994,0.0299999999999997,7.00000000000003,1,2,66,0.5
855,23818.725351,23818.106685,23818.162685,23818.725351,23823.21668,1,NaN,0,5.99999999999996,2,1,65,0.5
856,23825.994011,23825.301345,23825.478678,23825.940677,23832.959337,1,2.99999999999994,0.0299999999999997,7.00000000000003,1,2,66,0.5
857,23834.310002,23833.706003,23833.806003,23834.310002,23837.941332,1,NaN,0,5.99999999999996,2,1,65,0.5
858,23841.425329,23840.601329,23840.732663,23841.425329,23847.735989,0,NaN,0,7.00000000000003,1,2,66,0.5
859,23849.532654,23848.851988,23849.009321,23849.532654,23855.221315,1,NaN,0,5.99999999999996,2,1,65,0.5
860,23858.129312,23857.23198,23857.469313,23858.126645,23859.387311,0,2.99999999999994,0.0299999999999997,5.99999999999996,2,1,65,0.5
861,23861.671308,23860.914642,23861.184642,23861.671308,23924.844579,1,NaN,0,5.99999999999996,2,1,65,0.5
862,23926.229911,23925.531911,23925.583911,23926.176577,23932.690571,0,2.99999999999994,0.0299999999999997,5.99999999999996,2,1,65,0.5
863,23948.685888,23948.067889,23948.167889,23948.685888,23952.584551,0,NaN,0,7.00000000000003,1,2,66,0.5
864,23987.557183,23984.935185,23985.715851,23987.557183,24060.01311,0,NaN,0,7.00000000000003,1,2,66,0.5
865,24061.621775,24060.809776,24060.852443,24061.621775,24065.183772,0,NaN,0,7.00000000000003,1,2,66,0.5
866,24068.469768,24067.667102,24067.714436,24068.467102,24074.041763,1,2.99999999999994,0.0299999999999997,7.00000000000003,1,2,66,0.5
867,24076.153761,24075.293761,24075.655761,24076.153761,24139.527031,1,NaN,0,5.99999999999996,2,1,65,0.5
868,24141.221696,24140.44103,24140.595696,24141.168362,24147.837689,1,2.99999999999994,0.0299999999999997,7.00000000000003,1,2,66,0.5
869,24149.684354,24148.698355,24148.788355,24149.684354,24162.344341,0,NaN,0,7.00000000000003,1,2,66,0.5
870,24165.454338,24164.014339,24164.506339,24165.451671,24168.293668,0,2.99999999999994,0.0299999999999997,5.99999999999996,2,1,65,0.5
871,24170.386333,24169.640334,24169.755667,24170.386333,24184.698985,1,NaN,0,5.99999999999996,2,1,65,0.5
872,24187.04565,24186.141651,24186.430984,24187.04565,24187.680316,1,NaN,0,5.99999999999996,2,1,65,0.5
873,24194.350976,24193.295643,24193.496977,24194.297642,24200.860969,0,2.99999999999994,0.0299999999999997,5.99999999999996,2,1,65,0.5
874,24202.730967,24201.791635,24201.933635,24202.677634,24204.540966,1,2.99999999999994,0.0299999999999997,7.00000000000003,1,2,66,0.5
875,24206.37763,24205.589631,24205.684964,24206.37763,24327.362843,0,NaN,0,7.00000000000003,1,2,66,0.5
876,24329.151508,24328.158175,24328.246175,24329.098174,24331.755505,1,2.99999999999994,0.0299999999999997,7.00000000000003,1,2,66,0.5
877,24335.020835,24334.274169,24334.420169,24334.967502,24336.125501,0,2.99999999999994,0.0299999999999997,5.99999999999996,2,1,65,0.5
878,24337.914832,24337.2135,24337.256833,24337.861499,24341.675495,1,2.99999999999994,0.0299999999999997,7.00000000000003,1,2,66,0.5
879,24345.562825,24344.614159,24344.650825,24345.509491,24352.758151,0,2.99999999999994,0.0299999999999997,5.99999999999996,2,1,65,0.5
880,24356.032147,24354.980815,24355.212148,24355.978814,24359.63281,0,2.99999999999994,0.0299999999999997,5.99999999999996,2,1,65,0.5
881,24361.862142,24360.973476,24361.117476,24361.808808,24365.550138,1,2.99999999999994,0.0299999999999997,7.00000000000003,1,2,66,0.5
882,24367.820136,24366.926136,24367.102136,24367.766802,24369.167468,1,2.99999999999994,0.0299999999999997,7.00000000000003,1,2,66,0.5
883,24371.056132,24370.186133,24370.228133,24371.002799,24375.090795,0,2.99999999999994,0.0299999999999997,5.99999999999996,2,1,65,0.5
884,24377.038793,24376.168127,24376.238794,24376.98546,24378.900791,1,2.99999999999994,0.0299999999999997,7.00000000000003,1,2,66,0.5
885,24380.672123,24379.977457,24380.013457,24380.672123,24387.827449,0,NaN,0,7.00000000000003,1,2,66,0.5
886,24389.65278,24388.816781,24388.992781,24389.65278,24396.300774,1,NaN,0,5.99999999999996,2,1,65,0.5
887,24402.177435,24401.177436,24401.382102,24402.174768,24404.939432,0,2.99999999999994,0.0299999999999997,5.99999999999996,2,1,65,0.5
888,24407.300763,24406.380764,24406.51143,24407.247429,24414.376089,1,2.99999999999994,0.0299999999999997,7.00000000000003,1,2,66,0.5
889,24416.668087,24415.475421,24415.566088,24416.614753,24420.02475,0,2.99999999999994,0.0299999999999997,5.99999999999996,2,1,65,0.5
890,24422.464748,24421.522749,24421.638082,24422.464748,24428.772741,1,NaN,0,5.99999999999996,2,1,65,0.5
891,24430.736073,24429.875407,24430.073407,24430.736073,24437.935399,0,NaN,0,7.00000000000003,1,2,66,0.5
892,24440.444063,24439.455397,24439.63073,24440.444063,24444.740059,1,NaN,0,5.99999999999996,2,1,65,0.5
893,24451.946051,24445.768724,24446.028724,24451.946051,24491.706012,1,NaN,0,5.99999999999996,2,1,65,0.5
894,24499.842004,24499.066671,24499.272004,24499.842004,24711.029126,1,NaN,0,5.99999999999996,2,1,65,0.5
895,24712.615124,24711.764458,24711.787125,24712.561791,24714.029123,0,2.99999999999994,0.0299999999999997,5.99999999999996,2,1,65,0.5
896,24716.37112,24715.666454,24715.775788,24716.37112,24721.624448,1,NaN,0,5.99999999999996,2,1,65,0.5
897,24723.924446,24722.887114,24723.06778,24723.924446,24726.931776,1,NaN,0,5.99999999999996,2,1,65,0.5
898,24730.15044,24729.391107,24729.457774,24730.097107,24737.212433,1,2.99999999999994,0.0299999999999997,7.00000000000003,1,2,66,0.5
899,24739.671097,24738.587765,24738.922431,24739.671097,24749.72442,1,NaN,0,5.99999999999996,2,1,65,0.5
900,24751.679085,24750.775753,24750.980419,24751.625752,24753.190417,1,2.99999999999994,0.0299999999999997,7.00000000000003,1,2,66,0.5
901,24772.495731,24771.171066,24771.621065,24772.442398,24777.041726,0,2.99999999999994,0.0299999999999997,5.99999999999996,2,1,65,0.5
902,24811.561692,24810.337026,24810.389693,24811.508359,24815.510355,0,2.99999999999994,0.0299999999999997,5.99999999999996,2,1,65,0.5
903,24818.465685,24817.598352,24817.701019,24818.412352,24821.830348,1,2.99999999999994,0.0299999999999997,7.00000000000003,1,2,66,0.5
904,24824.759679,24823.64968,24823.771013,24824.706345,24829.474341,0,2.99999999999994,0.0299999999999997,5.99999999999996,2,1,65,0.5
905,24831.695672,24830.775673,24830.925672,24831.642338,24833.199004,1,2.99999999999994,0.0299999999999997,7.00000000000003,1,2,66,0.5
906,24834.925002,24834.164336,24834.212336,24834.925002,24841.888328,0,NaN,0,7.00000000000003,1,2,66,0.5
907,24846.234324,24845.049658,24845.325658,24846.234324,24853.134984,1,NaN,0,5.99999999999996,2,1,65,0.5
908,24855.946981,24854.940982,24855.258315,24855.946981,25585.823584,0,NaN,0,7.00000000000003,1,2,66,0.5
909,25644.520859,25643.741526,25643.762193,25644.520859,25653.107517,0,NaN,0,7.00000000000003,1,2,66,0.5
910,25657.165513,25656.43018,25656.58618,25657.165513,25667.131503,0,NaN,0,7.00000000000003,1,2,66,0.5
911,25669.044834,25668.306168,25668.533502,25669.044834,25735.268768,1,NaN,0,5.99999999999996,2,1,65,0.5
912,25736.958766,25736.164101,25736.301434,25736.958766,25743.065427,0,NaN,0,7.00000000000003,1,2,66,0.5
913,25745.704091,25744.495426,25745.152758,25745.704091,25751.934751,1,NaN,0,5.99999999999996,2,1,65,0.5
914,25753.806083,25752.862751,25753.170084,25753.75275,25756.468747,0,2.99999999999994,0.0299999999999997,5.99999999999996,2,1,65,0.5
915,25758.180079,25757.364746,25757.466079,25758.126745,25760.186077,1,2.99999999999994,0.0299999999999997,7.00000000000003,1,2,66,0.5
916,25762.496741,25761.664075,25761.779408,25762.494074,25766.107404,0,2.99999999999994,0.0299999999999997,5.99999999999996,2,1,65,0.5
917,25768.074735,25767.329403,25767.445403,25768.074735,25773.188064,1,NaN,0,5.99999999999996,2,1,65,0.5
918,25775.111395,25774.220729,25774.446062,25775.111395,25782.094055,0,NaN,0,7.00000000000003,1,2,66,0.5
919,25783.897386,25783.12472,25783.266053,25783.844053,25791.964711,1,2.99999999999994,0.0299999999999997,7.00000000000003,1,2,66,0.5
920,25793.924709,25793.224043,25793.244044,25793.871376,25796.94404,0,2.99999999999994,0.0299999999999997,5.99999999999996,2,1,65,0.5
921,25798.876038,25798.046039,25798.180039,25798.822705,25800.958702,1,2.99999999999994,0.0299999999999997,7.00000000000003,1,2,66,0.5
922,25802.869367,25802.040701,25802.110035,25802.816034,25807.370029,0,2.99999999999994,0.0299999999999997,5.99999999999996,2,1,65,0.5
923,25809.574694,25808.730695,25808.882028,25809.574694,25813.398023,1,NaN,0,5.99999999999996,2,1,65,0.5
924,25817.937352,25816.636687,25817.14202,25817.884019,25819.267351,1,2.99999999999994,0.0299999999999997,7.00000000000003,1,2,66,0.5
925,25821.620682,25820.804683,25820.824016,25821.567349,25823.848013,0,2.99999999999994,0.0299999999999997,5.99999999999996,2,1,65,0.5
926,25825.534011,25824.763345,25824.872012,25825.534011,25830.532673,1,NaN,0,5.99999999999996,2,1,65,0.5
927,25832.682004,25831.785338,25831.966671,25832.679338,25836.735333,0,2.99999999999994,0.0299999999999997,5.99999999999996,2,1,65,0.5
928,25839.372664,25838.163332,25838.299332,25839.372664,25843.03066,1,NaN,0,5.99999999999996,2,1,65,0.5
929,25846.643323,25845.233992,25845.787991,25846.58999,25851.306652,0,2.99999999999994,0.0299999999999997,5.99999999999996,2,1,65,0.5
930,25853.817316,25852.953317,25853.083984,25853.763983,25854.866649,1,2.99999999999994,0.0299999999999997,7.00000000000003,1,2,66,0.5
931,25856.82598,25855.881981,25856.139314,25856.823313,25859.703977,0,2.99999999999994,0.0299999999999997,5.99999999999996,2,1,65,0.5
932,25861.671308,25860.725309,25860.983309,25861.671308,25867.701969,1,NaN,0,5.99999999999996,2,1,65,0.5
933,25870.097967,25869.243967,25869.331967,25870.044633,25874.268629,0,2.99999999999994,0.0299999999999997,5.99999999999996,2,1,65,0.5
934,25876.848627,25876.023961,25876.085961,25876.795293,25879.561291,1,2.99999999999994,0.0299999999999997,7.00000000000003,1,2,66,0.5
935,25881.683288,25880.734623,25880.895956,25881.629955,25884.843952,0,2.99999999999994,0.0299999999999997,5.99999999999996,2,1,65,0.5
936,25888.251282,25887.259283,25887.443283,25888.251282,25893.925943,1,NaN,0,5.99999999999996,2,1,65,0.5
937,25895.607274,25894.865275,25894.928609,25895.607274,25899.70327,1,NaN,0,5.99999999999996,2,1,65,0.5
938,25908.478595,25905.329931,25905.507931,25908.425262,25912.440591,0,2.99999999999994,0.0299999999999997,5.99999999999996,2,1,65,0.5
939,25914.481256,25913.439257,25913.555923,25914.481256,25919.57125,1,NaN,0,5.99999999999996,2,1,65,0.5
940,25922.443914,25921.071249,25921.427249,25922.443914,25925.986577,0,NaN,0,7.00000000000003,1,2,66,0.5
941,25930.739239,25928.277908,25928.775908,25930.739239,25934.215903,0,NaN,0,7.00000000000003,1,2,66,0.5
942,25958.991211,25957.759879,25957.831879,25958.937878,25962.747874,0,2.99999999999994,0.0299999999999997,5.99999999999996,2,1,65,0.5
943,25964.855205,25963.931206,25964.010539,25964.801872,25966.833203,1,2.99999999999994,0.0299999999999997,7.00000000000003,1,2,66,0.5
944,25968.605201,25967.744536,25967.793869,25968.605201,25973.75053,0,NaN,0,7.00000000000003,1,2,66,0.5
945,25975.889861,25974.967195,25975.069862,25975.887194,25979.913857,0,2.99999999999994,0.0299999999999997,5.99999999999996,2,1,65,0.5
946,25982.249854,25981.492522,25981.561855,25982.196521,25983.727853,1,2.99999999999994,0.0299999999999997,7.00000000000003,1,2,66,0.5
947,25985.409185,25984.781852,25984.824519,25985.409185,25990.771179,0,NaN,0,7.00000000000003,1,2,66,0.5
948,25992.913844,25991.853178,25992.221178,25992.860511,25996.66184,1,2.99999999999994,0.0299999999999997,7.00000000000003,1,2,66,0.5
949,25998.965838,25998.024505,25998.283838,25998.965838,26003.901833,0,NaN,0,7.00000000000003,1,2,66,0.5
950,26006.011164,26005.165165,26005.324498,26006.011164,26011.336492,0,NaN,0,7.00000000000003,1,2,66,0.5
951,26014.236489,26012.931157,26013.505823,26014.183156,26016.387154,1,2.99999999999994,0.0299999999999997,7.00000000000003,1,2,66,0.5
952,26019.159151,26018.254485,26018.417152,26019.159151,26026.848477,0,NaN,0,7.00000000000003,1,2,66,0.5
953,26029.006474,26027.699809,26027.743142,26029.003808,26030.759139,1,2.99999999999994,0.0299999999999997,7.00000000000003,1,2,66,0.5
954,26032.528471,26031.670472,26031.884472,26032.528471,26039.441131,0,NaN,0,7.00000000000003,1,2,66,0.5
955,26041.723795,26040.997796,26041.095796,26041.723795,26050.213787,1,NaN,0,5.99999999999996,2,1,65,0.5
956,26052.294451,26051.408452,26051.671785,26052.294451,26055.229115,0,NaN,0,7.00000000000003,1,2,66,0.5
957,26068.384435,26067.336436,26067.531103,26068.331102,26072.731097,0,2.99999999999994,0.0299999999999997,5.99999999999996,2,1,65,0.5
958,26075.238428,26074.443762,26074.524429,26075.185095,26078.625091,1,2.99999999999994,0.0299999999999997,7.00000000000003,1,2,66,0.5
959,26081.219756,26080.42709,26080.44509,26081.166422,26084.602419,0,2.99999999999994,0.0299999999999997,5.99999999999996,2,1,65,0.5
960,26086.578418,26085.823751,26085.965751,26086.525084,26088.603748,1,2.99999999999994,0.0299999999999997,7.00000000000003,1,2,66,0.5
961,26090.847079,26089.698414,26089.98508,26090.793746,26092.857744,0,2.99999999999994,0.0299999999999997,5.99999999999996,2,1,65,0.5
962,26094.829075,26093.933743,26094.020409,26094.826409,26096.506407,1,2.99999999999994,0.0299999999999997,7.00000000000003,1,2,66,0.5
963,26101.059069,26100.153737,26100.315736,26101.059069,26103.403733,0,NaN,0,7.00000000000003,1,2,66,0.5
964,26124.076379,26122.867047,26123.115714,26124.023049,26125.394379,0,2.99999999999994,0.0299999999999997,5.99999999999996,2,1,65,0.5
965,26127.697709,26126.806377,26126.977043,26127.644376,26134.405036,1,2.99999999999994,0.0299999999999997,7.00000000000003,1,2,66,0.5
966,26136.086367,26135.245035,26135.363701,26136.033034,26137.812366,1,2.99999999999994,0.0299999999999997,7.00000000000003,1,2,66,0.5
967,26140.128363,26139.091698,26139.267697,26140.07503,26145.233691,0,2.99999999999994,0.0299999999999997,5.99999999999996,2,1,65,0.5
968,26147.713689,26146.345024,26146.55369,26147.660356,26149.503021,1,2.99999999999994,0.0299999999999997,7.00000000000003,1,2,66,0.5
969,26152.543684,26151.666352,26151.709018,26152.490351,26158.098345,0,2.99999999999994,0.0299999999999997,5.99999999999996,2,1,65,0.5
970,26160.176343,26158.954344,26159.131678,26160.12301,26161.700342,1,2.99999999999994,0.0299999999999997,7.00000000000003,1,2,66,0.5
971,26163.70434,26163.029674,26163.08234,26163.70434,26167.17567,0,NaN,0,7.00000000000003,1,2,66,0.5
972,26172.557664,26171.525665,26171.722998,26172.504331,26174.226329,0,2.99999999999994,0.0299999999999997,5.99999999999996,2,1,65,0.5
973,26175.890328,26175.026995,26175.247662,26175.836994,26176.85366,1,2.99999999999994,0.0299999999999997,7.00000000000003,1,2,66,0.5
974,26179.046324,26178.144992,26178.424992,26179.046324,26184.434986,0,NaN,0,7.00000000000003,1,2,66,0.5
975,26186.642317,26185.491651,26185.884318,26186.642317,26191.626978,1,NaN,0,5.99999999999996,2,1,65,0.5
976,26194.368976,26192.993644,26193.169644,26194.315642,26196.880973,1,2.99999999999994,0.0299999999999997,7.00000000000003,1,2,66,0.5
977,26200.567636,26199.293637,26199.483637,26200.567636,26201.775635,0,NaN,0,7.00000000000003,1,2,66,0.5
978,26236.072934,26234.920268,26234.980268,26236.019601,26241.665595,1,2.99999999999994,0.0299999999999997,7.00000000000003,1,2,66,0.5
979,26243.121594,26242.416928,26242.510261,26243.121594,26248.286922,1,NaN,0,5.99999999999996,2,1,65,0.5
980,26516.834653,26515.459321,26515.519322,26516.781321,26517.831986,1,2.99999999999994,0.0299999999999997,7.00000000000003,1,2,66,0.5
981,26523.589314,26522.721314,26522.842647,26523.589314,26530.965306,0,NaN,0,7.00000000000003,1,2,66,0.5
982,26532.659971,26531.853305,26531.953971,26532.659971,26538.298632,0,NaN,0,7.00000000000003,1,2,66,0.5
983,26540.841963,26539.87063,26540.12863,26540.841963,26550.645953,1,NaN,0,5.99999999999996,2,1,65,0.5
984,26552.267951,26551.561952,26551.620618,26552.214618,26562.004608,0,2.99999999999994,0.0299999999999997,5.99999999999996,2,1,65,0.5
985,26563.999939,26563.011274,26563.26594,26563.999939,26569.317934,1,NaN,0,5.99999999999996,2,1,65,0.5
986,26571.209932,26570.319267,26570.631933,26571.209932,26607.05923,1,NaN,0,5.99999999999996,2,1,65,0.5
987,26608.412562,26607.699229,26607.757896,26608.359228,26611.607892,0,2.99999999999994,0.0299999999999997,5.99999999999996,2,1,65,0.5
988,26613.14589,26612.424558,26612.547224,26613.092557,26616.735887,1,2.99999999999994,0.0299999999999997,7.00000000000003,1,2,66,0.5
989,26618.428552,26617.663886,26617.735219,26618.428552,26654.235182,0,NaN,0,7.00000000000003,1,2,66,0.5
990,26690.379146,26689.553814,26689.74048,26690.379146,26695.197142,1,NaN,0,5.99999999999996,2,1,65,0.5
991,26696.956473,26696.164474,26696.405141,26696.956473,26702.063135,1,NaN,0,5.99999999999996,2,1,65,0.5
992,26704.581132,26703.630466,26703.6918,26704.581132,26707.219796,0,NaN,0,7.00000000000003,1,2,66,0.5
993,26711.768458,26710.921792,26711.095126,26711.715125,26716.27312,0,2.99999999999994,0.0299999999999997,5.99999999999996,2,1,65,0.5
994,26718.064452,26717.200453,26717.347786,26718.011119,26720.497783,1,2.99999999999994,0.0299999999999997,7.00000000000003,1,2,66,0.5
995,26722.602447,26721.601115,26721.658448,26722.602447,26729.82044,0,NaN,0,7.00000000000003,1,2,66,0.5
996,26731.749772,26730.939772,26731.036439,26731.696438,26734.117769,1,2.99999999999994,0.0299999999999997,7.00000000000003,1,2,66,0.5
997,26736.5771,26735.810434,26735.951767,26736.5771,26743.02976,0,NaN,0,7.00000000000003,1,2,66,0.5
998,26745.075758,26744.021759,26744.351092,26745.022425,26748.587088,1,2.99999999999994,0.0299999999999997,7.00000000000003,1,2,66,0.5
999,26751.027086,26750.255086,26750.38242,26751.027086,26757.988412,0,NaN,0,7.00000000000003,1,2,66,0.5
1000,26759.995077,26759.017078,26759.304411,26759.941743,26761.647742,1,2.99999999999994,0.0299999999999997,7.00000000000003,1,2,66,0.5
1001,26764.118406,26763.069074,26763.326407,26764.118406,26769.8044,0,NaN,0,7.00000000000003,1,2,66,0.5
1002,26774.405062,26773.58773,26773.703063,26774.405062,26781.363722,1,NaN,0,5.99999999999996,2,1,65,0.5
1003,26783.162387,26782.141055,26782.464388,26783.109054,26787.182383,1,2.99999999999994,0.0299999999999997,7.00000000000003,1,2,66,0.5
1004,26790.607713,26789.66238,26789.807714,26790.605046,26795.705041,0,2.99999999999994,0.0299999999999997,5.99999999999996,2,1,65,0.5
1005,26797.522373,26796.610373,26796.714373,26797.469707,26799.029038,1,2.99999999999994,0.0299999999999997,7.00000000000003,1,2,66,0.5
1006,26801.419703,26800.393036,26800.413036,26801.417035,26805.045698,0,2.99999999999994,0.0299999999999997,5.99999999999996,2,1,65,0.5
1007,26807.825696,26807.010363,26807.04703,26807.772362,26810.18436,1,2.99999999999994,0.0299999999999997,7.00000000000003,1,2,66,0.5
1008,26812.725024,26811.990358,26812.055025,26812.725024,26819.741684,0,NaN,0,7.00000000000003,1,2,66,0.5
1009,26821.551682,26820.359016,26820.612349,26821.551682,26826.98701,0,NaN,0,7.00000000000003,1,2,66,0.5
1010,26829.310341,26828.375675,26828.667008,26829.310341,26834.983002,1,NaN,0,5.99999999999996,2,1,65,0.5
1011,26837.225,26836.200334,26836.431001,26837.171666,26841.256995,0,2.99999999999994,0.0299999999999997,5.99999999999996,2,1,65,0.5
1012,26843.52766,26842.672994,26842.824994,26843.474327,26845.426325,1,2.99999999999994,0.0299999999999997,7.00000000000003,1,2,66,0.5
1013,26847.414989,26846.588323,26846.76899,26847.414989,26852.146318,0,NaN,0,7.00000000000003,1,2,66,0.5
1014,26854.206983,26853.134984,26853.322983,26854.153649,26857.610979,0,2.99999999999994,0.0299999999999997,5.99999999999996,2,1,65,0.5
1015,26859.510311,26858.613645,26858.722311,26859.457644,26863.524973,1,2.99999999999994,0.0299999999999997,7.00000000000003,1,2,66,0.5
1016,26866.067637,26865.153638,26865.374305,26866.014971,26870.0223,0,2.99999999999994,0.0299999999999997,5.99999999999996,2,1,65,0.5
1017,26872.030298,26871.150966,26871.326965,26871.976965,26873.692963,1,2.99999999999994,0.0299999999999997,7.00000000000003,1,2,66,0.5
1018,26875.958294,26874.997628,26875.160962,26875.904961,26878.692291,0,2.99999999999994,0.0299999999999997,5.99999999999996,2,1,65,0.5
1019,26881.528289,26880.613623,26880.796956,26881.474955,26884.122953,1,2.99999999999994,0.0299999999999997,7.00000000000003,1,2,66,0.5
1020,26886.057617,26884.940952,26885.452951,26886.057617,26899.066271,0,NaN,0,7.00000000000003,1,2,66,0.5
1021,26900.866936,26900.045603,26900.144937,26900.866936,26901.506935,1,NaN,0,5.99999999999996,2,1,65,0.5
1022,26915.090922,26914.061589,26914.083589,26915.090922,26922.016248,0,NaN,0,7.00000000000003,1,2,66,0.5
1023,26923.54158,26922.726914,26922.800247,26923.488247,26927.877576,1,2.99999999999994,0.0299999999999997,7.00000000000003,1,2,66,0.5
1024,26930.300906,26929.074908,26929.324907,26930.247573,26932.338238,0,2.99999999999994,0.0299999999999997,5.99999999999996,2,1,65,0.5
1025,26934.119569,26933.32157,26933.46957,26934.119569,26939.446897,1,NaN,0,5.99999999999996,2,1,65,0.5
1026,26942.090228,26941.132896,26941.256229,26942.090228,26947.950222,0,NaN,0,7.00000000000003,1,2,66,0.5
1027,26949.67422,26948.855555,26949.016221,26949.67422,26965.175538,1,NaN,0,5.99999999999996,2,1,65,0.5
1028,26966.76887,26965.955537,26966.022871,26966.76887,26978.184859,1,NaN,0,5.99999999999996,2,1,65,0.5
1029,26991.578845,26978.956191,26979.034191,NaN,27617.537553,NaN,NaN,0,5.99999999999996,2,1,65,0.5
1030,27620.35155,27619.028884,27619.214884,27620.298216,27627.809542,0,2.99999999999994,0.0299999999999997,5.99999999999996,2,1,65,0.5
1031,27630.950872,27629.734207,27629.81554,27630.950872,27694.108809,1,NaN,0,5.99999999999996,2,1,65,0.5
1032,27696.239474,27695.568808,27695.678141,27696.239474,27702.391468,1,NaN,0,5.99999999999996,2,1,65,0.5
1033,27705.988797,27705.324131,27705.438798,27705.988797,27710.696126,1,NaN,0,5.99999999999996,2,1,65,0.5
1034,27713.91479,27713.174124,27713.235457,27713.91479,27719.710117,1,NaN,0,5.99999999999996,2,1,65,0.5
1035,27722.135448,27721.177449,27721.524115,27722.135448,27728.026109,1,NaN,0,5.99999999999996,2,1,65,0.5
1036,27729.98744,27729.066774,27729.236108,27729.934107,27737.355433,0,2.99999999999994,0.0299999999999997,5.99999999999996,2,1,65,0.5
1037,27741.538762,27740.254763,27740.41743,27741.485429,27745.734091,0,2.99999999999994,0.0299999999999997,5.99999999999996,2,1,65,0.5
1038,27748.310088,27747.244756,27747.402756,27748.256755,27749.682754,1,2.99999999999994,0.0299999999999997,7.00000000000003,1,2,66,0.5
1039,27751.870752,27751.032752,27751.114752,27751.817418,27758.412745,0,2.99999999999994,0.0299999999999997,5.99999999999996,2,1,65,0.5
1040,27760.53941,27759.557411,27759.72941,27760.53941,27766.78007,1,NaN,0,5.99999999999996,2,1,65,0.5
1041,27769.632734,27768.240735,27768.530735,27769.632734,27776.184727,0,NaN,0,7.00000000000003,1,2,66,0.5
1042,27780.282723,27778.984058,27779.400057,27780.22939,27784.338719,0,2.99999999999994,0.0299999999999997,5.99999999999996,2,1,65,0.5
1043,27786.652717,27785.647384,27786.023384,27786.652717,27792.100045,1,NaN,0,5.99999999999996,2,1,65,0.5
1044,27794.150709,27793.133377,27793.347377,27794.097376,27795.612041,1,2.99999999999994,0.0299999999999997,7.00000000000003,1,2,66,0.5
1045,27798.186705,27797.301373,27797.432039,27798.133372,27802.630034,0,2.99999999999994,0.0299999999999997,5.99999999999996,2,1,65,0.5
1046,27804.466699,27803.631366,27803.785366,27804.466699,27818.232019,1,NaN,0,5.99999999999996,2,1,65,0.5
1047,27820.526683,27819.536684,27819.77135,27820.526683,27825.890011,0,NaN,0,7.00000000000003,1,2,66,0.5
1048,27828.003342,27826.830677,27827.018676,27828.000675,27830.278006,0,2.99999999999994,0.0299999999999997,5.99999999999996,2,1,65,0.5
1049,27832.362005,27831.405339,27831.678672,27832.362005,27838.698665,1,NaN,0,5.99999999999996,2,1,65,0.5
1050,27841.201329,27839.543997,27840.462663,27841.147996,27843.159327,1,2.99999999999994,0.0299999999999997,7.00000000000003,1,2,66,0.5
1051,27845.314658,27844.374659,27844.529326,27845.314658,27853.023317,0,NaN,0,7.00000000000003,1,2,66,0.5
1052,27855.221315,27854.035983,27854.499316,27855.221315,27859.485977,1,NaN,0,5.99999999999996,2,1,65,0.5
1053,27862.591307,27861.157976,27861.633975,27862.537974,27865.621304,0,2.99999999999994,0.0299999999999997,5.99999999999996,2,1,65,0.5
1054,27874.723962,27873.791963,27874.006629,27874.723962,27879.749957,1,NaN,0,5.99999999999996,2,1,65,0.5
1055,27881.868622,27880.864623,27881.041289,27881.868622,27882.339954,1,NaN,0,5.99999999999996,2,1,65,0.5
1056,27888.848615,27887.621282,27887.960616,27888.795281,27890.767946,0,2.99999999999994,0.0299999999999997,5.99999999999996,2,1,65,0.5
1057,27895.828608,27895.106608,27895.190608,27895.828608,27901.294602,1,NaN,0,5.99999999999996,2,1,65,0.5
1058,27903.8066,27902.775267,27903.0006,27903.803933,27905.297265,0,2.99999999999994,0.0299999999999997,5.99999999999996,2,1,65,0.5
1059,27907.893262,27906.788597,27907.159263,27907.893262,27912.765924,1,NaN,0,5.99999999999996,2,1,65,0.5
1060,27916.25592,27914.528589,27915.068588,27916.202587,27920.364583,1,2.99999999999994,0.0299999999999997,7.00000000000003,1,2,66,0.5
1061,27922.775247,27921.869248,27922.084581,27922.775247,27935.615234,0,NaN,0,7.00000000000003,1,2,66,0.5
1062,27937.761899,27936.899233,27937.0459,27937.761899,27938.241899,1,NaN,0,5.99999999999996,2,1,65,0.5
1063,28129.030374,28125.435711,28125.493711,28128.977041,28142.545028,0,2.99999999999994,0.0299999999999997,5.99999999999996,2,1,65,0.5
1064,28144.581025,28143.685693,28143.967026,28144.527692,28148.942354,1,2.99999999999994,0.0299999999999997,7.00000000000003,1,2,66,0.5
1065,28151.177686,28150.032353,28150.10102,28151.124352,28156.053681,0,2.99999999999994,0.0299999999999997,5.99999999999996,2,1,65,0.5
1066,28158.569011,28157.609012,28157.809012,28158.515678,28160.093677,1,2.99999999999994,0.0299999999999997,7.00000000000003,1,2,66,0.5
1067,28161.815675,28161.100342,28161.179009,28161.815675,28165.757671,0,NaN,0,7.00000000000003,1,2,66,0.5
1068,28172.504998,28171.503665,28171.617665,28172.504998,28179.062324,0,NaN,0,7.00000000000003,1,2,66,0.5
1069,28181.468989,28180.106323,28180.567656,28181.468989,28187.805649,0,NaN,0,7.00000000000003,1,2,66,0.5
1070,28192.901644,28189.151648,28189.88498,28192.848311,28196.36764,0,2.99999999999994,0.0299999999999997,5.99999999999996,2,1,65,0.5
1071,28198.642305,28197.829639,28197.954972,28198.642305,28612.503891,1,NaN,0,5.99999999999996,2,1,65,0.5
1072,28626.47921,28613.856556,28613.995223,NaN,28657.734512,NaN,NaN,0,7.00000000000003,1,2,66,0.5
1073,28659.374511,28658.807845,28658.932511,28659.321177,28662.323841,1,2.99999999999994,0.0299999999999997,7.00000000000003,1,2,66,0.5
1074,28665.075838,28663.109174,28663.233174,28665.022505,28667.329836,0,2.99999999999994,0.0299999999999997,5.99999999999996,2,1,65,0.5
1075,28669.088501,28668.309168,28668.379168,28669.088501,28675.047162,1,NaN,0,5.99999999999996,2,1,65,0.5
1076,28678.479158,28677.637826,28677.739826,28678.479158,28694.619809,0,NaN,0,7.00000000000003,1,2,66,0.5
1077,28696.39314,28695.322475,28695.442475,28696.339807,28701.478469,0,2.99999999999994,0.0299999999999997,5.99999999999996,2,1,65,0.5
1078,28703.4978,28702.517134,28702.829134,28703.444467,28705.165132,1,2.99999999999994,0.0299999999999997,7.00000000000003,1,2,66,0.5
1079,28707.451129,28706.660463,28706.82113,28707.451129,28711.844458,0,NaN,0,7.00000000000003,1,2,66,0.5
1080,28715.196455,28714.449122,28714.467122,28715.196455,28722.763781,0,NaN,0,7.00000000000003,1,2,66,0.5
1081,28725.705778,28724.795112,28724.903112,28725.652444,28733.029104,0,2.99999999999994,0.0299999999999997,5.99999999999996,2,1,65,0.5
1082,28734.489769,28733.792436,28733.901103,28734.489769,28741.235096,0,NaN,0,7.00000000000003,1,2,66,0.5
1083,28754.283082,28753.30375,28753.491083,28754.229749,28756.560414,1,2.99999999999994,0.0299999999999997,7.00000000000003,1,2,66,0.5
1084,28761.206409,28760.537076,28760.663743,28761.206409,28769.094401,0,NaN,0,7.00000000000003,1,2,66,0.5
1085,28770.684399,28769.899067,28770.0064,28770.684399,28779.309057,0,NaN,0,7.00000000000003,1,2,66,0.5
1086,28780.698389,28779.90439,28780.047057,28780.645057,28783.77572,0,2.99999999999994,0.0299999999999997,5.99999999999996,2,1,65,0.5
1087,28785.511718,28784.740385,28784.908385,28785.509051,28787.998382,1,2.99999999999994,0.0299999999999997,7.00000000000003,1,2,66,0.5
1088,28789.643714,28788.940381,28789.057048,28789.643714,28796.916373,0,NaN,0,7.00000000000003,1,2,66,0.5
1089,28807.207696,28806.478364,28806.56103,28807.154363,28811.445692,1,2.99999999999994,0.0299999999999997,7.00000000000003,1,2,66,0.5
1090,28813.102357,28812.284358,28812.407691,28813.102357,28813.45569,1,NaN,0,5.99999999999996,2,1,65,0.5
1091,28820.131683,28818.985684,28819.295684,28820.131683,28827.719009,0,NaN,0,7.00000000000003,1,2,66,0.5
1092,28831.070339,28829.969007,28830.16834,28831.017006,28833.473003,0,2.99999999999994,0.0299999999999997,5.99999999999996,2,1,65,0.5
1093,28835.075668,28834.266336,28834.372336,28835.075668,28841.566329,1,NaN,0,5.99999999999996,2,1,65,0.5
1094,28843.68166,28842.990994,28843.06166,28843.68166,28848.876321,0,NaN,0,7.00000000000003,1,2,66,0.5
1095,28850.611653,28849.71432,28850.05632,28850.611653,29276.84856,1,NaN,0,5.99999999999996,2,1,65,0.5
1096,29280.069223,29279.309224,29279.395224,29280.066557,29283.128554,0,2.99999999999994,0.0299999999999997,5.99999999999996,2,1,65,0.5
1097,29285.062552,29284.266552,29284.527219,29285.059885,29285.775884,1,2.99999999999994,0.0299999999999997,7.00000000000003,1,2,66,0.5
1098,29288.241882,29286.90655,29287.067883,29288.241882,29305.191198,0,NaN,0,7.00000000000003,1,2,66,0.5
1099,29308.307862,29305.707198,29305.765198,29308.307862,29314.269856,0,NaN,0,7.00000000000003,1,2,66,0.5
1100,29317.063853,29316.305187,29316.445187,29317.01052,29334.889169,1,2.99999999999994,0.0299999999999997,7.00000000000003,1,2,66,0.5
1101,29336.215167,29335.590501,29335.620501,29336.178501,29340.312496,0,2.99999999999994,0.0299999999999997,5.99999999999996,2,1,65,0.5
1102,29345.509158,29344.369826,29344.687159,29345.455825,29346.72049,0,2.99999999999994,0.0299999999999997,5.99999999999996,2,1,65,0.5
1103,29348.551822,29347.696489,29348.028489,29348.498488,29353.810483,1,2.99999999999994,0.0299999999999997,7.00000000000003,1,2,66,0.5
1104,29357.249146,29356.53048,29356.759147,29357.249146,29366.090471,1,NaN,0,5.99999999999996,2,1,65,0.5
1105,29377.363793,29376.547794,29376.679127,29377.361126,29380.743789,0,2.99999999999994,0.0299999999999997,5.99999999999996,2,1,65,0.5
1106,29383.530453,29382.883787,29383.075787,29383.530453,29383.903786,1,NaN,0,5.99999999999996,2,1,65,0.5
1107,29390.45378,29389.556447,29389.782447,29390.400446,29394.837775,1,2.99999999999994,0.0299999999999997,7.00000000000003,1,2,66,0.5
1108,29397.755106,29396.89644,29397.039106,29397.701772,29401.021102,0,2.99999999999994,0.0299999999999997,5.99999999999996,2,1,65,0.5
1109,29402.796434,29401.851768,29401.927101,29402.743101,29404.163099,1,2.99999999999994,0.0299999999999997,7.00000000000003,1,2,66,0.5
1110,29405.663098,29405.033765,29405.135765,29405.663098,29411.702425,0,NaN,0,7.00000000000003,1,2,66,0.5
1111,29413.332423,29412.771091,29412.874424,29413.332423,29417.450419,1,NaN,0,5.99999999999996,2,1,65,0.5
1112,29421.158416,29420.544416,29420.567083,29421.105082,29424.396412,1,2.99999999999994,0.0299999999999997,7.00000000000003,1,2,66,0.5
1113,29426.163077,29425.221745,29425.409078,29426.109744,29428.642408,0,2.99999999999994,0.0299999999999997,5.99999999999996,2,1,65,0.5
1114,29430.186407,29429.361741,29429.451741,29430.133073,29432.309738,1,2.99999999999994,0.0299999999999997,7.00000000000003,1,2,66,0.5
1115,29434.200403,29433.459737,29433.51507,29434.147069,29436.557067,0,2.99999999999994,0.0299999999999997,5.99999999999996,2,1,65,0.5
1116,29438.053732,29437.389066,29437.577066,29438.053732,29448.457722,1,NaN,0,5.99999999999996,2,1,65,0.5
1117,29450.980386,29450.171053,29450.48772,29450.927052,29451.897051,1,2.99999999999994,0.0299999999999997,7.00000000000003,1,2,66,0.5
1118,29453.506383,29452.795051,29453.02905,29453.506383,29460.497043,0,NaN,0,7.00000000000003,1,2,66,0.5
1119,29464.459039,29463.74304,29464.007706,29464.459039,29473.912363,1,NaN,0,5.99999999999996,2,1,65,0.5
1120,29475.264361,29474.379029,29474.483029,29475.261695,29477.24436,0,2.99999999999994,0.0299999999999997,5.99999999999996,2,1,65,0.5
1121,29479.846357,29478.199025,29478.301692,29479.846357,29487.465016,1,NaN,0,5.99999999999996,2,1,65,0.5
1122,29488.908348,29488.145682,29488.285682,29488.908348,29495.096342,1,NaN,0,5.99999999999996,2,1,65,0.5
1123,29500.093003,29499.233671,29499.427671,29500.090337,29502.792334,0,2.99999999999994,0.0299999999999997,5.99999999999996,2,1,65,0.5
1124,29504.698999,29503.977666,29504.182333,29504.698999,29507.05433,1,NaN,0,5.99999999999996,2,1,65,0.5
1125,29512.556324,29510.912992,29511.976325,29512.556324,29517.083653,0,NaN,0,7.00000000000003,1,2,66,0.5
1126,29520.522316,29519.383651,29519.864317,29520.522316,29531.907638,0,NaN,0,7.00000000000003,1,2,66,0.5
1127,29533.771636,29532.886971,29532.983637,29533.718303,29536.824967,0,2.99999999999994,0.0299999999999997,5.99999999999996,2,1,65,0.5
1128,29538.835631,29538.085632,29538.293632,29538.835631,29545.532291,1,NaN,0,5.99999999999996,2,1,65,0.5
1129,29549.882954,29549.219621,29549.348287,29549.882954,29565.265605,0,NaN,0,7.00000000000003,1,2,66,0.5
1130,29568.025602,29567.334269,29567.444936,29568.025602,29638.954865,0,NaN,0,7.00000000000003,1,2,66,0.5
1131,29640.560863,29639.746864,29639.87753,29640.560863,29659.824844,0,NaN,0,7.00000000000003,1,2,66,0.5
1132,29661.742175,29661.130842,29661.152176,29661.688842,29666.149504,0,2.99999999999994,0.0299999999999997,5.99999999999996,2,1,65,0.5
1133,29667.876169,29667.21017,29667.346836,29667.876169,29693.53681,1,NaN,0,5.99999999999996,2,1,65,0.5
1134,29695.028142,29694.219476,29694.389476,29695.028142,29700.654803,0,NaN,0,7.00000000000003,1,2,66,0.5
1135,29701.980801,29701.260135,29701.472135,29701.980801,29706.867463,0,NaN,0,7.00000000000003,1,2,66,0.5
1136,29708.494795,29707.682796,29707.822796,29708.441462,29715.005455,0,2.99999999999994,0.0299999999999997,5.99999999999996,2,1,65,0.5
1137,29716.451454,29715.764121,29715.806121,29716.39812,29719.456117,1,2.99999999999994,0.0299999999999997,7.00000000000003,1,2,66,0.5
1138,29721.120782,29720.504116,29720.608116,29721.120782,29726.372777,0,NaN,0,7.00000000000003,1,2,66,0.5
1139,29728.013442,29727.274776,29727.424109,29728.013442,29734.498769,0,NaN,0,7.00000000000003,1,2,66,0.5
1140,29737.264766,29736.126101,29736.438767,29737.211433,29739.628097,0,2.99999999999994,0.0299999999999997,5.99999999999996,2,1,65,0.5
1141,29741.488762,29740.801429,29740.965429,29741.488762,29747.463423,1,NaN,0,5.99999999999996,2,1,65,0.5
1142,29749.502087,29748.666755,29748.916088,29749.448754,29752.646751,0,2.99999999999994,0.0299999999999997,5.99999999999996,2,1,65,0.5
1143,29755.078748,29754.126083,29754.502082,29755.078748,29758.043412,1,NaN,0,5.99999999999996,2,1,65,0.5
1144,29763.247407,29762.443408,29762.603407,29763.194074,29765.679404,1,2.99999999999994,0.0299999999999997,7.00000000000003,1,2,66,0.5
1145,29767.605402,29766.62807,29766.916736,29767.552069,29776.95006,0,2.99999999999994,0.0299999999999997,5.99999999999996,2,1,65,0.5
1146,29778.545392,29777.762726,29777.809392,29778.545392,29782.590721,0,NaN,0,7.00000000000003,1,2,66,0.5
1147,29786.068717,29784.990052,29785.034052,29786.066051,29792.974044,0,2.99999999999994,0.0299999999999997,5.99999999999996,2,1,65,0.5
1148,29795.997374,29794.927375,29795.224708,29795.997374,29801.308035,1,NaN,0,5.99999999999996,2,1,65,0.5
1149,29802.9407,29801.978702,29802.204035,29802.9407,29808.762028,1,NaN,0,5.99999999999996,2,1,65,0.5
1150,29812.096691,29810.807359,29810.943359,29812.096691,29818.365352,0,NaN,0,7.00000000000003,1,2,66,0.5
1151,29820.328016,29819.538017,29819.730017,29820.274683,29826.168677,0,2.99999999999994,0.0299999999999997,5.99999999999996,2,1,65,0.5
1152,29828.274008,29827.218009,29827.373343,29828.274008,29835.892667,1,NaN,0,5.99999999999996,2,1,65,0.5
1153,29837.551999,29836.894,29837.002,29837.551999,30011.077826,0,NaN,0,7.00000000000003,1,2,66,0.5
1154,30035.266468,30034.715135,30034.745803,30035.266468,30038.527132,1,NaN,0,5.99999999999996,2,1,65,0.5
1155,30041.932461,30041.227796,30041.279795,30041.879128,30043.383793,1,2.99999999999994,0.0299999999999997,7.00000000000003,1,2,66,0.5
1156,30047.869122,30046.886457,30046.991123,30047.866456,30056.894447,0,2.99999999999994,0.0299999999999997,5.99999999999996,2,1,65,0.5
1157,30059.099111,30058.089112,30058.339778,30059.096444,30061.970441,0,2.99999999999994,0.0299999999999997,5.99999999999996,2,1,65,0.5
1158,30063.81044,30063.001774,30063.173774,30063.81044,30073.781096,1,NaN,0,5.99999999999996,2,1,65,0.5
1159,30075.483095,30074.580429,30074.736429,30075.480428,30079.752424,1,2.99999999999994,0.0299999999999997,7.00000000000003,1,2,66,0.5
1160,30081.631088,30080.792423,30080.960422,30081.631088,30088.437082,0,NaN,0,7.00000000000003,1,2,66,0.5
1161,30090.962412,30089.70308,30089.894414,30090.909079,30093.085744,0,2.99999999999994,0.0299999999999997,5.99999999999996,2,1,65,0.5
1162,30094.754409,30094.126409,30094.182409,30094.754409,30099.326404,1,NaN,0,5.99999999999996,2,1,65,0.5
1163,30101.371735,30100.389736,30100.798403,30101.319069,30104.505732,1,2.99999999999994,0.0299999999999997,7.00000000000003,1,2,66,0.5
1164,30106.220397,30105.386398,30105.589731,30106.220397,30116.132387,0,NaN,0,7.00000000000003,1,2,66,0.5
1165,30118.490385,30117.372386,30117.441719,30118.487718,30121.135721,0,2.99999999999994,0.0299999999999997,5.99999999999996,2,1,65,0.5
1166,30125.820378,30124.935712,30124.997045,30125.820378,30130.33904,1,NaN,0,5.99999999999996,2,1,65,0.5
1167,30145.217692,30144.301026,30144.450359,30145.215025,30150.601686,0,2.99999999999994,0.0299999999999997,5.99999999999996,2,1,65,0.5
1168,30152.063685,30151.331685,30151.388352,30152.010351,30153.885683,1,2.99999999999994,0.0299999999999997,7.00000000000003,1,2,66,0.5
1169,30155.740348,30154.963015,30155.010348,30155.687015,30158.307678,0,2.99999999999994,0.0299999999999997,5.99999999999996,2,1,65,0.5
1170,30160.04901,30159.289677,30159.346344,30159.996343,30162.048341,1,2.99999999999994,0.0299999999999997,7.00000000000003,1,2,66,0.5
1171,30163.945673,30163.195007,30163.33034,30163.945673,30180.347656,0,NaN,0,7.00000000000003,1,2,66,0.5
1172,30677.624492,30674.707829,30674.840495,30677.571159,30713.453123,1,2.99999999999994,0.0299999999999997,7.00000000000003,1,2,66,0.5
1173,30717.641119,30714.371122,30714.497122,30717.587786,30731.299772,1,2.99999999999994,0.0299999999999997,7.00000000000003,1,2,66,0.5
1174,30732.832437,30731.949105,30732.140438,30732.779104,30734.597769,0,2.99999999999994,0.0299999999999997,5.99999999999996,2,1,65,0.5
1175,30736.286434,30735.693768,30735.833768,30736.286434,30739.647098,1,NaN,0,5.99999999999996,2,1,65,0.5
1176,30742.567094,30741.942428,30741.987761,30742.533094,30748.151755,1,2.99999999999994,0.0299999999999997,7.00000000000003,1,2,66,0.5
1177,30749.809087,30748.894421,30749.209088,30749.755754,30753.772416,1,2.99999999999994,0.0299999999999997,7.00000000000003,1,2,66,0.5
1178,30756.596413,30755.873081,30755.960414,30756.596413,30819.54435,0,NaN,0,7.00000000000003,1,2,66,0.5
1179,30820.915682,30820.095017,30820.149017,30820.862349,30822.357014,1,2.99999999999994,0.0299999999999997,7.00000000000003,1,2,66,0.5
1180,30824.353679,30823.521013,30823.54368,30824.351012,30829.859007,0,2.99999999999994,0.0299999999999997,5.99999999999996,2,1,65,0.5
1181,30831.599005,30830.839006,30831.017672,30831.599005,30849.628987,1,NaN,0,5.99999999999996,2,1,65,0.5
1182,30851.931651,30851.003652,30851.150319,30851.931651,30858.120979,0,NaN,0,7.00000000000003,1,2,66,0.5
1183,30859.970977,30859.282977,30859.346311,30859.970977,30864.964305,1,NaN,0,5.99999999999996,2,1,65,0.5
1184,30866.77097,30865.813638,30865.885638,30866.717637,30870.0003,1,2.99999999999994,0.0299999999999997,7.00000000000003,1,2,66,0.5
1185,30873.276297,30872.420298,30872.615631,30873.276297,30880.086957,0,NaN,0,7.00000000000003,1,2,66,0.5
1186,30882.089621,30881.012956,30881.382955,30882.036288,30885.212952,0,2.99999999999994,0.0299999999999997,5.99999999999996,2,1,65,0.5
1187,30887.119616,30886.250951,30886.417617,30887.066283,30889.67228,1,2.99999999999994,0.0299999999999997,7.00000000000003,1,2,66,0.5
1188,30891.592278,30890.839613,30890.896279,30891.538945,30892.648277,0,2.99999999999994,0.0299999999999997,5.99999999999996,2,1,65,0.5
1189,30895.022942,30894.208943,30894.273609,30894.969608,30897.260273,1,2.99999999999994,0.0299999999999997,7.00000000000003,1,2,66,0.5
1190,30899.400937,30898.659605,30898.802938,30899.400937,30902.138935,0,NaN,0,7.00000000000003,1,2,66,0.5
1191,30908.536928,30907.611596,30907.636929,30908.483595,30912.376924,0,2.99999999999994,0.0299999999999997,5.99999999999996,2,1,65,0.5
1192,30914.394256,30913.540257,30913.614923,30914.340922,30916.180921,1,2.99999999999994,0.0299999999999997,7.00000000000003,1,2,66,0.5
1193,30918.370918,30917.583586,30917.612919,30918.370918,30928.292242,0,NaN,0,7.00000000000003,1,2,66,0.5
1194,30930.179573,30929.124241,30929.398907,30930.179573,30934.920902,1,NaN,0,5.99999999999996,2,1,65,0.5
1195,30936.8989,30936.081567,30936.215567,30936.845567,30939.068898,1,2.99999999999994,0.0299999999999997,7.00000000000003,1,2,66,0.5
1196,30941.872895,30940.899562,30940.980896,30941.819562,30943.130227,0,2.99999999999994,0.0299999999999997,5.99999999999996,2,1,65,0.5
1197,30944.944892,30944.042893,30944.294892,30944.944892,30952.145551,1,NaN,0,5.99999999999996,2,1,65,0.5
1198,30954.532216,30953.73155,30953.778216,30954.532216,30959.820877,0,NaN,0,7.00000000000003,1,2,66,0.5
1199,30961.700208,30960.900876,30961.072209,30961.700208,30976.813527,0,NaN,0,7.00000000000003,1,2,66,0.5
1200,30978.513525,30977.644859,30977.702859,30978.513525,30980.353523,1,NaN,0,5.99999999999996,2,1,65,0.5
1201,30988.408182,30986.723517,30986.78085,30988.408182,30997.613506,0,NaN,0,7.00000000000003,1,2,66,0.5
1202,31002.372834,31001.372835,31001.436835,31002.370168,31061.694775,0,2.99999999999994,0.0299999999999997,5.99999999999996,2,1,65,0.5
1203,31063.36944,31062.659441,31062.702774,31063.316107,31123.822046,1,2.99999999999994,0.0299999999999997,7.00000000000003,1,2,66,0.5
1204,31134.514702,31133.27337,31133.342703,31134.461369,31225.321278,0,2.99999999999994,0.0299999999999997,5.99999999999996,2,1,65,0.5
1205,31229.303274,31228.732608,31228.847275,31229.303274,31249.706587,0,NaN,0,7.00000000000003,1,2,66,0.5
1206,31250.960586,31250.24192,31250.37792,31250.960586,31254.539916,0,NaN,0,7.00000000000003,1,2,66,0.5
1207,31259.567244,31258.679245,31258.750578,31259.513911,31262.767242,0,2.99999999999994,0.0299999999999997,5.99999999999996,2,1,65,0.5
1208,31264.210573,31263.500573,31263.670573,31264.210573,31266.54657,1,NaN,0,5.99999999999996,2,1,65,0.5
1209,31271.691232,31270.911899,31271.048566,31271.691232,31278.068559,0,NaN,0,7.00000000000003,1,2,66,0.5
1210,31279.536557,31278.667225,31279.054558,31279.536557,31310.920526,0,NaN,0,7.00000000000003,1,2,66,0.5
1211,31313.494523,31312.666524,31312.810524,31313.494523,31321.338515,0,NaN,0,7.00000000000003,1,2,66,0.5
1212,31322.621847,31321.960515,31322.097181,31322.621847,31323.225847,0,NaN,0,7.00000000000003,1,2,66,0.5
1213,31446.034391,31433.411737,31433.452403,NaN,31451.860385,NaN,NaN,0,5.99999999999996,2,1,65,0.5
1214,31455.102382,31454.507716,31454.564382,31455.102382,31467.835702,1,NaN,0,5.99999999999996,2,1,65,0.5
1215,31469.465034,31468.700368,31468.823035,31469.465034,31478.973024,0,NaN,0,7.00000000000003,1,2,66,0.5
1216,31480.599023,31479.610357,31479.805024,31480.596356,31482.816354,1,2.99999999999994,0.0299999999999997,7.00000000000003,1,2,66,0.5
1217,31485.155018,31484.490352,31484.594352,31485.155018,31665.127505,0,NaN,0,7.00000000000003,1,2,66,0.5
1218,31682.698154,31681.677488,31681.793488,31682.698154,31763.606073,0,NaN,0,7.00000000000003,1,2,66,0.5
1219,31765.602071,31764.859405,31764.902072,31765.548738,31767.303403,0,2.99999999999994,0.0299999999999997,5.99999999999996,2,1,65,0.5
1220,31769.400067,31768.673401,31768.746068,31769.346734,31772.064065,1,2.99999999999994,0.0299999999999997,7.00000000000003,1,2,66,0.5
1221,31774.306729,31773.53073,31773.65273,31774.306729,31777.904725,0,NaN,0,7.00000000000003,1,2,66,0.5
1222,31782.153388,31781.392055,31781.544055,31782.153388,31787.110716,0,NaN,0,7.00000000000003,1,2,66,0.5
1223,31790.34938,31789.60138,31789.840047,31790.34938,31799.016038,0,NaN,0,7.00000000000003,1,2,66,0.5
1224,31800.12137,31799.467371,31799.606037,31800.12137,31807.310696,1,NaN,0,5.99999999999996,2,1,65,0.5
1225,31810.969359,31810.35336,31810.42536,31810.969359,31815.561355,0,NaN,0,7.00000000000003,1,2,66,0.5
1226,31821.544682,31820.957349,31821.019349,31821.544682,31826.40201,1,NaN,0,5.99999999999996,2,1,65,0.5
1227,31828.547342,31827.992009,31828.076009,31828.547342,31832.502004,1,NaN,0,5.99999999999996,2,1,65,0.5
1228,31844.032659,31843.30266,31843.451327,31844.032659,31849.381987,0,NaN,0,7.00000000000003,1,2,66,0.5
1229,31851.149319,31850.288653,31850.629986,31851.149319,31868.267968,0,NaN,0,7.00000000000003,1,2,66,0.5
1230,31870.091967,31869.359301,31869.420634,31870.0893,31874.232629,0,2.99999999999994,0.0299999999999997,5.99999999999996,2,1,65,0.5
1231,31875.914627,31875.289961,31875.363961,31875.899294,31878.040625,1,2.99999999999994,0.0299999999999997,7.00000000000003,1,2,66,0.5
1232,31879.87729,31879.036624,31879.099291,31879.87729,31886.227284,0,NaN,0,7.00000000000003,1,2,66,0.5
1233,31888.683281,31887.695282,31888.091949,31888.629948,31891.620612,1,2.99999999999994,0.0299999999999997,7.00000000000003,1,2,66,0.5
1234,31893.461277,31892.453944,31892.840611,31893.461277,31917.589252,0,NaN,0,7.00000000000003,1,2,66,0.5
1235,31919.830584,31918.764585,31919.056584,31919.830584,31926.70191,1,NaN,0,5.99999999999996,2,1,65,0.5
1236,32132.027038,32127.950375,32128.020375,32132.027038,32218.908285,0,NaN,0,7.00000000000003,1,2,66,0.5
1237,32400.07877,32398.634771,32399.467437,32400.025437,32429.515407,1,2.99999999999994,0.0299999999999997,7.00000000000003,1,2,66,0.5
1238,32436.558734,32435.244068,32435.282735,32436.5054,32439.935397,0,2.99999999999994,0.0299999999999997,5.99999999999996,2,1,65,0.5
1239,32441.945395,32441.138062,32441.219396,32441.892062,32445.368725,1,2.99999999999994,0.0299999999999997,7.00000000000003,1,2,66,0.5
1240,32448.008055,32447.22339,32447.273389,32448.008055,32453.16205,0,NaN,0,7.00000000000003,1,2,66,0.5
1241,32455.686714,32454.636715,32454.721382,32455.633381,32459.241377,0,2.99999999999994,0.0299999999999997,5.99999999999996,2,1,65,0.5
1242,32461.248709,32460.267376,32460.39671,32461.195376,32462.238041,1,2.99999999999994,0.0299999999999997,7.00000000000003,1,2,66,0.5
1243,32464.897372,32463.927373,32464.120039,32464.894705,32467.856702,0,2.99999999999994,0.0299999999999997,5.99999999999996,2,1,65,0.5
1244,32469.676701,32468.919368,32469.034701,32469.623367,32472.901364,1,2.99999999999994,0.0299999999999997,7.00000000000003,1,2,66,0.5
1245,32475.062028,32474.027363,32474.210696,32475.008695,32477.120026,0,2.99999999999994,0.0299999999999997,5.99999999999996,2,1,65,0.5
1246,32479.705357,32478.858025,32478.969358,32479.652024,32482.846687,1,2.99999999999994,0.0299999999999997,7.00000000000003,1,2,66,0.5
1247,32486.704017,32485.916017,32486.088017,32486.650683,32489.66868,0,2.99999999999994,0.0299999999999997,5.99999999999996,2,1,65,0.5
1248,32491.319346,32490.585346,32490.664013,32491.319346,32498.053339,1,NaN,0,5.99999999999996,2,1,65,0.5
1249,32502.991334,32502.198001,32502.214001,32502.991334,32512.102658,0,NaN,0,7.00000000000003,1,2,66,0.5
1250,32513.916656,32513.121324,32513.197324,32513.913989,32517.770652,0,2.99999999999994,0.0299999999999997,5.99999999999996,2,1,65,0.5
1251,32519.749984,32519.027318,32519.115318,32519.749984,32526.742643,1,NaN,0,5.99999999999996,2,1,65,0.5
1252,32529.013308,32528.331308,32528.389975,32529.013308,32533.461303,0,NaN,0,7.00000000000003,1,2,66,0.5
1253,32548.719955,32548.011289,32548.071289,32548.719955,32555.435281,1,NaN,0,5.99999999999996,2,1,65,0.5
1254,32557.939945,32557.198613,32557.277279,32557.939945,32558.466612,1,NaN,0,5.99999999999996,2,1,65,0.5
1255,32566.75127,32565.688604,32565.973937,32566.697937,32577.753926,0,2.99999999999994,0.0299999999999997,5.99999999999996,2,1,65,0.5
1256,32580.453923,32579.709924,32579.789924,32580.453923,32584.952585,1,NaN,0,5.99999999999996,2,1,65,0.5
1257,32587.343249,32586.55525,32586.62725,32587.343249,32593.573243,1,NaN,0,5.99999999999996,2,1,65,0.5
1258,32597.253239,32596.313907,32596.50524,32597.253239,32604.407232,0,NaN,0,7.00000000000003,1,2,66,0.5
1259,32606.262564,32605.439898,32605.603898,32606.262564,32611.468559,1,NaN,0,5.99999999999996,2,1,65,0.5
1260,32613.724556,32612.747891,32613.016557,32613.671223,32618.423218,1,2.99999999999994,0.0299999999999997,7.00000000000003,1,2,66,0.5
1261,32621.229215,32620.121217,32620.337883,32621.175882,32627.263209,0,2.99999999999994,0.0299999999999997,5.99999999999996,2,1,65,0.5
1262,32629.357874,32628.492542,32628.629875,32629.304541,32631.801205,1,2.99999999999994,0.0299999999999997,7.00000000000003,1,2,66,0.5
1263,32634.183869,32633.22187,32633.388537,32634.181203,32640.427196,0,2.99999999999994,0.0299999999999997,5.99999999999996,2,1,65,0.5
1264,32642.067195,32641.266529,32641.455862,32642.067195,32649.100521,1,NaN,0,5.99999999999996,2,1,65,0.5
1265,32653.24385,32652.346518,32652.530518,32653.24385,32662.013841,0,NaN,0,7.00000000000003,1,2,66,0.5
1266,32664.440506,32663.186507,32663.33384,32664.440506,32670.934499,1,NaN,0,5.99999999999996,2,1,65,0.5
1267,32673.848496,32672.803164,32672.839831,32673.848496,32680.857156,1,NaN,0,5.99999999999996,2,1,65,0.5
1268,32682.96582,32682.014488,32682.353154,32682.96582,32688.461148,0,NaN,0,7.00000000000003,1,2,66,0.5
1269,32691.266479,32690.113813,32690.227813,32691.266479,32691.727145,0,NaN,0,7.00000000000003,1,2,66,0.5
1270,32705.013798,32703.6198,32703.660466,32705.013798,32720.511783,1,NaN,0,5.99999999999996,2,1,65,0.5
1271,32722.255781,32721.236449,32721.327115,32722.202448,32727.901775,0,2.99999999999994,0.0299999999999997,5.99999999999996,2,1,65,0.5
1272,32729.889774,32729.109108,32729.162441,32729.889774,32731.331772,1,NaN,0,5.99999999999996,2,1,65,0.5
1273,32737.651766,32736.9091,32736.960433,32737.651766,32792.287711,0,NaN,0,7.00000000000003,1,2,66,0.5
1274,32821.353682,32820.013017,32820.139017,32821.353682,32826.817677,1,NaN,0,5.99999999999996,2,1,65,0.5
1275,32829.563007,32828.938341,32829.015674,32829.557007,32836.235001,1,2.99999999999994,0.0299999999999997,7.00000000000003,1,2,66,0.5
1276,32837.790332,32836.830333,32836.960333,32837.787666,32841.934328,0,2.99999999999994,0.0299999999999997,5.99999999999996,2,1,65,0.5
1277,32844.122326,32843.370993,32843.392327,32844.122326,32852.137651,1,NaN,0,5.99999999999996,2,1,65,0.5
1278,32854.168316,32853.090317,32853.272983,32854.168316,32860.07631,0,NaN,0,7.00000000000003,1,2,66,0.5
1279,32862.417641,32861.544309,32861.827642,32862.364308,32864.612305,1,2.99999999999994,0.0299999999999997,7.00000000000003,1,2,66,0.5
1280,32867.426969,32866.206304,32866.328304,32867.424303,NaN,0,2.99999999999994,0.0299999999999997,5.99999999999996,2,1,65,0.5
