trial,outcome,center_in,center_out,side_in,last_side_out,actions,reward,trial_types,odors,port_side,schedule,odor_name,odor_dur
1,1101.577761,1097.991761,1098.341261,1101.577761,1101.905266,1,NaN,0,5.99999999999996,2,1,65,0.5
2,1118.038261,1109.934261,1110.101264,1117.985266,1177.470266,0,2.99999999999994,0.0299999999999997,5.99999999999996,2,1,65,0.5
3,1196.475761,1192.050263,1193.089761,1196.475761,1202.829761,1,NaN,0,5.99999999999996,2,1,65,0.5
4,1206.609761,1203.381262,1203.588761,1206.609761,1218.772261,1,NaN,0,5.99999999999996,2,1,65,0.5
5,1224.985764,1224.146765,1224.458761,1224.985764,1234.318261,1,NaN,0,5.99999999999996,2,1,65,0.5
6,1251.656761,1248.815262,1250.623261,1251.656761,1256.327261,1,NaN,0,5.99999999999996,2,1,65,0.5
7,1271.395762,1258.773762,1259.742761,NaN,1278.272762,NaN,NaN,0,7.00000000000003,1,2,66,0.5
8,1326.478762,1314.280261,1314.701261,1326.426262,1328.413761,0,2.99999999999994,0.0299999999999997,5.99999999999996,2,1,65,0.5
9,1331.563262,1330.836261,1330.989261,1331.510262,1378.574761,1,2.99999999999994,0.0299999999999997,7.00000000000003,1,2,66,0.5
10,1390.744762,1389.757261,1390.088261,1390.742761,1397.056262,1,2.99999999999994,0.0299999999999997,7.00000000000003,1,2,66,0.5
11,1404.393261,1402.637261,1402.917761,1404.393261,1441.259261,0,NaN,0,7.00000000000003,1,2,66,0.5
12,1465.654261,1462.912762,1463.385762,1465.654261,1466.469261,1,NaN,0,5.99999999999996,2,1,65,0.5
13,1474.718761,1472.768761,1473.209262,1474.665762,1481.850261,0,2.99999999999994,0.0299999999999997,5.99999999999996,2,1,65,0.5
14,1487.217262,1485.119262,1486.340265,1487.164762,1493.646761,1,2.99999999999994,0.0299999999999997,7.00000000000003,1,2,66,0.5
15,1495.923261,1495.116764,1495.506761,1495.923261,1516.075761,0,NaN,0,7.00000000000003,1,2,66,0.5
16,1517.672265,1516.981261,1517.150766,1517.618762,1527.838261,0,2.99999999999994,0.0299999999999997,5.99999999999996,2,1,65,0.5
17,1529.166261,1528.417261,1528.643761,1529.113261,1542.091761,1,2.99999999999994,0.0299999999999997,7.00000000000003,1,2,66,0.5
18,1589.518261,1588.775262,1588.800261,1589.518261,1638.142761,0,NaN,0,7.00000000000003,1,2,66,0.5
19,1655.001261,1654.097761,1654.487262,1654.948761,1657.682761,0,2.99999999999994,0.0299999999999997,5.99999999999996,2,1,65,0.5
20,1662.416763,1661.351762,1661.524262,1662.364262,1669.984261,1,2.99999999999994,0.0299999999999997,7.00000000000003,1,2,66,0.5
21,1672.462756,1671.809761,1671.942261,1672.462756,1677.461261,0,NaN,0,7.00000000000003,1,2,66,0.5
22,1680.939761,1679.466262,1680.483761,1680.939761,1704.265761,0,NaN,0,7.00000000000003,1,2,66,0.5
23,1705.458761,1704.826261,1704.974261,1705.458761,1722.175262,1,NaN,0,5.99999999999996,2,1,65,0.5
24,1725.692761,1725.161261,1725.342262,1725.692761,1729.989262,0,NaN,0,7.00000000000003,1,2,66,0.5
25,1732.777261,1732.153261,1732.391261,1732.777261,2087.985262,0,NaN,0,7.00000000000003,1,2,66,0.5
26,2105.703761,2093.082261,2093.749761,NaN,2121.128261,NaN,NaN,0,7.00000000000003,1,2,66,0.5
27,2124.069761,2122.085261,2122.218761,2124.016262,2135.127762,0,2.99999999999994,0.0299999999999997,5.99999999999996,2,1,65,0.5
28,2136.724762,2135.600261,2135.671762,2136.672261,2148.282761,1,2.99999999999994,0.0299999999999997,7.00000000000003,1,2,66,0.5
29,2150.055761,2149.401761,2149.692761,2150.055761,2155.662262,0,NaN,0,7.00000000000003,1,2,66,0.5
30,2157.967261,2157.258262,2157.484262,2157.967261,2162.118762,0,NaN,0,7.00000000000003,1,2,66,0.5
31,2166.503262,2165.435761,2166.006762,2166.503262,2179.505762,0,NaN,0,7.00000000000003,1,2,66,0.5
32,2181.453762,2180.857262,2180.931261,2181.453762,2457.859762,1,NaN,0,5.99999999999996,2,1,65,0.5
33,2463.491762,2461.892761,2462.000761,2463.438762,2467.067261,1,2.99999999999994,0.0299999999999997,7.00000000000003,1,2,66,0.5
34,2488.889762,2488.012761,2488.358261,2488.837261,2499.211761,1,2.99999999999994,0.0299999999999997,7.00000000000003,1,2,66,0.5
35,2500.916766,2500.312761,2500.516265,2500.864262,2505.333762,0,2.99999999999994,0.0299999999999997,5.99999999999996,2,1,65,0.5
36,2513.826765,2511.987762,2513.091761,2513.773761,2537.999261,1,2.99999999999994,0.0299999999999997,7.00000000000003,1,2,66,0.5
37,2542.249761,2541.620761,2541.719262,2542.197262,2569.028761,0,2.99999999999994,0.0299999999999997,5.99999999999996,2,1,65,0.5
38,2570.967261,2569.709261,2569.934761,2570.967261,2581.423261,1,NaN,0,5.99999999999996,2,1,65,0.5
39,2584.517262,2582.741761,2583.329262,2584.517262,2593.057765,1,NaN,0,5.99999999999996,2,1,65,0.5
40,2595.318761,2594.008262,2594.893761,2595.318761,2600.182261,0,NaN,0,7.00000000000003,1,2,66,0.5
41,2602.180762,2601.445261,2601.734761,2602.127762,2624.002261,0,2.99999999999994,0.0299999999999997,5.99999999999996,2,1,65,0.5
42,2626.274763,2625.676261,2625.828262,2626.274763,2638.865261,0,NaN,0,7.00000000000003,1,2,66,0.5
43,2643.308761,2641.888762,2642.397261,2643.308761,2648.593762,0,NaN,0,7.00000000000003,1,2,66,0.5
44,2650.885761,2649.783261,2650.308761,2650.833761,2668.451761,1,2.99999999999994,0.0299999999999997,7.00000000000003,1,2,66,0.5
45,2673.385262,2672.594262,2672.917761,2673.385262,2875.713762,0,NaN,0,7.00000000000003,1,2,66,0.5
46,2878.491761,2877.852762,2878.053761,2878.491761,2886.441261,0,NaN,0,7.00000000000003,1,2,66,0.5
47,2889.092262,2888.468761,2888.635262,2889.059761,2907.560261,1,2.99999999999994,0.0299999999999997,7.00000000000003,1,2,66,0.5
48,2910.316762,2909.692761,2909.824762,2910.283261,2916.903761,0,2.99999999999994,0.0299999999999997,5.99999999999996,2,1,65,0.5
49,2918.055761,2917.507261,2917.561761,2918.002762,2927.790263,1,2.99999999999994,0.0299999999999997,7.00000000000003,1,2,66,0.5
50,2929.830761,2929.193761,2929.411762,2929.830761,2937.061762,0,NaN,0,7.00000000000003,1,2,66,0.5
51,2959.720761,2958.884761,2959.068762,2959.720761,3034.577761,0,NaN,0,7.00000000000003,1,2,66,0.5
52,3037.396266,3036.731265,3036.886765,3037.343761,3041.334762,0,2.99999999999994,0.0299999999999997,5.99999999999996,2,1,65,0.5
53,3091.961761,3090.989261,3091.137262,3091.908262,3099.002262,1,2.99999999999994,0.0299999999999997,7.00000000000003,1,2,66,0.5
54,3132.980263,3132.302762,3132.488261,3132.980263,3384.330262,0,NaN,0,7.00000000000003,1,2,66,0.5
55,3388.809263,3387.877262,3388.343261,3388.809263,3409.451761,0,NaN,0,7.00000000000003,1,2,66,0.5
56,3412.713261,3410.842261,3411.248761,3412.660762,3418.757761,0,2.99999999999994,0.0299999999999997,5.99999999999996,2,1,65,0.5
57,3421.216761,3419.491261,3419.857262,3421.216761,3427.390761,1,NaN,0,5.99999999999996,2,1,65,0.5
58,3429.736262,3428.548761,3429.274762,3429.736262,3445.917262,1,NaN,0,5.99999999999996,2,1,65,0.5
59,3447.059261,3446.513761,3446.551762,3447.005762,3459.132261,1,2.99999999999994,0.0299999999999997,7.00000000000003,1,2,66,0.5
60,3462.552261,3461.857261,3461.993261,3462.552261,3486.734261,0,NaN,0,7.00000000000003,1,2,66,0.5
61,3488.453761,3487.542261,3487.803261,3488.400262,3500.845261,0,2.99999999999994,0.0299999999999997,5.99999999999996,2,1,65,0.5
62,3502.674262,3501.886763,3502.091761,3502.674262,3512.944261,0,NaN,0,7.00000000000003,1,2,66,0.5
63,3516.777261,3515.935265,3516.239261,3516.725261,3529.897261,1,2.99999999999994,0.0299999999999997,7.00000000000003,1,2,66,0.5
64,3533.324761,3532.644262,3532.853762,3533.324761,3855.234761,0,NaN,0,7.00000000000003,1,2,66,0.5
65,3856.592262,3855.865261,3856.073262,3856.539764,3860.900762,1,2.99999999999994,0.0299999999999997,7.00000000000003,1,2,66,0.5
66,3862.997261,3862.068261,3862.444261,3862.944762,3880.509263,1,2.99999999999994,0.0299999999999997,7.00000000000003,1,2,66,0.5
67,3882.856261,3882.058763,3882.251261,3882.856261,3925.092761,0,NaN,0,7.00000000000003,1,2,66,0.5
68,3926.827262,3925.614261,3925.781261,3926.827262,3934.299761,1,NaN,0,5.99999999999996,2,1,65,0.5
69,3936.268761,3935.383261,3935.854762,3936.268761,3948.797262,0,NaN,0,7.00000000000003,1,2,66,0.5
70,3950.022261,3949.300263,3949.446263,3949.968762,3977.944761,1,2.99999999999994,0.0299999999999997,7.00000000000003,1,2,66,0.5
71,3980.490763,3979.775261,3979.866761,3980.490763,3987.695761,0,NaN,0,7.00000000000003,1,2,66,0.5
72,3989.420766,3988.550261,3988.828761,3989.368261,4057.190261,1,2.99999999999994,0.0299999999999997,7.00000000000003,1,2,66,0.5
73,4071.200761,4069.854761,4070.450761,4071.147261,4126.714261,1,2.99999999999994,0.0299999999999997,7.00000000000003,1,2,66,0.5
74,4500.567761,4499.787261,4500.084263,4500.567761,4520.531262,0,NaN,0,7.00000000000003,1,2,66,0.5
75,4522.341261,4521.623761,4521.813761,4522.341261,4526.658761,0,NaN,0,7.00000000000003,1,2,66,0.5
76,4529.861265,4528.571261,4529.222262,4529.808261,4555.462261,0,2.99999999999994,0.0299999999999997,5.99999999999996,2,1,65,0.5
77,4577.642761,4576.798761,4576.948761,4577.589761,4595.376761,1,2.99999999999994,0.0299999999999997,7.00000000000003,1,2,66,0.5
78,4598.422762,4597.551761,4597.765761,4598.369761,4629.501762,1,2.99999999999994,0.0299999999999997,7.00000000000003,1,2,66,0.5
79,4642.045762,4641.421761,4641.505762,4642.028761,4642.783763,1,2.99999999999994,0.0299999999999997,7.00000000000003,1,2,66,0.5
80,4648.647761,4644.707761,4644.744762,4648.645761,4655.559262,0,2.99999999999994,0.0299999999999997,5.99999999999996,2,1,65,0.5
81,4660.710761,4659.472762,4660.082261,4660.657761,4705.947261,1,2.99999999999994,0.0299999999999997,7.00000000000003,1,2,66,0.5
82,4709.902263,4709.069261,4709.094761,4709.902263,4714.835261,0,NaN,0,7.00000000000003,1,2,66,0.5
83,4716.431262,4715.825761,4715.974261,4716.431262,4723.997761,0,NaN,0,7.00000000000003,1,2,66,0.5
84,4726.353761,4725.756762,4725.814266,4726.300761,4728.777261,1,2.99999999999994,0.0299999999999997,7.00000000000003,1,2,66,0.5
85,4730.600761,4729.981762,4730.220262,4730.600761,4740.867261,0,NaN,0,7.00000000000003,1,2,66,0.5
86,4811.182761,4810.451261,4810.618261,4811.182761,4892.082261,0,NaN,0,7.00000000000003,1,2,66,0.5
87,4893.667761,4892.781261,4892.925261,4893.614762,4936.191762,0,2.99999999999994,0.0299999999999997,5.99999999999996,2,1,65,0.5
88,4937.692761,4936.977762,4937.101761,4937.640761,4947.569761,0,2.99999999999994,0.0299999999999997,5.99999999999996,2,1,65,0.5
89,4949.406761,4948.335262,4948.494261,4949.354262,5919.756261,1,2.99999999999994,0.0299999999999997,7.00000000000003,1,2,66,0.5
90,5921.483262,5920.565261,5920.675261,5921.483262,5930.995261,0,NaN,0,7.00000000000003,1,2,66,0.5
91,5932.659761,5931.664761,5931.744761,5932.659761,5942.563266,1,NaN,0,5.99999999999996,2,1,65,0.5
92,5944.739263,5944.049761,5944.159762,5944.739263,5953.147261,0,NaN,0,7.00000000000003,1,2,66,0.5
93,5957.497262,5956.201262,5956.266262,5957.444265,6023.893761,0,2.99999999999994,0.0299999999999997,5.99999999999996,2,1,65,0.5
94,6031.352263,6030.667761,6030.715261,6031.352263,6033.442261,1,NaN,0,5.99999999999996,2,1,65,0.5
95,6038.281261,6036.896761,6037.114261,6038.228762,6047.039761,0,2.99999999999994,0.0299999999999997,5.99999999999996,2,1,65,0.5
96,6048.769261,6047.979261,6048.046266,6048.769261,6052.905761,1,NaN,0,5.99999999999996,2,1,65,0.5
97,6056.732761,6055.418261,6056.208261,6056.732761,6081.250261,1,NaN,0,5.99999999999996,2,1,65,0.5
98,6112.975766,6111.900261,6111.961761,6112.975766,6120.878761,0,NaN,0,7.00000000000003,1,2,66,0.5
99,6122.632761,6121.736761,6122.057261,6122.580261,6130.789762,0,2.99999999999994,0.0299999999999997,5.99999999999996,2,1,65,0.5
100,6133.159262,6132.254761,6132.609762,6133.106261,6134.741761,0,2.99999999999994,0.0299999999999997,5.99999999999996,2,1,65,0.5
101,6136.976261,6135.839261,6136.446762,6136.922762,6142.981762,1,2.99999999999994,0.0299999999999997,7.00000000000003,1,2,66,0.5
102,6145.327761,6144.195261,6144.798258,6145.327761,6159.062262,0,NaN,0,7.00000000000003,1,2,66,0.5
103,6163.271762,6162.495762,6162.752261,6163.218262,6175.441762,0,2.99999999999994,0.0299999999999997,5.99999999999996,2,1,65,0.5
104,6179.065762,6178.243261,6178.637262,6179.065762,6217.904262,0,NaN,0,7.00000000000003,1,2,66,0.5
105,6219.322262,6218.543761,6218.708261,6219.269262,6223.922261,0,2.99999999999994,0.0299999999999997,5.99999999999996,2,1,65,0.5
106,6227.388762,6226.637761,6226.814761,6227.336261,6258.653762,1,2.99999999999994,0.0299999999999997,7.00000000000003,1,2,66,0.5
107,6260.071761,6259.448262,6259.487261,6260.065762,6288.391261,0,2.99999999999994,0.0299999999999997,5.99999999999996,2,1,65,0.5
108,6290.328263,6289.733262,6289.819761,6290.328263,6326.940761,0,NaN,0,7.00000000000003,1,2,66,0.5
109,6328.439262,6327.653762,6327.742261,6328.439262,6376.322762,1,NaN,0,5.99999999999996,2,1,65,0.5
110,6377.976761,6377.219261,6377.412762,6377.976761,6384.314262,0,NaN,0,7.00000000000003,1,2,66,0.5
111,6386.512261,6385.269761,6385.526264,6386.512261,6392.010263,1,NaN,0,5.99999999999996,2,1,65,0.5
112,6394.048261,6393.131762,6393.499261,6393.995261,6398.882261,1,2.99999999999994,0.0299999999999997,7.00000000000003,1,2,66,0.5
113,6401.449261,6400.615261,6400.841263,6401.397261,6407.161761,0,2.99999999999994,0.0299999999999997,5.99999999999996,2,1,65,0.5
114,6410.151262,6409.288761,6409.706761,6410.151262,6413.958261,0,NaN,0,7.00000000000003,1,2,66,0.5
115,6416.609261,6415.736261,6416.088261,6416.556762,6431.861261,0,2.99999999999994,0.0299999999999997,5.99999999999996,2,1,65,0.5
116,6434.753261,6434.010263,6434.214261,6434.753261,6760.426761,1,NaN,0,5.99999999999996,2,1,65,0.5
117,6762.572262,6761.883262,6761.929761,6762.519265,6768.153761,0,2.99999999999994,0.0299999999999997,5.99999999999996,2,1,65,0.5
118,6772.500764,6771.772761,6771.844261,6772.500764,6801.272761,1,NaN,0,5.99999999999996,2,1,65,0.5
119,6803.202761,6802.621261,6802.746761,6803.202761,6810.698261,0,NaN,0,7.00000000000003,1,2,66,0.5
120,6812.174761,6811.253761,6811.622264,6812.174761,6815.354762,0,NaN,0,7.00000000000003,1,2,66,0.5
121,6818.573266,6817.868766,6818.090262,6818.520761,6825.718262,0,2.99999999999994,0.0299999999999997,5.99999999999996,2,1,65,0.5
122,6837.566761,6836.310763,6836.494262,6837.566761,6898.022261,1,NaN,0,5.99999999999996,2,1,65,0.5
123,6899.369261,6898.745761,6898.825761,6899.317262,6924.291761,0,2.99999999999994,0.0299999999999997,5.99999999999996,2,1,65,0.5
124,6935.626761,6934.646261,6934.963761,6935.574262,6947.706261,1,2.99999999999994,0.0299999999999997,7.00000000000003,1,2,66,0.5
125,6949.350761,6948.622261,6948.916762,6949.350761,6952.910261,0,NaN,0,7.00000000000003,1,2,66,0.5
126,6957.563261,6955.499261,6956.964761,6957.510766,6962.461761,0,2.99999999999994,0.0299999999999997,5.99999999999996,2,1,65,0.5
127,6964.554761,6963.519761,6963.561761,6964.554761,6971.316761,1,NaN,0,5.99999999999996,2,1,65,0.5
128,6973.334763,6972.573761,6972.842762,6973.334763,6976.834761,0,NaN,0,7.00000000000003,1,2,66,0.5
129,6979.738762,6978.98376,6979.263261,6979.685761,6987.353261,0,2.99999999999994,0.0299999999999997,5.99999999999996,2,1,65,0.5
130,6991.480761,6990.408262,6990.880761,6991.428262,7003.381266,1,2.99999999999994,0.0299999999999997,7.00000000000003,1,2,66,0.5
131,7007.265266,7006.303261,7006.739262,7007.212762,7015.632761,0,2.99999999999994,0.0299999999999997,5.99999999999996,2,1,65,0.5
132,7017.259763,7016.500261,7016.740762,7017.259763,7023.077763,1,NaN,0,5.99999999999996,2,1,65,0.5
133,7026.746261,7024.320761,7025.536761,7026.693261,7052.751765,1,2.99999999999994,0.0299999999999997,7.00000000000003,1,2,66,0.5
134,7054.672261,7053.944261,7054.019261,7054.619261,7067.091762,0,2.99999999999994,0.0299999999999997,5.99999999999996,2,1,65,0.5
135,7068.891761,7068.007261,7068.054261,7068.891761,7076.632761,0,NaN,0,7.00000000000003,1,2,66,0.5
136,7078.116261,7077.336761,7077.579261,7078.116261,7081.848762,0,NaN,0,7.00000000000003,1,2,66,0.5
137,7084.761261,7084.011761,7084.305261,7084.761261,7095.397262,0,NaN,0,7.00000000000003,1,2,66,0.5
138,7096.696261,7095.924261,7096.096261,7096.696261,7103.223261,0,NaN,0,7.00000000000003,1,2,66,0.5
139,7105.663261,7103.874761,7104.912261,7105.610262,7262.060762,1,2.99999999999994,0.0299999999999997,7.00000000000003,1,2,66,0.5
140,7270.147762,7269.072261,7269.478261,7270.147762,7270.843762,0,NaN,0,7.00000000000003,1,2,66,0.5
141,7284.246761,7283.024761,7283.436262,7284.194261,7286.337761,1,2.99999999999994,0.0299999999999997,7.00000000000003,1,2,66,0.5
142,7288.372261,7287.544762,7287.673261,7288.372261,7295.595765,0,NaN,0,7.00000000000003,1,2,66,0.5
143,7298.491762,7297.619762,7297.673761,7298.491762,8699.024262,1,NaN,0,5.99999999999996,2,1,65,0.5
144,8721.793761,8720.934761,8721.089761,8721.740261,8731.304762,0,2.99999999999994,0.0299999999999997,5.99999999999996,2,1,65,0.5
145,8742.099761,8737.803261,8737.945261,8742.047261,8753.926261,1,2.99999999999994,0.0299999999999997,7.00000000000003,1,2,66,0.5
146,8760.136761,8759.426762,8759.541761,8760.136761,8828.502761,0,NaN,0,7.00000000000003,1,2,66,0.5
147,8830.752261,8830.105261,8830.390261,8830.752261,8835.895261,0,NaN,0,7.00000000000003,1,2,66,0.5
148,8848.871261,8836.249763,8836.669261,NaN,8877.437762,NaN,NaN,0,5.99999999999996,2,1,65,0.5
149,8898.756762,8898.024262,8898.326262,8898.703761,8915.412761,0,2.99999999999994,0.0299999999999997,5.99999999999996,2,1,65,0.5
150,8923.487261,8922.873262,8922.919261,8923.434761,8969.209261,0,2.99999999999994,0.0299999999999997,5.99999999999996,2,1,65,0.5
151,8972.594761,8971.970261,8972.102763,8972.553262,8985.616762,0,2.99999999999994,0.0299999999999997,5.99999999999996,2,1,65,0.5
152,8995.318761,8994.695761,8994.850261,8995.298263,8999.147261,1,2.99999999999994,0.0299999999999997,7.00000000000003,1,2,66,0.5
153,9000.497262,9000.028762,9000.103265,9000.497262,9003.476261,0,NaN,0,7.00000000000003,1,2,66,0.5
154,9009.906261,9009.127262,9009.400762,9009.906261,9022.326261,1,NaN,0,5.99999999999996,2,1,65,0.5
155,9023.927261,9023.303262,9023.412762,9023.875262,9031.994765,0,2.99999999999994,0.0299999999999997,5.99999999999996,2,1,65,0.5
156,9035.680261,9034.863262,9035.056261,9035.680261,9208.926261,1,NaN,0,5.99999999999996,2,1,65,0.5
157,9211.909261,9211.089261,9211.375761,9211.856761,9280.022261,1,2.99999999999994,0.0299999999999997,7.00000000000003,1,2,66,0.5
158,9282.179262,9280.923261,9280.985261,9282.126762,9286.525262,0,2.99999999999994,0.0299999999999997,5.99999999999996,2,1,65,0.5
159,9288.438762,9287.658761,9287.784761,9288.438762,9288.869761,1,NaN,0,5.99999999999996,2,1,65,0.5
160,9301.153761,9300.237761,9300.380762,9301.100762,9316.274762,0,2.99999999999994,0.0299999999999997,5.99999999999996,2,1,65,0.5
161,9317.992761,9317.19526,9317.22026,9317.939261,9321.987261,0,2.99999999999994,0.0299999999999997,5.99999999999996,2,1,65,0.5
162,9324.635762,9323.841261,9323.994761,9324.583261,9334.210261,1,2.99999999999994,0.0299999999999997,7.00000000000003,1,2,66,0.5
163,9337.217766,9336.098261,9336.413762,9337.164761,9345.967761,0,2.99999999999994,0.0299999999999997,5.99999999999996,2,1,65,0.5
164,9348.797261,9348.107761,9348.195261,9348.744262,9353.784761,0,2.99999999999994,0.0299999999999997,5.99999999999996,2,1,65,0.5
165,9356.972762,9356.079265,9356.334261,9356.972762,9361.286761,1,NaN,0,5.99999999999996,2,1,65,0.5
166,9364.311762,9363.499761,9363.641261,9364.259262,9823.150763,1,2.99999999999994,0.0299999999999997,7.00000000000003,1,2,66,0.5
167,9826.423763,9825.800761,9825.825261,9826.404261,9831.344262,1,2.99999999999994,0.0299999999999997,7.00000000000003,1,2,66,0.5
168,9833.207762,9832.474762,9832.673261,9833.154262,9837.548761,0,2.99999999999994,0.0299999999999997,5.99999999999996,2,1,65,0.5
169,9843.845262,9842.832261,9842.894762,9843.845262,9850.237261,1,NaN,0,5.99999999999996,2,1,65,0.5
170,9852.740762,9851.093262,9851.604261,9852.687261,9857.966261,0,2.99999999999994,0.0299999999999997,5.99999999999996,2,1,65,0.5
171,9862.390761,9861.560761,9861.742262,9862.338265,9878.316256,1,2.99999999999994,0.0299999999999997,7.00000000000003,1,2,66,0.5
172,9880.453263,9879.514261,9879.820262,9880.400262,9885.455764,0,2.99999999999994,0.0299999999999997,5.99999999999996,2,1,65,0.5
173,9887.379761,9886.276761,9886.440261,9887.327261,9894.269261,1,2.99999999999994,0.0299999999999997,7.00000000000003,1,2,66,0.5
174,9895.789261,9894.877261,9895.166761,9895.789261,9902.052262,1,NaN,0,5.99999999999996,2,1,65,0.5
175,9907.958761,9904.519761,9906.635762,9907.906261,9926.399262,1,2.99999999999994,0.0299999999999997,7.00000000000003,1,2,66,0.5
176,9929.298261,9927.974762,9928.157762,9929.245761,9935.053261,0,2.99999999999994,0.0299999999999997,5.99999999999996,2,1,65,0.5
177,9938.240761,9937.246262,9937.577762,9938.240761,9943.725762,1,NaN,0,5.99999999999996,2,1,65,0.5
178,9946.235761,9944.853262,9944.879762,9946.182761,10001.932761,1,2.99999999999994,0.0299999999999997,7.00000000000003,1,2,66,0.5
179,10005.013762,10004.307762,10004.485761,10005.013762,10009.663756,1,NaN,0,5.99999999999996,2,1,65,0.5
180,10011.734264,10011.033761,10011.187262,10011.734264,10017.918762,1,NaN,0,5.99999999999996,2,1,65,0.5
181,10020.493761,10019.079261,10019.912261,10020.493761,10027.135261,0,NaN,0,7.00000000000003,1,2,66,0.5
182,10031.293263,10030.508261,10030.714761,10031.293263,10036.603261,1,NaN,0,5.99999999999996,2,1,65,0.5
183,10080.244761,10079.494761,10079.647762,10080.244761,10113.606761,0,NaN,0,7.00000000000003,1,2,66,0.5
184,10137.234261,10136.443261,10136.494261,10137.181266,10140.924262,0,2.99999999999994,0.0299999999999997,5.99999999999996,2,1,65,0.5
185,10147.540762,10146.516261,10146.809761,10147.487761,10158.624261,1,2.99999999999994,0.0299999999999997,7.00000000000003,1,2,66,0.5
186,10162.171762,10161.548261,10161.605761,10162.142261,10193.797261,1,2.99999999999994,0.0299999999999997,7.00000000000003,1,2,66,0.5
187,10196.163761,10194.990261,10195.491261,10196.111261,10221.153761,1,2.99999999999994,0.0299999999999997,7.00000000000003,1,2,66,0.5
188,10223.779261,10222.417762,10222.740762,10223.779261,10224.217762,1,NaN,0,5.99999999999996,2,1,65,0.5
189,10674.087261,10672.861262,10673.009766,10674.034263,10678.945261,1,2.99999999999994,0.0299999999999997,7.00000000000003,1,2,66,0.5
190,10690.342263,10689.132762,10689.213261,10690.342263,10696.012262,1,NaN,0,5.99999999999996,2,1,65,0.5
191,10698.248761,10697.240761,10697.328762,10698.248761,10758.096762,1,NaN,0,5.99999999999996,2,1,65,0.5
192,10761.996761,10761.109262,10761.147761,10761.944261,10765.764761,0,2.99999999999994,0.0299999999999997,5.99999999999996,2,1,65,0.5
193,10769.802761,10768.981266,10769.271762,10769.802761,10797.563262,0,NaN,0,7.00000000000003,1,2,66,0.5
194,10804.007261,10803.327261,10803.401761,10804.007261,10823.923762,1,NaN,0,5.99999999999996,2,1,65,0.5
195,10825.834762,10825.210261,10825.239761,10825.834762,10829.541261,1,NaN,0,5.99999999999996,2,1,65,0.5
196,10833.772761,10832.633762,10833.140762,10833.772761,10839.908761,1,NaN,0,5.99999999999996,2,1,65,0.5
197,10843.406761,10842.244261,10842.787261,10843.406761,10849.010761,1,NaN,0,5.99999999999996,2,1,65,0.5
198,10851.694761,10850.844762,10851.058762,10851.642261,10860.968761,1,2.99999999999994,0.0299999999999997,7.00000000000003,1,2,66,0.5
199,10865.182262,10864.136762,10864.264762,10865.129262,10873.442261,0,2.99999999999994,0.0299999999999997,5.99999999999996,2,1,65,0.5
200,10880.481263,10879.133262,10879.607261,10880.428264,10883.556261,0,2.99999999999994,0.0299999999999997,5.99999999999996,2,1,65,0.5
201,10885.480763,10884.293762,10884.812261,10885.480763,10887.540762,1,NaN,0,5.99999999999996,2,1,65,0.5
202,10893.284761,10892.073266,10892.490761,10893.231762,11762.958261,1,2.99999999999994,0.0299999999999997,7.00000000000003,1,2,66,0.5
203,11767.445764,11766.504261,11766.745261,11767.445764,11772.817761,1,NaN,0,5.99999999999996,2,1,65,0.5
204,11774.542262,11773.534261,11773.839761,11774.490261,11775.812261,1,2.99999999999994,0.0299999999999997,7.00000000000003,1,2,66,0.5
205,11781.730761,11780.644262,11781.074762,11781.677765,12965.715761,0,2.99999999999994,0.0299999999999997,5.99999999999996,2,1,65,0.5
206,12968.304761,12967.253763,12967.379261,12968.252261,12969.199761,0,2.99999999999994,0.0299999999999997,5.99999999999996,2,1,65,0.5
207,12972.504261,12971.476761,12971.525262,12972.451261,12975.727762,1,2.99999999999994,0.0299999999999997,7.00000000000003,1,2,66,0.5
208,12977.360761,12976.532761,12976.633761,12977.360761,13088.248766,1,NaN,0,5.99999999999996,2,1,65,0.5
209,13094.348761,13093.667762,13093.762762,13094.348761,13129.719761,1,NaN,0,5.99999999999996,2,1,65,0.5
210,13141.652262,13140.743262,13141.049762,13141.599261,13233.268261,1,2.99999999999994,0.0299999999999997,7.00000000000003,1,2,66,0.5
211,13241.455261,13240.492765,13240.689261,13241.402261,13250.152262,1,2.99999999999994,0.0299999999999997,7.00000000000003,1,2,66,0.5
212,13252.299761,13251.680761,13251.718762,13252.246762,13270.852256,0,2.99999999999994,0.0299999999999997,5.99999999999996,2,1,65,0.5
213,13282.407762,13281.607261,13281.757761,13282.407762,13310.405762,1,NaN,0,5.99999999999996,2,1,65,0.5
214,13846.085261,13845.155261,13845.278761,13846.082261,13849.914261,0,2.99999999999994,0.0299999999999997,5.99999999999996,2,1,65,0.5
215,13852.409262,13851.316256,13851.499261,13852.406762,13861.307261,1,2.99999999999994,0.0299999999999997,7.00000000000003,1,2,66,0.5
216,13863.518761,13862.425261,13862.640762,13863.465262,13870.889261,0,2.99999999999994,0.0299999999999997,5.99999999999996,2,1,65,0.5
217,13873.503266,13872.095761,13872.195261,13873.503266,13884.450261,1,NaN,0,5.99999999999996,2,1,65,0.5
218,13887.784261,13886.906761,13887.066761,13887.784261,13891.001761,0,NaN,0,7.00000000000003,1,2,66,0.5
219,13895.104261,13894.128762,13894.434761,13895.104261,13898.853762,0,NaN,0,7.00000000000003,1,2,66,0.5
220,13902.676761,13901.815262,13902.003761,13902.624262,13937.032257,0,2.99999999999994,0.0299999999999997,5.99999999999996,2,1,65,0.5
221,13938.229262,13937.670761,13937.788761,13938.229262,13944.338762,0,NaN,0,7.00000000000003,1,2,66,0.5
222,13946.973261,13946.137264,13946.306261,13946.973261,13956.676761,0,NaN,0,7.00000000000003,1,2,66,0.5
223,13958.965261,13957.964761,13958.475761,13958.965261,13965.846262,0,NaN,0,7.00000000000003,1,2,66,0.5
224,13969.256762,13966.844761,13967.936762,13969.204261,13985.867761,1,2.99999999999994,0.0299999999999997,7.00000000000003,1,2,66,0.5
225,13995.740762,13994.911262,13995.126261,13995.738261,14004.963761,0,2.99999999999994,0.0299999999999997,5.99999999999996,2,1,65,0.5
226,14006.932262,14006.177262,14006.389261,14006.879762,14017.561261,0,2.99999999999994,0.0299999999999997,5.99999999999996,2,1,65,0.5
227,14025.939762,14024.770264,14025.116761,14025.887761,14042.006266,1,2.99999999999994,0.0299999999999997,7.00000000000003,1,2,66,0.5
228,14044.254761,14043.196761,14043.635761,14044.254761,14050.031761,0,NaN,0,7.00000000000003,1,2,66,0.5
229,14051.955761,14051.159262,14051.398762,14051.955761,14057.202261,0,NaN,0,7.00000000000003,1,2,66,0.5
230,14059.491761,14058.561766,14058.784256,14059.439261,14063.652261,1,2.99999999999994,0.0299999999999997,7.00000000000003,1,2,66,0.5
231,14065.530762,14064.541761,14064.935765,14065.530762,14071.395266,0,NaN,0,7.00000000000003,1,2,66,0.5
232,14073.685266,14072.348761,14072.965266,14073.631762,14104.036266,1,2.99999999999994,0.0299999999999997,7.00000000000003,1,2,66,0.5
233,14106.108261,14105.153262,14105.447761,14106.108261,14113.676261,0,NaN,0,7.00000000000003,1,2,66,0.5
234,14117.310761,14116.463263,14116.713761,14117.310761,14122.591261,0,NaN,0,7.00000000000003,1,2,66,0.5
235,14126.206263,14124.898261,14125.418262,14126.153761,14137.063261,0,2.99999999999994,0.0299999999999997,5.99999999999996,2,1,65,0.5
236,14138.789761,14137.974261,14138.115759,14138.789761,14144.782261,1,NaN,0,5.99999999999996,2,1,65,0.5
237,14147.813261,14146.578762,14146.822262,14147.813261,14151.682761,0,NaN,0,7.00000000000003,1,2,66,0.5
238,14154.867761,14153.566762,14153.799261,14154.867761,14161.457262,1,NaN,0,5.99999999999996,2,1,65,0.5
239,14165.465762,14164.571761,14164.834761,14165.465762,14186.742761,0,NaN,0,7.00000000000003,1,2,66,0.5
240,14188.533263,14187.685762,14187.901261,14188.480261,14205.787261,0,2.99999999999994,0.0299999999999997,5.99999999999996,2,1,65,0.5
241,14213.821761,14213.060261,14213.301264,14213.821761,14216.877761,0,NaN,0,7.00000000000003,1,2,66,0.5
242,14224.067765,14223.310762,14223.467261,14224.067765,14230.125762,0,NaN,0,7.00000000000003,1,2,66,0.5
243,14233.510262,14232.719261,14232.870762,14233.508261,14235.374261,1,2.99999999999994,0.0299999999999997,7.00000000000003,1,2,66,0.5
244,14237.554761,14236.689261,14237.014262,14237.554761,14243.999262,0,NaN,0,7.00000000000003,1,2,66,0.5
245,14247.035761,14245.886261,14246.354761,14246.983262,14285.240262,1,2.99999999999994,0.0299999999999997,7.00000000000003,1,2,66,0.5
246,14287.157264,14286.372761,14286.500761,14287.103761,14306.191261,0,2.99999999999994,0.0299999999999997,5.99999999999996,2,1,65,0.5
247,14506.463262,14505.536262,14505.747761,14506.410761,14517.725261,0,2.99999999999994,0.0299999999999997,5.99999999999996,2,1,65,0.5
248,14521.794261,14521.002261,14521.217262,14521.794261,14525.345761,0,NaN,0,7.00000000000003,1,2,66,0.5
249,14529.170261,14528.145262,14528.412761,14529.170261,14536.991261,0,NaN,0,7.00000000000003,1,2,66,0.5
250,14539.989761,14538.812761,14539.108761,14539.936762,14543.406262,0,2.99999999999994,0.0299999999999997,5.99999999999996,2,1,65,0.5
251,14545.088261,14544.177761,14544.406262,14545.088261,14553.223261,1,NaN,0,5.99999999999996,2,1,65,0.5
252,14556.302261,14555.086761,14555.449261,14556.249262,14570.435261,1,2.99999999999994,0.0299999999999997,7.00000000000003,1,2,66,0.5
253,14573.226761,14572.382263,14572.550261,14573.174261,14580.094261,0,2.99999999999994,0.0299999999999997,5.99999999999996,2,1,65,0.5
254,14581.719761,14580.828262,14581.060762,14581.719761,14582.150764,1,NaN,0,5.99999999999996,2,1,65,0.5
255,14668.028261,14666.790261,14666.815262,14668.028261,14683.060761,0,NaN,0,7.00000000000003,1,2,66,0.5
256,14685.563261,14684.689762,14684.937762,14685.563261,14688.995761,1,NaN,0,5.99999999999996,2,1,65,0.5
257,14691.852761,14690.834761,14690.946762,14691.800761,14692.751761,1,2.99999999999994,0.0299999999999997,7.00000000000003,1,2,66,0.5
258,14695.510761,14694.412262,14694.745761,14695.457761,14708.997762,0,2.99999999999994,0.0299999999999997,5.99999999999996,2,1,65,0.5
259,14710.929761,14709.773761,14710.127762,14710.929761,14718.087266,1,NaN,0,5.99999999999996,2,1,65,0.5
260,14720.675761,14719.692761,14720.041262,14720.675761,14727.224761,0,NaN,0,7.00000000000003,1,2,66,0.5
261,14730.068261,14729.190262,14729.390261,14730.015762,14738.255262,0,2.99999999999994,0.0299999999999997,5.99999999999996,2,1,65,0.5
262,14740.602761,14739.432762,14739.721762,14740.549761,14788.562261,1,2.99999999999994,0.0299999999999997,7.00000000000003,1,2,66,0.5
263,14790.960762,14789.995261,14790.226262,14790.908261,14792.681761,1,2.99999999999994,0.0299999999999997,7.00000000000003,1,2,66,0.5
264,14795.758766,14794.796263,14795.148266,14795.756256,14803.560262,0,2.99999999999994,0.0299999999999997,5.99999999999996,2,1,65,0.5
265,14805.628262,14804.451761,14804.843261,14805.575761,15337.941261,1,2.99999999999994,0.0299999999999997,7.00000000000003,1,2,66,0.5
266,15340.020261,15339.127761,15339.197761,15339.967261,15354.298763,1,2.99999999999994,0.0299999999999997,7.00000000000003,1,2,66,0.5
267,15356.489761,15355.362261,15355.646761,15356.489761,15359.214263,0,NaN,0,7.00000000000003,1,2,66,0.5
268,15379.743262,15378.398761,15378.535763,15379.690761,15394.837266,1,2.99999999999994,0.0299999999999997,7.00000000000003,1,2,66,0.5
269,15397.370262,15396.365761,15396.688761,15397.317261,15406.501261,0,2.99999999999994,0.0299999999999997,5.99999999999996,2,1,65,0.5
270,15418.899761,15417.984761,15418.111266,15418.847261,15438.851261,1,2.99999999999994,0.0299999999999997,7.00000000000003,1,2,66,0.5
271,15442.306262,15441.331761,15441.636765,15442.253261,15457.721261,1,2.99999999999994,0.0299999999999997,7.00000000000003,1,2,66,0.5
272,15469.294261,15468.503761,15468.668261,15469.294261,15474.718761,0,NaN,0,7.00000000000003,1,2,66,0.5
273,15476.445761,15475.512261,15475.715261,15476.445761,15483.204762,1,NaN,0,5.99999999999996,2,1,65,0.5
274,15485.766762,15484.867766,15485.054261,15485.714761,15503.307263,1,2.99999999999994,0.0299999999999997,7.00000000000003,1,2,66,0.5
275,15506.177261,15505.201261,15505.385761,15506.124761,15510.908762,0,2.99999999999994,0.0299999999999997,5.99999999999996,2,1,65,0.5
276,15512.489761,15511.658763,15511.752261,15512.437262,15531.569761,1,2.99999999999994,0.0299999999999997,7.00000000000003,1,2,66,0.5
277,15533.722261,15532.804761,15532.927262,15533.669262,15535.347761,0,2.99999999999994,0.0299999999999997,5.99999999999996,2,1,65,0.5
278,15536.857761,15536.031762,15536.176761,15536.857761,15542.221262,1,NaN,0,5.99999999999996,2,1,65,0.5
279,15551.660761,15550.432261,15550.836261,15551.658261,15558.813262,0,2.99999999999994,0.0299999999999997,5.99999999999996,2,1,65,0.5
280,15560.690763,15559.611261,15559.834762,15560.690763,15567.493761,1,NaN,0,5.99999999999996,2,1,65,0.5
281,15569.639762,15568.604761,15569.042762,15569.639762,15576.129261,0,NaN,0,7.00000000000003,1,2,66,0.5
282,15578.617261,15577.308762,15577.992761,15578.564261,15607.076261,1,2.99999999999994,0.0299999999999997,7.00000000000003,1,2,66,0.5
283,15608.693762,15608.115262,NaN,15608.693762,15642.577261,0,NaN,0,7.00000000000003,1,2,66,0.5
284,15645.060261,15644.149261,15644.282262,15645.007261,15673.172261,0,2.99999999999994,0.0299999999999997,5.99999999999996,2,1,65,0.5
285,15675.442761,15674.539261,15674.589762,15675.442761,15675.878261,1,NaN,0,5.99999999999996,2,1,65,0.5
286,15684.727761,15684.034261,15684.125762,15684.727761,15693.668265,0,NaN,0,7.00000000000003,1,2,66,0.5
287,15695.146763,15694.224261,15694.527761,15695.146763,15700.910261,1,NaN,0,5.99999999999996,2,1,65,0.5
288,15702.986261,15702.030761,15702.365261,15702.986261,15711.321261,1,NaN,0,5.99999999999996,2,1,65,0.5
289,15714.788761,15712.225261,15714.020761,15714.788761,15720.231761,1,NaN,0,5.99999999999996,2,1,65,0.5
290,15725.505761,15724.537262,15724.779261,15725.505761,15732.071766,0,NaN,0,7.00000000000003,1,2,66,0.5
291,15734.019762,15733.386256,15733.468762,15734.019762,15747.239261,1,NaN,0,5.99999999999996,2,1,65,0.5
292,15750.372262,15748.899261,15749.530262,15750.369762,15761.985761,1,2.99999999999994,0.0299999999999997,7.00000000000003,1,2,66,0.5
293,15763.627261,15762.767762,15762.802766,15763.627261,15777.592761,1,NaN,0,5.99999999999996,2,1,65,0.5
294,15797.565761,15795.596761,15796.009762,15797.565761,15807.202261,0,NaN,0,7.00000000000003,1,2,66,0.5
295,15810.881262,15809.838763,15810.143766,15810.828761,15817.462261,0,2.99999999999994,0.0299999999999997,5.99999999999996,2,1,65,0.5
296,15820.850761,15819.800762,15820.160263,15820.850761,15825.103258,1,NaN,0,5.99999999999996,2,1,65,0.5
297,15827.146261,15826.395261,15826.472261,15827.146261,15832.654762,0,NaN,0,7.00000000000003,1,2,66,0.5
298,15835.816261,15834.904762,15835.193261,15835.816261,15842.424762,1,NaN,0,5.99999999999996,2,1,65,0.5
299,15844.893761,15843.882761,15844.056262,15844.893761,15902.850761,1,NaN,0,5.99999999999996,2,1,65,0.5
300,15915.979262,15915.220761,15915.378262,15915.979262,15952.146761,0,NaN,0,7.00000000000003,1,2,66,0.5
301,15953.462762,15952.716761,15952.783261,15953.462762,15962.960762,1,NaN,0,5.99999999999996,2,1,65,0.5
302,15964.880762,15964.019762,15964.189261,15964.827265,15988.750761,1,2.99999999999994,0.0299999999999997,7.00000000000003,1,2,66,0.5
303,15990.838261,15989.933761,15990.024262,15990.785261,15996.035261,0,2.99999999999994,0.0299999999999997,5.99999999999996,2,1,65,0.5
304,15997.775261,15996.889762,15997.108761,15997.722761,16038.670261,1,2.99999999999994,0.0299999999999997,7.00000000000003,1,2,66,0.5
305,16047.344761,16046.308262,16046.453761,16047.344761,16076.131761,1,NaN,0,5.99999999999996,2,1,65,0.5
306,16095.546261,16094.596762,16094.878262,16095.546261,16107.369761,0,NaN,0,7.00000000000003,1,2,66,0.5
307,16109.300262,16108.339261,16108.378262,16109.247762,16117.266761,0,2.99999999999994,0.0299999999999997,5.99999999999996,2,1,65,0.5
308,16120.036761,16118.935261,16119.118761,16119.983761,16134.597261,1,2.99999999999994,0.0299999999999997,7.00000000000003,1,2,66,0.5
309,16136.424762,16135.614261,16135.652762,16136.371261,16786.658761,0,2.99999999999994,0.0299999999999997,5.99999999999996,2,1,65,0.5
310,16791.794762,16791.181762,16791.212261,16791.794762,16795.399261,0,NaN,0,7.00000000000003,1,2,66,0.5
311,16800.416761,16799.253761,16799.709762,16800.364262,16805.590262,0,2.99999999999994,0.0299999999999997,5.99999999999996,2,1,65,0.5
312,16809.735761,16808.562261,16808.890766,16809.735761,16864.489261,0,NaN,0,7.00000000000003,1,2,66,0.5
313,16872.695261,16871.845762,16872.176261,16872.642761,16876.955261,0,2.99999999999994,0.0299999999999997,5.99999999999996,2,1,65,0.5
314,16878.295261,16877.672261,16877.719762,16878.273761,16882.844262,1,2.99999999999994,0.0299999999999997,7.00000000000003,1,2,66,0.5
315,16884.846261,16884.072261,16884.194761,16884.846261,16896.463261,0,NaN,0,7.00000000000003,1,2,66,0.5
316,16897.754762,16897.193761,16897.322761,16897.754762,16900.393261,0,NaN,0,7.00000000000003,1,2,66,0.5
317,16906.387761,16905.235762,16905.307262,16906.334761,16928.349761,1,2.99999999999994,0.0299999999999997,7.00000000000003,1,2,66,0.5
318,16929.816262,16929.031265,16929.201265,16929.816262,16934.838761,0,NaN,0,7.00000000000003,1,2,66,0.5
319,16936.674261,16935.893762,16935.925761,16936.620762,16962.918261,1,2.99999999999994,0.0299999999999997,7.00000000000003,1,2,66,0.5
320,16964.224261,16963.485261,16963.675761,16964.224261,16979.419261,0,NaN,0,7.00000000000003,1,2,66,0.5
321,16981.440762,16980.548763,16980.760262,16981.388761,17009.451261,1,2.99999999999994,0.0299999999999997,7.00000000000003,1,2,66,0.5
322,17010.949261,17010.212761,17010.349261,17010.949261,17096.358762,0,NaN,0,7.00000000000003,1,2,66,0.5
323,17097.816761,17097.051761,17097.139261,17097.814761,17113.576761,1,2.99999999999994,0.0299999999999997,7.00000000000003,1,2,66,0.5
324,17114.996262,17114.179262,17114.353761,17114.943262,17125.230261,1,2.99999999999994,0.0299999999999997,7.00000000000003,1,2,66,0.5
325,17126.685262,17125.865761,17126.096261,17126.685262,17130.742261,0,NaN,0,7.00000000000003,1,2,66,0.5
326,17133.321762,17132.360261,17132.638761,17133.269761,17143.667761,1,2.99999999999994,0.0299999999999997,7.00000000000003,1,2,66,0.5
327,17148.256265,17147.203762,17147.452261,17148.204261,17151.560262,0,2.99999999999994,0.0299999999999997,5.99999999999996,2,1,65,0.5
328,17170.201262,17169.091262,17169.382262,17170.148762,17175.557265,1,2.99999999999994,0.0299999999999997,7.00000000000003,1,2,66,0.5
329,17177.666761,17176.406765,17176.901261,17177.613262,17181.166761,0,2.99999999999994,0.0299999999999997,5.99999999999996,2,1,65,0.5
330,17182.778761,17181.858761,17181.983261,17182.725762,17197.625761,1,2.99999999999994,0.0299999999999997,7.00000000000003,1,2,66,0.5
331,17199.871761,17198.982261,17199.091765,17199.871761,17204.203261,0,NaN,0,7.00000000000003,1,2,66,0.5
332,17207.720261,17206.757265,17207.020761,17207.720261,17215.090262,0,NaN,0,7.00000000000003,1,2,66,0.5
333,17218.626261,17217.745761,17217.970762,17218.626261,17222.632762,1,NaN,0,5.99999999999996,2,1,65,0.5
334,17225.882761,17224.691766,17225.135759,17225.829761,17235.773261,1,2.99999999999994,0.0299999999999997,7.00000000000003,1,2,66,0.5
335,17240.377762,17239.701256,17239.809261,17240.377762,17242.475761,0,NaN,0,7.00000000000003,1,2,66,0.5
336,17363.647761,17362.530765,17362.567264,17363.647761,17376.978766,0,NaN,0,7.00000000000003,1,2,66,0.5
337,17378.898761,17378.044261,17378.180265,17378.898761,17382.871261,0,NaN,0,7.00000000000003,1,2,66,0.5
338,17386.109761,17385.240261,17385.554261,17386.109761,17390.613261,0,NaN,0,7.00000000000003,1,2,66,0.5
339,17393.816261,17392.847261,17393.196261,17393.763261,17395.470762,0,2.99999999999994,0.0299999999999997,5.99999999999996,2,1,65,0.5
340,17397.231761,17396.413261,17396.501762,17397.178261,17406.778262,1,2.99999999999994,0.0299999999999997,7.00000000000003,1,2,66,0.5
341,17409.050266,17408.187264,17408.292261,17409.050266,17412.900761,0,NaN,0,7.00000000000003,1,2,66,0.5
342,17417.065762,17416.011261,17416.209261,17417.012762,17419.666762,0,2.99999999999994,0.0299999999999997,5.99999999999996,2,1,65,0.5
343,17421.778261,17420.707762,17421.061761,17421.725261,17437.795262,1,2.99999999999994,0.0299999999999997,7.00000000000003,1,2,66,0.5
344,17440.238762,17439.276762,17439.461265,17440.238762,17446.377262,0,NaN,0,7.00000000000003,1,2,66,0.5
345,17449.531261,17448.607261,17448.899261,17449.531261,17452.260765,0,NaN,0,7.00000000000003,1,2,66,0.5
346,17456.065761,17455.274261,17455.355761,17456.065761,17460.193761,1,NaN,0,5.99999999999996,2,1,65,0.5
347,17463.208261,17462.146262,17462.681262,17463.208261,17468.566761,0,NaN,0,7.00000000000003,1,2,66,0.5
348,17470.843762,17470.133761,17470.382761,17470.843762,17491.426762,0,NaN,0,7.00000000000003,1,2,66,0.5
349,17492.768261,17492.147261,17492.170762,17492.768261,17493.131261,0,NaN,0,7.00000000000003,1,2,66,0.5
350,17729.646761,17717.024761,17717.181261,NaN,NaN,NaN,NaN,0,7.00000000000003,1,2,66,0.5
351,17931.064762,17929.605761,17929.679263,17931.061765,17931.625261,1,2.99999999999994,0.0299999999999997,7.00000000000003,1,2,66,0.5
352,17957.899761,17957.135761,17957.350762,17957.899761,17965.859762,1,NaN,0,5.99999999999996,2,1,65,0.5
353,17967.462261,17966.553261,17966.639261,17967.409762,17968.622261,0,2.99999999999994,0.0299999999999997,5.99999999999996,2,1,65,0.5
354,17970.047761,17969.297761,17969.448261,17969.995261,18015.899761,1,2.99999999999994,0.0299999999999997,7.00000000000003,1,2,66,0.5
355,18060.267261,18059.528261,18059.605761,18060.214761,18095.407761,1,2.99999999999994,0.0299999999999997,7.00000000000003,1,2,66,0.5
356,18096.765263,18096.061761,18096.338761,18096.713261,18100.345261,0,2.99999999999994,0.0299999999999997,5.99999999999996,2,1,65,0.5
357,18107.771762,18107.048261,18107.242261,18107.771762,18123.186263,1,NaN,0,5.99999999999996,2,1,65,0.5
358,18126.048261,18125.299262,18125.562761,18126.048261,18133.698261,0,NaN,0,7.00000000000003,1,2,66,0.5
359,18135.088762,18134.200262,18134.477762,18135.035761,18140.542761,0,2.99999999999994,0.0299999999999997,5.99999999999996,2,1,65,0.5
360,18146.134263,18145.424761,18145.584262,18146.081266,18158.517761,1,2.99999999999994,0.0299999999999997,7.00000000000003,1,2,66,0.5
361,18160.858262,18160.163265,18160.299262,18160.805761,18172.409262,0,2.99999999999994,0.0299999999999997,5.99999999999996,2,1,65,0.5
362,18174.208761,18173.354261,18173.404261,18174.206261,18189.169761,1,2.99999999999994,0.0299999999999997,7.00000000000003,1,2,66,0.5
363,18190.246261,18189.637261,18189.707261,18190.193756,18194.346762,0,2.99999999999994,0.0299999999999997,5.99999999999996,2,1,65,0.5
364,18197.792262,18197.053262,18197.317261,18197.792262,18246.241262,1,NaN,0,5.99999999999996,2,1,65,0.5
365,18247.473261,18246.756262,18246.859761,18247.473261,18250.747261,1,NaN,0,5.99999999999996,2,1,65,0.5
366,18509.755761,18508.520261,18508.656261,18509.703261,18522.752262,1,2.99999999999994,0.0299999999999997,7.00000000000003,1,2,66,0.5
367,18524.743763,18523.767762,18523.901261,18524.691261,18527.649761,0,2.99999999999994,0.0299999999999997,5.99999999999996,2,1,65,0.5
368,18530.556261,18529.527766,18529.703761,18530.504261,18534.021261,1,2.99999999999994,0.0299999999999997,7.00000000000003,1,2,66,0.5
369,18538.027766,18536.833762,18537.209261,18538.027766,18542.577761,1,NaN,0,5.99999999999996,2,1,65,0.5
370,18551.074762,18550.239762,18550.344761,18551.021762,18557.603262,1,2.99999999999994,0.0299999999999997,7.00000000000003,1,2,66,0.5
371,18568.384261,18567.523261,18567.734261,18568.384261,18581.721761,0,NaN,0,7.00000000000003,1,2,66,0.5
372,18583.894762,18583.254762,18583.476261,18583.894762,18588.798265,0,NaN,0,7.00000000000003,1,2,66,0.5
373,18595.349761,18594.611261,18594.745762,18595.347761,18599.980261,0,2.99999999999994,0.0299999999999997,5.99999999999996,2,1,65,0.5
374,18605.863762,18605.052762,18605.112761,18605.811261,18612.845261,1,2.99999999999994,0.0299999999999997,7.00000000000003,1,2,66,0.5
375,18614.592262,18613.893261,18614.058261,18614.592262,18622.491761,0,NaN,0,7.00000000000003,1,2,66,0.5
376,18629.559261,18628.826261,18628.939261,18629.559261,18635.800261,1,NaN,0,5.99999999999996,2,1,65,0.5
377,18638.146761,18637.564261,18637.590761,18638.146761,18644.284261,1,NaN,0,5.99999999999996,2,1,65,0.5
378,18647.108761,18646.010761,18646.176764,18647.108761,18655.114261,1,NaN,0,5.99999999999996,2,1,65,0.5
379,18657.445761,18656.079761,18656.738761,18657.392762,18668.384262,1,2.99999999999994,0.0299999999999997,7.00000000000003,1,2,66,0.5
380,18671.399262,18670.519256,18670.843261,18671.346761,18676.308261,0,2.99999999999994,0.0299999999999997,5.99999999999996,2,1,65,0.5
381,18677.598262,18676.914261,18676.986761,18677.598262,18685.317763,1,NaN,0,5.99999999999996,2,1,65,0.5
382,18688.514761,18687.478762,18687.787261,18688.512261,18696.491262,1,2.99999999999994,0.0299999999999997,7.00000000000003,1,2,66,0.5
383,18698.428761,18697.462261,18697.636261,18698.428761,18704.643261,1,NaN,0,5.99999999999996,2,1,65,0.5
384,18711.150761,18710.416761,18710.566261,18711.098261,18719.620761,0,2.99999999999994,0.0299999999999997,5.99999999999996,2,1,65,0.5
385,18721.397762,18720.572261,18720.821261,18721.397762,18730.972766,1,NaN,0,5.99999999999996,2,1,65,0.5
386,18739.259261,18738.340262,18738.655761,18739.259261,18748.733761,1,NaN,0,5.99999999999996,2,1,65,0.5
387,18750.788261,18749.718261,18750.118761,18750.788261,18759.704761,1,NaN,0,5.99999999999996,2,1,65,0.5
388,18762.366261,18761.619761,18761.813265,18762.366261,18766.283761,0,NaN,0,7.00000000000003,1,2,66,0.5
389,18769.399762,18768.482261,18768.811762,18769.347261,18775.167761,0,2.99999999999994,0.0299999999999997,5.99999999999996,2,1,65,0.5
390,18776.823761,18775.977761,18776.322266,18776.823761,18779.544261,0,NaN,0,7.00000000000003,1,2,66,0.5
391,18786.826262,18785.236761,18786.125761,18786.826262,18792.848762,1,NaN,0,5.99999999999996,2,1,65,0.5
392,18799.003262,18798.188761,18798.250261,18798.950261,18814.648761,1,2.99999999999994,0.0299999999999997,7.00000000000003,1,2,66,0.5
393,18816.138762,18815.478262,18815.572261,18816.138762,18827.697761,0,NaN,0,7.00000000000003,1,2,66,0.5
394,18829.495261,18828.604262,18828.764261,18829.493261,18845.956762,1,2.99999999999994,0.0299999999999997,7.00000000000003,1,2,66,0.5
395,18847.470761,18846.710761,18846.861261,18847.470761,18848.858761,0,NaN,0,7.00000000000003,1,2,66,0.5
396,18898.762261,18897.621761,18897.929262,18898.709761,18905.501762,1,2.99999999999994,0.0299999999999997,7.00000000000003,1,2,66,0.5
397,18907.136261,18906.347762,18906.473762,18907.136261,18907.556261,0,NaN,0,7.00000000000003,1,2,66,0.5
398,18970.690762,18969.920262,18969.981762,18970.637762,18976.786766,0,2.99999999999994,0.0299999999999997,5.99999999999996,2,1,65,0.5
399,18981.501262,18980.747762,18980.856761,18981.448761,18993.341762,1,2.99999999999994,0.0299999999999997,7.00000000000003,1,2,66,0.5
400,18995.515762,18994.661761,18994.821261,18995.463261,19002.241762,0,2.99999999999994,0.0299999999999997,5.99999999999996,2,1,65,0.5
401,19004.103262,19003.221761,19003.523763,19004.103262,19008.398761,0,NaN,0,7.00000000000003,1,2,66,0.5
402,19010.608261,19009.806262,19009.921262,19010.608261,19022.735765,0,NaN,0,7.00000000000003,1,2,66,0.5
403,19024.477762,19023.537262,19023.771761,19024.425261,19029.137261,1,2.99999999999994,0.0299999999999997,7.00000000000003,1,2,66,0.5
404,19043.495262,19042.583261,19042.802261,19043.495262,19236.123763,0,NaN,0,7.00000000000003,1,2,66,0.5
405,19244.962762,19243.956261,19244.094261,19244.910261,19249.820761,1,2.99999999999994,0.0299999999999997,7.00000000000003,1,2,66,0.5
406,19252.635261,19251.701761,19251.897261,19252.581763,19256.878261,0,2.99999999999994,0.0299999999999997,5.99999999999996,2,1,65,0.5
407,19258.705762,19257.864761,19257.997261,19258.703262,19278.157261,1,2.99999999999994,0.0299999999999997,7.00000000000003,1,2,66,0.5
408,19279.983262,19279.046262,19279.264761,19279.983262,19316.021761,0,NaN,0,7.00000000000003,1,2,66,0.5
409,19320.273261,19319.464261,19319.536761,19320.220761,19330.594262,0,2.99999999999994,0.0299999999999997,5.99999999999996,2,1,65,0.5
410,19347.158261,19345.857262,19346.035761,19347.104762,19351.669761,1,2.99999999999994,0.0299999999999997,7.00000000000003,1,2,66,0.5
411,19354.619262,19353.701761,19353.966262,19354.566261,19357.106761,0,2.99999999999994,0.0299999999999997,5.99999999999996,2,1,65,0.5
412,19359.185761,19358.380261,19358.614761,19359.185761,19369.856762,1,NaN,0,5.99999999999996,2,1,65,0.5
413,19371.203262,19370.419761,19370.532262,19371.149762,19376.654261,1,2.99999999999994,0.0299999999999997,7.00000000000003,1,2,66,0.5
414,19379.579261,19378.500762,19378.894263,19379.577261,19385.061761,0,2.99999999999994,0.0299999999999997,5.99999999999996,2,1,65,0.5
415,19387.094261,19386.340761,19386.609761,19387.094261,19388.027762,0,NaN,0,7.00000000000003,1,2,66,0.5
416,19496.157261,19495.254261,19495.266763,19496.157261,19639.317261,1,NaN,0,5.99999999999996,2,1,65,0.5
417,19641.296762,19640.511761,19640.573261,19641.244262,19828.029761,0,2.99999999999994,0.0299999999999997,5.99999999999996,2,1,65,0.5
418,19829.755764,19828.997761,19829.120261,19829.755764,19830.203761,0,NaN,0,7.00000000000003,1,2,66,0.5
419,19843.046262,19842.163762,19842.235761,19842.993262,19855.143761,1,2.99999999999994,0.0299999999999997,7.00000000000003,1,2,66,0.5
420,19856.465761,19855.692761,19855.890761,19856.465761,19856.816262,1,NaN,0,5.99999999999996,2,1,65,0.5
421,19887.587762,19886.633756,19886.683761,19887.534762,19890.706762,1,2.99999999999994,0.0299999999999997,7.00000000000003,1,2,66,0.5
422,19896.235761,19895.456761,19895.565762,19896.235761,19902.245261,0,NaN,0,7.00000000000003,1,2,66,0.5
423,19905.592261,19904.792262,19904.954761,19905.539261,19909.902761,0,2.99999999999994,0.0299999999999997,5.99999999999996,2,1,65,0.5
424,19911.673261,19910.919261,19911.103761,19911.673261,19935.649261,1,NaN,0,5.99999999999996,2,1,65,0.5
425,19945.976761,19945.210761,19945.233761,19945.976761,20217.697761,0,NaN,0,7.00000000000003,1,2,66,0.5
426,20228.399762,20227.241261,20227.653762,20228.346761,20232.004261,1,2.99999999999994,0.0299999999999997,7.00000000000003,1,2,66,0.5
427,20235.454763,20234.271261,20234.449762,20235.454763,20274.864261,0,NaN,0,7.00000000000003,1,2,66,0.5
428,20281.896266,20280.799762,20280.929762,20281.896266,20282.597266,0,NaN,0,7.00000000000003,1,2,66,0.5
429,20294.578261,20293.367262,20293.660761,20294.525762,20301.607261,1,2.99999999999994,0.0299999999999997,7.00000000000003,1,2,66,0.5
430,20304.903262,20303.936762,20304.166262,20304.850761,20312.867261,0,2.99999999999994,0.0299999999999997,5.99999999999996,2,1,65,0.5
431,20315.363761,20314.238761,20314.359761,20315.361261,20326.192761,0,2.99999999999994,0.0299999999999997,5.99999999999996,2,1,65,0.5
432,20327.997766,20327.229761,20327.378761,20327.997766,20372.741762,0,NaN,0,7.00000000000003,1,2,66,0.5
433,20375.215262,20373.825762,20373.921762,20375.162262,20391.798762,0,2.99999999999994,0.0299999999999997,5.99999999999996,2,1,65,0.5
434,20404.882763,20404.037262,20404.124761,20404.829765,20413.068762,1,2.99999999999994,0.0299999999999997,7.00000000000003,1,2,66,0.5
435,20414.707261,20414.028261,20414.149761,20414.707261,20415.136261,1,NaN,0,5.99999999999996,2,1,65,0.5
436,20423.362261,20422.387261,20422.750262,20423.362261,20431.532262,0,NaN,0,7.00000000000003,1,2,66,0.5
437,20434.249765,20433.370761,20433.527261,20434.197261,20437.848262,0,2.99999999999994,0.0299999999999997,5.99999999999996,2,1,65,0.5
438,20439.539262,20438.662761,20438.917762,20439.486261,20444.188762,1,2.99999999999994,0.0299999999999997,7.00000000000003,1,2,66,0.5
439,20446.309262,20445.362762,20445.649261,20446.255763,20450.573262,0,2.99999999999994,0.0299999999999997,5.99999999999996,2,1,65,0.5
440,20455.540261,20454.779261,20454.892261,20455.540261,20800.254761,1,NaN,0,5.99999999999996,2,1,65,0.5
441,20802.497261,20801.504761,20801.723263,20802.444265,20810.196262,0,2.99999999999994,0.0299999999999997,5.99999999999996,2,1,65,0.5
442,20844.683261,20843.722761,20843.812261,20844.683261,20859.193261,1,NaN,0,5.99999999999996,2,1,65,0.5
443,20861.216762,20860.331761,20860.468261,20861.164261,20863.962762,0,2.99999999999994,0.0299999999999997,5.99999999999996,2,1,65,0.5
444,20865.953262,20864.834761,20864.959262,20865.900761,20872.095762,1,2.99999999999994,0.0299999999999997,7.00000000000003,1,2,66,0.5
445,20874.569261,20873.763261,20873.930761,20874.517261,20878.677761,0,2.99999999999994,0.0299999999999997,5.99999999999996,2,1,65,0.5
446,20880.360261,20879.395761,20879.708261,20880.307261,20894.019261,1,2.99999999999994,0.0299999999999997,7.00000000000003,1,2,66,0.5
447,20897.588262,20896.653761,20896.905262,20897.535262,20901.049762,0,2.99999999999994,0.0299999999999997,5.99999999999996,2,1,65,0.5
448,20911.264261,20910.195762,20910.510261,20911.264261,22557.737762,1,NaN,0,5.99999999999996,2,1,65,0.5
449,22604.357262,22603.506763,22603.766762,22604.304261,22609.493262,0,2.99999999999994,0.0299999999999997,5.99999999999996,2,1,65,0.5
450,22621.434263,22620.557762,22620.821761,22621.434263,22632.783261,0,NaN,0,7.00000000000003,1,2,66,0.5
451,22635.410762,22634.760762,22634.934765,22635.410762,22635.696261,0,NaN,0,7.00000000000003,1,2,66,0.5
452,22642.686761,22641.969762,22642.074261,22642.633763,22643.642261,1,2.99999999999994,0.0299999999999997,7.00000000000003,1,2,66,0.5
453,22693.151761,22692.407261,22692.517761,22693.151761,23867.120761,0,NaN,0,7.00000000000003,1,2,66,0.5
454,23868.673261,23867.850262,23867.936261,23868.620762,23872.030761,0,2.99999999999994,0.0299999999999997,5.99999999999996,2,1,65,0.5
455,23874.446261,23873.172761,23873.466262,23874.393262,23884.032261,1,2.99999999999994,0.0299999999999997,7.00000000000003,1,2,66,0.5
456,23903.688762,23902.865261,23902.998261,23903.688762,23906.609761,0,NaN,0,7.00000000000003,1,2,66,0.5
457,23915.911761,23914.713261,23915.081262,23915.858761,23917.189261,1,2.99999999999994,0.0299999999999997,7.00000000000003,1,2,66,0.5
458,23919.691761,23918.895261,23919.010262,23919.691761,23920.144761,0,NaN,0,7.00000000000003,1,2,66,0.5
459,23933.449261,23932.598261,23932.789261,23933.447261,23935.422762,0,2.99999999999994,0.0299999999999997,5.99999999999996,2,1,65,0.5
460,23937.302762,23936.442761,23936.611262,23937.249761,23962.962761,1,2.99999999999994,0.0299999999999997,7.00000000000003,1,2,66,0.5
461,23967.255763,23966.504761,23966.584262,23967.253261,23979.393766,1,2.99999999999994,0.0299999999999997,7.00000000000003,1,2,66,0.5
462,24005.019761,24004.205762,24004.377262,24005.019761,24058.693761,1,NaN,0,5.99999999999996,2,1,65,0.5
463,24060.286761,24059.394762,24059.628761,24060.283762,24061.326261,0,2.99999999999994,0.0299999999999997,5.99999999999996,2,1,65,0.5
464,24062.685761,24061.943761,24062.004261,24062.633261,24071.050261,1,2.99999999999994,0.0299999999999997,7.00000000000003,1,2,66,0.5
465,24072.828762,24071.928761,24072.114262,24072.828762,24073.458261,0,NaN,0,7.00000000000003,1,2,66,0.5
466,24079.289266,24078.335262,24078.534261,24079.236262,24084.326761,1,2.99999999999994,0.0299999999999997,7.00000000000003,1,2,66,0.5
467,24087.273762,24086.504262,24086.528261,24087.221261,24089.481762,0,2.99999999999994,0.0299999999999997,5.99999999999996,2,1,65,0.5
468,24091.290261,24090.416262,24090.567761,24091.290261,24091.791761,1,NaN,0,5.99999999999996,2,1,65,0.5
469,24097.810762,24096.836261,24097.243761,24097.810762,24100.394761,0,NaN,0,7.00000000000003,1,2,66,0.5
470,24105.679261,24104.851261,24105.096261,24105.679261,24123.591261,0,NaN,0,7.00000000000003,1,2,66,0.5
471,24127.041762,24126.164261,24126.183762,24127.041762,24130.104761,1,NaN,0,5.99999999999996,2,1,65,0.5
472,24133.605261,24132.508261,24132.871761,24133.552761,24134.497261,0,2.99999999999994,0.0299999999999997,5.99999999999996,2,1,65,0.5
473,24136.549761,24135.678261,24135.715262,24136.496761,24189.468261,1,2.99999999999994,0.0299999999999997,7.00000000000003,1,2,66,0.5
474,24191.067761,24190.150262,24190.259271,24191.014761,24194.139761,0,2.99999999999994,0.0299999999999997,5.99999999999996,2,1,65,0.5
475,24195.945761,24194.841761,24195.076761,24195.893261,24199.464762,1,2.99999999999994,0.0299999999999997,7.00000000000003,1,2,66,0.5
476,24203.140262,24202.077762,24202.306761,24203.087261,24207.033761,0,2.99999999999994,0.0299999999999997,5.99999999999996,2,1,65,0.5
477,24209.080261,24208.102761,24208.323262,24209.027761,24231.302262,1,2.99999999999994,0.0299999999999997,7.00000000000003,1,2,66,0.5
478,25358.725761,25357.696761,25357.939261,25358.672761,25360.725265,1,2.99999999999994,0.0299999999999997,7.00000000000003,1,2,66,0.5
479,25363.259762,25361.690261,25361.749261,25363.207261,25367.898263,0,2.99999999999994,0.0299999999999997,5.99999999999996,2,1,65,0.5
480,25370.131761,25369.321261,25369.474761,25370.131761,25384.978261,1,NaN,0,5.99999999999996,2,1,65,0.5
481,25394.192261,25393.230761,25393.300261,25394.139761,25401.056261,0,2.99999999999994,0.0299999999999997,5.99999999999996,2,1,65,0.5
482,25403.307261,25402.495762,25402.691761,25403.307261,25407.887765,0,NaN,0,7.00000000000003,1,2,66,0.5
483,25410.274261,25409.519262,25409.642761,25410.274261,25436.132261,0,NaN,0,7.00000000000003,1,2,66,0.5
484,25437.986761,25437.017261,25437.193761,25437.933761,25441.427761,0,2.99999999999994,0.0299999999999997,5.99999999999996,2,1,65,0.5
485,25443.108762,25442.163761,25442.417761,25443.108762,25448.433761,1,NaN,0,5.99999999999996,2,1,65,0.5
486,25450.271265,25449.446763,25449.546262,25450.269261,25460.467761,1,2.99999999999994,0.0299999999999997,7.00000000000003,1,2,66,0.5
487,25462.818761,25461.746261,25462.037761,25462.818761,25466.949262,0,NaN,0,7.00000000000003,1,2,66,0.5
488,25470.223266,25469.024761,25469.399261,25470.171261,25473.443762,0,2.99999999999994,0.0299999999999997,5.99999999999996,2,1,65,0.5
489,25475.886261,25474.684761,25475.056261,25475.833262,25496.482262,1,2.99999999999994,0.0299999999999997,7.00000000000003,1,2,66,0.5
490,25498.754762,25497.880262,25498.026261,25498.754762,25504.036761,0,NaN,0,7.00000000000003,1,2,66,0.5
491,25507.283761,25506.114261,25506.326761,25507.230766,25508.493761,0,2.99999999999994,0.0299999999999997,5.99999999999996,2,1,65,0.5
492,25510.747762,25509.629761,25509.961762,25510.694762,25533.330761,1,2.99999999999994,0.0299999999999997,7.00000000000003,1,2,66,0.5
493,25543.377261,25542.176261,25542.388261,25543.377261,25543.966261,0,NaN,0,7.00000000000003,1,2,66,0.5
494,26380.426763,26379.300262,26379.644262,26380.374761,26979.629761,0,2.99999999999994,0.0299999999999997,5.99999999999996,2,1,65,0.5
495,26982.389761,26981.22376,26981.462761,26982.389761,26989.098762,0,NaN,0,7.00000000000003,1,2,66,0.5
496,26991.002261,26990.047261,26990.176761,26990.949261,27055.695762,1,2.99999999999994,0.0299999999999997,7.00000000000003,1,2,66,0.5
497,27060.302261,27058.981761,27059.069761,27060.302261,27068.998261,1,NaN,0,5.99999999999996,2,1,65,0.5
498,27072.358261,27071.435262,27071.614261,27072.358261,27076.255261,0,NaN,0,7.00000000000003,1,2,66,0.5
499,27091.403261,27090.443265,27090.574261,27091.350762,27100.216762,1,2.99999999999994,0.0299999999999997,7.00000000000003,1,2,66,0.5
500,27102.446262,27101.273261,27101.408261,27102.393262,27107.191761,1,2.99999999999994,0.0299999999999997,7.00000000000003,1,2,66,0.5
501,27109.964261,27108.908761,27109.149761,27109.911262,27113.879762,0,2.99999999999994,0.0299999999999997,5.99999999999996,2,1,65,0.5
502,27115.829261,27115.132761,27115.156761,27115.829261,27128.459762,1,NaN,0,5.99999999999996,2,1,65,0.5
503,27130.512262,27129.610261,27129.808262,27130.512262,27144.739261,0,NaN,0,7.00000000000003,1,2,66,0.5
504,27146.334761,27145.606761,27145.701261,27146.334761,27146.935761,1,NaN,0,5.99999999999996,2,1,65,0.5
505,27154.925261,27153.980262,27154.143261,27154.922761,27157.989761,0,2.99999999999994,0.0299999999999997,5.99999999999996,2,1,65,0.5
506,27160.231762,27159.216761,27159.450761,27160.179262,27172.697261,1,2.99999999999994,0.0299999999999997,7.00000000000003,1,2,66,0.5
507,27181.659262,27180.813761,27180.843261,27181.659262,27182.441261,0,NaN,0,7.00000000000003,1,2,66,0.5
508,27190.552261,27189.534762,27189.780261,27190.552261,27194.098761,1,NaN,0,5.99999999999996,2,1,65,0.5
509,27199.550261,27198.790765,27198.923761,27199.550261,27211.201261,1,NaN,0,5.99999999999996,2,1,65,0.5
510,27212.944262,27212.027262,27212.176261,27212.944262,27228.469265,1,NaN,0,5.99999999999996,2,1,65,0.5
511,27234.822261,27234.045761,27234.170761,27234.822261,27241.813262,1,NaN,0,5.99999999999996,2,1,65,0.5
512,27243.701261,27242.724762,27243.012762,27243.648261,27245.962261,0,2.99999999999994,0.0299999999999997,5.99999999999996,2,1,65,0.5
513,27249.119761,27248.247756,27248.415761,27249.066762,27608.084761,1,2.99999999999994,0.0299999999999997,7.00000000000003,1,2,66,0.5
514,27720.751761,27719.986261,27720.157265,27720.698766,27725.398261,0,2.99999999999994,0.0299999999999997,5.99999999999996,2,1,65,0.5
515,27727.353762,27726.294261,27726.436262,27727.353762,28249.681261,1,NaN,0,5.99999999999996,2,1,65,0.5
516,28251.200261,28250.297261,28250.503761,28251.200261,28368.996263,0,NaN,0,7.00000000000003,1,2,66,0.5
517,28371.254761,28370.527262,28370.586764,28371.254761,28375.333261,1,NaN,0,5.99999999999996,2,1,65,0.5
518,28378.242761,28377.370761,28377.549761,28378.242761,28384.922762,0,NaN,0,7.00000000000003,1,2,66,0.5
519,28387.247262,28386.175762,28386.394762,28387.247262,28396.287765,1,NaN,0,5.99999999999996,2,1,65,0.5
520,28400.899261,28399.497261,28400.071261,28400.899261,30230.956761,0,NaN,0,7.00000000000003,1,2,66,0.5
521,30232.964762,30231.845261,30231.923261,30232.911262,30242.831763,0,2.99999999999994,0.0299999999999997,5.99999999999996,2,1,65,0.5
522,30246.221261,30245.414762,30245.517261,30246.168763,30249.781761,0,2.99999999999994,0.0299999999999997,5.99999999999996,2,1,65,0.5
523,30267.096261,30266.158261,30266.214261,30267.043761,30268.022762,0,2.99999999999994,0.0299999999999997,5.99999999999996,2,1,65,0.5
524,30270.318265,30269.494762,30269.544262,30270.266262,30272.556262,1,2.99999999999994,0.0299999999999997,7.00000000000003,1,2,66,0.5
525,30276.866761,30275.984261,30276.171261,30276.866761,30386.201761,0,NaN,0,7.00000000000003,1,2,66,0.5
526,30387.688761,30386.962261,30387.025761,30387.688761,30389.825262,0,NaN,0,7.00000000000003,1,2,66,0.5
527,30402.682261,30401.663762,30401.932762,30402.682261,30409.703261,0,NaN,0,7.00000000000003,1,2,66,0.5
528,30411.911261,30410.836761,30411.008761,30411.858261,30422.633261,1,2.99999999999994,0.0299999999999997,7.00000000000003,1,2,66,0.5
529,30425.072762,30424.084261,30424.306761,30425.072762,30431.107261,1,NaN,0,5.99999999999996,2,1,65,0.5
530,30433.346761,30432.458762,30432.602761,30433.294261,31226.046761,1,2.99999999999994,0.0299999999999997,7.00000000000003,1,2,66,0.5
531,31233.088762,31232.488761,31232.531261,31233.036262,31243.969266,0,2.99999999999994,0.0299999999999997,5.99999999999996,2,1,65,0.5
532,31266.406262,31265.546761,31265.808261,31266.353761,31282.883762,0,2.99999999999994,0.0299999999999997,5.99999999999996,2,1,65,0.5
533,31284.533261,31283.720263,31283.799761,31284.533261,31290.638761,1,NaN,0,5.99999999999996,2,1,65,0.5
534,31292.262761,31291.417261,31291.564761,31292.262761,31321.560262,1,NaN,0,5.99999999999996,2,1,65,0.5
535,31373.452762,31372.502261,31372.664761,31373.449761,31376.215261,0,2.99999999999994,0.0299999999999997,5.99999999999996,2,1,65,0.5
536,31378.193261,31377.451761,31377.478761,31378.193261,31415.081261,1,NaN,0,5.99999999999996,2,1,65,0.5
537,31417.079262,31416.114261,31416.362261,31417.026761,31422.172761,0,2.99999999999994,0.0299999999999997,5.99999999999996,2,1,65,0.5
538,31424.177761,31423.277761,31423.562261,31424.177761,32164.099265,1,NaN,0,5.99999999999996,2,1,65,0.5
539,32166.633261,32165.533261,32165.652263,32166.580261,32172.785761,1,2.99999999999994,0.0299999999999997,7.00000000000003,1,2,66,0.5
540,32174.432262,32173.378762,32173.451261,32174.432262,32177.613761,0,NaN,0,7.00000000000003,1,2,66,0.5
541,32181.939762,32180.828761,32181.130261,32181.887261,32184.024262,0,2.99999999999994,0.0299999999999997,5.99999999999996,2,1,65,0.5
542,32185.815762,32184.751762,32184.941762,32185.763261,32195.422261,1,2.99999999999994,0.0299999999999997,7.00000000000003,1,2,66,0.5
543,32198.814762,32198.191761,32198.236262,32198.792761,32201.990762,0,2.99999999999994,0.0299999999999997,5.99999999999996,2,1,65,0.5
544,32207.405762,32206.497261,32206.584261,32207.352762,32211.033262,1,2.99999999999994,0.0299999999999997,7.00000000000003,1,2,66,0.5
545,32215.202761,32214.317762,32214.525261,32215.202761,32229.204761,0,NaN,0,7.00000000000003,1,2,66,0.5
546,32232.455761,32231.539261,32231.626762,32232.453261,32238.763261,1,2.99999999999994,0.0299999999999997,7.00000000000003,1,2,66,0.5
547,32243.693761,32242.697761,32243.024262,32243.640761,32249.809761,0,2.99999999999994,0.0299999999999997,5.99999999999996,2,1,65,0.5
548,32264.162262,32251.541761,32251.613262,NaN,32272.508761,NaN,NaN,0,5.99999999999996,2,1,65,0.5
549,32274.502262,32273.597261,32273.894263,32274.449261,32279.454761,0,2.99999999999994,0.0299999999999997,5.99999999999996,2,1,65,0.5
550,32281.151261,32280.164761,32280.563262,32281.151261,32286.406761,0,NaN,0,7.00000000000003,1,2,66,0.5
551,32289.344761,32288.640762,32288.736261,32289.344761,32301.410262,0,NaN,0,7.00000000000003,1,2,66,0.5
552,32302.907261,32302.297761,32302.530761,32302.907261,32309.212762,0,NaN,0,7.00000000000003,1,2,66,0.5
553,32312.083762,32310.817761,32311.292261,32312.031761,32335.704761,1,2.99999999999994,0.0299999999999997,7.00000000000003,1,2,66,0.5
554,32337.094761,32336.279262,32336.450261,32337.094761,32343.490263,1,NaN,0,5.99999999999996,2,1,65,0.5
555,32348.735762,32347.463765,32347.865262,32348.683261,32350.699261,0,2.99999999999994,0.0299999999999997,5.99999999999996,2,1,65,0.5
556,32352.257262,32351.502764,32351.593761,32352.204261,32365.861262,1,2.99999999999994,0.0299999999999997,7.00000000000003,1,2,66,0.5
557,32368.709261,32368.040761,32368.162761,32368.709261,32369.075761,0,NaN,0,7.00000000000003,1,2,66,0.5
558,32399.894261,32399.184762,32399.217261,32399.842261,32401.079261,0,2.99999999999994,0.0299999999999997,5.99999999999996,2,1,65,0.5
559,32402.209261,32401.482761,32401.660263,32402.156761,32415.686261,1,2.99999999999994,0.0299999999999997,7.00000000000003,1,2,66,0.5
560,32418.335264,32417.519261,32417.757762,32418.335264,32423.609256,0,NaN,0,7.00000000000003,1,2,66,0.5
561,32430.664761,32429.811764,32429.926761,32430.664761,32434.503261,1,NaN,0,5.99999999999996,2,1,65,0.5
562,32437.809761,32437.073261,32437.282262,32437.809761,32443.597761,1,NaN,0,5.99999999999996,2,1,65,0.5
563,32445.089262,32444.190761,32444.490262,32445.089262,32451.587262,0,NaN,0,7.00000000000003,1,2,66,0.5
564,32453.717261,32452.883262,32453.086761,32453.664266,32470.028761,1,2.99999999999994,0.0299999999999997,7.00000000000003,1,2,66,0.5
565,32504.520262,32503.257261,32503.876761,32504.520262,32527.725761,0,NaN,0,7.00000000000003,1,2,66,0.5
566,32530.513762,32529.660761,32529.760261,32530.461261,32540.834262,1,2.99999999999994,0.0299999999999997,7.00000000000003,1,2,66,0.5
567,32544.013262,32543.061761,32543.247262,32543.960261,32549.868261,0,2.99999999999994,0.0299999999999997,5.99999999999996,2,1,65,0.5
568,32551.602761,32550.774761,32550.963262,32551.602761,32564.513761,1,NaN,0,5.99999999999996,2,1,65,0.5
569,32567.150261,32566.099261,32566.501761,32567.097761,32583.018261,0,2.99999999999994,0.0299999999999997,5.99999999999996,2,1,65,0.5
570,32586.106762,32585.106761,32585.232262,32586.054261,33134.284761,1,2.99999999999994,0.0299999999999997,7.00000000000003,1,2,66,0.5
571,33138.561261,33137.612761,33137.699762,33138.558262,33141.270261,0,2.99999999999994,0.0299999999999997,5.99999999999996,2,1,65,0.5
572,33143.182262,33142.177762,33142.255761,33143.182262,33153.096761,1,NaN,0,5.99999999999996,2,1,65,0.5
573,33155.251261,33153.957262,33154.149762,33155.197762,33159.788761,0,2.99999999999994,0.0299999999999997,5.99999999999996,2,1,65,0.5
574,33162.435765,33161.440261,33161.577761,33162.433263,33171.285762,1,2.99999999999994,0.0299999999999997,7.00000000000003,1,2,66,0.5
575,33173.987764,33172.904762,33173.063761,33173.935261,33175.337761,0,2.99999999999994,0.0299999999999997,5.99999999999996,2,1,65,0.5
576,33176.891261,33176.100261,33176.286262,33176.891261,33180.628761,1,NaN,0,5.99999999999996,2,1,65,0.5
577,33184.916262,33183.211761,33183.535762,33184.864261,33188.466261,0,2.99999999999994,0.0299999999999997,5.99999999999996,2,1,65,0.5
578,33190.184766,33189.247266,33189.528261,33190.132261,33205.998761,1,2.99999999999994,0.0299999999999997,7.00000000000003,1,2,66,0.5
579,33208.114261,33207.183262,33207.223261,33208.114261,33210.563261,1,NaN,0,5.99999999999996,2,1,65,0.5
580,33220.298761,33219.299261,33219.419761,33220.246265,33222.784762,1,2.99999999999994,0.0299999999999997,7.00000000000003,1,2,66,0.5
581,33228.274261,33227.421262,33227.490261,33228.272261,33241.819761,1,2.99999999999994,0.0299999999999997,7.00000000000003,1,2,66,0.5
582,33244.810261,33243.902761,33244.100262,33244.807762,33249.282763,0,2.99999999999994,0.0299999999999997,5.99999999999996,2,1,65,0.5
583,33253.833261,33252.715261,33253.060762,33253.833261,33258.168762,1,NaN,0,5.99999999999996,2,1,65,0.5
584,33260.405262,33259.264762,33259.620261,33260.405262,33265.578261,1,NaN,0,5.99999999999996,2,1,65,0.5
585,33267.811761,33266.877261,33267.165762,33267.811761,33274.708262,1,NaN,0,5.99999999999996,2,1,65,0.5
586,33278.648261,33277.746762,33277.864761,33278.645261,33285.708762,0,2.99999999999994,0.0299999999999997,5.99999999999996,2,1,65,0.5
587,33287.547262,33286.464261,33286.705261,33287.495256,33294.335261,1,2.99999999999994,0.0299999999999997,7.00000000000003,1,2,66,0.5
588,33296.997761,33295.816261,33295.983762,33296.944761,33316.022262,1,2.99999999999994,0.0299999999999997,7.00000000000003,1,2,66,0.5
589,33317.888761,33316.810261,33317.091262,33317.888761,33327.434761,1,NaN,0,5.99999999999996,2,1,65,0.5
590,33329.697263,33328.654761,33328.912261,33329.644762,33344.340765,0,2.99999999999994,0.0299999999999997,5.99999999999996,2,1,65,0.5
591,33345.992263,33345.047761,33345.224761,33345.989766,33445.628761,1,2.99999999999994,0.0299999999999997,7.00000000000003,1,2,66,0.5
592,33447.732262,33446.731261,33446.831261,33447.729264,33476.757261,0,2.99999999999994,0.0299999999999997,5.99999999999996,2,1,65,0.5
593,33479.292761,33478.230261,33478.587761,33479.292761,33483.474261,0,NaN,0,7.00000000000003,1,2,66,0.5
594,33486.847262,33485.736261,33485.973761,33486.847262,33492.864761,1,NaN,0,5.99999999999996,2,1,65,0.5
595,33495.311762,33494.222261,33494.373761,33495.259261,33498.751766,0,2.99999999999994,0.0299999999999997,5.99999999999996,2,1,65,0.5
596,33500.506761,33499.629762,33499.841266,33500.506761,33517.444263,1,NaN,0,5.99999999999996,2,1,65,0.5
597,33519.957265,33518.787761,33519.189261,33519.955265,33522.166761,0,2.99999999999994,0.0299999999999997,5.99999999999996,2,1,65,0.5
598,33524.129262,33523.073761,33523.372761,33524.126262,33534.234762,1,2.99999999999994,0.0299999999999997,7.00000000000003,1,2,66,0.5
599,33537.471762,33536.630262,33536.863761,33537.419261,33540.093261,0,2.99999999999994,0.0299999999999997,5.99999999999996,2,1,65,0.5
600,33541.934761,33540.901261,33541.202763,33541.882261,33550.979763,1,2.99999999999994,0.0299999999999997,7.00000000000003,1,2,66,0.5
601,33556.185761,33555.289761,33555.350756,33556.185761,33559.241765,0,NaN,0,7.00000000000003,1,2,66,0.5
602,33562.677261,33561.730262,33562.100261,33562.677261,33568.144261,0,NaN,0,7.00000000000003,1,2,66,0.5
603,33570.137263,33569.099761,33569.493261,33570.084263,33574.495262,0,2.99999999999994,0.0299999999999997,5.99999999999996,2,1,65,0.5
604,33576.616761,33575.431763,33575.731763,33576.564266,33592.645262,1,2.99999999999994,0.0299999999999997,7.00000000000003,1,2,66,0.5
605,33594.430762,33593.334761,33593.484762,33594.377261,33620.811261,1,2.99999999999994,0.0299999999999997,7.00000000000003,1,2,66,0.5
606,33622.743766,33622.187761,33622.239261,33622.743766,33624.544261,0,NaN,0,7.00000000000003,1,2,66,0.5
607,33833.602261,33832.601261,33832.747261,33833.549761,33835.907765,0,2.99999999999994,0.0299999999999997,5.99999999999996,2,1,65,0.5
608,33838.441761,33837.362761,33837.434262,33838.389261,33843.981262,1,2.99999999999994,0.0299999999999997,7.00000000000003,1,2,66,0.5
609,33847.527761,33846.633262,33846.679761,33847.527761,33850.431261,0,NaN,0,7.00000000000003,1,2,66,0.5
610,33854.860762,33853.725261,33853.873761,33854.860762,33866.618766,0,NaN,0,7.00000000000003,1,2,66,0.5
611,33874.522761,33873.595761,33873.720262,33874.522761,33875.694261,0,NaN,0,7.00000000000003,1,2,66,0.5
612,33887.164261,33885.837761,33886.061261,33887.111761,33896.520761,1,2.99999999999994,0.0299999999999997,7.00000000000003,1,2,66,0.5
613,33901.344761,33900.190761,33900.557261,33901.292261,33903.833262,0,2.99999999999994,0.0299999999999997,5.99999999999996,2,1,65,0.5
614,33905.586261,33904.645761,33904.770761,33905.533261,33966.312761,1,2.99999999999994,0.0299999999999997,7.00000000000003,1,2,66,0.5
615,33967.985262,33967.089761,33967.208762,33967.933261,33991.105761,1,2.99999999999994,0.0299999999999997,7.00000000000003,1,2,66,0.5
616,33994.287261,33993.344762,33993.392761,33994.287261,34002.170261,1,NaN,0,5.99999999999996,2,1,65,0.5
617,34005.136762,34003.987761,34004.185762,34005.136762,34008.519761,0,NaN,0,7.00000000000003,1,2,66,0.5
618,34011.666261,34010.663762,34011.085761,34011.666261,34016.570261,0,NaN,0,7.00000000000003,1,2,66,0.5
619,34020.234761,34019.556262,34019.598761,34020.234761,34026.273261,0,NaN,0,7.00000000000003,1,2,66,0.5
620,34030.114262,34028.250261,34029.280761,34030.061262,34039.899762,1,2.99999999999994,0.0299999999999997,7.00000000000003,1,2,66,0.5
621,34041.810761,34040.665261,34040.971262,34041.757761,34045.948763,1,2.99999999999994,0.0299999999999997,7.00000000000003,1,2,66,0.5
622,34048.504261,34047.586762,34047.927261,34048.504261,34051.747261,0,NaN,0,7.00000000000003,1,2,66,0.5
623,34056.017261,34054.873761,34055.401761,34056.017261,34063.466261,0,NaN,0,7.00000000000003,1,2,66,0.5
624,34065.489262,34064.479756,34064.808761,34065.489262,34068.828761,0,NaN,0,7.00000000000003,1,2,66,0.5
625,34073.161761,34071.813261,34072.384764,34073.108762,34084.623762,1,2.99999999999994,0.0299999999999997,7.00000000000003,1,2,66,0.5
626,34087.788761,34087.013762,34087.033762,34087.788761,34095.961763,0,NaN,0,7.00000000000003,1,2,66,0.5
627,34099.346761,34098.416762,34098.466256,34099.346761,34118.803261,0,NaN,0,7.00000000000003,1,2,66,0.5
628,34134.515261,34133.595761,34133.776762,34134.462762,34139.819265,1,2.99999999999994,0.0299999999999997,7.00000000000003,1,2,66,0.5
629,34142.367762,34141.561261,34141.802761,34142.367762,34158.857761,0,NaN,0,7.00000000000003,1,2,66,0.5
630,34160.724261,34159.784261,34160.108261,34160.724261,34181.189261,0,NaN,0,7.00000000000003,1,2,66,0.5
631,34182.703762,34181.705762,34182.084262,34182.703762,34190.056761,0,NaN,0,7.00000000000003,1,2,66,0.5
632,34192.163762,34190.995761,34191.402766,34192.111756,34275.596261,1,2.99999999999994,0.0299999999999997,7.00000000000003,1,2,66,0.5
633,34289.880761,34289.123761,34289.172761,34289.828262,34291.168761,0,2.99999999999994,0.0299999999999997,5.99999999999996,2,1,65,0.5
634,34293.059261,34291.926261,34292.132761,34293.059261,34304.537761,1,NaN,0,5.99999999999996,2,1,65,0.5
635,34306.296261,34305.555762,34305.662762,34306.296261,34311.986761,0,NaN,0,7.00000000000003,1,2,66,0.5
636,34314.054761,34313.184762,34313.315762,34314.002261,34321.972761,1,2.99999999999994,0.0299999999999997,7.00000000000003,1,2,66,0.5
637,34324.669261,34323.736261,34323.984261,34324.616262,34328.752761,0,2.99999999999994,0.0299999999999997,5.99999999999996,2,1,65,0.5
638,34330.848762,34329.761262,34330.058761,34330.795761,34339.427262,1,2.99999999999994,0.0299999999999997,7.00000000000003,1,2,66,0.5
639,34357.170761,34356.275761,34356.406761,34357.170761,34360.343261,0,NaN,0,7.00000000000003,1,2,66,0.5
640,34386.059761,34385.114761,34385.466262,34386.059761,34386.542762,0,NaN,0,7.00000000000003,1,2,66,0.5
641,35177.360262,35176.259265,35176.478261,35177.360262,35182.535766,0,NaN,0,7.00000000000003,1,2,66,0.5
642,35185.982761,35185.062761,35185.097762,35185.980261,35195.080761,0,2.99999999999994,0.0299999999999997,5.99999999999996,2,1,65,0.5
643,35196.909763,35196.022261,35196.167761,35196.856763,35201.869263,0,2.99999999999994,0.0299999999999997,5.99999999999996,2,1,65,0.5
644,35203.961262,35202.906761,35203.016761,35203.908263,35208.247262,1,2.99999999999994,0.0299999999999997,7.00000000000003,1,2,66,0.5
645,35210.693261,35209.788761,35209.983763,35210.693261,35240.410256,0,NaN,0,7.00000000000003,1,2,66,0.5
646,35243.374261,35242.436762,35242.538762,35243.374261,35248.454761,0,NaN,0,7.00000000000003,1,2,66,0.5
647,35250.603761,35249.626762,35249.741265,35250.603761,35251.219766,0,NaN,0,7.00000000000003,1,2,66,0.5
648,35261.584762,35258.631761,35258.868262,35261.582261,35270.573761,1,2.99999999999994,0.0299999999999997,7.00000000000003,1,2,66,0.5
649,35274.035262,35273.060261,35273.236761,35274.035262,35280.473262,0,NaN,0,7.00000000000003,1,2,66,0.5
650,35282.758261,35281.795261,35282.161766,35282.705261,35286.018762,0,2.99999999999994,0.0299999999999997,5.99999999999996,2,1,65,0.5
651,35287.650761,35286.878762,35287.031262,35287.597262,35291.806262,1,2.99999999999994,0.0299999999999997,7.00000000000003,1,2,66,0.5
652,35293.711262,35292.832261,35293.026261,35293.711262,35304.170261,0,NaN,0,7.00000000000003,1,2,66,0.5
653,35305.635261,35304.764261,35304.815261,35305.582756,35311.878761,1,2.99999999999994,0.0299999999999997,7.00000000000003,1,2,66,0.5
654,35313.890256,35313.053762,35313.303261,35313.890256,35319.462261,0,NaN,0,7.00000000000003,1,2,66,0.5
655,35331.464262,35330.581761,35330.833761,35331.410762,35338.407261,1,2.99999999999994,0.0299999999999997,7.00000000000003,1,2,66,0.5
656,35340.610761,35339.820261,35340.069261,35340.610761,35379.740262,0,NaN,0,7.00000000000003,1,2,66,0.5
657,35381.889261,35380.925261,35381.205261,35381.889261,35394.940262,0,NaN,0,7.00000000000003,1,2,66,0.5
658,35408.462264,35407.546765,35407.604262,35408.462264,35419.520762,1,NaN,0,5.99999999999996,2,1,65,0.5
659,35420.941761,35420.102262,35420.179761,35420.889261,35425.861261,1,2.99999999999994,0.0299999999999997,7.00000000000003,1,2,66,0.5
660,35429.654261,35428.915261,35429.122261,35429.654261,35439.457762,0,NaN,0,7.00000000000003,1,2,66,0.5
661,35441.459261,35440.602261,35440.778261,35441.445261,35445.179762,0,2.99999999999994,0.0299999999999997,5.99999999999996,2,1,65,0.5
662,35446.844762,35445.969763,35446.170762,35446.792261,35454.362264,1,2.99999999999994,0.0299999999999997,7.00000000000003,1,2,66,0.5
663,35456.308262,35455.583762,35455.746261,35456.308262,35459.933761,0,NaN,0,7.00000000000003,1,2,66,0.5
664,35495.467761,35494.377761,35494.651261,35495.414765,35500.904261,1,2.99999999999994,0.0299999999999997,7.00000000000003,1,2,66,0.5
665,35502.967762,35502.064761,35502.257261,35502.914762,35509.670262,0,2.99999999999994,0.0299999999999997,5.99999999999996,2,1,65,0.5
666,35514.375766,35513.599261,35513.674766,35514.375766,35521.182261,1,NaN,0,5.99999999999996,2,1,65,0.5
667,35523.073761,35522.245261,35522.431761,35523.021262,35526.927265,0,2.99999999999994,0.0299999999999997,5.99999999999996,2,1,65,0.5
668,35528.687762,35527.520762,35527.904766,35528.634765,35535.065262,1,2.99999999999994,0.0299999999999997,7.00000000000003,1,2,66,0.5
669,35548.007262,35547.200261,35547.276761,35548.007262,35561.915761,0,NaN,0,7.00000000000003,1,2,66,0.5
670,35564.818762,35563.912762,35564.264761,35564.818762,35570.489261,0,NaN,0,7.00000000000003,1,2,66,0.5
671,35573.831761,35572.699756,35573.190261,35573.831761,35576.668261,1,NaN,0,5.99999999999996,2,1,65,0.5
672,35580.764762,35579.999261,35580.205261,35580.764762,35585.704261,1,NaN,0,5.99999999999996,2,1,65,0.5
673,35589.333261,35588.339761,35588.559262,35589.280261,35609.924761,1,2.99999999999994,0.0299999999999997,7.00000000000003,1,2,66,0.5
674,35611.439262,35610.451261,35610.747762,35611.385761,35619.655765,0,2.99999999999994,0.0299999999999997,5.99999999999996,2,1,65,0.5
675,35622.771261,35621.944761,35622.052761,35622.768761,35630.905761,1,2.99999999999994,0.0299999999999997,7.00000000000003,1,2,66,0.5
676,35633.730761,35632.877762,35633.049761,35633.728261,35638.634261,0,2.99999999999994,0.0299999999999997,5.99999999999996,2,1,65,0.5
677,35640.131261,35639.338762,35639.526261,35640.078262,35650.366765,1,2.99999999999994,0.0299999999999997,7.00000000000003,1,2,66,0.5
678,35682.058265,35681.216266,35681.376266,35682.055261,35689.712761,0,2.99999999999994,0.0299999999999997,5.99999999999996,2,1,65,0.5
679,35691.688762,35690.841261,35691.013761,35691.688762,35709.126761,1,NaN,0,5.99999999999996,2,1,65,0.5
680,35711.400262,35710.406261,35710.628266,35711.392761,35717.778261,0,2.99999999999994,0.0299999999999997,5.99999999999996,2,1,65,0.5
681,35719.756263,35718.693761,35718.839761,35719.703761,35727.249762,1,2.99999999999994,0.0299999999999997,7.00000000000003,1,2,66,0.5
682,35729.026757,35728.173261,35728.243262,35728.974261,35734.078762,0,2.99999999999994,0.0299999999999997,5.99999999999996,2,1,65,0.5
683,35782.820262,35781.771762,35782.046261,35782.820262,35806.107261,1,NaN,0,5.99999999999996,2,1,65,0.5
684,35807.910262,35807.233262,35807.276261,35807.857761,35812.383762,0,2.99999999999994,0.0299999999999997,5.99999999999996,2,1,65,0.5
685,35815.540262,35814.667261,35814.714761,35815.487261,35819.573761,1,2.99999999999994,0.0299999999999997,7.00000000000003,1,2,66,0.5
686,35821.510766,35820.818262,35820.911761,35821.510766,35864.558761,0,NaN,0,7.00000000000003,1,2,66,0.5
687,35866.668261,35865.729266,35865.795763,35866.615761,35874.354261,0,2.99999999999994,0.0299999999999997,5.99999999999996,2,1,65,0.5
688,35881.242761,35880.415761,35880.503263,35881.190261,35883.878264,0,2.99999999999994,0.0299999999999997,5.99999999999996,2,1,65,0.5
689,35885.363763,35884.453761,35884.597761,35885.311762,35890.494762,1,2.99999999999994,0.0299999999999997,7.00000000000003,1,2,66,0.5
690,35892.283766,35891.482262,35891.530261,35892.230262,35897.336761,0,2.99999999999994,0.0299999999999997,5.99999999999996,2,1,65,0.5
691,35898.865262,35898.090765,35898.144262,35898.812762,35905.129261,1,2.99999999999994,0.0299999999999997,7.00000000000003,1,2,66,0.5
692,35906.838762,35906.024261,35906.204265,35906.836262,35911.103256,0,2.99999999999994,0.0299999999999997,5.99999999999996,2,1,65,0.5
693,35912.680266,35911.758261,35911.902761,35912.680266,35939.681762,1,NaN,0,5.99999999999996,2,1,65,0.5
694,35941.406761,35940.643761,35940.779261,35941.353262,35943.765761,0,2.99999999999994,0.0299999999999997,5.99999999999996,2,1,65,0.5
695,35945.204261,35944.430256,35944.577261,35945.151261,35951.531761,1,2.99999999999994,0.0299999999999997,7.00000000000003,1,2,66,0.5
696,35952.880261,35952.179261,35952.265761,35952.880261,35957.768761,1,NaN,0,5.99999999999996,2,1,65,0.5
697,35965.276261,35964.399261,35964.457261,35965.276261,35974.095761,1,NaN,0,5.99999999999996,2,1,65,0.5
698,35975.296761,35974.407261,35974.706762,35975.296761,35979.536261,1,NaN,0,5.99999999999996,2,1,65,0.5
699,35984.161761,35983.557762,35978.515761,35984.161761,36013.625261,1,NaN,0,5.99999999999996,2,1,65,0.5
700,36015.635762,36014.751762,36014.909261,36015.633761,36023.170764,1,2.99999999999994,0.0299999999999997,7.00000000000003,1,2,66,0.5
701,36024.730262,36024.019761,36024.168761,36024.677263,36030.622762,0,2.99999999999994,0.0299999999999997,5.99999999999996,2,1,65,0.5
702,36032.159762,36031.288761,36031.454761,36032.107261,36037.621756,1,2.99999999999994,0.0299999999999997,7.00000000000003,1,2,66,0.5
703,36039.122761,36038.386261,36038.417761,36039.069762,36044.604261,0,2.99999999999994,0.0299999999999997,5.99999999999996,2,1,65,0.5
704,36046.255762,36045.433261,36045.612761,36046.203262,36052.911761,1,2.99999999999994,0.0299999999999997,7.00000000000003,1,2,66,0.5
705,36057.198761,36056.214761,36056.390762,36057.198761,36058.224761,0,NaN,0,7.00000000000003,1,2,66,0.5
706,36076.793261,36075.722261,36075.774265,36076.740261,36494.113262,1,2.99999999999994,0.0299999999999997,7.00000000000003,1,2,66,0.5
707,36495.106262,36494.483261,36494.589261,36495.063261,36518.006261,0,2.99999999999994,0.0299999999999997,5.99999999999996,2,1,65,0.5
708,36520.163761,36519.364261,36519.425761,36520.110761,36531.853261,1,2.99999999999994,0.0299999999999997,7.00000000000003,1,2,66,0.5
709,36533.202261,36532.410261,36532.611761,36533.202261,36547.725261,0,NaN,0,7.00000000000003,1,2,66,0.5
710,36549.417761,36548.615761,36548.799262,36549.417761,36555.368256,1,NaN,0,5.99999999999996,2,1,65,0.5
711,36557.162261,36556.520263,36556.669761,36557.162261,36569.884261,0,NaN,0,7.00000000000003,1,2,66,0.5
712,36571.414262,36570.602762,36570.663764,36571.361765,36574.394261,1,2.99999999999994,0.0299999999999997,7.00000000000003,1,2,66,0.5
713,36576.146261,36575.497263,36575.567761,36576.144261,36579.304761,0,2.99999999999994,0.0299999999999997,5.99999999999996,2,1,65,0.5
714,36580.981761,36579.960761,36580.118262,36580.928761,36589.059761,1,2.99999999999994,0.0299999999999997,7.00000000000003,1,2,66,0.5
715,36590.735762,36590.002266,36590.179761,36590.735762,36600.273761,0,NaN,0,7.00000000000003,1,2,66,0.5
716,36601.560761,36600.950261,36601.117761,36601.560761,36618.244263,0,NaN,0,7.00000000000003,1,2,66,0.5
717,36622.204761,36621.397763,36621.474762,36622.151762,36625.626261,1,2.99999999999994,0.0299999999999997,7.00000000000003,1,2,66,0.5
718,36626.965761,36626.298761,36626.397763,36626.965761,36720.265762,0,NaN,0,7.00000000000003,1,2,66,0.5
719,36721.394762,36720.620761,36720.670261,36721.394762,36757.933262,1,NaN,0,5.99999999999996,2,1,65,0.5
720,36759.306261,36758.324766,NaN,36759.306261,36781.244262,0,NaN,0,7.00000000000003,1,2,66,0.5
721,36782.354762,36781.711761,36782.001762,36782.354762,36785.359761,0,NaN,0,7.00000000000003,1,2,66,0.5
722,36797.774761,36797.099262,36797.277761,36797.721761,36800.367761,0,2.99999999999994,0.0299999999999997,5.99999999999996,2,1,65,0.5
723,36824.082761,36823.441262,36823.470761,36824.082761,36849.388262,0,NaN,0,7.00000000000003,1,2,66,0.5
724,36869.299761,36868.742761,36868.824762,36869.299761,36876.375761,0,NaN,0,7.00000000000003,1,2,66,0.5
725,36877.706761,36876.945261,36876.989761,36877.654261,36887.292762,1,2.99999999999994,0.0299999999999997,7.00000000000003,1,2,66,0.5
726,36890.523761,36889.400761,36889.682262,36890.523761,36910.781762,1,NaN,0,5.99999999999996,2,1,65,0.5
727,36912.782261,36912.117765,36912.180761,36912.782261,36913.071762,0,NaN,0,7.00000000000003,1,2,66,0.5
728,37389.876761,37388.787261,37388.906761,37389.824262,37400.134261,0,2.99999999999994,0.0299999999999997,5.99999999999996,2,1,65,0.5
729,37404.480761,37403.523261,37403.733261,37404.427761,37406.491261,0,2.99999999999994,0.0299999999999997,5.99999999999996,2,1,65,0.5
730,37413.030261,37412.423762,37412.482262,37413.030261,37419.833763,0,NaN,0,7.00000000000003,1,2,66,0.5
731,37421.130261,37420.441761,37420.616262,37421.130261,37440.950261,0,NaN,0,7.00000000000003,1,2,66,0.5
732,37442.563261,37441.725261,37441.907761,37442.510761,37445.386762,0,2.99999999999994,0.0299999999999997,5.99999999999996,2,1,65,0.5
733,37446.923762,37446.168763,37446.268261,37446.921761,37449.872761,1,2.99999999999994,0.0299999999999997,7.00000000000003,1,2,66,0.5
734,37458.645262,37457.738261,37458.016261,37458.645262,37460.916262,0,NaN,0,7.00000000000003,1,2,66,0.5
735,37465.797261,37464.469261,37465.125262,37465.743764,37471.709261,1,2.99999999999994,0.0299999999999997,7.00000000000003,1,2,66,0.5
736,37478.374761,37477.483762,37477.754761,37478.374761,37497.763261,1,NaN,0,5.99999999999996,2,1,65,0.5
737,37501.801261,37500.584761,37500.633762,37501.801261,37504.077261,1,NaN,0,5.99999999999996,2,1,65,0.5
738,37546.299761,37545.012761,37545.268261,37546.246761,37551.188262,1,2.99999999999994,0.0299999999999997,7.00000000000003,1,2,66,0.5
739,37555.056262,37554.004261,37554.334261,37555.003762,37560.034762,1,2.99999999999994,0.0299999999999997,7.00000000000003,1,2,66,0.5
740,37562.159262,37561.562261,37561.603761,37562.159262,37565.868761,0,NaN,0,7.00000000000003,1,2,66,0.5
741,37591.606261,37590.018762,37590.452764,37591.606261,37592.408761,1,NaN,0,5.99999999999996,2,1,65,0.5
742,37624.468761,37623.131261,37623.525761,37624.415262,37690.197761,1,2.99999999999994,0.0299999999999997,7.00000000000003,1,2,66,0.5
743,37692.275261,37691.529261,37691.563261,37692.222261,37693.375762,0,2.99999999999994,0.0299999999999997,5.99999999999996,2,1,65,0.5
744,37696.124261,37695.236763,37695.412761,37696.071761,37700.536761,1,2.99999999999994,0.0299999999999997,7.00000000000003,1,2,66,0.5
745,37702.461261,37701.630261,37701.717761,37702.458761,37704.073261,0,2.99999999999994,0.0299999999999997,5.99999999999996,2,1,65,0.5
746,37705.431762,37704.676762,37704.890762,37705.431762,37708.711761,1,NaN,0,5.99999999999996,2,1,65,0.5
747,37741.216261,37740.054762,37740.080266,37741.216261,37745.884261,1,NaN,0,5.99999999999996,2,1,65,0.5
748,37823.821261,37823.149763,37823.209763,37823.821261,37856.741262,0,NaN,0,7.00000000000003,1,2,66,0.5
749,37858.227761,37857.436761,37857.586761,37858.227761,37878.032261,1,NaN,0,5.99999999999996,2,1,65,0.5
750,37880.894261,37880.247762,37880.343766,37880.894261,37886.678762,0,NaN,0,7.00000000000003,1,2,66,0.5
751,37889.965261,37889.132761,37889.424261,37889.912262,37893.013765,0,2.99999999999994,0.0299999999999997,5.99999999999996,2,1,65,0.5
752,37894.931761,37893.976261,37894.099761,37894.931761,37895.532263,1,NaN,0,5.99999999999996,2,1,65,0.5
753,37913.828261,37913.191262,37913.279263,37913.828261,37978.392262,0,NaN,0,7.00000000000003,1,2,66,0.5
754,37979.662261,37978.960261,37979.085262,37979.662261,37982.925761,0,NaN,0,7.00000000000003,1,2,66,0.5
755,37988.243756,37987.503761,37987.550262,37988.243756,37992.654761,1,NaN,0,5.99999999999996,2,1,65,0.5
756,37999.407762,37998.769261,37998.925761,37999.407762,38014.383261,0,NaN,0,7.00000000000003,1,2,66,0.5
757,38015.869261,38015.236266,38015.391761,38015.869261,38016.414266,0,NaN,0,7.00000000000003,1,2,66,0.5
758,38030.854261,38029.959761,38030.146762,38030.851761,38032.560762,0,2.99999999999994,0.0299999999999997,5.99999999999996,2,1,65,0.5
759,38033.930762,38033.145766,38033.238261,38033.927761,38037.813761,1,2.99999999999994,0.0299999999999997,7.00000000000003,1,2,66,0.5
760,38039.384261,38038.764261,38038.792761,38039.384261,38043.640261,0,NaN,0,7.00000000000003,1,2,66,0.5
761,38045.995766,38045.331261,38045.455261,38045.995766,38058.122762,0,NaN,0,7.00000000000003,1,2,66,0.5
762,38072.924761,38072.017763,38072.209763,38072.924761,38073.284761,0,NaN,0,7.00000000000003,1,2,66,0.5
763,38354.781265,38353.978761,38354.175261,38354.728761,38379.022762,0,2.99999999999994,0.0299999999999997,5.99999999999996,2,1,65,0.5
764,38381.574761,38380.657262,38380.682761,38381.521761,38391.954761,1,2.99999999999994,0.0299999999999997,7.00000000000003,1,2,66,0.5
765,38395.490761,38394.703261,38394.861261,38395.490761,38407.768262,0,NaN,0,7.00000000000003,1,2,66,0.5
766,38409.443762,38408.671762,38408.700761,38409.443762,38414.229762,0,NaN,0,7.00000000000003,1,2,66,0.5
767,38430.129262,38429.319261,38429.379762,38430.129262,38431.264261,0,NaN,0,7.00000000000003,1,2,66,0.5
768,38449.933762,38449.272266,38449.292766,38449.933762,38462.923761,0,NaN,0,7.00000000000003,1,2,66,0.5
769,38467.676761,38466.903262,38467.179761,38467.676761,38473.042761,1,NaN,0,5.99999999999996,2,1,65,0.5
770,38479.287262,38478.593266,38478.677261,38479.234265,38483.712263,0,2.99999999999994,0.0299999999999997,5.99999999999996,2,1,65,0.5
771,38485.278761,38484.496762,38484.550761,38485.226261,38501.849262,1,2.99999999999994,0.0299999999999997,7.00000000000003,1,2,66,0.5
772,38503.310261,38502.577762,38502.689761,38503.310261,38503.745761,0,NaN,0,7.00000000000003,1,2,66,0.5
773,38595.375761,38594.486261,38594.571262,38595.373261,38598.294261,0,2.99999999999994,0.0299999999999997,5.99999999999996,2,1,65,0.5
774,38606.357261,38605.502762,38605.700261,38606.303762,38610.274265,0,2.99999999999994,0.0299999999999997,5.99999999999996,2,1,65,0.5
775,38611.988761,38611.065762,38611.182261,38611.985761,38614.332762,1,2.99999999999994,0.0299999999999997,7.00000000000003,1,2,66,0.5
776,38616.132761,38615.419761,38615.449261,38616.130761,38618.583261,0,2.99999999999994,0.0299999999999997,5.99999999999996,2,1,65,0.5
777,38620.197261,38619.330261,38619.381763,38620.144761,38897.505761,1,2.99999999999994,0.0299999999999997,7.00000000000003,1,2,66,0.5
778,38920.668261,38918.245261,38918.281762,38920.668261,38998.019762,0,NaN,0,7.00000000000003,1,2,66,0.5
779,39002.085761,39001.283761,39001.472261,39002.085761,39002.565762,0,NaN,0,7.00000000000003,1,2,66,0.5
780,39017.926761,39017.307261,39017.497261,39017.926761,39071.365262,0,NaN,0,7.00000000000003,1,2,66,0.5
781,39074.386262,39073.535261,39073.667761,39074.332761,39075.378261,0,2.99999999999994,0.0299999999999997,5.99999999999996,2,1,65,0.5
782,39076.835261,39076.069261,39076.235761,39076.782261,39079.668756,1,2.99999999999994,0.0299999999999997,7.00000000000003,1,2,66,0.5
783,39082.709261,39082.019262,39082.206763,39082.709261,39084.972761,0,NaN,0,7.00000000000003,1,2,66,0.5
784,39092.995261,39092.371262,39092.446262,39092.990261,39099.505761,1,2.99999999999994,0.0299999999999997,7.00000000000003,1,2,66,0.5
785,39102.948262,39102.085261,39102.240261,39102.895261,39126.482761,0,2.99999999999994,0.0299999999999997,5.99999999999996,2,1,65,0.5
786,39127.961762,39127.087262,39127.211262,39127.908762,39137.662761,1,2.99999999999994,0.0299999999999997,7.00000000000003,1,2,66,0.5
787,39139.433762,39138.585261,39138.846261,39139.380761,39141.198261,0,2.99999999999994,0.0299999999999997,5.99999999999996,2,1,65,0.5
788,39142.370262,39141.672261,39141.843762,39142.370262,39284.674761,1,NaN,0,5.99999999999996,2,1,65,0.5
789,39354.442262,39353.632261,39353.660261,39354.389761,39359.978762,0,2.99999999999994,0.0299999999999997,5.99999999999996,2,1,65,0.5
790,39365.822263,39365.249261,39365.312762,39365.822263,39500.673261,1,NaN,0,5.99999999999996,2,1,65,0.5
791,39717.635261,39715.250262,39715.330761,39717.582762,39726.728261,0,2.99999999999994,0.0299999999999997,5.99999999999996,2,1,65,0.5
792,39728.965262,39728.233761,39728.428761,39728.965262,39740.739762,0,NaN,0,7.00000000000003,1,2,66,0.5
793,39742.118262,39741.324262,39741.440761,39742.115761,39743.868261,0,2.99999999999994,0.0299999999999997,5.99999999999996,2,1,65,0.5
794,39745.300261,39744.535761,39744.580262,39745.300261,39748.758261,1,NaN,0,5.99999999999996,2,1,65,0.5
795,39752.878262,39751.929762,39752.160761,39752.878262,39759.725261,1,NaN,0,5.99999999999996,2,1,65,0.5
796,39762.110262,39761.140761,39761.540261,39762.108261,39764.731261,0,2.99999999999994,0.0299999999999997,5.99999999999996,2,1,65,0.5
797,39767.054762,39766.272262,39766.503261,39767.054762,39774.762261,1,NaN,0,5.99999999999996,2,1,65,0.5
798,39776.354761,39775.267761,39775.651761,39776.352261,39780.141761,1,2.99999999999994,0.0299999999999997,7.00000000000003,1,2,66,0.5
799,39782.452261,39781.051262,39781.560761,39782.399761,39785.185265,0,2.99999999999994,0.0299999999999997,5.99999999999996,2,1,65,0.5
800,39786.874766,39786.072756,39786.204761,39786.821762,39792.349261,1,2.99999999999994,0.0299999999999997,7.00000000000003,1,2,66,0.5
801,39794.707762,39793.846262,39794.035761,39794.654262,39800.469261,0,2.99999999999994,0.0299999999999997,5.99999999999996,2,1,65,0.5
802,39802.461761,39801.770262,39801.894765,39802.461761,39805.230762,1,NaN,0,5.99999999999996,2,1,65,0.5
803,39822.210761,39821.059262,39821.111262,39822.210761,39857.271761,1,NaN,0,5.99999999999996,2,1,65,0.5
804,39858.748762,39857.826762,39858.116761,39858.695261,39865.408261,1,2.99999999999994,0.0299999999999997,7.00000000000003,1,2,66,0.5
805,39867.165261,39866.234762,39866.262261,39867.165261,39873.468261,1,NaN,0,5.99999999999996,2,1,65,0.5
806,39875.804761,39874.202761,39875.068761,39875.801761,39879.051762,0,2.99999999999994,0.0299999999999997,5.99999999999996,2,1,65,0.5
807,39880.755261,39879.685262,39879.857261,39880.755261,39885.502261,1,NaN,0,5.99999999999996,2,1,65,0.5
808,39887.621761,39886.572761,39886.995761,39887.568762,39890.901762,0,2.99999999999994,0.0299999999999997,5.99999999999996,2,1,65,0.5
809,39895.467762,39894.639261,39894.795761,39895.467762,39902.348261,1,NaN,0,5.99999999999996,2,1,65,0.5
810,39905.674761,39904.263261,39904.886761,39905.622261,39912.489763,1,2.99999999999994,0.0299999999999997,7.00000000000003,1,2,66,0.5
811,39914.917262,39913.306761,39914.033762,39914.864261,39922.966765,1,2.99999999999994,0.0299999999999997,7.00000000000003,1,2,66,0.5
812,39924.817762,39924.169261,39924.210761,39924.815256,39930.361261,0,2.99999999999994,0.0299999999999997,5.99999999999996,2,1,65,0.5
813,39931.820761,39931.065261,39931.242761,39931.820761,39936.876761,1,NaN,0,5.99999999999996,2,1,65,0.5
814,39939.149261,39938.214261,39938.401761,39939.149261,39941.705762,1,NaN,0,5.99999999999996,2,1,65,0.5
815,39949.016762,39947.868761,39948.360761,39949.016762,39958.966762,1,NaN,0,5.99999999999996,2,1,65,0.5
816,39960.596261,39959.541261,39959.889262,39960.542762,39963.761762,0,2.99999999999994,0.0299999999999997,5.99999999999996,2,1,65,0.5
817,39965.462262,39964.511261,39964.751262,39965.462262,39970.466266,1,NaN,0,5.99999999999996,2,1,65,0.5
818,39973.259262,39971.961263,39972.579261,39973.206761,39974.532262,0,2.99999999999994,0.0299999999999997,5.99999999999996,2,1,65,0.5
819,39982.061762,39975.342262,39975.500261,39982.008762,39987.254761,1,2.99999999999994,0.0299999999999997,7.00000000000003,1,2,66,0.5
820,39990.539761,39989.916262,39989.991262,39990.497762,39992.063761,0,2.99999999999994,0.0299999999999997,5.99999999999996,2,1,65,0.5
821,39993.703762,39992.584761,39992.939261,39993.651261,40002.088761,1,2.99999999999994,0.0299999999999997,7.00000000000003,1,2,66,0.5
822,40003.728261,40003.134761,40003.160261,40003.728261,40011.465261,0,NaN,0,7.00000000000003,1,2,66,0.5
823,40014.824762,40013.936262,40014.246261,40014.824762,40018.721762,0,NaN,0,7.00000000000003,1,2,66,0.5
824,40026.028762,40024.820761,40025.330261,40026.025762,40028.629261,1,2.99999999999994,0.0299999999999997,7.00000000000003,1,2,66,0.5
825,40031.094762,40030.337761,40030.595761,40031.094762,40045.461762,0,NaN,0,7.00000000000003,1,2,66,0.5
826,40046.375261,40045.762261,40045.940761,40046.375261,40192.421762,0,NaN,0,7.00000000000003,1,2,66,0.5
827,40193.624262,40193.000762,40193.090762,40193.609262,40307.136761,0,2.99999999999994,0.0299999999999997,5.99999999999996,2,1,65,0.5
828,40319.791263,40318.815762,40319.118761,40319.738761,40325.239764,1,2.99999999999994,0.0299999999999997,7.00000000000003,1,2,66,0.5
829,40326.853761,40326.180762,40326.370263,40326.853761,40387.570762,0,NaN,0,7.00000000000003,1,2,66,0.5
830,40394.518261,40393.009261,40393.237761,40394.465261,40407.461761,1,2.99999999999994,0.0299999999999997,7.00000000000003,1,2,66,0.5
831,40468.532761,40467.206761,40467.257762,40468.480261,40474.421261,1,2.99999999999994,0.0299999999999997,7.00000000000003,1,2,66,0.5
832,40476.339761,40475.519763,40475.592261,40476.286761,40482.045261,0,2.99999999999994,0.0299999999999997,5.99999999999996,2,1,65,0.5
833,40485.341762,40484.285262,40484.654262,40485.288762,40489.708761,1,2.99999999999994,0.0299999999999997,7.00000000000003,1,2,66,0.5
834,40498.144762,40497.161761,40497.510263,40498.144762,40502.349262,0,NaN,0,7.00000000000003,1,2,66,0.5
835,40512.063761,40511.251261,40511.308262,40512.011261,40523.563261,0,2.99999999999994,0.0299999999999997,5.99999999999996,2,1,65,0.5
836,40525.198261,40524.298761,40524.545266,40525.144766,40529.012761,1,2.99999999999994,0.0299999999999997,7.00000000000003,1,2,66,0.5
837,40530.652261,40529.868762,40530.048261,40530.652261,40533.670261,0,NaN,0,7.00000000000003,1,2,66,0.5
838,40541.633761,40540.507762,40540.831762,40541.633761,40551.401761,1,NaN,0,5.99999999999996,2,1,65,0.5
839,40566.508265,40565.862761,40565.935261,40566.508265,40571.811261,1,NaN,0,5.99999999999996,2,1,65,0.5
840,40573.230761,40572.280263,40572.570261,40573.178261,40577.937261,0,2.99999999999994,0.0299999999999997,5.99999999999996,2,1,65,0.5
841,40579.543761,40578.486261,40578.729262,40579.490762,40584.216265,1,2.99999999999994,0.0299999999999997,7.00000000000003,1,2,66,0.5
842,40585.643262,40584.893762,40585.087765,40585.590761,40590.440764,0,2.99999999999994,0.0299999999999997,5.99999999999996,2,1,65,0.5
843,40591.892262,40590.981761,40591.202262,40591.892262,40669.124762,1,NaN,0,5.99999999999996,2,1,65,0.5
844,40670.675263,40669.709262,40669.997762,40670.675263,40737.151261,1,NaN,0,5.99999999999996,2,1,65,0.5
845,40800.026261,40799.043762,40799.126762,40799.973262,40810.199262,1,2.99999999999994,0.0299999999999997,7.00000000000003,1,2,66,0.5
846,40813.160266,40812.319261,40812.455761,40813.158261,40824.632261,0,2.99999999999994,0.0299999999999997,5.99999999999996,2,1,65,0.5
847,40825.892261,40825.123261,40825.327761,40825.892261,40829.416262,1,NaN,0,5.99999999999996,2,1,65,0.5
848,40843.724761,40842.812762,40842.951261,40843.671266,40847.134761,0,2.99999999999994,0.0299999999999997,5.99999999999996,2,1,65,0.5
849,40848.580261,40847.829262,40847.965761,40848.580261,40850.920761,1,NaN,0,5.99999999999996,2,1,65,0.5
850,40878.355762,40877.598261,40877.684261,40878.353261,41330.434262,0,2.99999999999994,0.0299999999999997,5.99999999999996,2,1,65,0.5
851,41332.388261,41331.237763,41331.281763,41332.335261,41335.239766,1,2.99999999999994,0.0299999999999997,7.00000000000003,1,2,66,0.5
852,41345.023261,41344.000761,41344.105761,41345.023261,41347.611762,1,NaN,0,5.99999999999996,2,1,65,0.5
853,41361.002762,41360.379261,41360.414761,41360.958762,41363.541761,0,2.99999999999994,0.0299999999999997,5.99999999999996,2,1,65,0.5
854,41364.899261,41364.181763,41364.289262,41364.899261,41388.745263,1,NaN,0,5.99999999999996,2,1,65,0.5
855,41390.163261,41389.300261,41389.655261,41390.163261,41396.097761,0,NaN,0,7.00000000000003,1,2,66,0.5
856,41505.241762,41504.015761,41504.265262,41505.241762,41505.622761,0,NaN,0,7.00000000000003,1,2,66,0.5
857,41538.317762,41525.695761,41525.852261,NaN,41558.306261,NaN,NaN,0,5.99999999999996,2,1,65,0.5
858,41559.619761,41558.889761,41558.942261,41559.567261,41562.745261,0,2.99999999999994,0.0299999999999997,5.99999999999996,2,1,65,0.5
859,41564.228262,41563.544261,41563.647761,41564.175261,41565.326762,0,2.99999999999994,0.0299999999999997,5.99999999999996,2,1,65,0.5
860,41568.075261,41566.889762,41567.257761,41568.021766,41569.741758,1,2.99999999999994,0.0299999999999997,7.00000000000003,1,2,66,0.5
861,41571.490762,41570.640762,41571.041762,41571.490762,41590.432261,0,NaN,0,7.00000000000003,1,2,66,0.5
862,41592.475762,41591.345761,41591.695261,41592.423761,41599.892256,1,2.99999999999994,0.0299999999999997,7.00000000000003,1,2,66,0.5
863,41602.351261,41601.59226,41601.724262,41602.351261,41607.894261,0,NaN,0,7.00000000000003,1,2,66,0.5
864,41649.024762,41648.055261,41648.349261,41648.971762,41692.419262,1,2.99999999999994,0.0299999999999997,7.00000000000003,1,2,66,0.5
865,41707.113261,41706.624766,41706.684262,41707.113261,41707.519761,0,NaN,0,7.00000000000003,1,2,66,0.5
866,41750.393262,41749.505261,41749.643261,41750.340262,41756.803761,0,2.99999999999994,0.0299999999999997,5.99999999999996,2,1,65,0.5
867,41758.120262,41757.252761,41757.358761,41758.067261,41761.834761,1,2.99999999999994,0.0299999999999997,7.00000000000003,1,2,66,0.5
868,41764.245262,41763.628261,41763.745761,41764.245262,41766.966766,0,NaN,0,7.00000000000003,1,2,66,0.5
869,41872.313763,41871.388262,41871.514261,41872.313763,41872.684261,0,NaN,0,7.00000000000003,1,2,66,0.5
870,41933.804762,41921.183261,41921.300761,NaN,NaN,NaN,NaN,0,7.00000000000003,1,2,66,0.5
871,41962.976762,41962.018761,41962.192762,41962.924261,41983.869765,0,2.99999999999994,0.0299999999999997,5.99999999999996,2,1,65,0.5
872,41989.108756,41988.101261,41988.346761,41989.055762,41994.532761,1,2.99999999999994,0.0299999999999997,7.00000000000003,1,2,66,0.5
873,41998.646261,41997.378763,41997.534262,41998.646261,41999.093762,0,NaN,0,7.00000000000003,1,2,66,0.5
874,42016.585762,42015.710762,42015.865762,42016.532762,42023.100762,1,2.99999999999994,0.0299999999999997,7.00000000000003,1,2,66,0.5
875,42025.978261,42025.168261,42025.206761,42025.978261,42093.279261,0,NaN,0,7.00000000000003,1,2,66,0.5
876,42095.046262,42093.966261,42094.304761,42094.993261,42102.022262,1,2.99999999999994,0.0299999999999997,7.00000000000003,1,2,66,0.5
877,42109.133261,42108.232762,42108.500761,42109.133261,42125.499262,1,NaN,0,5.99999999999996,2,1,65,0.5
878,42127.166262,42126.379761,42126.563261,42127.163761,42137.761766,0,2.99999999999994,0.0299999999999997,5.99999999999996,2,1,65,0.5
879,42139.327761,42138.549761,42138.703262,42139.327761,42141.650762,1,NaN,0,5.99999999999996,2,1,65,0.5
880,42181.922261,42180.966261,42181.109761,42181.922261,42187.193761,1,NaN,0,5.99999999999996,2,1,65,0.5
881,42189.488762,42188.457261,42188.902762,42189.488762,42191.550265,0,NaN,0,7.00000000000003,1,2,66,0.5
882,42205.678762,42204.828762,42204.983761,42205.678762,42208.148761,1,NaN,0,5.99999999999996,2,1,65,0.5
883,42225.151761,42224.168262,42224.360761,42225.098261,42229.792764,1,2.99999999999994,0.0299999999999997,7.00000000000003,1,2,66,0.5
884,42232.103761,42230.967261,42231.466762,42232.103761,42233.522761,0,NaN,0,7.00000000000003,1,2,66,0.5
885,42260.423262,42259.539761,42259.844765,42260.371261,42263.730261,0,2.99999999999994,0.0299999999999997,5.99999999999996,2,1,65,0.5
886,42265.515761,42264.684261,42264.840761,42265.515761,42272.115262,1,NaN,0,5.99999999999996,2,1,65,0.5
887,42288.063765,42287.141762,42287.283261,42288.011761,42289.707761,0,2.99999999999994,0.0299999999999997,5.99999999999996,2,1,65,0.5
888,42310.426761,42309.437261,42309.703761,42310.426761,42351.161761,1,NaN,0,5.99999999999996,2,1,65,0.5
889,42356.826261,42355.789761,42356.081762,42356.773761,42360.860262,1,2.99999999999994,0.0299999999999997,7.00000000000003,1,2,66,0.5
890,42362.671261,42361.937262,42362.085761,42362.618761,42368.369261,0,2.99999999999994,0.0299999999999997,5.99999999999996,2,1,65,0.5
891,42370.005261,42369.078761,42369.362761,42370.003261,42375.170761,1,2.99999999999994,0.0299999999999997,7.00000000000003,1,2,66,0.5
892,42377.357262,42376.255261,42376.658261,42377.304262,42386.139761,0,2.99999999999994,0.0299999999999997,5.99999999999996,2,1,65,0.5
893,42387.750762,42386.958763,42387.071762,42387.750762,42388.186262,1,NaN,0,5.99999999999996,2,1,65,0.5
894,42431.815762,42430.866261,42431.034761,42431.815762,42433.931761,0,NaN,0,7.00000000000003,1,2,66,0.5
895,42811.926761,42810.906761,42811.086262,42811.926761,42879.916261,0,NaN,0,7.00000000000003,1,2,66,0.5
896,42882.055262,42881.088761,42881.122265,42882.055262,42884.216261,1,NaN,0,5.99999999999996,2,1,65,0.5
897,42939.422761,42938.114761,42938.214761,42939.422761,42970.194762,1,NaN,0,5.99999999999996,2,1,65,0.5
898,42971.816261,42970.905761,42971.126261,42971.816261,42972.156761,0,NaN,0,7.00000000000003,1,2,66,0.5
899,43000.427761,42998.995762,42999.525761,43000.425262,43004.709761,1,2.99999999999994,0.0299999999999997,7.00000000000003,1,2,66,0.5
900,43024.392761,43023.559761,43023.649261,43024.340262,43049.922261,1,2.99999999999994,0.0299999999999997,7.00000000000003,1,2,66,0.5
901,43061.768261,43060.944761,43061.138264,43061.768261,43077.665261,1,NaN,0,5.99999999999996,2,1,65,0.5
902,43088.710261,43087.962762,43088.173761,43088.710261,43090.011262,1,NaN,0,5.99999999999996,2,1,65,0.5
903,43100.387261,43099.333261,43099.516761,43100.387261,43103.705762,1,NaN,0,5.99999999999996,2,1,65,0.5
904,43118.823761,43117.568261,43118.085261,43118.771261,43126.204263,1,2.99999999999994,0.0299999999999997,7.00000000000003,1,2,66,0.5
905,43127.846762,43126.927761,43127.086761,43127.844261,43134.661764,0,2.99999999999994,0.0299999999999997,5.99999999999996,2,1,65,0.5
906,43141.481261,43140.788261,43140.900761,43141.481261,44048.92726,1,NaN,0,5.99999999999996,2,1,65,0.5
907,44051.195261,44050.309261,44050.450762,44051.195261,44051.582261,0,NaN,0,7.00000000000003,1,2,66,0.5
908,44060.200761,44059.062256,44059.199763,44060.200761,44077.054761,1,NaN,0,5.99999999999996,2,1,65,0.5
909,44079.471261,44078.506761,44078.717261,44079.471261,44137.068761,0,NaN,0,7.00000000000003,1,2,66,0.5
910,44139.257761,44137.563261,44137.662761,44139.205761,44142.736762,0,2.99999999999994,0.0299999999999997,5.99999999999996,2,1,65,0.5
911,44144.825261,44143.467261,44143.548761,44144.772761,44150.320261,1,2.99999999999994,0.0299999999999997,7.00000000000003,1,2,66,0.5
912,44152.565762,44151.878761,44151.968761,44152.565762,44157.805761,0,NaN,0,7.00000000000003,1,2,66,0.5
913,44161.581761,44160.553762,44160.760262,44161.528762,44167.140261,1,2.99999999999994,0.0299999999999997,7.00000000000003,1,2,66,0.5
914,44171.067761,44170.223262,44170.453765,44171.067761,44179.470762,0,NaN,0,7.00000000000003,1,2,66,0.5
915,44181.762762,44180.179761,44180.775266,44181.760262,44221.499761,1,2.99999999999994,0.0299999999999997,7.00000000000003,1,2,66,0.5
916,44223.803761,44222.884761,44222.984262,44223.751262,44226.268261,0,2.99999999999994,0.0299999999999997,5.99999999999996,2,1,65,0.5
917,44227.787262,44226.808261,44227.091762,44227.787262,44246.337262,1,NaN,0,5.99999999999996,2,1,65,0.5
918,44260.748761,44259.215262,44259.865261,44260.695761,44263.220261,0,2.99999999999994,0.0299999999999997,5.99999999999996,2,1,65,0.5
919,44264.733261,44263.855761,44264.038761,44264.733261,44273.301261,1,NaN,0,5.99999999999996,2,1,65,0.5
920,44279.154261,44278.237761,44278.438761,44279.154261,44284.347762,1,NaN,0,5.99999999999996,2,1,65,0.5
921,44331.955261,44331.119261,44331.153262,44331.902261,44333.451261,1,2.99999999999994,0.0299999999999997,7.00000000000003,1,2,66,0.5
922,44338.348762,44337.415761,44337.513761,44338.296261,44343.693262,0,2.99999999999994,0.0299999999999997,5.99999999999996,2,1,65,0.5
923,44345.069761,44344.236261,44344.305261,44345.016261,44350.783261,1,2.99999999999994,0.0299999999999997,7.00000000000003,1,2,66,0.5
924,44353.375261,44352.343761,44352.560761,44353.322261,44360.489762,0,2.99999999999994,0.0299999999999997,5.99999999999996,2,1,65,0.5
925,44365.213261,44362.038262,44362.458262,44365.160262,44374.670762,1,2.99999999999994,0.0299999999999997,7.00000000000003,1,2,66,0.5
926,44377.618761,44376.528261,44376.894761,44377.618761,44380.941261,1,NaN,0,5.99999999999996,2,1,65,0.5
927,44403.023262,44401.991262,44402.099761,44403.023262,44444.630762,1,NaN,0,5.99999999999996,2,1,65,0.5
928,44464.578761,44463.324761,44463.738761,44464.578761,44465.072761,1,NaN,0,5.99999999999996,2,1,65,0.5
929,44597.786762,44597.164261,44597.279261,44597.786762,44598.666261,0,NaN,0,7.00000000000003,1,2,66,0.5
930,44673.466762,44672.652256,44672.760762,44673.413262,44679.921761,0,2.99999999999994,0.0299999999999997,5.99999999999996,2,1,65,0.5
931,44682.081261,44680.927262,44681.030262,44682.078762,44690.159261,1,2.99999999999994,0.0299999999999997,7.00000000000003,1,2,66,0.5
932,44692.507261,44691.679761,44691.822261,44692.453762,44697.963761,0,2.99999999999994,0.0299999999999997,5.99999999999996,2,1,65,0.5
933,44699.902761,44699.086261,44699.098261,44699.850262,44755.708761,1,2.99999999999994,0.0299999999999997,7.00000000000003,1,2,66,0.5
934,44783.503262,44782.802762,44782.847261,44783.503262,44883.731762,0,NaN,0,7.00000000000003,1,2,66,0.5
935,44896.560261,44895.678761,44895.753761,44896.507761,44900.271761,1,2.99999999999994,0.0299999999999997,7.00000000000003,1,2,66,0.5
936,44902.440762,44901.360261,44901.764762,44902.440762,44903.018265,0,NaN,0,7.00000000000003,1,2,66,0.5
937,44912.359262,44911.735763,44911.766761,44912.346761,44916.230262,0,2.99999999999994,0.0299999999999997,5.99999999999996,2,1,65,0.5
938,44918.153261,44916.850761,44917.003762,44918.100761,44930.512261,1,2.99999999999994,0.0299999999999997,7.00000000000003,1,2,66,0.5
939,44932.474761,44931.421261,44931.737266,44932.474761,NaN,1,NaN,0,5.99999999999996,2,1,65,0.5
