trial,outcome,center_in,center_out,side_in,last_side_out,actions,reward,trial_types,odors,port_side,schedule,odor_name,odor_dur
1,2507.002634,2506.406634,2506.525967,2507.002634,2512.460628,0,NaN,0,7.00000000000003,1,2,66,0.5
2,2520.007287,2518.607289,2519.301955,2519.953954,2532.016609,0,2.99999999999994,0.0299999999999997,5.99999999999996,2,1,65,0.5
3,2532.979941,2532.489275,2532.593275,2532.926608,2545.837928,1,2.99999999999994,0.0299999999999997,7.00000000000003,1,2,66,0.5
4,2547.267927,2546.598594,2546.81926,2547.214593,2553.400587,0,2.99999999999994,0.0299999999999997,5.99999999999996,2,1,65,0.5
5,2555.991251,2553.907253,2554.055253,2555.937918,2558.773915,0,2.99999999999994,0.0299999999999997,5.99999999999996,2,1,65,0.5
6,2562.396578,2561.526579,2561.925912,2562.343245,2564.890576,1,2.99999999999994,0.0299999999999997,7.00000000000003,1,2,66,0.5
7,2568.211906,2567.666573,2567.790573,2568.158573,2589.941884,1,2.99999999999994,0.0299999999999997,7.00000000000003,1,2,66,0.5
8,2592.011882,2590.53455,2590.887883,2592.011882,2601.09654,0,NaN,0,7.00000000000003,1,2,66,0.5
9,2609.725198,2609.027198,2609.358531,2609.725198,2627.378513,0,NaN,0,7.00000000000003,1,2,66,0.5
10,2628.428512,2627.807179,2628.059179,2628.428512,2628.761845,0,NaN,0,7.00000000000003,1,2,66,0.5
11,2634.857172,2634.03584,2634.513173,2634.857172,2635.408505,0,NaN,0,7.00000000000003,1,2,66,0.5
12,2649.351825,2648.16716,2648.740492,2649.351825,2658.332482,1,NaN,0,5.99999999999996,2,1,65,0.5
13,2661.823812,2661.053813,2661.381813,2661.770479,2663.196477,0,2.99999999999994,0.0299999999999997,5.99999999999996,2,1,65,0.5
14,2668.655805,2667.595806,2667.887139,2668.602472,2671.483802,1,2.99999999999994,0.0299999999999997,7.00000000000003,1,2,66,0.5
15,2672.817134,2672.141802,2672.351135,2672.763801,2681.285793,0,2.99999999999994,0.0299999999999997,5.99999999999996,2,1,65,0.5
16,2682.355125,2681.743792,2682.020459,2682.355125,2686.785787,0,NaN,0,7.00000000000003,1,2,66,0.5
17,2692.267782,2690.891116,2691.399116,2692.214448,2694.495779,1,2.99999999999994,0.0299999999999997,7.00000000000003,1,2,66,0.5
18,2695.983111,2695.193779,2695.508445,2695.929778,2765.933041,0,2.99999999999994,0.0299999999999997,5.99999999999996,2,1,65,0.5
19,2767.397707,2766.564374,2766.85304,2767.344373,2775.832365,0,2.99999999999994,0.0299999999999997,5.99999999999996,2,1,65,0.5
20,2777.806363,2777.158363,2777.362363,2777.806363,2790.34235,1,NaN,0,5.99999999999996,2,1,65,0.5
21,2792.656348,2791.641016,2791.967015,2792.656348,2857.146283,1,NaN,0,5.99999999999996,2,1,65,0.5
22,2858.683615,2857.966949,2858.233616,2858.630282,2863.46161,0,2.99999999999994,0.0299999999999997,5.99999999999996,2,1,65,0.5
23,2865.737608,2864.976942,2865.327609,2865.737608,2872.048935,1,NaN,0,5.99999999999996,2,1,65,0.5
24,2874.822932,2874.2776,2874.3676,2874.822932,2875.204265,1,NaN,0,5.99999999999996,2,1,65,0.5
25,2882.810258,2881.660926,2882.389592,2882.810258,2888.641585,0,NaN,0,7.00000000000003,1,2,66,0.5
26,2890.97225,2890.347584,2890.606917,2890.95025,2892.970248,0,2.99999999999994,0.0299999999999997,5.99999999999996,2,1,65,0.5
27,2913.452894,2911.842895,2913.036228,2913.452894,2918.764222,0,NaN,0,7.00000000000003,1,2,66,0.5
28,2920.659553,2919.716888,2920.192887,2920.659553,2926.160881,1,NaN,0,5.99999999999996,2,1,65,0.5
29,2929.927544,2928.322212,2929.464211,2929.927544,2930.426877,0,NaN,0,7.00000000000003,1,2,66,0.5
30,2950.871523,2938.248869,2938.534202,NaN,NaN,NaN,NaN,0,5.99999999999996,2,1,65,0.5
31,2969.106838,2956.484184,2956.826184,NaN,NaN,NaN,NaN,0,5.99999999999996,2,1,65,0.5
32,3018.969455,3006.346801,3006.720134,NaN,3058.104082,NaN,NaN,0,7.00000000000003,1,2,66,0.5
33,3059.538748,3058.668082,3058.901415,3059.485414,3064.512076,0,2.99999999999994,0.0299999999999997,5.99999999999996,2,1,65,0.5
34,3165.096642,3152.473988,3152.745988,NaN,NaN,NaN,NaN,0,7.00000000000003,1,2,66,0.5
35,3185.103289,3183.061958,3183.847957,3185.049956,3191.526616,1,2.99999999999994,0.0299999999999997,7.00000000000003,1,2,66,0.5
36,3199.179941,3196.713944,3197.539943,3199.179941,3199.870607,0,NaN,0,7.00000000000003,1,2,66,0.5
37,3212.347928,3210.153265,3210.63793,3212.294595,3213.301927,0,2.99999999999994,0.0299999999999997,5.99999999999996,2,1,65,0.5
38,3215.388592,3214.224593,3214.511259,3215.335259,3220.784586,1,2.99999999999994,0.0299999999999997,7.00000000000003,1,2,66,0.5
39,3225.249915,3224.571249,3224.701249,3225.249915,3245.137229,0,NaN,0,7.00000000000003,1,2,66,0.5
40,3247.241893,3246.522561,3246.769227,3247.241893,3250.948556,0,NaN,0,7.00000000000003,1,2,66,0.5
41,3253.71722,3252.929221,3253.227221,3253.663887,3255.862551,0,2.99999999999994,0.0299999999999997,5.99999999999996,2,1,65,0.5
42,3391.414416,3378.791762,3379.715094,NaN,3422.245718,NaN,NaN,0,7.00000000000003,1,2,66,0.5
43,3425.691048,3424.07705,3424.452383,3425.691048,3443.736364,0,NaN,0,7.00000000000003,1,2,66,0.5
44,3452.383688,3450.406357,3450.73369,3452.330355,3458.731015,1,2.99999999999994,0.0299999999999997,7.00000000000003,1,2,66,0.5
45,3461.626346,3460.80968,3461.129013,3461.626346,3462.177012,0,NaN,0,7.00000000000003,1,2,66,0.5
46,3471.405003,3469.723004,3469.805004,3471.351669,3477.439663,0,2.99999999999994,0.0299999999999997,5.99999999999996,2,1,65,0.5
47,3480.322327,3478.820328,3479.892327,3480.322327,3485.770988,0,NaN,0,7.00000000000003,1,2,66,0.5
48,3487.52632,3486.712321,3487.026987,3487.52632,3493.677647,0,NaN,0,7.00000000000003,1,2,66,0.5
49,3497.972309,3496.85631,3497.386977,3497.918976,3503.84697,1,2.99999999999994,0.0299999999999997,7.00000000000003,1,2,66,0.5
50,3509.669631,3508.980299,3509.160965,3509.669631,3515.336292,0,NaN,0,7.00000000000003,1,2,66,0.5
51,3517.069624,3516.444957,3516.601624,3517.050957,3519.579621,1,2.99999999999994,0.0299999999999997,7.00000000000003,1,2,66,0.5
52,3523.290951,3520.498953,3521.844952,3523.290951,3528.978278,0,NaN,0,7.00000000000003,1,2,66,0.5
53,3538.306269,3536.943604,3537.126937,3538.252936,3543.346264,1,2.99999999999994,0.0299999999999997,7.00000000000003,1,2,66,0.5
54,3545.590262,3544.466929,3544.556263,3545.590262,3566.644907,0,NaN,0,7.00000000000003,1,2,66,0.5
55,3569.130238,3568.317572,3568.700239,3569.130238,3569.813571,0,NaN,0,7.00000000000003,1,2,66,0.5
56,3592.444881,3591.159549,3591.532882,3592.391548,3596.77021,1,2.99999999999994,0.0299999999999997,7.00000000000003,1,2,66,0.5
57,3600.93754,3598.577542,3598.813542,3600.93754,3601.113539,0,NaN,0,7.00000000000003,1,2,66,0.5
58,3610.886196,3610.013531,3610.340197,3610.832863,3617.654856,1,2.99999999999994,0.0299999999999997,7.00000000000003,1,2,66,0.5
59,3619.562854,3618.656855,3619.062188,3619.509521,3624.484183,0,2.99999999999994,0.0299999999999997,5.99999999999996,2,1,65,0.5
60,3626.90818,3626.195514,3626.416847,3626.854847,3635.441505,1,2.99999999999994,0.0299999999999997,7.00000000000003,1,2,66,0.5
61,3639.414168,3638.631502,3638.754835,3639.414168,3642.919498,1,NaN,0,5.99999999999996,2,1,65,0.5
62,3645.776161,3645.049496,3645.396829,3645.776161,3648.630825,0,NaN,0,7.00000000000003,1,2,66,0.5
63,3654.936819,3654.373486,3654.510819,3654.883486,3658.902148,1,2.99999999999994,0.0299999999999997,7.00000000000003,1,2,66,0.5
64,3662.440811,3661.667479,3661.692812,3662.440811,3668.874138,0,NaN,0,7.00000000000003,1,2,66,0.5
65,3673.247467,3670.852136,3671.346803,3673.247467,3689.792784,1,NaN,0,5.99999999999996,2,1,65,0.5
66,3691.524116,3690.790783,3691.100116,3691.470782,3693.886114,0,2.99999999999994,0.0299999999999997,5.99999999999996,2,1,65,0.5
67,3696.091445,3695.174112,3695.362112,3696.038111,3700.986773,1,2.99999999999994,0.0299999999999997,7.00000000000003,1,2,66,0.5
68,3704.20877,3703.061438,3703.680104,3704.20877,3708.807432,0,NaN,0,7.00000000000003,1,2,66,0.5
69,3711.332096,3710.556097,3710.836096,3711.278763,4198.360942,0,2.99999999999994,0.0299999999999997,5.99999999999996,2,1,65,0.5
70,4201.256939,4200.336274,4200.69894,4201.203606,4205.312269,0,2.99999999999994,0.0299999999999997,5.99999999999996,2,1,65,0.5
71,4318.116156,4316.850157,4317.27149,4318.062823,4321.167486,1,2.99999999999994,0.0299999999999997,7.00000000000003,1,2,66,0.5
72,4323.47215,4322.537485,4322.776818,4323.47215,4333.751473,0,NaN,0,7.00000000000003,1,2,66,0.5
73,4335.585472,4334.823472,4335.014139,4335.585472,4341.500132,0,NaN,0,7.00000000000003,1,2,66,0.5
74,4343.769463,4342.346132,4342.615465,4343.769463,4349.278791,0,NaN,0,7.00000000000003,1,2,66,0.5
75,4351.280789,4350.11879,4350.866123,4351.280789,4351.965455,0,NaN,0,7.00000000000003,1,2,66,0.5
76,4361.396779,4359.859447,4360.77278,4361.343446,4363.585444,1,2.99999999999994,0.0299999999999997,7.00000000000003,1,2,66,0.5
77,4367.44344,4366.489441,4366.98744,4367.44344,4368.042773,0,NaN,0,7.00000000000003,1,2,66,0.5
78,4391.528749,4390.689417,4390.992083,4391.528749,4459.870014,0,NaN,0,7.00000000000003,1,2,66,0.5
79,4462.770678,4460.571347,4460.89468,4462.770678,4468.266672,0,NaN,0,7.00000000000003,1,2,66,0.5
80,4470.453337,4469.290005,4469.636671,4470.400004,4471.826002,0,2.99999999999994,0.0299999999999997,5.99999999999996,2,1,65,0.5
81,4474.847999,4473.808667,4474.270666,4474.794666,4479.525994,1,2.99999999999994,0.0299999999999997,7.00000000000003,1,2,66,0.5
82,4491.955315,4490.827983,4491.074649,4491.955315,4497.858643,1,NaN,0,5.99999999999996,2,1,65,0.5
83,4501.690639,4500.23864,4501.009973,4501.637306,4504.160636,1,2.99999999999994,0.0299999999999997,7.00000000000003,1,2,66,0.5
84,4507.5613,4505.846635,4505.937968,4507.5613,4510.77263,0,NaN,0,7.00000000000003,1,2,66,0.5
85,4521.959952,4521.110619,4521.184619,4521.906619,4535.093939,1,2.99999999999994,0.0299999999999997,7.00000000000003,1,2,66,0.5
86,4539.900601,4538.837268,4539.202601,4539.847267,4542.476598,0,2.99999999999994,0.0299999999999997,5.99999999999996,2,1,65,0.5
87,4545.453262,4544.356596,4544.491263,4545.399929,4551.934589,1,2.99999999999994,0.0299999999999997,7.00000000000003,1,2,66,0.5
88,4554.128586,4553.440587,4553.535254,4554.128586,4570.61057,0,NaN,0,7.00000000000003,1,2,66,0.5
89,4572.318568,4571.661902,4571.849902,4572.318568,4576.828564,0,NaN,0,7.00000000000003,1,2,66,0.5
90,4578.567229,4577.879229,4578.023896,4578.513895,4585.534555,1,2.99999999999994,0.0299999999999997,7.00000000000003,1,2,66,0.5
91,4587.298553,4586.597887,4586.777887,4587.24522,4591.538549,0,2.99999999999994,0.0299999999999997,5.99999999999996,2,1,65,0.5
92,4593.067214,4592.445215,4592.510548,4593.013881,4598.598542,1,2.99999999999994,0.0299999999999997,7.00000000000003,1,2,66,0.5
93,4600.80254,4600.209207,4600.272541,4600.80254,4605.093202,0,NaN,0,7.00000000000003,1,2,66,0.5
94,4607.885866,4607.3152,4607.4792,4607.885866,4613.723194,0,NaN,0,7.00000000000003,1,2,66,0.5
95,4616.149191,4615.661192,4615.698525,4616.149191,4628.423845,1,NaN,0,5.99999999999996,2,1,65,0.5
96,4630.123177,4629.467178,4629.716511,4630.123177,4636.721837,0,NaN,0,7.00000000000003,1,2,66,0.5
97,4639.071835,4637.602503,4637.833836,4639.018502,4643.081831,1,2.99999999999994,0.0299999999999997,7.00000000000003,1,2,66,0.5
98,4644.979162,4644.264496,4644.500496,4644.925829,4653.080488,0,2.99999999999994,0.0299999999999997,5.99999999999996,2,1,65,0.5
99,4654.344486,4653.71982,4653.95582,4654.327153,4660.64848,0,2.99999999999994,0.0299999999999997,5.99999999999996,2,1,65,0.5
100,4662.693811,4662.069145,4662.187145,4662.675145,4668.190472,1,2.99999999999994,0.0299999999999997,7.00000000000003,1,2,66,0.5
101,4669.978471,4669.339138,4669.437138,4669.978471,4675.555798,0,NaN,0,7.00000000000003,1,2,66,0.5
102,4677.428463,4676.626464,4676.950464,4677.37513,4690.33445,1,2.99999999999994,0.0299999999999997,7.00000000000003,1,2,66,0.5
103,4692.103782,4691.181783,4691.639782,4692.103782,4698.764442,0,NaN,0,7.00000000000003,1,2,66,0.5
104,4702.229772,4700.98844,4701.485772,4702.176438,4708.022433,1,2.99999999999994,0.0299999999999997,7.00000000000003,1,2,66,0.5
105,4710.745763,4709.933097,4710.051097,4710.69243,4717.255757,0,2.99999999999994,0.0299999999999997,5.99999999999996,2,1,65,0.5
106,4719.057755,4718.433089,4718.638422,4719.048422,4723.053751,0,2.99999999999994,0.0299999999999997,5.99999999999996,2,1,65,0.5
107,4724.757082,4724.184416,4724.23575,4724.703749,4732.023075,1,2.99999999999994,0.0299999999999997,7.00000000000003,1,2,66,0.5
108,4734.351073,4733.673074,4733.829073,4734.29774,4737.366403,0,2.99999999999994,0.0299999999999997,5.99999999999996,2,1,65,0.5
109,4739.149068,4738.524402,4738.611735,4739.111735,4746.053061,1,2.99999999999994,0.0299999999999997,7.00000000000003,1,2,66,0.5
110,4747.53106,4747.02106,4747.074394,4747.53106,4750.817056,0,NaN,0,7.00000000000003,1,2,66,0.5
111,4759.093715,4758.207716,4758.617049,4759.093715,4764.494376,0,NaN,0,7.00000000000003,1,2,66,0.5
112,4766.339041,4765.514375,4765.709708,4766.339041,4812.074329,1,NaN,0,5.99999999999996,2,1,65,0.5
113,4813.478327,4812.926328,4813.038331,4813.478327,4820.39032,0,NaN,0,7.00000000000003,1,2,66,0.5
114,4821.710319,4821.07032,4821.307653,4821.710319,4829.114311,0,NaN,0,7.00000000000003,1,2,66,0.5
115,4838.896968,4837.948303,4838.117636,4838.843635,4842.777631,1,2.99999999999994,0.0299999999999997,7.00000000000003,1,2,66,0.5
116,4845.140295,4844.03763,4844.206296,4845.086962,4848.016959,0,2.99999999999994,0.0299999999999997,5.99999999999996,2,1,65,0.5
117,4849.732958,4849.167625,4849.224291,4849.732958,4855.529618,1,NaN,0,5.99999999999996,2,1,65,0.5
118,4857.954283,4856.82895,4857.103617,4857.900949,4863.498277,1,2.99999999999994,0.0299999999999997,7.00000000000003,1,2,66,0.5
119,4865.476942,4864.717609,4865.060942,4865.476942,4868.362939,0,NaN,0,7.00000000000003,1,2,66,0.5
120,4879.450261,4878.592929,4878.895595,4879.450261,4892.352248,0,NaN,0,7.00000000000003,1,2,66,0.5
121,4894.418246,4893.61558,4893.708247,4894.364913,4897.54891,0,2.99999999999994,0.0299999999999997,5.99999999999996,2,1,65,0.5
122,4973.9015,4972.844834,4973.198834,4973.848167,4977.51883,1,2.99999999999994,0.0299999999999997,7.00000000000003,1,2,66,0.5
123,4979.707494,4978.757495,4978.845495,4979.654161,4982.941491,0,2.99999999999994,0.0299999999999997,5.99999999999996,2,1,65,0.5
124,4985.474822,4984.850156,4984.967489,4985.442822,4988.837485,1,2.99999999999994,0.0299999999999997,7.00000000000003,1,2,66,0.5
125,4990.62815,4989.828151,4990.18615,4990.62815,4997.099477,0,NaN,0,7.00000000000003,1,2,66,0.5
126,5001.286806,5000.560807,5000.83614,5001.233473,5004.904136,0,2.99999999999994,0.0299999999999997,5.99999999999996,2,1,65,0.5
127,5007.0068,5006.512134,5006.572134,5007.0068,5010.634797,1,NaN,0,5.99999999999996,2,1,65,0.5
128,5013.800794,5012.971461,5013.292794,5013.74746,5017.906789,1,2.99999999999994,0.0299999999999997,7.00000000000003,1,2,66,0.5
129,5019.342788,5018.575455,5018.916788,5019.342788,5025.418782,0,NaN,0,7.00000000000003,1,2,66,0.5
130,5031.140109,5030.19411,5030.360777,5031.140109,5033.592107,0,NaN,0,7.00000000000003,1,2,66,0.5
131,5040.1001,5039.401435,5039.660768,5040.1001,5044.563429,1,NaN,0,5.99999999999996,2,1,65,0.5
132,5049.407425,5048.524092,5048.969425,5049.407425,5054.214086,1,NaN,0,5.99999999999996,2,1,65,0.5
133,5058.024083,5056.538084,5057.356083,5057.970749,5062.270745,1,2.99999999999994,0.0299999999999997,7.00000000000003,1,2,66,0.5
134,5065.644075,5064.986076,5065.242075,5065.644075,5071.092069,0,NaN,0,7.00000000000003,1,2,66,0.5
135,5074.479399,5073.8854,5074.098733,5074.479399,5077.52873,0,NaN,0,7.00000000000003,1,2,66,0.5
136,5084.264723,5083.498057,5083.824723,5084.264723,5086.662054,1,NaN,0,5.99999999999996,2,1,65,0.5
137,5094.318046,5093.596714,5093.914713,5094.318046,5096.95071,0,NaN,0,7.00000000000003,1,2,66,0.5
138,5103.79537,5103.059371,5103.350704,5103.742037,5110.190697,1,2.99999999999994,0.0299999999999997,7.00000000000003,1,2,66,0.5
139,5112.807361,5111.812695,5111.873362,5112.754028,5119.530021,1,2.99999999999994,0.0299999999999997,7.00000000000003,1,2,66,0.5
140,5122.600018,5120.55602,5120.63802,5122.600018,5128.804012,1,NaN,0,5.99999999999996,2,1,65,0.5
141,5132.592008,5131.669342,5132.043342,5132.592008,5138.184002,1,NaN,0,5.99999999999996,2,1,65,0.5
142,5141.470666,5140.800666,5141.046666,5141.470666,5145.971328,0,NaN,0,7.00000000000003,1,2,66,0.5
143,5148.613992,5147.822659,5148.185992,5148.560659,5151.360656,0,2.99999999999994,0.0299999999999997,5.99999999999996,2,1,65,0.5
144,5153.486654,5152.906654,5153.037988,5153.433321,5161.304646,1,2.99999999999994,0.0299999999999997,7.00000000000003,1,2,66,0.5
145,5163.130644,5162.505978,5162.664645,5163.098644,5167.808639,0,2.99999999999994,0.0299999999999997,5.99999999999996,2,1,65,0.5
146,5169.585304,5168.915305,5169.003972,5169.531971,5176.418631,1,2.99999999999994,0.0299999999999997,7.00000000000003,1,2,66,0.5
147,5178.561962,5177.937296,5178.104629,5178.527962,5184.413956,0,2.99999999999994,0.0299999999999997,5.99999999999996,2,1,65,0.5
148,5185.907955,5185.295289,5185.407289,5185.907955,5191.010616,1,NaN,0,5.99999999999996,2,1,65,0.5
149,5192.411948,5191.855949,5192.064615,5192.411948,5200.91794,0,NaN,0,7.00000000000003,1,2,66,0.5
150,5204.05727,5203.365937,5203.57127,5204.003937,5208.148599,0,2.99999999999994,0.0299999999999997,5.99999999999996,2,1,65,0.5
151,5210.629263,5210.004597,5210.061264,5210.58593,5217.679923,1,2.99999999999994,0.0299999999999997,7.00000000000003,1,2,66,0.5
152,5219.923254,5219.085255,5219.171255,5219.923254,5228.204579,0,NaN,0,7.00000000000003,1,2,66,0.5
153,5231.107243,5229.408578,5229.521911,5231.107243,5236.359904,0,NaN,0,7.00000000000003,1,2,66,0.5
154,5238.166569,5237.29257,5237.63457,5238.113236,5245.519895,1,2.99999999999994,0.0299999999999997,7.00000000000003,1,2,66,0.5
155,5247.535893,5246.923894,5247.183227,5247.535893,5253.69522,0,NaN,0,7.00000000000003,1,2,66,0.5
156,5255.158552,5254.429219,5254.711219,5255.158552,5255.621218,0,NaN,0,7.00000000000003,1,2,66,0.5
157,5277.299863,5276.411864,5276.665197,5277.299863,5277.846529,0,NaN,0,7.00000000000003,1,2,66,0.5
158,5382.036425,5380.54376,5380.85376,5381.983092,5386.453087,0,2.99999999999994,0.0299999999999997,5.99999999999996,2,1,65,0.5
159,5395.532412,5394.745079,5395.021079,5395.532412,5398.512409,0,NaN,0,7.00000000000003,1,2,66,0.5
160,5403.015071,5402.318405,5402.615071,5403.015071,5407.776399,0,NaN,0,7.00000000000003,1,2,66,0.5
161,5409.432398,5408.803065,5408.991065,5409.432398,5414.315726,0,NaN,0,7.00000000000003,1,2,66,0.5
162,5422.199718,5421.171053,5421.410386,5422.199718,5458.245682,0,NaN,0,7.00000000000003,1,2,66,0.5
163,5460.71568,5459.129015,5459.409681,5460.662347,5466.277008,1,2.99999999999994,0.0299999999999997,7.00000000000003,1,2,66,0.5
164,5468.554339,5467.617006,5467.64234,5468.501005,5471.040336,0,2.99999999999994,0.0299999999999997,5.99999999999996,2,1,65,0.5
165,5476.585664,5475.636998,5475.895665,5476.585664,5482.972991,1,NaN,0,5.99999999999996,2,1,65,0.5
166,5485.211655,5484.595656,5484.772989,5485.211655,5491.216316,0,NaN,0,7.00000000000003,1,2,66,0.5
167,5493.89298,5492.468315,5493.448981,5493.839647,5497.30231,0,2.99999999999994,0.0299999999999997,5.99999999999996,2,1,65,0.5
168,5499.862307,5499.369641,5499.440308,5499.862307,5515.535625,1,NaN,0,5.99999999999996,2,1,65,0.5
169,5516.889624,5516.199624,5516.444291,5516.83629,5519.626288,0,2.99999999999994,0.0299999999999997,5.99999999999996,2,1,65,0.5
170,5521.175619,5520.55962,5520.76562,5521.175619,5525.614282,1,NaN,0,5.99999999999996,2,1,65,0.5
171,5528.180279,5527.36628,5527.615613,5528.126946,5533.032941,1,2.99999999999994,0.0299999999999997,7.00000000000003,1,2,66,0.5
172,5534.738939,5533.771607,5533.951607,5534.738939,5541.170933,0,NaN,0,7.00000000000003,1,2,66,0.5
173,5543.821597,5543.090931,5543.358264,5543.821597,5550.662923,0,NaN,0,7.00000000000003,1,2,66,0.5
174,5552.262922,5551.390256,5551.469589,5552.262922,5558.373582,1,NaN,0,5.99999999999996,2,1,65,0.5
175,5561.368246,5560.488247,5560.940246,5561.314913,5565.772908,0,2.99999999999994,0.0299999999999997,5.99999999999996,2,1,65,0.5
176,5570.53157,5569.868904,5570.13957,5570.53157,5575.946231,0,NaN,0,7.00000000000003,1,2,66,0.5
177,5578.822895,5577.799563,5578.291562,5578.822895,5585.398888,1,NaN,0,5.99999999999996,2,1,65,0.5
178,5586.559554,5585.894222,5586.103554,5586.559554,5589.647551,0,NaN,0,7.00000000000003,1,2,66,0.5
179,5691.407449,5690.402784,5690.818783,5691.407449,5692.106782,1,NaN,0,5.99999999999996,2,1,65,0.5
180,5858.653282,5857.000617,5858.00595,5858.599949,5860.440613,1,2.99999999999994,0.0299999999999997,7.00000000000003,1,2,66,0.5
181,5862.158612,5861.372613,5861.638612,5862.105278,5864.684609,0,2.99999999999994,0.0299999999999997,5.99999999999996,2,1,65,0.5
182,5871.131269,5869.557938,5869.867937,5871.077936,5874.559266,1,2.99999999999994,0.0299999999999997,7.00000000000003,1,2,66,0.5
183,5875.905931,5875.225265,5875.315265,5875.853265,5878.181262,0,2.99999999999994,0.0299999999999997,5.99999999999996,2,1,65,0.5
184,5879.830594,5879.154595,5879.209928,5879.830594,5884.880589,1,NaN,0,5.99999999999996,2,1,65,0.5
185,5886.574587,5885.665255,5886.029255,5886.521254,5890.933916,0,2.99999999999994,0.0299999999999997,5.99999999999996,2,1,65,0.5
186,5892.746581,5892.010582,5892.112582,5892.693249,5899.128575,1,2.99999999999994,0.0299999999999997,7.00000000000003,1,2,66,0.5
187,5901.975905,5900.96324,5901.114573,5901.975905,5907.523233,1,NaN,0,5.99999999999996,2,1,65,0.5
188,5909.235898,5908.342566,5908.745899,5909.235898,5914.227893,0,NaN,0,7.00000000000003,1,2,66,0.5
189,5915.795225,5914.933892,5915.290559,5915.795225,6330.759476,1,NaN,0,5.99999999999996,2,1,65,0.5
190,6333.193474,6332.410808,6332.464808,6333.193474,6347.128793,0,NaN,0,7.00000000000003,1,2,66,0.5
191,6349.082125,6348.197459,6348.416126,6349.028792,6351.307456,0,2.99999999999994,0.0299999999999997,5.99999999999996,2,1,65,0.5
192,6359.436781,6358.383449,6358.508115,6359.436781,6367.236773,1,NaN,0,5.99999999999996,2,1,65,0.5
193,6369.241438,6368.313439,6368.758105,6369.241438,6384.17009,0,NaN,0,7.00000000000003,1,2,66,0.5
194,6386.898754,6385.598088,6386.110754,6386.846087,6404.107403,1,2.99999999999994,0.0299999999999997,7.00000000000003,1,2,66,0.5
195,6405.952735,6405.328069,6405.478735,6405.922068,6409.497398,0,2.99999999999994,0.0299999999999997,5.99999999999996,2,1,65,0.5
196,6411.309396,6410.619397,6410.711397,6411.256063,6419.746054,1,2.99999999999994,0.0299999999999997,7.00000000000003,1,2,66,0.5
197,6421.514719,6420.732053,6420.815386,6421.461386,6427.10138,0,2.99999999999994,0.0299999999999997,5.99999999999996,2,1,65,0.5
198,6429.130711,6428.374046,6428.536712,6429.130711,6434.766706,1,NaN,0,5.99999999999996,2,1,65,0.5
199,6436.586704,6435.732038,6436.054705,6436.533371,6443.386031,0,2.99999999999994,0.0299999999999997,5.99999999999996,2,1,65,0.5
200,6445.126029,6444.411363,6444.515363,6445.126029,6451.186689,1,NaN,0,5.99999999999996,2,1,65,0.5
201,6452.794688,6452.017355,6452.290022,6452.794688,6459.888681,0,NaN,0,7.00000000000003,1,2,66,0.5
202,6462.048012,6460.681347,6461.481346,6461.994679,6465.274009,0,2.99999999999994,0.0299999999999997,5.99999999999996,2,1,65,0.5
203,6467.512006,6466.87134,6466.970674,6467.512006,6473.875333,1,NaN,0,5.99999999999996,2,1,65,0.5
204,6475.843998,6474.952666,6475.277332,6475.790665,6482.775324,1,2.99999999999994,0.0299999999999997,7.00000000000003,1,2,66,0.5
205,6486.277988,6485.081322,6485.310655,6486.277988,6496.471977,1,NaN,0,5.99999999999996,2,1,65,0.5
206,6511.830629,6510.915963,6511.265963,6511.830629,6517.68929,1,NaN,0,5.99999999999996,2,1,65,0.5
207,6519.968621,6518.852622,6519.489288,6519.968621,6526.009948,0,NaN,0,7.00000000000003,1,2,66,0.5
208,6527.70728,6526.747947,6527.181947,6527.653946,6530.523277,1,2.99999999999994,0.0299999999999997,7.00000000000003,1,2,66,0.5
209,6532.569941,6531.576609,6531.821275,6532.569941,6535.906605,1,NaN,0,5.99999999999996,2,1,65,0.5
210,6539.868601,6538.861268,6539.411934,6539.868601,6545.331929,0,NaN,0,7.00000000000003,1,2,66,0.5
211,6547.183927,6546.033261,6546.595261,6547.130594,6552.773921,1,2.99999999999994,0.0299999999999997,7.00000000000003,1,2,66,0.5
212,6555.643918,6554.651253,6555.093252,6555.590585,6561.953912,0,2.99999999999994,0.0299999999999997,5.99999999999996,2,1,65,0.5
213,6563.747244,6562.898578,6562.969911,6563.747244,6570.241904,1,NaN,0,5.99999999999996,2,1,65,0.5
214,6571.905902,6571.081236,6571.389903,6571.852569,6575.021232,0,2.99999999999994,0.0299999999999997,5.99999999999996,2,1,65,0.5
215,6576.724564,6575.899231,6576.105898,6576.671231,6583.430557,1,2.99999999999994,0.0299999999999997,7.00000000000003,1,2,66,0.5
216,6585.879221,6585.063222,6585.377889,6585.825888,6589.857217,0,2.99999999999994,0.0299999999999997,5.99999999999996,2,1,65,0.5
217,6591.835882,6591.071883,6591.275216,6591.782549,6599.011208,1,2.99999999999994,0.0299999999999997,7.00000000000003,1,2,66,0.5
218,6600.96254,6600.221874,6600.277874,6600.96254,6609.105198,0,NaN,0,7.00000000000003,1,2,66,0.5
219,6612.591861,6611.137196,6611.574529,6612.591861,6618.354522,1,NaN,0,5.99999999999996,2,1,65,0.5
220,6620.375187,6619.515188,6619.885187,6620.375187,6626.98718,0,NaN,0,7.00000000000003,1,2,66,0.5
221,6628.637179,6627.598513,6628.123179,6628.637179,6633.44584,1,NaN,0,5.99999999999996,2,1,65,0.5
222,6636.399838,6635.271172,6635.914505,6636.399838,6644.361163,0,NaN,0,7.00000000000003,1,2,66,0.5
223,6646.877827,6645.793161,6646.381161,6646.824494,6652.211155,0,2.99999999999994,0.0299999999999997,5.99999999999996,2,1,65,0.5
224,6653.87582,6653.065154,6653.306488,6653.822487,6658.779148,1,2.99999999999994,0.0299999999999997,7.00000000000003,1,2,66,0.5
225,6661.44248,6660.70848,6660.987146,6661.44248,6665.315809,0,NaN,0,7.00000000000003,1,2,66,0.5
226,6667.955139,6667.27514,6667.40314,6667.901806,6677.454463,1,2.99999999999994,0.0299999999999997,7.00000000000003,1,2,66,0.5
227,6679.802461,6679.214461,6679.249128,6679.749128,6684.149123,0,2.99999999999994,0.0299999999999997,5.99999999999996,2,1,65,0.5
228,6686.471787,6684.969122,6685.043789,6686.418454,6692.727115,1,2.99999999999994,0.0299999999999997,7.00000000000003,1,2,66,0.5
229,6694.39378,6693.705114,6693.857113,6694.39378,6700.421774,0,NaN,0,7.00000000000003,1,2,66,0.5
230,6702.988438,6702.125105,6702.451771,6702.935104,6709.652431,0,2.99999999999994,0.0299999999999997,5.99999999999996,2,1,65,0.5
231,6711.355096,6710.541763,6710.74043,6711.301763,6718.021089,1,2.99999999999994,0.0299999999999997,7.00000000000003,1,2,66,0.5
232,6721.372419,6720.677753,6720.89442,6721.372419,6724.24175,0,NaN,0,7.00000000000003,1,2,66,0.5
233,6727.29708,6726.720414,6726.846414,6727.29708,6733.670407,0,NaN,0,7.00000000000003,1,2,66,0.5
234,6735.023739,6734.29774,6734.545739,6735.023739,6741.341733,1,NaN,0,5.99999999999996,2,1,65,0.5
235,6742.765064,6741.944399,6742.212398,6742.711731,6752.411722,1,2.99999999999994,0.0299999999999997,7.00000000000003,1,2,66,0.5
236,6754.31372,6753.466387,6753.66972,6754.260386,6760.053047,1,2.99999999999994,0.0299999999999997,7.00000000000003,1,2,66,0.5
237,6763.102377,6762.303045,6762.619045,6763.102377,6778.563695,0,NaN,0,7.00000000000003,1,2,66,0.5
238,6780.495693,6779.816361,6780.015694,6780.495693,6785.666355,0,NaN,0,7.00000000000003,1,2,66,0.5
239,6787.191687,6786.428354,6786.709021,6787.191687,6793.319681,1,NaN,0,5.99999999999996,2,1,65,0.5
240,6794.684346,6793.911013,6794.211013,6794.684346,6800.839673,1,NaN,0,5.99999999999996,2,1,65,0.5
241,6803.372337,6802.120338,6802.831004,6803.319004,6810.167667,1,2.99999999999994,0.0299999999999997,7.00000000000003,1,2,66,0.5
242,6812.077662,6811.250996,6811.340996,6812.077662,6816.765657,1,NaN,0,5.99999999999996,2,1,65,0.5
243,6818.908322,6818.084989,6818.438322,6818.854988,6819.706988,0,2.99999999999994,0.0299999999999997,5.99999999999996,2,1,65,0.5
244,6821.374986,6820.60632,6820.87032,6821.321653,6829.949644,1,2.99999999999994,0.0299999999999997,7.00000000000003,1,2,66,0.5
245,6831.847642,6830.919643,6831.005643,6831.794309,6836.893637,0,2.99999999999994,0.0299999999999997,5.99999999999996,2,1,65,0.5
246,6838.240302,6837.626303,6837.67697,6838.186969,6844.576963,1,2.99999999999994,0.0299999999999997,7.00000000000003,1,2,66,0.5
247,6846.542961,6845.890295,6845.976961,6846.489627,6854.058287,0,2.99999999999994,0.0299999999999997,5.99999999999996,2,1,65,0.5
248,6855.759618,6855.036952,6855.268285,6855.759618,6859.448281,1,NaN,0,5.99999999999996,2,1,65,0.5
249,6869.162271,6868.247606,6868.592939,6869.108938,6873.554934,0,2.99999999999994,0.0299999999999997,5.99999999999996,2,1,65,0.5
250,6875.264932,6874.458933,6874.622266,6875.211599,6882.810924,1,2.99999999999994,0.0299999999999997,7.00000000000003,1,2,66,0.5
251,6885.055589,6884.166923,6884.258256,6885.002256,6897.772909,0,2.99999999999994,0.0299999999999997,5.99999999999996,2,1,65,0.5
252,6899.679574,6898.962242,6899.090242,6899.626241,6905.404902,0,2.99999999999994,0.0299999999999997,5.99999999999996,2,1,65,0.5
253,6981.316159,6979.973494,6980.34816,6981.262826,6989.366151,1,2.99999999999994,0.0299999999999997,7.00000000000003,1,2,66,0.5
254,6991.424149,6990.72015,6990.798816,6991.370816,6998.177476,0,2.99999999999994,0.0299999999999997,5.99999999999996,2,1,65,0.5
255,7000.11214,6999.210141,6999.503474,7000.058807,7006.173468,0,2.99999999999994,0.0299999999999997,5.99999999999996,2,1,65,0.5
256,7007.749466,7007.128133,7007.235467,7007.749466,7016.413457,0,NaN,0,7.00000000000003,1,2,66,0.5
257,7344.658463,7343.332464,7343.746463,7344.605129,7359.237782,0,2.99999999999994,0.0299999999999997,5.99999999999996,2,1,65,0.5
258,7368.596439,7367.697106,7367.901773,7368.543105,7373.488434,1,2.99999999999994,0.0299999999999997,7.00000000000003,1,2,66,0.5
259,7375.923098,7375.177099,7375.222432,7375.869765,7383.926423,0,2.99999999999994,0.0299999999999997,5.99999999999996,2,1,65,0.5
260,7386.061088,7385.292422,7385.563088,7386.061088,7404.02907,0,NaN,0,7.00000000000003,1,2,66,0.5
261,7405.651735,7404.883069,7404.938402,7405.598402,7409.328398,0,2.99999999999994,0.0299999999999997,5.99999999999996,2,1,65,0.5
262,7411.585729,7410.824396,7411.055063,7411.585729,7418.081056,0,NaN,0,7.00000000000003,1,2,66,0.5
263,7419.849721,7418.893055,7419.233721,7419.796387,7425.254382,1,2.99999999999994,0.0299999999999997,7.00000000000003,1,2,66,0.5
264,7427.895046,7427.029714,7427.105047,7427.895046,7434.553039,1,NaN,0,5.99999999999996,2,1,65,0.5
265,7479.998994,7479.158328,7479.484994,7479.998994,7489.284318,0,NaN,0,7.00000000000003,1,2,66,0.5
266,7607.391533,7606.454867,7606.730201,7607.391533,7622.688851,0,NaN,0,7.00000000000003,1,2,66,0.5
267,7624.933516,7624.28285,7624.400183,7624.933516,7630.684843,0,NaN,0,7.00000000000003,1,2,66,0.5
268,7632.576175,7631.722176,7632.089509,7632.576175,7633.096174,1,NaN,0,5.99999999999996,2,1,65,0.5
269,7645.926161,7644.590163,7644.886162,7645.872828,7655.050819,1,2.99999999999994,0.0299999999999997,7.00000000000003,1,2,66,0.5
270,7660.494147,7659.794147,7659.876147,7660.494147,7667.51614,1,NaN,0,5.99999999999996,2,1,65,0.5
271,7669.393471,7668.382806,7668.789472,7669.340138,7675.882131,0,2.99999999999994,0.0299999999999997,5.99999999999996,2,1,65,0.5
272,7677.660796,7676.84213,7676.96413,7677.60813,7680.050127,1,2.99999999999994,0.0299999999999997,7.00000000000003,1,2,66,0.5
273,7681.989459,7680.954126,7681.008127,7681.936125,7688.984785,0,2.99999999999994,0.0299999999999997,5.99999999999996,2,1,65,0.5
274,7690.99345,7690.22145,7690.336117,7690.940116,7700.968107,0,2.99999999999994,0.0299999999999997,5.99999999999996,2,1,65,0.5
275,7703.412771,7702.546771,7702.571438,7703.359437,7708.554765,0,2.99999999999994,0.0299999999999997,5.99999999999996,2,1,65,0.5
276,7710.900763,7709.965431,7710.238097,7710.84743,7716.748757,1,2.99999999999994,0.0299999999999997,7.00000000000003,1,2,66,0.5
277,7719.673421,7718.862088,7719.051422,7719.620088,7728.145412,0,2.99999999999994,0.0299999999999997,5.99999999999996,2,1,65,0.5
278,7730.66141,7729.734744,7729.782744,7730.608077,7734.899406,1,2.99999999999994,0.0299999999999997,7.00000000000003,1,2,66,0.5
279,7736.811404,7736.004071,7736.136738,7736.758071,7741.787399,0,2.99999999999994,0.0299999999999997,5.99999999999996,2,1,65,0.5
280,7744.075397,7743.268064,7743.330731,7744.075397,7749.191391,1,NaN,0,5.99999999999996,2,1,65,0.5
281,7751.295389,7750.42539,7750.660723,7751.295389,7756.97205,1,NaN,0,5.99999999999996,2,1,65,0.5
282,7758.714715,7757.820049,7758.122049,7758.714715,7763.858049,0,NaN,0,7.00000000000003,1,2,66,0.5
283,7765.782708,7764.738709,7765.130042,7765.729375,7777.303363,1,2.99999999999994,0.0299999999999997,7.00000000000003,1,2,66,0.5
284,7780.366694,7779.570028,7779.683361,7780.31336,7786.99802,0,2.99999999999994,0.0299999999999997,5.99999999999996,2,1,65,0.5
285,7789.866684,7789.083352,7789.240685,7789.813351,7796.96801,1,2.99999999999994,0.0299999999999997,7.00000000000003,1,2,66,0.5
286,7798.800675,7798.066676,7798.176009,7798.800675,7804.39467,0,NaN,0,7.00000000000003,1,2,66,0.5
287,7806.426001,7805.460668,7805.705335,7806.372668,7813.244661,1,2.99999999999994,0.0299999999999997,7.00000000000003,1,2,66,0.5
288,7815.120659,7814.409326,7814.533326,7815.120659,7820.495987,0,NaN,0,7.00000000000003,1,2,66,0.5
289,7822.405318,7821.421986,7821.726652,7822.351985,7829.173311,1,2.99999999999994,0.0299999999999997,7.00000000000003,1,2,66,0.5
290,7831.182643,7830.402644,7830.46331,7831.182643,8894.660246,0,NaN,0,7.00000000000003,1,2,66,0.5
291,8897.41491,8896.066911,8896.240911,8897.41491,10950.952856,0,NaN,0,7.00000000000003,1,2,66,0.5
292,10954.096186,10952.738854,10953.198187,10954.096186,11103.003371,0,NaN,0,7.00000000000003,1,2,66,0.5
293,11104.981369,11104.100703,11104.15137,11104.981369,11110.499363,0,NaN,0,7.00000000000003,1,2,66,0.5
294,11130.205344,11117.58269,11117.947356,NaN,NaN,NaN,NaN,0,7.00000000000003,1,2,66,0.5
295,11143.000664,11142.168665,11142.355998,11143.000664,11149.073325,0,NaN,0,7.00000000000003,1,2,66,0.5
296,11191.501949,11190.619283,11190.69595,11191.448616,11372.753101,1,2.99999999999994,0.0299999999999997,7.00000000000003,1,2,66,0.5
297,11374.810432,11374.019767,11374.3331,11374.810432,11449.869024,0,NaN,0,7.00000000000003,1,2,66,0.5
298,11452.408355,11450.797023,11451.004356,11452.408355,11456.386351,0,NaN,0,7.00000000000003,1,2,66,0.5
299,11459.681014,11458.959682,11459.291681,11459.681014,11462.895678,0,NaN,0,7.00000000000003,1,2,66,0.5
300,11467.005674,11466.177674,11466.419674,11467.005674,11660.860813,0,NaN,0,7.00000000000003,1,2,66,0.5
301,11671.887469,11671.002136,11671.288803,11671.834135,11674.938799,1,2.99999999999994,0.0299999999999997,7.00000000000003,1,2,66,0.5
302,11677.65213,11676.627464,11676.757464,11677.65213,11683.707457,0,NaN,0,7.00000000000003,1,2,66,0.5
303,11685.906121,11684.840122,11685.372122,11685.852788,11688.600785,0,2.99999999999994,0.0299999999999997,5.99999999999996,2,1,65,0.5
304,11690.268784,11689.504118,11689.696784,11690.21545,11692.570781,1,2.99999999999994,0.0299999999999997,7.00000000000003,1,2,66,0.5
305,11694.31278,11693.488114,11693.748113,11694.259446,11701.068106,0,2.99999999999994,0.0299999999999997,5.99999999999996,2,1,65,0.5
306,11702.678105,11702.011439,11702.173438,11702.678105,11708.021433,0,NaN,0,7.00000000000003,1,2,66,0.5
307,11709.579431,11708.714099,11709.018765,11709.526098,11716.042091,1,2.99999999999994,0.0299999999999997,7.00000000000003,1,2,66,0.5
308,11718.571422,11717.764089,11717.914089,11718.518089,11725.392749,0,2.99999999999994,0.0299999999999997,5.99999999999996,2,1,65,0.5
309,11726.81208,11726.201414,11726.340081,11726.81208,11731.574742,0,NaN,0,7.00000000000003,1,2,66,0.5
310,11733.500074,11732.640741,11732.918741,11733.44674,11740.942733,1,2.99999999999994,0.0299999999999997,7.00000000000003,1,2,66,0.5
311,11743.185398,11742.396732,11742.452065,11743.132064,11749.199392,0,2.99999999999994,0.0299999999999997,5.99999999999996,2,1,65,0.5
312,11751.20539,11750.444723,11750.590057,11751.20539,11756.929384,1,NaN,0,5.99999999999996,2,1,65,0.5
313,11758.729382,11757.645383,11758.145383,11758.729382,11764.832042,0,NaN,0,7.00000000000003,1,2,66,0.5
314,11767.18804,11766.426707,11766.704041,11767.18804,11770.670703,0,NaN,0,7.00000000000003,1,2,66,0.5
315,11774.852032,11772.896701,11773.973367,11774.852032,11778.933362,0,NaN,0,7.00000000000003,1,2,66,0.5
316,11784.035357,11781.494692,11782.004692,11783.98269,11791.909349,1,2.99999999999994,0.0299999999999997,7.00000000000003,1,2,66,0.5
317,11793.292681,11792.500015,11792.658681,11793.239347,11817.194657,0,2.99999999999994,0.0299999999999997,5.99999999999996,2,1,65,0.5
318,11823.093984,11821.908652,11822.141985,11823.040651,11829.969977,1,2.99999999999994,0.0299999999999997,7.00000000000003,1,2,66,0.5
319,11831.359976,11830.78131,11830.847976,11831.359976,11837.249303,0,NaN,0,7.00000000000003,1,2,66,0.5
320,11838.979302,11838.184636,11838.443302,11838.925968,11843.499297,1,2.99999999999994,0.0299999999999997,7.00000000000003,1,2,66,0.5
321,11845.571295,11844.689963,11845.101295,11845.571295,11848.739292,0,NaN,0,7.00000000000003,1,2,66,0.5
322,11867.568606,11866.642607,11867.046607,11867.568606,11874.448599,1,NaN,0,5.99999999999996,2,1,65,0.5
323,11876.455264,11875.456598,11875.885931,11876.401931,11883.023924,0,2.99999999999994,0.0299999999999997,5.99999999999996,2,1,65,0.5
324,11884.551256,11883.747257,11883.881923,11884.497923,11895.339912,1,2.99999999999994,0.0299999999999997,7.00000000000003,1,2,66,0.5
325,11897.875243,11897.107243,11897.341243,11897.875243,11900.90324,0,NaN,0,7.00000000000003,1,2,66,0.5
326,11906.687234,11905.663235,11906.094568,11906.687234,11912.243895,1,NaN,0,5.99999999999996,2,1,65,0.5
327,11914.609893,11913.257894,11913.90056,11914.556559,11915.717225,0,2.99999999999994,0.0299999999999997,5.99999999999996,2,1,65,0.5
328,11917.885889,11916.81789,11917.202557,11917.832556,11924.447883,1,2.99999999999994,0.0299999999999997,7.00000000000003,1,2,66,0.5
329,11926.711214,11925.897881,11925.927881,11926.657881,11932.305208,0,2.99999999999994,0.0299999999999997,5.99999999999996,2,1,65,0.5
330,11935.123872,11934.437873,11934.591873,11935.123872,12022.782451,1,NaN,0,5.99999999999996,2,1,65,0.5
331,12026.029781,12025.166449,12025.445782,12026.029781,12033.021774,1,NaN,0,5.99999999999996,2,1,65,0.5
332,12034.817772,12034.12844,12034.367106,12034.817772,12039.221101,0,NaN,0,7.00000000000003,1,2,66,0.5
333,12041.799765,12040.913766,12041.257766,12041.746432,12044.417096,0,2.99999999999994,0.0299999999999997,5.99999999999996,2,1,65,0.5
334,12046.498427,12045.737761,12045.919095,12046.445094,12051.157756,1,2.99999999999994,0.0299999999999997,7.00000000000003,1,2,66,0.5
335,12053.002421,12052.377755,12052.447755,12052.949088,12057.29775,0,2.99999999999994,0.0299999999999997,5.99999999999996,2,1,65,0.5
336,12059.248415,12058.247082,12058.317082,12059.195081,12065.446408,1,2.99999999999994,0.0299999999999997,7.00000000000003,1,2,66,0.5
337,12067.41174,12066.506407,12066.660407,12067.358407,12073.085068,1,2.99999999999994,0.0299999999999997,7.00000000000003,1,2,66,0.5
338,12075.039066,12074.4144,12074.450399,12075.009732,12084.407723,0,2.99999999999994,0.0299999999999997,5.99999999999996,2,1,65,0.5
339,12272.150202,12271.244869,12271.454202,12272.150202,12277.250197,1,NaN,0,5.99999999999996,2,1,65,0.5
340,12278.844195,12278.060196,12278.274196,12278.790862,12281.676192,0,2.99999999999994,0.0299999999999997,5.99999999999996,2,1,65,0.5
341,12283.725524,12283.020191,12283.122191,12283.67219,12287.160853,1,2.99999999999994,0.0299999999999997,7.00000000000003,1,2,66,0.5
342,12288.859518,12288.152186,12288.320186,12288.859518,12294.063513,0,NaN,0,7.00000000000003,1,2,66,0.5
343,12304.750169,12304.05017,12304.310836,12304.750169,12333.429474,0,NaN,0,7.00000000000003,1,2,66,0.5
344,12336.082138,12335.297472,12335.449472,12336.082138,12341.392799,1,NaN,0,5.99999999999996,2,1,65,0.5
345,12342.844131,12342.156799,12342.381465,12342.844131,12350.31079,0,NaN,0,7.00000000000003,1,2,66,0.5
346,12358.682115,12357.792116,12358.078783,12358.628782,12363.596777,1,2.99999999999994,0.0299999999999997,7.00000000000003,1,2,66,0.5
347,12365.833441,12365.224775,12365.414108,12365.833441,12370.624103,0,NaN,0,7.00000000000003,1,2,66,0.5
348,12373.392767,12372.076769,12372.714768,12373.392767,12385.543422,1,NaN,0,5.99999999999996,2,1,65,0.5
349,12529.627944,12528.231946,12528.591279,12529.574611,12538.656602,0,2.99999999999994,0.0299999999999997,5.99999999999996,2,1,65,0.5
350,12542.395931,12541.653266,12541.845265,12542.395931,12571.654569,0,NaN,0,7.00000000000003,1,2,66,0.5
351,12572.940568,12572.315902,12572.469901,12572.931901,12575.589232,0,2.99999999999994,0.0299999999999997,5.99999999999996,2,1,65,0.5
352,12577.486563,12576.593897,12576.83523,12577.43323,12582.097892,1,2.99999999999994,0.0299999999999997,7.00000000000003,1,2,66,0.5
353,12583.899223,12583.062557,12583.254557,12583.899223,12587.50922,0,NaN,0,7.00000000000003,1,2,66,0.5
354,12593.535214,12592.625215,12592.884548,12593.482547,12598.080542,0,2.99999999999994,0.0299999999999997,5.99999999999996,2,1,65,0.5
355,12600.027207,12599.151208,12599.231208,12600.027207,12607.9792,1,NaN,0,5.99999999999996,2,1,65,0.5
356,12610.165864,12609.305198,12609.328531,12610.165864,12614.959859,0,NaN,0,7.00000000000003,1,2,66,0.5
357,12618.664522,12616.583191,12617.891189,12618.611189,12628.651845,0,2.99999999999994,0.0299999999999997,5.99999999999996,2,1,65,0.5
358,12630.719843,12629.949844,12630.075844,12630.66651,12636.745837,0,2.99999999999994,0.0299999999999997,5.99999999999996,2,1,65,0.5
359,12638.584502,12637.753836,12637.783836,12638.584502,12643.201164,1,NaN,0,5.99999999999996,2,1,65,0.5
360,12645.408495,12644.465829,12644.602496,12645.408495,12648.653825,1,NaN,0,5.99999999999996,2,1,65,0.5
361,12652.182488,12651.311156,12651.588489,12652.182488,12658.217816,1,NaN,0,5.99999999999996,2,1,65,0.5
362,12660.29648,12659.263815,12659.672481,12660.243147,12670.38847,0,2.99999999999994,0.0299999999999997,5.99999999999996,2,1,65,0.5
363,12672.821801,12671.953135,12672.123802,12672.821801,12676.716464,0,NaN,0,7.00000000000003,1,2,66,0.5
364,12680.19246,12678.371129,12679.556461,12680.139127,12685.695788,0,2.99999999999994,0.0299999999999997,5.99999999999996,2,1,65,0.5
365,12687.903786,12687.10512,12687.261787,12687.903786,12693.50578,1,NaN,0,5.99999999999996,2,1,65,0.5
366,12695.555778,12694.703113,12694.957779,12695.502445,12709.908431,0,2.99999999999994,0.0299999999999997,5.99999999999996,2,1,65,0.5
367,12711.907095,12711.109096,12711.289763,12711.907095,12717.881756,0,NaN,0,7.00000000000003,1,2,66,0.5
368,12720.123754,12719.139088,12719.427754,12720.07042,12727.23108,1,2.99999999999994,0.0299999999999997,7.00000000000003,1,2,66,0.5
369,12729.489744,12728.677745,12728.883079,12729.436411,12735.271739,0,2.99999999999994,0.0299999999999997,5.99999999999996,2,1,65,0.5
370,12737.11707,12736.151071,12736.275738,12737.063737,12745.236395,1,2.99999999999994,0.0299999999999997,7.00000000000003,1,2,66,0.5
371,12747.30706,12746.603727,12746.693727,12747.253727,12751.099056,0,2.99999999999994,0.0299999999999997,5.99999999999996,2,1,65,0.5
372,12752.775721,12751.999055,12752.105055,12752.722388,12758.159049,0,2.99999999999994,0.0299999999999997,5.99999999999996,2,1,65,0.5
373,12760.15438,12759.211715,12759.412381,12760.101047,12767.097707,1,2.99999999999994,0.0299999999999997,7.00000000000003,1,2,66,0.5
374,12768.858372,12768.125706,12768.171039,12768.858372,12774.851032,0,NaN,0,7.00000000000003,1,2,66,0.5
375,12776.793697,12775.912365,12776.116364,12776.740364,12782.000359,1,2.99999999999994,0.0299999999999997,7.00000000000003,1,2,66,0.5
376,13059.011415,13057.872749,13058.284749,13059.011415,13059.738748,1,NaN,0,5.99999999999996,2,1,65,0.5
377,13069.636738,13068.792072,13068.999405,13069.583404,13073.484067,1,2.99999999999994,0.0299999999999997,7.00000000000003,1,2,66,0.5
378,13075.229399,13074.507399,13074.568066,13075.229399,13081.701392,0,NaN,0,7.00000000000003,1,2,66,0.5
379,13162.097312,13161.140646,13161.419979,13162.097312,13162.473978,1,NaN,0,5.99999999999996,2,1,65,0.5
380,13168.737305,13167.623977,13167.921306,13168.737305,13174.527299,1,NaN,0,5.99999999999996,2,1,65,0.5
381,13177.447296,13175.857965,13176.092631,13177.447296,13183.339957,0,NaN,0,7.00000000000003,1,2,66,0.5
382,13185.015289,13184.19129,13184.513956,13185.015289,13464.820342,1,NaN,0,5.99999999999996,2,1,65,0.5
383,13467.32234,13466.365674,13466.595007,13467.32234,13474.376333,1,NaN,0,5.99999999999996,2,1,65,0.5
384,13476.859664,13475.796331,13476.149664,13476.859664,13477.296997,1,NaN,0,5.99999999999996,2,1,65,0.5
385,13484.04099,13482.904991,13483.178991,13483.987657,13492.872314,0,2.99999999999994,0.0299999999999997,5.99999999999996,2,1,65,0.5
386,13495.862978,13493.91898,13493.939647,13495.862978,13500.156974,0,NaN,0,7.00000000000003,1,2,66,0.5
387,13503.416304,13502.050972,13502.332305,13503.362971,13506.286301,0,2.99999999999994,0.0299999999999997,5.99999999999996,2,1,65,0.5
388,13508.174299,13507.409633,13507.483633,13508.174299,13513.92896,1,NaN,0,5.99999999999996,2,1,65,0.5
389,13515.731625,13514.628293,13514.974959,13515.678292,13520.020287,0,2.99999999999994,0.0299999999999997,5.99999999999996,2,1,65,0.5
390,13523.027618,13521.685619,13521.827619,13522.974284,13529.178945,1,2.99999999999994,0.0299999999999997,7.00000000000003,1,2,66,0.5
391,13532.114942,13531.086943,13531.218276,13532.061609,13538.706269,0,2.99999999999994,0.0299999999999997,5.99999999999996,2,1,65,0.5
392,13540.844267,13539.902267,13540.017601,13540.790933,13544.886929,1,2.99999999999994,0.0299999999999997,7.00000000000003,1,2,66,0.5
393,13547.643593,13546.360261,13546.422928,13547.643593,13555.074919,0,NaN,0,7.00000000000003,1,2,66,0.5
394,13569.614904,13568.942238,13568.994905,13569.614904,13575.947565,1,NaN,0,5.99999999999996,2,1,65,0.5
395,13577.700896,13576.721564,13577.011564,13577.700896,13584.198223,0,NaN,0,7.00000000000003,1,2,66,0.5
396,13586.684221,13585.618889,13586.070221,13586.630887,13591.708882,1,2.99999999999994,0.0299999999999997,7.00000000000003,1,2,66,0.5
397,13593.595547,13592.759548,13592.926881,13593.595547,13600.236207,0,NaN,0,7.00000000000003,1,2,66,0.5
398,13602.689538,13601.494206,13602.036872,13602.636205,13605.894868,0,2.99999999999994,0.0299999999999997,5.99999999999996,2,1,65,0.5
399,13608.920865,13608.032866,13608.110866,13608.867532,13614.911526,1,2.99999999999994,0.0299999999999997,7.00000000000003,1,2,66,0.5
400,13616.827524,13616.092191,13616.184858,13616.77419,13624.780182,0,2.99999999999994,0.0299999999999997,5.99999999999996,2,1,65,0.5
401,13626.334848,13625.521515,13625.564182,13626.334848,13631.982842,1,NaN,0,5.99999999999996,2,1,65,0.5
402,13633.677507,13632.786841,13633.093507,13633.624174,13639.335501,0,2.99999999999994,0.0299999999999997,5.99999999999996,2,1,65,0.5
403,13640.828166,13640.0955,13640.284834,13640.828166,13646.150161,0,NaN,0,7.00000000000003,1,2,66,0.5
404,13648.073492,13647.281493,13647.461493,13648.020159,13655.664152,1,2.99999999999994,0.0299999999999997,7.00000000000003,1,2,66,0.5
405,13657.61015,13656.887484,13656.980817,13657.556816,13661.177479,0,2.99999999999994,0.0299999999999997,5.99999999999996,2,1,65,0.5
406,13662.732811,13662.031479,13662.117478,13662.732811,13668.140139,1,NaN,0,5.99999999999996,2,1,65,0.5
407,13670.198804,13669.268138,13669.544804,13670.198804,13677.287463,0,NaN,0,7.00000000000003,1,2,66,0.5
408,13679.494128,13678.513462,13678.840795,13679.440794,13685.684122,1,2.99999999999994,0.0299999999999997,7.00000000000003,1,2,66,0.5
409,13687.806119,13687.095453,13687.228787,13687.806119,13692.857448,0,NaN,0,7.00000000000003,1,2,66,0.5
410,13694.430113,13693.634114,13693.71678,13694.37678,13700.788773,1,2.99999999999994,0.0299999999999997,7.00000000000003,1,2,66,0.5
411,13702.786104,13701.899439,13702.202772,13702.786104,13709.203431,0,NaN,0,7.00000000000003,1,2,66,0.5
412,13711.638762,13710.012764,13711.097429,13711.638762,13717.184757,0,NaN,0,7.00000000000003,1,2,66,0.5
413,13718.946088,13718.089423,13718.354089,13718.892755,13725.280749,1,2.99999999999994,0.0299999999999997,7.00000000000003,1,2,66,0.5
414,13728.522745,13727.422747,13727.628746,13728.522745,13734.039407,1,NaN,0,5.99999999999996,2,1,65,0.5
415,13735.757405,13734.805406,13735.221405,13735.757405,13741.834065,0,NaN,0,7.00000000000003,1,2,66,0.5
416,13743.424731,13742.580065,13742.811398,13743.371397,13751.080056,1,2.99999999999994,0.0299999999999997,7.00000000000003,1,2,66,0.5
417,13754.02072,13753.190054,13753.437387,13754.02072,13756.886717,0,NaN,0,7.00000000000003,1,2,66,0.5
418,13760.80338,13759.576048,13760.19938,13760.750046,13765.558042,1,2.99999999999994,0.0299999999999997,7.00000000000003,1,2,66,0.5
419,13768.706039,13767.900706,13768.153372,13768.706039,13775.396032,0,NaN,0,7.00000000000003,1,2,66,0.5
420,13777.55603,13776.674697,13777.026697,13777.55603,13780.650693,0,NaN,0,7.00000000000003,1,2,66,0.5
421,13785.948021,13784.09069,13785.351355,13785.894688,13790.54335,1,2.99999999999994,0.0299999999999997,7.00000000000003,1,2,66,0.5
422,13793.004681,13792.367348,13792.445349,13792.951348,13796.170011,0,2.99999999999994,0.0299999999999997,5.99999999999996,2,1,65,0.5
423,13797.770676,13796.97801,13797.074677,13797.717343,13806.123335,1,2.99999999999994,0.0299999999999997,7.00000000000003,1,2,66,0.5
424,13808.917332,13808.218666,13808.309332,13808.864665,13815.879991,0,2.99999999999994,0.0299999999999997,5.99999999999996,2,1,65,0.5
425,13817.739323,13816.922657,13817.07599,13817.68599,13823.178651,1,2.99999999999994,0.0299999999999997,7.00000000000003,1,2,66,0.5
426,13825.433315,13824.687316,13824.787316,13825.379982,13830.559977,0,2.99999999999994,0.0299999999999997,5.99999999999996,2,1,65,0.5
427,13832.183975,13831.39931,13831.456642,13832.183975,13838.182636,1,NaN,0,5.99999999999996,2,1,65,0.5
428,13840.073301,13839.307968,13839.395301,13840.019967,13846.906627,1,2.99999999999994,0.0299999999999997,7.00000000000003,1,2,66,0.5
429,13848.852625,13848.020626,13848.107959,13848.799292,13853.357287,0,2.99999999999994,0.0299999999999997,5.99999999999996,2,1,65,0.5
430,13855.093952,13854.37262,13854.468619,13855.093952,13858.573282,1,NaN,0,5.99999999999996,2,1,65,0.5
431,13865.983275,13864.911942,13865.229276,13865.929941,13870.871936,1,2.99999999999994,0.0299999999999997,7.00000000000003,1,2,66,0.5
432,13872.873268,13871.951935,13872.000602,13872.819934,13877.691263,0,2.99999999999994,0.0299999999999997,5.99999999999996,2,1,65,0.5
433,13879.564594,13878.749262,13878.836595,13879.511928,13884.850589,1,2.99999999999994,0.0299999999999997,7.00000000000003,1,2,66,0.5
434,13886.77192,13886.073254,13886.149921,13886.718587,13894.29858,0,2.99999999999994,0.0299999999999997,5.99999999999996,2,1,65,0.5
435,13896.129911,13895.455245,13895.540578,13896.076578,13901.642572,0,2.99999999999994,0.0299999999999997,5.99999999999996,2,1,65,0.5
436,13903.143237,13902.470571,13902.536571,13903.143237,13907.856566,1,NaN,0,5.99999999999996,2,1,65,0.5
437,13909.488564,13908.796565,13908.905232,13909.488564,13915.191225,1,NaN,0,5.99999999999996,2,1,65,0.5
438,13917.19389,13916.525891,13916.601224,13917.19389,13923.491217,0,NaN,0,7.00000000000003,1,2,66,0.5
439,13925.051882,13924.281883,13924.482549,13925.051882,13928.275879,1,NaN,0,5.99999999999996,2,1,65,0.5
440,13932.269875,13931.613209,13931.649876,13932.216542,13938.695202,1,2.99999999999994,0.0299999999999997,7.00000000000003,1,2,66,0.5
441,13940.4772,13939.672534,13939.908534,13940.423867,13944.980529,0,2.99999999999994,0.0299999999999997,5.99999999999996,2,1,65,0.5
442,13946.434527,13945.713195,13945.851195,13946.434527,13951.625856,1,NaN,0,5.99999999999996,2,1,65,0.5
443,13953.101854,13952.297188,13952.572521,13953.048521,13956.998517,0,2.99999999999994,0.0299999999999997,5.99999999999996,2,1,65,0.5
444,13958.789848,13958.165182,13958.220516,13958.753182,13963.845177,1,2.99999999999994,0.0299999999999997,7.00000000000003,1,2,66,0.5
445,13965.463175,13964.777842,13964.891843,13965.409842,13970.793836,0,2.99999999999994,0.0299999999999997,5.99999999999996,2,1,65,0.5
446,13975.311165,13974.593166,13974.799166,13975.311165,13981.261826,1,NaN,0,5.99999999999996,2,1,65,0.5
447,13983.411157,13982.713158,13982.760491,13983.357824,13987.84382,0,2.99999999999994,0.0299999999999997,5.99999999999996,2,1,65,0.5
448,13989.807817,13989.069152,13989.182485,13989.754484,13997.684476,1,2.99999999999994,0.0299999999999997,7.00000000000003,1,2,66,0.5
449,13999.463141,13998.747808,13998.864475,13999.463141,14008.041133,0,NaN,0,7.00000000000003,1,2,66,0.5
450,14009.574464,14008.751799,14009.018465,14009.574464,14016.634457,0,NaN,0,7.00000000000003,1,2,66,0.5
451,14018.406456,14017.645123,14017.891789,14018.406456,14023.45245,1,NaN,0,5.99999999999996,2,1,65,0.5
452,14025.498448,14024.637116,14024.997116,14025.498448,14031.491109,0,NaN,0,7.00000000000003,1,2,66,0.5
453,14034.13244,14033.408441,14033.715107,14034.13244,14310.082831,0,NaN,0,7.00000000000003,1,2,66,0.5
454,14312.284162,14311.475496,14311.743496,14312.284162,14318.042156,1,NaN,0,5.99999999999996,2,1,65,0.5
455,14323.239484,14322.270818,14322.598151,14323.239484,14324.197483,0,NaN,0,7.00000000000003,1,2,66,0.5
456,14335.559472,14334.680806,14334.816139,14335.506138,14337.530137,1,2.99999999999994,0.0299999999999997,7.00000000000003,1,2,66,0.5
457,14339.313468,14338.639469,14338.764135,14339.313468,14363.124777,0,NaN,0,7.00000000000003,1,2,66,0.5
458,14364.942109,14364.080111,14364.20211,14364.888776,14368.220106,1,2.99999999999994,0.0299999999999997,7.00000000000003,1,2,66,0.5
459,14387.668753,14386.75742,14386.902754,14387.61542,14396.108744,1,2.99999999999994,0.0299999999999997,7.00000000000003,1,2,66,0.5
460,14398.376742,14397.62541,14397.835409,14398.323409,14402.677405,0,2.99999999999994,0.0299999999999997,5.99999999999996,2,1,65,0.5
461,14404.818069,14404.120075,14404.223403,14404.818069,14411.635396,1,NaN,0,5.99999999999996,2,1,65,0.5
462,14413.379394,14412.625395,14412.760728,14413.326061,14416.540724,1,2.99999999999994,0.0299999999999997,7.00000000000003,1,2,66,0.5
463,14418.557389,14417.852056,14417.896056,14418.557389,14423.779383,0,NaN,0,7.00000000000003,1,2,66,0.5
464,14425.761381,14424.875383,14425.230049,14425.708048,14429.452044,0,2.99999999999994,0.0299999999999997,5.99999999999996,2,1,65,0.5
465,14431.220709,14430.483377,14430.606043,14431.167376,14443.112697,1,2.99999999999994,0.0299999999999997,7.00000000000003,1,2,66,0.5
466,14444.698029,14443.921363,14444.08603,14444.644696,14457.184017,0,2.99999999999994,0.0299999999999997,5.99999999999996,2,1,65,0.5
467,14458.556682,14457.941349,14458.031349,14458.556682,14464.689343,0,NaN,0,7.00000000000003,1,2,66,0.5
468,14466.419341,14465.474675,14465.782676,14466.419341,14521.991285,1,NaN,0,5.99999999999996,2,1,65,0.5
469,14555.475918,14554.515253,14554.834586,14555.475918,14560.703913,1,NaN,0,5.99999999999996,2,1,65,0.5
470,14563.788577,14563.170577,14563.229244,14563.735244,14566.099241,0,2.99999999999994,0.0299999999999997,5.99999999999996,2,1,65,0.5
471,14568.121906,14567.331907,14567.593906,14568.121906,14575.775231,1,NaN,0,5.99999999999996,2,1,65,0.5
472,14577.622563,14576.869897,14577.052564,14577.56923,14580.055894,1,2.99999999999994,0.0299999999999997,7.00000000000003,1,2,66,0.5
473,14582.937224,14582.380558,14582.453891,14582.937224,14589.433884,0,NaN,0,7.00000000000003,1,2,66,0.5
474,14594.437879,14593.776547,14593.89388,14594.437879,14598.565875,0,NaN,0,7.00000000000003,1,2,66,0.5
475,14605.173202,14604.124536,14604.277203,14605.173202,14619.491854,1,NaN,0,5.99999999999996,2,1,65,0.5
476,14620.977186,14620.287854,14620.335187,14620.977186,14629.293845,0,NaN,0,7.00000000000003,1,2,66,0.5
477,14630.99051,14630.24651,14630.483843,14630.99051,14635.677172,1,NaN,0,5.99999999999996,2,1,65,0.5
478,14638.536502,14637.04517,14637.801836,14638.483169,14644.844496,0,2.99999999999994,0.0299999999999997,5.99999999999996,2,1,65,0.5
479,14647.700493,14646.904494,14647.00516,14647.64716,14652.309155,1,2.99999999999994,0.0299999999999997,7.00000000000003,1,2,66,0.5
480,14653.588487,14652.963821,14653.025154,14653.55982,14657.09315,0,2.99999999999994,0.0299999999999997,5.99999999999996,2,1,65,0.5
481,14658.791149,14658.173816,14658.204482,14658.791149,14663.235811,1,NaN,0,5.99999999999996,2,1,65,0.5
482,14665.450476,14664.633143,14664.789809,14665.397142,14671.101803,1,2.99999999999994,0.0299999999999997,7.00000000000003,1,2,66,0.5
483,14672.855801,14672.039802,14672.294468,14672.855801,14678.488462,0,NaN,0,7.00000000000003,1,2,66,0.5
484,14680.437127,14679.743128,14679.827127,14680.437127,14687.585786,1,NaN,0,5.99999999999996,2,1,65,0.5
485,14689.315785,14688.417119,14688.637785,14689.262451,14691.501782,0,2.99999999999994,0.0299999999999997,5.99999999999996,2,1,65,0.5
486,14693.569114,14692.623115,14692.858448,14693.569114,14699.072442,1,NaN,0,5.99999999999996,2,1,65,0.5
487,14703.516437,14702.455105,14702.924438,14703.463104,14708.993765,1,2.99999999999994,0.0299999999999997,7.00000000000003,1,2,66,0.5
488,14711.499096,14710.78243,14710.89643,14711.445762,14717.50909,0,2.99999999999994,0.0299999999999997,5.99999999999996,2,1,65,0.5
489,14719.181755,14718.396422,14718.573089,14719.181755,14722.712418,1,NaN,0,5.99999999999996,2,1,65,0.5
490,14742.206398,14741.623732,14741.727732,14742.153065,14743.800397,0,2.99999999999994,0.0299999999999997,5.99999999999996,2,1,65,0.5
491,14745.303729,14744.606396,14744.735063,14745.251062,14750.063057,1,2.99999999999994,0.0299999999999997,7.00000000000003,1,2,66,0.5
492,14751.296389,14750.671723,14750.767056,14751.263723,14758.122382,0,2.99999999999994,0.0299999999999997,5.99999999999996,2,1,65,0.5
493,14760.253714,14759.522381,14759.724381,14760.20038,14765.684375,0,2.99999999999994,0.0299999999999997,5.99999999999996,2,1,65,0.5
494,14769.461038,14767.61704,14767.877039,14769.407705,14774.399033,1,2.99999999999994,0.0299999999999997,7.00000000000003,1,2,66,0.5
495,14776.050365,14775.405699,14775.500365,14776.050365,14781.658359,0,NaN,0,7.00000000000003,1,2,66,0.5
496,14783.408357,14782.586358,14782.711025,14783.408357,14789.516351,1,NaN,0,5.99999999999996,2,1,65,0.5
497,14791.203683,14790.23635,14790.409017,14791.203683,14796.413677,0,NaN,0,7.00000000000003,1,2,66,0.5
498,14798.037009,14797.27701,14797.44101,14797.983676,14803.43367,1,2.99999999999994,0.0299999999999997,7.00000000000003,1,2,66,0.5
499,14805.005669,14804.325003,14804.457003,14805.005669,15386.85842,0,NaN,0,7.00000000000003,1,2,66,0.5
500,15388.422419,15387.846419,15387.89242,15388.369086,15415.195059,0,2.99999999999994,0.0299999999999997,5.99999999999996,2,1,65,0.5
501,15421.861052,15420.974386,15421.151053,15421.861052,15425.697715,1,NaN,0,5.99999999999996,2,1,65,0.5
502,15428.071046,15427.43238,15427.465046,15428.071046,15434.651706,1,NaN,0,5.99999999999996,2,1,65,0.5
503,15436.469704,15435.559705,15435.822371,15436.416371,15444.485696,0,2.99999999999994,0.0299999999999997,5.99999999999996,2,1,65,0.5
504,15446.053695,15445.252362,15445.467695,15446.053695,15454.040353,0,NaN,0,7.00000000000003,1,2,66,0.5
505,15456.658351,15456.013685,15456.113018,15456.658351,15464.149676,0,NaN,0,7.00000000000003,1,2,66,0.5
506,15466.062341,15465.245009,15465.505008,15466.009008,15469.109005,0,2.99999999999994,0.0299999999999997,5.99999999999996,2,1,65,0.5
507,15470.753003,15470.033671,15470.129004,15470.69967,15478.206329,1,2.99999999999994,0.0299999999999997,7.00000000000003,1,2,66,0.5
508,15479.916327,15479.204328,15479.264328,15479.862994,15485.188989,1,2.99999999999994,0.0299999999999997,7.00000000000003,1,2,66,0.5
509,15486.84632,15486.086988,15486.147654,15486.792987,15490.12965,0,2.99999999999994,0.0299999999999997,5.99999999999996,2,1,65,0.5
510,15491.984982,15491.220316,15491.330983,15491.931649,15502.410971,1,2.99999999999994,0.0299999999999997,7.00000000000003,1,2,66,0.5
511,15504.161636,15503.45097,15503.497637,15504.108303,15509.054298,0,2.99999999999994,0.0299999999999997,5.99999999999996,2,1,65,0.5
512,15510.97763,15509.978964,15510.052297,15510.97763,15516.594291,1,NaN,0,5.99999999999996,2,1,65,0.5
513,15519.000288,15518.322289,15518.388956,15519.000288,15524.677616,0,NaN,0,7.00000000000003,1,2,66,0.5
514,15526.354281,15525.608282,15525.824281,15526.354281,15529.412944,1,NaN,0,5.99999999999996,2,1,65,0.5
515,15533.028941,15532.319608,15532.524275,15533.028941,15807.266,1,NaN,0,5.99999999999996,2,1,65,0.5
516,15808.870665,15808.301332,15808.339332,15808.817332,15812.683995,0,2.99999999999994,0.0299999999999997,5.99999999999996,2,1,65,0.5
517,15815.396659,15814.656659,15814.727326,15815.396659,15815.753325,1,NaN,0,5.99999999999996,2,1,65,0.5
518,15822.542651,15821.295319,15821.709986,15822.542651,15822.974651,1,NaN,0,5.99999999999996,2,1,65,0.5
519,15829.047312,15828.225979,15828.393979,15828.994645,15833.653307,0,2.99999999999994,0.0299999999999997,5.99999999999996,2,1,65,0.5
520,15835.468638,15834.661973,15834.808639,15835.415305,15840.1873,1,2.99999999999994,0.0299999999999997,7.00000000000003,1,2,66,0.5
521,15842.441298,15841.423299,15841.641299,15842.387965,15846.775294,0,2.99999999999994,0.0299999999999997,5.99999999999996,2,1,65,0.5
522,15848.660625,15847.940626,15848.010626,15848.607292,15853.603287,1,2.99999999999994,0.0299999999999997,7.00000000000003,1,2,66,0.5
523,15855.309285,15854.482619,15854.691286,15855.255952,15860.34928,0,2.99999999999994,0.0299999999999997,5.99999999999996,2,1,65,0.5
524,15861.820612,15861.133946,15861.291279,15861.820612,15868.566605,0,NaN,0,7.00000000000003,1,2,66,0.5
525,15870.677937,15869.810604,15870.160604,15870.677937,15878.077929,0,NaN,0,7.00000000000003,1,2,66,0.5
526,15879.735261,15878.771262,15878.865262,15879.681928,15885.060589,1,2.99999999999994,0.0299999999999997,7.00000000000003,1,2,66,0.5
527,15886.836587,15885.973921,15886.108588,15886.783254,15893.399247,0,2.99999999999994,0.0299999999999997,5.99999999999996,2,1,65,0.5
528,15896.810577,15894.878579,15894.942579,15896.810577,15918.123222,0,NaN,0,7.00000000000003,1,2,66,0.5
529,15920.493887,15919.653221,15919.944554,15920.493887,15926.421214,0,NaN,0,7.00000000000003,1,2,66,0.5
530,15928.192546,15927.435213,15927.579213,15928.139212,15930.69121,1,2.99999999999994,0.0299999999999997,7.00000000000003,1,2,66,0.5
531,15932.834541,15932.072542,15932.218542,15932.781208,15939.957867,0,2.99999999999994,0.0299999999999997,5.99999999999996,2,1,65,0.5
532,15941.551199,15940.811866,15940.923866,15941.497866,15947.37386,0,2.99999999999994,0.0299999999999997,5.99999999999996,2,1,65,0.5
533,15948.780525,15948.087859,15948.192526,15948.780525,16074.576399,0,NaN,0,7.00000000000003,1,2,66,0.5
534,16076.112398,16075.434399,16075.614398,16076.112398,16082.432391,0,NaN,0,7.00000000000003,1,2,66,0.5
535,16085.437722,16084.471056,16084.977722,16085.437722,16093.969047,0,NaN,0,7.00000000000003,1,2,66,0.5
536,16106.157701,16104.529036,16105.192369,16106.157701,16109.735031,1,NaN,0,5.99999999999996,2,1,65,0.5
537,16112.557695,16111.642362,16111.999029,16112.504361,16116.94969,1,2.99999999999994,0.0299999999999997,7.00000000000003,1,2,66,0.5
538,16119.254355,16118.489689,16118.679689,16119.201021,16126.284348,0,2.99999999999994,0.0299999999999997,5.99999999999996,2,1,65,0.5
539,16296.596844,16295.937511,16296.108178,16296.596844,16301.839505,0,NaN,0,7.00000000000003,1,2,66,0.5
540,16303.398837,16302.674171,16302.842171,16303.398837,16306.470167,0,NaN,0,7.00000000000003,1,2,66,0.5
541,16309.887497,16308.852165,16309.146165,16309.887497,16327.092147,0,NaN,0,7.00000000000003,1,2,66,0.5
542,16339.720134,16338.915468,16339.063468,16339.666801,16342.264798,1,2.99999999999994,0.0299999999999997,7.00000000000003,1,2,66,0.5
543,16344.065463,16343.536797,16343.55813,16344.065463,16370.444103,0,NaN,0,7.00000000000003,1,2,66,0.5
544,16371.742102,16371.109436,16371.286103,16371.742102,16374.509433,0,NaN,0,7.00000000000003,1,2,66,0.5
545,16378.388096,16377.336763,16377.570096,16378.334762,16383.653424,1,2.99999999999994,0.0299999999999997,7.00000000000003,1,2,66,0.5
546,16385.584755,16384.884089,16384.998089,16385.531422,16390.51675,0,2.99999999999994,0.0299999999999997,5.99999999999996,2,1,65,0.5
547,16392.135415,16391.376749,16391.554083,16392.082082,16397.652076,0,2.99999999999994,0.0299999999999997,5.99999999999996,2,1,65,0.5
548,16400.487407,16399.758741,16399.897407,16400.487407,16405.753401,1,NaN,0,5.99999999999996,2,1,65,0.5
549,16407.836066,16407.160067,16407.304733,16407.836066,16414.06406,0,NaN,0,7.00000000000003,1,2,66,0.5
550,16415.586058,16414.837392,16415.030726,16415.586058,16422.118052,1,NaN,0,5.99999999999996,2,1,65,0.5
551,16423.912717,16423.212717,16423.424717,16423.859383,16431.484042,0,2.99999999999994,0.0299999999999997,5.99999999999996,2,1,65,0.5
552,16434.229373,16433.548707,16433.634707,16434.229373,16434.897372,0,NaN,0,7.00000000000003,1,2,66,0.5
553,16465.180675,16464.307343,16464.604009,16465.128009,16470.976003,1,2.99999999999994,0.0299999999999997,7.00000000000003,1,2,66,0.5
554,16477.813329,16477.184663,16477.29533,16477.759996,16482.699991,0,2.99999999999994,0.0299999999999997,5.99999999999996,2,1,65,0.5
555,16484.03399,16483.523324,16483.55399,16484.03399,16490.67265,0,NaN,0,7.00000000000003,1,2,66,0.5
556,16492.391982,16491.757982,16491.865982,16492.391982,16497.351977,0,NaN,0,7.00000000000003,1,2,66,0.5
557,16498.843308,16498.131976,16498.277309,16498.789975,16500.799306,1,2.99999999999994,0.0299999999999997,7.00000000000003,1,2,66,0.5
558,16502.649971,16501.779305,16502.122638,16502.596638,16505.896635,0,2.99999999999994,0.0299999999999997,5.99999999999996,2,1,65,0.5
559,16507.340633,16506.628634,16506.736634,16507.340633,16510.683963,1,NaN,0,5.99999999999996,2,1,65,0.5
560,16514.871292,16513.909293,16514.286626,16514.817959,16520.995286,1,2.99999999999994,0.0299999999999997,7.00000000000003,1,2,66,0.5
561,16522.699951,16522.036619,16522.208618,16522.699951,16525.977948,0,NaN,0,7.00000000000003,1,2,66,0.5
562,16530.028611,16529.353278,16529.485944,16530.028611,16536.153271,1,NaN,0,5.99999999999996,2,1,65,0.5
563,16538.297936,16536.925937,16537.48727,16538.297936,16542.841264,1,NaN,0,5.99999999999996,2,1,65,0.5
564,16545.608595,16544.739263,16545.117262,16545.608595,16546.011928,1,NaN,0,5.99999999999996,2,1,65,0.5
565,16731.489742,16729.763077,16729.963077,16731.489742,16734.501073,1,NaN,0,5.99999999999996,2,1,65,0.5
566,16738.416402,16737.50907,16737.811069,16738.416402,16768.398372,1,NaN,0,5.99999999999996,2,1,65,0.5
567,16770.361037,16769.619704,16769.852371,16770.361037,16770.667037,1,NaN,0,5.99999999999996,2,1,65,0.5
568,16781.532359,16780.695693,16780.953693,16781.479026,16784.076356,1,2.99999999999994,0.0299999999999997,7.00000000000003,1,2,66,0.5
569,16786.336354,16785.220355,16785.478355,16786.283021,16792.400348,1,2.99999999999994,0.0299999999999997,7.00000000000003,1,2,66,0.5
570,16795.101012,16794.23168,16794.366346,16795.101012,16802.511671,1,NaN,0,5.99999999999996,2,1,65,0.5
571,16808.516332,16807.710333,16807.922333,16808.462999,16815.897658,1,2.99999999999994,0.0299999999999997,7.00000000000003,1,2,66,0.5
572,16817.65299,16817.02299,16817.147657,16817.65299,16818.021656,1,NaN,0,5.99999999999996,2,1,65,0.5
573,16824.495649,16823.506984,16823.960983,16824.495649,16828.520979,1,NaN,0,5.99999999999996,2,1,65,0.5
574,16830.572977,16829.882311,16830.12631,16830.52031,16835.257639,0,2.99999999999994,0.0299999999999997,5.99999999999996,2,1,65,0.5
575,16837.217637,16836.500304,16836.610304,16837.217637,16839.566968,1,NaN,0,5.99999999999996,2,1,65,0.5
576,16848.469625,16847.663626,16847.779626,16848.469625,16856.602951,1,NaN,0,5.99999999999996,2,1,65,0.5
577,16862.702278,16861.724279,16862.038279,16862.702278,16867.169607,1,NaN,0,5.99999999999996,2,1,65,0.5
578,16869.318271,16868.612939,16868.750272,16869.318271,16873.6636,1,NaN,0,5.99999999999996,2,1,65,0.5
579,16876.335598,16875.435598,16875.656932,16876.282264,16881.902925,1,2.99999999999994,0.0299999999999997,7.00000000000003,1,2,66,0.5
580,16884.112256,16883.346257,16883.52559,16884.058923,16889.038918,0,2.99999999999994,0.0299999999999997,5.99999999999996,2,1,65,0.5
581,16891.490249,16889.974917,16890.15825,16891.436916,16896.350244,0,2.99999999999994,0.0299999999999997,5.99999999999996,2,1,65,0.5
582,16898.238909,16897.497576,16897.550243,16898.185576,16903.684904,1,2.99999999999994,0.0299999999999997,7.00000000000003,1,2,66,0.5
583,16905.088235,16904.484236,16904.556903,16905.088235,16909.514898,0,NaN,0,7.00000000000003,1,2,66,0.5
584,16911.616229,16910.978896,16911.05023,16911.562896,17864.732609,0,2.99999999999994,0.0299999999999997,5.99999999999996,2,1,65,0.5
585,17867.567273,17866.745274,17866.909274,17867.514606,17874.630599,1,2.99999999999994,0.0299999999999997,7.00000000000003,1,2,66,0.5
586,17877.10793,17876.374598,17876.620597,17877.055264,17879.983927,0,2.99999999999994,0.0299999999999997,5.99999999999996,2,1,65,0.5
587,17895.958578,17893.871247,17895.344579,17895.905245,17904.090571,1,2.99999999999994,0.0299999999999997,7.00000000000003,1,2,66,0.5
588,17906.8559,17906.034568,17906.279234,17906.803234,17914.235226,1,2.99999999999994,0.0299999999999997,7.00000000000003,1,2,66,0.5
589,17948.133859,17947.37986,17947.518526,17948.080526,17950.677857,1,2.99999999999994,0.0299999999999997,7.00000000000003,1,2,66,0.5
590,17952.355855,17951.731856,17951.823189,17952.348522,17956.641184,0,2.99999999999994,0.0299999999999997,5.99999999999996,2,1,65,0.5
591,17958.511849,17957.836519,17957.928516,17958.511849,17962.780511,1,NaN,0,5.99999999999996,2,1,65,0.5
592,17965.428508,17964.579843,17964.814509,17965.428508,17969.521171,1,NaN,0,5.99999999999996,2,1,65,0.5
593,17974.123833,17973.359167,17973.6605,17974.0705,17976.410497,1,2.99999999999994,0.0299999999999997,7.00000000000003,1,2,66,0.5
594,17978.011829,17977.387163,17977.439163,17977.981163,17984.453823,0,2.99999999999994,0.0299999999999997,5.99999999999996,2,1,65,0.5
595,17985.750488,17985.137155,17985.181155,17985.750488,17992.695148,1,NaN,0,5.99999999999996,2,1,65,0.5
596,17997.689143,17997.078477,17997.168477,17997.63581,18003.207138,0,2.99999999999994,0.0299999999999997,5.99999999999996,2,1,65,0.5
597,18004.563803,18003.997137,18004.071803,18004.563803,18007.927799,0,NaN,0,7.00000000000003,1,2,66,0.5
598,18010.68113,18010.056464,18010.140464,18010.642463,18015.015126,0,2.99999999999994,0.0299999999999997,5.99999999999996,2,1,65,0.5
599,18016.401124,18015.775125,18015.831125,18016.401124,18021.445786,1,NaN,0,5.99999999999996,2,1,65,0.5
600,18022.965784,18022.241118,18022.363785,18022.965784,18029.676444,0,NaN,0,7.00000000000003,1,2,66,0.5
601,18033.167774,18032.118442,18032.425775,18033.167774,18080.11906,0,NaN,0,7.00000000000003,1,2,66,0.5
602,18083.979723,18083.291057,18083.45639,18083.92639,18087.979053,0,2.99999999999994,0.0299999999999997,5.99999999999996,2,1,65,0.5
603,18089.779051,18089.027052,18089.205718,18089.725718,18093.407047,1,2.99999999999994,0.0299999999999997,7.00000000000003,1,2,66,0.5
604,18095.076379,18094.451713,18094.561713,18095.054379,18097.406376,0,2.99999999999994,0.0299999999999997,5.99999999999996,2,1,65,0.5
605,18100.421707,18099.723041,18099.841041,18100.368374,18103.157038,1,2.99999999999994,0.0299999999999997,7.00000000000003,1,2,66,0.5
606,18104.575703,18104.071037,18104.11837,18104.575703,18109.853031,0,NaN,0,7.00000000000003,1,2,66,0.5
607,18111.499029,18110.976363,18111.090363,18111.499029,18115.188359,0,NaN,0,7.00000000000003,1,2,66,0.5
608,18118.161022,18117.035024,18117.243023,18118.161022,18118.447022,0,NaN,0,7.00000000000003,1,2,66,0.5
609,18142.288332,18141.540999,18141.697666,18142.234998,18147.386994,1,2.99999999999994,0.0299999999999997,7.00000000000003,1,2,66,0.5
610,18148.920992,18148.280992,18148.452326,18148.920992,18155.599652,0,NaN,0,7.00000000000003,1,2,66,0.5
611,18156.962984,18156.194984,18156.305651,18156.90965,18168.316306,1,2.99999999999994,0.0299999999999997,7.00000000000003,1,2,66,0.5
612,18169.740971,18169.116305,18169.282305,18169.732971,18172.745634,0,2.99999999999994,0.0299999999999997,5.99999999999996,2,1,65,0.5
613,18174.2103,18173.585634,18173.608967,18174.198966,18179.462294,1,2.99999999999994,0.0299999999999997,7.00000000000003,1,2,66,0.5
614,18180.895626,18180.33896,18180.379627,18180.895626,18183.717624,0,NaN,0,7.00000000000003,1,2,66,0.5
615,18187.540286,18186.954954,18187.028287,18187.540286,18190.416951,1,NaN,0,5.99999999999996,2,1,65,0.5
616,18198.834275,18198.110276,18198.206942,18198.780942,18209.708931,1,2.99999999999994,0.0299999999999997,7.00000000000003,1,2,66,0.5
617,18211.666262,18211.054263,18211.114263,18211.666262,18217.286923,1,NaN,0,5.99999999999996,2,1,65,0.5
618,18219.780921,18218.468922,18219.181588,18219.780921,18229.320245,0,NaN,0,7.00000000000003,1,2,66,0.5
619,18232.973574,18232.157575,18232.183575,18232.973574,18233.47824,1,NaN,0,5.99999999999996,2,1,65,0.5
620,18433.63004,18432.766041,18432.943374,18433.576707,18441.701366,0,2.99999999999994,0.0299999999999997,5.99999999999996,2,1,65,0.5
621,18445.318695,18444.45803,18444.734029,18445.266029,18460.931346,0,2.99999999999994,0.0299999999999997,5.99999999999996,2,1,65,0.5
622,18462.498678,18461.801345,18461.887345,18462.445345,18466.723341,1,2.99999999999994,0.0299999999999997,7.00000000000003,1,2,66,0.5
623,18468.310006,18467.708006,18467.855339,18468.310006,18474.942666,0,NaN,0,7.00000000000003,1,2,66,0.5
624,18476.412664,18475.566665,18475.650665,18476.359998,18479.735994,0,2.99999999999994,0.0299999999999997,5.99999999999996,2,1,65,0.5
625,18481.383326,18480.719327,18480.77066,18481.383326,18487.44332,1,NaN,0,5.99999999999996,2,1,65,0.5
626,18489.229985,18488.554652,18488.733319,18489.229985,18491.601982,0,NaN,0,7.00000000000003,1,2,66,0.5
627,18495.824645,18495.024646,18495.323312,18495.824645,18496.211978,1,NaN,0,5.99999999999996,2,1,65,0.5
628,18504.275303,18503.370637,18503.443304,18504.22197,18508.455299,0,2.99999999999994,0.0299999999999997,5.99999999999996,2,1,65,0.5
629,18509.963297,18509.291298,18509.501298,18509.963297,18519.622621,1,NaN,0,5.99999999999996,2,1,65,0.5
630,18521.195286,18520.559953,18520.797286,18521.195286,18524.321283,0,NaN,0,7.00000000000003,1,2,66,0.5
631,18672.948468,18672.125802,18672.228468,18672.948468,18673.781133,1,NaN,0,5.99999999999996,2,1,65,0.5
632,18681.660459,18681.116459,18681.212459,18681.660459,18690.25645,0,NaN,0,7.00000000000003,1,2,66,0.5
633,18691.588449,18690.88245,18690.991116,18691.588449,18696.631111,1,NaN,0,5.99999999999996,2,1,65,0.5
634,18699.630441,18698.721775,18698.829108,18699.630441,18702.429105,1,NaN,0,5.99999999999996,2,1,65,0.5
635,18706.330434,18705.576435,18705.853101,18706.277101,18710.389097,1,2.99999999999994,0.0299999999999997,7.00000000000003,1,2,66,0.5
636,18712.046429,18711.445762,18711.505762,18711.993095,18717.18509,0,2.99999999999994,0.0299999999999997,5.99999999999996,2,1,65,0.5
637,18718.765088,18718.191756,18718.275089,18718.711755,18727.75508,0,2.99999999999994,0.0299999999999997,5.99999999999996,2,1,65,0.5
638,18729.251745,18728.513745,18728.727079,18729.198411,18743.98173,0,2.99999999999994,0.0299999999999997,5.99999999999996,2,1,65,0.5
639,18745.674395,18744.861062,18745.066396,18745.621728,18747.419726,1,2.99999999999994,0.0299999999999997,7.00000000000003,1,2,66,0.5
640,18760.79838,18748.175726,18748.398392,NaN,NaN,NaN,NaN,0,7.00000000000003,1,2,66,0.5
641,18770.339704,18766.258374,18766.526374,18770.28637,18794.687013,0,2.99999999999994,0.0299999999999997,5.99999999999996,2,1,65,0.5
642,18795.875011,18795.285679,18795.391679,18795.875011,18816.785657,0,NaN,0,7.00000000000003,1,2,66,0.5
643,18818.838322,18817.857656,18818.006989,18818.838322,18824.572316,0,NaN,0,7.00000000000003,1,2,66,0.5
644,18827.977646,18827.03298,18827.26698,18827.924313,18833.028308,1,2.99999999999994,0.0299999999999997,7.00000000000003,1,2,66,0.5
645,18834.320306,18833.72764,18833.87364,18834.320306,18855.554952,0,NaN,0,7.00000000000003,1,2,66,0.5
646,18865.397609,18864.743609,18864.856942,18865.397609,18871.640936,1,NaN,0,5.99999999999996,2,1,65,0.5
647,18873.008934,18872.323602,18872.542268,18873.008934,18878.458929,0,NaN,0,7.00000000000003,1,2,66,0.5
648,18880.058261,18879.254261,18879.625594,18880.058261,18885.084255,1,NaN,0,5.99999999999996,2,1,65,0.5
649,18889.572251,18888.707585,18889.100918,18889.518918,18900.80024,0,2.99999999999994,0.0299999999999997,5.99999999999996,2,1,65,0.5
650,18907.1689,18906.606901,18906.778239,18907.1689,18913.618232,1,NaN,0,5.99999999999996,2,1,65,0.5
651,18915.447558,18914.734226,18914.931559,18915.394225,18920.43622,1,2.99999999999994,0.0299999999999997,7.00000000000003,1,2,66,0.5
652,18924.29155,18923.540217,18923.71355,18924.238883,18927.53488,0,2.99999999999994,0.0299999999999997,5.99999999999996,2,1,65,0.5
653,18929.452211,18928.480212,18928.564212,18929.452211,18934.604873,1,NaN,0,5.99999999999996,2,1,65,0.5
654,18936.186871,18935.357539,18935.682872,18936.133538,18940.3362,0,2.99999999999994,0.0299999999999997,5.99999999999996,2,1,65,0.5
655,18941.728866,18941.025533,18941.136866,18941.675532,18946.446861,1,2.99999999999994,0.0299999999999997,7.00000000000003,1,2,66,0.5
656,18948.097526,18947.47286,18947.582193,18948.071526,18953.362187,0,2.99999999999994,0.0299999999999997,5.99999999999996,2,1,65,0.5
657,18954.918186,18954.20152,18954.302853,18954.864852,18963.80751,1,2.99999999999994,0.0299999999999997,7.00000000000003,1,2,66,0.5
658,18966.042841,18965.356175,18965.510175,18966.042841,18972.071502,0,NaN,0,7.00000000000003,1,2,66,0.5
659,18973.640167,18972.910834,18973.089501,18973.586834,18976.98283,1,2.99999999999994,0.0299999999999997,7.00000000000003,1,2,66,0.5
660,18978.660162,18978.062829,18978.188162,18978.660162,18983.190824,0,NaN,0,7.00000000000003,1,2,66,0.5
661,18985.105489,18984.356823,18984.546823,18985.052156,18990.681483,1,2.99999999999994,0.0299999999999997,7.00000000000003,1,2,66,0.5
662,18992.529481,18991.896815,18992.002149,18992.529481,18995.734145,0,NaN,0,7.00000000000003,1,2,66,0.5
663,18999.444141,18998.407475,18998.942808,18999.390808,19004.314136,0,2.99999999999994,0.0299999999999997,5.99999999999996,2,1,65,0.5
664,19005.757468,19005.119469,19005.202802,19005.757468,19011.514129,1,NaN,0,5.99999999999996,2,1,65,0.5
665,19013.062794,19012.368128,19012.518795,19013.010127,19018.848788,0,2.99999999999994,0.0299999999999997,5.99999999999996,2,1,65,0.5
666,19020.245454,19019.678788,19019.774787,19020.245454,19027.267447,0,NaN,0,7.00000000000003,1,2,66,0.5
667,19028.652779,19027.954779,19028.064779,19028.599445,19034.384773,1,2.99999999999994,0.0299999999999997,7.00000000000003,1,2,66,0.5
668,19035.834771,19035.112105,19035.285439,19035.781438,19040.4181,0,2.99999999999994,0.0299999999999997,5.99999999999996,2,1,65,0.5
669,19041.736766,19041.0541,19041.156766,19041.736766,19047.282093,1,NaN,0,5.99999999999996,2,1,65,0.5
670,19051.170089,19050.39809,19050.65809,19051.116756,19054.841419,0,2.99999999999994,0.0299999999999997,5.99999999999996,2,1,65,0.5
671,19056.493417,19055.868751,19055.958752,19056.487417,19061.654079,1,2.99999999999994,0.0299999999999997,7.00000000000003,1,2,66,0.5
672,19063.096077,19062.421411,19062.468078,19063.042744,19068.999405,0,2.99999999999994,0.0299999999999997,5.99999999999996,2,1,65,0.5
673,19072.041402,19071.270069,19071.456069,19072.041402,19083.076057,1,NaN,0,5.99999999999996,2,1,65,0.5
674,19175.225299,19174.477299,19174.606633,19175.171965,19182.622625,1,2.99999999999994,0.0299999999999997,7.00000000000003,1,2,66,0.5
675,19183.965957,19183.399957,19183.49529,19183.965957,19190.038617,0,NaN,0,7.00000000000003,1,2,66,0.5
676,19191.685282,19190.925283,19191.087949,19191.631949,19194.663279,1,2.99999999999994,0.0299999999999997,7.00000000000003,1,2,66,0.5
677,19196.572611,19195.799278,19195.970611,19196.519277,19200.582607,0,2.99999999999994,0.0299999999999997,5.99999999999996,2,1,65,0.5
678,19202.309272,19201.563272,19201.611272,19202.255938,19207.838599,1,2.99999999999994,0.0299999999999997,7.00000000000003,1,2,66,0.5
679,19209.703931,19208.984598,19209.257931,19209.703931,19213.016594,0,NaN,0,7.00000000000003,1,2,66,0.5
680,19217.68659,19217.00859,19217.077257,19217.68659,19221.881919,1,NaN,0,5.99999999999996,2,1,65,0.5
681,19224.572583,19223.988583,19224.117916,19224.572583,19230.99791,0,NaN,0,7.00000000000003,1,2,66,0.5
682,19234.225906,19233.217907,19233.349241,19234.172573,19236.030571,1,2.99999999999994,0.0299999999999997,7.00000000000003,1,2,66,0.5
683,19237.854569,19237.261237,19237.41457,19237.854569,19244.29523,0,NaN,0,7.00000000000003,1,2,66,0.5
684,19248.359892,19247.029894,19247.46856,19248.359892,19248.653225,1,NaN,0,5.99999999999996,2,1,65,0.5
685,19254.923886,19254.322553,19254.447219,19254.923886,19255.233219,1,NaN,0,5.99999999999996,2,1,65,0.5
686,19278.739862,19277.941196,19278.046529,19278.686529,19283.915857,1,2.99999999999994,0.0299999999999997,7.00000000000003,1,2,66,0.5
687,19299.447841,19298.531175,19298.578509,19299.447841,19301.957172,1,NaN,0,5.99999999999996,2,1,65,0.5
688,19310.60983,19309.897164,19310.156497,19310.60983,19315.493158,0,NaN,0,7.00000000000003,1,2,66,0.5
689,19316.98649,19316.389158,19316.554491,19316.98649,19323.110484,1,NaN,0,5.99999999999996,2,1,65,0.5
690,19326.318481,19325.012482,19325.674482,19326.318481,19326.607814,1,NaN,0,5.99999999999996,2,1,65,0.5
691,19332.914474,19332.247808,19332.389142,19332.914474,19335.403139,1,NaN,0,5.99999999999996,2,1,65,0.5
692,19344.471129,19343.94313,19344.04113,19344.417796,19347.595793,0,2.99999999999994,0.0299999999999997,5.99999999999996,2,1,65,0.5
693,19349.351125,19348.770458,19348.885125,19349.351125,19354.647119,1,NaN,0,5.99999999999996,2,1,65,0.5
694,19539.956934,19538.312269,19539.286268,19539.956934,19554.352253,0,NaN,0,7.00000000000003,1,2,66,0.5
695,19555.973585,19555.247585,19555.290252,19555.973585,19556.242251,1,NaN,0,5.99999999999996,2,1,65,0.5
696,19565.063576,19564.233576,19564.534243,19565.063576,19570.27757,1,NaN,0,5.99999999999996,2,1,65,0.5
697,19573.194234,19571.994235,19572.197568,19573.140901,19577.54623,0,2.99999999999994,0.0299999999999997,5.99999999999996,2,1,65,0.5
698,19580.042227,19579.248228,19579.380894,19579.988894,19583.226224,1,2.99999999999994,0.0299999999999997,7.00000000000003,1,2,66,0.5
699,19584.543556,19584.039557,19584.080223,19584.543556,19590.579551,0,NaN,0,7.00000000000003,1,2,66,0.5
700,19592.102215,19591.455549,19591.652216,19592.102215,19597.634876,1,NaN,0,5.99999999999996,2,1,65,0.5
701,19599.403541,19598.778875,19599.002208,19599.392874,19601.869539,0,2.99999999999994,0.0299999999999997,5.99999999999996,2,1,65,0.5
702,19603.318871,19602.744205,19602.870204,19603.318871,19603.59687,1,NaN,0,5.99999999999996,2,1,65,0.5
703,19614.25286,19613.545527,19613.69486,19614.199526,19619.432854,1,2.99999999999994,0.0299999999999997,7.00000000000003,1,2,66,0.5
704,19621.314186,19620.68952,19620.87152,19621.260853,19626.030848,0,2.99999999999994,0.0299999999999997,5.99999999999996,2,1,65,0.5
705,19627.601513,19626.988847,19627.176847,19627.54818,19635.332172,0,2.99999999999994,0.0299999999999997,5.99999999999996,2,1,65,0.5
706,19637.13217,19636.376171,19636.634837,19637.078837,19640.3015,1,2.99999999999994,0.0299999999999997,7.00000000000003,1,2,66,0.5
707,19641.955499,19641.272166,19641.542166,19641.955499,19647.44616,1,NaN,0,5.99999999999996,2,1,65,0.5
708,19649.758825,19648.969492,19649.013492,19649.705491,19653.47882,1,2.99999999999994,0.0299999999999997,7.00000000000003,1,2,66,0.5
709,19654.676819,19654.125486,19654.220153,19654.623486,19658.458149,0,2.99999999999994,0.0299999999999997,5.99999999999996,2,1,65,0.5
710,19659.942147,19659.273481,19659.311481,19659.942147,19664.746809,1,NaN,0,5.99999999999996,2,1,65,0.5
711,19666.875474,19666.150808,19666.433474,19666.82214,19669.080805,0,2.99999999999994,0.0299999999999997,5.99999999999996,2,1,65,0.5
712,19670.97747,19670.352804,19670.456803,19670.932804,19675.278799,1,2.99999999999994,0.0299999999999997,7.00000000000003,1,2,66,0.5
713,19676.554797,19675.946131,19676.008798,19676.501464,19684.035457,0,2.99999999999994,0.0299999999999997,5.99999999999996,2,1,65,0.5
714,19685.260122,19684.727456,19684.838122,19685.260122,19710.776763,0,NaN,0,7.00000000000003,1,2,66,0.5
715,19715.219425,19714.678093,19714.744092,19715.166092,19717.412756,0,2.99999999999994,0.0299999999999997,5.99999999999996,2,1,65,0.5
716,19718.822755,19718.206089,19718.281422,19718.770088,19723.986083,1,2.99999999999994,0.0299999999999997,7.00000000000003,1,2,66,0.5
717,19725.134082,19724.608083,19724.725416,19725.134082,19731.582076,0,NaN,0,7.00000000000003,1,2,66,0.5
718,19733.026741,19732.334742,19732.595408,19732.973408,19737.454736,0,2.99999999999994,0.0299999999999997,5.99999999999996,2,1,65,0.5
719,19738.770735,19738.029403,19738.207402,19738.717402,19743.022731,1,2.99999999999994,0.0299999999999997,7.00000000000003,1,2,66,0.5
720,19744.46273,19743.827397,19743.878063,19744.46273,19749.554724,0,NaN,0,7.00000000000003,1,2,66,0.5
721,19750.876056,19750.260057,19750.35739,19750.822723,19755.013386,1,2.99999999999994,0.0299999999999997,7.00000000000003,1,2,66,0.5
722,19756.408051,19755.848052,19755.952051,19756.408051,19762.857378,0,NaN,0,7.00000000000003,1,2,66,0.5
723,19764.38471,19763.81471,19763.976043,19764.38471,19770.010037,0,NaN,0,7.00000000000003,1,2,66,0.5
724,19774.832699,19774.2327,19774.416699,19774.832699,19779.180695,1,NaN,0,5.99999999999996,2,1,65,0.5
725,19781.686692,19780.870693,19780.89536,19781.633359,19786.089354,0,2.99999999999994,0.0299999999999997,5.99999999999996,2,1,65,0.5
726,19787.517353,19786.892687,19787.025354,19787.47602,19791.457349,1,2.99999999999994,0.0299999999999997,7.00000000000003,1,2,66,0.5
727,19792.720015,19792.247348,19792.283348,19792.720015,19795.268679,0,NaN,0,7.00000000000003,1,2,66,0.5
728,19800.28334,19799.819341,19799.884007,19800.28334,19804.657336,0,NaN,0,7.00000000000003,1,2,66,0.5
729,20016.80579,20014.921792,20015.082459,20016.752457,20019.791787,1,2.99999999999994,0.0299999999999997,7.00000000000003,1,2,66,0.5
730,20021.877119,20021.272453,20021.341119,20021.877119,20022.451118,0,NaN,0,7.00000000000003,1,2,66,0.5
731,20029.831777,20029.023112,20029.200445,20029.831777,20036.506437,1,NaN,0,5.99999999999996,2,1,65,0.5
732,20037.623103,20036.987104,20037.107103,20037.623103,20117.991023,0,NaN,0,7.00000000000003,1,2,66,0.5
733,20124.32235,20123.47035,20123.645017,20124.269016,20128.233679,0,2.99999999999994,0.0299999999999997,5.99999999999996,2,1,65,0.5
734,20138.667669,20138.083002,20138.193669,20138.667669,20144.667663,0,NaN,0,7.00000000000003,1,2,66,0.5
735,20147.66366,20147.024994,20147.214327,20147.66366,20189.270951,1,NaN,0,5.99999999999996,2,1,65,0.5
736,20195.825611,20195.092279,20195.385612,20195.772278,20207.785599,0,2.99999999999994,0.0299999999999997,5.99999999999996,2,1,65,0.5
737,20229.484244,20228.786245,20228.822245,20229.430911,20231.934242,0,2.99999999999994,0.0299999999999997,5.99999999999996,2,1,65,0.5
738,20238.120902,20237.008904,20237.07557,20238.067569,20240.493567,1,2.99999999999994,0.0299999999999997,7.00000000000003,1,2,66,0.5
739,20243.328897,20242.704231,20242.878898,20243.283564,20247.22756,0,2.99999999999994,0.0299999999999997,5.99999999999996,2,1,65,0.5
740,20248.886892,20248.326892,20248.386226,20248.833559,20253.802887,1,2.99999999999994,0.0299999999999997,7.00000000000003,1,2,66,0.5
741,20254.982886,20254.520886,NaN,20254.982886,20261.515546,0,NaN,0,7.00000000000003,1,2,66,0.5
742,20262.994211,20262.357545,20262.530878,20262.994211,20266.898207,1,NaN,0,5.99999999999996,2,1,65,0.5
743,20272.132202,20271.221536,20271.344869,20272.132202,20274.788199,1,NaN,0,5.99999999999996,2,1,65,0.5
744,20289.536851,20288.912185,20289.053518,20289.492851,20292.750848,0,2.99999999999994,0.0299999999999997,5.99999999999996,2,1,65,0.5
745,20294.983512,20294.36018,20294.523513,20294.983512,20300.23684,1,NaN,0,5.99999999999996,2,1,65,0.5
746,20304.042837,20303.418171,20303.62417,20304.020837,20308.894165,0,2.99999999999994,0.0299999999999997,5.99999999999996,2,1,65,0.5
747,20310.239497,20309.714164,20309.807497,20310.239497,20318.298156,0,NaN,0,7.00000000000003,1,2,66,0.5
748,20319.606821,20318.982155,20319.066822,20319.572821,20324.469483,1,2.99999999999994,0.0299999999999997,7.00000000000003,1,2,66,0.5
749,20325.816148,20325.216815,20325.330149,20325.816148,20326.119481,1,NaN,0,5.99999999999996,2,1,65,0.5
750,20341.146133,20340.434133,20340.614133,20341.092799,20344.719463,0,2.99999999999994,0.0299999999999997,5.99999999999996,2,1,65,0.5
751,20346.492127,20345.817462,20345.916128,20346.438794,20352.594788,1,2.99999999999994,0.0299999999999997,7.00000000000003,1,2,66,0.5
752,20354.09812,20353.54612,20353.630787,20354.09812,20360.31878,1,NaN,0,5.99999999999996,2,1,65,0.5
753,20361.878779,20361.190113,20361.411446,20361.878779,20364.31411,1,NaN,0,5.99999999999996,2,1,65,0.5
754,20369.844771,20369.104105,20369.278105,20369.791438,20375.733431,0,2.99999999999994,0.0299999999999997,5.99999999999996,2,1,65,0.5
755,20377.22543,20376.717431,20376.804764,20377.22543,20383.467424,0,NaN,0,7.00000000000003,1,2,66,0.5
756,20385.153422,20384.441423,20384.599423,20385.100089,20388.294752,1,2.99999999999994,0.0299999999999997,7.00000000000003,1,2,66,0.5
757,20391.116749,20390.492083,20390.694083,20391.108749,20394.551413,0,2.99999999999994,0.0299999999999997,5.99999999999996,2,1,65,0.5
758,20395.830078,20395.335412,20395.373412,20395.830078,20403.124737,1,NaN,0,5.99999999999996,2,1,65,0.5
759,20404.728736,20404.202736,20404.28007,20404.728736,20409.147398,1,NaN,0,5.99999999999996,2,1,65,0.5
760,20413.369394,20412.767394,20412.920061,20413.316061,20418.940722,0,2.99999999999994,0.0299999999999997,5.99999999999996,2,1,65,0.5
761,20420.487387,20419.927387,20420.031387,20420.434053,20424.477383,0,2.99999999999994,0.0299999999999997,5.99999999999996,2,1,65,0.5
762,20425.837381,20425.212715,20425.262049,20425.794715,20430.932043,1,2.99999999999994,0.0299999999999997,7.00000000000003,1,2,66,0.5
763,20432.383375,20431.892709,20431.922042,20432.383375,20435.195372,0,NaN,0,7.00000000000003,1,2,66,0.5
764,20438.586702,20437.918036,20438.174036,20438.586702,20444.778029,0,NaN,0,7.00000000000003,1,2,66,0.5
765,20445.993361,20445.339362,20445.482695,20445.993361,20450.970023,1,NaN,0,5.99999999999996,2,1,65,0.5
766,20456.633351,20455.622685,20455.627352,20456.580017,20460.183347,0,2.99999999999994,0.0299999999999997,5.99999999999996,2,1,65,0.5
767,20461.463346,20460.83868,20460.947346,20461.434012,20466.132674,1,2.99999999999994,0.0299999999999997,7.00000000000003,1,2,66,0.5
768,20467.552673,20466.85534,20467.006674,20467.552673,20472.865334,0,NaN,0,7.00000000000003,1,2,66,0.5
769,20474.921332,20474.32,20474.432666,20474.867999,20481.296659,1,2.99999999999994,0.0299999999999997,7.00000000000003,1,2,66,0.5
770,20482.821324,20482.217992,20482.323992,20482.767991,20486.218654,1,2.99999999999994,0.0299999999999997,7.00000000000003,1,2,66,0.5
771,20490.38665,20489.931317,20489.959984,20490.38665,20502.242638,0,NaN,0,7.00000000000003,1,2,66,0.5
772,20503.276637,20502.758638,20502.801304,20503.276637,20864.088276,0,NaN,0,7.00000000000003,1,2,66,0.5
773,20912.164895,20911.241563,20911.618229,20912.164895,20912.543561,1,NaN,0,5.99999999999996,2,1,65,0.5
774,20919.108221,20918.212889,20918.536889,20919.054888,20925.405548,1,2.99999999999994,0.0299999999999997,7.00000000000003,1,2,66,0.5
775,20927.522214,20926.965547,20927.098213,20927.522214,20932.382875,1,NaN,0,5.99999999999996,2,1,65,0.5
776,20934.978206,20934.112206,20934.476873,20934.924872,20937.494203,0,2.99999999999994,0.0299999999999997,5.99999999999996,2,1,65,0.5
777,20939.169535,20938.581535,20938.705535,20939.169535,20946.380195,1,NaN,0,5.99999999999996,2,1,65,0.5
778,20948.829525,20948.318859,20948.389526,20948.776192,20952.102855,0,2.99999999999994,0.0299999999999997,5.99999999999996,2,1,65,0.5
779,20953.402854,20952.691521,20952.786854,20953.349521,20956.007518,1,2.99999999999994,0.0299999999999997,7.00000000000003,1,2,66,0.5
780,20957.523516,20957.000184,20957.05285,20957.470183,20963.588844,0,2.99999999999994,0.0299999999999997,5.99999999999996,2,1,65,0.5
781,20965.191509,20964.618176,20964.686176,20965.138175,20972.281502,1,2.99999999999994,0.0299999999999997,7.00000000000003,1,2,66,0.5
782,20973.660834,20973.084167,20973.204834,20973.660834,20973.942833,0,NaN,0,7.00000000000003,1,2,66,0.5
783,20981.944159,20981.324159,20981.428826,20981.944159,20987.552154,0,NaN,0,7.00000000000003,1,2,66,0.5
784,20990.116817,20988.726152,20989.506818,20990.063484,20993.125481,1,2.99999999999994,0.0299999999999997,7.00000000000003,1,2,66,0.5
785,20994.488813,20993.91748,20994.085481,20994.488813,21000.225474,0,NaN,0,7.00000000000003,1,2,66,0.5
786,21001.526139,21000.782806,21000.989473,21001.472806,21006.024801,1,2.99999999999994,0.0299999999999997,7.00000000000003,1,2,66,0.5
787,21007.287467,21006.736134,21006.844134,21007.287467,21013.794793,0,NaN,0,7.00000000000003,1,2,66,0.5
788,21015.529458,21014.836792,21015.096125,21015.476125,21019.782787,0,2.99999999999994,0.0299999999999997,5.99999999999996,2,1,65,0.5
789,21021.04812,21020.50012,21020.54812,21021.04812,21026.320781,1,NaN,0,5.99999999999996,2,1,65,0.5
790,21028.065446,21027.493446,21027.685446,21028.065446,21033.221441,0,NaN,0,7.00000000000003,1,2,66,0.5
791,21034.654106,21034.03744,21034.244773,21034.654106,21038.804102,1,NaN,0,5.99999999999996,2,1,65,0.5
792,21040.9601,21040.424767,21040.537433,21040.906766,21044.971429,1,2.99999999999994,0.0299999999999997,7.00000000000003,1,2,66,0.5
793,21046.788094,21046.215428,21046.302094,21046.73476,21050.73209,0,2.99999999999994,0.0299999999999997,5.99999999999996,2,1,65,0.5
794,21069.047405,21068.210739,21068.514072,21069.047405,21072.250068,1,NaN,0,5.99999999999996,2,1,65,0.5
795,21076.015398,21075.227399,21075.552065,21076.015398,21080.684727,1,NaN,0,5.99999999999996,2,1,65,0.5
796,21084.712723,21084.030057,21084.142056,21084.712723,21085.026056,1,NaN,0,5.99999999999996,2,1,65,0.5
797,21215.695258,21214.653259,21214.855259,21215.695258,21221.783252,0,NaN,0,7.00000000000003,1,2,66,0.5
798,21232.623241,21232.026575,21232.114575,21232.569908,21237.367237,0,2.99999999999994,0.0299999999999997,5.99999999999996,2,1,65,0.5
799,21239.346568,21238.721902,21238.779902,21239.297235,21241.968565,1,2.99999999999994,0.0299999999999997,7.00000000000003,1,2,66,0.5
800,21243.736564,21243.197897,21243.222564,21243.736564,21249.045225,0,NaN,0,7.00000000000003,1,2,66,0.5
801,21250.784556,21249.975891,21250.057224,21250.731223,21254.28722,1,2.99999999999994,0.0299999999999997,7.00000000000003,1,2,66,0.5
802,21258.520549,21257.08455,21257.26455,21258.467215,21261.996545,1,2.99999999999994,0.0299999999999997,7.00000000000003,1,2,66,0.5
803,21263.731877,21263.011211,21263.174544,21263.70921,21271.233203,0,2.99999999999994,0.0299999999999997,5.99999999999996,2,1,65,0.5
804,21272.741868,21272.001202,21272.237202,21272.741868,21277.357863,0,NaN,0,7.00000000000003,1,2,66,0.5
805,21278.958528,21278.194529,21278.534529,21278.958528,21283.165191,0,NaN,0,7.00000000000003,1,2,66,0.5
806,21285.550522,21284.954522,21285.139855,21285.550522,21290.314517,0,NaN,0,7.00000000000003,1,2,66,0.5
807,21292.027182,21291.402516,21291.505849,21291.994515,21296.833177,1,2.99999999999994,0.0299999999999997,7.00000000000003,1,2,66,0.5
808,21303.148504,21302.165838,21302.653171,21303.095171,21305.619835,0,2.99999999999994,0.0299999999999997,5.99999999999996,2,1,65,0.5
809,21307.0445,21306.357834,21306.440501,21306.991167,21343.825797,1,2.99999999999994,0.0299999999999997,7.00000000000003,1,2,66,0.5
810,21355.255785,21354.690453,21354.732453,21355.202452,21357.675783,0,2.99999999999994,0.0299999999999997,5.99999999999996,2,1,65,0.5
811,21362.829111,21362.269778,21362.350445,21362.775778,21365.988441,1,2.99999999999994,0.0299999999999997,7.00000000000003,1,2,66,0.5
812,21367.241107,21366.675774,21366.755107,21367.187773,21371.895769,0,2.99999999999994,0.0299999999999997,5.99999999999996,2,1,65,0.5
813,21379.883761,21372.745101,21372.766434,21379.883761,21385.695755,1,NaN,0,5.99999999999996,2,1,65,0.5
814,21387.00842,21386.281088,21386.493754,21386.955087,21389.575751,0,2.99999999999994,0.0299999999999997,5.99999999999996,2,1,65,0.5
815,21391.693083,21390.90175,21391.219083,21391.693083,21396.194411,1,NaN,0,5.99999999999996,2,1,65,0.5
816,21397.763743,21397.079077,21397.31441,21397.71041,21401.593739,0,2.99999999999994,0.0299999999999997,5.99999999999996,2,1,65,0.5
817,21402.952404,21402.296405,21402.429071,21402.952404,21408.761732,1,NaN,0,5.99999999999996,2,1,65,0.5
818,21410.357064,21409.759731,21409.903065,21410.357064,21415.862391,1,NaN,0,5.99999999999996,2,1,65,0.5
819,21417.327723,21416.628391,21416.787057,21417.27439,21420.810386,1,2.99999999999994,0.0299999999999997,7.00000000000003,1,2,66,0.5
820,21422.497718,21421.754385,21421.887719,21422.444385,21427.07038,0,2.99999999999994,0.0299999999999997,5.99999999999996,2,1,65,0.5
821,21428.329712,21427.757713,21427.818379,21428.329712,21434.579706,1,NaN,0,5.99999999999996,2,1,65,0.5
822,21435.864371,21435.319039,21435.411039,21435.811038,21440.355034,0,2.99999999999994,0.0299999999999997,5.99999999999996,2,1,65,0.5
823,21441.719032,21441.107699,21441.273033,21441.719032,21447.731026,1,NaN,0,5.99999999999996,2,1,65,0.5
824,21449.054358,21448.468359,21448.633692,21449.054358,21453.562354,1,NaN,0,5.99999999999996,2,1,65,0.5
825,21457.987683,21457.203017,21457.401683,21457.987683,21462.011679,1,NaN,0,5.99999999999996,2,1,65,0.5
826,21464.11501,21463.50901,21463.64901,21464.061677,21468.765672,1,2.99999999999994,0.0299999999999997,7.00000000000003,1,2,66,0.5
827,21469.996337,21469.371671,21469.548338,21469.965004,21472.449668,0,2.99999999999994,0.0299999999999997,5.99999999999996,2,1,65,0.5
828,21473.829,21473.221001,21473.384334,21473.829,21480.096994,1,NaN,0,5.99999999999996,2,1,65,0.5
829,21481.418992,21480.79566,21480.91366,21481.365659,21485.611655,1,2.99999999999994,0.0299999999999997,7.00000000000003,1,2,66,0.5
830,21487.145653,21486.580987,21486.680321,21487.09232,21491.247649,0,2.99999999999994,0.0299999999999997,5.99999999999996,2,1,65,0.5
831,21492.984314,21492.359648,21492.414315,21492.950314,21497.836976,1,2.99999999999994,0.0299999999999997,7.00000000000003,1,2,66,0.5
832,21499.092975,21498.468309,21498.622309,21499.059641,21504.262303,0,2.99999999999994,0.0299999999999997,5.99999999999996,2,1,65,0.5
833,21505.768968,21505.080969,21505.122969,21505.768968,21513.102294,1,NaN,0,5.99999999999996,2,1,65,0.5
834,21514.537626,21513.94896,21513.986293,21514.484293,21518.892955,0,2.99999999999994,0.0299999999999997,5.99999999999996,2,1,65,0.5
835,21520.406287,21519.678288,21519.846287,21520.406287,21526.130948,1,NaN,0,5.99999999999996,2,1,65,0.5
836,21527.618946,21526.866947,21527.129613,21527.565613,21531.527609,0,2.99999999999994,0.0299999999999997,5.99999999999996,2,1,65,0.5
837,21532.929608,21532.126942,21532.182275,21532.876274,21535.781605,1,2.99999999999994,0.0299999999999997,7.00000000000003,1,2,66,0.5
838,21537.313603,21536.468271,21536.81627,21537.260937,21541.752932,0,2.99999999999994,0.0299999999999997,5.99999999999996,2,1,65,0.5
839,21543.464264,21542.839598,21542.904264,21543.410931,21550.736256,1,2.99999999999994,0.0299999999999997,7.00000000000003,1,2,66,0.5
840,21552.089588,21551.392256,21551.584256,21552.089588,21558.636915,0,NaN,0,7.00000000000003,1,2,66,0.5
841,21560.280914,21559.591581,21559.620248,21560.22758,21566.156241,1,2.99999999999994,0.0299999999999997,7.00000000000003,1,2,66,0.5
842,21567.830906,21567.188907,21567.342907,21567.830906,21590.93555,0,NaN,0,7.00000000000003,1,2,66,0.5
843,21592.324882,21591.526882,21591.569549,21592.271548,21597.040877,0,2.99999999999994,0.0299999999999997,5.99999999999996,2,1,65,0.5
844,21759.174048,21758.062716,21758.238716,21759.120715,21765.192042,0,2.99999999999994,0.0299999999999997,5.99999999999996,2,1,65,0.5
845,21766.610707,21765.850041,21766.071374,21766.610707,21769.426038,0,NaN,0,7.00000000000003,1,2,66,0.5
846,21786.662021,21786.134021,21786.204021,21786.662021,21792.251348,0,NaN,0,7.00000000000003,1,2,66,0.5
847,21793.45268,21792.858014,21793.004014,21793.45268,21799.565341,0,NaN,0,7.00000000000003,1,2,66,0.5
848,21800.966006,21800.456007,21800.548673,21800.966006,21801.352006,0,NaN,0,7.00000000000003,1,2,66,0.5
849,21814.397326,21813.665327,21813.86866,21814.343993,21815.751325,0,2.99999999999994,0.0299999999999997,5.99999999999996,2,1,65,0.5
850,21817.371323,21816.77399,21816.831324,21817.31799,21827.039314,1,2.99999999999994,0.0299999999999997,7.00000000000003,1,2,66,0.5
851,21839.981301,21839.149301,21839.358635,21839.927967,21843.90463,1,2.99999999999994,0.0299999999999997,7.00000000000003,1,2,66,0.5
852,21845.654628,21844.485963,21844.573963,21845.654628,21850.961956,1,NaN,0,5.99999999999996,2,1,65,0.5
853,21853.981953,21853.063288,21853.575287,21853.981953,21858.101949,1,NaN,0,5.99999999999996,2,1,65,0.5
854,21862.641945,21861.843279,21862.013945,21862.641945,22060.459747,1,NaN,0,5.99999999999996,2,1,65,0.5
855,22065.912408,22065.135075,22065.285075,22065.859075,22102.860371,0,2.99999999999994,0.0299999999999997,5.99999999999996,2,1,65,0.5
856,22122.312352,22121.486352,22121.799685,22122.312352,22122.815684,1,NaN,0,5.99999999999996,2,1,65,0.5
857,22130.569677,22130.005011,22130.033011,22130.516343,22136.449004,0,2.99999999999994,0.0299999999999997,5.99999999999996,2,1,65,0.5
858,22139.617001,22138.855002,22139.145668,22139.563668,22143.352331,0,2.99999999999994,0.0299999999999997,5.99999999999996,2,1,65,0.5
859,22145.064329,22144.003663,22144.583663,22145.010996,22148.609659,0,2.99999999999994,0.0299999999999997,5.99999999999996,2,1,65,0.5
860,22150.117657,22149.458991,22149.540991,22150.117657,22156.613651,1,NaN,0,5.99999999999996,2,1,65,0.5
861,22158.967648,22157.70365,22158.411649,22158.914315,22164.024977,1,2.99999999999994,0.0299999999999997,7.00000000000003,1,2,66,0.5
862,22165.270975,22164.646309,22164.823642,22165.265642,22169.119638,0,2.99999999999994,0.0299999999999997,5.99999999999996,2,1,65,0.5
863,22170.736303,22170.151637,22170.246304,22170.736303,22178.017629,1,NaN,0,5.99999999999996,2,1,65,0.5
864,22181.178293,22180.360294,22180.628293,22181.125626,22183.90829,1,2.99999999999994,0.0299999999999997,7.00000000000003,1,2,66,0.5
865,22185.195622,22184.422289,22184.738289,22185.142289,22188.265619,0,2.99999999999994,0.0299999999999997,5.99999999999996,2,1,65,0.5
866,22189.862284,22189.056285,22189.343618,22189.862284,22196.248944,1,NaN,0,5.99999999999996,2,1,65,0.5
867,22198.577609,22197.968943,22198.068943,22198.577609,22205.094935,1,NaN,0,5.99999999999996,2,1,65,0.5
868,22207.764266,22206.220268,22207.2236,22207.764266,22212.694261,1,NaN,0,5.99999999999996,2,1,65,0.5
869,22215.154925,22213.361594,22213.612927,22215.101593,22218.204256,0,2.99999999999994,0.0299999999999997,5.99999999999996,2,1,65,0.5
870,22219.541588,22218.899588,22219.055588,22219.541588,22225.982248,1,NaN,0,5.99999999999996,2,1,65,0.5
871,22227.500246,22226.856247,22227.054914,22227.500246,22234.465573,1,NaN,0,5.99999999999996,2,1,65,0.5
872,22237.892236,22236.904237,22237.19957,22237.892236,22240.3789,1,NaN,0,5.99999999999996,2,1,65,0.5
873,22251.093556,22250.41289,22250.47489,22251.040223,22253.56622,0,2.99999999999994,0.0299999999999997,5.99999999999996,2,1,65,0.5
874,22255.155552,22254.538219,22254.706219,22255.155552,22258.646215,1,NaN,0,5.99999999999996,2,1,65,0.5
875,22262.318212,22261.412879,22261.783545,22262.318212,22266.373541,1,NaN,0,5.99999999999996,2,1,65,0.5
876,22268.942872,22268.190206,22268.372872,22268.889538,22272.890201,1,2.99999999999994,0.0299999999999997,7.00000000000003,1,2,66,0.5
877,22274.186866,22273.6262,22273.7362,22274.186866,22280.907526,0,NaN,0,7.00000000000003,1,2,66,0.5
878,22283.694857,22283.042858,22283.306191,22283.694857,22397.874743,0,NaN,0,7.00000000000003,1,2,66,0.5
879,22402.637405,22401.920072,22402.189405,22402.637405,22402.962738,1,NaN,0,5.99999999999996,2,1,65,0.5
880,22421.616719,22420.88672,22421.143386,22421.563386,22423.886717,0,2.99999999999994,0.0299999999999997,5.99999999999996,2,1,65,0.5
881,22425.860715,22425.228049,22425.421382,22425.860715,22428.868045,1,NaN,0,5.99999999999996,2,1,65,0.5
882,22443.372031,22442.624031,22442.766698,22443.372031,22443.58803,1,NaN,0,5.99999999999996,2,1,65,0.5
883,22464.009343,22462.066679,22462.160012,22463.95601,22468.399339,0,2.99999999999994,0.0299999999999997,5.99999999999996,2,1,65,0.5
884,22472.270668,22471.554002,22471.746669,22472.270668,22485.560655,1,NaN,0,5.99999999999996,2,1,65,0.5
885,22492.021315,22491.135983,22491.507982,22491.967982,22496.292644,1,2.99999999999994,0.0299999999999997,7.00000000000003,1,2,66,0.5
886,22499.022642,22498.470642,22498.600642,22499.022642,22504.727303,0,NaN,0,7.00000000000003,1,2,66,0.5
887,22506.052635,22505.354635,22505.509302,22505.999301,22511.025296,1,2.99999999999994,0.0299999999999997,7.00000000000003,1,2,66,0.5
888,22512.381962,22511.846629,22511.881295,22512.328628,22579.379895,0,2.99999999999994,0.0299999999999997,5.99999999999996,2,1,65,0.5
889,22613.031194,22612.200528,22612.316528,22612.977861,22616.607191,1,2.99999999999994,0.0299999999999997,7.00000000000003,1,2,66,0.5
890,22622.979184,22622.136519,22622.433851,22622.979184,22623.324517,0,NaN,0,7.00000000000003,1,2,66,0.5
891,22630.307844,22628.695845,22629.705178,22630.25451,22638.241836,1,2.99999999999994,0.0299999999999997,7.00000000000003,1,2,66,0.5
892,22664.903142,22663.958477,22664.27381,22664.849809,22667.48314,0,2.99999999999994,0.0299999999999997,5.99999999999996,2,1,65,0.5
893,22677.16713,22676.263131,22676.545797,22677.113797,22682.261792,1,2.99999999999994,0.0299999999999997,7.00000000000003,1,2,66,0.5
894,22684.20379,22683.579124,22683.599124,22684.170456,22691.381116,0,2.99999999999994,0.0299999999999997,5.99999999999996,2,1,65,0.5
895,22694.453779,22693.746447,22693.831113,22694.400446,22699.218441,1,2.99999999999994,0.0299999999999997,7.00000000000003,1,2,66,0.5
896,22704.063103,22703.479104,22703.51577,22704.00977,22709.012432,0,2.99999999999994,0.0299999999999997,5.99999999999996,2,1,65,0.5
897,22797.105677,22796.158344,22796.297011,22797.052344,22799.304341,1,2.99999999999994,0.0299999999999997,7.00000000000003,1,2,66,0.5
898,22801.403672,22800.79634,22800.917673,22801.403672,22806.161001,0,NaN,0,7.00000000000003,1,2,66,0.5
899,22807.774333,22807.086333,22807.164333,22807.721,22814.020327,0,2.99999999999994,0.0299999999999997,5.99999999999996,2,1,65,0.5
900,22815.713658,22814.907659,22815.008326,22815.660325,22818.836322,1,2.99999999999994,0.0299999999999997,7.00000000000003,1,2,66,0.5
901,22820.362987,22819.744987,22819.776987,22820.362987,22820.772987,0,NaN,0,7.00000000000003,1,2,66,0.5
902,22830.108977,22829.430978,22829.630978,22830.108977,22836.470971,0,NaN,0,7.00000000000003,1,2,66,0.5
903,22837.931636,22837.188303,22837.469636,22837.931636,22848.845625,0,NaN,0,7.00000000000003,1,2,66,0.5
904,22850.736957,22849.820291,22849.942291,22850.736957,22856.517617,1,NaN,0,5.99999999999996,2,1,65,0.5
905,22865.647608,22864.860942,22865.004276,22865.594275,22875.475598,1,2.99999999999994,0.0299999999999997,7.00000000000003,1,2,66,0.5
906,22878.908928,22878.284262,22878.404929,22878.878262,22885.356255,1,2.99999999999994,0.0299999999999997,7.00000000000003,1,2,66,0.5
907,22887.149587,22886.596254,22886.686254,22887.149587,22896.862244,1,NaN,0,5.99999999999996,2,1,65,0.5
908,22898.230909,22897.66091,22897.792243,22898.230909,22898.463575,1,NaN,0,5.99999999999996,2,1,65,0.5
909,22906.836234,22905.976235,22906.260234,22906.7829,22909.416898,1,2.99999999999994,0.0299999999999997,7.00000000000003,1,2,66,0.5
910,22911.986895,22911.472896,22911.530229,22911.933562,22916.731557,0,2.99999999999994,0.0299999999999997,5.99999999999996,2,1,65,0.5
911,22918.019556,22917.402223,22917.591556,22918.019556,22925.776881,0,NaN,0,7.00000000000003,1,2,66,0.5
912,22926.997547,22926.516881,22926.584881,22926.997547,22939.713534,0,NaN,0,7.00000000000003,1,2,66,0.5
913,22947.223527,22946.192194,22946.286861,22947.170193,22948.990192,1,2.99999999999994,0.0299999999999997,7.00000000000003,1,2,66,0.5
914,22950.07019,22949.574191,22949.618191,22950.07019,22950.355524,0,NaN,0,7.00000000000003,1,2,66,0.5
915,22961.775512,22961.291513,22961.361513,22961.775512,22967.919506,0,NaN,0,7.00000000000003,1,2,66,0.5
916,22970.712837,22970.08817,22970.31417,22970.708837,22972.699501,1,2.99999999999994,0.0299999999999997,7.00000000000003,1,2,66,0.5
917,22974.086833,22973.418167,22973.5975,22974.086833,22981.429492,0,NaN,0,7.00000000000003,1,2,66,0.5
918,22982.778158,22982.155492,22982.302158,22982.778158,22988.472152,1,NaN,0,5.99999999999996,2,1,65,0.5
919,22991.356816,22990.19415,22990.25615,22991.303483,22995.327479,0,2.99999999999994,0.0299999999999997,5.99999999999996,2,1,65,0.5
920,22996.712144,22995.973478,22996.086144,22996.658811,22999.656808,1,2.99999999999994,0.0299999999999997,7.00000000000003,1,2,66,0.5
921,23000.95814,23000.27214,23000.380807,23000.904806,23005.367469,0,2.99999999999994,0.0299999999999997,5.99999999999996,2,1,65,0.5
922,23006.9208,23006.364801,23006.433467,23006.9208,23017.860123,1,NaN,0,5.99999999999996,2,1,65,0.5
923,23206.097268,23205.279269,23205.387935,23206.043935,23222.655251,1,2.99999999999994,0.0299999999999997,7.00000000000003,1,2,66,0.5
924,23228.307246,23227.429246,23227.559246,23228.307246,23240.518567,1,NaN,0,5.99999999999996,2,1,65,0.5
925,23242.847898,23242.021232,23242.163232,23242.847898,23246.027895,1,NaN,0,5.99999999999996,2,1,65,0.5
926,23249.513224,23248.758558,23248.911225,23249.513224,23265.305209,1,NaN,0,5.99999999999996,2,1,65,0.5
927,23267.371873,23266.75454,23266.803207,23267.31854,23276.775864,1,2.99999999999994,0.0299999999999997,7.00000000000003,1,2,66,0.5
928,23277.984529,23277.449196,23277.547863,23277.931196,23280.611193,0,2.99999999999994,0.0299999999999997,5.99999999999996,2,1,65,0.5
929,23282.806524,23282.198525,23282.267858,23282.753191,23317.16049,1,2.99999999999994,0.0299999999999997,7.00000000000003,1,2,66,0.5
930,23318.209822,23317.639823,23317.721823,23318.157156,23323.576484,0,2.99999999999994,0.0299999999999997,5.99999999999996,2,1,65,0.5
931,23324.793149,23324.216483,23324.297816,23324.793149,23327.957146,1,NaN,0,5.99999999999996,2,1,65,0.5
932,23472.529668,23471.011003,23471.167669,23472.476335,23480.78366,0,2.99999999999994,0.0299999999999997,5.99999999999996,2,1,65,0.5
933,23509.918297,23508.684965,23509.454964,23509.918297,23510.28363,0,NaN,0,7.00000000000003,1,2,66,0.5
934,23550.782923,23549.890257,23550.164924,23550.782923,23558.319582,1,NaN,0,5.99999999999996,2,1,65,0.5
935,23567.977573,23567.393573,23567.486906,23567.924239,23572.605568,0,2.99999999999994,0.0299999999999997,5.99999999999996,2,1,65,0.5
936,23573.9029,23573.316234,23573.429567,23573.9029,23583.097557,0,NaN,0,7.00000000000003,1,2,66,0.5
937,23612.460861,23611.836195,23612.064862,23612.454195,23614.716193,0,2.99999999999994,0.0299999999999997,5.99999999999996,2,1,65,0.5
938,23616.383524,23615.758858,23615.825525,23616.333524,23621.303519,1,2.99999999999994,0.0299999999999997,7.00000000000003,1,2,66,0.5
939,23622.582185,23621.892185,23622.049519,23622.528851,23623.830183,1,2.99999999999994,0.0299999999999997,7.00000000000003,1,2,66,0.5
940,23625.290182,23624.692183,23624.782183,23625.290182,23629.540844,0,NaN,0,7.00000000000003,1,2,66,0.5
941,23632.714841,23631.734842,23632.036842,23632.714841,23635.573505,1,NaN,0,5.99999999999996,2,1,65,0.5
942,23669.048805,23668.039473,23668.386806,23668.995472,23678.859462,0,2.99999999999994,0.0299999999999997,5.99999999999996,2,1,65,0.5
943,23680.782793,23680.118794,23680.30546,23680.782793,23687.872119,0,NaN,0,7.00000000000003,1,2,66,0.5
944,23689.568118,23688.950785,23689.069451,23689.514784,23693.56878,1,2.99999999999994,0.0299999999999997,7.00000000000003,1,2,66,0.5
945,23695.749445,23695.250779,23695.348112,23695.749445,23702.073438,0,NaN,0,7.00000000000003,1,2,66,0.5
946,23705.174102,23704.24277,23704.373436,23705.120769,23707.396767,1,2.99999999999994,0.0299999999999997,7.00000000000003,1,2,66,0.5
947,23708.888098,23708.280099,23708.418765,23708.834765,23711.979429,0,2.99999999999994,0.0299999999999997,5.99999999999996,2,1,65,0.5
948,23713.811427,23713.186761,23713.225427,23713.768093,23715.865425,1,2.99999999999994,0.0299999999999997,7.00000000000003,1,2,66,0.5
949,23717.283423,23716.678757,23716.80609,23717.283423,23717.545423,0,NaN,0,7.00000000000003,1,2,66,0.5
950,23723.723417,23722.927418,23723.038084,23723.670084,23730.92741,0,2.99999999999994,0.0299999999999997,5.99999999999996,2,1,65,0.5
951,23732.236742,23731.724076,23731.782742,23732.236742,24104.459036,0,NaN,0,7.00000000000003,1,2,66,0.5
952,24106.9757,24106.469034,24106.521035,24106.9757,24124.17835,0,NaN,0,7.00000000000003,1,2,66,0.5
953,24126.029015,24125.434348,24125.549682,24125.975681,24127.842346,1,2.99999999999994,0.0299999999999997,7.00000000000003,1,2,66,0.5
954,24129.227011,24128.697012,24128.743678,24129.227011,24133.160341,0,NaN,0,7.00000000000003,1,2,66,0.5
955,24139.643001,24139.019002,24139.177668,24139.643001,24139.867667,1,NaN,0,5.99999999999996,2,1,65,0.5
956,24151.818322,24150.65699,24150.74699,24151.818322,24164.342976,0,NaN,0,7.00000000000003,1,2,66,0.5
957,24167.33764,24166.772307,24166.978307,24167.33764,24171.404969,0,NaN,0,7.00000000000003,1,2,66,0.5
958,24176.415631,24175.790965,24176.000965,24176.382964,24180.812293,0,2.99999999999994,0.0299999999999997,5.99999999999996,2,1,65,0.5
959,24189.050952,24188.261619,24188.584952,24188.997618,24196.524277,1,2.99999999999994,0.0299999999999997,7.00000000000003,1,2,66,0.5
960,24197.805609,24197.18561,24197.334277,24197.805609,24201.769605,1,NaN,0,5.99999999999996,2,1,65,0.5
961,24207.572933,24207.020934,24207.1276,24207.572933,24210.902263,1,NaN,0,5.99999999999996,2,1,65,0.5
962,24216.348258,24215.662925,24215.826925,24216.294924,24220.398254,1,2.99999999999994,0.0299999999999997,7.00000000000003,1,2,66,0.5
963,24222.502251,24221.892919,24222.017585,24222.502251,24228.738912,0,NaN,0,7.00000000000003,1,2,66,0.5
964,24231.086909,24230.238244,24230.317577,24231.086909,24250.77489,1,NaN,0,5.99999999999996,2,1,65,0.5
965,24252.310888,24251.613556,24251.726889,24252.257555,24256.002885,1,2.99999999999994,0.0299999999999997,7.00000000000003,1,2,66,0.5
966,24257.250883,24256.75755,24256.840884,24257.250883,24268.060872,0,NaN,0,7.00000000000003,1,2,66,0.5
967,24270.208204,24269.454871,24269.720871,24270.208204,24270.50887,1,NaN,0,5.99999999999996,2,1,65,0.5
968,24290.597517,24289.667518,24289.990851,24290.597517,24292.088182,1,NaN,0,5.99999999999996,2,1,65,0.5
969,24300.128174,24299.494841,24299.698174,24300.128174,24304.924836,0,NaN,0,7.00000000000003,1,2,66,0.5
970,24310.012831,24308.922832,24309.123498,24310.012831,24326.876147,1,NaN,0,5.99999999999996,2,1,65,0.5
971,24329.880144,24329.164145,24329.462144,24329.880144,24335.439472,1,NaN,0,5.99999999999996,2,1,65,0.5
972,24340.2228,24339.596801,24339.766801,24340.169467,24342.403465,0,2.99999999999994,0.0299999999999997,5.99999999999996,2,1,65,0.5
973,24344.105463,24343.44013,24343.539464,24344.105463,24354.390786,1,NaN,0,5.99999999999996,2,1,65,0.5
974,24356.235451,24355.610785,24355.796785,24356.224784,24361.05078,1,2.99999999999994,0.0299999999999997,7.00000000000003,1,2,66,0.5
975,24363.115444,24362.512778,24362.640778,24363.115444,24366.484107,0,NaN,0,7.00000000000003,1,2,66,0.5
976,24370.27677,24369.560771,24369.754771,24370.27677,24374.412766,1,NaN,0,5.99999999999996,2,1,65,0.5
977,24376.519431,24375.823431,24375.976098,24376.519431,24379.386761,1,NaN,0,5.99999999999996,2,1,65,0.5
978,24394.444079,24393.696747,24393.894081,24394.390746,24395.507412,0,2.99999999999994,0.0299999999999997,5.99999999999996,2,1,65,0.5
979,24397.716743,24396.958077,24397.14741,24397.66341,24400.083407,1,2.99999999999994,0.0299999999999997,7.00000000000003,1,2,66,0.5
980,24403.286071,24402.673405,24402.728738,24403.232737,24407.088733,0,2.99999999999994,0.0299999999999997,5.99999999999996,2,1,65,0.5
981,24408.577399,24407.878733,24407.953399,24408.524066,24413.965393,1,2.99999999999994,0.0299999999999997,7.00000000000003,1,2,66,0.5
982,24415.221392,24414.682726,24414.720059,24415.221392,24418.200056,0,NaN,0,7.00000000000003,1,2,66,0.5
983,24421.847385,24421.238719,24421.323386,24421.794052,24426.694047,0,2.99999999999994,0.0299999999999997,5.99999999999996,2,1,65,0.5
984,24428.281379,24427.54338,24427.630713,24428.228046,24433.956707,1,2.99999999999994,0.0299999999999997,7.00000000000003,1,2,66,0.5
985,24435.427372,24434.818706,24434.867372,24435.374038,24440.7687,0,2.99999999999994,0.0299999999999997,5.99999999999996,2,1,65,0.5
986,24442.312032,24441.538699,24441.708032,24442.259365,24445.893361,1,2.99999999999994,0.0299999999999997,7.00000000000003,1,2,66,0.5
987,24447.42136,24446.890027,24446.922027,24447.42136,24448.787358,0,NaN,0,7.00000000000003,1,2,66,0.5
988,24546.839927,24545.909928,24546.039261,24546.839927,24547.42926,1,NaN,0,5.99999999999996,2,1,65,0.5
989,24557.224583,24556.585251,24556.627251,24557.17125,24558.302582,0,2.99999999999994,0.0299999999999997,5.99999999999996,2,1,65,0.5
990,24559.685248,24559.060581,24559.089915,24559.640581,24568.818572,1,2.99999999999994,0.0299999999999997,7.00000000000003,1,2,66,0.5
991,24570.443237,24569.747904,24569.781237,24570.389904,24575.417232,1,2.99999999999994,0.0299999999999997,7.00000000000003,1,2,66,0.5
992,24583.396557,24582.458558,24582.653891,24583.396557,24594.033213,1,NaN,0,5.99999999999996,2,1,65,0.5
993,24596.605211,24595.822545,24595.991878,24596.605211,24618.419189,1,NaN,0,5.99999999999996,2,1,65,0.5
994,24620.517187,24619.936521,24620.057187,24620.517187,24620.80252,0,NaN,0,7.00000000000003,1,2,66,0.5
995,24629.285178,24628.813845,24628.866512,24629.285178,24629.620511,0,NaN,0,7.00000000000003,1,2,66,0.5
996,24649.794491,24649.076492,24649.286491,24649.794491,24650.042491,1,NaN,0,5.99999999999996,2,1,65,0.5
997,24676.367131,24675.742465,24675.905798,24676.361131,24681.499126,0,2.99999999999994,0.0299999999999997,5.99999999999996,2,1,65,0.5
998,24684.34579,24683.721124,24683.82379,24684.308456,24689.881784,1,2.99999999999994,0.0299999999999997,7.00000000000003,1,2,66,0.5
999,24691.435782,24690.85445,24690.98845,24691.435782,24697.91911,0,NaN,0,7.00000000000003,1,2,66,0.5
1000,24699.149775,24698.545775,24698.643109,24699.149775,24704.911102,1,NaN,0,5.99999999999996,2,1,65,0.5
1001,24749.058391,24748.391059,24748.584392,24749.058391,24823.83965,1,NaN,0,5.99999999999996,2,1,65,0.5
1002,24825.495648,24824.822982,24825.051649,24825.495648,24833.640974,1,NaN,0,5.99999999999996,2,1,65,0.5
1003,24835.268305,24834.633639,24834.867639,24835.268305,24842.090965,0,NaN,0,7.00000000000003,1,2,66,0.5
1004,24844.112296,24843.454964,24843.594297,24844.112296,24895.987578,1,NaN,0,5.99999999999996,2,1,65,0.5
1005,24905.882901,24904.704236,24904.824902,24905.829568,24909.454231,0,2.99999999999994,0.0299999999999997,5.99999999999996,2,1,65,0.5
1006,24916.056891,24914.708226,24915.454892,24916.056891,24916.527557,0,NaN,0,7.00000000000003,1,2,66,0.5
1007,24928.170212,24927.363547,24927.64488,24928.170212,24943.276864,0,NaN,0,7.00000000000003,1,2,66,0.5
1008,24975.343499,24974.797499,24974.953499,24975.343499,24981.364159,0,NaN,0,7.00000000000003,1,2,66,0.5
1009,24982.876158,24982.273492,24982.418825,24982.876158,24988.853485,1,NaN,0,5.99999999999996,2,1,65,0.5
1010,24993.74148,24993.250814,24993.294147,24993.74148,25003.538137,0,NaN,0,7.00000000000003,1,2,66,0.5
1011,25004.913469,25004.288803,25004.416136,25004.902136,25006.994134,1,2.99999999999994,0.0299999999999997,7.00000000000003,1,2,66,0.5
1012,25008.580132,25008.012799,25008.120132,25008.580132,25016.526791,0,NaN,0,7.00000000000003,1,2,66,0.5
1013,25019.163455,25018.364789,25018.679455,25019.163455,25027.35278,0,NaN,0,7.00000000000003,1,2,66,0.5
1014,25029.198111,25028.390779,25028.552112,25029.144778,25035.870105,1,2.99999999999994,0.0299999999999997,7.00000000000003,1,2,66,0.5
1015,25037.452103,25036.701437,25036.938104,25037.452103,25042.382765,0,NaN,0,7.00000000000003,1,2,66,0.5
1016,25044.028763,25043.181431,25043.39943,25043.97543,25045.826095,0,2.99999999999994,0.0299999999999997,5.99999999999996,2,1,65,0.5
1017,25047.878093,25047.144093,25047.254093,25047.824759,25054.767419,1,2.99999999999994,0.0299999999999997,7.00000000000003,1,2,66,0.5
1018,25056.811417,25055.997418,25056.140084,25056.758084,25061.002746,0,2.99999999999994,0.0299999999999997,5.99999999999996,2,1,65,0.5
1019,25062.588078,25061.756079,25061.908745,25062.534745,25067.805406,1,2.99999999999994,0.0299999999999997,7.00000000000003,1,2,66,0.5
1020,25069.652071,25069.032738,25069.092738,25069.652071,25076.319398,0,NaN,0,7.00000000000003,1,2,66,0.5
1021,25085.980721,25085.046056,25085.258722,25085.927388,25092.522715,1,2.99999999999994,0.0299999999999997,7.00000000000003,1,2,66,0.5
1022,25094.142046,25093.446714,25093.52938,25094.088713,25101.03004,0,2.99999999999994,0.0299999999999997,5.99999999999996,2,1,65,0.5
1023,25102.509371,25101.766705,25101.936039,25102.456038,25109.659364,1,2.99999999999994,0.0299999999999997,7.00000000000003,1,2,66,0.5
1024,25111.382029,25110.757363,25110.85203,25111.340696,25115.048026,0,2.99999999999994,0.0299999999999997,5.99999999999996,2,1,65,0.5
1025,25116.530024,25115.795358,25115.888691,25116.476691,25123.894017,1,2.99999999999994,0.0299999999999997,7.00000000000003,1,2,66,0.5
1026,25125.156682,25124.540683,25124.596683,25125.156682,25133.924007,1,NaN,0,5.99999999999996,2,1,65,0.5
1027,25486.797654,25485.145655,25485.518322,25486.74432,25492.498315,0,2.99999999999994,0.0299999999999997,5.99999999999996,2,1,65,0.5
1028,25498.957642,25497.23431,25497.28231,25498.904308,25509.581631,0,2.99999999999994,0.0299999999999997,5.99999999999996,2,1,65,0.5
1029,25513.774293,25512.131628,25512.258962,25513.774293,25514.273626,1,NaN,0,5.99999999999996,2,1,65,0.5
1030,25524.488283,25523.880283,25523.935617,25524.434949,25527.479613,0,2.99999999999994,0.0299999999999997,5.99999999999996,2,1,65,0.5
1031,25528.964945,25528.340279,25528.362279,25528.932945,25540.4456,1,2.99999999999994,0.0299999999999997,7.00000000000003,1,2,66,0.5
1032,25541.792932,25541.106933,25541.200267,25541.792932,25582.558891,1,NaN,0,5.99999999999996,2,1,65,0.5
1033,25584.077556,25583.352224,25583.579557,25584.024223,25586.384888,1,2.99999999999994,0.0299999999999997,7.00000000000003,1,2,66,0.5
1034,25587.991553,25587.366887,25587.510886,25587.939553,25592.477548,0,2.99999999999994,0.0299999999999997,5.99999999999996,2,1,65,0.5
1035,25593.77288,25593.204214,25593.264881,25593.77288,25594.499546,1,NaN,0,5.99999999999996,2,1,65,0.5
1036,25604.832869,25603.902203,25604.15687,25604.779536,25617.418856,0,2.99999999999994,0.0299999999999997,5.99999999999996,2,1,65,0.5
1037,25618.839522,25618.214189,25618.268856,25618.839522,25622.078185,1,NaN,0,5.99999999999996,2,1,65,0.5
1038,25639.586168,25638.774168,25638.971502,25639.532834,25644.187496,1,2.99999999999994,0.0299999999999997,7.00000000000003,1,2,66,0.5
1039,25647.069494,25646.508827,25646.568827,25647.069494,25654.007487,1,NaN,0,5.99999999999996,2,1,65,0.5
1040,25657.219483,25656.401484,25656.76215,25657.166817,25662.246812,0,2.99999999999994,0.0299999999999997,5.99999999999996,2,1,65,0.5
1041,25663.916143,25663.179477,25663.372144,25663.916143,25670.198804,1,NaN,0,5.99999999999996,2,1,65,0.5
1042,25672.004135,25671.196803,25671.456136,25671.950802,25675.351465,0,2.99999999999994,0.0299999999999997,5.99999999999996,2,1,65,0.5
1043,25677.048797,25676.339464,25676.404131,25676.995464,25681.591459,1,2.99999999999994,0.0299999999999997,7.00000000000003,1,2,66,0.5
1044,25683.500124,25682.875458,25682.957458,25683.463457,25684.811456,0,2.99999999999994,0.0299999999999997,5.99999999999996,2,1,65,0.5
1045,25686.173454,25685.544122,25685.626122,25686.173454,25686.450787,1,NaN,0,5.99999999999996,2,1,65,0.5
1046,25694.793446,25693.929447,25694.249446,25694.74078,25701.338773,0,2.99999999999994,0.0299999999999997,5.99999999999996,2,1,65,0.5
1047,25702.912104,25702.282772,25702.369438,25702.858771,25707.585433,0,2.99999999999994,0.0299999999999997,5.99999999999996,2,1,65,0.5
1048,25709.182098,25708.448099,25708.521432,25709.128765,25716.82809,1,2.99999999999994,0.0299999999999997,7.00000000000003,1,2,66,0.5
1049,25718.332089,25717.585423,25717.638756,25718.278756,25725.440749,1,2.99999999999994,0.0299999999999997,7.00000000000003,1,2,66,0.5
1050,25726.870747,25726.184081,25726.311414,25726.817414,25731.506076,0,2.99999999999994,0.0299999999999997,5.99999999999996,2,1,65,0.5
1051,25733.041408,25732.270075,25732.381408,25732.988074,25737.61807,1,2.99999999999994,0.0299999999999997,7.00000000000003,1,2,66,0.5
1052,25738.968068,25738.354736,25738.456069,25738.968068,25745.650729,0,NaN,0,7.00000000000003,1,2,66,0.5
1053,25748.090059,25747.357393,25747.45206,25748.090059,25824.629983,1,NaN,0,5.99999999999996,2,1,65,0.5
1054,25825.788648,25825.189982,25825.248649,25825.788648,25826.158648,0,NaN,0,7.00000000000003,1,2,66,0.5
1055,25864.319276,25863.69461,25863.75661,25864.275276,25866.073274,0,2.99999999999994,0.0299999999999997,5.99999999999996,2,1,65,0.5
1056,25867.55794,25866.93394,25867.03394,25867.553273,25872.269935,1,2.99999999999994,0.0299999999999997,7.00000000000003,1,2,66,0.5
1057,25873.6306,25873.094601,25873.171267,25873.6306,25877.801263,0,NaN,0,7.00000000000003,1,2,66,0.5
1058,25879.982594,25879.401928,25879.505261,25879.929261,25886.771254,0,2.99999999999994,0.0299999999999997,5.99999999999996,2,1,65,0.5
1059,25889.994584,25889.196585,25889.401251,25889.941251,25896.578578,1,2.99999999999994,0.0299999999999997,7.00000000000003,1,2,66,0.5
1060,25898.125909,25897.412576,25897.536576,25898.072576,25901.957905,1,2.99999999999994,0.0299999999999997,7.00000000000003,1,2,66,0.5
1061,25903.565237,25902.803904,25903.040571,25903.511904,25909.339231,0,2.99999999999994,0.0299999999999997,5.99999999999996,2,1,65,0.5
1062,25910.930563,25910.175897,25910.347897,25910.87723,25919.405888,1,2.99999999999994,0.0299999999999997,7.00000000000003,1,2,66,0.5
1063,25920.995886,25920.198554,25920.34922,25920.942553,25925.055882,1,2.99999999999994,0.0299999999999997,7.00000000000003,1,2,66,0.5
1064,25926.505881,25925.909881,25926.019215,25926.505881,25931.585876,0,NaN,0,7.00000000000003,1,2,66,0.5
1065,25934.17054,25933.511874,25933.579874,25934.117206,25938.690535,1,2.99999999999994,0.0299999999999997,7.00000000000003,1,2,66,0.5
1066,25941.091866,25940.445867,25940.606533,25941.091866,25948.167192,0,NaN,0,7.00000000000003,1,2,66,0.5
1067,25964.501176,25963.83451,25964.031843,25964.501176,26209.440931,0,NaN,0,7.00000000000003,1,2,66,0.5
1068,26211.555596,26210.598263,26210.75493,26211.502262,26220.422253,1,2.99999999999994,0.0299999999999997,7.00000000000003,1,2,66,0.5
1069,26223.102251,26222.156918,26222.442918,26223.048918,26226.232248,0,2.99999999999994,0.0299999999999997,5.99999999999996,2,1,65,0.5
1070,26228.593579,26227.866246,26228.063579,26228.593579,26232.538908,1,NaN,0,5.99999999999996,2,1,65,0.5
1071,26237.85157,26237.102237,26237.220237,26237.798236,26249.587558,1,2.99999999999994,0.0299999999999997,7.00000000000003,1,2,66,0.5
1072,26250.723557,26250.113557,26250.188224,26250.723557,26256.458217,0,NaN,0,7.00000000000003,1,2,66,0.5
1073,26265.080876,26264.094876,26264.216876,26265.080876,26270.40687,0,NaN,0,7.00000000000003,1,2,66,0.5
1074,26272.335535,26271.629536,26271.842202,26272.282202,26275.690198,1,2.99999999999994,0.0299999999999997,7.00000000000003,1,2,66,0.5
1075,26276.97753,26276.352864,26276.460864,26276.972197,26282.227525,0,2.99999999999994,0.0299999999999997,5.99999999999996,2,1,65,0.5
1076,26283.908857,26283.140857,26283.260857,26283.855523,26288.857518,1,2.99999999999994,0.0299999999999997,7.00000000000003,1,2,66,0.5
1077,26290.530183,26289.896851,26289.963517,26290.530183,26294.399513,1,NaN,0,5.99999999999996,2,1,65,0.5
1078,26297.04551,26296.449511,26296.473511,26296.992177,26301.267506,1,2.99999999999994,0.0299999999999997,7.00000000000003,1,2,66,0.5
1079,26303.70617,26302.889504,26303.140837,26303.652837,26308.352832,0,2.99999999999994,0.0299999999999997,5.99999999999996,2,1,65,0.5
1080,26309.885497,26309.228165,26309.277498,26309.885497,26314.758159,1,NaN,0,5.99999999999996,2,1,65,0.5
1081,26316.263491,26315.566825,26315.638825,26316.263491,26319.129488,1,NaN,0,5.99999999999996,2,1,65,0.5
1082,26327.630146,26326.852148,26327.014147,26327.576813,26332.240142,1,2.99999999999994,0.0299999999999997,7.00000000000003,1,2,66,0.5
1083,26333.70814,26333.083474,26333.138141,26333.66614,26339.788134,0,2.99999999999994,0.0299999999999997,5.99999999999996,2,1,65,0.5
1084,26341.0208,26340.421467,26340.548133,26341.0208,26347.534126,0,NaN,0,7.00000000000003,1,2,66,0.5
1085,26349.122791,26348.405459,26348.547459,26349.069458,26353.027454,1,2.99999999999994,0.0299999999999997,7.00000000000003,1,2,66,0.5
1086,26354.947452,26354.417453,26354.461453,26354.913452,26358.394782,0,2.99999999999994,0.0299999999999997,5.99999999999996,2,1,65,0.5
1087,26359.872114,26359.247448,26359.297448,26359.839447,26365.336109,1,2.99999999999994,0.0299999999999997,7.00000000000003,1,2,66,0.5
1088,26366.814107,26366.070775,26366.236108,26366.814107,26371.763435,0,NaN,0,7.00000000000003,1,2,66,0.5
1089,26373.229434,26372.514768,26372.660101,26373.176101,26377.008764,0,2.99999999999994,0.0299999999999997,5.99999999999996,2,1,65,0.5
1090,26378.596762,26377.852763,26377.891429,26378.543429,26383.374757,1,2.99999999999994,0.0299999999999997,7.00000000000003,1,2,66,0.5
1091,26384.638756,26384.096757,26384.13009,26384.638756,26390.30675,0,NaN,0,7.00000000000003,1,2,66,0.5
1092,26392.176748,26391.416082,26391.639416,26392.176748,26398.163409,1,NaN,0,5.99999999999996,2,1,65,0.5
1093,26400.352074,26399.748741,26399.832074,26400.352074,26406.402734,1,NaN,0,5.99999999999996,2,1,65,0.5
1094,26408.623399,26408.141399,26408.196066,26408.623399,26427.492047,0,NaN,0,7.00000000000003,1,2,66,0.5
1095,26429.202711,26428.256046,26428.397379,26429.202711,26437.772036,1,NaN,0,5.99999999999996,2,1,65,0.5
1096,26441.252699,26440.4587,26440.680033,26441.199366,26444.832696,0,2.99999999999994,0.0299999999999997,5.99999999999996,2,1,65,0.5
1097,26446.998694,26446.246694,26446.435361,26446.998694,26447.570026,1,NaN,0,5.99999999999996,2,1,65,0.5
1098,26461.902679,26461.264679,26461.389346,26461.902679,26467.11134,0,NaN,0,7.00000000000003,1,2,66,0.5
1099,26468.761338,26468.074672,26468.210006,26468.708672,26471.929335,1,2.99999999999994,0.0299999999999997,7.00000000000003,1,2,66,0.5
1100,26473.510667,26472.906001,26473.045334,26473.510667,26476.397331,0,NaN,0,7.00000000000003,1,2,66,0.5
1101,26479.655328,26478.965328,26479.205995,26479.601994,26486.537321,0,2.99999999999994,0.0299999999999997,5.99999999999996,2,1,65,0.5
1102,26487.823986,26487.10532,26487.218653,26487.770653,26490.99865,1,2.99999999999994,0.0299999999999997,7.00000000000003,1,2,66,0.5
1103,26492.625981,26492.019315,26492.068648,26492.572648,26496.605311,0,2.99999999999994,0.0299999999999997,5.99999999999996,2,1,65,0.5
1104,26498.204642,26497.38931,26497.462643,26498.151309,26505.639968,1,2.99999999999994,0.0299999999999997,7.00000000000003,1,2,66,0.5
1105,26507.266633,26506.606634,26506.671967,26507.266633,26509.599298,1,NaN,0,5.99999999999996,2,1,65,0.5
1106,26513.306627,26512.603295,26512.660628,26513.253294,26515.768625,1,2.99999999999994,0.0299999999999997,7.00000000000003,1,2,66,0.5
1107,26517.122623,26516.497957,26516.616624,26517.10729,26522.570618,0,2.99999999999994,0.0299999999999997,5.99999999999996,2,1,65,0.5
1108,26524.023283,26523.226617,26523.337284,26523.96995,26528.065946,1,2.99999999999994,0.0299999999999997,7.00000000000003,1,2,66,0.5
1109,26529.349945,26528.725279,26528.817945,26529.349945,26534.658606,0,NaN,0,7.00000000000003,1,2,66,0.5
1110,26539.670601,26538.963935,26539.079268,26539.617268,26543.64993,1,2.99999999999994,0.0299999999999997,7.00000000000003,1,2,66,0.5
1111,26544.960596,26544.410596,26544.481929,26544.960596,26548.587259,0,NaN,0,7.00000000000003,1,2,66,0.5
1112,26552.834588,26552.157255,26552.265255,26552.834588,26559.061248,0,NaN,0,7.00000000000003,1,2,66,0.5
1113,26560.38658,26559.695914,26559.864581,26560.38658,26565.511908,1,NaN,0,5.99999999999996,2,1,65,0.5
1114,26566.759907,26566.050575,26566.300574,26566.759907,26572.563901,0,NaN,0,7.00000000000003,1,2,66,0.5
1115,26577.04523,26576.380564,26576.581231,26577.04523,26584.31589,1,NaN,0,5.99999999999996,2,1,65,0.5
1116,26586.789887,26586.112554,26586.180554,26586.736554,26593.359214,1,2.99999999999994,0.0299999999999997,7.00000000000003,1,2,66,0.5
1117,26594.767879,26594.154546,26594.288546,26594.767879,26601.00854,0,NaN,0,7.00000000000003,1,2,66,0.5
1118,26602.474538,26601.761872,26601.907872,26602.421205,26605.691868,1,2.99999999999994,0.0299999999999997,7.00000000000003,1,2,66,0.5
1119,26607.342534,26606.725867,26606.856534,26607.2892,26611.988529,0,2.99999999999994,0.0299999999999997,5.99999999999996,2,1,65,0.5
1120,26613.40386,26612.660528,26612.763861,26613.350527,26622.876518,1,2.99999999999994,0.0299999999999997,7.00000000000003,1,2,66,0.5
1121,26624.536516,26623.779183,26623.949183,26624.483183,26630.046511,0,2.99999999999994,0.0299999999999997,5.99999999999996,2,1,65,0.5
1122,26631.381176,26630.76451,26630.84851,26631.381176,26639.041168,1,NaN,0,5.99999999999996,2,1,65,0.5
1123,26640.6965,26640.083167,26640.143834,26640.6965,26646.929827,1,NaN,0,5.99999999999996,2,1,65,0.5
1124,26648.527159,26647.813159,26647.942493,26648.473825,26654.898486,0,2.99999999999994,0.0299999999999997,5.99999999999996,2,1,65,0.5
1125,26656.84315,26656.249151,26656.292484,26656.84315,26681.743125,0,NaN,0,7.00000000000003,1,2,66,0.5
1126,26682.788458,26682.247125,26682.272458,26682.788458,26693.045781,0,NaN,0,7.00000000000003,1,2,66,0.5
1127,26724.366416,26723.209084,26723.721084,26724.313083,26725.860415,0,2.99999999999994,0.0299999999999997,5.99999999999996,2,1,65,0.5
1128,26728.685745,26727.888413,26727.997079,26728.685745,26732.189075,1,NaN,0,5.99999999999996,2,1,65,0.5
1129,26738.730402,26737.892403,26738.199736,26738.677069,26743.937731,0,2.99999999999994,0.0299999999999997,5.99999999999996,2,1,65,0.5
1130,26745.577062,26744.885729,26744.919062,26745.523728,26749.463061,1,2.99999999999994,0.0299999999999997,7.00000000000003,1,2,66,0.5
1131,26751.665056,26751.083723,26751.121056,26751.611722,26756.131718,0,2.99999999999994,0.0299999999999997,5.99999999999996,2,1,65,0.5
1132,26757.989049,26757.314383,26757.37705,26757.989049,26763.333711,1,NaN,0,5.99999999999996,2,1,65,0.5
1133,26765.231709,26764.530376,26764.653043,26765.178375,26768.264372,1,2.99999999999994,0.0299999999999997,7.00000000000003,1,2,66,0.5
1134,26769.727038,26769.102375,26769.227705,26769.703704,26774.765699,0,2.99999999999994,0.0299999999999997,5.99999999999996,2,1,65,0.5
1135,26776.363698,26775.612365,26775.709032,26776.310364,26780.24836,1,2.99999999999994,0.0299999999999997,7.00000000000003,1,2,66,0.5
1136,26781.843692,26781.097026,26781.259693,26781.790359,26787.000354,0,2.99999999999994,0.0299999999999997,5.99999999999996,2,1,65,0.5
1137,26788.437685,26787.831686,26787.865019,26788.437685,26791.531682,1,NaN,0,5.99999999999996,2,1,65,0.5
1138,26795.008346,26794.336346,26794.443679,26795.008346,26802.003672,1,NaN,0,5.99999999999996,2,1,65,0.5
1139,26803.409004,26802.652338,26802.889671,26803.409004,26808.660999,0,NaN,0,7.00000000000003,1,2,66,0.5
1140,26810.657663,26809.968997,26810.116997,26810.60433,26814.986326,0,2.99999999999994,0.0299999999999997,5.99999999999996,2,1,65,0.5
1141,26816.614991,26815.858991,26815.924991,26816.561657,26823.181651,1,2.99999999999994,0.0299999999999997,7.00000000000003,1,2,66,0.5
1142,26824.785649,26824.082316,26824.208316,26824.732316,26834.11764,0,2.99999999999994,0.0299999999999997,5.99999999999996,2,1,65,0.5
1143,26873.193601,26872.372268,26872.484935,26873.140267,26877.44893,1,2.99999999999994,0.0299999999999997,7.00000000000003,1,2,66,0.5
1144,26879.007595,26878.317596,26878.414929,26879.007595,26886.334254,0,NaN,0,7.00000000000003,1,2,66,0.5
1145,26887.964919,26887.28892,26887.381587,26887.911586,26900.947573,0,2.99999999999994,0.0299999999999997,5.99999999999996,2,1,65,0.5
1146,26902.362238,26901.480906,26901.824905,26902.362238,26964.826176,1,NaN,0,5.99999999999996,2,1,65,0.5
1147,26966.209508,26965.590175,26965.666175,26966.209508,27180.065294,1,NaN,0,5.99999999999996,2,1,65,0.5
1148,27181.985959,27181.165959,27181.345293,27181.932625,27189.028618,1,2.99999999999994,0.0299999999999997,7.00000000000003,1,2,66,0.5
1149,27190.816616,27190.105284,27190.15795,27190.816616,27195.283945,1,NaN,0,5.99999999999996,2,1,65,0.5
1150,27197.423943,27196.58328,27196.763944,27197.37061,27199.833274,1,2.99999999999994,0.0299999999999997,7.00000000000003,1,2,66,0.5
1151,27201.301939,27200.677273,27200.774606,27201.293277,27239.751901,0,2.99999999999994,0.0299999999999997,5.99999999999996,2,1,65,0.5
1152,27240.943233,27240.382567,27240.4239,27240.8899,27245.209229,0,2.99999999999994,0.0299999999999997,5.99999999999996,2,1,65,0.5
1153,27246.81456,27246.118561,27246.225228,27246.761227,27251.747889,1,2.99999999999994,0.0299999999999997,7.00000000000003,1,2,66,0.5
1154,27257.671216,27256.79255,27257.093883,27257.617883,27264.538543,0,2.99999999999994,0.0299999999999997,5.99999999999996,2,1,65,0.5
1155,27266.103208,27265.427208,27265.505208,27266.049875,27272.759201,1,2.99999999999994,0.0299999999999997,7.00000000000003,1,2,66,0.5
1156,27274.1412,27273.504534,27273.674534,27274.1412,27281.139859,0,NaN,0,7.00000000000003,1,2,66,0.5
1157,27282.488525,27281.782525,27281.883859,27282.435191,27290.102517,1,2.99999999999994,0.0299999999999997,7.00000000000003,1,2,66,0.5
1158,27291.588516,27290.81785,27291.03185,27291.535182,27302.295838,0,2.99999999999994,0.0299999999999997,5.99999999999996,2,1,65,0.5
1159,27303.776503,27302.973171,27303.241837,27303.776503,27309.083831,0,NaN,0,7.00000000000003,1,2,66,0.5
1160,27353.017788,27351.726456,27352.025122,27352.964454,27355.673118,1,2.99999999999994,0.0299999999999997,7.00000000000003,1,2,66,0.5
1161,27360.35578,27359.783781,27359.809114,27360.302447,27363.263777,0,2.99999999999994,0.0299999999999997,5.99999999999996,2,1,65,0.5
1162,27364.793776,27364.16911,27364.231776,27364.784442,27365.774441,1,2.99999999999994,0.0299999999999997,7.00000000000003,1,2,66,0.5
1163,27367.701773,27367.101107,27367.179773,27367.64844,27371.066436,0,2.99999999999994,0.0299999999999997,5.99999999999996,2,1,65,0.5
1164,27372.543768,27371.919102,27371.965769,27372.531768,27380.388427,1,2.99999999999994,0.0299999999999997,7.00000000000003,1,2,66,0.5
1165,27381.903759,27381.286426,27381.390426,27381.903759,27382.264425,0,NaN,0,7.00000000000003,1,2,66,0.5
1166,27397.555743,27396.867077,27397.095743,27397.555743,27409.087065,0,NaN,0,7.00000000000003,1,2,66,0.5
1167,27417.483723,27416.794391,27416.951057,27417.483723,27422.473051,0,NaN,0,7.00000000000003,1,2,66,0.5
1168,27424.367716,27423.47505,27423.806383,27424.314383,27428.689045,0,2.99999999999994,0.0299999999999997,5.99999999999996,2,1,65,0.5
1169,27430.039044,27429.400378,27429.465044,27430.039044,27434.414373,1,NaN,0,5.99999999999996,2,1,65,0.5
1170,27451.149689,27450.723023,27450.770356,27451.149689,27451.878355,0,NaN,0,7.00000000000003,1,2,66,0.5
1171,27464.751009,27464.293676,27464.327676,27464.751009,27467.177673,0,NaN,0,7.00000000000003,1,2,66,0.5
1172,27471.363669,27470.828336,27470.98367,27471.363669,27471.756335,0,NaN,0,7.00000000000003,1,2,66,0.5
1173,27477.889663,27477.264997,27477.41633,27477.840996,27481.751659,0,2.99999999999994,0.0299999999999997,5.99999999999996,2,1,65,0.5
1174,27483.270324,27482.700991,27482.768991,27483.270324,27489.092318,1,NaN,0,5.99999999999996,2,1,65,0.5
1175,27496.553644,27495.820978,27495.915645,27496.500311,27503.802303,1,2.99999999999994,0.0299999999999997,7.00000000000003,1,2,66,0.5
1176,27506.338301,27505.659635,27505.687635,27506.338301,27513.284961,1,NaN,0,5.99999999999996,2,1,65,0.5
1177,27514.586293,27513.881627,27514.06096,27514.586293,27518.303622,1,NaN,0,5.99999999999996,2,1,65,0.5
1178,27581.365559,27580.59956,27580.78756,27581.312226,27584.075556,0,2.99999999999994,0.0299999999999997,5.99999999999996,2,1,65,0.5
1179,27587.860886,27587.093553,27587.204887,27587.860886,27604.462203,1,NaN,0,5.99999999999996,2,1,65,0.5
1180,27606.254868,27605.370202,27605.407535,27606.201534,27610.152197,1,2.99999999999994,0.0299999999999997,7.00000000000003,1,2,66,0.5
1181,27611.668862,27611.096863,27611.154863,27611.668862,27620.039521,0,NaN,0,7.00000000000003,1,2,66,0.5
1182,27622.339518,27621.620186,27621.762185,27622.286185,27624.809516,0,2.99999999999994,0.0299999999999997,5.99999999999996,2,1,65,0.5
1183,27626.505514,27625.842848,27625.950848,27626.505514,27626.835514,1,NaN,0,5.99999999999996,2,1,65,0.5
1184,27635.335505,27634.514839,27634.878839,27635.335505,27635.768838,0,NaN,0,7.00000000000003,1,2,66,0.5
1185,27644.725496,27643.80283,27644.07483,27644.672163,27652.779488,1,2.99999999999994,0.0299999999999997,7.00000000000003,1,2,66,0.5
1186,27654.410819,27653.706154,27653.822154,27654.357486,27658.576815,0,2.99999999999994,0.0299999999999997,5.99999999999996,2,1,65,0.5
1187,27660.10548,27659.508148,27659.522148,27660.10548,27660.578147,1,NaN,0,5.99999999999996,2,1,65,0.5
1188,27681.618126,27680.99346,27681.102793,27681.618126,27688.068786,0,NaN,0,7.00000000000003,1,2,66,0.5
1189,27888.163919,27886.979254,27887.079253,27888.110586,27890.774583,1,2.99999999999994,0.0299999999999997,7.00000000000003,1,2,66,0.5
1190,27903.177904,27902.299905,27902.545238,27903.177904,27920.37922,0,NaN,0,7.00000000000003,1,2,66,0.5
1191,27924.31655,27922.434551,27922.607218,27924.31655,27924.625216,0,NaN,0,7.00000000000003,1,2,66,0.5
1192,27931.406542,27930.831876,27931.005876,27931.406542,27934.523206,0,NaN,0,7.00000000000003,1,2,66,0.5
1193,27941.046533,27940.295867,27940.3412,27940.9932,27945.503195,0,2.99999999999994,0.0299999999999997,5.99999999999996,2,1,65,0.5
1194,27947.22986,27946.411861,27946.545194,27947.176527,27950.254524,1,2.99999999999994,0.0299999999999997,7.00000000000003,1,2,66,0.5
1195,27951.829855,27951.201856,27951.331189,27951.829855,27960.617847,0,NaN,0,7.00000000000003,1,2,66,0.5
1196,27963.251844,27962.535845,27962.639845,27963.198511,27969.617838,1,2.99999999999994,0.0299999999999997,7.00000000000003,1,2,66,0.5
1197,27971.00717,27970.32917,27970.399837,27971.00717,27976.226498,1,NaN,0,5.99999999999996,2,1,65,0.5
1198,27978.127162,27977.356497,27977.527163,27978.073829,27983.317157,1,2.99999999999994,0.0299999999999997,7.00000000000003,1,2,66,0.5
1199,27984.709823,27984.065156,27984.13649,27984.709823,27991.481149,1,NaN,0,5.99999999999996,2,1,65,0.5
1200,27993.187814,27992.471148,27992.644481,27993.187814,28029.711778,1,NaN,0,5.99999999999996,2,1,65,0.5
1201,28031.153109,28030.448443,28030.478443,28031.099776,28036.041771,1,2.99999999999994,0.0299999999999997,7.00000000000003,1,2,66,0.5
1202,28037.676436,28036.952437,28037.135103,28037.676436,28043.795097,1,NaN,0,5.99999999999996,2,1,65,0.5
1203,28045.201095,28044.427763,28044.634429,28045.147762,28049.211758,0,2.99999999999994,0.0299999999999997,5.99999999999996,2,1,65,0.5
1204,28050.766423,28050.084424,28050.179757,28050.766423,28053.831087,1,NaN,0,5.99999999999996,2,1,65,0.5
1205,28242.394898,28241.270233,28241.361566,28242.341565,28246.134894,1,2.99999999999994,0.0299999999999997,7.00000000000003,1,2,66,0.5
1206,28252.192222,28251.345556,28251.530222,28252.192222,28252.608221,0,NaN,0,7.00000000000003,1,2,66,0.5
1207,28268.396872,28267.618873,28267.680873,28268.396872,28273.933533,0,NaN,0,7.00000000000003,1,2,66,0.5
1208,28279.269528,28278.689529,28278.720862,28279.216195,28282.894858,0,2.99999999999994,0.0299999999999997,5.99999999999996,2,1,65,0.5
1209,28284.846189,28284.19419,28284.21619,28284.792856,28290.951516,1,2.99999999999994,0.0299999999999997,7.00000000000003,1,2,66,0.5
1210,28292.551515,28291.862182,28291.936182,28292.551515,28547.57926,1,NaN,0,5.99999999999996,2,1,65,0.5
1211,28553.83592,28553.080587,28553.172587,28553.83592,28554.520586,0,NaN,0,7.00000000000003,1,2,66,0.5
1212,28571.871235,28569.921237,28569.980571,28571.871235,28847.725626,1,NaN,0,5.99999999999996,2,1,65,0.5
1213,28870.305604,28869.528938,28869.763604,28870.25227,28873.244267,0,2.99999999999994,0.0299999999999997,5.99999999999996,2,1,65,0.5
1214,28875.185599,28874.486933,28874.525599,28875.185599,28944.078196,1,NaN,0,5.99999999999996,2,1,65,0.5
1215,28945.370862,28944.581529,28944.921529,28945.370862,28951.460856,1,NaN,0,5.99999999999996,2,1,65,0.5
1216,28953.168854,28952.544188,28952.733521,28953.140854,28963.890177,1,2.99999999999994,0.0299999999999997,7.00000000000003,1,2,66,0.5
1217,28965.256175,28964.503509,28964.802842,28965.256175,29039.384768,1,NaN,0,5.99999999999996,2,1,65,0.5
1218,29045.487428,29044.344763,29044.628763,29045.434095,29056.995417,0,2.99999999999994,0.0299999999999997,5.99999999999996,2,1,65,0.5
1219,29214.327926,29213.483927,29213.783927,29214.327926,29239.237235,0,NaN,0,7.00000000000003,1,2,66,0.5
1220,29241.669232,29240.224567,29240.847233,29241.615899,29248.591892,0,2.99999999999994,0.0299999999999997,5.99999999999996,2,1,65,0.5
1221,29255.454552,29254.601219,29254.775886,29255.454552,29313.107161,1,NaN,0,5.99999999999996,2,1,65,0.5
1222,29320.15182,29319.241155,29319.494488,29320.098487,29331.138476,0,2.99999999999994,0.0299999999999997,5.99999999999996,2,1,65,0.5
1223,29333.96514,29333.440474,29333.50914,29333.96514,29340.407133,0,NaN,0,7.00000000000003,1,2,66,0.5
1224,29341.942465,29341.193133,29341.261133,29341.889132,29350.48979,1,2.99999999999994,0.0299999999999997,7.00000000000003,1,2,66,0.5
1225,29352.501121,29351.624456,29351.868455,29352.447788,29361.189113,1,2.99999999999994,0.0299999999999997,7.00000000000003,1,2,66,0.5
1226,29362.853111,29362.107778,29362.223778,29362.853111,29368.820438,1,NaN,0,5.99999999999996,2,1,65,0.5
1227,29372.737768,29371.365103,29371.585769,29372.737768,29442.125698,1,NaN,0,5.99999999999996,2,1,65,0.5
1228,29443.455697,29442.779698,29442.969698,29443.455697,29452.499021,0,NaN,0,7.00000000000003,1,2,66,0.5
1229,29454.228353,29453.356354,29453.62502,29454.17502,29466.953674,0,2.99999999999994,0.0299999999999997,5.99999999999996,2,1,65,0.5
1230,29468.588339,29467.941006,29468.013673,29468.535005,29470.237004,0,2.99999999999994,0.0299999999999997,5.99999999999996,2,1,65,0.5
1231,29471.76167,29471.001003,29471.042336,29471.708336,29475.761665,1,2.99999999999994,0.0299999999999997,7.00000000000003,1,2,66,0.5
1232,29477.27433,29476.528997,29476.616997,29477.220997,29484.124323,0,2.99999999999994,0.0299999999999997,5.99999999999996,2,1,65,0.5
1233,29485.557655,29484.824322,29485.010322,29485.557655,29490.19965,0,NaN,0,7.00000000000003,1,2,66,0.5
1234,29491.982315,29491.04365,29491.392316,29491.982315,29497.708976,1,NaN,0,5.99999999999996,2,1,65,0.5
1235,29503.78897,29502.948304,29503.260304,29503.78897,29510.14563,0,NaN,0,7.00000000000003,1,2,66,0.5
1236,29511.703629,29511.048296,29511.097629,29511.650296,29518.124956,1,2.99999999999994,0.0299999999999997,7.00000000000003,1,2,66,0.5
1237,29520.033621,29519.165621,29519.492288,29519.980954,29523.248951,0,2.99999999999994,0.0299999999999997,5.99999999999996,2,1,65,0.5
1238,29524.768949,29523.997617,29524.114283,29524.768949,29527.499613,1,NaN,0,5.99999999999996,2,1,65,0.5
1239,29533.445607,29532.922941,29533.007608,29533.445607,29533.810273,0,NaN,0,7.00000000000003,1,2,66,0.5
1240,29542.477598,29541.880265,29541.993599,29542.477598,29544.38493,0,NaN,0,7.00000000000003,1,2,66,0.5
1241,29561.478246,29560.68358,29560.980246,29561.478246,29561.759579,0,NaN,0,7.00000000000003,1,2,66,0.5
1242,29614.245526,29613.509527,29613.720194,29614.245526,29614.676859,0,NaN,0,7.00000000000003,1,2,66,0.5
1243,29624.192183,29623.395517,29623.65485,29624.192183,29647.684826,1,NaN,0,5.99999999999996,2,1,65,0.5
1244,29650.27349,29648.799492,29649.556158,29650.220157,29652.968821,1,2.99999999999994,0.0299999999999997,7.00000000000003,1,2,66,0.5
1245,29655.052152,29653.987487,29654.186153,29654.998819,29660.124147,0,2.99999999999994,0.0299999999999997,5.99999999999996,2,1,65,0.5
1246,29661.973479,29661.167479,29661.380146,29661.920145,29764.882042,1,2.99999999999994,0.0299999999999997,7.00000000000003,1,2,66,0.5
1247,29766.553374,29765.725375,29765.884041,29766.500041,29785.820021,1,2.99999999999994,0.0299999999999997,7.00000000000003,1,2,66,0.5
1248,29789.170685,29788.397352,29788.582019,29789.117351,29796.93401,0,2.99999999999994,0.0299999999999997,5.99999999999996,2,1,65,0.5
1249,29798.593342,29797.965343,29798.016676,29798.593342,29799.041342,0,NaN,0,7.00000000000003,1,2,66,0.5
1250,29826.352648,29825.159982,29825.602648,29826.299314,29837.302637,1,2.99999999999994,0.0299999999999997,7.00000000000003,1,2,66,0.5
1251,29838.967968,29838.422635,29838.467302,29838.967968,29844.639963,0,NaN,0,7.00000000000003,1,2,66,0.5
1252,29846.485961,29845.804628,29846.014628,29846.485961,29994.390479,0,NaN,0,7.00000000000003,1,2,66,0.5
1253,30010.799796,30010.196464,30010.26313,30010.746463,30042.577098,0,2.99999999999994,0.0299999999999997,5.99999999999996,2,1,65,0.5
1254,30057.10375,30056.405751,30056.526417,30057.050417,30059.307748,0,2.99999999999994,0.0299999999999997,5.99999999999996,2,1,65,0.5
1255,30060.95708,30060.19108,30060.309747,30060.903746,30072.170402,1,2.99999999999994,0.0299999999999997,7.00000000000003,1,2,66,0.5
1256,30073.9284,30072.940401,30073.078401,30073.875067,30077.618396,1,2.99999999999994,0.0299999999999997,7.00000000000003,1,2,66,0.5
1257,30079.058395,30078.462395,30078.567062,30079.058395,30084.800389,0,NaN,0,7.00000000000003,1,2,66,0.5
1258,30086.163054,30085.485055,30085.574388,30086.109721,30087.825719,1,2.99999999999994,0.0299999999999997,7.00000000000003,1,2,66,0.5
1259,30089.306385,30088.651052,30088.883052,30089.306385,30096.380378,0,NaN,0,7.00000000000003,1,2,66,0.5
1260,30097.745709,30096.99571,30097.175043,30097.692376,30102.370372,1,2.99999999999994,0.0299999999999997,7.00000000000003,1,2,66,0.5
1261,30103.831037,30103.183704,30103.321704,30103.831037,30279.388195,0,NaN,0,7.00000000000003,1,2,66,0.5
1262,30280.97086,30280.107527,30280.224194,30280.917526,30288.812185,0,2.99999999999994,0.0299999999999997,5.99999999999996,2,1,65,0.5
1263,30370.381437,30369.578771,30369.876104,30370.381437,30385.192755,0,NaN,0,7.00000000000003,1,2,66,0.5
1264,30387.300753,30386.394754,30386.534087,30387.300753,30387.608086,0,NaN,0,7.00000000000003,1,2,66,0.5
1265,30397.16141,30396.510744,30396.637411,30397.16141,30397.56741,0,NaN,0,7.00000000000003,1,2,66,0.5
1266,30528.097279,30527.117947,30527.405946,30528.043946,30531.36461,1,2.99999999999994,0.0299999999999997,7.00000000000003,1,2,66,0.5
1267,30543.192597,30541.931265,30542.378598,30543.139264,30544.839263,1,2.99999999999994,0.0299999999999997,7.00000000000003,1,2,66,0.5
1268,30546.748594,30545.862595,30546.058595,30546.695261,30549.969257,0,2.99999999999994,0.0299999999999997,5.99999999999996,2,1,65,0.5
1269,30571.391236,30570.12057,30570.511903,30571.337903,30573.5499,0,2.99999999999994,0.0299999999999997,5.99999999999996,2,1,65,0.5
1270,30575.469898,30574.449233,30574.706566,30575.416565,30579.399228,1,2.99999999999994,0.0299999999999997,7.00000000000003,1,2,66,0.5
1271,30581.183893,30580.447893,30580.53656,30581.130559,30586.031888,0,2.99999999999994,0.0299999999999997,5.99999999999996,2,1,65,0.5
1272,30587.954553,30586.971887,30587.37722,30587.954553,30593.812547,1,NaN,0,5.99999999999996,2,1,65,0.5
1273,30595.448545,30594.628546,30594.835212,30595.395212,30601.328539,0,2.99999999999994,0.0299999999999997,5.99999999999996,2,1,65,0.5
1274,30603.103871,30602.273205,30602.334538,30603.050538,30609.039865,1,2.99999999999994,0.0299999999999997,7.00000000000003,1,2,66,0.5
1275,30610.745863,30609.952531,30610.08453,30610.69253,30621.897852,0,2.99999999999994,0.0299999999999997,5.99999999999996,2,1,65,0.5
1276,30623.606517,30622.903851,30622.995184,30623.553184,30631.443176,0,2.99999999999994,0.0299999999999997,5.99999999999996,2,1,65,0.5
1277,30633.956507,30633.238507,30633.297841,30633.903173,30637.599836,1,2.99999999999994,0.0299999999999997,7.00000000000003,1,2,66,0.5
1278,30639.087835,30638.472502,30638.493835,30639.087835,30642.683165,0,NaN,0,7.00000000000003,1,2,66,0.5
1279,30647.194493,30646.396494,30646.669828,30647.194493,30648.457825,0,NaN,0,7.00000000000003,1,2,66,0.5
1280,30653.978487,30653.120487,30653.387821,30653.978487,30656.437151,1,NaN,0,5.99999999999996,2,1,65,0.5
1281,30662.172478,30661.291813,30661.585146,30662.119145,30670.295137,1,2.99999999999994,0.0299999999999997,7.00000000000003,1,2,66,0.5
1282,30671.813802,30671.134469,30671.233136,30671.813802,30676.890464,0,NaN,0,7.00000000000003,1,2,66,0.5
1283,30678.759796,30677.879129,30677.989796,30678.706462,30683.865123,1,2.99999999999994,0.0299999999999997,7.00000000000003,1,2,66,0.5
1284,30687.010454,30686.253788,30686.438454,30686.95712,30692.802448,0,2.99999999999994,0.0299999999999997,5.99999999999996,2,1,65,0.5
1285,30694.436446,30693.81178,30693.880447,30694.39978,30697.981776,0,2.99999999999994,0.0299999999999997,5.99999999999996,2,1,65,0.5
1286,30699.409108,30698.687775,30698.714442,30699.355775,30706.9531,1,2.99999999999994,0.0299999999999997,7.00000000000003,1,2,66,0.5
1287,30708.793765,30708.057099,30708.141766,30708.740432,30714.691759,0,2.99999999999994,0.0299999999999997,5.99999999999996,2,1,65,0.5
1288,30716.79109,30716.040425,30716.137758,30716.79109,30720.181087,1,NaN,0,5.99999999999996,2,1,65,0.5
1289,30729.631078,30728.482412,30728.787745,30729.611078,30735.191739,0,2.99999999999994,0.0299999999999997,5.99999999999996,2,1,65,0.5
1290,30737.159737,30736.194404,30736.218404,30737.106407,30741.911732,1,2.99999999999994,0.0299999999999997,7.00000000000003,1,2,66,0.5
1291,30743.41973,30742.672398,30742.779064,30743.41973,30751.051056,0,NaN,0,7.00000000000003,1,2,66,0.5
1292,30752.510388,30751.799725,30751.866389,30752.489055,30756.87705,1,2.99999999999994,0.0299999999999997,7.00000000000003,1,2,66,0.5
1293,30758.653049,30757.937049,30758.082382,30758.599715,30763.042378,0,2.99999999999994,0.0299999999999997,5.99999999999996,2,1,65,0.5
1294,30764.863709,30764.060376,30764.08771,30764.810376,30768.961038,1,2.99999999999994,0.0299999999999997,7.00000000000003,1,2,66,0.5
1295,30770.445037,30769.665704,30769.835704,30770.445037,30776.195031,0,NaN,0,7.00000000000003,1,2,66,0.5
1296,30777.818363,30776.974364,30777.07303,30777.818363,30784.119023,1,NaN,0,5.99999999999996,2,1,65,0.5
1297,30785.835021,30785.057022,30785.237689,30785.781688,30791.951682,0,2.99999999999994,0.0299999999999997,5.99999999999996,2,1,65,0.5
1298,30793.460347,30792.613015,30792.927681,30793.460347,30799.547008,0,NaN,0,7.00000000000003,1,2,66,0.5
1299,30801.104339,30800.36234,30800.455673,30801.051006,30804.563669,1,2.99999999999994,0.0299999999999997,7.00000000000003,1,2,66,0.5
1300,30806.485667,30805.625002,30805.819668,30806.432334,30811.063663,0,2.99999999999994,0.0299999999999997,5.99999999999996,2,1,65,0.5
1301,30812.770994,30811.931662,30812.059662,30812.717661,30819.077655,1,2.99999999999994,0.0299999999999997,7.00000000000003,1,2,66,0.5
1302,30821.057653,30820.44032,30820.491653,30821.057653,30824.988316,0,NaN,0,7.00000000000003,1,2,66,0.5
1303,30827.673646,30826.973647,30827.107647,30827.620313,30833.101641,0,2.99999999999994,0.0299999999999997,5.99999999999996,2,1,65,0.5
1304,30835.009639,30834.250306,30834.342306,30834.956306,30839.572968,1,2.99999999999994,0.0299999999999997,7.00000000000003,1,2,66,0.5
1305,30840.988966,30840.247634,30840.3623,30840.935633,30852.028289,0,2.99999999999994,0.0299999999999997,5.99999999999996,2,1,65,0.5
1306,30853.708954,30852.847621,30852.984288,30853.65562,30861.131613,1,2.99999999999994,0.0299999999999997,7.00000000000003,1,2,66,0.5
1307,30862.675611,30862.001612,30862.038945,30862.675611,30863.218944,0,NaN,0,7.00000000000003,1,2,66,0.5
1308,30869.152938,30868.421605,30868.563605,30869.152938,30948.629525,1,NaN,0,5.99999999999996,2,1,65,0.5
1309,30957.109517,30956.278851,30956.408184,30957.109517,30960.089514,0,NaN,0,7.00000000000003,1,2,66,0.5
1310,31008.674799,31007.962799,31008.098132,31008.674799,31092.688048,0,NaN,0,7.00000000000003,1,2,66,0.5
1311,31094.07738,31093.249381,31093.46938,31094.07738,31097.26271,1,NaN,0,5.99999999999996,2,1,65,0.5
1312,31105.935368,31105.372702,31105.434702,31105.935368,31196.791277,0,NaN,0,7.00000000000003,1,2,66,0.5
1313,31199.078608,31198.476609,31198.525942,31199.025275,31201.070607,1,2.99999999999994,0.0299999999999997,7.00000000000003,1,2,66,0.5
1314,31220.33792,31219.328588,31219.517921,31220.284587,31222.782584,0,2.99999999999994,0.0299999999999997,5.99999999999996,2,1,65,0.5
1315,31224.34325,31223.57525,31223.645917,31224.289916,31226.131248,1,2.99999999999994,0.0299999999999997,7.00000000000003,1,2,66,0.5
1316,31227.629913,31226.933247,31227.109913,31227.629913,31245.041896,0,NaN,0,7.00000000000003,1,2,66,0.5
1317,31502.470971,31500.716973,31500.846973,31502.417638,31503.99297,1,2.99999999999994,0.0299999999999997,7.00000000000003,1,2,66,0.5
1318,31506.189634,31505.268302,31505.403635,31506.136301,31513.322294,0,2.99999999999994,0.0299999999999997,5.99999999999996,2,1,65,0.5
1319,31518.320289,31515.199625,31515.472292,31518.266956,31521.539619,0,2.99999999999994,0.0299999999999997,5.99999999999996,2,1,65,0.5
1320,31523.45895,31522.628951,31522.741618,31523.405617,31528.310946,1,2.99999999999994,0.0299999999999997,7.00000000000003,1,2,66,0.5
1321,31530.318277,31529.405611,31529.570944,31530.264944,31535.646272,1,2.99999999999994,0.0299999999999997,7.00000000000003,1,2,66,0.5
1322,31544.298263,31543.317597,31543.462264,31544.298263,31547.476926,1,NaN,0,5.99999999999996,2,1,65,0.5
1323,31550.986256,31549.962257,31550.126257,31550.932923,31554.457586,1,2.99999999999994,0.0299999999999997,7.00000000000003,1,2,66,0.5
1324,31567.11624,31566.018908,31566.244908,31567.11624,31574.051567,0,NaN,0,7.00000000000003,1,2,66,0.5
1325,31575.962231,31575.254232,31575.352899,31575.962231,31733.156741,1,NaN,0,5.99999999999996,2,1,65,0.5
1326,31744.18273,31742.727398,31743.033398,31744.129396,31748.151392,0,2.99999999999994,0.0299999999999997,5.99999999999996,2,1,65,0.5
1327,31750.44939,31749.727391,31749.827391,31750.396057,31760.930046,1,2.99999999999994,0.0299999999999997,7.00000000000003,1,2,66,0.5
1328,31763.53871,31762.615378,31762.934044,31763.53871,31769.559371,1,NaN,0,5.99999999999996,2,1,65,0.5
1329,31771.629369,31770.504703,31770.708037,31771.626702,31775.085365,0,2.99999999999994,0.0299999999999997,5.99999999999996,2,1,65,0.5
1330,31776.872031,31776.062031,31776.174698,31776.818697,31785.613355,1,2.99999999999994,0.0299999999999997,7.00000000000003,1,2,66,0.5
1331,31787.168687,31786.404021,31786.528687,31787.168687,31794.412679,1,NaN,0,5.99999999999996,2,1,65,0.5
1332,31796.367344,31795.483345,31795.814678,31796.367344,31804.640669,0,NaN,0,7.00000000000003,1,2,66,0.5
1333,31807.366,31806.590001,31806.82,31807.366,31814.321326,1,NaN,0,5.99999999999996,2,1,65,0.5
1334,31816.219324,31815.330659,31815.527325,31816.165991,31820.674653,1,2.99999999999994,0.0299999999999997,7.00000000000003,1,2,66,0.5
1335,31822.653318,31821.940652,31822.098652,31822.599985,31827.431313,0,2.99999999999994,0.0299999999999997,5.99999999999996,2,1,65,0.5
1336,31829.061311,31828.392646,31828.473312,31829.061311,31835.303305,1,NaN,0,5.99999999999996,2,1,65,0.5
1337,31836.96197,31836.258638,31836.444637,31836.908637,31841.705966,0,2.99999999999994,0.0299999999999997,5.99999999999996,2,1,65,0.5
1338,31843.499964,31842.635965,31842.723965,31843.44663,31849.725291,1,2.99999999999994,0.0299999999999997,7.00000000000003,1,2,66,0.5
1339,31851.263956,31850.47129,31850.59129,31851.210623,31856.375951,0,2.99999999999994,0.0299999999999997,5.99999999999996,2,1,65,0.5
1340,31857.869949,31857.092617,31857.143951,31857.816616,31864.071943,1,2.99999999999994,0.0299999999999997,7.00000000000003,1,2,66,0.5
1341,31865.894608,31865.205942,31865.294609,31865.841275,31870.329937,0,2.99999999999994,0.0299999999999997,5.99999999999996,2,1,65,0.5
1342,31872.400602,31871.589936,31871.684602,31872.347268,31877.993929,1,2.99999999999994,0.0299999999999997,7.00000000000003,1,2,66,0.5
1343,31879.771927,31879.063928,31879.186595,31879.771927,31885.437255,0,NaN,0,7.00000000000003,1,2,66,0.5
1344,31887.203253,31886.511921,31886.591254,31887.203253,31893.971914,1,NaN,0,5.99999999999996,2,1,65,0.5
1345,31898.175242,31897.43391,31897.641243,31898.175242,31898.501909,0,NaN,0,7.00000000000003,1,2,66,0.5
1346,31950.364524,31949.378525,31949.641858,31950.31119,31952.258522,1,2.99999999999994,0.0299999999999997,7.00000000000003,1,2,66,0.5
1347,32029.973777,32028.895112,32029.055112,32029.920444,32033.58644,0,2.99999999999994,0.0299999999999997,5.99999999999996,2,1,65,0.5
1348,32035.738438,32034.941772,32034.967772,32035.685105,32051.008423,1,2.99999999999994,0.0299999999999997,7.00000000000003,1,2,66,0.5
1349,32052.904421,32052.059088,32052.142422,32052.851088,32058.950415,1,2.99999999999994,0.0299999999999997,7.00000000000003,1,2,66,0.5
1350,32060.796413,32060.031081,32060.11508,32060.796413,32065.811741,1,NaN,0,5.99999999999996,2,1,65,0.5
1351,32067.679073,32066.821741,32066.943074,32067.62574,32072.125735,1,2.99999999999994,0.0299999999999997,7.00000000000003,1,2,66,0.5
1352,32073.645734,32072.943068,32073.006401,32073.645734,32079.675728,0,NaN,0,7.00000000000003,1,2,66,0.5
1353,32082.199725,32081.413726,32081.631726,32082.146392,32086.677054,0,2.99999999999994,0.0299999999999997,5.99999999999996,2,1,65,0.5
1354,32088.293052,32087.448386,32087.55572,32088.293052,32093.057714,1,NaN,0,5.99999999999996,2,1,65,0.5
1355,32094.709713,32093.92638,32094.16838,32094.709713,32095.105712,0,NaN,0,7.00000000000003,1,2,66,0.5
1356,32298.802175,32297.592176,32297.668843,32298.802175,32313.994827,1,NaN,0,5.99999999999996,2,1,65,0.5
1357,32316.074158,32314.966826,32315.092826,32316.074158,32316.372824,1,NaN,0,5.99999999999996,2,1,65,0.5
1358,32385.683422,32384.884089,32384.984089,32385.683422,32386.174088,0,NaN,0,7.00000000000003,1,2,66,0.5
1359,32444.598696,32443.694697,32443.820697,32444.545363,32570.681237,0,2.99999999999994,0.0299999999999997,5.99999999999996,2,1,65,0.5
1360,32571.877235,32571.215236,32571.269236,32571.877235,32572.387235,0,NaN,0,7.00000000000003,1,2,66,0.5
1361,32599.156541,32598.275209,32598.324542,32599.103208,32601.332539,0,2.99999999999994,0.0299999999999997,5.99999999999996,2,1,65,0.5
1362,32603.089871,32602.378538,32602.411205,32603.089871,32603.41187,1,NaN,0,5.99999999999996,2,1,65,0.5
1363,32622.484518,32620.93052,32621.431852,32622.481851,32632.022509,0,2.99999999999994,0.0299999999999997,5.99999999999996,2,1,65,0.5
1364,32633.853174,32633.155174,32633.204507,32633.79984,32637.83317,1,2.99999999999994,0.0299999999999997,7.00000000000003,1,2,66,0.5
1365,32640.169167,32639.439168,32639.479168,32640.115834,32645.153829,1,2.99999999999994,0.0299999999999997,7.00000000000003,1,2,66,0.5
1366,32647.15916,32646.277828,32646.523161,32647.105827,32651.125156,0,2.99999999999994,0.0299999999999997,5.99999999999996,2,1,65,0.5
1367,32653.118487,32652.343159,32652.469155,32653.065154,32660.96848,1,2.99999999999994,0.0299999999999997,7.00000000000003,1,2,66,0.5
1368,32663.175144,32662.371812,32662.391145,32663.175144,32666.658474,1,NaN,0,5.99999999999996,2,1,65,0.5
1369,33264.673209,33262.474545,33262.547211,33264.673209,33265.026542,1,NaN,0,5.99999999999996,2,1,65,0.5
1370,33274.101866,33272.861201,33273.218534,33274.048533,33281.842525,1,2.99999999999994,0.0299999999999997,7.00000000000003,1,2,66,0.5
1371,33306.451834,33305.299169,33305.493835,33306.451834,33306.991167,0,NaN,0,7.00000000000003,1,2,66,0.5
1372,33313.244494,33312.231828,33312.336495,33313.244494,33493.730313,1,NaN,0,5.99999999999996,2,1,65,0.5
1373,33509.880964,33508.940965,33509.249632,33509.827631,33515.915625,0,2.99999999999994,0.0299999999999997,5.99999999999996,2,1,65,0.5
1374,33530.074944,33517.45229,33517.61629,NaN,33570.146237,NaN,NaN,0,5.99999999999996,2,1,65,0.5
1375,33574.929566,33574.1729,33574.245566,33574.929566,33587.37022,1,NaN,0,5.99999999999996,2,1,65,0.5
1376,33588.867552,33588.013553,33588.130886,33588.814218,33594.415546,0,2.99999999999994,0.0299999999999997,5.99999999999996,2,1,65,0.5
1377,33595.866211,33595.162212,33595.299545,33595.812878,33600.264877,0,2.99999999999994,0.0299999999999997,5.99999999999996,2,1,65,0.5
1378,33602.017539,33601.161539,33601.234206,33602.017539,33602.330872,1,NaN,0,5.99999999999996,2,1,65,0.5
1379,33645.296829,33643.467498,33643.632164,33645.271495,33651.134823,1,2.99999999999994,0.0299999999999997,7.00000000000003,1,2,66,0.5
1380,33656.537484,33655.542818,33655.754151,33656.484151,33659.432814,0,2.99999999999994,0.0299999999999997,5.99999999999996,2,1,65,0.5
1381,33661.148813,33660.30548,33660.504813,33661.148813,33680.084794,1,NaN,0,5.99999999999996,2,1,65,0.5
1382,33681.678792,33680.752793,33680.914126,33681.625459,33690.56745,1,2.99999999999994,0.0299999999999997,7.00000000000003,1,2,66,0.5
1383,33702.601438,33701.253439,33701.720772,33702.548105,33706.372768,0,2.99999999999994,0.0299999999999997,5.99999999999996,2,1,65,0.5
1384,33744.223396,33742.116732,33742.787398,33744.170063,33746.384061,0,2.99999999999994,0.0299999999999997,5.99999999999996,2,1,65,0.5
1385,33784.952689,33783.99669,33784.32469,33784.899356,33844.261963,0,2.99999999999994,0.0299999999999997,5.99999999999996,2,1,65,0.5
1386,33858.765282,33857.749949,33857.896616,33858.711949,33862.844611,0,2.99999999999994,0.0299999999999997,5.99999999999996,2,1,65,0.5
1387,33864.857276,33863.985277,33864.053276,33864.803942,33959.758514,1,2.99999999999994,0.0299999999999997,7.00000000000003,1,2,66,0.5
1388,33971.772502,33970.26917,33970.431837,33971.772502,33977.977829,1,NaN,0,5.99999999999996,2,1,65,0.5
1389,34006.356468,34004.923802,34005.454468,34006.303134,34016.416457,1,2.99999999999994,0.0299999999999997,7.00000000000003,1,2,66,0.5
1390,34447.206027,34445.786695,34445.918695,34447.206027,34451.836022,0,NaN,0,7.00000000000003,1,2,66,0.5
1391,34469.478004,34468.163339,34468.590005,34469.424671,34475.604665,0,2.99999999999994,0.0299999999999997,5.99999999999996,2,1,65,0.5
1392,34477.783329,34476.926664,34476.997997,34477.729996,34479.273328,1,2.99999999999994,0.0299999999999997,7.00000000000003,1,2,66,0.5
1393,34484.933989,34482.775991,34482.897324,34484.880656,34490.893316,0,2.99999999999994,0.0299999999999997,5.99999999999996,2,1,65,0.5
1394,34493.888647,34492.703315,34492.936648,34493.888647,NaN,0,NaN,0,7.00000000000003,1,2,66,0.5
