trial,outcome,center_in,center_out,side_in,last_side_out,actions,reward,trial_types,odors,port_side,schedule,odor_name,odor_dur
1,1392.044415,1391.569748,1391.618415,1391.991081,1420.670386,1,1.99999999999996,0.0200000000000003,7.00000000000003,1,4,66,0.5
2,1422.275051,1421.383719,1421.812385,1422.275051,1438.807701,0,NaN,0,7.00000000000003,1,4,66,0.5
3,1439.6917,1439.171701,1439.223034,1439.638367,1471.310335,0,1.99999999999996,0.0200000000000003,5.99999999999996,2,3,65,0.5
4,1473.410333,1472.391001,1472.901667,1473.410333,1494.688979,0,NaN,0,7.00000000000003,1,4,66,0.5
5,1496.16831,1495.325645,1495.712978,1496.16831,1502.615637,0,NaN,0,7.00000000000003,1,4,66,0.5
6,1514.498959,1513.512293,1513.937626,1514.445626,1523.31695,1,1.99999999999996,0.0200000000000003,7.00000000000003,1,4,66,0.5
7,1525.526281,1524.779616,1525.000282,1525.526281,1553.102254,0,NaN,0,7.00000000000003,1,4,66,0.5
8,1555.194918,1554.524919,1554.689585,1555.194918,1562.975577,0,NaN,0,7.00000000000003,1,4,66,0.5
9,1565.443575,1564.390242,1564.754909,1565.390241,1570.328903,1,1.99999999999996,0.0200000000000003,7.00000000000003,1,4,66,0.5
10,1572.034235,1570.802236,1571.386902,1571.980901,1576.549563,0,1.99999999999996,0.0200000000000003,5.99999999999996,2,3,65,0.5
11,1578.394228,1577.712896,1577.798896,1578.394228,1584.656889,0,NaN,0,7.00000000000003,1,4,66,0.5
12,1586.010221,1585.337555,1585.410221,1586.010221,1603.725536,0,NaN,0,7.00000000000003,1,4,66,0.5
13,1606.079534,1605.269535,1605.630201,1606.079534,1634.935506,1,NaN,0,5.99999999999996,2,3,65,0.5
14,1635.987504,1635.301505,1635.550171,1635.987504,1645.653494,1,NaN,0,5.99999999999996,2,3,65,0.5
15,1646.57616,1646.090827,1646.157494,1646.57616,1652.152154,1,NaN,0,5.99999999999996,2,3,65,0.5
16,1654.651485,1653.868153,1654.100819,1654.598152,1658.905481,0,1.99999999999996,0.0200000000000003,5.99999999999996,2,3,65,0.5
17,1660.316146,1659.498814,1659.810147,1660.262813,1666.048141,0,1.99999999999996,0.0200000000000003,5.99999999999996,2,3,65,0.5
18,1667.948805,1667.295473,1667.472806,1667.895472,1673.6448,0,1.99999999999996,0.0200000000000003,5.99999999999996,2,3,65,0.5
19,1674.784132,1674.222136,1674.329466,1674.784132,1681.194792,0,NaN,0,7.00000000000003,1,4,66,0.5
20,1683.378124,1682.048791,1682.907457,1683.378124,1687.878785,0,NaN,0,7.00000000000003,1,4,66,0.5
21,1689.560784,1689.080784,1689.148784,1689.560784,1692.163448,0,NaN,0,7.00000000000003,1,4,66,0.5
22,1696.755443,1695.926777,1696.334777,1696.755443,1703.878769,0,NaN,0,7.00000000000003,1,4,66,0.5
23,1706.985433,1706.315434,1706.581433,1706.985433,1708.580098,0,NaN,0,7.00000000000003,1,4,66,0.5
24,1716.31209,1714.962092,1715.293425,1716.258757,1720.406753,0,1.99999999999996,0.0200000000000003,5.99999999999996,2,3,65,0.5
25,1734.794072,1722.171418,1722.206084,NaN,1744.818062,NaN,NaN,0,5.99999999999996,2,3,65,0.5
26,1747.00606,1745.644061,1745.942728,1747.00606,1798.868674,0,NaN,0,7.00000000000003,1,4,66,0.5
27,1804.914002,1804.064669,1804.358669,1804.861335,1808.229332,1,1.99999999999996,0.0200000000000003,7.00000000000003,1,4,66,0.5
28,1810.265996,1809.496664,1809.75333,1810.265996,1833.799306,0,NaN,0,7.00000000000003,1,4,66,0.5
29,1835.131305,1834.366639,1834.573305,1835.077972,1840.033967,0,1.99999999999996,0.0200000000000003,5.99999999999996,2,3,65,0.5
30,1841.447965,1840.747299,1840.791299,1841.447965,1849.509957,0,NaN,0,7.00000000000003,1,4,66,0.5
31,1850.74329,1849.945957,1850.267956,1850.74329,1856.156617,0,NaN,0,7.00000000000003,1,4,66,0.5
32,1858.469281,1857.709949,1857.906615,1858.469281,1859.084614,0,NaN,0,7.00000000000003,1,4,66,0.5
33,1866.581273,1864.959275,1865.179275,1866.581273,1970.43117,0,NaN,0,7.00000000000003,1,4,66,0.5
34,1973.1745,1971.483835,1971.573168,1973.121167,1992.581814,1,1.99999999999996,0.0200000000000003,7.00000000000003,1,4,66,0.5
35,1994.079813,1993.22648,1993.34048,1994.026479,2004.431136,1,1.99999999999996,0.0200000000000003,7.00000000000003,1,4,66,0.5
36,2005.862467,2005.046468,2005.296468,2005.809134,2008.589798,1,1.99999999999996,0.0200000000000003,7.00000000000003,1,4,66,0.5
37,2010.513796,2009.610464,2009.873797,2010.460463,2015.501791,0,1.99999999999996,0.0200000000000003,5.99999999999996,2,3,65,0.5
38,2016.70979,2016.004457,2016.14179,2016.656457,2022.373784,0,1.99999999999996,0.0200000000000003,5.99999999999996,2,3,65,0.5
39,2023.78645,2023.04245,2023.195117,2023.733116,2027.143779,0,1.99999999999996,0.0200000000000003,5.99999999999996,2,3,65,0.5
40,2028.688445,2027.833779,2027.961779,2028.688445,2034.679105,0,NaN,0,7.00000000000003,1,4,66,0.5
41,2036.32577,2035.585771,2035.841771,2036.32577,2086.709053,0,NaN,0,7.00000000000003,1,4,66,0.5
42,2087.830385,2087.211719,2087.337719,2087.777052,2090.659716,1,1.99999999999996,0.0200000000000003,7.00000000000003,1,4,66,0.5
43,2092.330381,2091.617048,2091.845048,2092.330381,2104.055703,0,NaN,0,7.00000000000003,1,4,66,0.5
44,2105.539701,2104.664369,2105.053035,2105.486368,2109.429697,1,1.99999999999996,0.0200000000000003,7.00000000000003,1,4,66,0.5
45,2110.752363,2110.01703,2110.154363,2110.699029,2113.991026,0,1.99999999999996,0.0200000000000003,5.99999999999996,2,3,65,0.5
46,2115.894357,2115.343025,2115.460358,2115.894357,2121.865685,0,NaN,0,7.00000000000003,1,4,66,0.5
47,2126.55768,2125.717014,2125.840347,2126.504347,2129.628344,0,1.99999999999996,0.0200000000000003,5.99999999999996,2,3,65,0.5
48,2130.957676,2130.370343,2130.493009,2130.904342,2133.745673,0,1.99999999999996,0.0200000000000003,5.99999999999996,2,3,65,0.5
49,2135.191671,2134.520339,2134.649005,2135.191671,2140.526333,0,NaN,0,7.00000000000003,1,4,66,0.5
50,2142.869664,2142.179664,2142.389664,2142.869664,2147.988992,0,NaN,0,7.00000000000003,1,4,66,0.5
51,2149.589657,2148.530991,2149.118324,2149.589657,2156.546317,0,NaN,0,7.00000000000003,1,4,66,0.5
52,2158.834314,2158.024315,2158.393648,2158.834314,2161.386979,0,NaN,0,7.00000000000003,1,4,66,0.5
53,2174.517632,2173.2303,2173.522966,2174.517632,2177.743629,0,NaN,0,7.00000000000003,1,4,66,0.5
54,2181.211625,2180.214293,2180.566959,2181.211625,2186.092954,0,NaN,0,7.00000000000003,1,4,66,0.5
55,2188.309618,2187.333619,2187.892952,2188.309618,2218.714255,0,NaN,0,7.00000000000003,1,4,66,0.5
56,2220.071587,2219.236254,2219.50092,2220.018253,2373.5901,1,1.99999999999996,0.0200000000000003,7.00000000000003,1,4,66,0.5
57,2374.914098,2374.205432,2374.283432,2374.914098,2379.284094,0,NaN,0,7.00000000000003,1,4,66,0.5
58,2382.398091,2381.476092,2381.588092,2382.398091,2388.597418,0,NaN,0,7.00000000000003,1,4,66,0.5
59,2391.192749,2390.317416,2390.704083,2391.192749,2504.229969,1,NaN,0,5.99999999999996,2,3,65,0.5
60,2505.600634,2504.757969,2505.081968,2505.600634,2513.728626,0,NaN,0,7.00000000000003,1,4,66,0.5
61,2516.063957,2515.337291,2515.497291,2516.010624,2521.559952,1,1.99999999999996,0.0200000000000003,7.00000000000003,1,4,66,0.5
62,2523.339283,2522.489951,2522.740617,2523.28595,2527.758612,0,1.99999999999996,0.0200000000000003,5.99999999999996,2,3,65,0.5
63,2532.596607,2530.439943,2530.531943,2532.596607,2539.4806,0,NaN,0,7.00000000000003,1,4,66,0.5
64,2540.994599,2540.2486,2540.533933,2540.994599,2548.407925,0,NaN,0,7.00000000000003,1,4,66,0.5
65,2551.334589,2550.39659,2550.661256,2551.334589,2556.246584,0,NaN,0,7.00000000000003,1,4,66,0.5
66,2558.299915,2557.476582,2557.671916,2558.299915,2567.228573,0,NaN,0,7.00000000000003,1,4,66,0.5
67,2570.592569,2569.589904,2570.06257,2570.592569,2603.061204,0,NaN,0,7.00000000000003,1,4,66,0.5
68,2604.753869,2604.209869,2604.253869,2604.753869,2619.499187,0,NaN,0,7.00000000000003,1,4,66,0.5
69,2621.005852,2620.421853,2620.554519,2621.005852,2721.015086,0,NaN,0,7.00000000000003,1,4,66,0.5
70,2722.95175,2722.072418,2722.339751,2722.95175,2728.453745,1,NaN,0,5.99999999999996,2,3,65,0.5
71,2729.967077,2729.119078,2729.422411,2729.913743,2735.738404,0,1.99999999999996,0.0200000000000003,5.99999999999996,2,3,65,0.5
72,2737.184403,2736.376404,2736.707737,2737.184403,2744.436396,1,NaN,0,5.99999999999996,2,3,65,0.5
73,2747.11706,2746.430394,2746.711727,2747.11706,2756.592383,1,NaN,0,5.99999999999996,2,3,65,0.5
74,2757.918382,2757.149716,2757.453049,2757.918382,2762.989044,1,NaN,0,5.99999999999996,2,3,65,0.5
75,2820.916986,2819.87032,2820.20432,2820.863652,2826.079647,0,1.99999999999996,0.0200000000000003,5.99999999999996,2,3,65,0.5
76,2828.832311,2827.998312,2828.241645,2828.778978,2831.454975,0,1.99999999999996,0.0200000000000003,5.99999999999996,2,3,65,0.5
77,2833.60564,2832.844307,2833.078307,2833.60564,2833.968973,0,NaN,0,7.00000000000003,1,4,66,0.5
78,2839.795633,2839.037634,2839.297634,2839.795633,2869.251604,0,NaN,0,7.00000000000003,1,4,66,0.5
79,2880.574259,2879.750927,2880.00426,2880.574259,2894.591579,1,NaN,0,5.99999999999996,2,3,65,0.5
80,2896.508243,2895.436911,2895.637578,2896.508243,2938.050202,0,NaN,0,7.00000000000003,1,4,66,0.5
81,2939.382201,2938.637535,2938.735535,2939.382201,2955.828851,0,NaN,0,7.00000000000003,1,4,66,0.5
82,2969.518837,2968.703505,2969.009504,2969.518837,2969.729504,0,NaN,0,7.00000000000003,1,4,66,0.5
83,2977.047496,2976.203497,2976.569497,2977.047496,2983.670823,0,NaN,0,7.00000000000003,1,4,66,0.5
84,2991.104816,2990.271483,2990.636149,2991.104816,3001.943471,0,NaN,0,7.00000000000003,1,4,66,0.5
85,3003.516803,3002.495471,3002.982137,3003.46347,3006.543467,1,1.99999999999996,0.0200000000000003,7.00000000000003,1,4,66,0.5
86,3009.060797,3008.258132,3008.583465,3009.060797,3014.613459,0,NaN,0,7.00000000000003,1,4,66,0.5
87,3016.090124,3015.313458,3015.602791,3016.090124,3036.541437,0,NaN,0,7.00000000000003,1,4,66,0.5
88,3038.561435,3037.622102,3037.919435,3038.508101,3042.91343,1,1.99999999999996,0.0200000000000003,7.00000000000003,1,4,66,0.5
89,3044.393429,3043.60543,3043.858096,3044.340096,3047.635426,0,1.99999999999996,0.0200000000000003,5.99999999999996,2,3,65,0.5
90,3113.396027,3100.773373,3100.936706,NaN,3148.641325,NaN,NaN,0,7.00000000000003,1,4,66,0.5
91,3150.434656,3149.50199,3149.526657,3150.434656,3162.006645,1,NaN,0,5.99999999999996,2,3,65,0.5
92,3163.851976,3163.066644,3163.338643,3163.851976,3203.763936,1,NaN,0,5.99999999999996,2,3,65,0.5
93,3206.1446,3205.503934,3205.685268,3206.1446,3230.574576,1,NaN,0,5.99999999999996,2,3,65,0.5
94,3232.020575,3231.231909,3231.360575,3231.967241,3247.229893,1,2.99999999999994,0.0299999999999997,7.00000000000003,1,4,66,0.5
95,3248.651891,3247.897225,3248.027225,3248.598558,3261.941211,0,2.99999999999994,0.0299999999999997,5.99999999999996,2,3,65,0.5
96,3263.33921,3262.561211,3262.678544,3263.285877,3271.220535,0,2.99999999999994,0.0299999999999997,5.99999999999996,2,3,65,0.5
97,3272.798534,3271.966535,3271.992535,3272.798534,3293.799179,1,NaN,0,5.99999999999996,2,3,65,0.5
98,3296.089177,3295.381178,3295.555844,3296.089177,3303.465836,0,NaN,0,7.00000000000003,1,4,66,0.5
99,3305.189168,3304.155169,3304.381169,3305.13584,3310.287163,0,2.99999999999994,0.0299999999999997,5.99999999999996,2,3,65,0.5
100,3313.330493,3312.681161,3312.821827,3313.27716,3318.197822,0,2.99999999999994,0.0299999999999997,5.99999999999996,2,3,65,0.5
101,3320.323153,3319.624487,3319.727154,3320.323153,3326.689147,0,NaN,0,7.00000000000003,1,4,66,0.5
102,3328.161812,3327.521812,3327.691146,3328.161812,3337.551136,0,NaN,0,7.00000000000003,1,4,66,0.5
103,3338.839134,3338.047802,3338.278468,3338.785801,3342.569131,0,2.99999999999994,0.0299999999999997,5.99999999999996,2,3,65,0.5
104,3344.898462,3344.376462,3344.464462,3344.898462,3458.341015,0,NaN,0,7.00000000000003,1,4,66,0.5
105,3460.008347,3459.165014,3459.357681,3459.955013,3469.222337,1,2.99999999999994,0.0299999999999997,7.00000000000003,1,4,66,0.5
106,3470.436336,3469.813003,3469.923003,3470.436336,3474.989665,1,NaN,0,5.99999999999996,2,3,65,0.5
107,3478.054329,3477.292329,3477.532329,3478.000995,3481.233659,1,2.99999999999994,0.0299999999999997,7.00000000000003,1,4,66,0.5
108,3482.622991,3482.008325,3482.138324,3482.622991,3488.711651,0,NaN,0,7.00000000000003,1,4,66,0.5
109,3491.179649,3490.078983,3490.634316,3491.126315,3493.937646,0,2.99999999999994,0.0299999999999997,5.99999999999996,2,3,65,0.5
110,3500.581639,3500.056973,3500.07964,3500.581639,3505.263635,0,NaN,0,7.00000000000003,1,4,66,0.5
111,3508.476298,3506.730967,3507.288299,3508.374298,3509.027631,1,NaN,0.00999999999999943,7.00000000000003,0,4,66,0.5
112,3514.844958,3514.158292,3514.378292,3514.844958,3521.168285,0,NaN,0,7.00000000000003,1,4,66,0.5
113,3522.748284,3521.742952,3522.203618,3522.695617,3525.693614,0,2.99999999999994,0.0299999999999997,5.99999999999996,2,3,65,0.5
114,3527.924279,3527.190946,3527.429613,3527.924279,3532.690274,0,NaN,0,7.00000000000003,1,4,66,0.5
115,3534.775605,3533.432273,3534.294272,3534.775605,3541.891598,0,NaN,0,7.00000000000003,1,4,66,0.5
116,3544.592929,3543.618263,3544.043596,3544.539595,3560.588913,0,2.99999999999994,0.0299999999999997,5.99999999999996,2,3,65,0.5
117,3562.126244,3561.202912,3561.526912,3562.072911,3579.642894,1,2.99999999999994,0.0299999999999997,7.00000000000003,1,4,66,0.5
118,3580.702893,3580.10156,3580.24956,3580.649559,3583.826223,1,2.99999999999994,0.0299999999999997,7.00000000000003,1,4,66,0.5
119,3585.395558,3584.574889,3584.768889,3585.293555,3591.512882,0,NaN,0.00999999999999943,5.99999999999996,0,3,65,0.5
120,3593.47888,3592.114214,3592.993547,3593.425547,3596.267544,0,2.99999999999994,0.0299999999999997,5.99999999999996,2,3,65,0.5
121,3598.092875,3597.462876,3597.655542,3598.039542,3601.732872,0,2.99999999999994,0.0299999999999997,5.99999999999996,2,3,65,0.5
122,3603.38887,3602.693537,3602.92887,3603.38887,3608.206865,0,NaN,0,7.00000000000003,1,4,66,0.5
123,3609.411531,3608.642198,3608.960198,3609.411531,3615.470858,0,NaN,0,7.00000000000003,1,4,66,0.5
124,3617.340189,3616.042191,3616.615523,3617.340189,3642.378831,1,NaN,0,5.99999999999996,2,3,65,0.5
125,3644.503495,3643.580163,3643.938829,3644.450162,3648.234158,1,2.99999999999994,0.0299999999999997,7.00000000000003,1,4,66,0.5
126,3649.600824,3648.847491,3649.123491,3649.600824,3655.523484,0,NaN,0,7.00000000000003,1,4,66,0.5
127,3657.250816,3656.497483,3656.73815,3657.250816,3662.94481,0,NaN,0,7.00000000000003,1,4,66,0.5
128,3668.425472,3667.376806,3667.896139,3668.323472,3676.002131,0,NaN,0.00999999999999943,5.99999999999996,0,3,65,0.5
129,3678.273462,3677.506129,3677.846795,3678.273462,3810.161996,0,NaN,0,7.00000000000003,1,4,66,0.5
130,3859.393947,3858.725948,3858.760615,3859.393947,3864.257942,0,NaN,0,7.00000000000003,1,4,66,0.5
131,3865.987941,3865.208608,3865.429275,3865.934607,3872.919934,1,2.99999999999994,0.0299999999999997,7.00000000000003,1,4,66,0.5
132,3873.991933,3873.3726,3873.5426,3873.991933,3887.211253,0,NaN,0,7.00000000000003,1,4,66,0.5
133,3890.581249,3888.433252,3888.991918,3890.527916,3895.593244,1,2.99999999999994,0.0299999999999997,7.00000000000003,1,4,66,0.5
134,3896.901243,3896.19791,3896.29391,3896.901243,3897.145243,0,NaN,0,7.00000000000003,1,4,66,0.5
135,3905.194568,3904.465235,3904.602569,3905.194568,3910.174563,0,NaN,0,7.00000000000003,1,4,66,0.5
136,3912.127895,3911.238562,3911.590562,3912.127895,3912.459894,0,NaN,0,7.00000000000003,1,4,66,0.5
137,3923.017217,3921.938551,3921.966551,3922.963884,3933.039874,0,2.99999999999994,0.0299999999999997,5.99999999999996,2,3,65,0.5
138,3935.088538,3933.838539,3933.904539,3935.085872,3938.080535,1,2.99999999999994,0.0299999999999997,7.00000000000003,1,4,66,0.5
139,3940.1892,3939.564534,3939.645867,3940.1832,3943.377197,0,2.99999999999994,0.0299999999999997,5.99999999999996,2,3,65,0.5
140,3945.013195,3944.316529,3944.454529,3945.013195,3950.956522,0,NaN,0,7.00000000000003,1,4,66,0.5
141,3952.499187,3952.029855,3952.040521,3952.499187,3958.261848,0,NaN,0,7.00000000000003,1,4,66,0.5
142,3960.896512,3959.413847,3959.766514,3960.843179,3963.845176,1,2.99999999999994,0.0299999999999997,7.00000000000003,1,4,66,0.5
143,3965.719174,3964.937842,3965.151841,3965.719174,3966.031841,0,NaN,0,7.00000000000003,1,4,66,0.5
144,3974.781832,3973.915833,3974.167166,3974.728499,3977.376496,0,2.99999999999994,0.0299999999999997,5.99999999999996,2,3,65,0.5
145,3978.913161,3978.187828,3978.274495,3978.859828,3982.264491,1,2.99999999999994,0.0299999999999997,7.00000000000003,1,4,66,0.5
146,3983.836489,3983.03849,3983.19249,3983.836489,4003.897136,0,NaN,0,7.00000000000003,1,4,66,0.5
147,4005.468468,4004.688469,4004.944468,4005.415135,4008.163132,0,2.99999999999994,0.0299999999999997,5.99999999999996,2,3,65,0.5
148,4009.46913,4008.868464,4008.953131,4009.416464,4012.372461,0,2.99999999999994,0.0299999999999997,5.99999999999996,2,3,65,0.5
149,4013.623793,4013.03846,4013.135793,4013.623793,4020.331786,0,NaN,0,7.00000000000003,1,4,66,0.5
150,4022.487117,4020.751786,4021.570452,4022.434451,4025.517781,0,2.99999999999994,0.0299999999999997,5.99999999999996,2,3,65,0.5
151,4032.292441,4031.538442,4031.754442,4032.239108,4034.612439,0,2.99999999999994,0.0299999999999997,5.99999999999996,2,3,65,0.5
152,4035.839104,4035.346438,4035.449771,4035.839104,4103.481036,0,NaN,0,7.00000000000003,1,4,66,0.5
153,4106.1497,4105.494368,4105.553701,4106.1497,4114.079026,0,NaN,0,7.00000000000003,1,4,66,0.5
154,4115.937024,4115.111025,4115.355025,4115.883691,4118.461021,1,2.99999999999994,0.0299999999999997,7.00000000000003,1,4,66,0.5
155,4121.403685,4120.43102,4120.689019,4121.403685,4133.561006,0,NaN,0,7.00000000000003,1,4,66,0.5
156,4135.052338,4134.181006,4134.549672,4135.052338,4139.489667,0,NaN,0,7.00000000000003,1,4,66,0.5
157,4142.452998,4141.726332,4142.010998,4142.399664,4145.448995,0,2.99999999999994,0.0299999999999997,5.99999999999996,2,3,65,0.5
158,4147.319659,4146.340994,4146.84566,4147.266326,4151.333655,0,2.99999999999994,0.0299999999999997,5.99999999999996,2,3,65,0.5
159,4153.047654,4152.323654,4152.530987,4153.047654,4157.640316,0,NaN,0,7.00000000000003,1,4,66,0.5
160,4160.083647,4158.951648,4159.565647,4160.030313,4162.960977,0,2.99999999999994,0.0299999999999997,5.99999999999996,2,3,65,0.5
161,4164.927642,4164.319642,4164.488309,4164.927642,4172.102301,0,NaN,0,7.00000000000003,1,4,66,0.5
162,4174.710299,4173.879633,4174.247632,4174.710299,4176.256297,0,NaN,0,7.00000000000003,1,4,66,0.5
163,4182.366291,4181.540958,4181.778958,4182.366291,4213.186927,0,NaN,0,7.00000000000003,1,4,66,0.5
164,4214.216926,4213.58626,4213.73626,4214.216926,4230.484243,0,NaN,0,7.00000000000003,1,4,66,0.5
165,4233.115574,4232.096241,4232.604241,4233.06224,4239.206901,0,2.99999999999994,0.0299999999999997,5.99999999999996,2,3,65,0.5
166,4240.988232,4240.441566,4240.490899,4240.988232,4247.205559,0,NaN,0,7.00000000000003,1,4,66,0.5
167,4249.047558,4248.167558,4248.585558,4249.047558,4269.519537,0,NaN,0,7.00000000000003,1,4,66,0.5
168,4275.062865,4274.219532,4274.402866,4275.009532,4421.527385,1,2.99999999999994,0.0299999999999997,7.00000000000003,1,4,66,0.5
169,4428.578711,4427.550712,4427.661379,4428.525378,4434.640039,0,2.99999999999994,0.0299999999999997,5.99999999999996,2,3,65,0.5
170,4436.530037,4435.324705,4435.383371,4436.476703,4444.632029,1,2.99999999999994,0.0299999999999997,7.00000000000003,1,4,66,0.5
171,4446.914026,4446.17936,4446.26936,4446.860693,4449.877357,0,2.99999999999994,0.0299999999999997,5.99999999999996,2,3,65,0.5
172,4451.705355,4450.862022,4451.229355,4451.652022,4454.080686,0,2.99999999999994,0.0299999999999997,5.99999999999996,2,3,65,0.5
173,4455.822684,4455.005352,4455.199351,4455.822684,4460.871346,0,NaN,0,7.00000000000003,1,4,66,0.5
174,4462.542677,4461.773345,4461.986678,4462.542677,4467.10534,0,NaN,0,7.00000000000003,1,4,66,0.5
175,4468.880671,4468.184672,4468.430005,4468.880671,4473.853333,0,NaN,0,7.00000000000003,1,4,66,0.5
176,4475.666664,4474.711999,4475.037998,4475.613331,4478.227328,1,2.99999999999994,0.0299999999999997,7.00000000000003,1,4,66,0.5
177,4480.521993,4479.81266,4480.033993,4480.521993,4533.240607,0,NaN,0,7.00000000000003,1,4,66,0.5
178,4535.680604,4534.964605,4535.178605,4535.627271,4538.500601,0,2.99999999999994,0.0299999999999997,5.99999999999996,2,3,65,0.5
179,4540.007933,4539.153267,4539.352601,4539.9546,4547.621259,1,2.99999999999994,0.0299999999999997,7.00000000000003,1,4,66,0.5
180,4549.511924,4548.684591,4548.915924,4549.511924,4555.111918,0,NaN,0,7.00000000000003,1,4,66,0.5
181,4557.03325,4555.925251,4556.381917,4556.979916,4560.333913,0,2.99999999999994,0.0299999999999997,5.99999999999996,2,3,65,0.5
182,4562.133911,4560.853246,4561.267245,4562.080578,4564.527909,1,2.99999999999994,0.0299999999999997,7.00000000000003,1,4,66,0.5
183,4568.453905,4567.641239,4567.941239,4568.453905,4575.269231,0,NaN,0,7.00000000000003,1,4,66,0.5
184,4576.776563,4575.957231,4576.15923,4576.72323,4579.345894,0,2.99999999999994,0.0299999999999997,5.99999999999996,2,3,65,0.5
185,4580.879226,4580.18456,4580.317893,4580.879226,4622.060518,0,NaN,0,7.00000000000003,1,4,66,0.5
186,4623.22385,4622.525851,4622.723851,4623.22385,4740.657066,0,NaN,0,7.00000000000003,1,4,66,0.5
187,4755.359718,4754.513052,4754.698385,4755.359718,4771.971701,0,NaN,0,7.00000000000003,1,4,66,0.5
188,4788.217018,4787.414353,4787.588352,4788.163685,4792.357681,1,2.99999999999994,0.0299999999999997,7.00000000000003,1,4,66,0.5
189,4793.581013,4792.90368,4793.00368,4793.52768,4799.009674,0,2.99999999999994,0.0299999999999997,5.99999999999996,2,3,65,0.5
190,4801.027672,4800.075673,4800.153006,4801.027672,4806.651667,0,NaN,0,7.00000000000003,1,4,66,0.5
191,4808.432998,4807.488332,4807.797665,4808.379665,4811.516995,1,2.99999999999994,0.0299999999999997,7.00000000000003,1,4,66,0.5
192,4815.705658,4814.172326,4814.957658,4815.652324,4818.102989,0,2.99999999999994,0.0299999999999997,5.99999999999996,2,3,65,0.5
193,4819.754987,4819.008321,4819.302321,4819.754987,4826.063647,0,NaN,0,7.00000000000003,1,4,66,0.5
194,4827.698979,4826.55898,4827.125646,4827.645646,4831.352309,1,2.99999999999994,0.0299999999999997,7.00000000000003,1,4,66,0.5
195,4833.266307,4832.002308,4832.668307,4833.266307,4836.481637,0,NaN,0,7.00000000000003,1,4,66,0.5
196,4840.536966,4839.028968,4839.7563,4840.483633,4843.18963,0,2.99999999999994,0.0299999999999997,5.99999999999996,2,3,65,0.5
197,4845.098962,4844.088296,4844.430962,4845.046295,4847.814292,1,2.99999999999994,0.0299999999999997,7.00000000000003,1,4,66,0.5
198,4849.298957,4848.527625,4848.788958,4849.298957,4851.676955,0,NaN,0,7.00000000000003,1,4,66,0.5
199,4855.304285,4854.661619,4854.696952,4855.304285,4859.355614,0,NaN,0,7.00000000000003,1,4,66,0.5
200,4881.772258,4881.006926,4881.148925,4881.718925,4886.449587,1,2.99999999999994,0.0299999999999997,7.00000000000003,1,4,66,0.5
201,4888.011585,4887.087586,4887.465586,4888.011585,4893.010914,0,NaN,0,7.00000000000003,1,4,66,0.5
202,4894.544245,4893.61758,4893.935579,4894.490912,4896.845576,1,2.99999999999994,0.0299999999999997,7.00000000000003,1,4,66,0.5
203,4899.250241,4898.050242,4898.634908,4899.250241,4905.127568,0,NaN,0,7.00000000000003,1,4,66,0.5
204,4906.834233,4905.676234,4906.090901,4906.834233,4909.114897,0,NaN,0,7.00000000000003,1,4,66,0.5
205,4913.911559,4912.818227,4913.326893,4913.911559,4928.374212,0,NaN,0,7.00000000000003,1,4,66,0.5
206,4938.502868,4937.878202,4937.991535,4938.461535,4940.984866,1,2.99999999999994,0.0299999999999997,7.00000000000003,1,4,66,0.5
207,4943.008864,4942.270198,4942.470864,4943.008864,4943.332197,0,NaN,0,7.00000000000003,1,4,66,0.5
208,4950.419523,4949.655524,4949.78019,4950.36619,4953.668186,0,2.99999999999994,0.0299999999999997,5.99999999999996,2,3,65,0.5
209,4955.044852,4954.398852,4954.550185,4955.044852,4961.733512,0,NaN,0,7.00000000000003,1,4,66,0.5
210,4963.39751,4962.403511,4962.82351,4963.39751,4973.658166,0,NaN,0,7.00000000000003,1,4,66,0.5
211,4974.862165,4974.150166,4974.239499,4974.808832,4978.215495,1,2.99999999999994,0.0299999999999997,7.00000000000003,1,4,66,0.5
212,4981.272159,4980.376826,4980.516826,4981.170159,4986.562153,0,NaN,0.00999999999999943,5.99999999999996,0,3,65,0.5
213,4989.256817,4987.504152,4988.498151,4989.256817,4995.534144,0,NaN,0,7.00000000000003,1,4,66,0.5
214,5004.919468,5004.136136,5004.299469,5004.818135,5017.262789,1,NaN,0.00999999999999943,7.00000000000003,0,4,66,0.5
215,5019.086788,5018.255455,5018.620788,5019.033454,5024.632782,1,2.99999999999994,0.0299999999999997,7.00000000000003,1,4,66,0.5
216,5035.099438,5034.368106,5034.604105,5035.046105,5037.792769,0,2.99999999999994,0.0299999999999997,5.99999999999996,2,3,65,0.5
217,5039.782767,5038.677435,5039.241434,5039.680767,5045.899427,0,NaN,0.00999999999999943,5.99999999999996,0,3,65,0.5
218,5047.77676,5046.46476,5046.76076,5047.723426,5050.269423,1,2.99999999999994,0.0299999999999997,7.00000000000003,1,4,66,0.5
219,5054.247419,5053.052754,5053.38142,5054.247419,5068.849404,0,NaN,0,7.00000000000003,1,4,66,0.5
220,5071.324735,5069.485404,5069.728737,5071.271402,5074.565399,1,2.99999999999994,0.0299999999999997,7.00000000000003,1,4,66,0.5
221,5077.855395,5076.92673,5077.232729,5077.802062,5080.789392,1,2.99999999999994,0.0299999999999997,7.00000000000003,1,4,66,0.5
222,5083.54139,5082.691391,5082.98939,5083.54139,5088.994051,0,NaN,0,7.00000000000003,1,4,66,0.5
223,5091.786715,5090.27005,5091.316715,5091.733382,5094.274046,0,2.99999999999994,0.0299999999999997,5.99999999999996,2,3,65,0.5
224,5095.790044,5094.978712,5095.287378,5095.790044,5101.606038,0,NaN,0,7.00000000000003,1,4,66,0.5
225,5103.224037,5102.138038,5102.640704,5103.170703,5105.638702,1,2.99999999999994,0.0299999999999997,7.00000000000003,1,4,66,0.5
226,5108.308698,5107.500699,5107.510032,5108.308698,5118.148688,0,NaN,0,7.00000000000003,1,4,66,0.5
227,5119.74002,5118.948021,5119.202021,5119.686687,5122.213351,1,2.99999999999994,0.0299999999999997,7.00000000000003,1,4,66,0.5
228,5141.291999,5140.559999,5140.744666,5141.238666,5151.063322,0,2.99999999999994,0.0299999999999997,5.99999999999996,2,3,65,0.5
229,5152.433321,5151.641988,5151.856655,5152.379988,5165.752641,1,2.99999999999994,0.0299999999999997,7.00000000000003,1,4,66,0.5
230,5167.357306,5166.467307,5166.87864,5167.303973,5170.223303,0,2.99999999999994,0.0299999999999997,5.99999999999996,2,3,65,0.5
231,5171.589302,5170.777969,5170.951969,5171.535968,5174.774632,1,2.99999999999994,0.0299999999999997,7.00000000000003,1,4,66,0.5
232,5176.765297,5175.699965,5176.111297,5176.711963,5180.601959,0,2.99999999999994,0.0299999999999997,5.99999999999996,2,3,65,0.5
233,5181.906625,5181.120626,5181.289959,5181.853291,5185.484621,1,2.99999999999994,0.0299999999999997,7.00000000000003,1,4,66,0.5
234,5187.315953,5186.46062,5186.677953,5187.262619,5190.648616,0,2.99999999999994,0.0299999999999997,5.99999999999996,2,3,65,0.5
235,5192.618614,5191.833281,5192.106615,5192.516614,5197.793942,0,NaN,0.00999999999999943,5.99999999999996,0,3,65,0.5
236,5199.280607,5198.349942,5198.665275,5199.227274,5202.040605,1,2.99999999999994,0.0299999999999997,7.00000000000003,1,4,66,0.5
237,5220.418586,5219.497254,5219.78592,5220.418586,5321.014486,0,NaN,0,7.00000000000003,1,4,66,0.5
238,5326.89448,5326.058481,5326.149814,5326.841146,5329.245144,0,2.99999999999994,0.0299999999999997,5.99999999999996,2,3,65,0.5
239,5330.833809,5329.992477,5330.084477,5330.780476,5332.802474,1,2.99999999999994,0.0299999999999997,7.00000000000003,1,4,66,0.5
240,5341.765132,5340.854466,5341.053132,5341.765132,5357.011116,0,NaN,0,7.00000000000003,0,4,66,0.5
241,5358.805781,5358.002449,5358.120449,5358.805781,5364.703775,0,NaN,0,7.00000000000003,0,4,66,0.5
242,5367.173106,5366.393774,5366.491774,5367.173106,5383.416423,0,NaN,0,7.00000000000003,0,4,66,0.5
243,5392.520414,5391.755748,5391.995081,5392.467081,5396.48841,1,2.99999999999994,0.0299999999999997,7.00000000000003,1,4,66,0.5
244,5398.259742,5397.101743,5397.621076,5398.206408,5400.830406,0,2.99999999999994,0.0299999999999997,5.99999999999996,2,3,65,0.5
245,5402.692404,5401.809071,5402.034405,5402.590404,5412.435061,1,NaN,0.00999999999999943,7.00000000000003,0,4,66,0.5
246,5414.107726,5413.127727,5413.428393,5414.107726,5418.788388,0,NaN,0,7.00000000000003,1,4,66,0.5
247,5431.311709,5430.744376,5430.871709,5431.258375,5433.57704,1,2.99999999999994,0.0299999999999997,7.00000000000003,1,4,66,0.5
248,5435.919704,5435.211705,5435.512371,5435.919704,5454.655686,0,NaN,0,7.00000000000003,1,4,66,0.5
249,5472.178334,5471.173669,5471.568335,5472.125001,5475.702998,0,2.99999999999994,0.0299999999999997,5.99999999999996,2,3,65,0.5
250,5477.187663,5476.54833,5476.679663,5477.187663,5483.59099,0,NaN,0,7.00000000000003,1,4,66,0.5
251,5485.672321,5484.91899,5485.146988,5485.618992,5496.120311,1,2.99999999999994,0.0299999999999997,7.00000000000003,1,4,66,0.5
252,5652.675487,5651.831488,5651.934821,5652.622154,5666.23214,1,2.99999999999994,0.0299999999999997,7.00000000000003,1,4,66,0.5
253,5668.818805,5667.502806,5667.734139,5668.765471,5671.134135,0,2.99999999999994,0.0299999999999997,5.99999999999996,2,3,65,0.5
254,5675.910797,5675.216131,5675.396131,5675.857464,5678.777461,0,2.99999999999994,0.0299999999999997,5.99999999999996,2,3,65,0.5
255,5680.514126,5679.626127,5679.988793,5680.412126,5691.868781,0,NaN,0.00999999999999943,5.99999999999996,0,3,65,0.5
256,5694.527445,5692.82878,5693.34878,5694.474112,5699.91544,0,2.99999999999994,0.0299999999999997,5.99999999999996,2,3,65,0.5
257,5701.228105,5700.392773,5700.660106,5701.174772,5702.98677,1,2.99999999999994,0.0299999999999997,7.00000000000003,1,4,66,0.5
258,5704.548769,5703.798103,5704.012769,5704.548769,5711.190095,0,NaN,0,7.00000000000003,1,4,66,0.5
259,5814.685325,5813.879326,5813.949326,5814.685325,5874.497265,1,NaN,0,5.99999999999996,2,3,65,0.5
260,5880.335926,5879.309927,5879.758594,5880.282593,5901.809238,0,2.99999999999994,0.0299999999999997,5.99999999999996,2,3,65,0.5
261,5903.985236,5903.405237,5903.43257,5903.985236,5995.229145,1,NaN,0,5.99999999999996,2,3,65,0.5
262,6004.016469,6003.135803,6003.467803,6003.963136,6006.7318,0,2.99999999999994,0.0299999999999997,5.99999999999996,2,3,65,0.5
263,6008.089132,6007.419799,6007.546466,6008.089132,6015.155125,1,NaN,0,5.99999999999996,2,3,65,0.5
264,6016.265124,6015.640458,6015.665124,6016.234459,6018.825121,0,2.99999999999994,0.0299999999999997,5.99999999999996,2,3,65,0.5
265,6020.345786,6019.51112,6019.746454,6020.292453,6023.68845,0,2.99999999999994,0.0299999999999997,5.99999999999996,2,3,65,0.5
266,6025.522448,6024.703782,6025.032448,6025.522448,6030.40311,0,NaN,0,7.00000000000003,1,4,66,0.5
267,6032.253774,6031.260442,6031.728442,6032.200441,6034.811105,0,2.99999999999994,0.0299999999999997,5.99999999999996,2,3,65,0.5
268,6036.70377,6035.715771,6036.22177,6036.650437,6039.212434,0,2.99999999999994,0.0299999999999997,5.99999999999996,2,3,65,0.5
269,6040.791766,6039.906433,6040.1231,6040.738433,6043.24043,1,2.99999999999994,0.0299999999999997,7.00000000000003,1,4,66,0.5
270,6045.113762,6044.207096,6044.491095,6045.113762,6051.347089,0,NaN,0,7.00000000000003,1,4,66,0.5
271,6052.937087,6051.845088,6052.408421,6052.883754,6055.535751,0,2.99999999999994,0.0299999999999997,5.99999999999996,2,3,65,0.5
272,6057.156416,6056.206417,6056.53975,6057.103083,6059.94308,1,2.99999999999994,0.0299999999999997,7.00000000000003,1,4,66,0.5
273,6061.537745,6060.545746,6060.904412,6061.537745,6068.345738,0,NaN,0,7.00000000000003,1,4,66,0.5
274,6070.171736,6068.898404,6069.429071,6070.118403,6073.0144,0,2.99999999999994,0.0299999999999997,5.99999999999996,2,3,65,0.5
275,6075.075732,6074.010399,6074.512399,6074.973732,6079.85106,0,NaN,0.00999999999999943,5.99999999999996,0,3,65,0.5
276,6085.428388,6084.621722,6084.906388,6085.375055,6088.346385,1,2.99999999999994,0.0299999999999997,7.00000000000003,1,4,66,0.5
277,6090.084383,6088.897051,6089.377051,6090.03105,6092.707047,0,2.99999999999994,0.0299999999999997,5.99999999999996,2,3,65,0.5
278,6094.361046,6093.437047,6093.862379,6094.307712,6097.09771,0,2.99999999999994,0.0299999999999997,5.99999999999996,2,3,65,0.5
279,6098.491708,6097.835709,6098.094375,6098.491708,6136.195671,0,NaN,0,7.00000000000003,1,4,66,0.5
280,6140.615666,6138.408335,6138.712335,6140.562333,6142.512997,1,2.99999999999994,0.0299999999999997,7.00000000000003,1,4,66,0.5
281,6148.367658,6147.682326,6147.881659,6148.367658,6347.624126,0,NaN,0,7.00000000000003,1,4,66,0.5
282,6349.480124,6348.588791,6348.834124,6349.480124,6352.91412,0,NaN,0,7.00000000000003,1,4,66,0.5
283,6370.22277,6369.030771,6369.549437,6370.169436,6372.724767,0,2.99999999999994,0.0299999999999997,5.99999999999996,2,3,65,0.5
284,6375.147431,6374.370766,6374.540766,6375.094098,6377.414763,1,2.99999999999994,0.0299999999999997,7.00000000000003,1,4,66,0.5
285,6379.400094,6378.512761,6378.821428,6379.400094,6385.481421,0,NaN,0,7.00000000000003,1,4,66,0.5
286,6386.978753,6385.967421,6386.46342,6386.876753,6389.182084,0,NaN,0.00999999999999943,5.99999999999996,0,3,65,0.5
287,6394.740079,6393.866746,6394.118079,6394.740079,6854.003619,0,NaN,0,7.00000000000003,1,4,66,0.5
288,6856.75495,6855.776284,6855.912951,6856.701617,6867.551606,1,2.99999999999994,0.0299999999999997,7.00000000000003,1,4,66,0.5
289,6869.323604,6868.410938,6868.607605,6869.270271,6871.799601,1,2.99999999999994,0.0299999999999997,7.00000000000003,1,4,66,0.5
290,6873.782266,6872.749601,6873.0656,6873.782266,6873.992266,0,NaN,0,7.00000000000003,1,4,66,0.5
291,6882.110258,6881.186925,6881.228259,6882.057591,6885.136921,1,2.99999999999994,0.0299999999999997,7.00000000000003,1,4,66,0.5
292,6886.59092,6885.692921,6885.983587,6886.59092,6893.70758,0,NaN,0,7.00000000000003,1,4,66,0.5
293,6895.766244,6894.940912,6895.200911,6895.766244,6902.565571,0,NaN,0,7.00000000000003,1,4,66,0.5
294,6905.524234,6904.420236,6904.886902,6905.471568,6922.90555,1,2.99999999999994,0.0299999999999997,7.00000000000003,1,4,66,0.5
295,6924.210882,6923.52555,6923.640883,6924.157549,6929.579544,1,2.99999999999994,0.0299999999999997,7.00000000000003,1,4,66,0.5
296,6960.625513,6959.89818,6959.990847,6960.572179,6963.72951,1,2.99999999999994,0.0299999999999997,7.00000000000003,1,4,66,0.5
297,6965.962841,6964.828842,6964.982175,6965.962841,6989.110151,0,NaN,0,7.00000000000003,1,4,66,0.5
298,6990.350816,6989.72615,6989.78815,6990.330816,6994.884145,1,2.99999999999994,0.0299999999999997,7.00000000000003,1,4,66,0.5
299,6997.466809,6995.735478,6995.923477,6997.364809,7004.044136,0,NaN,0.00999999999999943,5.99999999999996,0,3,65,0.5
300,7006.177467,7005.108135,7005.492801,7006.177467,7009.962797,0,NaN,0,7.00000000000003,1,4,66,0.5
301,7031.627442,7031.074109,7031.162109,7031.574108,7033.786773,1,2.99999999999994,0.0299999999999997,7.00000000000003,1,4,66,0.5
302,7035.274771,7034.622772,7034.793439,7035.274771,7035.481438,0,NaN,0,7.00000000000003,1,4,66,0.5
303,7053.38142,7052.060755,7052.301421,7053.328087,7055.648751,1,2.99999999999994,0.0299999999999997,7.00000000000003,1,4,66,0.5
304,7059.80408,7058.818748,7058.953414,7059.750747,7063.36541,0,2.99999999999994,0.0299999999999997,5.99999999999996,2,3,65,0.5
305,7064.954075,7064.329409,7064.424076,7064.913408,7067.728072,1,2.99999999999994,0.0299999999999997,7.00000000000003,1,4,66,0.5
306,7069.627404,7068.732738,7068.916738,7069.627404,7085.095388,0,NaN,0,7.00000000000003,1,4,66,0.5
307,7086.372054,7085.610055,7085.820054,7086.31872,7089.658717,1,2.99999999999994,0.0299999999999997,7.00000000000003,1,4,66,0.5
308,7091.418715,7090.587383,7090.844716,7091.418715,7114.595359,0,NaN,0,7.00000000000003,1,4,66,0.5
309,7115.824024,7115.199358,7115.366691,7115.800024,7118.297355,1,2.99999999999994,0.0299999999999997,7.00000000000003,1,4,66,0.5
310,7120.332686,7119.404021,7119.74402,7120.332686,7126.960013,0,NaN,0,7.00000000000003,1,4,66,0.5
311,7129.350677,7128.281345,7128.864678,7129.297344,7132.048008,0,2.99999999999994,0.0299999999999997,5.99999999999996,2,3,65,0.5
312,7134.447339,7133.438673,7133.922673,7134.394006,7136.910003,0,2.99999999999994,0.0299999999999997,5.99999999999996,2,3,65,0.5
313,7138.372002,7137.549336,7137.939335,7138.372002,7144.092663,0,NaN,0,7.00000000000003,1,4,66,0.5
314,7146.69066,7144.640662,7145.582,7146.637327,7149.133991,0,2.99999999999994,0.0299999999999997,5.99999999999996,2,3,65,0.5
315,7150.675323,7149.803323,7150.240656,7150.621989,7153.221987,0,2.99999999999994,0.0299999999999997,5.99999999999996,2,3,65,0.5
316,7154.502652,7153.841319,7154.103319,7154.502652,7160.040647,0,NaN,0,7.00000000000003,1,4,66,0.5
317,7161.520645,7160.477313,7160.911312,7161.467312,7163.927976,1,2.99999999999994,0.0299999999999997,7.00000000000003,1,4,66,0.5
318,7165.543974,7164.549309,7164.884642,7165.543974,7170.438636,0,NaN,0,7.00000000000003,1,4,66,0.5
319,7172.700634,7171.391969,7172.003968,7172.647967,7175.487964,0,2.99999999999994,0.0299999999999997,5.99999999999996,2,3,65,0.5
320,7176.877963,7176.141297,7176.477963,7176.877963,7182.131291,0,NaN,0,7.00000000000003,1,4,66,0.5
321,7184.205289,7182.88129,7183.766623,7184.205289,7186.68262,0,NaN,0,7.00000000000003,1,4,66,0.5
322,7191.290615,7190.353283,7190.727283,7191.290615,7207.059933,0,NaN,0,7.00000000000003,1,4,66,0.5
323,7209.98393,7209.157264,7209.374597,7209.930597,7213.552593,1,2.99999999999994,0.0299999999999997,7.00000000000003,1,4,66,0.5
324,7215.261925,7214.042593,7214.557259,7215.208592,7218.843921,0,2.99999999999994,0.0299999999999997,5.99999999999996,2,3,65,0.5
325,7220.18792,7219.370587,7219.741254,7220.18792,7226.137914,0,NaN,0,7.00000000000003,1,4,66,0.5
326,7227.858579,7226.93658,7227.253246,7227.858579,7234.478572,0,NaN,0,7.00000000000003,1,4,66,0.5
327,7239.7479,7238.999234,7239.228567,7239.694567,7241.800565,1,2.99999999999994,0.0299999999999997,7.00000000000003,1,4,66,0.5
328,7243.378563,7242.537231,7242.84123,7243.378563,7246.619227,0,NaN,0,7.00000000000003,1,4,66,0.5
329,7260.911212,7259.687214,7260.290546,7260.857879,7264.191209,0,2.99999999999994,0.0299999999999997,5.99999999999996,2,3,65,0.5
330,7265.794541,7264.881208,7265.334541,7265.741208,7268.231205,0,2.99999999999994,0.0299999999999997,5.99999999999996,2,3,65,0.5
331,7269.761204,7268.859204,7269.053871,7269.70787,7271.838535,1,2.99999999999994,0.0299999999999997,7.00000000000003,1,4,66,0.5
332,7274.136532,7273.0212,7273.397867,7274.083199,7276.421197,0,2.99999999999994,0.0299999999999997,5.99999999999996,2,3,65,0.5
333,7278.073862,7277.149863,7277.455196,7278.020529,7280.879192,1,2.99999999999994,0.0299999999999997,7.00000000000003,1,4,66,0.5
334,7282.659191,7281.739858,7281.991191,7282.659191,7287.767186,0,NaN,0,7.00000000000003,0,4,66,0.5
335,7289.79985,7288.972518,7289.389184,7289.79985,7295.937844,0,NaN,0,7.00000000000003,1,4,66,0.5
336,7307.210499,7306.3585,7306.735833,7307.210499,7313.653826,0,NaN,0,7.00000000000003,1,4,66,0.5
337,7315.131158,7314.234492,7314.619825,7315.131158,7338.653135,0,NaN,0,7.00000000000003,1,4,66,0.5
338,7340.0438,7339.181801,7339.431134,7339.990467,7342.305131,1,2.99999999999994,0.0299999999999997,7.00000000000003,1,4,66,0.5
339,7343.954463,7343.123797,7343.443797,7343.954463,7350.697789,0,NaN,0,7.00000000000003,1,4,66,0.5
340,7353.015787,7352.197121,7352.385788,7352.962454,7355.939784,1,2.99999999999994,0.0299999999999997,7.00000000000003,1,4,66,0.5
341,7358.331115,7357.451782,7357.807115,7358.331115,7397.466409,0,NaN,0,7.00000000000003,1,4,66,0.5
342,7399.635074,7398.718408,7398.921741,7399.635074,7400.034407,0,NaN,0,7.00000000000003,1,4,66,0.5
343,7406.359067,7405.443735,7405.533068,7406.305734,7408.795065,1,2.99999999999994,0.0299999999999997,7.00000000000003,1,4,66,0.5
344,7411.960395,7411.140395,7411.433062,7411.960395,7418.813055,0,NaN,0,7.00000000000003,1,4,66,0.5
345,7498.412308,7496.26431,7496.48831,7498.412308,7507.575633,0,NaN,0,7.00000000000003,1,4,66,0.5
346,7509.241631,7508.457631,7508.729631,7509.188297,7702.708771,1,2.99999999999994,0.0299999999999997,7.00000000000003,1,4,66,0.5
347,7706.577433,7705.894767,7705.940101,7706.5241,7710.860096,0,2.99999999999994,0.0299999999999997,5.99999999999996,2,3,65,0.5
348,7712.840094,7712.039428,7712.225428,7712.786761,7717.659422,1,2.99999999999994,0.0299999999999997,7.00000000000003,1,4,66,0.5
349,7719.592754,7718.306088,7718.836088,7719.53942,7722.681417,0,2.99999999999994,0.0299999999999997,5.99999999999996,2,3,65,0.5
350,7724.356082,7723.69275,7723.892083,7724.356082,7732.556074,0,NaN,0,7.00000000000003,1,4,66,0.5
351,7734.244739,7733.190073,7733.55874,7734.244739,7740.840066,0,NaN,0,7.00000000000003,1,4,66,0.5
352,7744.177396,7743.08873,7743.57873,7744.075396,7749.220057,0,NaN,0.00999999999999943,5.99999999999996,0,3,65,0.5
353,7752.635387,7751.651388,7752.084721,7752.582054,7755.750051,1,2.99999999999994,0.0299999999999997,7.00000000000003,1,4,66,0.5
354,7758.031382,7756.604717,7757.354716,7758.031382,7769.86537,0,NaN,0,7.00000000000003,1,4,66,0.5
355,7773.6507,7772.971367,7773.142033,7773.6507,7807.465999,0,NaN,0,7.00000000000003,1,4,66,0.5
356,7809.425997,7808.251998,7808.775998,7809.372665,7812.417994,0,2.99999999999994,0.0299999999999997,5.99999999999996,2,3,65,0.5
357,7813.965326,7813.147327,7813.39066,7813.911993,7817.273323,1,2.99999999999994,0.0299999999999997,7.00000000000003,1,4,66,0.5
358,7819.401321,7818.153988,7818.699988,7819.347987,7821.720652,0,2.99999999999994,0.0299999999999997,5.99999999999996,2,3,65,0.5
359,7823.35665,7822.453984,7822.740651,7823.303317,7825.427981,1,2.99999999999994,0.0299999999999997,7.00000000000003,1,4,66,0.5
360,7827.467312,7826.291314,7826.719313,7827.413979,7830.393976,0,2.99999999999994,0.0299999999999997,5.99999999999996,2,3,65,0.5
361,7832.213308,7831.195975,7831.756642,7832.159974,7834.661305,0,2.99999999999994,0.0299999999999997,5.99999999999996,2,3,65,0.5
362,7836.38597,7835.819304,7835.899304,7836.38597,7843.235297,0,NaN,0,7.00000000000003,1,4,66,0.5
363,7845.099962,7843.76463,7844.317962,7845.046628,7847.759959,0,2.99999999999994,0.0299999999999997,5.99999999999996,2,3,65,0.5
364,7849.350624,7848.369292,7848.792624,7849.248624,7900.316573,0,NaN,0.00999999999999943,5.99999999999996,0,3,65,0.5
365,7905.541901,7904.669902,7904.849902,7905.541901,7911.725228,0,NaN,0,7.00000000000003,1,4,66,0.5
366,7913.938559,7912.867894,7913.207893,7913.938559,7916.429224,0,NaN,0,7.00000000000003,1,4,66,0.5
367,7952.87252,7951.732522,7952.187188,7952.819187,7955.178518,0,2.99999999999994,0.0299999999999997,5.99999999999996,2,3,65,0.5
368,7956.68385,7955.818517,7956.050517,7956.630517,7960.225846,1,2.99999999999994,0.0299999999999997,7.00000000000003,1,4,66,0.5
369,7961.849178,7960.787179,7961.147845,7961.849178,7969.86917,0,NaN,0,7.00000000000003,1,4,66,0.5
370,7971.184502,7970.294503,7970.629169,7971.184502,7975.840497,0,NaN,0,7.00000000000003,1,4,66,0.5
371,8322.648817,8320.940152,8321.162152,8322.648817,8326.794813,0,NaN,0,7.00000000000003,1,4,66,0.5
372,8332.264808,8330.960142,8331.348142,8332.211474,8335.764138,1,2.99999999999994,0.0299999999999997,7.00000000000003,1,4,66,0.5
373,8337.868802,8336.67347,8337.034803,8337.868802,8344.181462,0,NaN,0,7.00000000000003,1,4,66,0.5
374,8346.450794,8345.013462,8345.532128,8346.39746,8349.294791,0,2.99999999999994,0.0299999999999997,5.99999999999996,2,3,65,0.5
375,8351.647455,8350.525456,8351.054122,8351.594788,8354.327452,0,2.99999999999994,0.0299999999999997,5.99999999999996,2,3,65,0.5
376,8356.184117,8355.130785,8355.398118,8356.130784,8359.950113,1,2.99999999999994,0.0299999999999997,7.00000000000003,1,4,66,0.5
377,8361.872778,8360.722113,8361.162112,8361.819445,8364.200109,0,2.99999999999994,0.0299999999999997,5.99999999999996,2,3,65,0.5
378,8366.362774,8365.418108,8365.728108,8366.30944,8369.701437,1,2.99999999999994,0.0299999999999997,7.00000000000003,1,4,66,0.5
379,8371.128769,8370.15677,8370.41277,8371.128769,8376.314097,0,NaN,0,7.00000000000003,1,4,66,0.5
380,8390.42675,8389.47475,8389.749417,8390.373416,8393.07608,1,2.99999999999994,0.0299999999999997,7.00000000000003,1,4,66,0.5
381,8396.105411,8394.738745,8395.307411,8396.052077,8399.812073,0,2.99999999999994,0.0299999999999997,5.99999999999996,2,3,65,0.5
382,8401.598072,8400.570739,8400.968739,8401.544738,8403.920736,0,2.99999999999994,0.0299999999999997,5.99999999999996,2,3,65,0.5
383,8405.781401,8404.646735,8404.982068,8405.728068,8408.018065,1,2.99999999999994,0.0299999999999997,7.00000000000003,1,4,66,0.5
384,8410.265396,8409.026731,8409.553397,8410.212063,8412.550727,0,2.99999999999994,0.0299999999999997,5.99999999999996,2,3,65,0.5
385,8414.533392,8413.59206,8414.012059,8414.480059,8417.05139,0,2.99999999999994,0.0299999999999997,5.99999999999996,2,3,65,0.5
386,8418.628055,8417.785389,8418.052722,8418.526055,8421.215385,0,NaN,0.00999999999999943,5.99999999999996,0,3,65,0.5
387,8426.081381,8425.082048,8425.336715,8426.081381,8431.266042,0,NaN,0,7.00000000000003,1,4,66,0.5
388,8434.742039,8433.77004,8434.214706,8434.688705,8437.034036,0,2.99999999999994,0.0299999999999997,5.99999999999996,2,3,65,0.5
389,8438.643368,8437.770702,8438.158702,8438.643368,8441.045366,0,NaN,0,7.00000000000003,1,4,66,0.5
390,8449.268024,8448.336692,8448.603358,8449.268024,8454.264019,0,NaN,0,7.00000000000003,1,4,66,0.5
391,8458.592015,8457.662682,8458.000015,8458.538681,8464.942675,1,2.99999999999994,0.0299999999999997,7.00000000000003,1,4,66,0.5
392,8473.153333,8472.232001,8472.528667,8473.153333,8475.370665,0,NaN,0,7.00000000000003,1,4,66,0.5
393,8647.339826,8646.621827,8646.780493,8647.286493,8650.869156,0,2.99999999999994,0.0299999999999997,5.99999999999996,2,3,65,0.5
394,8652.620487,8651.779822,8651.872488,8652.567154,8655.047818,1,2.99999999999994,0.0299999999999997,7.00000000000003,1,4,66,0.5
395,8658.948481,8657.799815,8658.074482,8658.948481,8663.869809,0,NaN,0,7.00000000000003,1,4,66,0.5
396,8666.408474,8665.539141,8665.627808,8666.408474,8698.943108,1,NaN,0,5.99999999999996,2,3,65,0.5
397,8703.313103,8699.933773,8700.621106,8703.25977,8706.3411,0,2.99999999999994,0.0299999999999997,5.99999999999996,2,3,65,0.5
398,8708.441098,8707.383766,8707.648432,8708.387765,8710.679763,1,2.99999999999994,0.0299999999999997,7.00000000000003,1,4,66,0.5
399,8714.443092,8711.870428,8712.459761,8714.389759,8716.682423,0,2.99999999999994,0.0299999999999997,5.99999999999996,2,3,65,0.5
400,8718.610421,8717.612422,8718.081755,8718.557088,8720.474419,0,2.99999999999994,0.0299999999999997,5.99999999999996,2,3,65,0.5
401,8722.590417,8721.245752,8721.511085,8722.537084,8724.425082,1,2.99999999999994,0.0299999999999997,7.00000000000003,1,4,66,0.5
402,8728.394412,8725.757081,8726.952413,8728.394412,8737.261069,0,NaN,0,7.00000000000003,1,4,66,0.5
403,8743.31773,8742.121731,8742.571064,8743.31773,8743.541063,0,NaN,0,7.00000000000003,1,4,66,0.5
404,8755.309718,8754.461719,8754.567052,8755.207718,8756.53905,1,NaN,0.00999999999999943,7.00000000000003,0,4,66,0.5
405,8770.479703,8769.391704,8769.689037,8770.42637,8773.151033,0,2.99999999999994,0.0299999999999997,5.99999999999996,2,3,65,0.5
406,8775.163698,8774.139699,8774.269032,8775.110365,8781.093692,1,2.99999999999994,0.0299999999999997,7.00000000000003,1,4,66,0.5
407,8784.367689,8781.568358,8782.009025,8784.367689,8790.371683,0,NaN,0,7.00000000000003,1,4,66,0.5
408,8794.087013,8793.205013,8793.452347,8794.033679,8795.875011,1,2.99999999999994,0.0299999999999997,7.00000000000003,1,4,66,0.5
409,8798.385675,8797.033676,8797.623676,8798.332342,8800.762339,0,2.99999999999994,0.0299999999999997,5.99999999999996,2,3,65,0.5
410,8803.03967,8801.862338,8802.273004,8802.986337,8805.063002,1,2.99999999999994,0.0299999999999997,7.00000000000003,1,4,66,0.5
411,8807.174333,8805.833001,8806.275667,8807.120999,8809.418997,0,2.99999999999994,0.0299999999999997,5.99999999999996,2,3,65,0.5
412,8810.998329,8810.059663,8810.508996,8810.944996,8813.28766,0,2.99999999999994,0.0299999999999997,5.99999999999996,2,3,65,0.5
413,8814.922325,8813.916326,8814.224326,8814.868992,8817.221656,1,2.99999999999994,0.0299999999999997,7.00000000000003,1,4,66,0.5
414,8819.239654,8817.908989,8818.356988,8819.186321,8821.409652,0,2.99999999999994,0.0299999999999997,5.99999999999996,2,3,65,0.5
415,8822.944984,8822.242984,8822.447651,8822.944984,8838.893634,0,NaN,0,7.00000000000003,1,4,66,0.5
416,8840.726299,8839.6883,8839.971633,8840.726299,8840.919632,0,NaN,0,7.00000000000003,1,4,66,0.5
417,8846.992293,8846.26896,8846.412294,8846.992293,8851.218289,1,NaN,0,5.99999999999996,2,3,65,0.5
418,8855.383618,8854.758952,8854.805618,8855.364951,8857.229616,1,2.99999999999994,0.0299999999999997,7.00000000000003,1,4,66,0.5
419,8864.940942,8863.774276,8864.222276,8864.887608,8866.913606,0,2.99999999999994,0.0299999999999997,5.99999999999996,2,3,65,0.5
420,8868.537605,8867.607606,8867.872939,8868.484271,8870.44227,1,2.99999999999994,0.0299999999999997,7.00000000000003,1,4,66,0.5
421,8872.338268,8871.151602,8871.639602,8872.284934,8874.509599,0,2.99999999999994,0.0299999999999997,5.99999999999996,2,3,65,0.5
422,8876.047597,8875.212931,8875.588931,8875.994265,8878.150928,0,2.99999999999994,0.0299999999999997,5.99999999999996,2,3,65,0.5
423,8879.717594,8878.732261,8878.976261,8879.66426,8882.044258,1,2.99999999999994,0.0299999999999997,7.00000000000003,1,4,66,0.5
424,8883.568256,8882.632924,8882.942257,8883.568256,8888.623585,0,NaN,0,7.00000000000003,1,4,66,0.5
425,8920.40422,8918.971554,8919.327554,8920.40422,8920.758219,0,NaN,0,7.00000000000003,1,4,66,0.5
426,8927.488879,8926.386214,8926.810213,8927.435546,8929.880877,0,2.99999999999994,0.0299999999999997,5.99999999999996,2,3,65,0.5
427,8931.498208,8930.576209,8930.745543,8931.444875,8933.470206,1,2.99999999999994,0.0299999999999997,7.00000000000003,1,4,66,0.5
428,8937.999535,8936.766203,8937.225536,8937.946202,8941.122199,1,2.99999999999994,0.0299999999999997,7.00000000000003,1,4,66,0.5
429,8943.702863,8941.867531,8942.231531,8943.702863,8950.203523,0,NaN,0,7.00000000000003,1,4,66,0.5
430,8952.370188,8950.948856,8951.504855,8952.370188,9222.283918,0,NaN,0,7.00000000000003,1,4,66,0.5
431,9230.839909,9229.139911,9229.392577,9230.839909,9231.157242,0,NaN,0,7.00000000000003,1,4,66,0.5
432,9245.616561,9244.645896,9244.799228,9245.616561,9247.186559,0,NaN,0,7.00000000000003,1,4,66,0.5
433,9261.212545,9258.907881,9259.073214,9261.159212,9263.383877,1,2.99999999999994,0.0299999999999997,7.00000000000003,1,4,66,0.5
434,9268.565205,9266.87654,9267.331206,9268.511871,9270.840536,0,2.99999999999994,0.0299999999999997,5.99999999999996,2,3,65,0.5
435,9272.649201,9271.723202,9271.838535,9272.595869,9274.892532,1,2.99999999999994,0.0299999999999997,7.00000000000003,1,4,66,0.5
436,9278.667195,9275.907197,9276.417197,9278.613861,9280.815192,0,2.99999999999994,0.0299999999999997,5.99999999999996,2,3,65,0.5
437,9283.444523,9282.210524,9282.473191,9283.39119,9288.065185,1,2.99999999999994,0.0299999999999997,7.00000000000003,1,4,66,0.5
438,9292.486514,9291.093182,9291.405849,9292.486514,9309.408497,0,NaN,0,7.00000000000003,1,4,66,0.5
439,9311.747828,9310.225163,9310.820496,9311.694495,9313.901826,0,2.99999999999994,0.0299999999999997,5.99999999999996,2,3,65,0.5
440,9315.759158,9314.795158,9315.218491,9315.706491,9317.715156,0,2.99999999999994,0.0299999999999997,5.99999999999996,2,3,65,0.5
441,9319.373154,9318.343155,9318.513155,9319.319821,9321.677152,1,2.99999999999994,0.0299999999999997,7.00000000000003,1,4,66,0.5
442,9323.57115,9322.315151,9322.777817,9323.517816,9326.051814,0,2.99999999999994,0.0299999999999997,5.99999999999996,2,3,65,0.5
443,9328.364478,9327.210479,9327.546479,9328.311145,9332.384474,1,2.99999999999994,0.0299999999999997,7.00000000000003,1,4,66,0.5
444,9335.029138,9333.072474,9333.411807,9335.029138,9341.067132,0,NaN,0,7.00000000000003,1,4,66,0.5
445,9353.70312,9352.543121,9352.97512,9353.649786,9356.69445,0,2.99999999999994,0.0299999999999997,5.99999999999996,2,3,65,0.5
446,9358.310448,9357.515116,9357.736449,9358.310448,9365.065108,0,NaN,0,7.00000000000003,1,4,66,0.5
447,9367.03644,9366.057107,9366.50244,9367.03644,9369.45377,0,NaN,0,7.00000000000003,1,4,66,0.5
448,9378.223095,9375.951764,9376.87643,9378.169762,9379.95976,1,2.99999999999994,0.0299999999999997,7.00000000000003,1,4,66,0.5
449,9381.669092,9380.712426,9381.005759,9381.669092,9384.501755,0,NaN,0,7.00000000000003,1,4,66,0.5
450,9390.644416,9389.266417,9389.82775,9390.591083,9392.253081,0,2.99999999999994,0.0299999999999997,5.99999999999996,2,3,65,0.5
451,9394.212412,9393.017747,9393.379747,9394.159079,9396.353744,1,2.99999999999994,0.0299999999999997,7.00000000000003,1,4,66,0.5
452,9398.301075,9397.105743,9397.607076,9398.247742,9400.069073,0,2.99999999999994,0.0299999999999997,5.99999999999996,2,3,65,0.5
453,9401.649072,9400.823739,9401.189739,9401.649072,9536.48827,0,NaN,0,7.00000000000003,1,4,66,0.5
454,9541.174265,9539.550934,9540.1456,9541.120932,9543.55293,0,2.99999999999994,0.0299999999999997,5.99999999999996,2,3,65,0.5
455,9551.541588,9550.500256,9550.772922,9551.488255,9553.359587,1,2.99999999999994,0.0299999999999997,7.00000000000003,1,4,66,0.5
456,9556.952916,9554.828252,9555.110252,9556.952916,9563.196243,0,NaN,0,7.00000000000003,1,4,66,0.5
457,9565.833574,9564.958909,9565.136908,9565.780241,9588.441552,1,2.99999999999994,0.0299999999999997,7.00000000000003,1,4,66,0.5
458,9590.596216,9589.200884,9589.742217,9590.542883,9593.593546,0,2.99999999999994,0.0299999999999997,5.99999999999996,2,3,65,0.5
459,9597.478876,9596.27221,9596.82421,9597.425543,9599.880207,0,2.99999999999994,0.0299999999999997,5.99999999999996,2,3,65,0.5
460,9601.600205,9600.757539,9600.951539,9601.546872,9603.21287,0,2.99999999999994,0.0299999999999997,5.99999999999996,2,3,65,0.5
461,9604.780868,9603.785536,9604.018869,9604.727535,9607.704199,1,2.99999999999994,0.0299999999999997,7.00000000000003,1,4,66,0.5
462,9610.058863,9608.433532,9609.156864,9610.00553,9612.149528,0,2.99999999999994,0.0299999999999997,5.99999999999996,2,3,65,0.5
463,9613.68486,9612.824194,9613.199527,9613.631526,9615.734191,0,2.99999999999994,0.0299999999999997,5.99999999999996,2,3,65,0.5
464,9617.499522,9616.453523,9616.722857,9617.446189,9619.788187,1,2.99999999999994,0.0299999999999997,7.00000000000003,1,4,66,0.5
465,9621.702852,9620.470853,9620.948852,9621.649518,9624.496849,0,2.99999999999994,0.0299999999999997,5.99999999999996,2,3,65,0.5
466,9626.086847,9625.192181,9625.568181,9626.034181,9628.672845,0,2.99999999999994,0.0299999999999997,5.99999999999996,2,3,65,0.5
467,9630.268843,9629.431511,9629.792843,9630.21551,9632.766841,0,2.99999999999994,0.0299999999999997,5.99999999999996,2,3,65,0.5
468,9634.800838,9633.58884,9633.938839,9634.747505,9639.744167,1,2.99999999999994,0.0299999999999997,7.00000000000003,1,4,66,0.5
469,9641.655498,9640.362833,9640.919499,9641.602165,9644.146162,0,2.99999999999994,0.0299999999999997,5.99999999999996,2,3,65,0.5
470,9646.008161,9645.036162,9645.366161,9645.954827,9648.836824,1,2.99999999999994,0.0299999999999997,7.00000000000003,1,4,66,0.5
471,9650.640823,9649.317491,9649.566157,9650.640823,9655.687484,0,NaN,0,7.00000000000003,1,4,66,0.5
472,9659.354814,9656.765483,9657.10015,9658.803481,9665.390141,1,NaN,0,7.00000000000003,1,4,66,0.5
473,9669.778803,9668.379472,9668.764138,9669.778803,9673.952133,0,NaN,0,7.00000000000003,1,4,66,0.5
474,9677.644796,9676.315464,9676.90813,9677.591462,9679.700127,0,2.99999999999994,0.0299999999999997,5.99999999999996,2,3,65,0.5
475,9681.465458,9680.392793,9680.742793,9681.412125,9683.380123,1,2.99999999999994,0.0299999999999997,7.00000000000003,1,4,66,0.5
476,9689.840783,9688.682118,9689.147451,9689.78745,9705.956767,0,2.99999999999994,0.0299999999999997,5.99999999999996,2,3,65,0.5
477,9707.662766,9706.5661,9706.962766,9707.609432,9710.064097,0,2.99999999999994,0.0299999999999997,5.99999999999996,2,3,65,0.5
478,9711.549428,9710.686096,9710.836762,9711.496762,9713.949426,1,2.99999999999994,0.0299999999999997,7.00000000000003,1,4,66,0.5
479,9716.017424,9714.831425,9715.235425,9716.017424,9720.282086,0,NaN,0,7.00000000000003,0,4,66,0.5
480,9725.874081,9724.848748,9725.255415,9725.874081,9729.061411,0,NaN,0,7.00000000000003,1,4,66,0.5
481,9735.296071,9732.380741,9732.666074,9735.194071,9741.277399,1,NaN,0.00999999999999943,7.00000000000003,0,4,66,0.5
482,9756.795383,9755.846717,9756.18405,9756.795383,9763.446043,0,NaN,0,7.00000000000003,1,4,66,0.5
483,9766.592707,9764.163376,9764.690042,9766.490707,9773.158033,0,NaN,0.00999999999999943,5.99999999999996,0,3,65,0.5
484,9803.168003,9802.133338,9802.546004,9803.11467,9812.615327,1,2.99999999999994,0.0299999999999997,7.00000000000003,1,4,66,0.5
485,9823.329983,9822.247984,9822.504651,9823.329983,9837.427969,0,NaN,0,7.00000000000003,1,4,66,0.5
486,9858.371282,9857.645949,9857.892615,9858.317948,9860.375946,1,2.99999999999994,0.0299999999999997,7.00000000000003,1,4,66,0.5
487,9862.567277,9861.465945,9861.930611,9862.513944,9864.523942,0,2.99999999999994,0.0299999999999997,5.99999999999996,2,3,65,0.5
488,9866.025941,9865.153941,9865.521941,9865.972607,9868.328605,0,2.99999999999994,0.0299999999999997,5.99999999999996,2,3,65,0.5
489,9880.653259,9879.907927,9880.13526,9880.599926,9882.877257,0,2.99999999999994,0.0299999999999997,5.99999999999996,2,3,65,0.5
490,9884.560589,9883.599256,9883.884589,9884.507255,9886.508587,1,2.99999999999994,0.0299999999999997,7.00000000000003,1,4,66,0.5
491,9890.684583,9889.583917,9890.049917,9890.631249,9893.24258,0,2.99999999999994,0.0299999999999997,5.99999999999996,2,3,65,0.5
492,9895.037912,9894.065246,9894.513245,9894.984578,9897.653909,0,2.99999999999994,0.0299999999999997,5.99999999999996,2,3,65,0.5
493,9899.315907,9898.361908,9898.625241,9899.262574,9904.167236,1,2.99999999999994,0.0299999999999997,7.00000000000003,1,4,66,0.5
494,9905.653901,9904.597235,9905.000568,9905.600568,9908.145898,0,2.99999999999994,0.0299999999999997,5.99999999999996,2,3,65,0.5
495,9909.555897,9908.806564,9909.083898,9909.555897,9911.768562,0,NaN,0,7.00000000000003,1,4,66,0.5
496,9916.693223,9915.315891,9915.879891,9916.63989,10334.709472,1,2.99999999999994,0.0299999999999997,7.00000000000003,1,4,66,0.5
497,10337.533469,10336.009471,10336.642803,10337.533469,10344.390129,0,NaN,0,7.00000000000003,1,4,66,0.5
498,10353.78212,10352.603454,10352.760787,10353.728786,10356.040117,1,2.99999999999994,0.0299999999999997,7.00000000000003,1,4,66,0.5
499,10364.880775,10361.276112,10361.783445,10364.828108,10367.553439,0,2.99999999999994,0.0299999999999997,5.99999999999996,2,3,65,0.5
500,10369.378771,10368.437438,10368.878104,10369.325437,10371.779435,0,2.99999999999994,0.0299999999999997,5.99999999999996,2,3,65,0.5
501,10373.837433,10372.591434,10372.909434,10373.784099,10376.102097,1,2.99999999999994,0.0299999999999997,7.00000000000003,1,4,66,0.5
502,10379.397427,10378.074095,10378.508761,10379.344094,10381.848758,0,2.99999999999994,0.0299999999999997,5.99999999999996,2,3,65,0.5
503,10383.948756,10382.621424,10382.950757,10383.846756,10402.889404,1,NaN,0.00999999999999943,7.00000000000003,0,4,66,0.5
504,10405.087402,10403.824736,10404.209402,10405.034068,10407.328733,1,2.99999999999994,0.0299999999999997,7.00000000000003,1,4,66,0.5
505,10412.86606,10410.38473,10412.028728,10412.812727,10418.316722,1,2.99999999999994,0.0299999999999997,7.00000000000003,1,4,66,0.5
506,10420.433386,10418.995388,10419.480054,10420.380053,10422.847384,0,2.99999999999994,0.0299999999999997,5.99999999999996,2,3,65,0.5
507,10424.630049,10423.689383,10424.126049,10424.528715,10431.080042,0,NaN,0.00999999999999943,5.99999999999996,0,3,65,0.5
508,10434.670039,10433.413373,10433.850706,10434.616705,10455.957351,1,2.99999999999994,0.0299999999999997,7.00000000000003,1,4,66,0.5
509,10457.834682,10456.688017,10457.096683,10457.834682,10461.571345,0,NaN,0,7.00000000000003,1,4,66,0.5
510,10465.570674,10463.776676,10464.219344,10465.517341,10469.486004,1,2.99999999999994,0.0299999999999997,7.00000000000003,1,4,66,0.5
511,10470.908002,10470.02867,10470.32867,10470.908002,10541.693265,0,NaN,0,7.00000000000003,0,4,66,0.5
512,10587.611886,10586.451887,10586.965886,10587.558552,10589.90255,0,2.99999999999994,0.0299999999999997,5.99999999999996,2,3,65,0.5
513,10591.671882,10590.873882,10591.065882,10591.618548,10611.919195,1,2.99999999999994,0.0299999999999997,7.00000000000003,1,4,66,0.5
514,10613.738526,10612.755861,10613.06386,10613.636526,10697.454442,1,NaN,0.00999999999999943,7.00000000000003,0,4,66,0.5
515,10698.832441,10697.909109,10698.272442,10698.779108,10701.183105,0,2.99999999999994,0.0299999999999997,5.99999999999996,2,3,65,0.5
516,10702.553771,10701.732438,10701.964438,10702.500437,10704.107103,1,2.99999999999994,0.0299999999999997,7.00000000000003,1,4,66,0.5
517,10719.93842,10719.003088,10719.267754,10719.885087,10722.161751,1,2.99999999999994,0.0299999999999997,7.00000000000003,1,4,66,0.5
518,10730.273743,10725.205748,10725.519748,10730.273743,10739.987733,0,NaN,0,7.00000000000003,1,4,66,0.5
519,10750.467056,10749.755724,10749.92439,10750.413723,10752.302388,1,2.99999999999994,0.0299999999999997,7.00000000000003,1,4,66,0.5
520,10754.123719,10753.320387,10753.58372,10754.123719,10836.412304,0,NaN,0,7.00000000000003,1,4,66,0.5
521,10842.272964,10840.976299,10841.414965,10842.220298,10844.079629,1,2.99999999999994,0.0299999999999997,7.00000000000003,1,4,66,0.5
522,10859.032948,10858.010949,10858.493615,10858.930948,10931.615542,0,NaN,0.00999999999999943,5.99999999999996,0,3,65,0.5
523,10938.049535,10937.297536,10937.526869,10937.996202,10940.0782,1,2.99999999999994,0.0299999999999997,7.00000000000003,1,4,66,0.5
524,10942.195531,10941.176199,10941.493532,10942.142198,11242.101898,1,2.99999999999994,0.0299999999999997,7.00000000000003,1,4,66,0.5
525,11245.185895,11243.090564,11243.386563,11245.185895,11245.395228,0,NaN,0,7.00000000000003,1,4,66,0.5
526,11253.972553,11252.723887,11253.242553,11253.919219,11257.447216,0,2.99999999999994,0.0299999999999997,5.99999999999996,2,3,65,0.5
527,11259.271214,11258.455881,11258.604548,11259.217881,11265.639208,1,2.99999999999994,0.0299999999999997,7.00000000000003,1,4,66,0.5
528,11274.294532,11273.0512,11273.5292,11274.241866,11278.139195,1,2.99999999999994,0.0299999999999997,7.00000000000003,1,4,66,0.5
529,11279.64386,11278.667861,11278.919861,11279.64386,11753.874719,0,NaN,0,7.00000000000003,1,4,66,0.5
530,11758.578048,11756.212717,11756.310717,11758.524715,11823.701983,1,2.99999999999994,0.0299999999999997,7.00000000000003,1,4,66,0.5
531,11825.371981,11824.546649,11824.730649,11825.371981,11832.217308,0,NaN,0,7.00000000000003,1,4,66,0.5
532,11834.823305,11832.953307,11833.08064,11834.770638,11839.851967,1,2.99999999999994,0.0299999999999997,7.00000000000003,1,4,66,0.5
533,11843.893963,11842.603297,11843.127963,11843.840629,11846.659293,0,2.99999999999994,0.0299999999999997,5.99999999999996,2,3,65,0.5
534,11848.624625,11847.794625,11848.049292,11848.571291,11851.203289,0,2.99999999999994,0.0299999999999997,5.99999999999996,2,3,65,0.5
535,11858.099282,11851.979955,11852.132621,11858.045949,11859.745947,1,2.99999999999994,0.0299999999999997,7.00000000000003,1,4,66,0.5
536,11861.553945,11860.493946,11860.791279,11861.553945,11865.377941,0,NaN,0,7.00000000000003,1,4,66,0.5
537,11879.999927,11879.203261,11879.339927,11879.946593,11884.097923,1,2.99999999999994,0.0299999999999997,7.00000000000003,1,4,66,0.5
538,11934.373872,11933.59854,11933.836539,11934.320539,11943.00453,1,2.99999999999994,0.0299999999999997,7.00000000000003,1,4,66,0.5
539,11944.589862,11943.803196,11943.923863,11944.536529,11946.225194,1,2.99999999999994,0.0299999999999997,7.00000000000003,1,4,66,0.5
540,11955.722518,11954.667185,11955.142518,11955.669184,11958.388515,0,2.99999999999994,0.0299999999999997,5.99999999999996,2,3,65,0.5
541,11959.91718,11959.033181,11959.446514,11959.863847,11962.387178,0,2.99999999999994,0.0299999999999997,5.99999999999996,2,3,65,0.5
542,11964.007843,11963.063844,11963.493176,11963.954509,11966.41184,0,2.99999999999994,0.0299999999999997,5.99999999999996,2,3,65,0.5
543,11968.237838,11967.05584,11967.302506,11968.184505,11970.309836,1,2.99999999999994,0.0299999999999997,7.00000000000003,1,4,66,0.5
544,11972.263834,11971.173169,11971.615168,11972.210501,11975.144498,0,2.99999999999994,0.0299999999999997,5.99999999999996,2,3,65,0.5
545,11977.143163,11976.24183,11976.59183,11977.08983,11979.427827,0,2.99999999999994,0.0299999999999997,5.99999999999996,2,3,65,0.5
546,11980.829159,11980.02316,11980.36116,11980.829159,11988.099152,0,NaN,0,7.00000000000003,1,4,66,0.5
547,11989.572484,11988.475151,11988.983151,11989.51915,11991.971815,0,2.99999999999994,0.0299999999999997,5.99999999999996,2,3,65,0.5
548,11993.467146,11992.651814,11992.881814,11993.413813,11998.938474,1,2.99999999999994,0.0299999999999997,7.00000000000003,1,4,66,0.5
549,12000.858472,11999.76114,12000.218473,12000.805139,12003.13047,0,2.99999999999994,0.0299999999999997,5.99999999999996,2,3,65,0.5
550,12004.780469,12003.815136,12004.317136,12004.727135,12007.581799,0,2.99999999999994,0.0299999999999997,5.99999999999996,2,3,65,0.5
551,12009.303797,12008.217132,12008.844464,12009.251131,12011.380462,0,2.99999999999994,0.0299999999999997,5.99999999999996,2,3,65,0.5
552,12013.54046,12012.397794,12012.815127,12013.43846,12014.269126,1,NaN,0.00999999999999943,7.00000000000003,0,4,66,0.5
553,12034.593772,12033.38444,12033.721773,12034.540439,12036.664437,1,2.99999999999994,0.0299999999999997,7.00000000000003,1,4,66,0.5
554,12038.415769,12037.281103,12037.651102,12038.362435,12041.313099,0,2.99999999999994,0.0299999999999997,5.99999999999996,2,3,65,0.5
555,12042.721097,12041.828431,12042.075098,12042.667764,12044.733762,1,2.99999999999994,0.0299999999999997,7.00000000000003,1,4,66,0.5
556,12046.71976,12045.561094,12046.022427,12046.666427,12049.086424,0,2.99999999999994,0.0299999999999997,5.99999999999996,2,3,65,0.5
557,12050.955089,12050.001757,12050.297756,12050.901756,12052.874421,1,2.99999999999994,0.0299999999999997,7.00000000000003,1,4,66,0.5
558,12054.559085,12053.445753,12053.852419,12054.457085,12060.669079,0,NaN,0.00999999999999943,5.99999999999996,0,3,65,0.5
559,12063.242415,12062.294411,12062.631077,12063.189077,12269.306204,1,2.99999999999994,0.0299999999999997,7.00000000000003,1,4,66,0.5
560,12270.953536,12269.860203,12270.272203,12270.900202,12273.869533,0,2.99999999999994,0.0299999999999997,5.99999999999996,2,3,65,0.5
561,12275.631531,12274.771532,12274.914865,12275.578198,12294.558179,1,2.99999999999994,0.0299999999999997,7.00000000000003,1,4,66,0.5
562,12295.972844,12295.082178,12295.289511,12295.919511,12299.388841,1,2.99999999999994,0.0299999999999997,7.00000000000003,1,4,66,0.5
563,12301.839505,12300.42484,12300.743506,12301.839505,12304.511502,0,NaN,0,7.00000000000003,1,4,66,0.5
564,12326.378814,12325.146815,12325.394815,12326.32548,12328.949478,1,2.99999999999994,0.0299999999999997,7.00000000000003,1,4,66,0.5
565,12331.214142,12329.943477,12330.238143,12331.214142,12338.471468,0,NaN,0,7.00000000000003,0,4,66,0.5
566,12340.699466,12339.699467,12339.994133,12340.699466,12403.07807,0,NaN,0,7.00000000000003,1,4,66,0.5
567,12405.644068,12403.766736,12404.047403,12405.542068,12406.182067,1,NaN,0.00999999999999943,7.00000000000003,0,4,66,0.5
568,12425.904714,12424.987382,12425.318048,12425.851381,12427.700046,1,2.99999999999994,0.0299999999999997,7.00000000000003,1,4,66,0.5
569,12430.030043,12428.761378,12429.334711,12429.97671,12432.183374,0,2.99999999999994,0.0299999999999997,5.99999999999996,2,3,65,0.5
570,12434.825372,12433.725373,12434.164039,12434.772039,12437.205369,0,2.99999999999994,0.0299999999999997,5.99999999999996,2,3,65,0.5
571,12438.917368,12437.927369,12438.191368,12438.864034,12442.180031,1,2.99999999999994,0.0299999999999997,7.00000000000003,1,4,66,0.5
572,12444.108029,12442.96603,12443.30803,12444.006696,12444.368029,1,NaN,0.00999999999999943,7.00000000000003,0,4,66,0.5
573,12451.769355,12450.942022,12451.223355,12451.716022,12454.688019,1,2.99999999999994,0.0299999999999997,7.00000000000003,1,4,66,0.5
574,12457.488016,12456.326684,12456.822683,12457.434683,12459.630014,0,2.99999999999994,0.0299999999999997,5.99999999999996,2,3,65,0.5
575,12461.344679,12460.413346,12460.869346,12461.291345,12463.728676,0,2.99999999999994,0.0299999999999997,5.99999999999996,2,3,65,0.5
576,12465.378008,12464.446676,12464.703342,12465.324675,12467.564672,1,2.99999999999994,0.0299999999999997,7.00000000000003,1,4,66,0.5
577,12469.799337,12468.638005,12469.084004,12469.746004,12472.180001,0,2.99999999999994,0.0299999999999997,5.99999999999996,2,3,65,0.5
578,12473.981999,12472.946,12473.24,12473.928666,12475.737331,1,2.99999999999994,0.0299999999999997,7.00000000000003,1,4,66,0.5
579,12478.549328,12477.364663,12477.709996,12478.549328,12482.489991,0,NaN,0,7.00000000000003,1,4,66,0.5
580,12524.219282,12523.18595,12523.53595,12524.165949,12556.161917,1,2.99999999999994,0.0299999999999997,7.00000000000003,1,4,66,0.5
581,13075.065398,13073.1294,13073.5674,13075.012065,13106.798033,1,2.99999999999994,0.0299999999999997,7.00000000000003,1,4,66,0.5
582,13111.357362,13108.849364,13109.53203,13111.304029,13114.279359,0,2.99999999999994,0.0299999999999997,5.99999999999996,2,3,65,0.5
583,13116.37269,13115.516024,13115.602024,13116.319357,13118.311355,1,2.99999999999994,0.0299999999999997,7.00000000000003,1,4,66,0.5
584,13125.327348,13123.792683,13124.252682,13125.225348,13128.698011,1,NaN,0.00999999999999943,7.00000000000003,0,4,66,0.5
585,13142.465331,13141.270665,13141.681998,13142.411998,13144.983329,1,2.99999999999994,0.0299999999999997,7.00000000000003,1,4,66,0.5
586,13147.981325,13146.351994,13146.647993,13147.981325,14132.017008,0,NaN,0,7.00000000000003,1,4,66,0.5
587,14133.353673,14132.560341,14132.590341,14133.30034,15760.032047,1,2.99999999999994,0.0299999999999997,7.00000000000003,1,4,66,0.5
588,15762.320044,15761.667378,15761.737378,15762.320044,15762.887377,1,NaN,0,5.99999999999996,2,3,65,0.5
589,15770.802702,15769.216704,15769.808037,15770.749369,15773.6527,0,2.99999999999994,0.0299999999999997,5.99999999999996,2,3,65,0.5
590,15775.492698,15774.551365,15774.731365,15775.439364,15777.16803,1,2.99999999999994,0.0299999999999997,7.00000000000003,1,4,66,0.5
591,15780.056693,15778.894028,15779.399361,15780.00336,15783.51069,0,2.99999999999994,0.0299999999999997,5.99999999999996,2,3,65,0.5
592,15785.972021,15784.968022,15785.426688,15785.918687,15787.936685,0,2.99999999999994,0.0299999999999997,5.99999999999996,2,3,65,0.5
593,15789.54135,15788.558018,15789.062018,15789.488017,15791.816681,0,2.99999999999994,0.0299999999999997,5.99999999999996,2,3,65,0.5
594,15793.598013,15792.426014,15792.796014,15793.496013,15794.062679,1,NaN,0.00999999999999943,7.00000000000003,0,4,66,0.5
595,15809.267331,15807.879332,15808.341332,15809.165997,15809.464664,0,NaN,0.00999999999999943,5.99999999999996,0,3,65,0.5
596,15828.544645,15827.779312,15827.848645,15828.491311,15831.589308,1,2.99999999999994,0.0299999999999997,7.00000000000003,1,4,66,0.5
597,17409.280397,17408.370398,17408.701065,17409.227064,18237.268903,1,2.99999999999994,0.0299999999999997,7.00000000000003,1,4,66,0.5
598,18245.324228,18243.553563,18244.545562,18245.270895,18248.451558,1,2.99999999999994,0.0299999999999997,7.00000000000003,1,4,66,0.5
599,18256.32755,18254.868885,18255.448884,18256.274217,18262.232878,0,2.99999999999994,0.0299999999999997,5.99999999999996,2,3,65,0.5
600,18274.748199,18272.667534,18273.041534,18274.694865,18277.234196,1,2.99999999999994,0.0299999999999997,7.00000000000003,1,4,66,0.5
601,18284.836855,18283.057524,18283.553523,18284.783522,18286.496187,1,2.99999999999994,0.0299999999999997,7.00000000000003,1,4,66,0.5
602,18378.900761,18376.288097,18376.666763,18378.900761,18382.988757,0,NaN,0,7.00000000000003,1,4,66,0.5
603,18400.602739,18399.360741,18399.86674,18400.500739,18400.928739,0,NaN,0.00999999999999943,5.99999999999996,0,3,65,0.5
604,18407.072733,18406.132067,18406.364734,18407.0194,18410.231396,1,2.99999999999994,0.0299999999999997,7.00000000000003,1,4,66,0.5
605,18412.533394,18410.769396,18411.048729,18412.533394,18412.932727,0,NaN,0,7.00000000000003,1,4,66,0.5
606,18870.640936,18869.102271,18869.51427,18870.587603,18873.216267,1,2.99999999999994,0.0299999999999997,7.00000000000003,1,4,66,0.5
607,18876.36693,18874.973598,18875.492931,18876.313597,18878.503595,0,2.99999999999994,0.0299999999999997,5.99999999999996,2,3,65,0.5
608,18880.613593,18879.547594,18879.953593,18880.560259,18883.392923,0,2.99999999999994,0.0299999999999997,5.99999999999996,2,3,65,0.5
609,18885.036255,18884.133589,18884.463589,18884.934255,18890.087583,0,NaN,0.00999999999999943,5.99999999999996,0,3,65,0.5
610,18893.210913,18891.492248,18892.085581,18893.108913,18901.061572,0,NaN,0.00999999999999943,5.99999999999996,0,3,65,0.5
611,18903.60757,18902.224238,18902.800237,18903.554236,18906.165567,0,2.99999999999994,0.0299999999999997,5.99999999999996,2,3,65,0.5
612,18908.121565,18906.879566,18907.235566,18908.068232,18911.088229,1,2.99999999999994,0.0299999999999997,7.00000000000003,1,4,66,0.5
613,18913.102227,18911.706895,18912.076895,18913.048894,18915.552891,1,2.99999999999994,0.0299999999999997,7.00000000000003,1,4,66,0.5
614,18917.815555,18916.43689,18917.031556,18917.762222,18921.243552,0,2.99999999999994,0.0299999999999997,5.99999999999996,2,3,65,0.5
615,18922.96155,18922.006885,18922.486217,18922.908217,18925.759548,0,2.99999999999994,0.0299999999999997,5.99999999999996,2,3,65,0.5
616,18927.439546,18926.53688,18926.919546,18927.386213,18930.10621,0,2.99999999999994,0.0299999999999997,5.99999999999996,2,3,65,0.5
617,18931.734208,18930.748209,18931.208875,18931.632208,18934.803538,0,NaN,0.00999999999999943,5.99999999999996,0,3,65,0.5
618,18941.393532,18940.190866,18940.568199,18941.340199,18943.716863,1,2.99999999999994,0.0299999999999997,7.00000000000003,1,4,66,0.5
619,18945.339528,18944.394862,18944.768862,18945.286195,18949.609524,1,2.99999999999994,0.0299999999999997,7.00000000000003,1,4,66,0.5
620,18951.218189,18950.15619,18950.590856,18951.218189,18956.641517,0,NaN,0,7.00000000000003,0,4,66,0.5
621,18958.846181,18957.276183,18957.718849,18958.792848,18962.778844,1,2.99999999999994,0.0299999999999997,7.00000000000003,1,4,66,0.5
622,18964.810842,18963.916843,18964.194842,18964.810842,18965.002842,0,NaN,0,7.00000000000003,0,4,66,0.5
623,18979.010828,18977.615496,18977.912829,18978.908828,19126.21868,1,NaN,0.00999999999999943,7.00000000000003,0,4,66,0.5
624,19135.217338,19134.506672,19134.608005,19135.164005,19139.320001,1,2.99999999999994,0.0299999999999997,7.00000000000003,1,4,66,0.5
625,19141.129999,19139.950667,19140.419333,19141.076666,19144.199329,0,2.99999999999994,0.0299999999999997,5.99999999999996,2,3,65,0.5
626,19145.879327,19144.891995,19145.147995,19145.777327,19150.691323,1,NaN,0.00999999999999943,7.00000000000003,0,4,66,0.5
627,19153.869319,19152.739987,19153.197987,19153.815986,19156.74265,0,2.99999999999994,0.0299999999999997,5.99999999999996,2,3,65,0.5
628,19158.425315,19157.510649,19157.873315,19158.371982,19160.134646,0,2.99999999999994,0.0299999999999997,5.99999999999996,2,3,65,0.5
629,19161.660645,19160.841312,19161.193979,19161.607312,19164.201976,0,2.99999999999994,0.0299999999999997,5.99999999999996,2,3,65,0.5
630,19165.972641,19164.800642,19165.171308,19165.919307,19168.512638,1,2.99999999999994,0.0299999999999997,7.00000000000003,1,4,66,0.5
631,19170.841969,19169.805303,19170.14997,19170.788636,19173.486633,0,2.99999999999994,0.0299999999999997,5.99999999999996,2,3,65,0.5
632,19175.083965,19174.169966,19174.501965,19174.981965,19182.135291,0,NaN,0.00999999999999943,5.99999999999996,0,3,65,0.5
633,19184.295289,19183.19329,19183.55529,19184.241956,19192.338614,1,2.99999999999994,0.0299999999999997,7.00000000000003,1,4,66,0.5
634,19194.132612,19192.93128,19193.26728,19194.132612,19194.430612,0,NaN,0,7.00000000000003,1,4,66,0.5
635,19252.309221,19251.357889,19251.649222,19252.309221,19260.967879,0,NaN,0,7.00000000000003,1,4,66,0.5
636,19262.645877,19261.460545,19261.915878,19262.543877,19271.986535,0,NaN,0.00999999999999943,5.99999999999996,0,3,65,0.5
637,19294.398512,19292.545181,19292.95718,19294.398512,19294.567179,0,NaN,0,7.00000000000003,1,4,66,0.5
638,19302.981837,19301.730505,19302.047838,19302.928504,19306.247167,1,2.99999999999994,0.0299999999999997,7.00000000000003,1,4,66,0.5
639,19309.851163,19308.653165,19309.007164,19309.851163,19353.194454,0,NaN,0,7.00000000000003,1,4,66,0.5
640,19354.451785,19353.738453,19353.975786,19354.398452,19358.039115,1,2.99999999999994,0.0299999999999997,7.00000000000003,1,4,66,0.5
641,19359.945113,19358.895114,19359.221114,19359.89178,19363.227777,1,2.99999999999994,0.0299999999999997,7.00000000000003,1,4,66,0.5
642,19365.155775,19363.995109,19364.449775,19365.103108,19367.719772,0,2.99999999999994,0.0299999999999997,5.99999999999996,2,3,65,0.5
643,19369.247771,19368.433105,19368.777771,19369.194444,19372.188434,0,2.99999999999994,0.0299999999999997,5.99999999999996,2,3,65,0.5
644,19373.807766,19372.914434,19373.2631,19373.754433,19376.605097,0,2.99999999999994,0.0299999999999997,5.99999999999996,2,3,65,0.5
645,19378.055762,19377.251096,19377.505096,19378.055762,19384.223089,0,NaN,0,7.00000000000003,1,4,66,0.5
646,19398.451741,19397.587076,19397.969742,NaN,NaN,NaN,NaN,0,7.00000000000003,1,4,66,0.5
647,19405.147068,19404.231069,19404.479069,19405.093735,19407.566399,1,2.99999999999994,0.0299999999999997,7.00000000000003,1,4,66,0.5
648,19409.322397,19408.370398,19408.629065,19409.322397,19416.179724,0,NaN,0,7.00000000000003,1,4,66,0.5
649,19663.072144,19661.387479,19661.799478,19663.072144,19672.328134,0,NaN,0,7.00000000000003,1,4,66,0.5
650,19675.686131,19674.530799,19674.782132,19675.686131,19683.72079,0,NaN,0,7.00000000000003,1,4,66,0.5
651,19686.69012,19685.474788,19685.674788,19686.69012,19686.855453,0,NaN,0,7.00000000000003,1,4,66,0.5
652,19694.245446,19693.025447,19693.166113,19694.192112,19696.233444,1,2.99999999999994,0.0299999999999997,7.00000000000003,1,4,66,0.5
653,19698.258108,19697.05011,19697.425443,19698.258108,19706.261434,0,NaN,0,7.00000000000003,1,4,66,0.5
654,19722.069418,19721.128085,19721.478085,19722.016085,19725.218748,1,2.99999999999994,0.0299999999999997,7.00000000000003,1,4,66,0.5
655,19729.299411,19728.231412,19728.716745,19729.246077,19731.705408,1,2.99999999999994,0.0299999999999997,7.00000000000003,1,4,66,0.5
656,19734.480739,19732.648074,19733.11474,19734.427406,19736.88607,0,2.99999999999994,0.0299999999999997,5.99999999999996,2,3,65,0.5
657,19738.612068,19737.826069,19738.113402,19738.612068,19743.701396,0,NaN,0,7.00000000000003,1,4,66,0.5
658,19757.04005,19755.725384,19756.060051,19757.04005,19783.700023,0,NaN,0,7.00000000000003,1,4,66,0.5
659,19785.426021,19784.551355,19784.690689,19785.372688,19789.790017,1,2.99999999999994,0.0299999999999997,7.00000000000003,1,4,66,0.5
660,19791.721348,19791.005349,19791.074682,19791.668015,19793.940013,1,2.99999999999994,0.0299999999999997,7.00000000000003,1,4,66,0.5
661,19795.865344,19794.656012,19795.110011,19795.812011,19798.346675,0,2.99999999999994,0.0299999999999997,5.99999999999996,2,3,65,0.5
662,19800.044673,19799.204674,19799.532007,19799.99134,19802.663337,0,2.99999999999994,0.0299999999999997,5.99999999999996,2,3,65,0.5
663,19804.256002,19803.38867,19803.746003,19804.154002,19809.407331,0,NaN,0.00999999999999943,5.99999999999996,0,3,65,0.5
664,19810.777997,19809.814663,19810.294663,19810.725329,19813.20466,0,2.99999999999994,0.0299999999999997,5.99999999999996,2,3,65,0.5
665,19814.894658,19813.888659,19814.263992,19814.841325,19817.322656,0,2.99999999999994,0.0299999999999997,5.99999999999996,2,3,65,0.5
666,19819.080654,19818.149988,19818.500655,19819.027321,19821.626652,0,2.99999999999994,0.0299999999999997,5.99999999999996,2,3,65,0.5
667,19823.257983,19822.355984,19822.755984,19823.257983,19828.492645,0,NaN,0,7.00000000000003,1,4,66,0.5
668,19830.455976,19829.226644,19829.72731,19830.402643,19833.157307,0,2.99999999999994,0.0299999999999997,5.99999999999996,2,3,65,0.5
669,19834.649972,19833.887973,19834.212639,19834.649972,19840.555299,0,NaN,0,7.00000000000003,1,4,66,0.5
670,19843.215297,19841.769965,19842.435297,19843.215297,19850.457956,0,NaN,0,7.00000000000003,1,4,66,0.5
671,19853.54462,19852.124621,19852.83062,19853.491286,19855.903284,1,2.99999999999994,0.0299999999999997,7.00000000000003,1,4,66,0.5
672,19857.552616,19856.461283,19856.88995,19857.499282,19859.841947,0,2.99999999999994,0.0299999999999997,5.99999999999996,2,3,65,0.5
673,19862.135278,19861.126612,19861.379279,19862.081945,19866.29794,1,2.99999999999994,0.0299999999999997,7.00000000000003,1,4,66,0.5
674,19867.918605,19866.726607,19867.156606,19867.865272,19870.745269,0,2.99999999999994,0.0299999999999997,5.99999999999996,2,3,65,0.5
675,19872.307268,19871.573268,19871.891935,19872.307268,19878.965928,0,NaN,0,7.00000000000003,1,4,66,0.5
676,19881.858591,19880.763926,19881.141925,19881.805258,19884.079923,1,2.99999999999994,0.0299999999999997,7.00000000000003,1,4,66,0.5
677,19886.499253,19884.673922,19885.789254,19886.499253,19891.333915,0,NaN,0,7.00000000000003,1,4,66,0.5
678,19893.02058,19891.846581,19892.359248,19892.967247,19895.558578,0,2.99999999999994,0.0299999999999997,5.99999999999996,2,3,65,0.5
679,19897.646576,19896.322577,19896.825243,19897.593242,19899.493907,1,2.99999999999994,0.0299999999999997,7.00000000000003,1,4,66,0.5
680,19901.587905,19900.499239,19900.912572,19901.534572,19904.415902,0,2.99999999999994,0.0299999999999997,5.99999999999996,2,3,65,0.5
681,19906.3399,19905.177235,19905.556568,19906.286567,19908.594565,1,2.99999999999994,0.0299999999999997,7.00000000000003,1,4,66,0.5
682,19910.167896,19909.073231,19909.441231,19910.167896,19917.329889,0,NaN,0,7.00000000000003,0,4,66,0.5
683,19919.674554,19918.639888,19919.157221,19919.62122,19922.639217,0,2.99999999999994,0.0299999999999997,5.99999999999996,2,3,65,0.5
684,19925.481881,19924.227216,19924.949215,19925.428548,19928.852544,0,2.99999999999994,0.0299999999999997,5.99999999999996,2,3,65,0.5
685,19930.843876,19929.64721,19929.977877,19930.741876,19937.408536,1,NaN,0.00999999999999943,7.00000000000003,0,4,66,0.5
686,19939.445867,19937.893869,19938.767201,19939.445867,19945.114528,0,NaN,0,7.00000000000003,1,4,66,0.5
687,19958.162515,19945.539861,19946.512527,NaN,NaN,NaN,NaN,0,7.00000000000003,1,4,66,0.5
688,19975.114498,19973.957166,19974.323166,19975.061165,19977.993162,1,2.99999999999994,0.0299999999999997,7.00000000000003,1,4,66,0.5
689,19979.557827,19978.665828,19978.982494,19979.504494,19982.203824,1,2.99999999999994,0.0299999999999997,7.00000000000003,1,4,66,0.5
690,19984.652489,19983.13849,19983.527156,19984.599155,19991.457815,1,2.99999999999994,0.0299999999999997,7.00000000000003,1,4,66,0.5
691,19993.229813,19991.978481,19992.409148,19993.229813,19999.919807,0,NaN,0,7.00000000000003,0,4,66,0.5
692,20001.759805,20000.543139,20001.003139,20001.706472,20005.270468,0,2.99999999999994,0.0299999999999997,5.99999999999996,2,3,65,0.5
693,20007.268466,20006.306467,20006.6858,20007.215133,20009.405131,0,2.99999999999994,0.0299999999999997,5.99999999999996,2,3,65,0.5
694,20011.227129,20009.993797,20010.300463,20011.125129,20016.66179,1,NaN,0.00999999999999943,7.00000000000003,0,4,66,0.5
695,20018.681788,20017.774456,20018.173122,20018.681788,20020.829119,0,NaN,0,7.00000000000003,1,4,66,0.5
696,20038.225768,20037.173103,20037.662436,20038.123769,20040.607099,0,NaN,0.00999999999999943,5.99999999999996,0,3,65,0.5
697,20054.627752,20053.72042,20054.043086,20054.574419,20056.84175,1,2.99999999999994,0.0299999999999997,7.00000000000003,1,4,66,0.5
698,20059.035081,20057.816415,20058.286415,20058.981748,20061.719078,0,2.99999999999994,0.0299999999999997,5.99999999999996,2,3,65,0.5
699,20063.533076,20062.588411,20062.973744,20063.479743,20066.248407,0,2.99999999999994,0.0299999999999997,5.99999999999996,2,3,65,0.5
700,20068.033072,20067.000406,20067.337739,20067.979739,20070.875736,1,2.99999999999994,0.0299999999999997,7.00000000000003,1,4,66,0.5
701,20072.921067,20072.198401,20072.233734,20072.867734,20075.280398,1,2.99999999999994,0.0299999999999997,7.00000000000003,1,4,66,0.5
702,20077.787062,20076.568397,20076.987063,20077.733729,20080.561059,0,2.99999999999994,0.0299999999999997,5.99999999999996,2,3,65,0.5
703,20082.216391,20081.364392,20081.707058,20082.216391,20084.491722,0,NaN,0,7.00000000000003,1,4,66,0.5
704,20096.92171,20095.718378,20096.143044,20096.92171,20099.281041,0,NaN,0,7.00000000000003,1,4,66,0.5
705,20248.094225,20247.040893,20247.404226,20248.040892,20253.259553,0,2.99999999999994,0.0299999999999997,5.99999999999996,2,3,65,0.5
706,20254.896218,20254.066219,20254.420886,20254.842885,20256.558883,0,2.99999999999994,0.0299999999999997,5.99999999999996,2,3,65,0.5
707,20258.370215,20257.254883,20257.544216,20258.316882,20261.222879,1,2.99999999999994,0.0299999999999997,7.00000000000003,1,4,66,0.5
708,20263.137543,20261.899545,20262.211544,20263.08421,20265.438208,1,2.99999999999994,0.0299999999999997,7.00000000000003,1,4,66,0.5
709,20267.208873,20266.214207,20266.546873,20267.155539,20270.241536,1,2.99999999999994,0.0299999999999997,7.00000000000003,1,4,66,0.5
710,20272.269534,20271.001536,20271.485535,20272.216201,20275.130198,0,2.99999999999994,0.0299999999999997,5.99999999999996,2,3,65,0.5
711,20277.054863,20275.958864,20276.28153,20277.00153,20279.352194,1,2.99999999999994,0.0299999999999997,7.00000000000003,1,4,66,0.5
712,20286.704853,20285.401521,20285.912854,20286.65152,20289.60285,0,2.99999999999994,0.0299999999999997,5.99999999999996,2,3,65,0.5
713,20291.451515,20290.434183,20290.720183,20291.398182,20294.280846,1,2.99999999999994,0.0299999999999997,7.00000000000003,1,4,66,0.5
714,20296.31351,20294.899512,20295.312845,20296.21151,20303.390837,1,NaN,0.00999999999999943,7.00000000000003,0,4,66,0.5
715,20305.344835,20304.084836,20304.422169,20305.291501,20308.542165,1,2.99999999999994,0.0299999999999997,7.00000000000003,1,4,66,0.5
716,20310.241496,20309.116164,20309.52283,20310.188163,20312.947494,0,2.99999999999994,0.0299999999999997,5.99999999999996,2,3,65,0.5
717,20314.660825,20313.596826,20313.886826,20314.607492,20316.84349,1,2.99999999999994,0.0299999999999997,7.00000000000003,1,4,66,0.5
718,20318.496821,20317.374823,20317.784822,20318.443488,20330.624143,1,2.99999999999994,0.0299999999999997,7.00000000000003,1,4,66,0.5
719,20336.042804,20335.098805,20335.418805,20335.989471,20339.248134,1,2.99999999999994,0.0299999999999997,7.00000000000003,1,4,66,0.5
720,20341.273465,20340.0728,20340.476133,20341.171465,20346.162794,0,NaN,0.00999999999999943,5.99999999999996,0,3,65,0.5
721,20348.252125,20346.84746,20347.379459,20348.198792,20350.42079,1,2.99999999999994,0.0299999999999997,7.00000000000003,1,4,66,0.5
722,20352.557454,20351.243455,20351.780788,20352.455454,20366.202107,0,NaN,0.00999999999999943,5.99999999999996,0,3,65,0.5
723,20373.407433,20372.124768,20372.687434,20373.3541,20376.672097,0,2.99999999999994,0.0299999999999997,5.99999999999996,2,3,65,0.5
724,20378.491428,20377.431429,20377.709429,20378.389428,20422.527384,1,NaN,0.00999999999999943,7.00000000000003,0,4,66,0.5
725,20424.686715,20423.241383,20423.778716,20424.633382,20426.930713,1,2.99999999999994,0.0299999999999997,7.00000000000003,1,4,66,0.5
726,20428.892711,20427.714046,20428.162712,20428.839378,20431.225375,0,2.99999999999994,0.0299999999999997,5.99999999999996,2,3,65,0.5
727,20432.980707,20431.968041,20432.236041,20432.927374,20436.36537,1,2.99999999999994,0.0299999999999997,7.00000000000003,1,4,66,0.5
728,20438.168035,20437.03937,20437.413369,20438.114702,20440.858032,0,2.99999999999994,0.0299999999999997,5.99999999999996,2,3,65,0.5
729,20442.456697,20441.543365,20441.890031,20442.403364,20445.198028,0,2.99999999999994,0.0299999999999997,5.99999999999996,2,3,65,0.5
730,20446.978026,20445.916027,20446.20136,20446.924693,20451.406022,1,2.99999999999994,0.0299999999999997,7.00000000000003,1,4,66,0.5
731,20452.988687,20451.895355,20452.311354,20452.935354,20455.862684,0,2.99999999999994,0.0299999999999997,5.99999999999996,2,3,65,0.5
732,20457.385349,20456.586683,20456.928683,20457.332016,20460.15468,0,2.99999999999994,0.0299999999999997,5.99999999999996,2,3,65,0.5
733,20462.515344,20461.365345,20461.593345,20462.462011,20465.061342,1,2.99999999999994,0.0299999999999997,7.00000000000003,1,4,66,0.5
734,20466.78534,20465.726008,20466.158674,20466.732007,20469.85067,1,2.99999999999994,0.0299999999999997,7.00000000000003,1,4,66,0.5
735,20471.666668,20470.412003,20470.873336,20471.613335,20476.182664,1,2.99999999999994,0.0299999999999997,7.00000000000003,1,4,66,0.5
736,20477.786662,20476.598663,20477.001996,20477.684662,20483.13799,0,NaN,0.00999999999999943,5.99999999999996,0,3,65,0.5
737,20505.433301,20492.810647,20493.05398,NaN,NaN,NaN,NaN,0,7.00000000000003,1,4,66,0.5
738,20578.905894,20577.779895,20578.123228,20578.852561,20583.070557,1,2.99999999999994,0.0299999999999997,7.00000000000003,1,4,66,0.5
739,20584.957888,20583.812556,20584.206556,20584.904555,20588.000552,1,2.99999999999994,0.0299999999999997,7.00000000000003,1,4,66,0.5
740,20589.871883,20588.588551,20588.955884,20589.81855,20592.408548,0,2.99999999999994,0.0299999999999997,5.99999999999996,2,3,65,0.5
741,20594.587879,20593.40988,20593.72388,20594.534545,20596.851876,1,2.99999999999994,0.0299999999999997,7.00000000000003,1,4,66,0.5
742,20598.856541,20597.584542,20598.062542,20598.803208,20601.480538,0,2.99999999999994,0.0299999999999997,5.99999999999996,2,3,65,0.5
743,20603.411203,20602.262538,20602.549871,20603.35787,20605.869867,1,2.99999999999994,0.0299999999999997,7.00000000000003,1,4,66,0.5
744,20607.635199,20606.5012,20606.900533,20607.581866,20610.299863,0,2.99999999999994,0.0299999999999997,5.99999999999996,2,3,65,0.5
745,20611.989861,20611.051196,20611.393195,20611.936528,20614.539859,0,2.99999999999994,0.0299999999999997,5.99999999999996,2,3,65,0.5
746,20616.055857,20615.253191,20615.579191,20616.002524,20618.227188,0,2.99999999999994,0.0299999999999997,5.99999999999996,2,3,65,0.5
747,20620.131186,20618.982521,20619.288521,20620.077853,20622.681184,1,2.99999999999994,0.0299999999999997,7.00000000000003,1,4,66,0.5
748,20624.417182,20623.38385,20623.770516,20624.363849,20626.80318,1,2.99999999999994,0.0299999999999997,7.00000000000003,1,4,66,0.5
749,20628.595845,20627.449179,20627.821179,20628.542511,20631.545842,0,2.99999999999994,0.0299999999999997,5.99999999999996,2,3,65,0.5
750,20633.313173,20632.524507,20632.820507,20633.25984,20635.718504,0,2.99999999999994,0.0299999999999997,5.99999999999996,2,3,65,0.5
751,20637.356503,20636.54117,20636.828503,20637.356503,20637.853835,0,NaN,0,7.00000000000003,1,4,66,0.5
752,20656.967816,20655.485151,20656.014484,20656.914483,20659.501814,1,2.99999999999994,0.0299999999999997,7.00000000000003,1,4,66,0.5
753,20661.343145,20660.25048,20660.639813,20661.289812,20663.54381,0,2.99999999999994,0.0299999999999997,5.99999999999996,2,3,65,0.5
754,20665.163141,20664.299809,20664.631142,20665.109808,20668.000472,0,2.99999999999994,0.0299999999999997,5.99999999999996,2,3,65,0.5
755,20671.428469,20670.459136,20670.822469,20671.428469,20686.145787,0,NaN,0,7.00000000000003,1,4,66,0.5
756,20688.124452,20686.69712,20687.253786,20688.071119,20690.381116,0,2.99999999999994,0.0299999999999997,5.99999999999996,2,3,65,0.5
757,20692.373114,20691.257782,20691.573115,20692.319781,20694.244446,1,2.99999999999994,0.0299999999999997,7.00000000000003,1,4,66,0.5
758,20695.910444,20694.902445,20695.275111,20695.857111,20698.212442,1,2.99999999999994,0.0299999999999997,7.00000000000003,1,4,66,0.5
759,20700.441773,20699.421107,20699.76044,20700.339773,20704.794435,1,NaN,0.00999999999999943,7.00000000000003,0,4,66,0.5
760,20714.017093,20712.451761,20713.029094,20713.963759,20716.355757,1,2.99999999999994,0.0299999999999997,7.00000000000003,1,4,66,0.5
761,20718.301755,20717.034423,20717.471756,20718.199755,20725.166415,0,NaN,0.00999999999999943,5.99999999999996,0,3,65,0.5
762,20727.935079,20726.339747,20726.841746,20727.881745,20730.403743,0,2.99999999999994,0.0299999999999997,5.99999999999996,2,3,65,0.5
763,20732.374408,20731.195075,20731.485075,20732.272408,20737.998402,1,NaN,0.00999999999999943,7.00000000000003,0,4,66,0.5
764,20740.1944,20738.945734,20739.378401,20740.141066,20742.280398,1,2.99999999999994,0.0299999999999997,7.00000000000003,1,4,66,0.5
765,20744.475729,20743.305063,20743.771063,20744.422396,20747.847725,1,2.99999999999994,0.0299999999999997,7.00000000000003,1,4,66,0.5
766,20761.233712,20748.611058,20749.88639,NaN,20765.965041,NaN,NaN,0,7.00000000000003,1,4,66,0.5
767,20838.475635,20837.386303,20837.720969,20838.422302,20841.604298,1,2.99999999999994,0.0299999999999997,7.00000000000003,1,4,66,0.5
768,20845.078295,20844.000296,20844.314296,20845.024962,20848.555625,1,2.99999999999994,0.0299999999999997,7.00000000000003,1,4,66,0.5
769,20850.28429,20849.192291,20849.533624,20850.230956,20853.718953,1,2.99999999999994,0.0299999999999997,7.00000000000003,1,4,66,0.5
770,20855.468284,20854.500952,20854.793618,20855.414951,20857.654949,1,2.99999999999994,0.0299999999999997,7.00000000000003,1,4,66,0.5
771,20859.951613,20858.460281,20858.908281,20859.89828,20862.319611,0,2.99999999999994,0.0299999999999997,5.99999999999996,2,3,65,0.5
772,20864.034276,20863.07761,20863.47761,20863.980943,20866.59494,0,2.99999999999994,0.0299999999999997,5.99999999999996,2,3,65,0.5
773,20868.211605,20867.364273,20867.747606,20868.158272,20870.395603,0,2.99999999999994,0.0299999999999997,5.99999999999996,2,3,65,0.5
774,20872.310268,20871.144935,20871.422935,20872.256934,20875.316265,1,2.99999999999994,0.0299999999999997,7.00000000000003,1,4,66,0.5
775,20877.01893,20876.034264,20876.395597,20876.965596,20879.270927,1,2.99999999999994,0.0299999999999997,7.00000000000003,1,4,66,0.5
776,20898.884241,20897.398909,20897.706242,20898.830908,20901.561572,1,2.99999999999994,0.0299999999999997,7.00000000000003,1,4,66,0.5
777,20903.266237,20902.296904,20902.598904,20903.164237,21360.561113,1,NaN,0.00999999999999943,7.00000000000003,0,4,66,0.5
778,21365.679108,21363.172443,21363.810443,21365.625774,21369.015104,0,2.99999999999994,0.0299999999999997,5.99999999999996,2,3,65,0.5
779,21371.109102,21370.121103,21370.300436,21371.055769,21373.1871,1,2.99999999999994,0.0299999999999997,7.00000000000003,1,4,66,0.5
780,21375.265098,21374.227766,21374.555099,21375.211765,21378.447095,1,2.99999999999994,0.0299999999999997,7.00000000000003,1,4,66,0.5
781,21380.151093,21378.991094,21379.387094,21380.09776,21382.703091,0,2.99999999999994,0.0299999999999997,5.99999999999996,2,3,65,0.5
782,21384.313756,21383.427756,21383.781089,21384.260422,21387.001753,0,2.99999999999994,0.0299999999999997,5.99999999999996,2,3,65,0.5
783,21388.414418,21387.625752,21387.983752,21388.361085,21390.865082,0,2.99999999999994,0.0299999999999997,5.99999999999996,2,3,65,0.5
784,21392.811747,21391.665082,21391.925081,21392.758414,21395.229745,1,2.99999999999994,0.0299999999999997,7.00000000000003,1,4,66,0.5
785,21396.96041,21395.945744,21396.289744,21396.907076,21400.16374,1,2.99999999999994,0.0299999999999997,7.00000000000003,1,4,66,0.5
786,21402.412404,21401.200405,21401.633738,21402.359071,21405.253068,0,2.99999999999994,0.0299999999999997,5.99999999999996,2,3,65,0.5
787,21406.779733,21405.940401,21406.277734,21406.7264,21408.786398,0,2.99999999999994,0.0299999999999997,5.99999999999996,2,3,65,0.5
788,21410.594396,21409.461064,21409.750397,21410.541063,21412.591061,1,2.99999999999994,0.0299999999999997,7.00000000000003,1,4,66,0.5
789,21414.162392,21413.22106,21413.53506,21414.109059,21416.13439,1,2.99999999999994,0.0299999999999997,7.00000000000003,1,4,66,0.5
790,21418.157055,21417.144389,21417.463722,21418.103722,21422.065051,1,2.99999999999994,0.0299999999999997,7.00000000000003,1,4,66,0.5
791,21423.734383,21422.536384,21423.035717,21423.68105,21426.469713,0,2.99999999999994,0.0299999999999997,5.99999999999996,2,3,65,0.5
792,21428.298378,21427.249713,21427.554379,21428.245045,21430.397043,1,2.99999999999994,0.0299999999999997,7.00000000000003,1,4,66,0.5
793,21432.225041,21431.083042,21431.521042,21432.171708,21434.773705,0,2.99999999999994,0.0299999999999997,5.99999999999996,2,3,65,0.5
794,21436.373037,21435.467704,21435.807037,21436.319704,21438.655035,0,2.99999999999994,0.0299999999999997,5.99999999999996,2,3,65,0.5
795,21440.1437,21439.281034,21439.6577,21440.090367,21443.120363,0,2.99999999999994,0.0299999999999997,5.99999999999996,2,3,65,0.5
796,21444.515029,21443.76103,21443.991696,21444.515029,21444.889028,0,NaN,0,7.00000000000003,1,4,66,0.5
797,21453.43502,21452.497687,21452.899687,21453.381687,21456.081017,0,2.99999999999994,0.0299999999999997,5.99999999999996,2,3,65,0.5
798,21457.523016,21456.767016,21457.05035,21457.523016,21488.130985,0,NaN,0,7.00000000000003,1,4,66,0.5
799,21493.698313,21492.536314,21492.894314,21493.64498,21495.902977,1,2.99999999999994,0.0299999999999997,7.00000000000003,1,4,66,0.5
800,21497.600976,21496.66831,21496.948976,21497.548309,21499.480307,1,2.99999999999994,0.0299999999999997,7.00000000000003,1,4,66,0.5
801,21501.400972,21500.128973,21500.525639,21501.347639,21504.072969,0,2.99999999999994,0.0299999999999997,5.99999999999996,2,3,65,0.5
802,21505.696968,21504.812302,21505.169635,21505.643634,21507.815632,0,2.99999999999994,0.0299999999999997,5.99999999999996,2,3,65,0.5
803,21509.430964,21508.527631,21508.897631,21509.377631,21512.054961,0,2.99999999999994,0.0299999999999997,5.99999999999996,2,3,65,0.5
804,21513.853626,21512.762294,21513.028294,21513.800293,21516.182957,1,2.99999999999994,0.0299999999999997,7.00000000000003,1,4,66,0.5
805,21518.070289,21516.952956,21517.370956,21518.016955,21520.386286,0,2.99999999999994,0.0299999999999997,5.99999999999996,2,3,65,0.5
806,21522.030285,21521.126952,21521.581618,21521.976951,21524.356282,0,2.99999999999994,0.0299999999999997,5.99999999999996,2,3,65,0.5
807,21525.784947,21524.946948,21525.288281,21525.731614,21528.077612,0,2.99999999999994,0.0299999999999997,5.99999999999996,2,3,65,0.5
808,21529.984277,21528.801611,21529.058278,21529.930943,21532.010941,1,2.99999999999994,0.0299999999999997,7.00000000000003,1,4,66,0.5
809,21533.598273,21532.659607,21532.958274,21533.54494,21535.936937,1,2.99999999999994,0.0299999999999997,7.00000000000003,1,4,66,0.5
810,21537.904935,21536.581603,21537.184269,21537.852269,21540.647599,0,2.99999999999994,0.0299999999999997,5.99999999999996,2,3,65,0.5
811,21542.290264,21541.380265,21541.816265,21542.236931,21544.784262,0,2.99999999999994,0.0299999999999997,5.99999999999996,2,3,65,0.5
812,21546.789593,21545.525594,21545.805594,21546.73626,21549.074924,1,2.99999999999994,0.0299999999999997,7.00000000000003,1,4,66,0.5
813,21550.921589,21549.754257,21550.206923,21550.868922,21553.545586,0,2.99999999999994,0.0299999999999997,5.99999999999996,2,3,65,0.5
814,21555.166251,21554.237586,21554.653585,21555.112918,21557.416249,0,2.99999999999994,0.0299999999999997,5.99999999999996,2,3,65,0.5
815,21558.914914,21558.097582,21558.422248,21558.861581,21561.778245,0,2.99999999999994,0.0299999999999997,5.99999999999996,2,3,65,0.5
816,21563.73091,21562.726244,21563.014244,21563.73091,21568.034239,0,NaN,0,7.00000000000003,1,4,66,0.5
817,21615.348191,21613.835526,21614.324192,21615.348191,21639.166167,1,NaN,0,5.99999999999996,2,3,65,0.5
818,21640.736833,21640.092833,21640.1475,21640.736833,21723.816749,1,NaN,0,5.99999999999996,2,3,65,0.5
819,21778.898028,21777.789362,21778.194695,21778.844694,21780.839359,1,2.99999999999994,0.0299999999999997,7.00000000000003,1,4,66,0.5
820,21783.238023,21782.107358,21782.567357,21783.238023,21787.308686,1,NaN,0,5.99999999999996,2,3,65,0.5
821,21803.141337,21802.229338,21802.608671,21803.088004,21805.202001,0,2.99999999999994,0.0299999999999997,5.99999999999996,2,3,65,0.5
822,21806.750667,21805.905334,21806.242,21806.697333,21808.874664,0,2.99999999999994,0.0299999999999997,5.99999999999996,2,3,65,0.5
823,21810.553329,21809.581997,21809.80933,21810.499996,21812.803327,1,2.99999999999994,0.0299999999999997,7.00000000000003,1,4,66,0.5
824,21814.511325,21813.57866,21813.852659,21814.457992,21816.588657,1,2.99999999999994,0.0299999999999997,7.00000000000003,1,4,66,0.5
825,21818.051989,21817.240656,21817.469989,21817.998655,21820.29332,1,2.99999999999994,0.0299999999999997,7.00000000000003,1,4,66,0.5
826,21821.909318,21821.031986,21821.292652,21821.807318,21822.303985,1,NaN,0.00999999999999943,7.00000000000003,0,4,66,0.5
827,21835.247971,21834.003306,21834.519972,21835.194638,21837.744636,0,2.99999999999994,0.0299999999999997,5.99999999999996,2,3,65,0.5
828,21839.585967,21838.609301,21838.878639,21839.532634,21841.409965,1,2.99999999999994,0.0299999999999997,7.00000000000003,1,4,66,0.5
829,21843.45463,21842.173298,21842.696631,21843.45463,21843.949963,1,NaN,0,5.99999999999996,2,3,65,0.5
830,21862.961277,21861.755945,21862.238611,21862.907944,21865.264608,0,2.99999999999994,0.0299999999999997,5.99999999999996,2,3,65,0.5
831,21866.99194,21866.194607,21866.552607,21866.938606,21869.056604,0,2.99999999999994,0.0299999999999997,5.99999999999996,2,3,65,0.5
832,21870.647936,21869.81327,21870.148603,21870.594603,21872.777934,0,2.99999999999994,0.0299999999999997,5.99999999999996,2,3,65,0.5
833,21874.499265,21873.477266,21873.763933,21874.445932,21876.156597,1,2.99999999999994,0.0299999999999997,7.00000000000003,1,4,66,0.5
834,21878.034595,21876.795263,21877.207263,21878.034595,22235.986904,1,NaN,0,5.99999999999996,0,3,65,0.5
835,22237.487569,22236.544903,22236.900236,22237.487569,22239.378901,1,NaN,0,5.99999999999996,0,3,65,0.5
836,22247.00156,22246.020227,22246.240894,22246.948226,22249.88489,1,2.99999999999994,0.0299999999999997,7.00000000000003,1,4,66,0.5
837,22252.205554,22250.692889,22251.136889,22252.103554,22253.75422,0,NaN,0.00999999999999943,5.99999999999996,0,3,65,0.5
838,22259.582214,22258.622881,22258.867548,22259.52888,22261.736878,1,2.99999999999994,0.0299999999999997,7.00000000000003,1,4,66,0.5
839,22263.742876,22262.603544,22263.008877,22263.689543,NaN,0,2.99999999999994,0.0299999999999997,5.99999999999996,2,3,65,0.5
