trial,outcome,center_in,center_out,side_in,last_side_out,actions,reward,trial_types,odors,port_side,schedule,odor_name,odor_dur
1,1075.187728,1069.557251,1069.77675,1075.187728,1083.96336,1,NaN,0,5.99999999999996,2,5,65,0.5
2,1087.507179,1084.609363,1084.672696,1087.507179,1106.241271,1,NaN,0,5.99999999999996,2,5,65,0.5
3,1108.575767,1106.961441,1107.804432,1108.575767,1112.865911,0,NaN,0,7.00000000000003,1,6,66,0.5
4,1123.074204,1114.388572,1114.467071,1123.021876,1147.679105,0,1.99999999999996,0.0200000000000003,5.99999999999996,2,5,65,0.5
5,1149.805769,1149.177099,1149.256765,1149.753431,1169.500352,0,1.99999999999996,0.0200000000000003,5.99999999999996,2,5,65,0.5
6,1172.263513,1170.769846,1171.396016,1172.263513,1190.625933,0,NaN,0,7.00000000000003,1,6,66,0.5
7,1193.192596,1191.965595,1192.361932,1193.140257,1210.46336,1,1.99999999999996,0.0200000000000003,7.00000000000003,1,6,66,0.5
8,1212.062353,1210.962852,1211.007852,1212.062353,1220.930485,1,NaN,0,5.99999999999996,2,5,65,0.5
9,1222.20848,1221.479976,1221.784309,1222.20848,1237.091914,0,NaN,0,7.00000000000003,1,6,66,0.5
10,1244.899889,1237.680751,1238.072077,1244.84755,1256.953668,0,1.99999999999996,0.0200000000000003,5.99999999999996,2,5,65,0.5
11,1258.144669,1257.323167,1257.632499,1258.144669,1268.112629,0,NaN,0,7.00000000000003,1,6,66,0.5
12,1270.331287,1268.673127,1269.111125,1270.331287,1271.076617,0,NaN,0,7.00000000000003,1,6,66,0.5
13,1283.983399,1282.318739,1282.455572,1283.983399,1287.88255,0,NaN,0,7.00000000000003,1,6,66,0.5
14,1291.807695,1290.951371,1291.214198,1291.807695,1299.358498,0,NaN,0,7.00000000000003,1,6,66,0.5
15,1300.768665,1299.87183,1300.158168,1300.716493,1303.159156,1,1.99999999999996,0.0200000000000003,7.00000000000003,1,6,66,0.5
16,1311.057291,1306.991974,1307.279467,1310.956285,1318.05909,0,NaN,0.00999999999999943,5.99999999999996,0,5,65,0.5
17,1329.773716,1322.108907,1322.13458,NaN,1332.214534,NaN,NaN,0,7.00000000000003,0,6,66,0.5
18,1352.25662,1349.615303,1349.966629,1352.25662,1352.517953,0,NaN,0,7.00000000000003,1,6,66,0.5
19,1376.979021,1369.178052,1367.312894,NaN,1383.245663,NaN,NaN,0,7.00000000000003,1,6,66,0.5
20,1385.213155,1384.364492,1384.663657,1385.213155,1411.430723,0,NaN,0,7.00000000000003,1,6,66,0.5
21,1413.327215,1412.178047,1412.517718,1413.325043,1417.910363,1,1.99999999999996,0.0200000000000003,7.00000000000003,1,6,66,0.5
22,1421.197178,1418.577355,1418.928187,1421.14485,1428.303489,0,1.99999999999996,0.0200000000000003,5.99999999999996,2,5,65,0.5
23,1431.440137,1429.337145,1429.385812,1431.437809,1435.207128,1,1.99999999999996,0.0200000000000003,7.00000000000003,1,6,66,0.5
24,1436.71395,1435.855286,1436.194784,1436.71395,1443.399595,0,NaN,0,7.00000000000003,1,6,66,0.5
25,1445.026255,1444.197092,1444.306252,1444.974083,1448.831901,0,1.99999999999996,0.0200000000000003,5.99999999999996,2,5,65,0.5
26,1450.282901,1449.49907,1449.64973,1450.282901,1458.413862,0,NaN,0,7.00000000000003,1,6,66,0.5
27,1460.110695,1459.402025,1459.418525,1460.110695,1465.340507,1,NaN,0,5.99999999999996,2,5,65,0.5
28,1468.136323,1466.519836,1466.748829,1468.136323,1479.721277,1,NaN,0,5.99999999999996,0,5,65,0.5
29,1481.130939,1480.089948,1480.287114,1481.129777,1486.991248,0,NaN,0.00999999999999943,5.99999999999996,0,5,65,0.5
30,1493.95022,1493.00173,1493.357723,1493.95022,1502.665018,1,NaN,0,5.99999999999996,2,5,65,0.5
31,1504.229851,1503.267017,1503.596181,1504.227685,1518.461961,1,1.99999999999996,0.0200000000000003,7.00000000000003,1,6,66,0.5
32,1521.105779,1520.059121,1520.462281,1521.105779,1527.750418,0,NaN,0,7.00000000000003,1,6,66,0.5
33,1539.605371,1529.074747,1529.193913,NaN,NaN,NaN,NaN,0,5.99999999999996,2,5,65,0.5
34,1573.117743,1563.319442,1564.047273,1573.06557,1587.197681,0,1.99999999999996,0.0200000000000003,5.99999999999996,2,5,65,0.5
35,1589.72251,1587.818517,1588.136176,1589.720176,1597.37764,0,1.99999999999996,0.0200000000000003,5.99999999999996,2,5,65,0.5
36,1599.460137,1598.710801,1598.876801,1599.457965,1609.73609,0,1.99999999999996,0.0200000000000003,5.99999999999996,2,5,65,0.5
37,1610.714926,1610.291094,1610.333594,1610.714926,1617.180394,0,NaN,0,7.00000000000003,1,6,66,0.5
38,1618.964721,1617.910063,1618.281395,1618.963559,1623.487708,0,NaN,0.00999999999999943,5.99999999999996,0,5,65,0.5
39,1629.736849,1626.543023,1627.83969,1629.734677,1634.769829,0,1.99999999999996,0.0200000000000003,5.99999999999996,2,5,65,0.5
40,1636.404823,1635.481154,1635.730825,1636.352484,1637.906644,0,1.99999999999996,0.0200000000000003,5.99999999999996,2,5,65,0.5
41,1640.156468,1639.437971,1639.67397,1640.156468,1685.442293,0,NaN,0,7.00000000000003,1,6,66,0.5
42,1703.879547,1702.725385,1702.876724,1703.879547,1710.744019,0,NaN,0,7.00000000000003,1,6,66,0.5
43,1712.830345,1711.252851,1711.547516,1712.830345,1718.093329,1,NaN,0,5.99999999999996,2,5,65,0.5
44,1721.154145,1719.857983,1720.151482,1721.152984,1724.886802,1,NaN,0.00999999999999943,7.00000000000003,0,6,66,0.5
45,1729.512784,1728.021623,1728.577121,1729.510617,1732.261601,0,1.99999999999996,0.0200000000000003,5.99999999999996,2,5,65,0.5
46,1733.775267,1733.063103,1733.260602,1733.775267,1739.06074,0,NaN,0,7.00000000000003,1,6,66,0.5
47,1740.916399,1740.215069,1740.235401,1740.916399,1747.549378,1,NaN,0,5.99999999999996,2,5,65,0.5
48,1748.79404,1748.08637,1748.266703,1748.791873,1754.145512,0,1.99999999999996,0.0200000000000003,5.99999999999996,2,5,65,0.5
49,1755.871512,1755.093181,1755.354341,1755.871512,1766.647135,0,NaN,0,7.00000000000003,1,6,66,0.5
50,1770.255615,1767.680464,1769.111619,1770.253448,1774.900769,1,1.99999999999996,0.0200000000000003,7.00000000000003,1,6,66,0.5
51,1776.726928,1775.696593,1775.939931,1776.724761,1780.946572,0,1.99999999999996,0.0200000000000003,5.99999999999996,2,5,65,0.5
52,1783.456229,1781.876568,1782.520066,1783.403901,1786.998048,1,1.99999999999996,0.0200000000000003,7.00000000000003,1,6,66,0.5
53,1789.343211,1788.226543,1788.493714,1789.291039,1802.918985,1,1.99999999999996,0.0200000000000003,7.00000000000003,1,6,66,0.5
54,1804.757149,1803.941313,1803.972313,1804.704811,1813.546108,0,1.99999999999996,0.0200000000000003,5.99999999999996,2,5,65,0.5
55,1815.013102,1814.194945,1814.356438,1815.013102,1820.548586,0,NaN,0,7.00000000000003,1,6,66,0.5
56,1821.927075,1821.338078,1821.45791,1821.927075,1835.282521,0,NaN,0,7.00000000000003,1,6,66,0.5
57,1845.861646,1844.882483,1845.055982,1845.859479,1849.004306,0,1.99999999999996,0.0200000000000003,5.99999999999996,2,5,65,0.5
58,1850.074801,1849.542137,1849.606803,1850.024302,1854.235112,0,1.99999999999996,0.0200000000000003,5.99999999999996,2,5,65,0.5
59,1855.382608,1854.74011,1854.766944,1855.382608,1861.412256,0,NaN,0,7.00000000000003,0,6,66,0.5
60,1862.678918,1861.753249,1862.017587,1862.626579,1896.691282,1,1.99999999999996,0.0200000000000003,7.00000000000003,1,6,66,0.5
61,1898.867106,1897.337279,1897.606439,1898.86494,1902.591419,1,1.99999999999996,0.0200000000000003,7.00000000000003,1,6,66,0.5
62,1903.992246,1903.143256,1903.182083,1903.992246,1912.638545,0,NaN,0,7.00000000000003,0,6,66,0.5
63,1914.459711,1913.165043,1913.508542,1914.458705,1919.459852,1,NaN,0.00999999999999943,7.00000000000003,0,6,66,0.5
64,1921.309683,1920.397014,1920.613353,1921.307516,1923.179004,1,1.99999999999996,0.0200000000000003,7.00000000000003,1,6,66,0.5
65,1924.563337,1923.645501,1923.856006,1924.563337,1932.444299,1,NaN,0,5.99999999999996,2,5,65,0.5
66,1934.137465,1933.378462,1933.496462,1934.085132,1943.092763,0,1.99999999999996,0.0200000000000003,5.99999999999996,2,5,65,0.5
67,1944.65559,1944.008092,1944.149086,1944.65559,1949.859902,0,NaN,0,7.00000000000003,1,6,66,0.5
68,1957.85887,1954.630711,1956.861202,1957.806531,1963.368182,1,1.99999999999996,0.0200000000000003,7.00000000000003,1,6,66,0.5
69,1965.834505,1964.536004,1964.57551,1965.782172,1968.236989,0,1.99999999999996,0.0200000000000003,5.99999999999996,2,5,65,0.5
70,1969.944989,1969.161486,1969.257486,1969.944989,1976.080125,0,NaN,0,7.00000000000003,1,6,66,0.5
71,1977.422453,1976.672789,1976.929621,1977.422453,1984.399431,0,NaN,0,7.00000000000003,1,6,66,0.5
72,1987.891744,1985.220594,1986.793415,1987.891744,1993.76956,1,NaN,0,5.99999999999996,2,5,65,0.5
73,1995.241381,1994.326558,1994.65805,1995.241381,2003.004023,0,NaN,0,7.00000000000003,1,6,66,0.5
74,2005.780845,2004.228513,2004.932515,2005.780845,2008.089331,0,NaN,0,7.00000000000003,1,6,66,0.5
75,2013.638314,2012.22548,2012.691145,2013.636142,2016.056966,1,1.99999999999996,0.0200000000000003,7.00000000000003,1,6,66,0.5
76,2018.344122,2017.008962,2017.361626,2018.344122,2023.834934,1,NaN,0,5.99999999999996,2,5,65,0.5
77,2025.418428,2024.496932,2024.770436,2025.366095,2034.625225,1,1.99999999999996,0.0200000000000003,7.00000000000003,1,6,66,0.5
78,2036.117552,2035.242727,2035.442393,2036.115385,2041.864868,0,1.99999999999996,0.0200000000000003,5.99999999999996,2,5,65,0.5
79,2043.194856,2042.414199,2042.589192,2043.194856,2052.546158,0,NaN,0,7.00000000000003,1,6,66,0.5
80,2054.109319,2053.046817,2053.529982,2054.056979,2060.983624,1,1.99999999999996,0.0200000000000003,7.00000000000003,1,6,66,0.5
81,2062.384447,2061.462456,2061.752955,2062.38228,2067.865592,0,1.99999999999996,0.0200000000000003,5.99999999999996,2,5,65,0.5
82,2070.638586,2069.80125,2070.004422,2070.586247,2075.790565,1,1.99999999999996,0.0200000000000003,7.00000000000003,1,6,66,0.5
83,2077.712218,2076.912055,2077.13922,2077.712218,2084.345358,0,NaN,0,7.00000000000003,1,6,66,0.5
84,2085.828686,2084.989862,2085.202355,2085.828686,2092.455327,1,NaN,0,5.99999999999996,2,5,65,0.5
85,2093.903153,2093.000491,2093.256156,2093.903153,2100.754799,0,NaN,0,7.00000000000003,1,6,66,0.5
86,2102.692118,2101.852789,2102.195287,2102.692118,2107.606933,0,NaN,0,7.00000000000003,1,6,66,0.5
87,2109.520758,2108.84426,2108.8731,2109.520758,2114.756904,1,NaN,0,5.99999999999996,2,5,65,0.5
88,2116.459063,2115.500906,2115.767905,2116.459063,2117.111728,1,NaN,0,5.99999999999996,0,5,65,0.5
89,2158.950233,2158.230902,2158.250563,2158.897894,2197.111247,0,1.99999999999996,0.0200000000000003,5.99999999999996,2,5,65,0.5
90,2415.914365,2411.266717,2413.06421,2415.914365,2424.015333,0,NaN,0,7.00000000000003,1,6,66,0.5
91,2427.612658,2424.952163,2425.688326,2427.612658,2443.457095,1,NaN,0,5.99999999999996,2,5,65,0.5
92,2446.020751,2444.810422,2445.236254,2446.020751,2456.798535,1,NaN,0,5.99999999999996,2,5,65,0.5
93,2458.666694,2457.449205,2458.055864,2458.666694,2465.235007,0,NaN,0,7.00000000000003,1,6,66,0.5
94,2467.496827,2465.725339,2466.350003,2467.494659,2477.094127,1,1.99999999999996,0.0200000000000003,7.00000000000003,1,6,66,0.5
95,2479.88411,2478.638949,2479.194612,2479.88411,2493.80906,0,NaN,0,7.00000000000003,1,6,66,0.5
96,2495.383387,2494.362218,2494.444224,2495.383387,2500.997858,1,NaN,0,5.99999999999996,2,5,65,0.5
97,2502.954018,2502.009188,2502.301354,2502.95169,2507.550838,0,1.99999999999996,0.0200000000000003,5.99999999999996,2,5,65,0.5
98,2509.853823,2508.609495,2509.10016,2509.853823,2517.022967,0,NaN,0,7.00000000000003,1,6,66,0.5
99,2519.473124,2518.526789,2518.90062,2519.473124,2528.851086,1,NaN,0,5.99999999999996,2,5,65,0.5
100,2530.435074,2529.481417,2529.73541,2530.435074,2535.51722,0,NaN,0,7.00000000000003,1,6,66,0.5
101,2537.640718,2536.128718,2536.798549,2537.640718,2544.298685,1,NaN,0,5.99999999999996,2,5,65,0.5
102,2546.355683,2545.462514,2545.467847,2546.355683,2548.02601,1,NaN,0,5.99999999999996,2,5,65,0.5
103,2552.769319,2552.025155,2552.14732,2552.716824,2556.880303,0,1.99999999999996,0.0200000000000003,5.99999999999996,2,5,65,0.5
104,2558.268469,2557.680971,2557.882137,2558.268469,2564.472111,0,NaN,0,7.00000000000003,1,6,66,0.5
105,2566.909767,2565.017942,2565.770272,2566.857434,2569.602757,1,1.99999999999996,0.0200000000000003,7.00000000000003,1,6,66,0.5
106,2571.17675,2570.197582,2570.45442,2571.124578,2572.643572,1,1.99999999999996,0.0200000000000003,7.00000000000003,1,6,66,0.5
107,2574.664897,2573.944567,2574.125739,2574.664897,2581.360543,0,NaN,0,7.00000000000003,0,6,66,0.5
108,2582.6422,2581.866202,2582.176201,2582.6422,2590.4905,0,NaN,0,7.00000000000003,1,6,66,0.5
109,2592.129327,2591.17417,2591.474502,2592.129327,2610.478754,0,NaN,0,7.00000000000003,0,6,66,0.5
110,2612.061581,2611.003086,2611.288417,2612.061581,2618.336889,0,NaN,0,7.00000000000003,1,6,66,0.5
111,2620.258887,2619.009726,2619.342386,2620.206548,2622.763377,1,1.99999999999996,0.0200000000000003,7.00000000000003,1,6,66,0.5
112,2623.986866,2623.22637,2623.457202,2623.986866,2629.218518,1,NaN,0,5.99999999999996,2,5,65,0.5
113,2631.422337,2630.532674,2630.849172,2631.422337,2637.274647,0,NaN,0,7.00000000000003,0,6,66,0.5
114,2638.453476,2637.643478,2637.874478,2638.401148,2647.920777,0,1.99999999999996,0.0200000000000003,5.99999999999996,2,5,65,0.5
115,2650.708594,2649.318432,2649.926929,2650.708594,2657.913064,1,NaN,0,5.99999999999996,2,5,65,0.5
116,2660.168389,2659.027726,2659.311058,2660.167228,2671.299177,1,NaN,0.00999999999999943,7.00000000000003,0,6,66,0.5
117,2672.885177,2671.872348,2672.123341,2672.832838,2678.473815,0,1.99999999999996,0.0200000000000003,5.99999999999996,2,5,65,0.5
118,2680.013309,2679.040152,2679.295313,2680.013309,2690.030442,0,NaN,0,7.00000000000003,1,6,66,0.5
119,2691.41393,2690.45494,2690.730605,2691.41393,2698.169242,0,NaN,0,7.00000000000003,1,6,66,0.5
120,2700.451395,2698.941901,2699.545564,2700.399067,2706.788202,1,1.99999999999996,0.0200000000000003,7.00000000000003,1,6,66,0.5
121,2708.375863,2707.526366,2707.751531,2708.375863,2721.614143,1,NaN,0,5.99999999999996,2,5,65,0.5
122,2723.428135,2722.087141,2722.755811,2723.428135,2729.68711,1,NaN,0,5.99999999999996,2,5,65,0.5
123,2731.745108,2730.287775,2731.002611,2731.692769,2736.624255,1,1.99999999999996,0.0200000000000003,7.00000000000003,1,6,66,0.5
124,2739.532577,2737.922578,2738.501908,2739.480404,2744.851217,0,1.99999999999996,0.0200000000000003,5.99999999999996,2,5,65,0.5
125,2746.836208,2745.633714,2745.835052,2746.834042,2750.786699,0,1.99999999999996,0.0200000000000003,5.99999999999996,2,5,65,0.5
126,2752.332192,2751.437857,2751.615362,2752.279853,2759.230492,0,1.99999999999996,0.0200000000000003,5.99999999999996,2,5,65,0.5
127,2760.66382,2759.760491,2759.923323,2760.66382,2768.14029,0,NaN,0,7.00000000000003,1,6,66,0.5
128,2769.419291,2768.506955,2768.809954,2769.419291,2776.988927,1,NaN,0,5.99999999999996,2,5,65,0.5
129,2778.888919,2777.678091,2777.99075,2778.888919,2785.514721,0,NaN,0,7.00000000000003,1,6,66,0.5
130,2787.298881,2786.262551,2786.54305,2787.246553,2791.060532,1,1.99999999999996,0.0200000000000003,7.00000000000003,1,6,66,0.5
131,2792.703031,2791.917201,2792.122527,2792.703031,2799.230499,1,NaN,0,5.99999999999996,2,5,65,0.5
132,2800.983492,2799.790497,2800.3585,2800.931165,2805.011809,0,2.99999999999994,0.0299999999999997,5.99999999999996,2,5,65,0.5
133,2806.024478,2805.475974,2805.533807,2806.024478,2813.465608,0,NaN,0,7.00000000000003,0,6,66,0.5
134,2815.039608,2813.998107,2814.363106,2814.987269,2820.436747,1,2.99999999999994,0.0299999999999997,7.00000000000003,1,6,66,0.5
135,2821.862576,2820.932085,2821.188911,2821.810248,2835.866358,1,2.99999999999994,0.0299999999999997,7.00000000000003,1,6,66,0.5
136,2838.056849,2836.577017,2837.03852,2838.055843,2845.558319,0,NaN,0.00999999999999943,5.99999999999996,0,5,65,0.5
137,2847.391139,2846.129151,2846.470644,2847.391139,2853.928947,0,NaN,0,7.00000000000003,1,6,66,0.5
138,2855.136614,2854.359112,2854.596617,2855.134448,2858.784433,0,2.99999999999994,0.0299999999999997,5.99999999999996,2,5,65,0.5
139,2859.859762,2859.403431,2859.425758,2859.859762,2866.757229,0,NaN,0,7.00000000000003,1,6,66,0.5
140,2868.073224,2867.257393,2867.579231,2868.073224,2875.130362,0,NaN,0,7.00000000000003,1,6,66,0.5
141,2876.647195,2875.847532,2876.089358,2876.647195,2887.508813,0,NaN,0,7.00000000000003,1,6,66,0.5
142,2888.961979,2887.931311,2888.311815,2888.959807,2891.211297,0,2.99999999999994,0.0299999999999997,5.99999999999996,2,5,65,0.5
143,2892.282299,2891.790135,2891.905461,2892.282299,2900.65526,0,NaN,0,7.00000000000003,1,6,66,0.5
144,2901.794761,2901.045764,2901.251924,2901.794761,2908.02457,0,NaN,0,7.00000000000003,1,6,66,0.5
145,2909.877562,2908.533901,2908.856894,2909.825229,2912.327219,1,2.99999999999994,0.0299999999999997,7.00000000000003,1,6,66,0.5
146,2914.107379,2913.295549,2913.494214,2914.055045,2923.938,1,2.99999999999994,0.0299999999999997,7.00000000000003,1,6,66,0.5
147,2925.998659,2925.207496,2925.397494,2925.946331,2929.91931,0,2.99999999999994,0.0299999999999997,5.99999999999996,2,5,65,0.5
148,2931.030306,2930.497474,2930.529473,2931.018811,2941.524096,0,2.99999999999994,0.0299999999999997,5.99999999999996,2,5,65,0.5
149,2943.094091,2941.972428,2942.19226,2943.094091,2949.993235,0,NaN,0,7.00000000000003,1,6,66,0.5
150,2951.336896,2950.613566,2950.734726,2951.336896,2957.309367,1,NaN,0,5.99999999999996,2,5,65,0.5
151,2958.364196,2957.662204,2957.839864,2958.364196,2965.547167,0,NaN,0,7.00000000000003,1,6,66,0.5
152,2967.120167,2966.22417,2966.520336,2967.067833,2973.401969,1,2.99999999999994,0.0299999999999997,7.00000000000003,1,6,66,0.5
153,2974.442465,2974.003466,2974.040633,2974.442465,2984.306258,1,NaN,0,5.99999999999996,2,5,65,0.5
154,2985.970919,2984.683757,2985.283589,2985.918591,2993.548394,0,2.99999999999994,0.0299999999999997,5.99999999999996,2,5,65,0.5
155,2994.683723,2994.165719,2994.212558,2994.683723,3000.493033,0,NaN,0,7.00000000000003,1,6,66,0.5
156,3001.858028,3000.936031,3001.122531,3001.857022,3008.870494,0,NaN,0.00999999999999943,5.99999999999996,0,5,65,0.5
157,3010.801153,3009.302992,3009.766163,3010.801153,3016.696463,0,NaN,0,7.00000000000003,0,6,66,0.5
158,3018.630294,3017.469632,3017.804131,3018.628127,3023.382602,0,2.99999999999994,0.0299999999999997,5.99999999999996,2,5,65,0.5
159,3024.951596,3023.933601,3024.052267,3024.951596,3031.426743,0,NaN,0,7.00000000000003,1,6,66,0.5
160,3033.124736,3031.972907,3032.245067,3033.12373,3039.948537,1,NaN,0.00999999999999943,7.00000000000003,0,6,66,0.5
161,3041.427363,3040.351368,3040.744533,3041.427363,3049.454165,1,NaN,0,5.99999999999996,2,5,65,0.5
162,3054.648144,3053.615487,3053.958981,3054.595817,3057.182968,1,2.99999999999994,0.0299999999999997,7.00000000000003,1,6,66,0.5
163,3058.661295,3057.764965,3058.02763,3058.609128,3063.867441,1,2.99999999999994,0.0299999999999997,7.00000000000003,1,6,66,0.5
164,3065.731439,3064.899275,3064.994269,3065.731439,3072.957904,1,NaN,0,5.99999999999996,2,5,65,0.5
165,3074.241232,3073.502402,3073.710568,3074.241232,3083.887033,0,NaN,0,7.00000000000003,1,6,66,0.5
166,3084.915029,3084.326531,3084.46953,3084.862856,3088.655675,0,2.99999999999994,0.0299999999999997,5.99999999999996,2,5,65,0.5
167,3092.576159,3091.455336,3091.870668,3092.576159,3098.455808,1,NaN,0,5.99999999999996,2,5,65,0.5
168,3099.851302,3098.901806,3099.203805,3099.798963,3104.185952,1,2.99999999999994,0.0299999999999997,7.00000000000003,1,6,66,0.5
169,3105.771439,3104.928115,3105.170448,3105.771439,3112.473752,1,NaN,0,5.99999999999996,0,5,65,0.5
170,3114.026407,3113.112583,3113.413081,3113.974079,3117.405565,1,2.99999999999994,0.0299999999999997,7.00000000000003,1,6,66,0.5
171,3118.770727,3117.978724,3118.195057,3118.718222,3128.272349,1,2.99999999999994,0.0299999999999997,7.00000000000003,1,6,66,0.5
172,3129.727511,3128.874853,3129.209685,3129.675183,3132.900498,0,2.99999999999994,0.0299999999999997,5.99999999999996,2,5,65,0.5
173,3134.037999,3133.329496,3133.352168,3133.98566,3144.975282,0,2.99999999999994,0.0299999999999997,5.99999999999996,2,5,65,0.5
174,3146.077778,3145.392453,3145.538614,3146.077778,3158.710895,0,NaN,0,7.00000000000003,1,6,66,0.5
175,3160.484726,3159.560225,3159.735896,3160.483721,3166.203364,0,NaN,0.00999999999999943,5.99999999999996,0,5,65,0.5
176,3167.601859,3166.675202,3166.858362,3167.601859,3173.74784,0,NaN,0,7.00000000000003,1,6,66,0.5
177,3174.936829,3174.279165,3174.532004,3174.936829,3181.341304,0,NaN,0,7.00000000000003,1,6,66,0.5
178,3183.01797,3181.797469,3182.446299,3182.965637,3187.011781,1,2.99999999999994,0.0299999999999997,7.00000000000003,1,6,66,0.5
179,3188.356942,3187.641451,3187.772278,3188.356942,3194.03142,1,NaN,0,5.99999999999996,2,5,65,0.5
180,3195.483414,3194.439585,3194.966755,3195.483414,3202.94789,0,NaN,0,7.00000000000003,1,6,66,0.5
181,3204.72021,3203.694548,3204.114713,3204.72021,3210.975518,1,NaN,0,5.99999999999996,2,5,65,0.5
182,3212.962344,3211.819348,3212.322013,3212.962344,3218.958659,1,NaN,0,5.99999999999996,2,5,65,0.5
183,3220.242815,3219.329486,3219.674817,3220.190316,3226.866122,0,2.99999999999994,0.0299999999999997,5.99999999999996,2,5,65,0.5
184,3228.261122,3227.260953,3227.610952,3228.208783,3233.422262,0,2.99999999999994,0.0299999999999997,5.99999999999996,2,5,65,0.5
185,3234.874429,3234.029099,3234.209765,3234.873423,3240.940238,0,NaN,0.00999999999999943,5.99999999999996,0,5,65,0.5
186,3242.982391,3241.758235,3242.215566,3242.930057,3248.9257,0,2.99999999999994,0.0299999999999997,5.99999999999996,2,5,65,0.5
187,3250.305034,3249.316532,3249.435198,3250.305034,3256.406503,0,NaN,0,7.00000000000003,1,6,66,0.5
188,3258.584495,3257.296501,3257.802004,3258.531996,3263.029644,1,2.99999999999994,0.0299999999999997,7.00000000000003,1,6,66,0.5
189,3264.248805,3263.434642,3263.747813,3264.248805,3269.989783,1,NaN,0,5.99999999999996,2,5,65,0.5
190,3271.51661,3270.513953,3270.815446,3271.464283,3277.38592,0,2.99999999999994,0.0299999999999997,5.99999999999996,2,5,65,0.5
191,3278.712087,3278.016256,3278.18325,3278.712087,3285.112228,0,NaN,0,7.00000000000003,1,6,66,0.5
192,3286.801716,3285.56572,3286.070385,3286.799388,3292.303526,0,2.99999999999994,0.0299999999999997,5.99999999999996,2,5,65,0.5
193,3294.142858,3293.093529,3293.393361,3294.141852,3300.816493,0,NaN,0.00999999999999943,5.99999999999996,0,5,65,0.5
194,3302.451992,3301.263997,3301.868161,3302.39982,3306.680802,1,2.99999999999994,0.0299999999999997,7.00000000000003,1,6,66,0.5
195,3308.124963,3307.438799,3307.458138,3308.124963,3313.591941,1,NaN,0,5.99999999999996,2,5,65,0.5
196,3315.228101,3314.081939,3314.485438,3315.226935,3321.388077,1,NaN,0.00999999999999943,7.00000000000003,0,6,66,0.5
197,3322.772744,3321.741409,3322.207913,3322.772744,3328.336216,0,NaN,0,7.00000000000003,1,6,66,0.5
198,3330.108543,3328.900219,3329.285385,3330.056215,3332.881037,1,2.99999999999994,0.0299999999999997,7.00000000000003,1,6,66,0.5
199,3334.332364,3333.567195,3333.930366,3334.332364,3342.797492,1,NaN,0,5.99999999999996,2,5,65,0.5
200,3346.774315,3343.920826,3345.51298,3346.774315,3353.233455,1,NaN,0,5.99999999999996,2,5,65,0.5
201,3354.788277,3353.635448,3354.078785,3354.735783,3357.603932,1,2.99999999999994,0.0299999999999997,7.00000000000003,1,6,66,0.5
202,3358.991932,3358.155096,3358.449262,3358.939593,3365.140236,1,2.99999999999994,0.0299999999999997,7.00000000000003,1,6,66,0.5
203,3366.767729,3366.165398,3366.341398,3366.767729,3374.1042,1,NaN,0,5.99999999999996,2,5,65,0.5
204,3375.751859,3374.548364,3374.899869,3375.751859,3382.040668,0,NaN,0,7.00000000000003,1,6,66,0.5
205,3383.814328,3382.628499,3383.135996,3383.81216,3388.553141,0,2.99999999999994,0.0299999999999997,5.99999999999996,2,5,65,0.5
206,3389.770304,3388.978479,3389.163306,3389.717976,3393.748455,0,2.99999999999994,0.0299999999999997,5.99999999999996,2,5,65,0.5
207,3396.55061,3395.573616,3395.923618,3396.55061,3403.108083,0,NaN,0,7.00000000000003,1,6,66,0.5
208,3404.366418,3403.597915,3403.808748,3404.364246,3407.97107,0,2.99999999999994,0.0299999999999997,5.99999999999996,2,5,65,0.5
209,3409.54673,3408.721067,3408.962899,3409.54673,3414.985703,0,NaN,0,7.00000000000003,1,6,66,0.5
210,3416.301364,3415.41254,3415.704366,3416.301364,3423.562669,0,NaN,0,7.00000000000003,1,6,66,0.5
211,3425.194001,3423.957667,3424.577665,3425.194001,3431.867802,1,NaN,0,5.99999999999996,0,5,65,0.5
212,3433.612301,3432.265301,3432.886797,3433.559961,3487.293753,1,2.99999999999994,0.0299999999999997,7.00000000000003,1,6,66,0.5
213,3490.38574,3487.95325,3489.586737,3490.333568,3494.465885,1,2.99999999999994,0.0299999999999997,7.00000000000003,1,6,66,0.5
214,3496.36955,3495.136716,3495.605213,3496.317377,3500.180862,0,2.99999999999994,0.0299999999999997,5.99999999999996,2,5,65,0.5
215,3501.318858,3500.557199,3500.785693,3501.318858,3505.983511,1,NaN,0,5.99999999999996,2,5,65,0.5
216,3507.933003,3506.851835,3507.261173,3507.933003,3514.752309,0,NaN,0,7.00000000000003,0,6,66,0.5
217,3516.414636,3515.096303,3515.510634,3516.413631,3524.381771,0,NaN,0.00999999999999943,5.99999999999996,0,5,65,0.5
218,3525.795426,3524.883263,3525.276434,3525.795426,3530.584241,1,NaN,0,5.99999999999996,2,5,65,0.5
219,3993.66156,3990.292907,3991.151065,3993.609221,4021.823448,0,2.99999999999994,0.0299999999999997,5.99999999999996,2,5,65,0.5
220,4028.17225,4027.146254,4027.564925,4028.17225,4032.791904,0,NaN,0,7.00000000000003,0,6,66,0.5
221,4037.11088,4033.860894,4036.244384,4037.10972,4043.481855,1,NaN,0.00999999999999943,7.00000000000003,0,6,66,0.5
222,4044.837522,4043.88152,4044.284852,4044.837522,4050.175328,1,NaN,0,5.99999999999996,2,5,65,0.5
223,4054.371151,4052.110827,4053.557654,4054.371151,4061.589451,1,NaN,0,5.99999999999996,0,5,65,0.5
224,4065.394268,4062.05262,4064.318438,4065.393107,4065.474773,1,NaN,0.00999999999999943,7.00000000000003,0,6,66,0.5
225,4086.595683,4085.153355,4085.650354,4086.595683,4092.002494,1,NaN,0,5.99999999999996,2,5,65,0.5
226,4093.630488,4092.564159,4093.020158,4093.630488,4099.464131,0,NaN,0,7.00000000000003,1,6,66,0.5
227,4102.850284,4100.021802,4102.051293,4102.850284,4118.010058,1,NaN,0,5.99999999999996,2,5,65,0.5
228,4119.514051,4118.483228,4118.936387,4119.514051,4124.366204,1,NaN,0,5.99999999999996,2,5,65,0.5
229,4126.633856,4125.630527,4125.967525,4126.633856,4132.784837,1,NaN,0,5.99999999999996,2,5,65,0.5
230,4135.734325,4134.855996,4135.133988,4135.681986,4137.285153,0,2.99999999999994,0.0299999999999997,5.99999999999996,2,5,65,0.5
231,4142.267299,4137.854811,4141.478297,4142.21496,4146.228283,1,2.99999999999994,0.0299999999999997,7.00000000000003,1,6,66,0.5
232,4147.591439,4146.821442,4147.05778,4147.591439,4154.284912,1,NaN,0,5.99999999999996,2,5,65,0.5
233,4157.976897,4156.754403,4157.445066,4157.976897,4164.363872,0,NaN,0,7.00000000000003,1,6,66,0.5
234,4168.157524,4166.49653,4167.231527,4168.157524,4213.12251,0,NaN,0,7.00000000000003,1,6,66,0.5
235,4219.860984,4217.960663,4219.151659,4219.860984,4225.887459,0,NaN,0,7.00000000000003,1,6,66,0.5
236,4227.553125,4226.847461,4227.147454,4227.553125,4235.42076,1,NaN,0,5.99999999999996,0,5,65,0.5
237,4239.450244,4237.255919,4238.421581,4239.397911,4246.881041,1,2.99999999999994,0.0299999999999997,7.00000000000003,1,6,66,0.5
238,4248.300036,4247.608039,4247.806872,4248.300036,4253.280017,1,NaN,0,5.99999999999996,2,5,65,0.5
239,4256.804336,4255.085009,4255.932172,4256.802168,4261.382989,1,2.99999999999994,0.0299999999999997,7.00000000000003,1,6,66,0.5
240,4262.804812,4261.943481,4262.174147,4262.804812,4269.863456,1,NaN,0,5.99999999999996,2,5,65,0.5
241,4271.407777,4270.650447,4270.965279,4271.407777,4290.022042,1,NaN,0,5.99999999999996,0,5,65,0.5
242,4291.523363,4290.506706,4290.877705,4291.523363,4300.457661,0,NaN,0,7.00000000000003,1,6,66,0.5
243,4302.050994,4301.432157,4301.632995,4302.050994,4306.905302,1,NaN,0,5.99999999999996,0,5,65,0.5
244,4310.267621,4308.636795,4309.684124,4310.267621,4353.172122,1,NaN,0,5.99999999999996,2,5,65,0.5
245,4356.920274,4356.096611,4356.389937,4356.868102,4364.393571,0,2.99999999999994,0.0299999999999997,5.99999999999996,2,5,65,0.5
246,4365.958398,4364.905237,4365.233235,4365.958398,4366.679068,1,NaN,0,5.99999999999996,2,5,65,0.5
247,4434.082293,4432.779631,4432.804131,4434.029966,4440.106435,0,2.99999999999994,0.0299999999999997,5.99999999999996,2,5,65,0.5
248,4441.536436,4440.776433,4440.956105,4441.484098,4449.1899,0,2.99999999999994,0.0299999999999997,5.99999999999996,2,5,65,0.5
249,4451.264558,4450.158062,4450.53356,4451.264558,4457.744365,0,NaN,0,7.00000000000003,1,6,66,0.5
250,4459.403192,4458.420035,4458.691028,4459.400864,4466.363003,0,2.99999999999994,0.0299999999999997,5.99999999999996,2,5,65,0.5
251,4467.635825,4467.093494,4467.240499,4467.635825,4472.946977,0,NaN,0,7.00000000000003,1,6,66,0.5
252,4474.929469,4474.070472,4474.287804,4474.927302,4481.733769,1,2.99999999999994,0.0299999999999997,7.00000000000003,1,6,66,0.5
253,4483.126264,4482.434933,4482.525272,4483.073936,4490.774899,0,2.99999999999994,0.0299999999999997,5.99999999999996,2,5,65,0.5
254,4492.155894,4491.326736,4491.444897,4492.103567,4499.781197,0,2.99999999999994,0.0299999999999997,5.99999999999996,2,5,65,0.5
255,4501.430523,4500.617193,4500.763026,4501.430523,4507.419505,0,NaN,0,7.00000000000003,1,6,66,0.5
256,4509.02116,4508.14783,4508.464501,4509.02116,4514.876142,0,NaN,0,7.00000000000003,1,6,66,0.5
257,4517.241299,4516.294964,4516.502302,4517.241299,4528.758081,0,NaN,0,7.00000000000003,1,6,66,0.5
258,4530.538913,4529.473078,4529.88941,4530.486574,4538.81404,0,2.99999999999994,0.0299999999999997,5.99999999999996,2,5,65,0.5
259,4539.964208,4539.357038,4539.483544,4539.964208,4546.276344,0,NaN,0,7.00000000000003,0,6,66,0.5
260,4548.079843,4546.862509,4547.239346,4548.027504,4552.927823,1,2.99999999999994,0.0299999999999997,7.00000000000003,1,6,66,0.5
261,4554.062319,4553.529488,4553.689648,4554.025986,4561.575289,1,2.99999999999994,0.0299999999999997,7.00000000000003,1,6,66,0.5
262,4563.17111,4562.347113,4562.491952,4563.168943,4568.155923,0,2.99999999999994,0.0299999999999997,5.99999999999996,2,5,65,0.5
263,4569.416924,4568.546927,4568.676755,4569.414752,4579.677044,0,2.99999999999994,0.0299999999999997,5.99999999999996,2,5,65,0.5
264,4581.256371,4580.485708,4580.601207,4581.256371,4586.178184,0,NaN,0,7.00000000000003,0,6,66,0.5
265,4588.130683,4587.21768,4587.436846,4588.129677,4594.729489,1,NaN,0.00999999999999943,7.00000000000003,0,6,66,0.5
266,4596.430149,4595.393481,4595.783985,4596.377977,4602.646958,0,2.99999999999994,0.0299999999999997,5.99999999999996,2,5,65,0.5
267,4603.705115,4603.093289,4603.230616,4603.652615,4609.625591,0,2.99999999999994,0.0299999999999997,5.99999999999996,2,5,65,0.5
268,4610.879086,4610.340754,4610.403087,4610.879086,4616.845728,0,NaN,0,7.00000000000003,0,6,66,0.5
269,4619.140386,4617.542065,4617.692726,4619.140386,4624.489865,0,NaN,0,7.00000000000003,1,6,66,0.5
270,4626.232358,4624.831202,4625.339528,4626.231197,4631.593009,1,NaN,0.00999999999999943,7.00000000000003,0,6,66,0.5
271,4633.248829,4632.201501,4632.655004,4633.248829,4640.243974,0,NaN,0,7.00000000000003,1,6,66,0.5
272,4642.286294,4640.929638,4641.604802,4642.286294,4650.540933,0,NaN,0,7.00000000000003,1,6,66,0.5
273,4652.422753,4651.53109,4651.829428,4652.370426,4657.282233,1,2.99999999999994,0.0299999999999997,7.00000000000003,1,6,66,0.5
274,4658.580234,4657.835731,4657.968897,4658.527901,4665.791366,1,2.99999999999994,0.0299999999999997,7.00000000000003,1,6,66,0.5
275,4667.27336,4666.45303,4666.584702,4667.27336,4674.659336,0,NaN,0,7.00000000000003,1,6,66,0.5
276,4676.32283,4675.172501,4675.618499,4676.32283,4682.921803,0,NaN,0,7.00000000000003,1,6,66,0.5
277,4684.381298,4683.273469,4683.785133,4684.381298,4691.332931,0,NaN,0,7.00000000000003,1,6,66,0.5
278,4693.145929,4692.088261,4692.590425,4693.09359,4697.667072,1,2.99999999999994,0.0299999999999997,7.00000000000003,1,6,66,0.5
279,4699.552231,4698.265736,4698.881733,4699.552231,4705.865706,1,NaN,0,5.99999999999996,2,5,65,0.5
280,4707.579199,4706.444204,4706.66837,4707.579199,4713.475509,0,NaN,0,7.00000000000003,1,6,66,0.5
281,4714.837509,4714.028012,4714.227511,4714.837509,4721.951981,0,NaN,0,7.00000000000003,0,6,66,0.5
282,4723.445636,4722.795138,4722.816805,4723.444475,4729.175118,1,NaN,0.00999999999999943,7.00000000000003,0,6,66,0.5
283,4730.824112,4729.888949,4730.250942,4730.771939,4733.136102,1,2.99999999999994,0.0299999999999997,7.00000000000003,1,6,66,0.5
284,4734.502924,4733.979926,4734.010593,4734.502924,4741.124404,1,NaN,0,5.99999999999996,2,5,65,0.5
285,4742.774559,4741.717735,4742.076894,4742.722391,4749.423371,0,2.99999999999994,0.0299999999999997,5.99999999999996,2,5,65,0.5
286,4750.636527,4749.77653,4749.93353,4750.636527,4756.711669,0,NaN,0,7.00000000000003,1,6,66,0.5
287,4758.541334,4757.531333,4757.599005,4758.540329,4764.823137,1,NaN,0.00999999999999943,7.00000000000003,0,6,66,0.5
288,4766.449303,4765.333135,4765.828138,4766.396963,4768.919621,1,2.99999999999994,0.0299999999999997,7.00000000000003,1,6,66,0.5
289,4770.451614,4769.492118,4769.813784,4770.399287,4773.023776,1,2.99999999999994,0.0299999999999997,7.00000000000003,1,6,66,0.5
290,4774.893096,4774.044266,4774.373099,4774.893096,4780.688906,1,NaN,0,5.99999999999996,2,5,65,0.5
291,4782.207401,4781.393903,4781.473904,4782.207401,4788.309382,1,NaN,0,5.99999999999996,2,5,65,0.5
292,4789.911537,4788.755041,4789.189372,4789.859209,4794.866522,1,2.99999999999994,0.0299999999999997,7.00000000000003,1,6,66,0.5
293,4796.369844,4795.338348,4795.847518,4796.369844,4803.041317,1,NaN,0,5.99999999999996,2,5,65,0.5
294,4804.68965,4803.535648,4803.946147,4804.637483,4820.020582,0,2.99999999999994,0.0299999999999997,5.99999999999996,2,5,65,0.5
295,4821.509077,4820.719246,4820.878079,4821.456577,4831.700375,0,2.99999999999994,0.0299999999999997,5.99999999999996,2,5,65,0.5
296,4833.036198,4832.157034,4832.324866,4833.036198,4837.745184,0,NaN,0,7.00000000000003,0,6,66,0.5
297,4839.315338,4838.642341,4838.907513,4839.315338,4845.628813,0,NaN,0,7.00000000000003,1,6,66,0.5
298,4847.196641,4846.104651,4846.497982,4847.19548,4853.698448,1,NaN,0.00999999999999943,7.00000000000003,0,6,66,0.5
299,4855.141942,4854.100952,4854.489117,4855.141942,4859.183092,1,NaN,0,5.99999999999996,2,5,65,0.5
300,4862.237919,4861.108251,4861.530589,4862.18558,4866.029065,1,2.99999999999994,0.0299999999999997,7.00000000000003,1,6,66,0.5
301,4867.084733,4866.414736,4866.674235,4867.084733,4873.791367,1,NaN,0,5.99999999999996,2,5,65,0.5
302,4876.126192,4874.708697,4875.407533,4876.124024,4884.00316,0,2.99999999999994,0.0299999999999997,5.99999999999996,2,5,65,0.5
303,4886.758988,4885.869319,4886.20399,4886.758988,4894.334286,0,NaN,0,7.00000000000003,0,6,66,0.5
304,4896.017612,4894.711617,4895.177115,4895.965112,4899.203766,1,2.99999999999994,0.0299999999999997,7.00000000000003,1,6,66,0.5
305,4900.569927,4899.754269,4899.914435,4900.569927,4908.050403,1,NaN,0,5.99999999999996,2,5,65,0.5
306,4909.845896,4908.457396,4908.954894,4909.793556,4911.964214,1,2.99999999999994,0.0299999999999997,7.00000000000003,1,6,66,0.5
307,4913.369882,4912.544718,4912.734711,4913.368715,4918.237362,1,NaN,0.00999999999999943,7.00000000000003,0,6,66,0.5
308,4921.280011,4920.157848,4920.524186,4921.178677,4928.448155,1,NaN,0.00999999999999943,7.00000000000003,0,6,66,0.5
309,4932.899303,4930.328475,4932.2413,4932.847131,4939.054606,1,2.99999999999994,0.0299999999999997,7.00000000000003,1,6,66,0.5
310,4941.064271,4939.510777,4939.931436,4941.012099,4947.785239,0,2.99999999999994,0.0299999999999997,5.99999999999996,2,5,65,0.5
311,4949.077733,4948.234903,4948.479908,4949.025406,4955.365708,0,2.99999999999994,0.0299999999999997,5.99999999999996,2,5,65,0.5
312,4956.596542,4955.885039,4956.045538,4956.544203,4960.107522,0,2.99999999999994,0.0299999999999997,5.99999999999996,2,5,65,0.5
313,4961.296518,4960.755525,4960.876353,4961.296518,4967.531832,0,NaN,0,7.00000000000003,1,6,66,0.5
314,4969.261825,4968.235829,4968.571155,4969.259658,4973.757967,0,2.99999999999994,0.0299999999999997,5.99999999999996,2,5,65,0.5
315,4975.319294,4974.760469,4974.879469,4975.319294,4981.748769,0,NaN,0,7.00000000000003,1,6,66,0.5
316,4983.195097,4982.267767,4982.591938,4983.142769,4986.063419,0,2.99999999999994,0.0299999999999997,5.99999999999996,2,5,65,0.5
317,4987.068415,4986.589922,4986.613755,4987.068415,4992.94523,0,NaN,0,7.00000000000003,1,6,66,0.5
318,4993.993386,4993.329895,4993.609055,4993.993386,4999.452698,0,NaN,0,7.00000000000003,1,6,66,0.5
319,5001.028031,5000.172195,5000.478027,5000.975698,5006.570003,0,2.99999999999994,0.0299999999999997,5.99999999999996,2,5,65,0.5
320,5007.854504,5007.249506,5007.423999,5007.854504,5013.406809,0,NaN,0,7.00000000000003,1,6,66,0.5
321,5014.92097,5014.047639,5014.378144,5014.86847,5023.786606,0,2.99999999999994,0.0299999999999997,5.99999999999996,2,5,65,0.5
322,5025.179095,5024.341932,5024.518431,5025.179095,5030.822078,0,NaN,0,7.00000000000003,1,6,66,0.5
323,5032.528066,5031.559403,5031.946068,5032.528066,5039.830204,0,NaN,0,7.00000000000003,1,6,66,0.5
324,5041.61453,5040.443534,5040.921371,5041.562202,5045.545186,1,2.99999999999994,0.0299999999999997,7.00000000000003,1,6,66,0.5
325,5046.886842,5045.928851,5046.121678,5046.884675,5051.22483,0,2.99999999999994,0.0299999999999997,5.99999999999996,2,5,65,0.5
326,5053.374649,5052.29832,5052.579319,5053.374649,5060.727292,0,NaN,0,7.00000000000003,1,6,66,0.5
327,5062.764445,5061.859282,5062.110281,5062.762117,5065.814272,1,2.99999999999994,0.0299999999999997,7.00000000000003,1,6,66,0.5
328,5067.072928,5066.361764,5066.528436,5067.072928,5073.218569,1,NaN,0,5.99999999999996,2,5,65,0.5
329,5074.907069,5073.615068,5074.0354,5074.85473,5078.545382,1,2.99999999999994,0.0299999999999997,7.00000000000003,1,6,66,0.5
330,5079.990215,5078.898886,5079.153712,5079.98921,5085.424193,0,NaN,0.00999999999999943,5.99999999999996,0,5,65,0.5
331,5087.093181,5086.016024,5086.411356,5087.040854,5090.8225,0,2.99999999999994,0.0299999999999997,5.99999999999996,2,5,65,0.5
332,5095.073655,5093.698655,5094.228319,5095.021316,5097.663311,1,2.99999999999994,0.0299999999999997,7.00000000000003,1,6,66,0.5
333,5098.989134,5098.302142,5098.437475,5098.986966,5104.291112,1,2.99999999999994,0.0299999999999997,7.00000000000003,1,6,66,0.5
334,5105.928778,5105.011276,5105.280614,5105.876439,5110.626592,1,2.99999999999994,0.0299999999999997,7.00000000000003,1,6,66,0.5
335,5112.266248,5111.439251,5111.713088,5112.266248,5117.008061,1,NaN,0,5.99999999999996,2,5,65,0.5
336,5119.06322,5118.012396,5118.382222,5119.010892,5122.235546,0,2.99999999999994,0.0299999999999997,5.99999999999996,2,5,65,0.5
337,5124.197032,5123.374036,5123.626874,5124.197032,5130.369674,0,NaN,0,7.00000000000003,1,6,66,0.5
338,5132.087673,5130.920011,5131.390004,5132.035334,5135.179494,1,2.99999999999994,0.0299999999999997,7.00000000000003,1,6,66,0.5
339,5136.787982,5135.875486,5136.127657,5136.787982,5143.088296,0,NaN,0,7.00000000000003,1,6,66,0.5
340,5144.816622,5143.582794,5143.97612,5144.814456,5148.632102,0,2.99999999999994,0.0299999999999997,5.99999999999996,2,5,65,0.5
341,5149.747269,5149.128599,5149.274766,5149.747269,5156.491903,0,NaN,0,7.00000000000003,1,6,66,0.5
342,5157.956564,5156.787735,5157.1849,5157.904237,5160.58272,1,2.99999999999994,0.0299999999999997,7.00000000000003,1,6,66,0.5
343,5162.255053,5161.245884,5161.62355,5162.202713,5165.062875,0,2.99999999999994,0.0299999999999997,5.99999999999996,2,5,65,0.5
344,5167.122194,5166.018532,5166.274031,5167.070027,5169.852022,1,2.99999999999994,0.0299999999999997,7.00000000000003,1,6,66,0.5
345,5171.047684,5170.51502,5170.666347,5171.042684,5177.03266,1,2.99999999999994,0.0299999999999997,7.00000000000003,1,6,66,0.5
346,5178.060817,5177.430659,5177.591486,5178.060817,5183.540301,1,NaN,0,5.99999999999996,2,5,65,0.5
347,5185.068128,5184.074132,5184.508297,5185.068128,5191.128437,0,NaN,0,7.00000000000003,1,6,66,0.5
348,5192.358094,5191.473096,5191.784101,5192.358094,5197.676405,0,NaN,0,7.00000000000003,1,6,66,0.5
349,5199.83673,5198.539908,5198.982906,5199.784403,5202.35522,1,2.99999999999994,0.0299999999999997,7.00000000000003,1,6,66,0.5
350,5204.117547,5203.05505,5203.450388,5204.115379,5207.178206,1,2.99999999999994,0.0299999999999997,7.00000000000003,1,6,66,0.5
351,5209.083032,5208.35803,5208.609695,5209.03086,5211.30919,1,2.99999999999994,0.0299999999999997,7.00000000000003,1,6,66,0.5
352,5213.144177,5212.28368,5212.377352,5213.14201,5216.860168,0,2.99999999999994,0.0299999999999997,5.99999999999996,2,5,65,0.5
353,5218.032496,5217.362827,5217.499998,5217.980163,5223.305969,0,2.99999999999994,0.0299999999999997,5.99999999999996,2,5,65,0.5
354,5224.620803,5223.83064,5223.942139,5224.568631,5230.405941,0,2.99999999999994,0.0299999999999997,5.99999999999996,2,5,65,0.5
355,5232.426939,5231.161104,5231.658769,5232.426939,5239.48541,0,NaN,0,7.00000000000003,1,6,66,0.5
356,5241.380064,5240.206901,5240.632239,5241.327564,5244.820556,0,2.99999999999994,0.0299999999999997,5.99999999999996,2,5,65,0.5
357,5246.027046,5245.338887,5245.475386,5245.974718,5248.806367,0,2.99999999999994,0.0299999999999997,5.99999999999996,2,5,65,0.5
358,5250.67236,5249.885035,5250.090362,5250.67236,5257.635665,0,NaN,0,7.00000000000003,1,6,66,0.5
359,5258.976493,5258.442996,5258.461835,5258.976493,5266.635296,1,NaN,0,5.99999999999996,2,5,65,0.5
360,5268.083123,5266.986134,5267.462959,5268.030796,5270.329114,1,2.99999999999994,0.0299999999999997,7.00000000000003,1,6,66,0.5
361,5271.602615,5270.967278,5271.004279,5271.600449,5273.823268,1,2.99999999999994,0.0299999999999997,7.00000000000003,1,6,66,0.5
362,5276.020264,5274.908269,5275.388594,5276.018098,5278.80608,1,2.99999999999994,0.0299999999999997,7.00000000000003,1,6,66,0.5
363,5281.414409,5280.408907,5280.778073,5281.412243,5283.919393,1,2.99999999999994,0.0299999999999997,7.00000000000003,1,6,66,0.5
364,5285.195222,5284.677563,5284.732229,5285.195222,5290.952865,1,NaN,0,5.99999999999996,2,5,65,0.5
365,5292.571198,5291.47653,5291.874862,5292.518859,5295.870512,0,2.99999999999994,0.0299999999999997,5.99999999999996,2,5,65,0.5
366,5296.953842,5296.270183,5296.403844,5296.953842,5303.129822,0,NaN,0,7.00000000000003,1,6,66,0.5
367,5304.770816,5303.830814,5303.875153,5304.768649,5307.595471,0,2.99999999999994,0.0299999999999997,5.99999999999996,2,5,65,0.5
368,5308.783961,5308.292968,5308.414462,5308.783961,5314.503604,0,NaN,0,7.00000000000003,1,6,66,0.5
369,5315.790432,5314.917609,5315.200941,5315.737933,5318.268429,0,2.99999999999994,0.0299999999999997,5.99999999999996,2,5,65,0.5
370,5321.232583,5319.904083,5320.130415,5321.232583,5326.809555,0,NaN,0,7.00000000000003,1,6,66,0.5
371,5328.689554,5327.426886,5327.871557,5328.687387,5331.557203,0,2.99999999999994,0.0299999999999997,5.99999999999996,2,5,65,0.5
372,5333.038036,5332.126207,5332.2667,5333.03703,5345.017655,0,NaN,0.00999999999999943,5.99999999999996,0,5,65,0.5
373,5346.798814,5345.879151,5346.156484,5346.798814,5351.493296,0,NaN,0,7.00000000000003,1,6,66,0.5
374,5354.428784,5353.111283,5353.553287,5354.376612,5364.062745,1,2.99999999999994,0.0299999999999997,7.00000000000003,1,6,66,0.5
375,5366.211065,5365.331907,5365.585567,5366.158565,5368.635388,1,2.99999999999994,0.0299999999999997,7.00000000000003,1,6,66,0.5
376,5370.036055,5369.233219,5369.403724,5370.033888,5372.531045,1,2.99999999999994,0.0299999999999997,7.00000000000003,1,6,66,0.5
377,5374.126872,5373.365036,5373.611035,5374.126872,5380.807173,1,NaN,0,5.99999999999996,2,5,65,0.5
378,5384.371825,5382.363667,5383.321668,5384.270492,5390.981966,1,NaN,0.00999999999999943,7.00000000000003,0,6,66,0.5
379,5394.233958,5392.930124,5393.355122,5394.231786,5397.129607,1,2.99999999999994,0.0299999999999997,7.00000000000003,1,6,66,0.5
380,5398.556601,5397.703444,5398.02277,5398.556601,5403.607915,1,NaN,0,5.99999999999996,2,5,65,0.5
381,5406.679242,5405.439575,5405.898078,5406.627069,5409.774723,0,2.99999999999994,0.0299999999999997,5.99999999999996,2,5,65,0.5
382,5410.962386,5410.259222,5410.290221,5410.910058,5413.848541,0,2.99999999999994,0.0299999999999997,5.99999999999996,2,5,65,0.5
383,5415.30904,5414.440877,5414.573705,5415.30904,5422.056007,0,NaN,0,7.00000000000003,1,6,66,0.5
384,5424.045167,5422.501506,5423.10167,5423.992839,5427.377153,0,2.99999999999994,0.0299999999999997,5.99999999999996,2,5,65,0.5
385,5428.406649,5427.875657,5428.004817,5428.406649,5435.364624,0,NaN,0,7.00000000000003,1,6,66,0.5
386,5437.212953,5436.264123,5436.599116,5437.160614,5440.823266,1,2.99999999999994,0.0299999999999997,7.00000000000003,1,6,66,0.5
387,5442.466926,5441.287764,5441.806601,5442.466926,5448.76574,1,NaN,0,5.99999999999996,2,5,65,0.5
388,5451.991055,5450.670066,5451.161558,5451.938727,5454.620544,1,2.99999999999994,0.0299999999999997,7.00000000000003,1,6,66,0.5
389,5456.34571,5455.337874,5455.827545,5456.29337,5459.248026,1,2.99999999999994,0.0299999999999997,7.00000000000003,1,6,66,0.5
390,5460.312021,5459.786529,5459.891862,5460.312021,5466.431497,1,NaN,0,5.99999999999996,2,5,65,0.5
391,5468.396989,5466.986,5467.430159,5468.395828,5473.777473,0,NaN,0.00999999999999943,5.99999999999996,0,5,65,0.5
392,5475.118129,5474.127638,5474.58347,5475.118129,5481.213104,0,NaN,0,7.00000000000003,1,6,66,0.5
393,5482.94227,5481.541609,5482.010268,5482.889937,5485.815419,0,2.99999999999994,0.0299999999999997,5.99999999999996,2,5,65,0.5
394,5487.240081,5486.356584,5486.560916,5487.187753,5490.024069,0,2.99999999999994,0.0299999999999997,5.99999999999996,2,5,65,0.5
395,5491.182404,5490.54174,5490.661066,5491.130065,5496.118711,0,2.99999999999994,0.0299999999999997,5.99999999999996,2,5,65,0.5
396,5497.534712,5496.559376,5496.965375,5497.482539,5500.681193,0,2.99999999999994,0.0299999999999997,5.99999999999996,2,5,65,0.5
397,5502.992851,5502.076687,5502.406359,5502.940523,5505.969005,0,2.99999999999994,0.0299999999999997,5.99999999999996,2,5,65,0.5
398,5507.058335,5506.467503,5506.604675,5507.058335,5513.225143,0,NaN,0,7.00000000000003,1,6,66,0.5
399,5514.651804,5513.513308,5513.979479,5514.599305,5517.382459,1,2.99999999999994,0.0299999999999997,7.00000000000003,1,6,66,0.5
400,5518.79596,5517.885457,5518.298789,5518.743621,5521.151778,1,2.99999999999994,0.0299999999999997,7.00000000000003,1,6,66,0.5
401,5522.521612,5521.646782,5521.964947,5522.469439,5525.734926,1,2.99999999999994,0.0299999999999997,7.00000000000003,1,6,66,0.5
402,5527.052421,5526.145758,5526.556091,5527.000094,5529.593417,1,2.99999999999994,0.0299999999999997,7.00000000000003,1,6,66,0.5
403,5531.449076,5530.599246,5530.855739,5531.449076,5536.786882,1,NaN,0,5.99999999999996,2,5,65,0.5
404,5538.74688,5537.712711,5538.119043,5538.694541,5540.479873,1,2.99999999999994,0.0299999999999997,7.00000000000003,1,6,66,0.5
405,5542.30936,5541.389031,5541.639702,5542.307193,5547.12184,0,2.99999999999994,0.0299999999999997,5.99999999999996,2,5,65,0.5
406,5548.725001,5547.665172,5548.02017,5548.725001,5554.69815,0,NaN,0,7.00000000000003,1,6,66,0.5
407,5556.898974,5555.78264,5556.106805,5556.846635,5558.539801,1,2.99999999999994,0.0299999999999997,7.00000000000003,1,6,66,0.5
408,5560.038962,5559.021132,5559.487797,5559.98679,5562.509952,1,2.99999999999994,0.0299999999999997,7.00000000000003,1,6,66,0.5
409,5564.231439,5563.176944,5563.638608,5564.231439,5572.800077,1,NaN,0,5.99999999999996,2,5,65,0.5
410,5574.320232,5573.211236,5573.761401,5574.320232,5579.78771,0,NaN,0,7.00000000000003,1,6,66,0.5
411,5581.909207,5580.228214,5580.729207,5581.907041,5584.693196,0,2.99999999999994,0.0299999999999997,5.99999999999996,2,5,65,0.5
412,5586.663022,5585.734353,5586.053357,5586.610683,5589.338506,0,2.99999999999994,0.0299999999999997,5.99999999999996,2,5,65,0.5
413,5591.188498,5590.230335,5590.43484,5591.186331,5594.83365,0,2.99999999999994,0.0299999999999997,5.99999999999996,2,5,65,0.5
414,5596.859648,5596.047651,5596.305478,5596.859648,5603.048289,0,NaN,0,7.00000000000003,1,6,66,0.5
415,5605.047948,5603.501454,5603.928119,5605.045781,5608.702094,0,2.99999999999994,0.0299999999999997,5.99999999999996,2,5,65,0.5
416,5610.188261,5609.315759,5609.624096,5610.135922,5612.650578,0,2.99999999999994,0.0299999999999997,5.99999999999996,2,5,65,0.5
417,5614.04224,5613.072749,5613.376581,5614.040073,5616.916562,0,2.99999999999994,0.0299999999999997,5.99999999999996,2,5,65,0.5
418,5618.078224,5617.361893,5617.501892,5618.078224,5735.392921,0,NaN,0,7.00000000000003,1,6,66,0.5
419,5737.86075,5736.054757,5736.931082,5737.86075,6118.30339,0,NaN,0,7.00000000000003,1,6,66,0.5
420,6120.484886,6119.082559,6119.699056,6120.432714,6124.620864,0,2.99999999999994,0.0299999999999997,5.99999999999996,2,5,65,0.5
421,6126.565362,6125.167028,6125.678032,6126.513023,6132.063167,1,2.99999999999994,0.0299999999999997,7.00000000000003,1,6,66,0.5
422,6134.50033,6133.326835,6133.659,6134.50033,6141.28113,0,NaN,0,7.00000000000003,1,6,66,0.5
423,6143.479789,6141.951134,6142.721631,6143.427461,6145.425787,1,2.99999999999994,0.0299999999999997,7.00000000000003,1,6,66,0.5
424,6147.325446,6146.647609,6146.666776,6147.273107,6156.379903,1,2.99999999999994,0.0299999999999997,7.00000000000003,1,6,66,0.5
425,6157.692566,6157.11874,6157.253733,6157.692566,6165.092035,1,NaN,0,5.99999999999996,2,5,65,0.5
426,6167.914197,6166.838195,6167.28236,6167.913191,6174.874329,1,NaN,0.00999999999999943,7.00000000000003,0,6,66,0.5
427,6177.398992,6175.906825,6176.566823,6177.34682,6180.612479,1,2.99999999999994,0.0299999999999997,7.00000000000003,1,6,66,0.5
428,6182.381639,6181.775469,6181.987134,6182.381639,6188.688775,1,NaN,0,5.99999999999996,2,5,65,0.5
429,6190.01277,6189.053273,6189.499104,6189.960442,6191.9596,0,2.99999999999994,0.0299999999999997,5.99999999999996,2,5,65,0.5
430,6193.529422,6192.710925,6193.004258,6193.529422,6201.188391,0,NaN,0,7.00000000000003,1,6,66,0.5
431,6202.89639,6201.735389,6202.131226,6202.844057,6205.450208,0,2.99999999999994,0.0299999999999997,5.99999999999996,2,5,65,0.5
432,6206.95204,6206.081039,6206.27371,6206.899701,6209.580697,0,2.99999999999994,0.0299999999999997,5.99999999999996,2,5,65,0.5
433,6211.197518,6210.330521,6210.563353,6211.197518,6217.003834,0,NaN,0,7.00000000000003,1,6,66,0.5
434,6219.16082,6217.492659,6218.294156,6219.158652,6222.649811,0,2.99999999999994,0.0299999999999997,5.99999999999996,2,5,65,0.5
435,6224.147972,6223.339802,6223.604801,6224.095633,6226.734628,0,2.99999999999994,0.0299999999999997,5.99999999999996,2,5,65,0.5
436,6227.974117,6227.361786,6227.506458,6227.974117,6234.332258,0,NaN,0,7.00000000000003,1,6,66,0.5
437,6235.856086,6234.769263,6235.256761,6235.803925,6237.358086,1,2.99999999999994,0.0299999999999997,7.00000000000003,1,6,66,0.5
438,6238.899746,6237.839412,6238.16141,6238.897579,6241.601063,1,2.99999999999994,0.0299999999999997,7.00000000000003,1,6,66,0.5
439,6242.884891,6242.072227,6242.430059,6242.884891,6249.893535,1,NaN,0,5.99999999999996,2,5,65,0.5
440,6251.616189,6250.550866,6251.098692,6251.616189,6258.16033,1,NaN,0,5.99999999999996,0,5,65,0.5
441,6259.819662,6258.644828,6259.082499,6259.767323,6262.535651,0,2.99999999999994,0.0299999999999997,5.99999999999996,2,5,65,0.5
442,6263.79614,6263.00965,6263.294642,6263.79614,6269.078625,0,NaN,0,7.00000000000003,1,6,66,0.5
443,6272.305607,6271.260111,6271.651282,6272.305607,6277.737085,0,NaN,0,7.00000000000003,1,6,66,0.5
444,6279.336918,6278.070256,6278.470582,6279.284578,6282.228567,0,2.99999999999994,0.0299999999999997,5.99999999999996,2,5,65,0.5
445,6283.712727,6282.681404,6283.053903,6283.712727,6289.414877,0,NaN,0,7.00000000000003,1,6,66,0.5
446,6291.381863,6290.012042,6290.715366,6291.381863,6297.624178,1,NaN,0,5.99999999999996,0,5,65,0.5
447,6299.250005,6298.029003,6298.485002,6299.197672,6301.871327,0,2.99999999999994,0.0299999999999997,5.99999999999996,2,5,65,0.5
448,6303.262816,6302.322326,6302.684985,6303.262816,6310.505621,0,NaN,0,7.00000000000003,1,6,66,0.5
449,6312.176786,6310.948791,6311.361117,6312.17578,6317.261927,0,NaN,0.00999999999999943,5.99999999999996,0,5,65,0.5
450,6319.238425,6318.076923,6318.615755,6319.238425,6326.280724,0,NaN,0,7.00000000000003,1,6,66,0.5
451,6327.90389,6326.833061,6327.260893,6327.851717,6330.872206,1,2.99999999999994,0.0299999999999997,7.00000000000003,1,6,66,0.5
452,6332.329539,6331.243538,6331.645703,6332.277367,6335.052189,1,2.99999999999994,0.0299999999999997,7.00000000000003,1,6,66,0.5
453,6336.466683,6335.50736,6335.790353,6336.41435,6338.606841,1,2.99999999999994,0.0299999999999997,7.00000000000003,1,6,66,0.5
454,6339.746509,6339.081512,6339.307511,6339.746509,6345.673486,1,NaN,0,5.99999999999996,2,5,65,0.5
455,6347.014308,6346.058317,6346.470977,6346.961808,6349.910796,1,2.99999999999994,0.0299999999999997,7.00000000000003,1,6,66,0.5
456,6351.213297,6350.392628,6350.765459,6351.213297,6357.596438,1,NaN,0,5.99999999999996,2,5,65,0.5
457,6359.083932,6358.090097,6358.490762,6359.031593,6361.908249,0,2.99999999999994,0.0299999999999997,5.99999999999996,2,5,65,0.5
458,6363.419915,6362.368752,6362.780751,6363.419915,6370.822052,0,NaN,0,7.00000000000003,1,6,66,0.5
459,6372.11538,6371.189711,6371.559715,6372.063041,6374.357198,1,2.99999999999994,0.0299999999999997,7.00000000000003,1,6,66,0.5
460,6375.717365,6374.82353,6375.200701,6375.717365,6380.826006,1,NaN,0,5.99999999999996,2,5,65,0.5
461,6382.483,6381.35251,6381.709669,6382.480832,6385.120828,0,2.99999999999994,0.0299999999999997,5.99999999999996,2,5,65,0.5
462,6386.646816,6385.704659,6386.038651,6386.646816,6392.499126,0,NaN,0,7.00000000000003,1,6,66,0.5
463,6394.81295,6393.760787,6394.242458,6394.81295,6399.91143,1,NaN,0,5.99999999999996,2,5,65,0.5
464,6403.30175,6402.150588,6402.540585,6403.249422,6405.67724,1,2.99999999999994,0.0299999999999997,7.00000000000003,1,6,66,0.5
465,6407.077407,6406.211743,6406.570736,6407.025074,6410.132228,1,2.99999999999994,0.0299999999999997,7.00000000000003,1,6,66,0.5
466,6411.412384,6410.626059,6410.940725,6411.412384,6418.151696,1,NaN,0,5.99999999999996,2,5,65,0.5
467,6420.310348,6419.166192,6419.730684,6420.310348,6426.517662,1,NaN,0,5.99999999999996,2,5,65,0.5
468,6428.20265,6426.979988,6427.469492,6428.150322,6430.868312,0,2.99999999999994,0.0299999999999997,5.99999999999996,2,5,65,0.5
469,6432.230801,6431.331137,6431.659308,6432.178473,6435.177294,0,2.99999999999994,0.0299999999999997,5.99999999999996,2,5,65,0.5
470,6436.477284,6435.58512,6435.819786,6436.474956,6439.438777,0,2.99999999999994,0.0299999999999997,5.99999999999996,2,5,65,0.5
471,6441.099271,6439.968108,6440.347768,6441.099271,6447.334579,0,NaN,0,7.00000000000003,1,6,66,0.5
472,6448.810901,6447.852071,6448.223409,6448.758573,6451.077391,1,2.99999999999994,0.0299999999999997,7.00000000000003,1,6,66,0.5
473,6452.318553,6451.529229,6451.903889,6452.318553,6458.566528,1,NaN,0,5.99999999999996,2,5,65,0.5
474,6460.499188,6459.130698,6459.732857,6460.44686,6463.332848,0,2.99999999999994,0.0299999999999997,5.99999999999996,2,5,65,0.5
475,6464.520505,6463.722841,6464.009012,6464.468172,6467.19516,0,2.99999999999994,0.0299999999999997,5.99999999999996,2,5,65,0.5
476,6468.916159,6467.781997,6468.211323,6468.916159,6475.227467,0,NaN,0,7.00000000000003,1,6,66,0.5
477,6478.06545,6477.098627,6477.34512,6478.012956,6480.588279,1,2.99999999999994,0.0299999999999997,7.00000000000003,1,6,66,0.5
478,6482.163601,6481.196771,6481.713935,6482.163601,6487.393747,1,NaN,0,5.99999999999996,2,5,65,0.5
479,6489.763737,6488.92524,6489.277239,6489.763737,6495.246382,0,NaN,0,7.00000000000003,1,6,66,0.5
480,6497.578045,6495.715552,6496.67671,6497.525706,6499.76653,1,2.99999999999994,0.0299999999999997,7.00000000000003,1,6,66,0.5
481,6501.119191,6500.325862,6500.700193,6501.119191,6513.08031,1,NaN,0,5.99999999999996,2,5,65,0.5
482,6514.760637,6513.578814,6514.105639,6514.760637,6521.943775,0,NaN,0,7.00000000000003,1,6,66,0.5
483,6523.425941,6522.491112,6522.801777,6523.373608,6528.418749,0,2.99999999999994,0.0299999999999997,5.99999999999996,2,5,65,0.5
484,6529.956242,6529.179418,6529.450251,6529.956242,6536.026058,0,NaN,0,7.00000000000003,1,6,66,0.5
485,6537.112881,6536.401217,6536.629049,6537.110714,6547.679005,0,2.99999999999994,0.0299999999999997,5.99999999999996,2,5,65,0.5
486,6549.313338,6548.03001,6548.390175,6549.261165,6552.784818,0,2.99999999999994,0.0299999999999997,5.99999999999996,2,5,65,0.5
487,6554.692977,6553.773314,6554.081813,6554.692977,6571.126584,0,NaN,0,7.00000000000003,1,6,66,0.5
488,6572.767744,6571.644076,6572.074241,6572.715405,6578.085556,1,2.99999999999994,0.0299999999999997,7.00000000000003,1,6,66,0.5
489,6579.310379,6578.787048,6578.843214,6579.310379,6585.574693,1,NaN,0,5.99999999999996,2,5,65,0.5
490,6586.977854,6585.998691,6586.425689,6586.977854,6593.444155,0,NaN,0,7.00000000000003,1,6,66,0.5
491,6594.88815,6593.860987,6594.272485,6594.835822,6598.297636,0,2.99999999999994,0.0299999999999997,5.99999999999996,2,5,65,0.5
492,6599.692803,6598.915973,6599.156805,6599.692803,6604.926615,0,NaN,0,7.00000000000003,1,6,66,0.5
493,6606.452276,6605.514108,6605.941939,6606.452276,6797.724338,0,NaN,0,7.00000000000003,1,6,66,0.5
494,6801.435496,6800.418333,6800.756327,6801.383323,6812.065947,0,2.99999999999994,0.0299999999999997,5.99999999999996,2,5,65,0.5
495,6814.391444,6812.752945,6813.365609,6814.391444,6848.80814,0,NaN,0,7.00000000000003,1,6,66,0.5
496,6851.560456,6849.372804,6849.769969,6851.560456,6856.20211,1,NaN,0,5.99999999999996,2,5,65,0.5
497,6860.090423,6858.493595,6859.323764,6859.989089,6873.870533,1,NaN,0.00999999999999943,7.00000000000003,0,6,66,0.5
498,6875.679199,6874.292032,6874.804036,6875.62686,6879.834344,1,2.99999999999994,0.0299999999999997,7.00000000000003,1,6,66,0.5
499,6881.755503,6880.705512,6881.098011,6881.753335,6884.726657,1,2.99999999999994,0.0299999999999997,7.00000000000003,1,6,66,0.5
500,6885.926158,6885.187328,6885.387327,6885.926158,6892.901797,1,NaN,0,5.99999999999996,2,5,65,0.5
501,6894.563951,6893.354789,6893.734954,6894.511624,6896.420616,0,2.99999999999994,0.0299999999999997,5.99999999999996,2,5,65,0.5
502,6897.840771,6896.839942,6897.267613,6897.840771,6908.149063,0,NaN,0,7.00000000000003,1,6,66,0.5
503,6912.063053,6910.331388,6910.479393,6912.010714,6914.58721,0,2.99999999999994,0.0299999999999997,5.99999999999996,2,5,65,0.5
504,6916.32203,6915.133369,6915.530706,6916.32203,6932.780465,0,NaN,0,7.00000000000003,1,6,66,0.5
505,6934.950129,6933.441135,6933.979966,6934.897956,6937.402113,1,2.99999999999994,0.0299999999999997,7.00000000000003,1,6,66,0.5
506,6938.890941,6938.01295,6938.355443,6938.838613,6941.812934,1,2.99999999999994,0.0299999999999997,7.00000000000003,1,6,66,0.5
507,6943.647588,6942.529765,6942.862924,6943.595089,6946.822575,0,2.99999999999994,0.0299999999999997,5.99999999999996,2,5,65,0.5
508,6948.518074,6947.396239,6947.815904,6948.465735,6950.81856,1,2.99999999999994,0.0299999999999997,7.00000000000003,1,6,66,0.5
509,6952.555725,6951.669395,6951.995222,6952.503552,6955.103876,1,2.99999999999994,0.0299999999999997,7.00000000000003,1,6,66,0.5
510,6956.354204,6955.671206,6955.950211,6956.354204,6962.348352,1,NaN,0,5.99999999999996,2,5,65,0.5
511,6963.861513,6962.766011,6963.162676,6963.861513,6969.027492,0,NaN,0,7.00000000000003,0,6,66,0.5
512,6978.361455,6977.211787,6977.610619,6978.359288,6981.638942,1,2.99999999999994,0.0299999999999997,7.00000000000003,1,6,66,0.5
513,6983.188102,6982.021768,6982.373939,6983.086936,6989.785576,1,NaN,0.00999999999999943,7.00000000000003,0,6,66,0.5
514,6991.265403,6990.199741,6990.568073,6991.263231,6993.573727,0,2.99999999999994,0.0299999999999997,5.99999999999996,2,5,65,0.5
515,6995.081721,6994.05122,6994.518724,6995.081721,7002.079193,0,NaN,0,7.00000000000003,1,6,66,0.5
516,7003.421021,7002.442686,7002.78919,7003.368683,7006.344176,0,2.99999999999994,0.0299999999999997,5.99999999999996,2,5,65,0.5
517,7007.927997,7006.854008,7007.394505,7007.927997,7013.398815,0,NaN,0,7.00000000000003,1,6,66,0.5
518,7015.038141,7013.987979,7014.442644,7014.985802,7018.179123,0,2.99999999999994,0.0299999999999997,5.99999999999996,2,5,65,0.5
519,7019.680451,7018.627788,7018.991626,7019.627951,7022.070447,0,2.99999999999994,0.0299999999999997,5.99999999999996,2,5,65,0.5
520,7023.712934,7022.759938,7023.141603,7023.712934,7029.686416,0,NaN,0,7.00000000000003,1,6,66,0.5
521,7031.47157,7030.060575,7030.446246,7031.47157,7037.02122,0,NaN,0,7.00000000000003,1,6,66,0.5
522,7039.445205,7038.436709,7038.792708,7039.443038,7040.972365,1,2.99999999999994,0.0299999999999997,7.00000000000003,1,6,66,0.5
523,7042.979863,7041.854034,7042.204027,7042.927524,7045.473353,1,2.99999999999994,0.0299999999999997,7.00000000000003,1,6,66,0.5
524,7047.359346,7046.546849,7046.835681,7047.359346,7054.096813,1,NaN,0,5.99999999999996,2,5,65,0.5
525,7055.580979,7054.534811,7054.989482,7055.580979,7061.340951,0,NaN,0,7.00000000000003,1,6,66,0.5
526,7063.383609,7061.880115,7062.832278,7063.331282,7065.789605,1,2.99999999999994,0.0299999999999997,7.00000000000003,1,6,66,0.5
527,7066.919101,7066.213765,7066.51443,7066.919101,7070.010083,1,NaN,0,5.99999999999996,2,5,65,0.5
528,7075.814393,7074.791902,7074.94973,7075.762065,7078.332882,1,2.99999999999994,0.0299999999999997,7.00000000000003,1,6,66,0.5
529,7079.657716,7078.874719,7079.176213,7079.657716,7082.530199,1,NaN,0,5.99999999999996,2,5,65,0.5
530,7087.154848,7086.015518,7086.536016,7087.15268,7089.549837,1,2.99999999999994,0.0299999999999997,7.00000000000003,1,6,66,0.5
531,7091.424003,7090.477834,7090.775999,7091.371669,7095.375147,1,2.99999999999994,0.0299999999999997,7.00000000000003,1,6,66,0.5
532,7097.611972,7096.527149,7097.102313,7097.611972,7103.696447,1,NaN,0,5.99999999999996,2,5,65,0.5
533,7105.48494,7104.509612,7104.835616,7105.48494,7110.36476,1,NaN,0,5.99999999999996,2,5,65,0.5
534,7113.223082,7111.943421,7112.421913,7113.22091,7116.458396,0,2.99999999999994,0.0299999999999997,5.99999999999996,2,5,65,0.5
535,7117.924391,7116.839562,7117.311227,7117.924391,7123.680707,0,NaN,0,7.00000000000003,0,6,66,0.5
536,7125.224862,7124.383204,7124.663703,7125.172362,7127.952523,0,2.99999999999994,0.0299999999999997,5.99999999999996,2,5,65,0.5
537,7129.312679,7128.374021,7128.665348,7129.312679,7136.592149,0,NaN,0,7.00000000000003,0,6,66,0.5
538,7138.033983,7136.959148,7137.339486,7137.981644,7140.765967,1,2.99999999999994,0.0299999999999997,7.00000000000003,1,6,66,0.5
539,7142.086794,7141.18847,7141.506802,7142.086794,7147.293106,1,NaN,0,5.99999999999996,2,5,65,0.5
540,7148.991606,7147.921104,7148.264775,7148.939433,7151.722256,0,2.99999999999994,0.0299999999999997,5.99999999999996,2,5,65,0.5
541,7153.074751,7152.148426,7152.454925,7153.022423,7156.479404,0,2.99999999999994,0.0299999999999997,5.99999999999996,2,5,65,0.5
542,7157.682071,7156.881574,7157.179567,7157.682071,7163.957379,0,NaN,0,7.00000000000003,0,6,66,0.5
543,7165.470206,7164.373871,7164.788876,7165.470206,7170.937679,0,NaN,0,7.00000000000003,1,6,66,0.5
544,7172.605506,7171.46201,7171.825848,7172.553006,7176.218825,0,2.99999999999994,0.0299999999999997,5.99999999999996,2,5,65,0.5
545,7177.484486,7176.614823,7176.952154,7177.484486,7184.363125,0,NaN,0,7.00000000000003,0,6,66,0.5
546,7186.204785,7185.356627,7185.634959,7186.103451,7192.321426,1,NaN,0.00999999999999943,7.00000000000003,0,6,66,0.5
547,7193.75226,7192.712931,7193.058263,7193.700087,7197.880904,0,2.99999999999994,0.0299999999999997,5.99999999999996,2,5,65,0.5
548,7199.1644,7198.320408,7198.585241,7199.1119,7202.101727,0,2.99999999999994,0.0299999999999997,5.99999999999996,2,5,65,0.5
549,7203.489716,7202.725724,7202.926384,7203.437216,7206.051044,0,2.99999999999994,0.0299999999999997,5.99999999999996,2,5,65,0.5
550,7207.2792,7206.569869,7206.716869,7207.2792,7213.460842,0,NaN,0,7.00000000000003,1,6,66,0.5
551,7215.181668,7213.98984,7214.449338,7215.181668,7221.343644,0,NaN,0,7.00000000000003,1,6,66,0.5
552,7223.070471,7221.720143,7222.232307,7223.068303,7226.020625,0,2.99999999999994,0.0299999999999997,5.99999999999996,2,5,65,0.5
553,7227.223459,7226.409457,7226.67029,7227.17112,7231.000772,0,2.99999999999994,0.0299999999999997,5.99999999999996,2,5,65,0.5
554,7232.234767,7231.581103,7231.646936,7232.234767,7238.705241,0,NaN,0,7.00000000000003,1,6,66,0.5
555,7240.392734,7239.364738,7239.700237,7240.392734,7245.695713,0,NaN,0,7.00000000000003,1,6,66,0.5
556,7247.14538,7246.130378,7246.485044,7247.14538,7452.600719,0,NaN,0,7.00000000000003,1,6,66,0.5
557,7471.969642,7470.696485,7471.140811,7471.96848,7473.951466,0,NaN,0.00999999999999943,5.99999999999996,0,5,65,0.5
558,7480.824106,7479.357945,7479.563283,7480.722779,7498.779534,1,NaN,0.00999999999999943,7.00000000000003,0,6,66,0.5
559,7500.363034,7499.65087,7499.667536,7500.310862,7505.49568,0,2.99999999999994,0.0299999999999997,5.99999999999996,2,5,65,0.5
560,7507.211167,7506.397343,7506.674336,7507.211167,7513.992974,0,NaN,0,7.00000000000003,0,6,66,0.5
561,7515.372807,7514.444311,7514.78047,7515.372807,7523.170604,0,NaN,0,7.00000000000003,1,6,66,0.5
562,7524.570097,7523.558769,7523.957267,7524.570097,7531.678742,0,NaN,0,7.00000000000003,1,6,66,0.5
563,7533.172069,7532.1934,7532.654238,7533.11973,7536.567383,1,2.99999999999994,0.0299999999999997,7.00000000000003,1,6,66,0.5
564,7538.132049,7537.213219,7537.515713,7538.129882,7541.098204,1,2.99999999999994,0.0299999999999997,7.00000000000003,1,6,66,0.5
565,7542.43136,7541.899534,7541.913861,7542.429032,7546.311683,1,2.99999999999994,0.0299999999999997,7.00000000000003,1,6,66,0.5
566,7548.118676,7546.994014,7547.460178,7548.066337,7551.494829,1,2.99999999999994,0.0299999999999997,7.00000000000003,1,6,66,0.5
567,7552.79899,7552.03766,7552.33582,7552.746651,7556.087138,1,2.99999999999994,0.0299999999999997,7.00000000000003,1,6,66,0.5
568,7557.88147,7556.985807,7557.304472,7557.829131,7561.355284,1,2.99999999999994,0.0299999999999997,7.00000000000003,1,6,66,0.5
569,7563.097277,7562.132953,7562.543613,7563.097277,7568.728754,1,NaN,0,5.99999999999996,2,5,65,0.5
570,7570.584414,7569.194092,7569.549918,7570.584414,7575.989892,0,NaN,0,7.00000000000003,1,6,66,0.5
571,7577.930718,7577.00606,7577.253221,7577.87839,7580.49738,1,2.99999999999994,0.0299999999999997,7.00000000000003,1,6,66,0.5
572,7582.271033,7581.472703,7581.655708,7582.271033,7588.69218,1,NaN,0,5.99999999999996,2,5,65,0.5
573,7589.899169,7589.021679,7589.322344,7589.899169,7596.19015,0,NaN,0,7.00000000000003,1,6,66,0.5
574,7597.710811,7596.490816,7596.845308,7597.658478,7600.536966,0,2.99999999999994,0.0299999999999997,5.99999999999996,2,5,65,0.5
575,7602.012288,7600.993958,7601.406957,7602.012288,7604.728444,0,NaN,0,7.00000000000003,1,6,66,0.5
576,7609.833924,7608.875594,7609.263265,7609.781424,7612.170753,0,2.99999999999994,0.0299999999999997,5.99999999999996,2,5,65,0.5
577,7613.698075,7612.881245,7613.12391,7613.698075,7619.794556,0,NaN,0,7.00000000000003,1,6,66,0.5
578,7621.11455,7620.156221,7620.51222,7621.112384,7622.361039,1,2.99999999999994,0.0299999999999997,7.00000000000003,1,6,66,0.5
579,7624.286532,7622.805872,7623.200209,7624.234033,7626.576195,0,2.99999999999994,0.0299999999999997,5.99999999999996,2,5,65,0.5
580,7628.21735,7627.092187,7627.545352,7628.165022,7630.829512,1,2.99999999999994,0.0299999999999997,7.00000000000003,1,6,66,0.5
581,7632.731671,7631.852335,7632.14884,7632.679332,7634.838156,1,2.99999999999994,0.0299999999999997,7.00000000000003,1,6,66,0.5
582,7636.190485,7635.37366,7635.672487,7636.190485,7641.177304,1,NaN,0,5.99999999999996,0,5,65,0.5
583,7647.13728,7645.539786,7646.539109,7647.084941,7650.377261,1,2.99999999999994,0.0299999999999997,7.00000000000003,1,6,66,0.5
584,7652.36042,7650.802426,7651.207924,7652.30792,7654.73441,1,2.99999999999994,0.0299999999999997,7.00000000000003,1,6,66,0.5
585,7656.029744,7655.198242,7655.531913,7656.029744,7663.14771,1,NaN,0,5.99999999999996,2,5,65,0.5
586,7664.621704,7663.546041,7663.857213,7664.569205,7667.523865,0,2.99999999999994,0.0299999999999997,5.99999999999996,2,5,65,0.5
587,7668.92852,7668.009858,7668.314028,7668.876193,7671.808842,0,2.99999999999994,0.0299999999999997,5.99999999999996,2,5,65,0.5
588,7673.775834,7672.872843,7673.116343,7673.775834,7680.617646,0,NaN,0,7.00000000000003,1,6,66,0.5
589,7681.954307,7680.977805,7681.321637,7681.901968,7683.578629,1,2.99999999999994,0.0299999999999997,7.00000000000003,1,6,66,0.5
590,7685.008462,7684.030793,7684.424797,7684.956122,7687.664778,1,2.99999999999994,0.0299999999999997,7.00000000000003,1,6,66,0.5
591,7688.980606,7688.150276,7688.432948,7688.980606,7694.343591,1,NaN,0,5.99999999999996,2,5,65,0.5
592,7696.870581,7695.636914,7695.948912,7696.869575,7703.303883,0,NaN,0.00999999999999943,5.99999999999996,0,5,65,0.5
593,7704.926377,7703.72772,7704.131552,7704.874049,7707.280533,1,2.99999999999994,0.0299999999999997,7.00000000000003,1,6,66,0.5
594,7708.568201,7707.733365,7708.027698,7708.516195,7710.979185,1,2.99999999999994,0.0299999999999997,7.00000000000003,1,6,66,0.5
595,7712.272686,7711.520022,7711.816854,7712.272686,7720.051315,1,NaN,0,5.99999999999996,2,5,65,0.5
596,7721.760648,7720.500986,7721.087479,7721.758481,7724.437137,1,2.99999999999994,0.0299999999999997,7.00000000000003,1,6,66,0.5
597,7725.77146,7724.970302,7725.279128,7725.77146,7732.662599,1,NaN,0,5.99999999999996,2,5,65,0.5
598,7733.831933,7733.062597,7733.274769,7733.829766,7736.201423,0,2.99999999999994,0.0299999999999997,5.99999999999996,2,5,65,0.5
599,7737.307919,7736.658755,7736.822421,7737.25558,7740.061736,0,2.99999999999994,0.0299999999999997,5.99999999999996,2,5,65,0.5
600,7741.138731,7740.640234,7740.671066,7741.138731,7745.125549,0,NaN,0,7.00000000000003,1,6,66,0.5
601,7748.384203,7747.158546,7747.659378,7748.331875,7750.691865,1,2.99999999999994,0.0299999999999997,7.00000000000003,1,6,66,0.5
602,7752.16386,7751.127025,7751.597529,7752.111521,7754.968182,1,2.99999999999994,0.0299999999999997,7.00000000000003,1,6,66,0.5
603,7756.299343,7755.501174,7755.796006,7756.299343,7761.545989,1,NaN,0,5.99999999999996,2,5,65,0.5
604,7763.309476,7762.309313,7762.609484,7763.257149,7765.489634,1,2.99999999999994,0.0299999999999997,7.00000000000003,1,6,66,0.5
605,7767.403299,7765.966799,7766.715129,7767.401132,7770.199948,1,2.99999999999994,0.0299999999999997,7.00000000000003,1,6,66,0.5
606,7771.569943,7770.712779,7771.050784,7771.569943,7778.091256,1,NaN,0,5.99999999999996,2,5,65,0.5
607,7779.422751,7778.459088,7778.792414,7779.370417,7784.659224,0,2.99999999999994,0.0299999999999997,5.99999999999996,2,5,65,0.5
608,7785.982052,7785.137228,7785.328227,7785.979724,7790.326034,0,2.99999999999994,0.0299999999999997,5.99999999999996,2,5,65,0.5
609,7791.739696,7790.718533,7791.131704,7791.739696,7798.289842,0,NaN,0,7.00000000000003,1,6,66,0.5
610,7799.677503,7798.754507,7799.135338,7799.62517,7802.044154,1,2.99999999999994,0.0299999999999997,7.00000000000003,1,6,66,0.5
611,7803.341316,7802.550491,7802.852324,7803.341316,7808.617294,1,NaN,0,5.99999999999996,2,5,65,0.5
612,7811.741621,7810.563787,7811.058791,7811.689449,7814.090273,1,2.99999999999994,0.0299999999999997,7.00000000000003,1,6,66,0.5
613,7815.798766,7814.521771,7814.85227,7815.746439,7818.564927,0,2.99999999999994,0.0299999999999997,5.99999999999996,2,5,65,0.5
614,7819.760589,7819.092259,7819.260253,7819.70825,7822.88041,0,2.99999999999994,0.0299999999999997,5.99999999999996,2,5,65,0.5
615,7824.074733,7823.376075,7823.517568,7824.074733,7825.841232,0,NaN,0,7.00000000000003,1,6,66,0.5
616,7831.454042,7830.268709,7830.56704,7831.454042,7838.68718,0,NaN,0,7.00000000000003,1,6,66,0.5
617,7840.415673,7839.339178,7839.667676,7840.363501,7843.478494,0,2.99999999999994,0.0299999999999997,5.99999999999996,2,5,65,0.5
618,7845.020982,7843.896326,7844.303819,7845.020982,7851.325458,0,NaN,0,7.00000000000003,0,6,66,0.5
619,7853.012951,7852.172293,7852.436619,7853.012951,7858.911266,1,NaN,0,5.99999999999996,2,5,65,0.5
620,7860.357094,7859.277765,7859.82159,7860.304755,7862.754911,1,2.99999999999994,0.0299999999999997,7.00000000000003,1,6,66,0.5
621,7864.064573,7863.167749,7863.497908,7864.064573,7869.216885,1,NaN,0,5.99999999999996,2,5,65,0.5
622,7871.725376,7870.809885,7871.170711,7871.725376,7877.735018,0,NaN,0,7.00000000000003,0,6,66,0.5
623,7879.288184,7878.178016,7878.607848,7879.235845,7881.553509,1,2.99999999999994,0.0299999999999997,7.00000000000003,1,6,66,0.5
624,7882.989498,7881.96634,7882.457332,7882.93717,7885.178656,1,2.99999999999994,0.0299999999999997,7.00000000000003,1,6,66,0.5
625,7886.625983,7885.67932,7886.192151,7886.625983,7892.948297,1,NaN,0,5.99999999999996,2,5,65,0.5
626,7894.761789,7893.368956,7894.228958,7894.709617,7896.881775,1,2.99999999999994,0.0299999999999997,7.00000000000003,1,6,66,0.5
627,7898.252436,7897.346779,7897.686778,7898.252436,7903.047251,1,NaN,0,5.99999999999996,2,5,65,0.5
628,7906.659569,7905.320908,7906.106239,7906.659569,7913.13571,1,NaN,0,5.99999999999996,2,5,65,0.5
629,7914.610376,7913.557708,7913.892207,7914.558037,7917.230199,0,2.99999999999994,0.0299999999999997,5.99999999999996,2,5,65,0.5
630,7918.695688,7917.752031,7918.207362,7918.695688,7922.217507,0,NaN,0,7.00000000000003,0,6,66,0.5
631,7926.344991,7925.209329,7925.701659,7926.292663,7928.365982,1,2.99999999999994,0.0299999999999997,7.00000000000003,1,6,66,0.5
632,7929.599645,7928.762981,7929.151646,7929.599645,7935.679792,1,NaN,0,5.99999999999996,2,5,65,0.5
633,7937.215286,7936.076291,7936.493783,7937.213119,7939.746109,0,2.99999999999994,0.0299999999999997,5.99999999999996,2,5,65,0.5
634,7941.323936,7940.564273,7940.769099,7941.323936,7945.513414,0,NaN,0,7.00000000000003,1,6,66,0.5
635,7948.633068,7947.602578,7947.88041,7948.580574,7952.595053,0,2.99999999999994,0.0299999999999997,5.99999999999996,2,5,65,0.5
636,7954.396378,7953.453882,7953.743553,7954.396378,7960.596853,0,NaN,0,7.00000000000003,1,6,66,0.5
637,7962.656679,7961.472522,7962.178014,7962.656679,7969.375324,1,NaN,0,5.99999999999996,0,5,65,0.5
638,7970.987978,7969.750989,7970.221981,7970.987978,7976.582129,0,NaN,0,7.00000000000003,1,6,66,0.5
639,7978.209622,7977.015794,7977.474619,7978.15745,7986.679083,0,2.99999999999994,0.0299999999999997,5.99999999999996,2,5,65,0.5
640,7988.555075,7987.665751,7987.947411,7988.555075,8000.436861,0,NaN,0,7.00000000000003,0,6,66,0.5
641,8002.412192,8000.997531,8001.520862,8002.311186,8007.058167,1,NaN,0.00999999999999943,7.00000000000003,0,6,66,0.5
642,8010.897491,8009.994322,8010.342988,8010.897491,8018.052791,1,NaN,0,5.99999999999996,2,5,65,0.5
643,8019.849289,8018.511288,8018.863793,8019.79695,8022.922604,0,2.99999999999994,0.0299999999999997,5.99999999999996,2,5,65,0.5
644,8024.502604,8023.632268,8023.787934,8024.501598,8106.655936,0,NaN,0.00999999999999943,5.99999999999996,0,5,65,0.5
645,8110.38876,8108.86976,8109.220425,8110.336588,8115.026908,1,2.99999999999994,0.0299999999999997,7.00000000000003,1,6,66,0.5
646,8116.818901,8115.840399,8116.263064,8116.766729,8119.579557,1,2.99999999999994,0.0299999999999997,7.00000000000003,1,6,66,0.5
647,8134.962662,8134.100826,8134.260498,8134.962662,8374.114872,1,NaN,0,5.99999999999996,2,5,65,0.5
648,8378.450516,8376.562689,8376.965194,8378.398016,8383.72,1,2.99999999999994,0.0299999999999997,7.00000000000003,1,6,66,0.5
649,8385.055328,8384.260492,8384.595497,8385.055328,8393.106796,1,NaN,0,5.99999999999996,2,5,65,0.5
650,8394.933789,8393.961453,8394.382118,8394.933789,8400.916426,1,NaN,0,5.99999999999996,2,5,65,0.5
651,8402.218259,8401.304596,8401.597923,8402.16592,8404.317751,0,2.99999999999994,0.0299999999999997,5.99999999999996,2,5,65,0.5
652,8405.868078,8404.804576,8405.177575,8405.868078,8407.741071,0,NaN,0,7.00000000000003,1,6,66,0.5
653,8413.66588,8412.328552,8412.687884,8413.664874,8418.848187,0,NaN,0.00999999999999943,5.99999999999996,0,5,65,0.5
654,8420.548853,8419.380352,8419.754023,8420.496514,8422.49684,0,2.99999999999994,0.0299999999999997,5.99999999999996,2,5,65,0.5
655,8424.592498,8422.958676,8423.703834,8424.539998,8432.617632,1,2.99999999999994,0.0299999999999997,7.00000000000003,1,6,66,0.5
656,8434.267292,8433.436629,8433.733961,8434.267292,8436.230623,1,NaN,0,5.99999999999996,2,5,65,0.5
657,8443.318256,8442.1321,8442.503759,8443.265929,8447.571745,0,2.99999999999994,0.0299999999999997,5.99999999999996,2,5,65,0.5
658,8448.738907,8448.134736,8448.273409,8448.738907,8452.578225,0,NaN,0,7.00000000000003,1,6,66,0.5
659,8456.346371,8455.35438,8455.774045,8456.346371,8461.839021,1,NaN,0,5.99999999999996,2,5,65,0.5
660,8463.391015,8462.222519,8462.594179,8463.338682,8469.070819,0,2.99999999999994,0.0299999999999997,5.99999999999996,2,5,65,0.5
661,8470.546653,8469.658818,8469.885155,8470.544481,8474.398799,0,2.99999999999994,0.0299999999999997,5.99999999999996,2,5,65,0.5
662,8475.997798,8474.922302,8475.227795,8475.997798,8481.006938,0,NaN,0,7.00000000000003,1,6,66,0.5
663,8483.995432,8482.851598,8483.312762,8483.94326,8487.201753,0,2.99999999999994,0.0299999999999997,5.99999999999996,2,5,65,0.5
664,8488.81574,8487.681912,8488.075411,8488.81574,8493.572055,0,NaN,0,7.00000000000003,1,6,66,0.5
665,8496.735209,8495.950878,8496.159211,8496.68271,8498.552207,1,2.99999999999994,0.0299999999999997,7.00000000000003,1,6,66,0.5
666,8500.466694,8499.371699,8499.74453,8500.414195,8501.887855,1,2.99999999999994,0.0299999999999997,7.00000000000003,1,6,66,0.5
667,8503.486021,8502.378525,8502.859857,8503.433682,8505.64084,1,2.99999999999994,0.0299999999999997,7.00000000000003,1,6,66,0.5
668,8507.509005,8506.307671,8506.848002,8507.456666,8511.053485,1,2.99999999999994,0.0299999999999997,7.00000000000003,1,6,66,0.5
669,8514.462977,8513.100477,8513.662314,8514.410644,8517.880957,0,2.99999999999994,0.0299999999999997,5.99999999999996,2,5,65,0.5
670,8519.262786,8518.367122,8518.530122,8519.210286,8525.61576,0,2.99999999999994,0.0299999999999997,5.99999999999996,2,5,65,0.5
671,8528.122584,8526.960921,8527.236753,8528.070089,8530.189414,1,2.99999999999994,0.0299999999999997,7.00000000000003,1,6,66,0.5
672,8531.778408,8530.833745,8531.267071,8531.726069,8535.022556,1,2.99999999999994,0.0299999999999997,7.00000000000003,1,6,66,0.5
673,8536.570383,8535.613386,8535.885885,8536.570383,8542.98553,1,NaN,0,5.99999999999996,2,5,65,0.5
674,8544.496524,8543.353856,8543.745521,8544.444351,8550.497833,0,2.99999999999994,0.0299999999999997,5.99999999999996,2,5,65,0.5
675,8552.729991,8551.803656,8552.05916,8552.729991,8558.477801,0,NaN,0,7.00000000000003,1,6,66,0.5
676,8559.893295,8559.021132,8559.317125,8559.840956,8563.13061,0,2.99999999999994,0.0299999999999997,5.99999999999996,2,5,65,0.5
677,8564.735276,8563.639608,8564.02694,8564.735276,8570.690746,0,NaN,0,7.00000000000003,1,6,66,0.5
678,8572.271241,8571.241245,8571.642076,8572.218913,8573.904733,1,2.99999999999994,0.0299999999999997,7.00000000000003,1,6,66,0.5
679,8575.672394,8574.355071,8574.976396,8575.670226,8577.498392,1,2.99999999999994,0.0299999999999997,7.00000000000003,1,6,66,0.5
680,8579.254718,8578.03605,8578.355888,8579.202379,8582.391033,0,2.99999999999994,0.0299999999999997,5.99999999999996,2,5,65,0.5
681,8583.958694,8582.952697,8583.296362,8583.958694,8590.788172,0,NaN,0,7.00000000000003,1,6,66,0.5
682,8592.757159,8591.611168,8592.1475,8592.704831,8595.223815,1,2.99999999999994,0.0299999999999997,7.00000000000003,1,6,66,0.5
683,8596.785642,8595.994312,8596.258477,8596.785642,8603.16795,1,NaN,0,5.99999999999996,2,5,65,0.5
684,8604.612444,8603.551954,8603.890613,8604.560111,8607.874603,0,2.99999999999994,0.0299999999999997,5.99999999999996,2,5,65,0.5
685,8609.955095,8608.624428,8608.850427,8609.955095,8615.756739,0,NaN,0,7.00000000000003,1,6,66,0.5
686,8617.385393,8616.089231,8616.494896,8617.333066,8622.541872,0,2.99999999999994,0.0299999999999997,5.99999999999996,2,5,65,0.5
687,8624.282871,8622.96137,8623.407375,8624.230538,8626.914694,1,2.99999999999994,0.0299999999999997,7.00000000000003,1,6,66,0.5
688,8628.601854,8627.691691,8628.074189,8628.601854,8634.22116,1,NaN,0,5.99999999999996,2,5,65,0.5
689,8636.055824,8634.681163,8635.005656,8635.954658,8638.284148,0,NaN,0.00999999999999943,5.99999999999996,0,5,65,0.5
690,8643.868621,8641.784968,8643.075963,8643.816293,8646.292277,1,2.99999999999994,0.0299999999999997,7.00000000000003,1,6,66,0.5
691,8650.537266,8649.396604,8650.010435,8650.537266,8657.374405,1,NaN,0,5.99999999999996,2,5,65,0.5
692,8659.476064,8657.761737,8658.755733,8659.473897,8661.518049,1,2.99999999999994,0.0299999999999997,7.00000000000003,1,6,66,0.5
693,8663.589708,8662.655712,8663.165049,8663.589708,8669.669518,1,NaN,0,5.99999999999996,2,5,65,0.5
694,8671.847842,8670.918185,8671.34001,8671.847842,8677.999818,1,NaN,0,5.99999999999996,2,5,65,0.5
695,8679.439311,8678.359488,8678.726314,8679.439311,8680.274975,0,NaN,0,7.00000000000003,1,6,66,0.5
696,8687.449613,8686.426789,8686.941115,8687.449613,8710.346521,1,NaN,0,5.99999999999996,2,5,65,0.5
697,8712.204847,8711.069685,8711.414523,8712.204847,8719.51599,1,NaN,0,5.99999999999996,2,5,65,0.5
698,8721.280311,8719.936989,8720.689314,8721.278144,8723.642135,1,2.99999999999994,0.0299999999999997,7.00000000000003,1,6,66,0.5
699,8725.231295,8724.220132,8724.523631,8725.231295,8727.315626,1,NaN,0,5.99999999999996,2,5,65,0.5
700,8942.475765,8941.090432,8941.170098,8942.423426,8949.363565,0,2.99999999999994,0.0299999999999997,5.99999999999996,2,5,65,0.5
701,8951.710061,8950.790893,8951.048392,8951.657562,8956.724702,0,2.99999999999994,0.0299999999999997,5.99999999999996,2,5,65,0.5
702,8958.373201,8957.434032,8957.589366,8958.320868,8966.978667,0,2.99999999999994,0.0299999999999997,5.99999999999996,2,5,65,0.5
703,8968.532661,8968.001163,8968.02283,8968.502661,8972.028647,0,NaN,0.00999999999999943,5.99999999999996,0,5,65,0.5
704,8975.763299,8974.642303,8975.073629,8975.710959,8978.054956,0,2.99999999999994,0.0299999999999997,5.99999999999996,2,5,65,0.5
705,8979.544278,8978.683453,8978.938613,8979.542111,8982.565765,0,2.99999999999994,0.0299999999999997,5.99999999999996,2,5,65,0.5
706,8984.153926,8983.421095,8983.491768,8984.153926,8991.127564,0,NaN,0,7.00000000000003,1,6,66,0.5
707,9000.802693,8999.649036,8999.832363,9000.750193,9004.433684,0,2.99999999999994,0.0299999999999997,5.99999999999996,2,5,65,0.5
708,9007.512833,9006.46367,9006.559009,9007.411666,9020.70428,1,NaN,0.00999999999999943,7.00000000000003,0,6,66,0.5
709,9022.16428,9021.109613,9021.469776,9022.11194,9024.899929,0,2.99999999999994,0.0299999999999997,5.99999999999996,2,5,65,0.5
710,9026.317763,9025.4276,9025.777599,9026.317763,9027.37692,0,NaN,0,7.00000000000003,1,6,66,0.5
711,9034.65823,9032.804232,9033.757227,9034.606057,9038.158543,1,2.99999999999994,0.0299999999999997,7.00000000000003,1,6,66,0.5
712,9039.73337,9038.833207,9039.175372,9039.73337,9045.222687,1,NaN,0,5.99999999999996,2,5,65,0.5
713,9046.989508,9046.108184,9046.333011,9046.937181,9049.923002,1,2.99999999999994,0.0299999999999997,7.00000000000003,1,6,66,0.5
714,9051.916989,9050.591993,9051.271158,9051.864661,9054.677983,1,2.99999999999994,0.0299999999999997,7.00000000000003,1,6,66,0.5
715,9056.488809,9055.313147,9055.662807,9056.43647,9059.717791,0,2.99999999999994,0.0299999999999997,5.99999999999996,2,5,65,0.5
716,9061.445116,9060.292454,9060.797458,9061.445116,9066.27227,0,NaN,0,7.00000000000003,1,6,66,0.5
717,9070.361415,9069.071759,9069.444424,9070.309087,9073.08957,0,2.99999999999994,0.0299999999999997,5.99999999999996,2,5,65,0.5
718,9074.536737,9073.746073,9073.996072,9074.484564,9077.881218,0,2.99999999999994,0.0299999999999997,5.99999999999996,2,5,65,0.5
719,9078.994052,9078.344055,9078.444716,9078.941713,9084.214198,0,2.99999999999994,0.0299999999999997,5.99999999999996,2,5,65,0.5
720,9085.931358,9084.836862,9085.244688,9085.931358,9086.862848,0,NaN,0,7.00000000000003,1,6,66,0.5
721,9094.013326,9092.36566,9093.151823,9093.960992,9095.974984,1,2.99999999999994,0.0299999999999997,7.00000000000003,1,6,66,0.5
722,9098.039976,9096.705643,9097.039974,9097.987643,9100.651293,0,2.99999999999994,0.0299999999999997,5.99999999999996,2,5,65,0.5
723,9102.40262,9101.44129,9101.591795,9102.35012,9105.437107,0,2.99999999999994,0.0299999999999997,5.99999999999996,2,5,65,0.5
724,9106.571103,9105.85194,9105.975939,9106.571103,9112.652745,0,NaN,0,7.00000000000003,1,6,66,0.5
725,9114.963403,9113.629241,9113.861907,9114.961236,9116.262232,1,2.99999999999994,0.0299999999999997,7.00000000000003,1,6,66,0.5
726,9117.743731,9116.811734,9117.110227,9117.743731,9124.334032,1,NaN,0,5.99999999999996,2,5,65,0.5
727,9125.978864,9124.77103,9125.264201,9125.976698,9128.137356,1,2.99999999999994,0.0299999999999997,7.00000000000003,1,6,66,0.5
728,9129.732177,9128.638681,9129.110019,9129.731016,9130.953172,1,NaN,0.00999999999999943,7.00000000000003,0,6,66,0.5
729,9138.058483,9136.704483,9137.07882,9138.00631,9140.829805,0,2.99999999999994,0.0299999999999997,5.99999999999996,2,5,65,0.5
730,9142.475132,9141.380136,9141.839628,9142.475132,9142.916124,0,NaN,0,7.00000000000003,1,6,66,0.5
731,9151.61359,9150.537766,9150.855592,9151.611422,9160.26156,1,2.99999999999994,0.0299999999999997,7.00000000000003,1,6,66,0.5
732,9162.519385,9161.470217,9161.885881,9162.467046,9165.243207,1,2.99999999999994,0.0299999999999997,7.00000000000003,1,6,66,0.5
733,9166.939194,9166.112864,9166.395703,9166.939194,9173.477674,1,NaN,0,5.99999999999996,2,5,65,0.5
734,9175.065501,9173.944339,9174.322838,9175.065501,9179.787477,0,NaN,0,7.00000000000003,1,6,66,0.5
735,9182.96747,9181.748469,9182.1968,9182.965298,9185.043128,1,2.99999999999994,0.0299999999999997,7.00000000000003,1,6,66,0.5
736,9186.837788,9185.454126,9186.132119,9186.837788,9192.348266,1,NaN,0,5.99999999999996,2,5,65,0.5
737,9193.857926,9192.727591,9193.104263,9193.805587,9196.750075,0,2.99999999999994,0.0299999999999997,5.99999999999996,2,5,65,0.5
738,9198.129076,9197.255579,9197.561078,9198.076909,9201.139058,0,2.99999999999994,0.0299999999999997,5.99999999999996,2,5,65,0.5
739,9202.574886,9201.603389,9201.958054,9202.522386,9205.153376,0,2.99999999999994,0.0299999999999997,5.99999999999996,2,5,65,0.5
740,9206.464037,9205.804378,9205.899705,9206.411537,9211.309851,0,2.99999999999994,0.0299999999999997,5.99999999999996,2,5,65,0.5
741,9212.730017,9212.091681,9212.224686,9212.730017,9219.704656,0,NaN,0,7.00000000000003,1,6,66,0.5
742,9221.561982,9220.360153,9220.815485,9221.560815,9222.420473,1,NaN,0.00999999999999943,7.00000000000003,0,6,66,0.5
743,9238.538914,9236.355417,9237.553085,9238.538914,9238.793574,0,NaN,0,7.00000000000003,1,6,66,0.5
744,9247.000047,9244.982549,9246.089217,9246.947874,9248.822534,1,2.99999999999994,0.0299999999999997,7.00000000000003,1,6,66,0.5
745,9251.131858,9249.980702,9250.541693,9251.079531,9253.507849,1,2.99999999999994,0.0299999999999997,7.00000000000003,1,6,66,0.5
746,9255.543679,9254.023852,9254.391351,9255.491507,9259.548997,0,2.99999999999994,0.0299999999999997,5.99999999999996,2,5,65,0.5
747,9261.144318,9260.058661,9260.211488,9261.144318,9268.203629,0,NaN,0,7.00000000000003,1,6,66,0.5
748,9270.52712,9268.853453,9269.291952,9270.425781,9271.305783,0,NaN,0.00999999999999943,5.99999999999996,0,5,65,0.5
749,9284.181893,9282.888064,9283.27423,9284.129565,9285.945219,1,2.99999999999994,0.0299999999999997,7.00000000000003,1,6,66,0.5
750,9287.666046,9286.606882,9287.12238,9287.613546,9289.600704,1,2.99999999999994,0.0299999999999997,7.00000000000003,1,6,66,0.5
751,9291.31487,9290.142368,9290.557534,9291.213697,9292.475526,1,NaN,0.00999999999999943,7.00000000000003,0,6,66,0.5
752,9300.147334,9298.766007,9299.387337,9300.094995,9301.043664,1,2.99999999999994,0.0299999999999997,7.00000000000003,1,6,66,0.5
753,9302.786985,9301.568823,9302.000321,9302.734657,9306.23581,0,2.99999999999994,0.0299999999999997,5.99999999999996,2,5,65,0.5
754,9309.806129,9308.488634,9309.04896,9309.753957,9312.148953,1,2.99999999999994,0.0299999999999997,7.00000000000003,1,6,66,0.5
755,9314.115612,9312.857617,9313.291948,9314.063273,9320.596747,0,2.99999999999994,0.0299999999999997,5.99999999999996,2,5,65,0.5
756,9322.048575,9321.185078,9321.50541,9322.048575,9324.703236,0,NaN,0,7.00000000000003,1,6,66,0.5
757,9339.745676,9338.174176,9338.314682,9339.743509,9345.456653,0,2.99999999999994,0.0299999999999997,5.99999999999996,2,5,65,0.5
758,9347.001147,9345.951651,9346.316144,9347.001147,9357.342933,0,NaN,0,7.00000000000003,1,6,66,0.5
759,9358.723428,9357.782937,9358.087431,9358.6711,9368.80556,0,2.99999999999994,0.0299999999999997,5.99999999999996,2,5,65,0.5
760,9370.259382,9369.493051,9369.589384,9370.206882,9376.037864,0,2.99999999999994,0.0299999999999997,5.99999999999996,2,5,65,0.5
761,9377.953518,9376.736695,9377.171687,9377.953518,9383.990493,0,NaN,0,7.00000000000003,1,6,66,0.5
762,9388.990312,9387.855811,9388.260482,9388.889141,9393.86512,1,NaN,0.00999999999999943,7.00000000000003,0,6,66,0.5
763,9395.732446,9394.55829,9394.990788,9395.732446,9402.11542,0,NaN,0,7.00000000000003,1,6,66,0.5
764,9405.373908,9404.199751,9404.63325,9405.321414,9409.657391,0,2.99999999999994,0.0299999999999997,5.99999999999996,2,5,65,0.5
765,9411.50705,9410.536553,9410.756887,9411.50705,9417.328866,0,NaN,0,7.00000000000003,1,6,66,0.5
766,9419.433024,9417.945024,9418.416189,9419.380851,9424.57367,0,2.99999999999994,0.0299999999999997,5.99999999999996,2,5,65,0.5
767,9427.489819,9426.567823,9426.895827,9427.489819,9428.079317,0,NaN,0,7.00000000000003,1,6,66,0.5
768,9435.067123,9433.676128,9434.263798,9435.014795,9437.436452,1,2.99999999999994,0.0299999999999997,7.00000000000003,1,6,66,0.5
769,9439.315778,9438.012277,9438.659442,9439.263445,9441.49743,1,2.99999999999994,0.0299999999999997,7.00000000000003,1,6,66,0.5
770,9443.214095,9442.258093,9442.574592,9443.214095,9450.481228,1,NaN,0,5.99999999999996,2,5,65,0.5
771,9451.916394,9450.916898,9451.32189,9451.916394,9457.164706,0,NaN,0,7.00000000000003,1,6,66,0.5
772,9458.870027,9457.567371,9457.939531,9458.817533,9461.730349,0,2.99999999999994,0.0299999999999997,5.99999999999996,2,5,65,0.5
773,9463.414681,9462.239019,9462.571012,9463.362342,9467.069661,0,2.99999999999994,0.0299999999999997,5.99999999999996,2,5,65,0.5
774,9468.67616,9467.762497,9467.965824,9468.623827,9474.407637,0,2.99999999999994,0.0299999999999997,5.99999999999996,2,5,65,0.5
775,9475.899959,9475.094129,9475.210801,9475.899959,9476.927622,0,NaN,0,7.00000000000003,1,6,66,0.5
776,9483.581267,9482.281439,9482.875098,9483.579095,9485.853419,1,2.99999999999994,0.0299999999999997,7.00000000000003,1,6,66,0.5
777,9487.314919,9486.34509,9486.715416,9487.262747,9489.818242,1,2.99999999999994,0.0299999999999997,7.00000000000003,1,6,66,0.5
778,9491.389569,9490.324234,9490.750739,9491.337397,9494.139719,1,2.99999999999994,0.0299999999999997,7.00000000000003,1,6,66,0.5
779,9495.789546,9494.697056,9495.195054,9495.737219,9498.162203,1,2.99999999999994,0.0299999999999997,7.00000000000003,1,6,66,0.5
780,9499.709869,9498.716701,9499.069366,9499.709869,9506.018172,1,NaN,0,5.99999999999996,2,5,65,0.5
781,9507.477672,9506.577009,9506.987501,9507.477672,9507.90567,0,NaN,0,7.00000000000003,0,6,66,0.5
782,9516.581469,9515.173802,9515.682134,9516.580463,9516.690795,1,NaN,0.00999999999999943,7.00000000000003,0,6,66,0.5
783,9525.894765,9524.625264,9524.976096,9525.892598,9527.97525,1,2.99999999999994,0.0299999999999997,7.00000000000003,1,6,66,0.5
784,9529.975576,9528.773914,9529.231585,9529.874243,9533.244569,1,NaN,0.00999999999999943,7.00000000000003,0,6,66,0.5
785,9537.927383,9536.830549,9537.294886,9537.925217,9540.235041,1,2.99999999999994,0.0299999999999997,7.00000000000003,1,6,66,0.5
786,9542.004695,9540.7652,9541.501864,9541.952528,9544.232358,1,2.99999999999994,0.0299999999999997,7.00000000000003,1,6,66,0.5
787,9547.92651,9546.271683,9546.616009,9547.925505,9548.14617,0,NaN,0.00999999999999943,5.99999999999996,0,5,65,0.5
788,9625.614026,9624.048033,9624.294704,9625.61186,9631.127171,0,2.99999999999994,0.0299999999999997,5.99999999999996,2,5,65,0.5
789,9632.841665,9632.061001,9632.225167,9632.789337,9636.165818,0,2.99999999999994,0.0299999999999997,5.99999999999996,2,5,65,0.5
790,9638.189643,9637.318814,9637.48098,9638.137316,9641.15947,0,2.99999999999994,0.0299999999999997,5.99999999999996,2,5,65,0.5
791,9642.682964,9642.006134,9642.081628,9642.682964,9875.371694,0,NaN,0,7.00000000000003,1,6,66,0.5
792,9878.341522,9877.07886,9877.452352,9878.289188,9886.470989,0,2.99999999999994,0.0299999999999997,5.99999999999996,2,5,65,0.5
793,9888.193649,9887.085649,9887.464318,9888.141476,9894.255785,0,2.99999999999994,0.0299999999999997,5.99999999999996,2,5,65,0.5
794,9897.373945,9895.852613,9896.299944,9897.272779,9919.996016,1,NaN,0.00999999999999943,7.00000000000003,0,6,66,0.5
795,9926.013664,9924.931002,9925.404494,9925.961325,9932.796304,1,2.99999999999994,0.0299999999999997,7.00000000000003,1,6,66,0.5
796,9935.189961,9933.978966,9934.407631,9935.187794,9938.902446,1,2.99999999999994,0.0299999999999997,7.00000000000003,1,6,66,0.5
797,9942.636926,9941.436763,9941.703762,9942.584598,9944.071753,0,2.99999999999994,0.0299999999999997,5.99999999999996,2,5,65,0.5
798,9945.749919,9944.888249,9945.146915,9945.697579,9948.580902,0,2.99999999999994,0.0299999999999997,5.99999999999996,2,5,65,0.5
799,9950.349562,9949.594403,9949.84223,9950.349562,9950.859065,0,NaN,0,7.00000000000003,1,6,66,0.5
800,9958.936527,9957.560199,9958.001364,9958.884199,9960.217689,1,2.99999999999994,0.0299999999999997,7.00000000000003,1,6,66,0.5
801,9962.493513,9961.40235,9961.689021,9962.493513,9962.589679,1,NaN,0,5.99999999999996,2,5,65,0.5
802,9972.306646,9970.879985,9971.43231,9972.254307,9977.220453,0,2.99999999999994,0.0299999999999997,5.99999999999996,2,5,65,0.5
803,9978.809453,9978.046283,9978.187122,9978.809453,10224.387965,0,NaN,0,7.00000000000003,1,6,66,0.5
804,10229.280784,10227.597958,10228.144784,10229.279779,10235.222589,1,NaN,0.00999999999999943,7.00000000000003,0,6,66,0.5
805,10238.776241,10237.28908,10238.008577,10238.723913,10241.096404,1,2.99999999999994,0.0299999999999997,7.00000000000003,1,6,66,0.5
806,10242.912897,10241.795068,10242.251733,10242.860724,10245.720713,1,2.99999999999994,0.0299999999999997,7.00000000000003,1,6,66,0.5
807,10247.739377,10246.31121,10246.743376,10247.687038,10250.474694,0,2.99999999999994,0.0299999999999997,5.99999999999996,2,5,65,0.5
808,10252.492853,10251.685355,10251.929855,10252.491692,10264.002979,0,NaN,0.00999999999999943,5.99999999999996,0,5,65,0.5
809,10288.930713,10287.785211,10288.134549,10288.930713,10289.465377,0,NaN,0,7.00000000000003,1,6,66,0.5
810,10297.97901,10296.870347,10297.280507,10297.926837,10299.92233,1,2.99999999999994,0.0299999999999997,7.00000000000003,1,6,66,0.5
811,10301.833661,10300.785826,10301.159164,10301.833661,10306.18831,1,NaN,0,5.99999999999996,2,5,65,0.5
812,10308.950132,10307.638298,10308.190796,10308.848794,10313.471608,0,NaN,0.00999999999999943,5.99999999999996,0,5,65,0.5
813,10316.674096,10315.438434,10315.978432,10316.621768,10319.800083,1,2.99999999999994,0.0299999999999997,7.00000000000003,1,6,66,0.5
814,10321.778248,10320.492753,10321.113417,10321.725909,10325.214062,1,2.99999999999994,0.0299999999999997,7.00000000000003,1,6,66,0.5
815,10327.243053,10325.864398,10326.459396,10327.190726,10329.653044,1,2.99999999999994,0.0299999999999997,7.00000000000003,1,6,66,0.5
816,10331.771208,10330.313541,10330.716373,10331.718869,10334.624357,0,2.99999999999994,0.0299999999999997,5.99999999999996,2,5,65,0.5
817,10336.090191,10335.306021,10335.463354,10336.038018,10338.552681,0,2.99999999999994,0.0299999999999997,5.99999999999996,2,5,65,0.5
818,10340.413668,10339.52901,10339.81267,10340.413668,10345.506314,0,NaN,0,7.00000000000003,1,6,66,0.5
819,10348.343642,10347.318306,10347.654478,10348.291302,10351.509962,0,2.99999999999994,0.0299999999999997,5.99999999999996,2,5,65,0.5
820,10352.98279,10352.079127,10352.343459,10352.930617,10356.604108,0,2.99999999999994,0.0299999999999997,5.99999999999996,2,5,65,0.5
821,10358.229263,10357.2541,10357.542932,10358.229263,10361.690415,0,NaN,0,7.00000000000003,1,6,66,0.5
822,10367.153061,10366.193065,10366.367903,10367.100733,10368.520727,1,2.99999999999994,0.0299999999999997,7.00000000000003,1,6,66,0.5
823,10370.230549,10368.999726,10369.541217,10370.178049,10372.256879,1,2.99999999999994,0.0299999999999997,7.00000000000003,1,6,66,0.5
824,10374.596698,10373.557207,10373.918873,10374.544198,10377.784524,1,2.99999999999994,0.0299999999999997,7.00000000000003,1,6,66,0.5
825,10379.709843,10378.338688,10379.022347,10379.65735,10382.034501,1,2.99999999999994,0.0299999999999997,7.00000000000003,1,6,66,0.5
826,10384.98149,10383.165669,10383.596829,10384.929162,10388.698308,0,2.99999999999994,0.0299999999999997,5.99999999999996,2,5,65,0.5
827,10391.118298,10389.708803,10390.065641,10391.118298,10398.00427,0,NaN,0,7.00000000000003,1,6,66,0.5
828,10400.283095,10398.577435,10398.961767,10400.230767,10404.260585,0,2.99999999999994,0.0299999999999997,5.99999999999996,2,5,65,0.5
829,10406.932069,10405.593573,10405.969906,10406.879741,10410.090223,1,2.99999999999994,0.0299999999999997,7.00000000000003,1,6,66,0.5
830,10411.97472,10410.744886,10411.290717,10411.922381,10414.327544,1,2.99999999999994,0.0299999999999997,7.00000000000003,1,6,66,0.5
831,10416.081371,10414.878036,10415.263874,10416.081371,10424.420665,1,NaN,0,5.99999999999996,2,5,65,0.5
832,10426.093992,10424.855663,10425.421161,10426.093992,10426.592823,0,NaN,0,7.00000000000003,1,6,66,0.5
833,10433.699128,10432.714132,10433.115969,10433.6468,10435.644953,1,2.99999999999994,0.0299999999999997,7.00000000000003,1,6,66,0.5
834,10437.698951,10436.160624,10436.983782,10437.646612,14379.863509,1,2.99999999999994,0.0299999999999997,7.00000000000003,1,6,66,0.5
835,14386.58465,14384.346497,14384.948328,14386.532322,14393.652454,0,2.99999999999994,0.0299999999999997,5.99999999999996,2,5,65,0.5
836,14398.068771,14396.711281,14396.929942,14398.068771,14416.724862,1,NaN,0,5.99999999999996,2,5,65,0.5
837,14419.400524,14417.638198,14418.352361,14419.400524,14981.593608,0,NaN,0,7.00000000000003,1,6,66,0.5
838,14985.899091,14983.95676,14984.551591,14985.898085,15172.488345,1,NaN,0.00999999999999943,7.00000000000003,0,6,66,0.5
839,15178.060156,15175.028163,15175.67816,15178.060156,15534.730563,1,NaN,0,5.99999999999996,2,5,65,0.5
840,15542.778525,15541.262536,15541.307697,15542.776197,15549.182166,0,2.99999999999994,0.0299999999999997,5.99999999999996,2,5,65,0.5
841,15551.818828,15550.759332,15551.049992,15551.816661,15558.057136,0,2.99999999999994,0.0299999999999997,5.99999999999996,2,5,65,0.5
842,15562.512946,15560.808619,15561.413123,15562.460452,15564.77577,1,2.99999999999994,0.0299999999999997,7.00000000000003,1,6,66,0.5
843,15566.956934,15565.718772,15566.170437,15566.956934,15574.331565,1,NaN,0,5.99999999999996,2,5,65,0.5
844,15576.51989,15575.115728,15575.655727,15576.467562,15578.17655,1,2.99999999999994,0.0299999999999997,7.00000000000003,1,6,66,0.5
845,15580.955878,15579.974882,15580.192047,15580.903545,15584.727857,1,2.99999999999994,0.0299999999999997,7.00000000000003,1,6,66,0.5
846,15587.256347,15585.319355,15585.742853,15587.204019,15592.118994,0,2.99999999999994,0.0299999999999997,5.99999999999996,2,5,65,0.5
847,15594.556651,15593.038157,15593.551655,15594.504323,15599.601297,1,2.99999999999994,0.0299999999999997,7.00000000000003,1,6,66,0.5
848,15602.171459,15600.988125,15601.370629,15602.119126,15604.57095,1,2.99999999999994,0.0299999999999997,7.00000000000003,1,6,66,0.5
849,15606.876941,15605.862272,15606.117444,15606.775768,15608.345763,1,NaN,0.00999999999999943,7.00000000000003,0,6,66,0.5
850,15618.748726,15617.386232,15617.800224,15618.696387,15624.780869,0,2.99999999999994,0.0299999999999997,5.99999999999996,2,5,65,0.5
851,15626.407529,15625.469027,15625.667532,15626.35519,15631.862835,0,2.99999999999994,0.0299999999999997,5.99999999999996,2,5,65,0.5
852,15633.566501,15632.744837,15632.928003,15633.566501,15639.282972,0,NaN,0,7.00000000000003,1,6,66,0.5
853,15641.801301,15640.189474,15640.685805,15641.801301,15648.483268,0,NaN,0,7.00000000000003,1,6,66,0.5
854,15651.385591,15649.868602,15650.54376,15651.284424,15673.493174,1,NaN,0.00999999999999943,7.00000000000003,0,6,66,0.5
855,15676.457324,15674.872996,15675.428333,15676.404824,15686.418283,1,2.99999999999994,0.0299999999999997,7.00000000000003,1,6,66,0.5
856,15688.350109,15687.109953,15687.646618,15688.297782,15692.334932,1,2.99999999999994,0.0299999999999997,7.00000000000003,1,6,66,0.5
857,15695.142088,15694.000092,15694.461924,15695.089748,15698.190569,1,2.99999999999994,0.0299999999999997,7.00000000000003,1,6,66,0.5
858,15700.149895,15699.002233,15699.351065,15700.149895,15702.02506,1,NaN,0,5.99999999999996,2,5,65,0.5
859,15774.930763,15773.343102,15773.781606,15774.878435,15782.081234,0,2.99999999999994,0.0299999999999997,5.99999999999996,2,5,65,0.5
860,15785.383721,15784.101059,15784.518725,15785.383721,15789.90287,0,NaN,0,7.00000000000003,1,6,66,0.5
861,15794.582184,15792.95253,15793.351361,15794.529857,15799.964668,0,2.99999999999994,0.0299999999999997,5.99999999999996,2,5,65,0.5
862,15811.534789,15810.65462,15811.420622,NaN,16290.527373,NaN,NaN,0,7.00000000000003,1,6,66,0.5
863,16297.411845,16295.852012,16296.374016,16297.409678,16305.550973,1,2.99999999999994,0.0299999999999997,7.00000000000003,1,6,66,0.5
864,16308.082802,16306.811469,16307.2268,16308.030469,16310.440954,1,2.99999999999994,0.0299999999999997,7.00000000000003,1,6,66,0.5
865,16315.756433,16313.270448,16313.757607,16315.704105,16321.907908,0,2.99999999999994,0.0299999999999997,5.99999999999996,2,5,65,0.5
866,16342.365826,16341.068331,16341.243664,16342.365826,16347.330139,1,NaN,0,5.99999999999996,2,5,65,0.5
867,16349.911297,16348.199803,16348.723634,16349.858963,16352.133793,1,2.99999999999994,0.0299999999999997,7.00000000000003,1,6,66,0.5
868,16354.320618,16352.872618,16353.515787,16354.268278,16357.213106,1,2.99999999999994,0.0299999999999997,7.00000000000003,1,6,66,0.5
869,16360.791258,16359.527097,16359.798596,16360.739086,16367.12806,0,2.99999999999994,0.0299999999999997,5.99999999999996,2,5,65,0.5
870,16368.73056,16367.791564,16368.107223,16368.678387,16373.285869,0,2.99999999999994,0.0299999999999997,5.99999999999996,2,5,65,0.5
871,16384.976328,16384.273664,16382.163333,NaN,NaN,NaN,NaN,0,7.00000000000003,1,6,66,0.5
872,16415.721539,16414.739876,16415.083036,16415.721539,16421.948014,1,NaN,0,5.99999999999996,2,5,65,0.5
873,16424.955502,16423.942167,16424.342671,16424.903169,16429.545317,0,2.99999999999994,0.0299999999999997,5.99999999999996,2,5,65,0.5
874,16432.114134,16431.16181,16431.462976,16432.061807,16436.334117,0,2.99999999999994,0.0299999999999997,5.99999999999996,2,5,65,0.5
875,16438.898107,16437.709445,16438.038444,16438.898107,16442.736092,0,NaN,0,7.00000000000003,1,6,66,0.5
876,16481.743941,16480.375447,16480.707773,16481.741769,16494.482551,0,2.99999999999994,0.0299999999999997,5.99999999999996,2,5,65,0.5
877,16497.598378,16496.208545,16496.338716,16497.596211,16504.898509,1,2.99999999999994,0.0299999999999997,7.00000000000003,1,6,66,0.5
878,16507.038668,16506.271337,16506.340503,16507.038668,16511.027485,1,NaN,0,5.99999999999996,2,5,65,0.5
879,16517.900797,16516.339463,16517.063627,16517.79963,16526.091424,1,NaN,0.00999999999999943,7.00000000000003,0,6,66,0.5
880,16527.555091,16526.594089,16526.908094,16527.502919,16530.601246,0,2.99999999999994,0.0299999999999997,5.99999999999996,2,5,65,0.5
881,16542.331859,16534.837223,16536.074218,NaN,16547.595838,NaN,NaN,0,7.00000000000003,1,6,66,0.5
882,16549.344665,16548.323169,16548.633334,16549.344665,16549.710003,0,NaN,0,7.00000000000003,1,6,66,0.5
883,16557.297134,16555.424309,16556.270804,16557.244634,16559.571125,1,2.99999999999994,0.0299999999999997,7.00000000000003,1,6,66,0.5
884,16561.658283,16560.786792,16560.835785,16561.658283,16566.935262,1,NaN,0,5.99999999999996,2,5,65,0.5
885,16568.856754,16567.410432,16568.131596,16568.75542,16575.061229,1,NaN,0.00999999999999943,7.00000000000003,0,6,66,0.5
886,16576.888722,16575.599393,16575.966064,16576.886555,16581.346537,0,2.99999999999994,0.0299999999999997,5.99999999999996,2,5,65,0.5
887,16583.291035,16582.449038,16582.608871,16583.238696,16587.697184,0,2.99999999999994,0.0299999999999997,5.99999999999996,2,5,65,0.5
888,16589.306011,16588.565347,16588.684007,16589.253672,16594.963488,0,2.99999999999994,0.0299999999999997,5.99999999999996,2,5,65,0.5
889,16596.651482,16595.954478,16596.075151,16596.651482,16602.460125,0,NaN,0,7.00000000000003,1,6,66,0.5
890,16604.191618,16603.169455,16603.520782,16604.139279,16610.115755,0,2.99999999999994,0.0299999999999997,5.99999999999996,2,5,65,0.5
891,16612.92675,16611.263751,16611.927587,16612.92675,16612.960411,0,NaN,0,7.00000000000003,1,6,66,0.5
892,16619.92355,16618.77806,16619.146892,16619.87105,16624.327699,0,2.99999999999994,0.0299999999999997,5.99999999999996,2,5,65,0.5
893,16626.450196,16625.555033,16625.822192,16626.398023,16631.567675,0,2.99999999999994,0.0299999999999997,5.99999999999996,2,5,65,0.5
894,16633.198335,16632.409505,16632.567005,16633.198335,16640.763138,0,NaN,0,7.00000000000003,1,6,66,0.5
895,16642.882297,16641.473136,16641.857629,16642.829957,16646.467276,0,2.99999999999994,0.0299999999999997,5.99999999999996,2,5,65,0.5
896,16657.93157,16656.418237,16656.952407,NaN,16665.095035,NaN,NaN,0,7.00000000000003,1,6,66,0.5
897,16666.810696,16665.5422,16666.033865,16666.709362,16668.134362,1,NaN,0.00999999999999943,7.00000000000003,0,6,66,0.5
898,16674.82683,16672.843005,16674.016333,16674.774502,16677.735151,1,2.99999999999994,0.0299999999999997,7.00000000000003,1,6,66,0.5
899,16679.210985,16678.221489,16678.622148,16679.158646,16682.014301,1,2.99999999999994,0.0299999999999997,7.00000000000003,1,6,66,0.5
900,16684.415297,16683.051303,16683.775294,16684.362964,16688.032616,1,2.99999999999994,0.0299999999999997,7.00000000000003,1,6,66,0.5
901,16689.834942,16688.656774,16689.168778,16689.782603,16693.308089,1,2.99999999999994,0.0299999999999997,7.00000000000003,1,6,66,0.5
902,16695.580919,16694.133752,16694.942088,16695.528747,16698.59474,1,2.99999999999994,0.0299999999999997,7.00000000000003,1,6,66,0.5
903,16700.746899,16699.934235,16700.200734,16700.746899,16701.309391,1,NaN,0,5.99999999999996,2,5,65,0.5
904,16708.467034,16707.337366,16707.796204,16708.414862,16711.028185,1,2.99999999999994,0.0299999999999997,7.00000000000003,1,6,66,0.5
905,16713.607342,16711.53335,16711.939687,16713.555014,16718.841993,0,2.99999999999994,0.0299999999999997,5.99999999999996,2,5,65,0.5
906,16721.126817,16720.209987,16720.346653,16721.074478,16729.411951,0,2.99999999999994,0.0299999999999997,5.99999999999996,2,5,65,0.5
907,16737.374419,16736.303923,16736.690249,16737.374419,16741.824062,0,NaN,0,7.00000000000003,1,6,66,0.5
908,16746.28955,16744.468884,16745.163215,16746.188383,16747.014874,1,NaN,0.00999999999999943,7.00000000000003,0,6,66,0.5
909,16754.179179,16752.552353,16753.012683,16754.126852,16758.509828,0,2.99999999999994,0.0299999999999997,5.99999999999996,2,5,65,0.5
910,16770.334453,16767.064961,16768.784954,NaN,16776.435757,NaN,NaN,0,7.00000000000003,1,6,66,0.5
911,16778.455749,16777.466919,16777.696924,16778.403249,16781.893901,1,2.99999999999994,0.0299999999999997,7.00000000000003,1,6,66,0.5
912,16783.489062,16782.465399,16782.87807,16783.489062,16791.052704,1,NaN,0,5.99999999999996,2,5,65,0.5
913,16792.731864,16791.752528,16792.030028,16792.630698,16794.304018,0,NaN,0.00999999999999943,5.99999999999996,0,5,65,0.5
914,16802.589986,16800.061835,16801.537162,16802.537486,16806.205137,1,2.99999999999994,0.0299999999999997,7.00000000000003,1,6,66,0.5
915,16808.076803,16807.294967,16807.493132,16808.024463,16811.505289,1,2.99999999999994,0.0299999999999997,7.00000000000003,1,6,66,0.5
916,16813.396943,16812.630284,16812.705612,16813.396943,16813.700113,1,NaN,0,5.99999999999996,2,5,65,0.5
917,16822.95041,16821.856075,16822.119413,16822.898071,16825.822231,1,2.99999999999994,0.0299999999999997,7.00000000000003,1,6,66,0.5
918,16827.798718,16826.395563,16827.151226,16827.746391,16830.213547,1,2.99999999999994,0.0299999999999997,7.00000000000003,1,6,66,0.5
919,16836.955848,16835.167861,16836.10669,16836.955848,16837.340346,1,NaN,0,5.99999999999996,2,5,65,0.5
920,16844.62199,16843.252989,16843.67666,16844.56965,16849.464131,0,2.99999999999994,0.0299999999999997,5.99999999999996,2,5,65,0.5
921,16851.013959,16850.104129,16850.2533,16850.961631,16855.814773,0,2.99999999999994,0.0299999999999997,5.99999999999996,2,5,65,0.5
922,16857.637938,16856.735269,16856.885768,16857.585765,16863.92074,0,2.99999999999994,0.0299999999999997,5.99999999999996,2,5,65,0.5
923,16874.195366,16872.410878,16872.732538,16873.595034,NaN,1,NaN,0.00999999999999943,7.00000000000003,0,6,66,0.5
924,16882.726337,16881.22651,16881.778674,16882.673998,16888.94664,0,2.99999999999994,0.0299999999999997,5.99999999999996,2,5,65,0.5
925,16890.405801,16889.601638,16889.70497,16890.405801,16892.329299,0,NaN,0,7.00000000000003,1,6,66,0.5
926,16898.654607,16897.065274,16897.528945,16898.602434,16902.091587,0,2.99999999999994,0.0299999999999997,5.99999999999996,2,5,65,0.5
927,16905.155576,16903.874414,16904.242578,16905.103248,16907.039401,1,2.99999999999994,0.0299999999999997,7.00000000000003,1,6,66,0.5
928,16910.479054,16909.087732,16909.475558,16910.479054,16916.687529,1,NaN,0,5.99999999999996,2,5,65,0.5
929,16918.907859,16917.953857,16918.306362,16918.907859,16919.59419,0,NaN,0,7.00000000000003,1,6,66,0.5
930,16926.487823,16925.023162,16925.645999,16926.435496,16928.649987,1,2.99999999999994,0.0299999999999997,7.00000000000003,1,6,66,0.5
931,16930.765145,16929.922476,16930.238475,16930.765145,16931.326137,1,NaN,0,5.99999999999996,2,5,65,0.5
932,16937.901283,16936.701782,16937.161619,16937.848944,16942.950096,0,2.99999999999994,0.0299999999999997,5.99999999999996,2,5,65,0.5
933,16946.14975,16945.025249,16945.240254,16946.097411,16949.48107,1,2.99999999999994,0.0299999999999997,7.00000000000003,1,6,66,0.5
934,16951.590728,16950.039562,16950.833726,16951.590728,16958.768866,1,NaN,0,5.99999999999996,2,5,65,0.5
935,16960.37836,16959.320526,16959.583696,16960.326021,16964.556004,0,2.99999999999994,0.0299999999999997,5.99999999999996,2,5,65,0.5
936,16966.729663,16965.618167,16965.976998,16966.628329,16968.122656,0,NaN,0.00999999999999943,5.99999999999996,0,5,65,0.5
937,16975.507294,16973.710473,16974.577464,16975.505127,16978.596287,1,2.99999999999994,0.0299999999999997,7.00000000000003,1,6,66,0.5
938,16980.575113,16979.898949,16979.924276,16980.575113,16984.766429,1,NaN,0,5.99999999999996,2,5,65,0.5
939,16994.122558,16992.859063,16993.205062,16994.070219,17050.659493,0,2.99999999999994,0.0299999999999997,5.99999999999996,2,5,65,0.5
940,17053.100489,17051.604323,17051.947488,17053.04815,17058.03263,1,2.99999999999994,0.0299999999999997,7.00000000000003,1,6,66,0.5
941,17059.75179,17058.668128,17059.081459,17059.699463,17063.223609,1,2.99999999999994,0.0299999999999997,7.00000000000003,1,6,66,0.5
942,17065.072108,17063.886279,17064.273444,17065.070941,17071.210745,1,NaN,0.00999999999999943,7.00000000000003,0,6,66,0.5
943,17072.876071,17071.983241,17072.212907,17072.823744,17076.278724,0,2.99999999999994,0.0299999999999997,5.99999999999996,2,5,65,0.5
944,17078.259222,17077.41572,17077.672219,17078.259222,17078.368216,0,NaN,0,7.00000000000003,1,6,66,0.5
945,17112.546413,17111.097251,17111.48825,17112.493918,17115.621566,1,2.99999999999994,0.0299999999999997,7.00000000000003,1,6,66,0.5
946,17117.348565,17116.250564,17116.639062,17117.296226,17120.924045,1,2.99999999999994,0.0299999999999997,7.00000000000003,1,6,66,0.5
947,17122.762538,17121.710709,17122.14588,17122.710211,17125.734199,1,2.99999999999994,0.0299999999999997,7.00000000000003,1,6,66,0.5
948,17127.35402,17126.27003,17126.823021,17127.301692,17130.455507,1,2.99999999999994,0.0299999999999997,7.00000000000003,1,6,66,0.5
949,17133.073997,17131.958001,17132.027335,17132.972664,17134.402325,0,NaN,0.00999999999999943,5.99999999999996,0,5,65,0.5
950,17149.259432,17138.728974,17138.78214,NaN,17306.075644,NaN,NaN,0,7.00000000000003,1,6,66,0.5
951,17314.441105,17313.301109,17313.652607,17314.388772,17321.417243,1,2.99999999999994,0.0299999999999997,7.00000000000003,1,6,66,0.5
952,17323.407574,17322.128574,17322.548572,17323.355402,17325.831893,1,2.99999999999994,0.0299999999999997,7.00000000000003,1,6,66,0.5
953,17327.682052,17326.527723,17326.908555,17327.629724,17331.989534,1,2.99999999999994,0.0299999999999997,7.00000000000003,1,6,66,0.5
954,17343.274828,17332.744037,17333.03953,NaN,17356.913601,NaN,NaN,0,5.99999999999996,2,5,65,0.5
955,17358.638767,17357.448932,17357.811431,17358.586594,17371.489049,0,2.99999999999994,0.0299999999999997,5.99999999999996,2,5,65,0.5
956,17374.748703,17373.363375,17373.635701,17374.69653,17378.164855,1,2.99999999999994,0.0299999999999997,7.00000000000003,1,6,66,0.5
957,17379.947848,17378.96318,17379.364684,17379.947848,17480.956944,1,NaN,0,5.99999999999996,2,5,65,0.5
958,17482.684932,17481.858107,17481.989935,17482.632604,17489.45441,0,2.99999999999994,0.0299999999999997,5.99999999999996,2,5,65,0.5
959,17493.285562,17492.051061,17492.240728,17493.233229,17495.031555,1,2.99999999999994,0.0299999999999997,7.00000000000003,1,6,66,0.5
960,17497.013047,17495.665379,17496.12305,17496.960708,17500.912698,1,2.99999999999994,0.0299999999999997,7.00000000000003,1,6,66,0.5
961,17508.036663,17507.252666,17507.544333,17508.036663,17518.580127,1,NaN,0,5.99999999999996,2,5,65,0.5
962,17521.94578,17520.968118,17521.267777,17521.893608,17524.791769,0,2.99999999999994,0.0299999999999997,5.99999999999996,2,5,65,0.5
963,17526.537923,17525.682093,17525.961759,17526.535756,17529.191912,0,2.99999999999994,0.0299999999999997,5.99999999999996,2,5,65,0.5
964,17531.890402,17530.726906,17530.872406,17531.789068,17532.1319,1,NaN,0.00999999999999943,7.00000000000003,0,6,66,0.5
965,17540.495039,17539.506871,17539.797542,17540.4427,17545.008349,0,2.99999999999994,0.0299999999999997,5.99999999999996,2,5,65,0.5
966,17546.779342,17546.053184,17546.192183,17546.777175,17549.678836,0,2.99999999999994,0.0299999999999997,5.99999999999996,2,5,65,0.5
967,17551.631656,17550.857331,17551.146491,17551.631656,17557.034967,0,NaN,0,7.00000000000003,1,6,66,0.5
968,17559.527963,17558.307135,17558.746627,17559.475624,17563.477442,0,2.99999999999994,0.0299999999999997,5.99999999999996,2,5,65,0.5
969,17574.927063,17574.078405,17574.006567,NaN,17628.169183,NaN,NaN,0,7.00000000000003,1,6,66,0.5
970,17630.862673,17629.700016,17630.091676,17630.761339,17633.427328,1,NaN,0.00999999999999943,7.00000000000003,0,6,66,0.5
971,17638.542481,17637.379819,17637.722478,17638.490141,17644.101286,0,2.99999999999994,0.0299999999999997,5.99999999999996,2,5,65,0.5
972,17655.80674,17647.402107,17647.742938,NaN,NaN,NaN,NaN,0,7.00000000000003,0,6,66,0.5
973,17674.002167,17672.832838,17673.161336,17673.949839,17678.160317,0,2.99999999999994,0.0299999999999997,5.99999999999996,2,5,65,0.5
974,17679.962643,17679.109312,17679.346484,17679.910315,17683.298302,0,2.99999999999994,0.0299999999999997,5.99999999999996,2,5,65,0.5
975,17690.36544,17688.778107,17689.028607,17690.36544,17690.412106,0,NaN,0,7.00000000000003,0,6,66,0.5
976,17698.70824,17697.30324,17697.832737,17698.655901,17699.735563,1,2.99999999999994,0.0299999999999997,7.00000000000003,1,6,66,0.5
977,17701.735723,17700.245734,17700.879231,17701.63439,17706.032705,1,NaN,0.00999999999999943,7.00000000000003,0,6,66,0.5
978,17711.975187,17711.013857,17711.335017,17711.923014,17715.243501,0,2.99999999999994,0.0299999999999997,5.99999999999996,2,5,65,0.5
979,17724.210138,17719.351318,17719.643317,17724.210138,17728.552281,0,NaN,0,7.00000000000003,1,6,66,0.5
980,17734.46693,17733.018769,17733.328102,17734.465924,17734.547924,1,NaN,0.00999999999999943,7.00000000000003,0,6,66,0.5
981,17743.901559,17742.672225,17743.023057,17743.849387,17748.715707,0,2.99999999999994,0.0299999999999997,5.99999999999996,2,5,65,0.5
982,17753.64302,17752.241693,17752.540858,17753.64302,17820.137082,0,NaN,0,7.00000000000003,1,6,66,0.5
983,17821.93008,17820.989251,17821.24325,17821.877741,17841.097004,0,2.99999999999994,0.0299999999999997,5.99999999999996,2,5,65,0.5
984,17843.243662,17841.801328,17842.244999,17843.191323,17853.850113,1,2.99999999999994,0.0299999999999997,7.00000000000003,1,6,66,0.5
985,17856.006611,17854.899609,17855.304947,17855.954272,17857.532599,1,2.99999999999994,0.0299999999999997,7.00000000000003,1,6,66,0.5
986,17859.985428,17858.92176,17858.998927,17859.933089,17864.377744,0,2.99999999999994,0.0299999999999997,5.99999999999996,2,5,65,0.5
987,17868.022391,17866.559896,17866.993567,17867.970063,17870.205048,1,2.99999999999994,0.0299999999999997,7.00000000000003,1,6,66,0.5
988,17872.118041,17870.788379,17871.122378,17872.065541,17875.735032,0,2.99999999999994,0.0299999999999997,5.99999999999996,2,5,65,0.5
989,17878.362521,17877.502691,17877.762184,17878.310182,17882.816498,0,2.99999999999994,0.0299999999999997,5.99999999999996,2,5,65,0.5
990,17891.987461,17890.530467,17890.825633,17891.987461,17920.638347,0,NaN,0,7.00000000000003,1,6,66,0.5
991,17922.797338,17921.702342,17921.867175,17922.744838,17928.309316,0,2.99999999999994,0.0299999999999997,5.99999999999996,2,5,65,0.5
992,17930.024315,17929.387312,17929.450817,17930.022148,17934.892456,0,2.99999999999994,0.0299999999999997,5.99999999999996,2,5,65,0.5
993,17936.92112,17936.268956,17936.371617,17936.92112,17941.611435,0,NaN,0,7.00000000000003,1,6,66,0.5
994,17952.41222,17951.125058,17951.551223,17952.41222,17960.051361,0,NaN,0,7.00000000000003,1,6,66,0.5
995,17964.654676,17963.17101,17963.497508,17964.602337,17966.394503,1,2.99999999999994,0.0299999999999997,7.00000000000003,1,6,66,0.5
996,17968.562989,17967.079833,17967.593992,17968.510661,17973.728473,0,2.99999999999994,0.0299999999999997,5.99999999999996,2,5,65,0.5
997,17977.007293,17975.663293,17975.939958,17976.954954,NaN,1,2.99999999999994,0.0299999999999997,7.00000000000003,1,6,66,0.5
