trial,outcome,center_in,center_out,side_in,last_side_out,actions,reward,trial_types,odors,port_side,schedule,odor_name,odor_dur
1,152.413638,146.077138,146.234638,152.360138,152.438638,1,1.99999999999996,0.0200000000000003,7.00000000000003,1,8,66,0.5
2,166.589138,166.092638,166.131138,166.589138,185.844138,0,NaN,0,7.00000000000003,1,8,66,0.5
3,187.988138,186.356138,187.357638,187.988138,188.691138,1,NaN,0,5.99999999999996,2,7,65,0.5
4,206.063138,205.260638,205.410138,206.063138,216.174638,1,NaN,0,5.99999999999996,2,7,65,0.5
5,225.180639,224.334638,224.674138,225.127638,230.775138,1,2.99999999999994,0.0299999999999997,7.00000000000003,1,8,66,0.5
6,231.679138,231.198638,231.282138,231.679138,246.307638,0,NaN,0,7.00000000000003,1,8,66,0.5
7,253.164138,252.663138,252.755138,253.111138,262.844638,0,2.99999999999994,0.0299999999999997,5.99999999999996,2,7,65,0.5
8,263.951638,263.260638,263.557138,263.951638,267.992138,1,NaN,0,5.99999999999996,2,7,65,0.5
9,276.663138,275.501138,276.033138,276.610638,286.369138,1,2.99999999999994,0.0299999999999997,7.00000000000003,1,8,66,0.5
10,288.179138,287.061138,287.101138,288.179138,296.170638,0,NaN,0,7.00000000000003,1,8,66,0.5
11,297.220638,296.561638,296.835138,297.168138,300.159638,1,2.99999999999994,0.0299999999999997,7.00000000000003,1,8,66,0.5
12,303.325138,302.791638,302.914138,303.312138,307.003638,0,2.99999999999994,0.0299999999999997,5.99999999999996,2,7,65,0.5
13,310.569138,309.833638,310.137638,310.516638,323.415138,0,2.99999999999994,0.0299999999999997,5.99999999999996,2,7,65,0.5
14,324.197138,323.764638,323.809638,324.197138,333.087638,0,NaN,0,7.00000000000003,1,8,66,0.5
15,333.847638,333.486638,333.534138,333.847638,339.006638,0,NaN,0,7.00000000000003,1,8,66,0.5
16,340.411138,339.627638,339.992638,340.358638,347.091638,0,2.99999999999994,0.0299999999999997,5.99999999999996,2,7,65,0.5
17,348.330638,347.656638,347.925638,348.277638,350.411138,0,2.99999999999994,0.0299999999999997,5.99999999999996,2,7,65,0.5
18,352.161638,351.341138,351.661638,352.108638,354.271138,1,2.99999999999994,0.0299999999999997,7.00000000000003,1,8,66,0.5
19,355.359138,354.725638,354.984638,355.359138,371.518638,0,NaN,0,7.00000000000003,1,8,66,0.5
20,383.075638,381.305138,381.362138,383.023138,386.949138,1,2.99999999999994,0.0299999999999997,7.00000000000003,1,8,66,0.5
21,388.767638,387.908638,388.311138,388.714638,415.922138,0,2.99999999999994,0.0299999999999997,5.99999999999996,2,7,65,0.5
22,417.106138,416.464138,416.712638,417.106138,433.609638,0,NaN,0,7.00000000000003,1,8,66,0.5
23,434.997638,434.263638,434.532638,434.945138,445.502638,1,2.99999999999994,0.0299999999999997,7.00000000000003,1,8,66,0.5
24,449.887638,448.867638,449.444638,449.887638,455.766138,0,NaN,0,7.00000000000003,1,8,66,0.5
25,457.275138,456.457638,456.766638,457.223138,463.039638,1,2.99999999999994,0.0299999999999997,7.00000000000003,1,8,66,0.5
26,464.501638,463.858138,463.990638,464.501638,469.946638,0,NaN,0,7.00000000000003,1,8,66,0.5
27,475.669138,474.955638,475.261638,475.669138,480.859638,0,NaN,0,7.00000000000003,1,8,66,0.5
28,481.972638,481.355638,481.618138,481.972638,482.407638,0,NaN,0,7.00000000000003,1,8,66,0.5
29,594.193638,589.379138,589.827638,594.140638,602.402138,1,2.99999999999994,0.0299999999999997,7.00000000000003,1,8,66,0.5
30,604.871638,604.322138,604.381638,604.871638,605.273638,1,NaN,0,5.99999999999996,2,7,65,0.5
31,612.358638,611.476638,611.795638,612.305638,631.883638,1,2.99999999999994,0.0299999999999997,7.00000000000003,1,8,66,0.5
32,633.155138,632.418638,632.688138,633.102138,649.981139,0,2.99999999999994,0.0299999999999997,5.99999999999996,2,7,65,0.5
33,652.694638,651.948138,652.197638,652.694638,659.140138,1,NaN,0,5.99999999999996,2,7,65,0.5
34,660.552138,659.859638,660.069138,660.552138,665.646638,1,NaN,0,5.99999999999996,2,7,65,0.5
35,666.833138,666.119138,666.444638,666.779638,670.245138,0,2.99999999999994,0.0299999999999997,5.99999999999996,2,7,65,0.5
36,671.469138,670.822138,670.979638,671.367138,677.977138,1,NaN,0.00999999999999943,7.00000000000003,0,8,66,0.5
37,679.254138,678.429638,678.644138,679.201138,680.021638,0,2.99999999999994,0.0299999999999997,5.99999999999996,2,7,65,0.5
38,681.225638,680.568638,680.739638,681.173638,689.050138,1,2.99999999999994,0.0299999999999997,7.00000000000003,1,8,66,0.5
39,692.072638,691.247138,691.669138,692.072638,698.319138,0,NaN,0,7.00000000000003,1,8,66,0.5
40,705.841638,704.878138,705.239638,705.740138,711.989638,1,NaN,0.00999999999999943,7.00000000000003,0,8,66,0.5
41,716.150138,715.151638,715.653638,716.150138,716.582638,0,NaN,0,7.00000000000003,1,8,66,0.5
42,728.319638,727.805138,727.960138,728.319638,734.172638,1,NaN,0,5.99999999999996,2,7,65,0.5
43,736.450638,735.665638,736.071138,736.450638,815.541638,0,NaN,0,7.00000000000003,1,8,66,0.5
44,826.581139,825.736638,826.006638,826.581139,827.097138,0,NaN,0,7.00000000000003,1,8,66,0.5
45,846.505138,844.827138,845.118638,846.452138,847.710138,1,2.99999999999994,0.0299999999999997,7.00000000000003,1,8,66,0.5
46,853.571638,852.636638,852.942638,853.518638,863.984138,0,2.99999999999994,0.0299999999999997,5.99999999999996,2,7,65,0.5
47,865.350138,864.643638,864.744638,865.350138,887.194638,1,NaN,0,5.99999999999996,2,7,65,0.5
48,888.804138,888.126138,888.237138,888.804138,902.238638,0,NaN,0,7.00000000000003,1,8,66,0.5
49,904.792138,903.101138,903.259638,904.792138,913.100638,0,NaN,0,7.00000000000003,1,8,66,0.5
50,914.569138,913.621138,913.864638,914.569138,921.211638,1,NaN,0,5.99999999999996,0,7,65,0.5
51,930.796138,929.952638,930.225638,930.796138,937.757638,1,NaN,0,5.99999999999996,2,7,65,0.5
52,938.964138,938.265638,938.504138,938.964138,940.327138,1,NaN,0,5.99999999999996,2,7,65,0.5
53,956.988638,948.457638,948.692638,NaN,1131.245138,NaN,NaN,0,5.99999999999996,2,7,65,0.5
54,1133.123638,1132.200638,1132.363638,1133.123638,1157.005638,1,NaN,0,5.99999999999996,2,7,65,0.5
55,1164.594638,1163.557138,1163.933638,1164.594638,1176.334138,1,NaN,0,5.99999999999996,2,7,65,0.5
56,1177.361138,1176.734138,1176.779638,1177.308638,1188.171138,1,2.99999999999994,0.0299999999999997,7.00000000000003,1,8,66,0.5
57,1191.584138,1191.043138,1191.094138,1191.584138,1195.764638,1,NaN,0,5.99999999999996,2,7,65,0.5
58,1200.606138,1199.498638,1200.118138,1200.505138,1205.690638,0,NaN,0.00999999999999943,5.99999999999996,0,7,65,0.5
59,1210.619138,1206.286638,1208.249638,1210.566638,1251.385638,1,2.99999999999994,0.0299999999999997,7.00000000000003,1,8,66,0.5
60,1253.832638,1253.181638,1253.244638,1253.832638,1267.846138,1,NaN,0,5.99999999999996,2,7,65,0.5
61,1270.177138,1269.470638,1269.606638,1270.177138,1277.256638,1,NaN,0,5.99999999999996,2,7,65,0.5
62,1279.304638,1278.623138,1278.825138,1279.304638,1282.919638,1,NaN,0,5.99999999999996,2,7,65,0.5
63,1290.709138,1290.213138,1290.307638,1290.709138,1296.165138,1,NaN,0,5.99999999999996,2,7,65,0.5
64,1298.655638,1297.135638,1298.141138,1298.655638,1307.098138,1,NaN,0,5.99999999999996,2,7,65,0.5
65,1308.929138,1308.163638,1308.401138,1308.827638,1322.820638,1,NaN,0.00999999999999943,7.00000000000003,0,8,66,0.5
66,1324.854138,1323.283138,1323.540138,1324.854138,1339.012138,1,NaN,0,5.99999999999996,2,7,65,0.5
67,1375.661138,1373.619138,1373.875138,1375.661138,1376.136138,1,NaN,0,5.99999999999996,2,7,65,0.5
68,1394.695638,1392.903638,1393.264638,1394.642638,1408.998638,0,2.99999999999994,0.0299999999999997,5.99999999999996,2,7,65,0.5
69,1410.682138,1409.441138,1410.107138,1410.682138,1416.550638,1,NaN,0,5.99999999999996,2,7,65,0.5
70,1418.861638,1417.452638,1418.411138,1418.861638,1426.234638,0,NaN,0,7.00000000000003,0,8,66,0.5
71,1428.828638,1427.241138,1428.078138,1428.776138,1433.014638,1,2.99999999999994,0.0299999999999997,7.00000000000003,1,8,66,0.5
72,1434.568138,1433.780138,1434.108138,1434.568138,1435.043138,0,NaN,0,7.00000000000003,1,8,66,0.5
73,1474.659138,1472.623138,1472.999138,1474.557638,1474.730638,1,NaN,0.00999999999999943,7.00000000000003,0,8,66,0.5
74,1518.634138,1513.297138,1513.490138,1518.634138,1526.542638,0,NaN,0,7.00000000000003,1,8,66,0.5
75,1528.461638,1527.036138,1527.302638,1528.461638,1539.536638,1,NaN,0,5.99999999999996,2,7,65,0.5
76,1541.984638,1540.866638,1541.536138,1541.932138,1563.652138,0,2.99999999999994,0.0299999999999997,5.99999999999996,2,7,65,0.5
77,1577.918138,1577.257638,1577.426138,1577.918138,1639.062138,0,NaN,0,7.00000000000003,1,8,66,0.5
78,1650.971638,1649.061138,1649.808638,1650.918138,1664.703138,1,2.99999999999994,0.0299999999999997,7.00000000000003,1,8,66,0.5
79,1668.960638,1667.443638,1667.735138,1668.960638,1691.468638,0,NaN,0,7.00000000000003,1,8,66,0.5
80,1735.290138,1734.483138,1734.772638,1735.290138,1765.022139,0,NaN,0,7.00000000000003,1,8,66,0.5
81,1767.246638,1766.462638,1766.767138,1767.246638,1767.609638,0,NaN,0,7.00000000000003,1,8,66,0.5
82,1781.756638,1780.707138,1780.940638,1781.704138,1788.278638,1,2.99999999999994,0.0299999999999997,7.00000000000003,1,8,66,0.5
83,1794.879138,1794.119138,1794.299638,1794.879138,1802.573638,1,NaN,0,5.99999999999996,2,7,65,0.5
84,1803.588638,1802.945138,1803.121638,1803.588638,1810.932638,1,NaN,0,5.99999999999996,2,7,65,0.5
85,1813.372138,1812.706638,1812.882139,1813.369638,1826.940638,1,2.99999999999994,0.0299999999999997,7.00000000000003,1,8,66,0.5
86,1828.548138,1827.735638,1828.068138,1828.548138,1859.983638,0,NaN,0,7.00000000000003,1,8,66,0.5
87,1861.747638,1860.944138,1861.194138,1861.695138,1900.815138,1,2.99999999999994,0.0299999999999997,7.00000000000003,1,8,66,0.5
88,1901.951638,1901.207638,1901.328138,1901.898638,1906.947638,1,2.99999999999994,0.0299999999999997,7.00000000000003,1,8,66,0.5
89,1920.781638,1920.086138,1920.290138,1920.729138,1947.744138,1,2.99999999999994,0.0299999999999997,7.00000000000003,1,8,66,0.5
90,1960.604638,1959.994638,1960.051138,1960.552138,1962.024638,1,2.99999999999994,0.0299999999999997,7.00000000000003,1,8,66,0.5
91,1964.510638,1962.879138,1963.073638,1964.510638,1969.644638,1,NaN,0,5.99999999999996,2,7,65,0.5
92,1971.957138,1970.453638,1970.603138,1971.957138,2015.500138,1,NaN,0,5.99999999999996,2,7,65,0.5
93,2027.969638,2019.438138,2019.517138,NaN,2059.588138,NaN,NaN,0,7.00000000000003,1,8,66,0.5
94,2064.805138,2064.053138,2064.214638,2064.752638,2068.460138,1,2.99999999999994,0.0299999999999997,7.00000000000003,1,8,66,0.5
95,2070.442138,2069.361638,2069.598638,2070.389638,2074.224138,0,2.99999999999994,0.0299999999999997,5.99999999999996,2,7,65,0.5
96,2077.915138,2077.189138,2077.327138,2077.915138,2092.463138,0,NaN,0,7.00000000000003,1,8,66,0.5
97,2094.195638,2093.253138,2093.609638,2094.142638,2102.543638,0,2.99999999999994,0.0299999999999997,5.99999999999996,2,7,65,0.5
98,2105.386638,2104.507638,2104.773638,2105.386638,2110.010138,1,NaN,0,5.99999999999996,2,7,65,0.5
99,2111.867138,2111.241638,2111.369638,2111.814638,2126.755138,1,2.99999999999994,0.0299999999999997,7.00000000000003,1,8,66,0.5
100,2128.832138,2127.784638,2128.089138,2128.832138,2210.572638,0,NaN,0,7.00000000000003,1,8,66,0.5
101,2212.643638,2211.845638,2212.126138,2212.643638,2228.044138,0,NaN,0,7.00000000000003,1,8,66,0.5
102,2229.382638,2228.584138,2228.781638,2229.330138,2241.123138,0,2.99999999999994,0.0299999999999997,5.99999999999996,2,7,65,0.5
103,2243.667638,2242.942638,2243.150138,2243.667638,2566.610638,1,NaN,0,5.99999999999996,2,7,65,0.5
104,2567.949138,2567.126138,2567.284638,2567.949138,2571.446138,1,NaN,0,5.99999999999996,2,7,65,0.5
105,2586.414638,2585.119638,2586.006638,2586.414638,2602.808138,0,NaN,0,7.00000000000003,1,8,66,0.5
106,2604.333138,2603.582638,2603.843639,2604.280638,2615.246638,0,2.99999999999994,0.0299999999999997,5.99999999999996,2,7,65,0.5
107,2616.557638,2615.953638,2616.083139,2616.557638,2625.013638,1,NaN,0,5.99999999999996,2,7,65,0.5
108,2626.349638,2625.666638,2625.799138,2626.349638,2633.297638,1,NaN,0,5.99999999999996,2,7,65,0.5
109,2635.647638,2633.960138,2635.153638,2635.594638,2642.763638,0,2.99999999999994,0.0299999999999997,5.99999999999996,2,7,65,0.5
110,2644.575638,2643.368138,2644.000138,2644.522638,2649.574138,1,2.99999999999994,0.0299999999999997,7.00000000000003,1,8,66,0.5
111,2651.560638,2650.405138,2651.074638,2651.508138,2653.912638,0,2.99999999999994,0.0299999999999997,5.99999999999996,2,7,65,0.5
112,2655.308638,2654.489638,2654.803138,2655.256138,2668.737138,1,2.99999999999994,0.0299999999999997,7.00000000000003,1,8,66,0.5
113,2670.246638,2669.451138,2669.707638,2670.194138,2675.417138,0,2.99999999999994,0.0299999999999997,5.99999999999996,2,7,65,0.5
114,2677.500638,2676.615638,2676.818638,2677.500638,2682.498638,1,NaN,0,5.99999999999996,2,7,65,0.5
115,2684.084638,2683.274138,2683.520638,2684.031638,2687.740138,0,2.99999999999994,0.0299999999999997,5.99999999999996,2,7,65,0.5
116,2689.126138,2688.243638,2688.514138,2689.073138,2699.348138,1,2.99999999999994,0.0299999999999997,7.00000000000003,1,8,66,0.5
117,2700.893138,2700.096138,2700.399138,2700.840138,2719.349138,0,2.99999999999994,0.0299999999999997,5.99999999999996,2,7,65,0.5
118,2721.822138,2720.676638,2720.820138,2721.769638,2739.546638,1,2.99999999999994,0.0299999999999997,7.00000000000003,1,8,66,0.5
119,2740.975638,2740.259138,2740.328638,2740.922638,2747.798138,0,2.99999999999994,0.0299999999999997,5.99999999999996,2,7,65,0.5
120,2749.142138,2748.340638,2748.551638,2749.040638,2755.847138,1,NaN,0.00999999999999943,7.00000000000003,0,8,66,0.5
121,2757.218638,2756.533138,2756.724638,2757.218638,2763.780138,1,NaN,0,5.99999999999996,2,7,65,0.5
122,2765.305638,2764.320138,2764.610138,2765.252138,2770.215138,1,2.99999999999994,0.0299999999999997,7.00000000000003,1,8,66,0.5
123,2771.712638,2770.770638,2771.216138,2771.660638,2776.061638,0,2.99999999999994,0.0299999999999997,5.99999999999996,2,7,65,0.5
124,2783.652138,2782.910638,2783.064638,2783.550638,2789.633638,0,NaN,0.00999999999999943,5.99999999999996,0,7,65,0.5
125,2791.181638,2790.264138,2790.635638,2791.128638,2798.739138,1,2.99999999999994,0.0299999999999997,7.00000000000003,1,8,66,0.5
126,2800.364138,2799.618638,2799.886638,2800.364138,2806.408138,0,NaN,0,7.00000000000003,1,8,66,0.5
127,2808.127138,2806.975638,2807.645138,2808.127138,2815.202138,0,NaN,0,7.00000000000003,1,8,66,0.5
128,2816.881138,2815.726138,2816.304138,2816.881138,2821.933638,1,NaN,0,5.99999999999996,2,7,65,0.5
129,2823.608138,2822.610638,2823.110638,2823.608138,2829.648138,1,NaN,0,5.99999999999996,2,7,65,0.5
130,2831.693138,2830.502638,2831.092138,2831.641138,2835.848138,1,2.99999999999994,0.0299999999999997,7.00000000000003,1,8,66,0.5
131,2837.493638,2836.542638,2836.990638,2837.493638,2844.017138,0,NaN,0,7.00000000000003,1,8,66,0.5
132,2846.191138,2844.713638,2845.687638,2846.191138,2852.945138,0,NaN,0,7.00000000000003,1,8,66,0.5
133,2854.583638,2853.439138,2854.110638,2854.583638,2858.676638,1,NaN,0,5.99999999999996,2,7,65,0.5
134,2861.906638,2860.916638,2861.303138,2861.853638,2874.177638,1,2.99999999999994,0.0299999999999997,7.00000000000003,1,8,66,0.5
135,2875.936138,2874.979138,2875.348138,2875.936138,2925.115138,0,NaN,0,7.00000000000003,1,8,66,0.5
136,2946.028638,2938.438638,2938.657138,2945.976638,2968.058138,0,2.99999999999994,0.0299999999999997,5.99999999999996,2,7,65,0.5
137,2969.642638,2968.791638,2968.946638,2969.642638,2976.176138,1,NaN,0,5.99999999999996,2,7,65,0.5
138,2977.606638,2976.833138,2976.999638,2977.554138,2987.654138,1,2.99999999999994,0.0299999999999997,7.00000000000003,1,8,66,0.5
139,2989.348638,2988.532138,2988.885638,2989.348638,2998.312638,0,NaN,0,7.00000000000003,1,8,66,0.5
140,2999.792638,2999.062138,2999.273138,2999.739638,3015.744638,1,2.99999999999994,0.0299999999999997,7.00000000000003,1,8,66,0.5
141,3027.380638,3026.730138,3026.872138,3027.380638,3185.101138,1,NaN,0,5.99999999999996,2,7,65,0.5
142,3186.510638,3185.643638,3185.990638,3186.510638,3207.886138,0,NaN,0,7.00000000000003,1,8,66,0.5
143,3214.323638,3213.404139,3213.615138,3214.310638,3222.210638,0,2.99999999999994,0.0299999999999997,5.99999999999996,2,7,65,0.5
144,3226.282138,3225.228138,3225.420638,3226.279138,3231.762638,0,2.99999999999994,0.0299999999999997,5.99999999999996,2,7,65,0.5
145,3233.737638,3232.581638,3232.728138,3233.684638,3242.866138,1,2.99999999999994,0.0299999999999997,7.00000000000003,1,8,66,0.5
146,3243.999138,3243.450638,3243.582638,3243.999138,3249.064138,0,NaN,0,7.00000000000003,1,8,66,0.5
147,3250.823638,3250.009138,3250.282638,3250.771138,3259.708138,1,2.99999999999994,0.0299999999999997,7.00000000000003,1,8,66,0.5
148,3261.223138,3260.459138,3260.721638,3261.223138,3267.717638,0,NaN,0,7.00000000000003,1,8,66,0.5
149,3269.106138,3268.351138,3268.648138,3269.106138,3270.978138,1,NaN,0,5.99999999999996,2,7,65,0.5
150,3277.052638,3276.145138,3276.471138,3276.999138,3279.082138,0,2.99999999999994,0.0299999999999997,5.99999999999996,2,7,65,0.5
151,3280.481138,3279.842638,3279.972138,3280.428638,3287.171138,1,2.99999999999994,0.0299999999999997,7.00000000000003,1,8,66,0.5
152,3288.747638,3287.842138,3288.292638,3288.747638,3296.207138,0,NaN,0,7.00000000000003,0,8,66,0.5
153,3297.487138,3296.723138,3297.039138,3297.487138,3303.597638,1,NaN,0,5.99999999999996,2,7,65,0.5
154,3306.055638,3304.402638,3305.604138,3306.055638,3311.283638,0,NaN,0,7.00000000000003,1,8,66,0.5
155,3317.221638,3316.320638,3316.615638,3317.221638,3332.125138,0,NaN,0,7.00000000000003,1,8,66,0.5
156,3334.723638,3332.701638,3333.010138,3334.671138,3340.741138,1,2.99999999999994,0.0299999999999997,7.00000000000003,1,8,66,0.5
157,3343.957638,3342.002138,3343.266138,3343.905138,3354.728138,1,2.99999999999994,0.0299999999999997,7.00000000000003,1,8,66,0.5
158,3356.897138,3356.129638,3356.364638,3356.897138,3361.237138,0,NaN,0,7.00000000000003,1,8,66,0.5
159,3363.144638,3362.402638,3362.636138,3363.144638,3366.315138,0,NaN,0,7.00000000000003,0,8,66,0.5
160,3370.213638,3368.750638,3369.379638,3370.213638,3375.862638,1,NaN,0,5.99999999999996,2,7,65,0.5
161,3378.874138,3376.836638,3377.784638,3378.874138,3384.823638,1,NaN,0,5.99999999999996,2,7,65,0.5
162,3386.307138,3385.434638,3385.764638,3386.254138,3394.200138,1,2.99999999999994,0.0299999999999997,7.00000000000003,1,8,66,0.5
163,3395.676638,3394.866638,3395.131638,3395.676638,3401.354138,0,NaN,0,7.00000000000003,0,8,66,0.5
164,3403.737638,3402.296138,3403.163138,3403.684638,3406.664638,0,2.99999999999994,0.0299999999999997,5.99999999999996,2,7,65,0.5
165,3408.352638,3407.583638,3407.776638,3408.251138,3413.762138,1,NaN,0.00999999999999943,7.00000000000003,0,8,66,0.5
166,3520.525638,3518.157138,3518.492638,3520.522638,3521.318638,1,2.99999999999994,0.0299999999999997,7.00000000000003,1,8,66,0.5
167,3526.214138,3525.423138,3525.581138,3526.161138,3530.629138,0,2.99999999999994,0.0299999999999997,5.99999999999996,2,7,65,0.5
168,3535.850138,3534.935638,3535.062638,3535.850138,3542.086638,1,NaN,0,5.99999999999996,2,7,65,0.5
169,3544.105638,3543.344138,3543.570638,3544.105638,3551.037638,1,NaN,0,5.99999999999996,2,7,65,0.5
170,3553.506138,3551.726138,3552.966138,3553.506138,3560.976638,0,NaN,0,7.00000000000003,1,8,66,0.5
171,3562.456638,3561.486638,3561.968638,3562.456638,3569.105638,1,NaN,0,5.99999999999996,2,7,65,0.5
172,3572.815638,3571.268138,3572.288138,3572.762638,3577.666638,0,2.99999999999994,0.0299999999999997,5.99999999999996,2,7,65,0.5
173,3579.806638,3578.829138,3579.072138,3579.806638,3585.236638,1,NaN,0,5.99999999999996,2,7,65,0.5
174,3589.184138,3587.727138,3588.728638,3589.184138,3595.086138,0,NaN,0,7.00000000000003,1,8,66,0.5
175,3596.616138,3595.690138,3596.028138,3596.616138,3612.242138,1,NaN,0,5.99999999999996,2,7,65,0.5
176,3617.620638,3616.441138,3616.764638,3617.568138,3627.668138,0,2.99999999999994,0.0299999999999997,5.99999999999996,2,7,65,0.5
177,3631.939138,3630.337138,3631.475638,3631.939138,3645.944138,0,NaN,0,7.00000000000003,1,8,66,0.5
178,3647.378638,3646.471638,3646.869638,3647.378638,3648.122138,0,NaN,0,7.00000000000003,1,8,66,0.5
179,3661.453138,3660.804138,3660.983638,3661.453138,3669.936638,1,NaN,0,5.99999999999996,2,7,65,0.5
180,3678.269638,3676.501138,3677.701138,3678.168138,3683.878638,0,NaN,0.00999999999999943,5.99999999999996,0,7,65,0.5
181,3685.970638,3684.963638,3685.339138,3685.970638,3694.583638,1,NaN,0,5.99999999999996,2,7,65,0.5
182,3701.781638,3696.565638,3696.707138,3701.781638,3899.090638,1,NaN,0,5.99999999999996,2,7,65,0.5
183,3900.817138,3900.063638,3900.244138,3900.817138,3908.992138,0,NaN,0,7.00000000000003,1,8,66,0.5
184,3911.729138,3911.089638,3911.254638,3911.729138,3912.761138,0,NaN,0,7.00000000000003,1,8,66,0.5
185,3942.641138,3940.093138,3940.380138,3942.641138,3954.327138,1,NaN,0,5.99999999999996,2,7,65,0.5
186,3956.531138,3954.976638,3955.054639,3956.531138,4044.570138,1,NaN,0,5.99999999999996,2,7,65,0.5
187,4050.298138,4049.666638,4049.806638,4050.298138,4051.602138,0,NaN,0,7.00000000000003,1,8,66,0.5
188,4064.666638,4063.721638,4064.198638,4064.666638,4070.887638,0,NaN,0,7.00000000000003,1,8,66,0.5
189,4072.963638,4071.496138,4072.537638,4072.963638,4078.778138,0,NaN,0,7.00000000000003,1,8,66,0.5
190,4081.483138,4079.925638,4080.895638,4081.430638,4090.538638,1,2.99999999999994,0.0299999999999997,7.00000000000003,1,8,66,0.5
191,4093.812638,4092.970638,4093.115638,4093.760138,4106.800138,0,2.99999999999994,0.0299999999999997,5.99999999999996,2,7,65,0.5
192,4108.069138,4107.395638,4107.621638,4108.016638,4112.649638,0,2.99999999999994,0.0299999999999997,5.99999999999996,2,7,65,0.5
193,4114.491138,4113.552138,4113.751138,4114.491138,4120.114638,0,NaN,0,7.00000000000003,1,8,66,0.5
194,4124.094138,4122.888638,4123.694638,4124.094138,4131.251638,0,NaN,0,7.00000000000003,1,8,66,0.5
195,4135.454138,4134.505638,4134.961138,4135.454138,4140.071138,1,NaN,0,5.99999999999996,2,7,65,0.5
196,4150.930138,4149.814638,4150.251138,4150.930138,4176.175138,1,NaN,0,5.99999999999996,2,7,65,0.5
197,4177.673138,4176.709138,4176.736138,4177.673138,4178.035138,1,NaN,0,5.99999999999996,2,7,65,0.5
198,4247.437638,4245.253138,4246.460638,4247.437638,4254.808138,1,NaN,0,5.99999999999996,2,7,65,0.5
199,4258.136638,4256.760638,4257.677138,4258.136638,4263.350138,0,NaN,0,7.00000000000003,1,8,66,0.5
200,4283.762138,4282.819138,4283.151138,4283.709638,4331.318638,0,2.99999999999994,0.0299999999999997,5.99999999999996,2,7,65,0.5
201,4338.564138,4337.865138,4338.010638,4338.564138,4341.827638,0,NaN,0,7.00000000000003,1,8,66,0.5
202,4350.390138,4349.506138,4349.628638,4350.337138,4355.291138,0,2.99999999999994,0.0299999999999997,5.99999999999996,2,7,65,0.5
203,4367.291638,4366.327138,4366.685138,4367.239138,4381.331138,1,2.99999999999994,0.0299999999999997,7.00000000000003,1,8,66,0.5
204,4384.504638,4383.495138,4383.993638,4384.504638,4385.469638,0,NaN,0,7.00000000000003,1,8,66,0.5
205,4392.163638,4391.261138,4391.564642,4392.111138,4409.403138,0,2.99999999999994,0.0299999999999997,5.99999999999996,2,7,65,0.5
206,4412.879638,4412.300638,4412.419638,4412.826638,4419.077638,0,2.99999999999994,0.0299999999999997,5.99999999999996,2,7,65,0.5
207,4421.830138,4420.638138,4421.177138,4421.777638,4428.667638,1,2.99999999999994,0.0299999999999997,7.00000000000003,1,8,66,0.5
208,4430.194138,4429.424638,4429.720138,4430.141638,4438.065139,0,2.99999999999994,0.0299999999999997,5.99999999999996,2,7,65,0.5
209,4447.771638,4439.814138,4439.913638,NaN,4531.380638,NaN,NaN,0,5.99999999999996,0,7,65,0.5
210,4534.987138,4533.418638,4533.924638,4534.955638,4541.925138,1,NaN,0.00999999999999943,7.00000000000003,0,8,66,0.5
211,4544.424138,4543.373138,4543.580138,4544.371638,4556.044638,1,2.99999999999994,0.0299999999999997,7.00000000000003,1,8,66,0.5
212,4557.478138,4556.890638,4556.964138,4557.425638,4561.507638,0,2.99999999999994,0.0299999999999997,5.99999999999996,2,7,65,0.5
213,4565.454138,4564.416638,4564.656638,4565.454138,4580.136638,1,NaN,0,5.99999999999996,0,7,65,0.5
214,4584.028638,4583.346138,4583.368638,4584.028638,4590.689138,1,NaN,0,5.99999999999996,2,7,65,0.5
215,4592.805138,4591.411138,4592.397138,4592.805138,4598.394138,0,NaN,0,7.00000000000003,1,8,66,0.5
216,4601.951638,4601.027638,4601.491138,4601.898138,4604.871138,0,2.99999999999994,0.0299999999999997,5.99999999999996,2,7,65,0.5
217,4607.213138,4606.371138,4606.726138,4607.213138,4613.463638,1,NaN,0,5.99999999999996,0,7,65,0.5
218,4615.760138,4614.851638,4615.262638,4615.750638,4620.497138,0,2.99999999999994,0.0299999999999997,5.99999999999996,2,7,65,0.5
219,4622.690138,4621.776138,4622.144638,4622.690138,4624.324138,1,NaN,0,5.99999999999996,2,7,65,0.5
220,4629.611638,4628.903138,4629.121138,4629.558638,4638.116638,0,2.99999999999994,0.0299999999999997,5.99999999999996,2,7,65,0.5
221,4640.351638,4639.746138,4639.749638,4640.250638,4645.735138,0,NaN,0.00999999999999943,5.99999999999996,0,7,65,0.5
222,4647.885138,4647.145138,4647.367138,4647.885138,4653.892138,1,NaN,0,5.99999999999996,2,7,65,0.5
223,4655.520638,4654.485138,4654.918638,4655.520638,4660.273138,1,NaN,0,5.99999999999996,2,7,65,0.5
224,4662.380138,4661.303138,4661.891638,4662.380138,4666.560138,1,NaN,0,5.99999999999996,2,7,65,0.5
225,4668.989138,4668.253638,4668.561638,4668.989138,4673.149138,1,NaN,0,5.99999999999996,2,7,65,0.5
226,4683.278638,4682.163638,4682.405638,4683.278638,4778.014138,1,NaN,0,5.99999999999996,2,7,65,0.5
227,4786.821138,4785.929138,4786.172138,4786.768138,4802.483638,0,2.99999999999994,0.0299999999999997,5.99999999999996,2,7,65,0.5
228,4804.616138,4803.944638,4804.161138,4804.563138,4810.325138,0,2.99999999999994,0.0299999999999997,5.99999999999996,2,7,65,0.5
229,4811.708638,4811.012138,4811.239138,4811.708638,4817.998138,1,NaN,0,5.99999999999996,2,7,65,0.5
230,4821.061638,4820.414138,4820.595138,4821.009138,4822.389138,1,2.99999999999994,0.0299999999999997,7.00000000000003,1,8,66,0.5
231,4823.792138,4822.981638,4823.307138,4823.739138,4829.842639,0,2.99999999999994,0.0299999999999997,5.99999999999996,2,7,65,0.5
232,4831.666138,4830.379138,4830.657138,4831.666138,4836.085139,1,NaN,0,5.99999999999996,2,7,65,0.5
233,4838.854638,4838.188638,4838.375138,4838.854638,4844.706138,1,NaN,0,5.99999999999996,2,7,65,0.5
234,4847.721638,4845.895638,4847.133638,4847.719638,4860.050138,1,2.99999999999994,0.0299999999999997,7.00000000000003,1,8,66,0.5
235,4861.651638,4860.864138,4860.979138,4861.598138,4868.020138,0,2.99999999999994,0.0299999999999997,5.99999999999996,2,7,65,0.5
236,4870.697638,4869.700138,4869.863138,4870.697638,4876.540638,1,NaN,0,5.99999999999996,2,7,65,0.5
237,4877.513638,4876.981638,4877.044638,4877.460638,4881.483138,0,2.99999999999994,0.0299999999999997,5.99999999999996,2,7,65,0.5
238,4883.151638,4882.374638,4882.590138,4883.151638,4891.779638,1,NaN,0,5.99999999999996,2,7,65,0.5
239,4895.744138,4894.693638,4894.927138,4895.744138,4901.073638,1,NaN,0,5.99999999999996,2,7,65,0.5
240,4902.342638,4901.549638,4901.848638,4902.290138,4906.562138,0,2.99999999999994,0.0299999999999997,5.99999999999996,2,7,65,0.5
241,4909.183138,4908.170638,4908.415638,4909.130638,4913.013138,1,2.99999999999994,0.0299999999999997,7.00000000000003,1,8,66,0.5
242,4914.384138,4913.548638,4913.840138,4914.331638,4917.975638,0,2.99999999999994,0.0299999999999997,5.99999999999996,2,7,65,0.5
243,4919.970138,4918.951138,4919.203138,4919.970138,4927.205138,1,NaN,0,5.99999999999996,2,7,65,0.5
244,4930.633638,4929.632138,4929.964638,4930.633638,4936.631138,1,NaN,0,5.99999999999996,2,7,65,0.5
245,4937.775638,4937.216638,4937.412138,4937.775638,4941.829638,0,NaN,0,7.00000000000003,0,8,66,0.5
246,4944.606638,4943.658138,4943.969138,4944.606638,4948.358638,1,NaN,0,5.99999999999996,2,7,65,0.5
247,4951.574138,4950.691138,4950.885638,4951.574138,4951.754638,1,NaN,0,5.99999999999996,2,7,65,0.5
248,5009.439138,5008.412138,5008.520638,5009.439138,5022.115138,0,NaN,0,7.00000000000003,1,8,66,0.5
249,5025.189138,5024.440638,5024.668138,5025.136138,5039.528638,0,2.99999999999994,0.0299999999999997,5.99999999999996,2,7,65,0.5
250,5047.240638,5046.579638,5046.704138,5047.240638,5055.370638,0,NaN,0,7.00000000000003,0,8,66,0.5
251,5058.434138,5057.910638,5057.975138,5058.434138,5063.125138,0,NaN,0,7.00000000000003,1,8,66,0.5
252,5066.052638,5064.717638,5065.388138,5066.000138,5068.044138,1,2.99999999999994,0.0299999999999997,7.00000000000003,1,8,66,0.5
253,5069.439138,5068.706138,5068.961638,5069.386638,5073.251138,0,2.99999999999994,0.0299999999999997,5.99999999999996,2,7,65,0.5
254,5074.928138,5074.037638,5074.230138,5074.927138,5080.553138,1,NaN,0.00999999999999943,7.00000000000003,0,8,66,0.5
255,5082.941638,5081.260138,5082.452638,5082.888638,5086.160638,0,2.99999999999994,0.0299999999999997,5.99999999999996,2,7,65,0.5
256,5088.075639,5087.219638,5087.427138,5088.023138,5098.433138,1,2.99999999999994,0.0299999999999997,7.00000000000003,1,8,66,0.5
257,5099.769638,5099.145638,5099.254138,5099.717138,5107.958138,0,2.99999999999994,0.0299999999999997,5.99999999999996,2,7,65,0.5
258,5109.048138,5108.445138,5108.584138,5108.995138,5113.408638,0,2.99999999999994,0.0299999999999997,5.99999999999996,2,7,65,0.5
259,5115.642138,5114.889638,5115.003638,5115.589638,5126.399138,1,2.99999999999994,0.0299999999999997,7.00000000000003,1,8,66,0.5
260,5127.540138,5126.995638,5127.092638,5127.540138,5132.760138,0,NaN,0,7.00000000000003,1,8,66,0.5
261,5134.840638,5133.902138,5134.102638,5134.840638,5146.140638,1,NaN,0,5.99999999999996,2,7,65,0.5
262,5147.390638,5146.763138,5146.814138,5147.338138,5152.593638,0,2.99999999999994,0.0299999999999997,5.99999999999996,2,7,65,0.5
263,5154.171638,5153.269638,5153.531638,5154.118138,5160.103638,1,2.99999999999994,0.0299999999999997,7.00000000000003,1,8,66,0.5
264,5161.251638,5160.718638,5160.795638,5161.245138,5165.440138,0,2.99999999999994,0.0299999999999997,5.99999999999996,2,7,65,0.5
265,5166.953138,5166.211638,5166.390638,5166.953138,5171.743638,1,NaN,0,5.99999999999996,2,7,65,0.5
266,5173.423138,5172.652638,5172.815138,5173.370638,5180.685138,1,2.99999999999994,0.0299999999999997,7.00000000000003,1,8,66,0.5
267,5181.939138,5181.250138,5181.347638,5181.939138,5192.194638,0,NaN,0,7.00000000000003,1,8,66,0.5
268,5195.633638,5194.919638,5195.011138,5195.633638,5201.071138,1,NaN,0,5.99999999999996,2,7,65,0.5
269,5202.770638,5202.144638,5202.278138,5202.717138,5205.973638,0,2.99999999999994,0.0299999999999997,5.99999999999996,2,7,65,0.5
270,5207.655638,5206.707638,5206.933638,5207.602638,5213.668638,1,2.99999999999994,0.0299999999999997,7.00000000000003,1,8,66,0.5
271,5214.918638,5214.313138,5214.390138,5214.865638,5218.690138,0,2.99999999999994,0.0299999999999997,5.99999999999996,2,7,65,0.5
272,5220.289138,5219.703638,5219.729638,5220.236638,5230.137638,1,2.99999999999994,0.0299999999999997,7.00000000000003,1,8,66,0.5
273,5231.894138,5231.165138,5231.272638,5231.894138,5238.875138,0,NaN,0,7.00000000000003,1,8,66,0.5
274,5240.037138,5239.498638,5239.528638,5240.037138,5246.745638,0,NaN,0,7.00000000000003,1,8,66,0.5
275,5248.161138,5247.359138,5247.553138,5248.161138,5254.306138,1,NaN,0,5.99999999999996,2,7,65,0.5
276,5255.486138,5254.870638,5255.045638,5255.486138,5261.382638,0,NaN,0,7.00000000000003,1,8,66,0.5
277,5263.036638,5262.198638,5262.457638,5262.934638,5268.026638,1,NaN,0.00999999999999943,7.00000000000003,0,8,66,0.5
278,5270.131638,5268.862638,5269.672138,5270.131638,5279.315638,0,NaN,0,7.00000000000003,0,8,66,0.5
279,5280.698138,5279.889138,5280.178138,5280.645638,5283.590638,0,2.99999999999994,0.0299999999999997,5.99999999999996,2,7,65,0.5
280,5285.344638,5284.334638,5284.524638,5285.243138,5293.956638,1,NaN,0.00999999999999943,7.00000000000003,0,8,66,0.5
281,5294.996138,5294.400138,5294.555638,5294.996138,5301.560638,0,NaN,0,7.00000000000003,1,8,66,0.5
282,5304.257138,5303.226638,5303.821638,5304.257138,5308.772638,0,NaN,0,7.00000000000003,1,8,66,0.5
283,5312.485138,5311.187638,5311.586638,5312.485138,5541.913638,0,NaN,0,7.00000000000003,1,8,66,0.5
284,5544.950138,5544.049138,5544.457138,5544.950138,5554.319138,0,NaN,0,7.00000000000003,1,8,66,0.5
285,5558.431138,5557.791138,5557.934138,5558.431138,5564.366138,0,NaN,0,7.00000000000003,1,8,66,0.5
286,5567.459638,5566.789638,5566.984638,5567.459638,5572.994638,0,NaN,0,7.00000000000003,1,8,66,0.5
287,5583.770138,5583.182138,5583.263638,5583.770138,5591.843638,0,NaN,0,7.00000000000003,1,8,66,0.5
288,5602.169138,5601.630138,5601.711139,5602.169138,5629.141638,0,NaN,0,7.00000000000003,1,8,66,0.5
289,5641.238138,5640.089138,5640.193638,5641.238138,5644.211138,1,NaN,0,5.99999999999996,2,7,65,0.5
290,5658.104138,5656.990638,5657.157638,5658.051638,5661.852638,0,2.99999999999994,0.0299999999999997,5.99999999999996,2,7,65,0.5
291,5664.951638,5663.794138,5664.226638,5664.899138,5666.482138,1,2.99999999999994,0.0299999999999997,7.00000000000003,1,8,66,0.5
292,5667.575638,5667.084638,5667.180638,5667.575638,5673.091138,0,NaN,0,7.00000000000003,1,8,66,0.5
293,5675.044138,5673.945638,5674.363638,5675.041138,5680.946638,1,2.99999999999994,0.0299999999999997,7.00000000000003,1,8,66,0.5
294,5682.889138,5681.448138,5682.385138,5682.889138,5690.262138,0,NaN,0,7.00000000000003,1,8,66,0.5
295,5692.484638,5690.950138,5691.912638,5692.431638,5695.791638,0,2.99999999999994,0.0299999999999997,5.99999999999996,2,7,65,0.5
296,5700.673638,5699.637638,5699.879638,5700.620638,5706.814138,1,2.99999999999994,0.0299999999999997,7.00000000000003,1,8,66,0.5
297,5708.049638,5707.369138,5707.510138,5707.996138,5713.490638,0,2.99999999999994,0.0299999999999997,5.99999999999996,2,7,65,0.5
298,5715.390138,5714.271138,5714.421138,5715.388138,5731.683138,1,2.99999999999994,0.0299999999999997,7.00000000000003,1,8,66,0.5
299,5733.040638,5732.295638,5732.433638,5732.988638,5736.401638,0,2.99999999999994,0.0299999999999997,5.99999999999996,2,7,65,0.5
300,5738.095638,5737.297638,5737.441138,5738.095638,5744.269138,1,NaN,0,5.99999999999996,2,7,65,0.5
301,5745.670638,5744.890638,5745.070138,5745.618138,5753.370138,1,2.99999999999994,0.0299999999999997,7.00000000000003,1,8,66,0.5
302,5754.558138,5753.995138,5754.071638,5754.558138,5761.011638,0,NaN,0,7.00000000000003,1,8,66,0.5
303,5770.814638,5762.283638,5762.608138,NaN,5784.081638,NaN,NaN,0,7.00000000000003,1,8,66,0.5
304,5791.589138,5790.861638,5790.992138,5791.589138,5796.244138,0,NaN,0,7.00000000000003,1,8,66,0.5
305,5798.953638,5798.160138,5798.331138,5798.953638,5801.747138,1,NaN,0,5.99999999999996,2,7,65,0.5
306,5805.735638,5804.974138,5805.195638,5805.735638,5813.066138,1,NaN,0,5.99999999999996,2,7,65,0.5
307,5814.983638,5814.038138,5814.472138,5814.931138,5818.176138,0,2.99999999999994,0.0299999999999997,5.99999999999996,2,7,65,0.5
308,5819.838138,5819.202138,5819.333138,5819.838138,5824.976138,1,NaN,0,5.99999999999996,2,7,65,0.5
309,5826.758138,5825.571138,5826.308638,5826.758138,5833.105138,0,NaN,0,7.00000000000003,1,8,66,0.5
310,5834.745138,5833.713638,5834.202638,5834.745138,5837.926138,1,NaN,0,5.99999999999996,2,7,65,0.5
311,5843.624138,5842.741638,5843.073138,5843.570638,5844.770138,1,2.99999999999994,0.0299999999999997,7.00000000000003,1,8,66,0.5
312,5847.197638,5845.602638,5846.784638,5847.197638,5853.708138,0,NaN,0,7.00000000000003,1,8,66,0.5
313,5857.588138,5856.688638,5856.976638,5857.487138,5858.000139,0,NaN,0.00999999999999943,5.99999999999996,0,7,65,0.5
314,5873.121138,5872.200138,5872.469638,5873.121138,5873.183638,1,NaN,0,5.99999999999996,2,7,65,0.5
315,5887.405638,5886.838138,5886.957138,5887.405638,5897.409138,0,NaN,0,7.00000000000003,1,8,66,0.5
316,5908.129138,5903.036638,5903.133639,5908.129138,5926.031638,1,NaN,0,5.99999999999996,2,7,65,0.5
317,5930.051638,5929.087138,5929.451638,5930.049638,5933.739138,0,2.99999999999994,0.0299999999999997,5.99999999999996,2,7,65,0.5
318,5938.621638,5937.665638,5937.811638,5938.569138,5947.371138,1,2.99999999999994,0.0299999999999997,7.00000000000003,1,8,66,0.5
319,5948.738138,5948.000638,5948.093138,5948.685638,5953.185138,0,2.99999999999994,0.0299999999999997,5.99999999999996,2,7,65,0.5
320,5957.419138,5956.601638,5956.775138,5957.419138,5960.286138,1,NaN,0,5.99999999999996,2,7,65,0.5
321,5964.056638,5963.315138,5963.530138,5964.056638,5965.389638,1,NaN,0,5.99999999999996,0,7,65,0.5
322,5979.004138,5977.891138,5978.113638,5978.951638,5994.038638,1,2.99999999999994,0.0299999999999997,7.00000000000003,1,8,66,0.5
323,5995.239638,5994.707638,5994.836138,5995.234638,6000.698138,0,NaN,0.00999999999999943,5.99999999999996,0,7,65,0.5
324,6006.529638,6005.956138,6005.979638,6006.529638,6012.100138,0,NaN,0,7.00000000000003,1,8,66,0.5
325,6015.307138,6014.689138,6014.780138,6015.307138,6021.738138,0,NaN,0,7.00000000000003,0,8,66,0.5
326,6024.382638,6023.223138,6023.294138,6024.380138,6027.950638,0,2.99999999999994,0.0299999999999997,5.99999999999996,2,7,65,0.5
327,6030.240638,6029.425138,6029.746638,6030.240638,6036.230638,1,NaN,0,5.99999999999996,2,7,65,0.5
328,6042.105638,6041.413638,6041.647138,6042.105638,6047.794638,0,NaN,0,7.00000000000003,1,8,66,0.5
329,6050.371638,6049.471138,6049.915638,6050.371638,6065.493638,0,NaN,0,7.00000000000003,0,8,66,0.5
330,6066.477638,6065.943638,6066.088638,6066.477638,6082.916138,0,NaN,0,7.00000000000003,1,8,66,0.5
331,6088.383638,6087.756138,6087.847138,6088.383638,6091.206138,1,NaN,0,5.99999999999996,2,7,65,0.5
332,6097.730138,6096.770138,6096.931138,6097.677638,6102.698138,1,2.99999999999994,0.0299999999999997,7.00000000000003,1,8,66,0.5
333,6104.362138,6103.405638,6103.482638,6104.362138,6109.403638,0,NaN,0,7.00000000000003,1,8,66,0.5
334,6112.708638,6111.551138,6112.215138,6112.708638,6118.583138,1,NaN,0,5.99999999999996,2,7,65,0.5
335,6120.849138,6119.999638,6120.374638,6120.846638,6127.392138,1,2.99999999999994,0.0299999999999997,7.00000000000003,1,8,66,0.5
336,6128.535138,6127.981638,6128.080138,6128.535138,6132.654138,0,NaN,0,7.00000000000003,1,8,66,0.5
337,6134.999638,6134.385138,6134.482138,6134.999638,6167.061638,0,NaN,0,7.00000000000003,1,8,66,0.5
338,6169.977138,6169.245138,6169.361638,6169.924138,6174.310138,0,2.99999999999994,0.0299999999999997,5.99999999999996,2,7,65,0.5
339,6175.550138,6174.825638,6174.935638,6175.547138,6188.743138,1,2.99999999999994,0.0299999999999997,7.00000000000003,1,8,66,0.5
340,6190.083138,6189.302638,6189.355138,6190.081138,6194.846138,0,2.99999999999994,0.0299999999999997,5.99999999999996,2,7,65,0.5
341,6196.196638,6195.395138,6195.478138,6196.144138,6209.597638,1,2.99999999999994,0.0299999999999997,7.00000000000003,1,8,66,0.5
342,6211.072638,6210.484138,6210.526138,6211.072638,6221.462138,0,NaN,0,7.00000000000003,1,8,66,0.5
343,6222.705138,6222.186638,6222.232138,6222.705138,6229.825138,0,NaN,0,7.00000000000003,1,8,66,0.5
344,6231.653638,6230.678638,6230.805638,6231.653638,6235.050138,1,NaN,0,5.99999999999996,2,7,65,0.5
345,6239.560138,6237.905138,6238.941638,6239.507138,6242.223138,0,2.99999999999994,0.0299999999999997,5.99999999999996,2,7,65,0.5
346,6244.238138,6243.499638,6243.636638,6244.235638,6258.170138,1,2.99999999999994,0.0299999999999997,7.00000000000003,1,8,66,0.5
347,6263.137638,6262.420638,6262.633638,6263.137638,6267.381638,1,NaN,0,5.99999999999996,2,7,65,0.5
348,6270.855638,6269.583138,6270.141138,6270.803138,6273.631638,0,2.99999999999994,0.0299999999999997,5.99999999999996,2,7,65,0.5
349,6277.207638,6276.448138,6276.616138,6277.207638,6300.575138,1,NaN,0,5.99999999999996,2,7,65,0.5
350,6301.619138,6301.024138,6301.094638,6301.566138,6305.340638,0,2.99999999999994,0.0299999999999997,5.99999999999996,2,7,65,0.5
351,6306.980638,6306.147138,6306.389138,6306.928138,6312.463138,1,2.99999999999994,0.0299999999999997,7.00000000000003,1,8,66,0.5
352,6313.492638,6312.963138,6313.037138,6313.492638,6318.625638,0,NaN,0,7.00000000000003,0,8,66,0.5
353,6320.224638,6319.495138,6319.713638,6320.171638,6325.227138,1,2.99999999999994,0.0299999999999997,7.00000000000003,1,8,66,0.5
354,6326.515138,6325.972138,6326.065638,6326.515138,6331.708138,0,NaN,0,7.00000000000003,1,8,66,0.5
355,6332.848638,6332.163138,6332.421638,6332.848638,6339.067638,0,NaN,0,7.00000000000003,1,8,66,0.5
356,6341.393638,6339.943138,6340.411638,6341.393638,6351.866638,1,NaN,0,5.99999999999996,2,7,65,0.5
357,6357.846638,6357.232138,6357.333638,6357.794138,6362.227638,0,2.99999999999994,0.0299999999999997,5.99999999999996,2,7,65,0.5
358,6364.790138,6363.903638,6364.147138,6364.790138,6370.961638,1,NaN,0,5.99999999999996,2,7,65,0.5
359,6372.561138,6371.418138,6372.045638,6372.508138,6375.838138,0,2.99999999999994,0.0299999999999997,5.99999999999996,2,7,65,0.5
360,6377.602638,6376.586138,6377.049638,6377.550638,6382.174138,1,2.99999999999994,0.0299999999999997,7.00000000000003,1,8,66,0.5
361,6383.141138,6382.589638,6382.761138,6383.141138,6389.608638,0,NaN,0,7.00000000000003,1,8,66,0.5
362,6391.527638,6390.497638,6390.972638,6391.525638,6397.058138,1,2.99999999999994,0.0299999999999997,7.00000000000003,1,8,66,0.5
363,6398.449138,6397.543138,6397.627138,6398.397138,6404.058138,0,2.99999999999994,0.0299999999999997,5.99999999999996,2,7,65,0.5
364,6405.359638,6404.679138,6404.789638,6405.359638,6410.647138,1,NaN,0,5.99999999999996,2,7,65,0.5
365,6413.600638,6412.509138,6412.783138,6413.547138,6419.130638,1,2.99999999999994,0.0299999999999997,7.00000000000003,1,8,66,0.5
366,6420.253138,6419.762638,6419.783138,6420.253138,6425.721638,0,NaN,0,7.00000000000003,1,8,66,0.5
367,6427.704138,6426.638138,6426.857638,6427.651638,6435.389638,1,2.99999999999994,0.0299999999999997,7.00000000000003,1,8,66,0.5
368,6436.750638,6436.191638,6436.229138,6436.697638,6440.564138,0,2.99999999999994,0.0299999999999997,5.99999999999996,2,7,65,0.5
369,6444.566138,6443.789138,6444.029138,6444.566138,6451.431138,1,NaN,0,5.99999999999996,2,7,65,0.5
370,6453.311138,6452.414138,6452.791638,6453.311138,6458.496638,1,NaN,0,5.99999999999996,2,7,65,0.5
371,6460.366638,6459.195138,6459.948138,6460.366638,6470.890138,0,NaN,0,7.00000000000003,1,8,66,0.5
372,6472.929138,6472.151138,6472.322638,6472.876638,6479.002138,1,2.99999999999994,0.0299999999999997,7.00000000000003,1,8,66,0.5
373,6481.042638,6480.374638,6480.542138,6481.042638,6490.876638,1,NaN,0,5.99999999999996,2,7,65,0.5
374,6492.197138,6491.526138,6491.693138,6492.144638,6496.542138,0,2.99999999999994,0.0299999999999997,5.99999999999996,2,7,65,0.5
375,6498.658638,6497.244638,6497.483638,6498.658638,6504.098638,1,NaN,0,5.99999999999996,2,7,65,0.5
376,6505.967138,6504.865138,6505.426138,6505.914638,6508.772638,0,2.99999999999994,0.0299999999999997,5.99999999999996,2,7,65,0.5
377,6510.175638,6509.349638,6509.744638,6510.175638,6516.891138,1,NaN,0,5.99999999999996,2,7,65,0.5
378,6518.627638,6517.432138,6518.119138,6518.574638,6521.650638,1,2.99999999999994,0.0299999999999997,7.00000000000003,1,8,66,0.5
379,6522.895638,6522.477638,6522.481638,6522.895638,6528.952138,0,NaN,0,7.00000000000003,1,8,66,0.5
380,6530.530638,6529.410138,6529.949138,6530.477638,6535.611638,1,2.99999999999994,0.0299999999999997,7.00000000000003,1,8,66,0.5
381,6537.059138,6536.496638,6536.643138,6537.059138,6542.691638,0,NaN,0,7.00000000000003,1,8,66,0.5
382,6543.956638,6543.316638,6543.493638,6543.956638,6550.518138,1,NaN,0,5.99999999999996,2,7,65,0.5
383,6554.663638,6554.076138,6554.272638,6554.663638,6561.549138,1,NaN,0,5.99999999999996,2,7,65,0.5
384,6565.671138,6564.733638,6565.084138,6565.618638,6569.204138,0,2.99999999999994,0.0299999999999997,5.99999999999996,2,7,65,0.5
385,6570.874138,6570.079638,6570.242638,6570.874138,6572.159138,1,NaN,0,5.99999999999996,2,7,65,0.5
386,6580.552638,6579.919638,6580.010138,6580.499138,6584.587638,0,2.99999999999994,0.0299999999999997,5.99999999999996,2,7,65,0.5
387,6586.415138,6585.515138,6585.871138,6586.412138,6589.530138,1,2.99999999999994,0.0299999999999997,7.00000000000003,1,8,66,0.5
388,6590.713638,6590.242638,6590.311638,6590.713638,6595.134638,0,NaN,0,7.00000000000003,1,8,66,0.5
389,6597.491638,6596.781638,6597.015638,6597.491638,6602.373638,1,NaN,0,5.99999999999996,2,7,65,0.5
390,6604.240138,6603.057138,6603.601638,6604.188138,6606.766638,0,2.99999999999994,0.0299999999999997,5.99999999999996,2,7,65,0.5
391,6608.168138,6607.382638,6607.619138,6608.168138,6610.996138,1,NaN,0,5.99999999999996,0,7,65,0.5
392,6614.668138,6613.953638,6614.152638,6614.668138,6619.260638,1,NaN,0,5.99999999999996,0,7,65,0.5
393,6696.054138,6694.856138,6695.066138,6696.002138,6708.736638,1,2.99999999999994,0.0299999999999997,7.00000000000003,1,8,66,0.5
394,6710.207138,6709.360138,6709.572638,6710.105638,6714.246638,0,NaN,0.00999999999999943,5.99999999999996,0,7,65,0.5
395,6720.209138,6719.670638,6719.737638,6720.209138,6730.913638,0,NaN,0,7.00000000000003,1,8,66,0.5
396,6733.617638,6732.950138,6733.109638,6733.617638,6738.035138,1,NaN,0,5.99999999999996,2,7,65,0.5
397,6741.830638,6741.054638,6741.398638,6741.830638,6747.048138,0,NaN,0,7.00000000000003,1,8,66,0.5
398,6752.122638,6751.537638,6751.716638,6752.122638,6757.534138,1,NaN,0,5.99999999999996,2,7,65,0.5
399,6760.170638,6759.318138,6759.513138,6760.170638,6762.770138,1,NaN,0,5.99999999999996,0,7,65,0.5
400,6774.721138,6774.013138,6774.154638,6774.721138,6790.440138,1,NaN,0,5.99999999999996,2,7,65,0.5
401,6807.784638,6807.090138,6807.176638,6807.683138,6814.969138,0,NaN,0.00999999999999943,5.99999999999996,0,7,65,0.5
402,6816.928138,6815.936638,6816.482638,6816.928138,6821.360638,0,NaN,0,7.00000000000003,1,8,66,0.5
403,6823.116138,6822.382138,6822.673638,6823.116138,6825.439138,1,NaN,0,5.99999999999996,2,7,65,0.5
404,6856.102138,6854.943138,6854.993638,6856.102138,6863.142138,1,NaN,0,5.99999999999996,2,7,65,0.5
405,6872.254138,6871.580138,6871.792138,6872.254138,6872.551138,0,NaN,0,7.00000000000003,1,8,66,0.5
406,6889.908638,6888.667138,6889.067138,6889.908638,6947.296138,1,NaN,0,5.99999999999996,2,7,65,0.5
407,6948.355638,6947.714638,6947.797138,6948.354638,6956.644638,0,NaN,0.00999999999999943,5.99999999999996,0,7,65,0.5
408,6961.561138,6960.644138,6960.939638,6961.561138,6968.554638,1,NaN,0,5.99999999999996,2,7,65,0.5
409,6971.015138,6970.209138,6970.429138,6971.015138,6992.052138,1,NaN,0,5.99999999999996,2,7,65,0.5
410,6997.290138,6996.383138,6996.562638,6997.237638,7002.644138,0,2.99999999999994,0.0299999999999997,5.99999999999996,2,7,65,0.5
411,7004.598638,7003.669138,7003.961138,7004.598638,7012.800138,1,NaN,0,5.99999999999996,2,7,65,0.5
412,7015.792138,7015.225138,7015.278638,7015.740138,7020.189638,0,2.99999999999994,0.0299999999999997,5.99999999999996,2,7,65,0.5
413,7023.195638,7021.861138,7022.549138,7023.193138,7033.048638,1,2.99999999999994,0.0299999999999997,7.00000000000003,1,8,66,0.5
414,7034.108138,7033.685638,7033.726638,7034.108138,7040.479638,0,NaN,0,7.00000000000003,1,8,66,0.5
415,7041.886638,7040.961138,7041.468638,7041.886638,7051.272638,0,NaN,0,7.00000000000003,1,8,66,0.5
416,7052.498138,7051.670638,7051.936638,7052.444638,7055.711638,0,2.99999999999994,0.0299999999999997,5.99999999999996,2,7,65,0.5
417,7057.349638,7056.658138,7056.866638,7057.349638,7064.081138,1,NaN,0,5.99999999999996,2,7,65,0.5
418,7065.833138,7064.902138,7065.340138,7065.833138,7070.200138,1,NaN,0,5.99999999999996,2,7,65,0.5
419,7075.916138,7074.740638,7075.281638,7075.863638,7078.778638,1,2.99999999999994,0.0299999999999997,7.00000000000003,1,8,66,0.5
420,7080.083138,7079.343138,7079.488638,7080.030138,7083.684638,0,2.99999999999994,0.0299999999999997,5.99999999999996,2,7,65,0.5
421,7084.871138,7084.187138,7084.399638,7084.871138,7090.282138,1,NaN,0,5.99999999999996,2,7,65,0.5
422,7092.093638,7090.840638,7091.693638,7092.093638,7099.944638,0,NaN,0,7.00000000000003,1,8,66,0.5
423,7101.694138,7100.345638,7101.199138,7101.694138,7102.331138,0,NaN,0,7.00000000000003,1,8,66,0.5
424,7112.037638,7111.185138,7111.352638,7112.035638,7119.321138,1,2.99999999999994,0.0299999999999997,7.00000000000003,1,8,66,0.5
425,7120.404138,7119.812638,7119.903138,7120.351638,7122.708138,0,2.99999999999994,0.0299999999999997,5.99999999999996,2,7,65,0.5
426,7125.463138,7124.521638,7124.749638,7125.461138,7137.998138,1,2.99999999999994,0.0299999999999997,7.00000000000003,1,8,66,0.5
427,7139.752638,7139.137138,7139.340638,7139.752638,7231.816138,0,NaN,0,7.00000000000003,1,8,66,0.5
428,7237.529138,7236.918138,7236.989638,7237.529138,7252.414138,0,NaN,0,7.00000000000003,1,8,66,0.5
429,7254.502638,7253.608138,7253.936638,7254.502638,7258.133138,0,NaN,0,7.00000000000003,1,8,66,0.5
430,7261.474138,7260.483138,7260.935138,7261.422138,7264.859138,0,2.99999999999994,0.0299999999999997,5.99999999999996,2,7,65,0.5
431,7266.590638,7265.976138,7266.141638,7266.537638,7270.142638,1,2.99999999999994,0.0299999999999997,7.00000000000003,1,8,66,0.5
432,7271.547138,7270.966638,7271.096138,7271.547138,7283.105638,0,NaN,0,7.00000000000003,1,8,66,0.5
433,7284.317638,7283.791638,7283.840638,7284.297138,7288.819638,0,2.99999999999994,0.0299999999999997,5.99999999999996,2,7,65,0.5
434,7290.169138,7289.373638,7289.532638,7290.166638,7296.625138,1,2.99999999999994,0.0299999999999997,7.00000000000003,1,8,66,0.5
435,7297.890138,7297.295638,7297.464638,7297.890138,7305.017138,0,NaN,0,7.00000000000003,1,8,66,0.5
436,7306.086138,7305.410638,7305.592638,7306.086138,7318.889638,0,NaN,0,7.00000000000003,1,8,66,0.5
437,7320.072138,7319.418138,7319.488638,7320.072138,7369.404138,0,NaN,0,7.00000000000003,1,8,66,0.5
438,7376.870138,7376.142138,7376.194638,7376.817138,7379.694638,1,2.99999999999994,0.0299999999999997,7.00000000000003,1,8,66,0.5
439,7383.403638,7382.870138,7382.973638,7383.374638,7386.752138,0,2.99999999999994,0.0299999999999997,5.99999999999996,2,7,65,0.5
440,7388.555138,7387.907638,7388.018138,7388.555138,7395.711138,1,NaN,0,5.99999999999996,2,7,65,0.5
441,7396.783138,7396.149638,7396.302638,7396.783138,7401.267139,0,NaN,0,7.00000000000003,1,8,66,0.5
442,7408.102638,7407.392638,7407.588638,7408.050138,7411.331138,0,2.99999999999994,0.0299999999999997,5.99999999999996,2,7,65,0.5
443,7413.732638,7412.976138,7413.237638,7413.680138,7434.187138,1,2.99999999999994,0.0299999999999997,7.00000000000003,1,8,66,0.5
444,7442.091138,7441.559638,7441.632638,7442.038638,7450.023138,0,2.99999999999994,0.0299999999999997,5.99999999999996,2,7,65,0.5
445,7451.431138,7450.746138,7450.978638,7451.431138,7454.373138,0,NaN,0,7.00000000000003,1,8,66,0.5
446,7459.345638,7458.762638,7458.893138,7459.345638,7464.429138,0,NaN,0,7.00000000000003,1,8,66,0.5
447,7466.236138,7465.354638,7465.499138,7466.183638,7472.016638,1,2.99999999999994,0.0299999999999997,7.00000000000003,1,8,66,0.5
448,7473.286638,7472.549638,7472.748138,7473.234138,7474.802138,0,2.99999999999994,0.0299999999999997,5.99999999999996,2,7,65,0.5
449,7476.417638,7475.561138,7475.787138,7476.415138,7480.010138,1,2.99999999999994,0.0299999999999997,7.00000000000003,1,8,66,0.5
450,7481.117138,7480.515638,7480.579638,7481.064138,7485.186138,0,2.99999999999994,0.0299999999999997,5.99999999999996,2,7,65,0.5
451,7487.282138,7486.334638,7486.450138,7487.229638,7495.686138,1,2.99999999999994,0.0299999999999997,7.00000000000003,1,8,66,0.5
452,7496.702638,7496.215638,7496.271138,7496.702638,7502.816638,0,NaN,0,7.00000000000003,1,8,66,0.5
453,7506.521138,7505.824638,7506.006638,7506.521138,7512.431638,1,NaN,0,5.99999999999996,2,7,65,0.5
454,7513.958138,7513.408138,7513.563638,7513.958138,7519.163638,1,NaN,0,5.99999999999996,2,7,65,0.5
455,7521.686138,7519.886638,7521.126138,7521.683638,7524.088638,0,2.99999999999994,0.0299999999999997,5.99999999999996,2,7,65,0.5
456,7526.399638,7525.627638,7525.812138,7526.390138,7530.012638,1,2.99999999999994,0.0299999999999997,7.00000000000003,1,8,66,0.5
457,7531.326638,7530.736638,7530.865138,7531.273638,7535.585638,0,2.99999999999994,0.0299999999999997,5.99999999999996,2,7,65,0.5
458,7537.312638,7536.630138,7536.788139,7537.301638,7546.339638,1,2.99999999999994,0.0299999999999997,7.00000000000003,1,8,66,0.5
459,7547.633638,7546.906138,7547.059638,7547.631638,7551.536638,0,2.99999999999994,0.0299999999999997,5.99999999999996,2,7,65,0.5
460,7553.574638,7552.785138,7552.985638,7553.572638,7586.504138,1,2.99999999999994,0.0299999999999997,7.00000000000003,1,8,66,0.5
461,7593.501638,7592.451638,7592.675638,7593.501638,7600.320638,1,NaN,0,5.99999999999996,2,7,65,0.5
462,7604.232638,7603.550638,7603.650638,7604.179638,7608.019138,0,2.99999999999994,0.0299999999999997,5.99999999999996,2,7,65,0.5
463,7610.456138,7609.783138,7609.806638,7610.403138,7614.237638,1,2.99999999999994,0.0299999999999997,7.00000000000003,1,8,66,0.5
464,7615.200138,7614.725638,7614.755638,7615.200138,7621.132638,0,NaN,0,7.00000000000003,1,8,66,0.5
465,7625.158638,7624.637638,7624.746638,7625.158638,7631.566138,1,NaN,0,5.99999999999996,2,7,65,0.5
466,7633.881638,7633.265138,7633.313638,7633.879138,7641.819138,1,2.99999999999994,0.0299999999999997,7.00000000000003,1,8,66,0.5
467,7643.168138,7642.599638,7642.657138,7643.115638,7646.922138,0,2.99999999999994,0.0299999999999997,5.99999999999996,2,7,65,0.5
468,7648.011138,7647.408138,7647.578138,7648.011138,7654.444638,1,NaN,0,5.99999999999996,2,7,65,0.5
469,7656.795138,7655.787138,7656.207138,7656.793138,7659.715638,0,2.99999999999994,0.0299999999999997,5.99999999999996,2,7,65,0.5
470,7661.065138,7660.447138,7660.588638,7661.065138,7666.007638,1,NaN,0,5.99999999999996,2,7,65,0.5
471,7668.299138,7666.949138,7667.835638,7668.299138,7671.623638,0,NaN,0,7.00000000000003,1,8,66,0.5
472,7675.075138,7673.746638,7674.531138,7675.022138,7677.283638,1,2.99999999999994,0.0299999999999997,7.00000000000003,1,8,66,0.5
473,7679.313638,7677.925638,7678.824138,7679.313638,7704.082138,0,NaN,0,7.00000000000003,1,8,66,0.5
474,7705.639638,7704.974638,7705.128138,7705.639638,7716.281638,1,NaN,0,5.99999999999996,2,7,65,0.5
475,7717.589638,7716.876138,7717.078638,7717.589638,7723.702638,0,NaN,0,7.00000000000003,1,8,66,0.5
476,7725.572138,7724.666638,7725.124638,7725.572138,7732.148638,1,NaN,0,5.99999999999996,2,7,65,0.5
477,7736.210138,7735.509138,7735.653638,7736.157638,7739.565638,0,2.99999999999994,0.0299999999999997,5.99999999999996,2,7,65,0.5
478,7741.491138,7740.728138,7740.940638,7741.437638,7745.693138,1,2.99999999999994,0.0299999999999997,7.00000000000003,1,8,66,0.5
479,7746.914638,7746.416138,7746.517138,7746.914638,7752.405138,0,NaN,0,7.00000000000003,1,8,66,0.5
480,7754.885138,7754.232138,7754.384138,7754.885138,7891.056138,0,NaN,0,7.00000000000003,1,8,66,0.5
481,7901.084638,7900.360638,7900.390638,7901.032138,7907.638138,0,2.99999999999994,0.0299999999999997,5.99999999999996,2,7,65,0.5
482,7908.811638,7908.059638,7908.236138,7908.811638,7914.043638,1,NaN,0,5.99999999999996,2,7,65,0.5
483,7976.361638,7974.610138,7974.708138,7976.361638,7979.378138,1,NaN,0,5.99999999999996,2,7,65,0.5
484,7987.139138,7986.454138,7986.598638,7987.139138,7992.732638,0,NaN,0,7.00000000000003,0,8,66,0.5
485,7995.162138,7994.444138,7994.622638,7995.159638,7998.791138,0,2.99999999999994,0.0299999999999997,5.99999999999996,2,7,65,0.5
486,8000.195638,7999.514138,7999.585138,8000.143138,8004.598138,1,2.99999999999994,0.0299999999999997,7.00000000000003,1,8,66,0.5
487,8006.204138,8005.713638,8005.790138,8006.204138,8014.643138,0,NaN,0,7.00000000000003,1,8,66,0.5
488,8016.330138,8015.549138,8015.835138,8016.330138,8042.937638,0,NaN,0,7.00000000000003,0,8,66,0.5
489,8044.712638,8044.139638,8044.201138,8044.659638,8049.368138,0,2.99999999999994,0.0299999999999997,5.99999999999996,2,7,65,0.5
490,8051.022638,8050.364138,8050.458638,8051.022638,8059.666638,1,NaN,0,5.99999999999996,2,7,65,0.5
491,8061.275638,8060.720138,8060.845138,8061.275638,8066.387138,0,NaN,0,7.00000000000003,1,8,66,0.5
492,8067.757638,8066.919638,8067.348138,8067.757638,8073.466138,0,NaN,0,7.00000000000003,1,8,66,0.5
493,8077.522138,8076.752138,8076.947138,8077.519138,8081.772138,1,2.99999999999994,0.0299999999999997,7.00000000000003,1,8,66,0.5
494,8083.287138,8082.625638,8082.727138,8083.234138,8086.117138,0,2.99999999999994,0.0299999999999997,5.99999999999996,2,7,65,0.5
495,8087.625138,8086.954638,8087.032638,8087.584638,8094.220138,1,NaN,0.00999999999999943,7.00000000000003,0,8,66,0.5
496,8095.930638,8094.630638,8095.457138,8095.930638,8102.380638,0,NaN,0,7.00000000000003,1,8,66,0.5
497,8104.162138,8103.219138,8103.618138,8104.110138,8108.107138,1,2.99999999999994,0.0299999999999997,7.00000000000003,1,8,66,0.5
498,8109.404138,8108.673638,8108.860138,8109.351638,8112.427138,0,2.99999999999994,0.0299999999999997,5.99999999999996,2,7,65,0.5
499,8113.770638,8113.008638,8113.175638,8113.768138,8121.065138,1,2.99999999999994,0.0299999999999997,7.00000000000003,1,8,66,0.5
500,8122.502138,8121.760138,8121.851638,8122.449138,8125.774138,0,2.99999999999994,0.0299999999999997,5.99999999999996,2,7,65,0.5
501,8127.210138,8126.581138,8126.625638,8127.157638,8135.317138,1,2.99999999999994,0.0299999999999997,7.00000000000003,1,8,66,0.5
502,8136.440138,8135.829138,8135.893638,8136.440138,8141.611138,0,NaN,0,7.00000000000003,1,8,66,0.5
503,8142.931138,8142.117138,8142.321138,8142.931138,8145.448638,1,NaN,0,5.99999999999996,2,7,65,0.5
504,8151.251138,8150.627638,8150.687138,8151.251138,8156.563638,1,NaN,0,5.99999999999996,2,7,65,0.5
505,8157.793138,8157.118639,8157.280138,8157.793138,8170.009638,0,NaN,0,7.00000000000003,1,8,66,0.5
506,8172.164638,8171.410138,8171.777638,8172.164638,8177.793138,0,NaN,0,7.00000000000003,1,8,66,0.5
507,8182.473638,8181.132638,8181.622639,8182.421638,8188.975138,1,2.99999999999994,0.0299999999999997,7.00000000000003,1,8,66,0.5
508,8193.111638,8192.366138,8192.601138,8193.058638,8196.076638,0,2.99999999999994,0.0299999999999997,5.99999999999996,2,7,65,0.5
509,8197.437638,8196.821638,8196.941138,8197.385138,8203.593138,1,2.99999999999994,0.0299999999999997,7.00000000000003,1,8,66,0.5
510,8204.558638,8204.073638,8204.152138,8204.558638,8210.915138,0,NaN,0,7.00000000000003,1,8,66,0.5
511,8215.553138,8214.601638,8214.715638,8215.553138,8221.922638,1,NaN,0,5.99999999999996,2,7,65,0.5
512,8229.587638,8228.793138,8229.001638,8229.587638,8247.268138,0,NaN,0,7.00000000000003,1,8,66,0.5
513,8299.219138,8298.642138,8298.739638,8299.219138,8324.545138,0,NaN,0,7.00000000000003,1,8,66,0.5
514,8327.565138,8326.608638,8326.902138,8327.512138,8338.183138,0,2.99999999999994,0.0299999999999997,5.99999999999996,2,7,65,0.5
515,8341.179638,8340.735138,8340.797138,8341.179638,8347.055138,0,NaN,0,7.00000000000003,1,8,66,0.5
516,8348.318138,8347.590638,8347.770138,8348.318138,8354.683138,0,NaN,0,7.00000000000003,1,8,66,0.5
517,8360.244638,8359.349138,8359.715638,8360.244638,8503.818638,0,NaN,0,7.00000000000003,1,8,66,0.5
518,8514.517638,8513.698138,8513.895138,8514.465138,8522.198638,0,2.99999999999994,0.0299999999999997,5.99999999999996,2,7,65,0.5
519,8527.077638,8526.020638,8526.269638,8527.075638,8529.097638,1,2.99999999999994,0.0299999999999997,7.00000000000003,1,8,66,0.5
520,8530.526638,8529.915638,8529.985138,8530.526638,8536.190638,0,NaN,0,7.00000000000003,1,8,66,0.5
521,8537.849138,8537.029638,8537.396638,8537.849138,8544.794138,0,NaN,0,7.00000000000003,0,8,66,0.5
522,8546.757638,8546.062138,8546.337638,8546.757638,8581.239138,0,NaN,0,7.00000000000003,1,8,66,0.5
523,8584.640138,8583.868638,8584.013138,8584.587138,8590.976638,1,2.99999999999994,0.0299999999999997,7.00000000000003,1,8,66,0.5
524,8592.488638,8591.694138,8591.919139,8592.486138,8596.595638,0,2.99999999999994,0.0299999999999997,5.99999999999996,2,7,65,0.5
525,8598.127638,8597.311638,8597.349638,8598.127638,8603.226638,1,NaN,0,5.99999999999996,2,7,65,0.5
526,8604.979138,8604.059138,8604.344138,8604.979138,8607.217138,0,NaN,0,7.00000000000003,1,8,66,0.5
527,8615.305638,8614.592138,8614.774638,8615.305638,8649.111138,0,NaN,0,7.00000000000003,1,8,66,0.5
528,8650.408138,8649.527138,8649.706138,8650.408138,8655.029638,1,NaN,0,5.99999999999996,2,7,65,0.5
529,8658.407138,8657.782638,8657.916638,8658.407138,8661.653138,0,NaN,0,7.00000000000003,0,8,66,0.5
530,8669.751638,8668.467638,8668.563638,8669.751638,8686.118138,1,NaN,0,5.99999999999996,2,7,65,0.5
531,8687.801638,8686.985138,8687.149138,8687.749638,8690.152638,1,2.99999999999994,0.0299999999999997,7.00000000000003,1,8,66,0.5
532,8691.851638,8690.999638,8691.272638,8691.799138,8693.636638,0,2.99999999999994,0.0299999999999997,5.99999999999996,2,7,65,0.5
533,8695.070638,8694.263638,8694.507638,8695.069138,8701.089138,1,NaN,0.00999999999999943,7.00000000000003,0,8,66,0.5
534,8703.008138,8701.570138,8702.466638,8702.956138,8707.173138,0,2.99999999999994,0.0299999999999997,5.99999999999996,2,7,65,0.5
535,8710.182638,8709.251138,8709.622138,8710.182638,8715.833638,1,NaN,0,5.99999999999996,2,7,65,0.5
536,8718.455138,8716.791138,8717.913638,8718.402138,8719.888638,0,2.99999999999994,0.0299999999999997,5.99999999999996,2,7,65,0.5
537,8723.715638,8722.960638,8723.167138,8723.713138,8730.133638,1,2.99999999999994,0.0299999999999997,7.00000000000003,1,8,66,0.5
538,8731.543638,8730.755138,8730.804638,8731.491138,8734.751638,0,2.99999999999994,0.0299999999999997,5.99999999999996,2,7,65,0.5
539,8737.607638,8736.669638,8736.811138,8737.605138,8742.511138,1,2.99999999999994,0.0299999999999997,7.00000000000003,1,8,66,0.5
540,8743.772138,8743.096638,8743.225638,8743.719138,8752.950638,0,2.99999999999994,0.0299999999999997,5.99999999999996,2,7,65,0.5
541,8754.365638,8753.797138,8753.920138,8754.365638,8759.996638,0,NaN,0,7.00000000000003,1,8,66,0.5
542,8769.659638,8768.677638,8769.094138,8769.659638,8772.847138,0,NaN,0,7.00000000000003,0,8,66,0.5
543,8778.067138,8776.395638,8777.313138,8778.014638,8785.527638,1,2.99999999999994,0.0299999999999997,7.00000000000003,1,8,66,0.5
544,8786.604138,8785.935138,8786.045138,8786.604138,8792.378138,0,NaN,0,7.00000000000003,1,8,66,0.5
545,8797.829638,8796.495138,8797.149138,8797.777138,8804.113638,1,2.99999999999994,0.0299999999999997,7.00000000000003,1,8,66,0.5
546,8805.481638,8804.764138,8804.928138,8805.429138,8808.725138,0,2.99999999999994,0.0299999999999997,5.99999999999996,2,7,65,0.5
547,8810.102138,8809.495638,8809.626138,8810.102138,8817.097138,1,NaN,0,5.99999999999996,2,7,65,0.5
548,8819.039138,8817.667138,8818.498638,8819.039138,8825.122638,0,NaN,0,7.00000000000003,0,8,66,0.5
549,8829.439638,8828.807138,8828.950138,8829.439638,8835.205138,1,NaN,0,5.99999999999996,2,7,65,0.5
550,8837.647138,8835.920638,8837.062638,8837.594138,8840.491138,0,2.99999999999994,0.0299999999999997,5.99999999999996,2,7,65,0.5
551,8842.130638,8841.421638,8841.549138,8842.130638,8846.821638,1,NaN,0,5.99999999999996,2,7,65,0.5
552,8848.970638,8848.206138,8848.458638,8848.968138,8852.150638,0,2.99999999999994,0.0299999999999997,5.99999999999996,2,7,65,0.5
553,8853.558638,8852.646638,8852.846138,8853.505638,8856.483638,1,2.99999999999994,0.0299999999999997,7.00000000000003,1,8,66,0.5
554,8857.932138,8857.208638,8857.421638,8857.879138,8861.295138,0,2.99999999999994,0.0299999999999997,5.99999999999996,2,7,65,0.5
555,8863.591138,8862.555638,8862.655638,8863.489638,8866.979638,1,NaN,0.00999999999999943,7.00000000000003,0,8,66,0.5
556,8873.869138,8872.914138,8873.067638,8873.869138,8963.830638,1,NaN,0,5.99999999999996,2,7,65,0.5
557,8965.239138,8964.296638,8964.638138,8965.186138,8967.745638,0,2.99999999999994,0.0299999999999997,5.99999999999996,2,7,65,0.5
558,8971.930138,8971.177638,8971.228638,8971.930138,8972.266638,1,NaN,0,5.99999999999996,2,7,65,0.5
559,8980.312638,8979.716638,8979.758638,8980.312638,8985.961138,0,NaN,0,7.00000000000003,1,8,66,0.5
560,8987.130638,8986.363138,8986.498638,8987.077638,8991.261638,0,2.99999999999994,0.0299999999999997,5.99999999999996,2,7,65,0.5
561,8992.474638,8991.699138,8991.891638,8992.474638,8999.876138,1,NaN,0,5.99999999999996,2,7,65,0.5
562,9004.380138,9003.737638,9003.789138,9004.327638,9006.371138,0,2.99999999999994,0.0299999999999997,5.99999999999996,2,7,65,0.5
563,9008.668638,9007.829638,9007.976138,9008.566638,9221.105638,1,NaN,0.00999999999999943,7.00000000000003,0,8,66,0.5
564,9229.033138,9228.062138,9228.303138,9228.981138,9232.941138,0,2.99999999999994,0.0299999999999997,5.99999999999996,2,7,65,0.5
565,9235.973138,9235.026138,9235.163638,9235.920638,9238.377138,1,2.99999999999994,0.0299999999999997,7.00000000000003,1,8,66,0.5
566,9239.580638,9239.070138,9239.139138,9239.580638,9244.986638,0,NaN,0,7.00000000000003,1,8,66,0.5
567,9246.191138,9245.434138,9245.573138,9246.138138,9249.535638,0,2.99999999999994,0.0299999999999997,5.99999999999996,2,7,65,0.5
568,9252.858138,9251.780138,9252.167638,9252.858138,9256.781138,1,NaN,0,5.99999999999996,2,7,65,0.5
569,9259.031638,9258.499138,9258.549638,9259.031638,9264.387138,1,NaN,0,5.99999999999996,2,7,65,0.5
570,9267.619138,9266.418638,9267.161638,9267.619138,9277.356638,0,NaN,0,7.00000000000003,1,8,66,0.5
571,9280.416138,9278.415138,9279.740638,9280.363638,9282.835638,0,2.99999999999994,0.0299999999999997,5.99999999999996,2,7,65,0.5
572,9285.099138,9283.713138,9283.768138,9285.099138,9287.629638,1,NaN,0,5.99999999999996,2,7,65,0.5
573,9291.656138,9290.780138,9291.113638,9291.603638,9295.012138,1,2.99999999999994,0.0299999999999997,7.00000000000003,1,8,66,0.5
574,9296.562138,9295.864638,9296.064138,9296.562138,9303.310138,0,NaN,0,7.00000000000003,1,8,66,0.5
575,9306.733638,9305.693638,9306.082638,9306.680638,9312.367638,1,2.99999999999994,0.0299999999999997,7.00000000000003,1,8,66,0.5
576,9313.996638,9313.391638,9313.477138,9313.994138,9315.936638,0,2.99999999999994,0.0299999999999997,5.99999999999996,2,7,65,0.5
577,9319.071138,9318.537638,9318.624638,9319.044638,9326.631138,1,2.99999999999994,0.0299999999999997,7.00000000000003,1,8,66,0.5
578,9328.152638,9327.619138,9327.649642,9328.111638,9332.334638,0,2.99999999999994,0.0299999999999997,5.99999999999996,2,7,65,0.5
579,9333.954139,9332.992138,9333.072138,9333.901138,9342.188638,1,2.99999999999994,0.0299999999999997,7.00000000000003,1,8,66,0.5
580,9343.519638,9342.893138,9343.012638,9343.519638,9362.866138,0,NaN,0,7.00000000000003,1,8,66,0.5
581,9364.989638,9364.415638,9364.487138,9364.937138,9367.661638,0,2.99999999999994,0.0299999999999997,5.99999999999996,2,7,65,0.5
582,9369.216138,9368.311638,9368.494638,9369.213638,9374.187139,1,2.99999999999994,0.0299999999999997,7.00000000000003,1,8,66,0.5
583,9375.288138,9374.746138,9374.867638,9375.288138,9382.576638,0,NaN,0,7.00000000000003,1,8,66,0.5
584,9383.888638,9383.174638,9383.289138,9383.835638,9392.980138,1,2.99999999999994,0.0299999999999997,7.00000000000003,1,8,66,0.5
585,9394.252138,9393.740638,9393.770138,9394.252138,9399.392638,0,NaN,0,7.00000000000003,1,8,66,0.5
586,9401.260138,9400.539639,9400.671639,9401.207138,9405.483138,1,2.99999999999994,0.0299999999999997,7.00000000000003,1,8,66,0.5
587,9407.027638,9406.116638,9406.440638,9406.974638,9411.688638,0,2.99999999999994,0.0299999999999997,5.99999999999996,2,7,65,0.5
588,9413.666138,9413.058638,9413.104138,9413.614138,9420.743138,1,2.99999999999994,0.0299999999999997,7.00000000000003,1,8,66,0.5
589,9421.924138,9421.428138,9421.498138,9421.924138,9427.697138,0,NaN,0,7.00000000000003,1,8,66,0.5
590,9429.072138,9428.236138,9428.441638,9429.072138,9449.380638,1,NaN,0,5.99999999999996,2,7,65,0.5
591,9451.134638,9450.478638,9450.540638,9451.081138,9454.551138,1,2.99999999999994,0.0299999999999997,7.00000000000003,1,8,66,0.5
592,9455.853138,9455.140138,9455.299138,9455.850638,9461.339138,0,2.99999999999994,0.0299999999999997,5.99999999999996,2,7,65,0.5
593,9462.730138,9461.932638,9462.176638,9462.629138,9469.225638,0,NaN,0.00999999999999943,5.99999999999996,0,7,65,0.5
594,9472.371138,9471.517138,9471.630139,9472.369138,9475.326638,1,2.99999999999994,0.0299999999999997,7.00000000000003,1,8,66,0.5
595,9476.728638,9475.964138,9476.277638,9476.728638,9483.048638,0,NaN,0,7.00000000000003,1,8,66,0.5
596,9485.238138,9483.896638,9484.723638,9485.238138,9491.208138,0,NaN,0,7.00000000000003,0,8,66,0.5
597,9492.605138,9491.691638,9491.950138,9492.605138,9492.748138,0,NaN,0,7.00000000000003,1,8,66,0.5
598,9504.700638,9503.969638,9504.033638,9504.698138,9517.777138,0,2.99999999999994,0.0299999999999997,5.99999999999996,2,7,65,0.5
599,9518.762138,9518.161638,9518.362638,9518.762138,9519.132638,0,NaN,0,7.00000000000003,1,8,66,0.5
600,9527.402138,9526.661638,9526.939638,9527.402138,9535.305638,0,NaN,0,7.00000000000003,1,8,66,0.5
601,9540.512638,9539.780638,9539.974138,9540.512638,9549.100138,1,NaN,0,5.99999999999996,2,7,65,0.5
602,9552.166638,9551.470138,9551.662638,9552.166638,9603.674638,0,NaN,0,7.00000000000003,1,8,66,0.5
603,9607.381138,9606.691638,9606.895638,9607.328138,9609.987138,0,2.99999999999994,0.0299999999999997,5.99999999999996,2,7,65,0.5
604,9621.774138,9621.265638,9621.353638,9621.774138,9621.975138,0,NaN,0,7.00000000000003,0,8,66,0.5
605,9633.493638,9632.535638,9632.712638,9633.493638,9633.769138,0,NaN,0,7.00000000000003,1,8,66,0.5
606,9648.622138,9647.377638,9647.720638,9648.622138,9648.698638,1,NaN,0,5.99999999999996,2,7,65,0.5
607,9662.089638,9659.408638,9659.477638,9662.036638,9672.821638,0,2.99999999999994,0.0299999999999997,5.99999999999996,2,7,65,0.5
608,9677.365138,9676.859138,9676.971138,9677.365138,9677.704638,0,NaN,0,7.00000000000003,1,8,66,0.5
609,9693.318138,9692.878638,9692.944638,9693.318138,9707.071638,0,NaN,0,7.00000000000003,1,8,66,0.5
610,9709.374138,9708.576638,9708.813638,9709.374138,9709.591638,0,NaN,0,7.00000000000003,1,8,66,0.5
611,9724.819138,9724.002138,9724.294638,9724.819138,9734.690638,0,NaN,0,7.00000000000003,1,8,66,0.5
612,9740.957638,9740.332138,9740.585138,9740.957638,9753.065638,0,NaN,0,7.00000000000003,1,8,66,0.5
613,9754.546638,9753.819638,9753.927138,9754.493638,9760.557638,0,2.99999999999994,0.0299999999999997,5.99999999999996,2,7,65,0.5
614,9762.583138,9761.768138,9762.014138,9762.583138,9767.678138,1,NaN,0,5.99999999999996,0,7,65,0.5
615,9783.604138,9782.858638,9783.058138,9783.551138,9791.143638,0,2.99999999999994,0.0299999999999997,5.99999999999996,2,7,65,0.5
616,9807.549138,9806.887138,9807.034138,9807.549138,9840.923138,0,NaN,0,7.00000000000003,1,8,66,0.5
617,9850.297138,9849.436138,9849.669138,9850.222638,9850.620138,0,NaN,0.00999999999999943,5.99999999999996,0,7,65,0.5
618,9858.639638,9857.500638,9857.824138,9858.538138,9859.255638,1,NaN,0.00999999999999943,7.00000000000003,0,8,66,0.5
619,9865.449138,9864.882638,9864.935138,9865.449138,9868.993138,0,NaN,0,7.00000000000003,1,8,66,0.5
620,9901.159138,9900.366138,9900.527638,9901.159138,9901.392138,1,NaN,0,5.99999999999996,2,7,65,0.5
621,9924.511138,9923.584638,9923.729638,9924.458138,9929.626638,1,2.99999999999994,0.0299999999999997,7.00000000000003,1,8,66,0.5
622,9937.031138,9936.454138,9936.539638,9937.031138,9937.267138,0,NaN,0,7.00000000000003,1,8,66,0.5
623,9949.028638,9948.207138,9948.430138,9948.976638,9950.818138,0,2.99999999999994,0.0299999999999997,5.99999999999996,2,7,65,0.5
624,9956.208638,9955.510138,9955.643138,9956.208638,9961.185638,1,NaN,0,5.99999999999996,2,7,65,0.5
625,9967.900138,9967.209138,9967.300138,9967.900138,9975.183138,1,NaN,0,5.99999999999996,2,7,65,0.5
626,9976.389138,9975.758638,9975.943638,9976.386138,9980.582138,0,2.99999999999994,0.0299999999999997,5.99999999999996,2,7,65,0.5
627,9984.418638,9983.977638,9983.992138,9984.418638,10001.746638,1,NaN,0,5.99999999999996,2,7,65,0.5
628,10010.055138,10008.802138,10009.163638,10010.053138,10016.503638,1,2.99999999999994,0.0299999999999997,7.00000000000003,1,8,66,0.5
629,10017.862138,10017.383138,10017.413138,10017.862138,10024.286138,0,NaN,0,7.00000000000003,1,8,66,0.5
630,10025.387138,10024.794138,10024.969138,10025.387138,10029.916638,0,NaN,0,7.00000000000003,1,8,66,0.5
631,10031.397638,10030.863638,10031.047638,10031.390138,10035.913138,0,2.99999999999994,0.0299999999999997,5.99999999999996,2,7,65,0.5
632,10037.573638,10036.712638,10037.006138,10037.573638,10046.696638,1,NaN,0,5.99999999999996,2,7,65,0.5
633,10047.835638,10047.156138,10047.340138,10047.783138,10053.973138,0,2.99999999999994,0.0299999999999997,5.99999999999996,2,7,65,0.5
634,10055.009638,10054.335638,10054.450638,10054.957138,10060.576138,1,2.99999999999994,0.0299999999999997,7.00000000000003,1,8,66,0.5
635,10061.863138,10061.161138,10061.239138,10061.810138,10066.751138,0,2.99999999999994,0.0299999999999997,5.99999999999996,2,7,65,0.5
636,10068.119138,10067.270138,10067.371638,10068.066138,10075.664638,1,2.99999999999994,0.0299999999999997,7.00000000000003,1,8,66,0.5
637,10077.371638,10076.758638,10076.824138,10077.319638,10141.017638,0,2.99999999999994,0.0299999999999997,5.99999999999996,2,7,65,0.5
638,10144.527638,10143.693138,10143.761638,10144.426638,10144.996138,0,NaN,0.00999999999999943,5.99999999999996,0,7,65,0.5
639,10157.764138,10156.762638,10156.977138,10157.764138,10158.738638,1,NaN,0,5.99999999999996,2,7,65,0.5
640,10167.268138,10166.065638,10166.214138,10167.268138,10170.261138,1,NaN,0,5.99999999999996,2,7,65,0.5
641,10173.693138,10172.897638,10173.193138,10173.693138,10176.551638,1,NaN,0,5.99999999999996,2,7,65,0.5
642,10181.372138,10180.889138,10180.916138,10181.372138,10187.674638,1,NaN,0,5.99999999999996,2,7,65,0.5
643,10192.368138,10191.045638,10191.781638,10192.368138,10205.236138,0,NaN,0,7.00000000000003,0,8,66,0.5
644,10206.239638,10205.636638,10205.782638,10206.239638,10209.902138,0,NaN,0,7.00000000000003,0,8,66,0.5
645,10213.949138,10212.288138,10213.169638,10213.896638,10218.695138,1,2.99999999999994,0.0299999999999997,7.00000000000003,1,8,66,0.5
646,10220.000138,10219.163638,10219.451638,10219.997638,10224.676138,0,2.99999999999994,0.0299999999999997,5.99999999999996,2,7,65,0.5
647,10226.052138,10225.310638,10225.424638,10226.050138,10233.395138,1,2.99999999999994,0.0299999999999997,7.00000000000003,1,8,66,0.5
648,10234.487138,10233.980138,10234.011138,10234.487138,10238.823138,0,NaN,0,7.00000000000003,1,8,66,0.5
649,10241.721638,10240.431138,10241.151638,10241.669138,10245.262638,0,2.99999999999994,0.0299999999999997,5.99999999999996,2,7,65,0.5
650,10246.869638,10245.897638,10245.941638,10246.868138,10253.291138,1,NaN,0.00999999999999943,7.00000000000003,0,8,66,0.5
651,10255.425138,10254.074638,10254.969638,10255.425138,10274.429138,0,NaN,0,7.00000000000003,1,8,66,0.5
652,10275.624638,10275.080638,10275.184138,10275.624638,10281.205138,0,NaN,0,7.00000000000003,1,8,66,0.5
653,10284.089138,10283.465638,10283.581138,10284.087138,10285.619138,1,2.99999999999994,0.0299999999999997,7.00000000000003,1,8,66,0.5
654,10286.898638,10286.186138,10286.379138,10286.845638,10290.649138,0,2.99999999999994,0.0299999999999997,5.99999999999996,2,7,65,0.5
655,10292.134638,10291.240138,10291.418638,10292.081638,10298.411138,1,2.99999999999994,0.0299999999999997,7.00000000000003,1,8,66,0.5
656,10299.595138,10298.987138,10299.101138,10299.542138,10303.183638,0,2.99999999999994,0.0299999999999997,5.99999999999996,2,7,65,0.5
657,10304.665138,10303.868138,10304.082138,10304.613138,10311.874638,1,2.99999999999994,0.0299999999999997,7.00000000000003,1,8,66,0.5
658,10313.201638,10312.570138,10312.635138,10313.201638,10313.477138,0,NaN,0,7.00000000000003,1,8,66,0.5
659,10543.917138,10543.194638,10543.240138,10543.865138,10555.968138,1,2.99999999999994,0.0299999999999997,7.00000000000003,1,8,66,0.5
660,10557.383138,10556.727138,10556.803638,10557.330138,10563.764138,0,2.99999999999994,0.0299999999999997,5.99999999999996,2,7,65,0.5
661,10566.545138,10565.634638,10565.682138,10566.443638,10586.412638,1,NaN,0.00999999999999943,7.00000000000003,0,8,66,0.5
662,10587.381638,10586.893138,10586.963638,10587.381638,10591.344638,0,NaN,0,7.00000000000003,1,8,66,0.5
663,10594.857138,10594.222138,10594.488638,10594.857138,10605.908138,0,NaN,0,7.00000000000003,1,8,66,0.5
664,10607.687138,10607.290638,10607.312138,10607.687138,10608.114638,0,NaN,0,7.00000000000003,1,8,66,0.5
665,10618.613138,10617.993638,10618.117638,10618.559638,10623.603138,0,2.99999999999994,0.0299999999999997,5.99999999999996,2,7,65,0.5
666,10624.693138,10624.086138,10624.252138,10624.693138,10633.225638,0,NaN,0,7.00000000000003,1,8,66,0.5
667,10634.472638,10633.781138,10633.977138,10634.472638,10642.004138,0,NaN,0,7.00000000000003,1,8,66,0.5
668,10647.913138,10647.244638,10647.347638,10647.913138,10648.364638,0,NaN,0,7.00000000000003,1,8,66,0.5
669,10670.048138,10668.934138,10668.961638,10669.498138,10678.179138,0,NaN,0,5.99999999999996,2,7,65,0.5
670,10682.030138,10681.415638,10681.591138,10682.030138,10686.824138,0,NaN,0,7.00000000000003,1,8,66,0.5
671,10694.647638,10693.625638,10693.839639,10694.647638,10698.983138,1,NaN,0,5.99999999999996,2,7,65,0.5
672,10705.573138,10704.765138,10705.070138,10705.573138,10712.234138,0,NaN,0,7.00000000000003,1,8,66,0.5
673,10817.896138,10817.147638,10817.448638,10817.896138,10817.950638,0,NaN,0,7.00000000000003,1,8,66,0.5
674,10853.968638,10852.975638,10853.183638,10853.916138,10855.660638,0,2.99999999999994,0.0299999999999997,5.99999999999996,2,7,65,0.5
675,10860.272638,10859.665138,10859.858138,10860.272638,10911.944638,0,NaN,0,7.00000000000003,1,8,66,0.5
676,10917.767138,10917.231638,10917.386138,10917.767138,10923.112638,0,NaN,0,7.00000000000003,1,8,66,0.5
677,10924.898638,10924.072138,10924.245138,10924.898638,10928.041638,0,NaN,0,7.00000000000003,1,8,66,0.5
678,10935.553638,10934.659138,10935.050138,10935.553638,10948.800638,0,NaN,0,7.00000000000003,1,8,66,0.5
679,10952.399138,10951.257138,10951.592638,10952.346138,10956.919638,1,2.99999999999994,0.0299999999999997,7.00000000000003,1,8,66,0.5
680,10958.307638,10957.549638,10957.598138,10958.206638,10958.612138,0,NaN,0.00999999999999943,5.99999999999996,0,7,65,0.5
681,10969.823138,10968.562638,10968.603638,10969.770138,10971.174638,0,2.99999999999994,0.0299999999999997,5.99999999999996,2,7,65,0.5
682,10974.832138,10973.892138,10974.090638,10974.779638,10980.881138,1,2.99999999999994,0.0299999999999997,7.00000000000003,1,8,66,0.5
683,10982.230638,10981.513638,10981.736138,10982.178138,10988.478638,0,2.99999999999994,0.0299999999999997,5.99999999999996,2,7,65,0.5
684,10990.254138,10989.224638,10989.377638,10990.251638,10998.031638,1,2.99999999999994,0.0299999999999997,7.00000000000003,1,8,66,0.5
685,10999.216138,10998.593138,10998.652638,10999.216138,11000.900638,0,NaN,0,7.00000000000003,1,8,66,0.5
686,11134.441138,11133.625138,11133.665138,11134.441138,11140.674138,0,NaN,0,7.00000000000003,1,8,66,0.5
687,11142.607638,11141.877138,11141.985638,11142.607638,11142.801638,0,NaN,0,7.00000000000003,0,8,66,0.5
688,11154.631138,11153.363138,11153.665638,11154.631138,11164.080638,0,NaN,0,7.00000000000003,0,8,66,0.5
689,11174.541638,11173.812138,11173.862138,11174.532138,11178.201138,0,NaN,0.00999999999999943,5.99999999999996,0,7,65,0.5
690,11180.805138,11180.101138,11180.300138,11180.805138,11180.987638,0,NaN,0,7.00000000000003,1,8,66,0.5
691,11191.675638,11190.595638,11190.892638,11191.574138,11192.910638,1,NaN,0.00999999999999943,7.00000000000003,0,8,66,0.5
692,11232.511638,11231.535638,11231.818138,11232.511638,11233.435138,1,NaN,0,5.99999999999996,2,7,65,0.5
693,11244.480138,11243.698138,11243.890138,11244.427138,11253.110638,0,2.99999999999994,0.0299999999999997,5.99999999999996,2,7,65,0.5
694,11254.270638,11253.565138,11253.682138,11254.270638,11259.964638,0,NaN,0,7.00000000000003,1,8,66,0.5
695,11263.814138,11262.415638,11263.368638,11263.814138,11265.870638,0,NaN,0,7.00000000000003,0,8,66,0.5
696,11305.019638,11303.909138,11304.274138,11305.017138,11308.233138,1,2.99999999999994,0.0299999999999997,7.00000000000003,1,8,66,0.5
697,11309.284638,11308.734138,11308.806138,11309.284638,11329.902638,0,NaN,0,7.00000000000003,1,8,66,0.5
698,11331.332138,11330.812138,11330.878138,11331.332138,11352.213638,0,NaN,0,7.00000000000003,1,8,66,0.5
699,11354.703138,11353.494138,11353.822138,11354.703138,11361.731638,1,NaN,0,5.99999999999996,2,7,65,0.5
700,11379.744138,11371.213638,11371.259138,NaN,11383.984638,NaN,NaN,0,7.00000000000003,1,8,66,0.5
701,11387.143138,11385.532138,11386.515138,11387.140138,11394.750638,1,2.99999999999994,0.0299999999999997,7.00000000000003,1,8,66,0.5
702,11395.949638,11395.342638,11395.432138,11395.949638,11403.041638,0,NaN,0,7.00000000000003,1,8,66,0.5
703,11404.663138,11403.827138,11403.971638,11404.660638,11420.109138,1,2.99999999999994,0.0299999999999997,7.00000000000003,1,8,66,0.5
704,11423.309638,11422.603138,11422.711638,11423.256138,11425.860638,0,2.99999999999994,0.0299999999999997,5.99999999999996,2,7,65,0.5
705,11427.465138,11426.728138,11426.896138,11427.412638,11444.049638,1,2.99999999999994,0.0299999999999997,7.00000000000003,1,8,66,0.5
706,11445.661138,11444.881638,11444.948638,11445.660138,11446.451638,1,NaN,0.00999999999999943,7.00000000000003,0,8,66,0.5
707,11465.681138,11464.514638,11464.884138,11465.681138,11473.966638,1,NaN,0,5.99999999999996,2,7,65,0.5
708,11475.464638,11474.478138,11474.940638,11475.464638,11479.251138,0,NaN,0,7.00000000000003,1,8,66,0.5
709,11482.566638,11480.973138,11481.890638,11482.566638,11488.536638,1,NaN,0,5.99999999999996,2,7,65,0.5
710,11492.748638,11491.344138,11492.120138,11492.696638,11496.598638,0,2.99999999999994,0.0299999999999997,5.99999999999996,2,7,65,0.5
711,11498.347138,11497.474138,11497.509638,11498.245638,11503.354638,1,NaN,0.00999999999999943,7.00000000000003,0,8,66,0.5
712,11505.042138,11504.253138,11504.334638,11505.042138,11514.468638,1,NaN,0,5.99999999999996,2,7,65,0.5
713,11517.855638,11517.059138,11517.307138,11517.803138,11523.980638,0,2.99999999999994,0.0299999999999997,5.99999999999996,2,7,65,0.5
714,11525.020638,11524.428638,11524.596638,11525.020638,11527.443638,0,NaN,0,7.00000000000003,1,8,66,0.5
715,11543.335638,11541.845138,11542.011638,11543.335638,11610.911638,1,NaN,0,5.99999999999996,2,7,65,0.5
716,11624.278638,11623.539138,11623.610138,11624.278638,11624.836638,0,NaN,0,7.00000000000003,1,8,66,0.5
717,11633.875638,11632.779138,11633.472638,11633.875638,11638.748638,0,NaN,0,7.00000000000003,1,8,66,0.5
718,11686.607638,11678.077138,11678.156638,NaN,NaN,NaN,NaN,0,5.99999999999996,2,7,65,0.5
719,11704.776638,11696.245638,11696.523138,NaN,11774.990138,NaN,NaN,0,5.99999999999996,2,7,65,0.5
720,11802.301638,11801.404138,11801.724138,11802.248638,11808.085638,0,2.99999999999994,0.0299999999999997,5.99999999999996,2,7,65,0.5
721,11809.738138,11808.779138,11808.804638,11809.738138,11826.144138,1,NaN,0,5.99999999999996,2,7,65,0.5
722,11827.009638,11826.577138,11826.663138,11827.009638,11828.644638,0,NaN,0,7.00000000000003,1,8,66,0.5
723,11843.367638,11842.827638,11843.004138,11843.367638,11857.639638,0,NaN,0,7.00000000000003,1,8,66,0.5
724,11859.581138,11858.763638,11859.013138,11859.581138,11859.966138,0,NaN,0,7.00000000000003,1,8,66,0.5
725,11865.831138,11865.157638,11865.330138,11865.831138,11876.917638,0,NaN,0,7.00000000000003,1,8,66,0.5
726,11882.312138,11881.519638,11881.732138,11882.259638,11884.151138,1,2.99999999999994,0.0299999999999997,7.00000000000003,1,8,66,0.5
727,11885.318638,11884.777138,11884.954638,11885.318638,11890.266638,0,NaN,0,7.00000000000003,1,8,66,0.5
728,11895.578138,11893.822638,11894.937638,11895.525638,11900.329638,1,2.99999999999994,0.0299999999999997,7.00000000000003,1,8,66,0.5
729,11901.495138,11900.862138,11900.970638,11901.442138,11917.023638,0,2.99999999999994,0.0299999999999997,5.99999999999996,2,7,65,0.5
730,11925.247138,11924.368138,11924.635138,11925.194138,11927.947638,0,2.99999999999994,0.0299999999999997,5.99999999999996,2,7,65,0.5
731,11929.766138,11929.050638,11929.067638,11929.766138,11932.020638,1,NaN,0,5.99999999999996,2,7,65,0.5
732,11937.089138,11936.159638,11936.506638,11937.036138,11941.669138,1,2.99999999999994,0.0299999999999997,7.00000000000003,1,8,66,0.5
733,11942.815638,11942.141138,11942.383638,11942.815638,11945.864638,0,NaN,0,7.00000000000003,1,8,66,0.5
734,11950.720138,11949.303638,11950.200138,11950.720138,11957.894638,0,NaN,0,7.00000000000003,1,8,66,0.5
735,11963.364638,11962.634138,11962.710138,11963.364638,11966.456138,1,NaN,0,5.99999999999996,2,7,65,0.5
736,11970.859138,11969.800138,11969.986638,11970.806138,11975.337138,1,2.99999999999994,0.0299999999999997,7.00000000000003,1,8,66,0.5
737,11976.614138,11975.822638,11975.940638,11976.561138,11980.076138,0,2.99999999999994,0.0299999999999997,5.99999999999996,2,7,65,0.5
738,11981.818638,11980.818138,11980.924138,11981.816638,11990.133138,1,2.99999999999994,0.0299999999999997,7.00000000000003,1,8,66,0.5
739,11991.316638,11990.584138,11990.756138,11991.316638,11996.810638,1,NaN,0,5.99999999999996,0,7,65,0.5
740,12008.538638,12007.951638,12008.095138,12008.538638,12012.218638,0,NaN,0,7.00000000000003,1,8,66,0.5
741,12240.692138,12239.715138,12239.857138,12240.692138,12243.794638,1,NaN,0,5.99999999999996,0,7,65,0.5
742,12248.141138,12247.036638,12247.217138,12248.138138,12249.984138,1,2.99999999999994,0.0299999999999997,7.00000000000003,1,8,66,0.5
743,12251.507138,12250.704638,12250.908638,12251.454638,12257.687138,0,2.99999999999994,0.0299999999999997,5.99999999999996,2,7,65,0.5
744,12259.050638,12258.365138,12258.529638,12259.050638,12262.893638,0,NaN,0,7.00000000000003,1,8,66,0.5
745,12268.589638,12267.309638,12268.020138,12268.488138,12275.323138,0,NaN,0.00999999999999943,5.99999999999996,0,7,65,0.5
746,12281.034638,12279.934638,12280.527638,12280.981138,12283.494138,0,2.99999999999994,0.0299999999999997,5.99999999999996,2,7,65,0.5
747,12285.251138,12284.144638,12284.334138,12285.251138,12288.073138,1,NaN,0,5.99999999999996,0,7,65,0.5
748,12295.413138,12294.289138,12295.000138,12295.413138,12298.414138,0,NaN,0,7.00000000000003,1,8,66,0.5
749,12303.365638,12302.048138,12302.943138,12303.365638,12309.038638,0,NaN,0,7.00000000000003,0,8,66,0.5
750,12313.920638,12312.333138,12313.359638,12313.867638,12316.253638,0,2.99999999999994,0.0299999999999997,5.99999999999996,2,7,65,0.5
751,12324.078138,12323.279138,12323.473138,12323.976638,12324.225638,0,NaN,0.00999999999999943,5.99999999999996,0,7,65,0.5
752,12341.870638,12341.162138,12341.479638,12341.870638,12350.726638,0,NaN,0,7.00000000000003,0,8,66,0.5
753,12365.314638,12364.615638,12364.829138,12365.314638,12365.465638,0,NaN,0,7.00000000000003,1,8,66,0.5
754,12375.538138,12374.684138,12374.971638,12375.485638,12379.094638,0,2.99999999999994,0.0299999999999997,5.99999999999996,2,7,65,0.5
755,12381.868638,12381.004638,12381.278138,12381.868638,12383.130138,1,NaN,0,5.99999999999996,0,7,65,0.5
756,12390.708638,12390.096638,12390.272638,12390.708638,12392.883638,0,NaN,0,7.00000000000003,1,8,66,0.5
757,12405.316638,12404.595138,12404.645638,12405.316638,12410.583138,0,NaN,0,7.00000000000003,1,8,66,0.5
758,12414.375138,12413.669138,12413.919138,12414.322138,12418.051638,0,2.99999999999994,0.0299999999999997,5.99999999999996,2,7,65,0.5
759,12419.618138,12418.627138,12418.796638,12419.618138,12421.695638,1,NaN,0,5.99999999999996,2,7,65,0.5
760,12426.629138,12425.826638,12425.928638,12426.627638,12449.416638,1,NaN,0.00999999999999943,7.00000000000003,0,8,66,0.5
761,12454.600638,12453.464138,12454.220638,12454.600638,12460.661138,0,NaN,0,7.00000000000003,1,8,66,0.5
762,12462.787138,12461.134638,12462.244638,12462.734638,12465.860138,0,2.99999999999994,0.0299999999999997,5.99999999999996,2,7,65,0.5
763,12467.482138,12466.364638,12466.552138,12467.429138,12475.689138,1,2.99999999999994,0.0299999999999997,7.00000000000003,1,8,66,0.5
764,12476.716638,12476.250638,12476.355138,12476.716638,12478.200138,0,NaN,0,7.00000000000003,1,8,66,0.5
765,12483.868138,12483.345138,12483.427638,12483.859638,12488.420638,1,2.99999999999994,0.0299999999999997,7.00000000000003,1,8,66,0.5
766,12489.860138,12489.111138,12489.160638,12489.860138,12496.248638,0,NaN,0,7.00000000000003,1,8,66,0.5
767,12498.041638,12497.122138,12497.343638,12498.038638,12502.935638,1,2.99999999999994,0.0299999999999997,7.00000000000003,1,8,66,0.5
768,12504.565138,12503.823638,12503.917138,12504.565138,12508.184138,0,NaN,0,7.00000000000003,1,8,66,0.5
769,12512.851638,12511.191138,12511.786638,12512.848638,12515.522138,0,2.99999999999994,0.0299999999999997,5.99999999999996,2,7,65,0.5
770,12516.969638,12516.040638,12516.199638,12516.917138,12526.780638,1,2.99999999999994,0.0299999999999997,7.00000000000003,1,8,66,0.5
771,12528.079138,12527.515638,12527.574638,12528.079138,12539.059138,0,NaN,0,7.00000000000003,1,8,66,0.5
772,12540.258638,12539.605138,12539.810138,12540.258638,12546.550138,0,NaN,0,7.00000000000003,1,8,66,0.5
773,12549.269638,12547.326138,12548.686638,12549.216638,12551.317638,0,2.99999999999994,0.0299999999999997,5.99999999999996,2,7,65,0.5
774,12553.688138,12552.228138,12552.355138,12553.688138,12559.520138,1,NaN,0,5.99999999999996,2,7,65,0.5
775,12563.454638,12562.584638,12562.950138,12563.454638,12569.951138,0,NaN,0,7.00000000000003,1,8,66,0.5
776,12571.333138,12570.250138,12570.708638,12571.280138,12574.670138,1,2.99999999999994,0.0299999999999997,7.00000000000003,1,8,66,0.5
777,12576.502638,12575.142638,12575.925638,12576.450138,12578.108638,0,2.99999999999994,0.0299999999999997,5.99999999999996,2,7,65,0.5
778,12579.873138,12578.796138,12579.006638,12579.820638,12585.073638,1,2.99999999999994,0.0299999999999997,7.00000000000003,1,8,66,0.5
779,12586.637138,12585.864138,12586.005138,12586.584638,12625.735138,0,2.99999999999994,0.0299999999999997,5.99999999999996,2,7,65,0.5
780,12635.363638,12634.092138,12634.303138,12635.363638,12659.846138,1,NaN,0,5.99999999999996,2,7,65,0.5
781,12661.016638,12660.328638,12660.490138,12660.964138,12663.334638,0,2.99999999999994,0.0299999999999997,5.99999999999996,2,7,65,0.5
782,12665.011638,12664.001138,12664.132638,12665.009138,12669.632138,1,2.99999999999994,0.0299999999999997,7.00000000000003,1,8,66,0.5
783,12671.113638,12670.193138,12670.295138,12671.111138,12675.982138,0,2.99999999999994,0.0299999999999997,5.99999999999996,2,7,65,0.5
784,12677.270138,12676.482138,12676.507638,12677.270138,12684.721638,1,NaN,0,5.99999999999996,2,7,65,0.5
785,12686.738138,12685.626138,12686.057138,12686.738138,12691.651138,1,NaN,0,5.99999999999996,2,7,65,0.5
786,12696.050639,12694.832638,12695.522638,12695.998138,12698.915138,0,2.99999999999994,0.0299999999999997,5.99999999999996,2,7,65,0.5
787,12700.414138,12699.672638,12699.705638,12700.361638,12703.595638,1,2.99999999999994,0.0299999999999997,7.00000000000003,1,8,66,0.5
788,12704.963138,12704.189638,12704.374138,12704.960638,12709.006638,0,2.99999999999994,0.0299999999999997,5.99999999999996,2,7,65,0.5
789,12712.580638,12711.691638,12711.844638,12712.580638,12716.203138,1,NaN,0,5.99999999999996,2,7,65,0.5
790,12719.888638,12718.690138,12718.975638,12719.886138,12730.723638,1,2.99999999999994,0.0299999999999997,7.00000000000003,1,8,66,0.5
791,12731.843638,12731.280638,12731.383138,12731.843638,12736.447138,0,NaN,0,7.00000000000003,0,8,66,0.5
792,12738.440138,12737.301638,12737.806138,12738.387138,12744.286138,0,2.99999999999994,0.0299999999999997,5.99999999999996,2,7,65,0.5
793,12745.51114,12744.787138,12744.978638,12745.508638,12748.985138,0,2.99999999999994,0.0299999999999997,5.99999999999996,2,7,65,0.5
794,12752.887638,12751.670138,12752.222638,12752.887638,12758.248638,0,NaN,0,7.00000000000003,1,8,66,0.5
795,12760.611138,12759.612138,12759.922638,12760.558638,12765.995638,1,2.99999999999994,0.0299999999999997,7.00000000000003,1,8,66,0.5
796,12767.310638,12766.472138,12766.770638,12767.310638,12775.167638,0,NaN,0,7.00000000000003,1,8,66,0.5
797,12779.516138,12778.304138,12778.801138,12779.463638,12785.526138,1,2.99999999999994,0.0299999999999997,7.00000000000003,1,8,66,0.5
798,12787.023638,12786.356638,12786.410638,12787.023638,12794.062638,0,NaN,0,7.00000000000003,1,8,66,0.5
799,12986.902138,12986.368638,12986.416638,12986.902138,13006.897138,0,NaN,0,7.00000000000003,1,8,66,0.5
800,13008.140638,13007.573138,13007.757138,13008.140638,13015.720138,0,NaN,0,7.00000000000003,1,8,66,0.5
801,13018.591138,13017.761138,13018.163138,13018.591138,13025.700638,0,NaN,0,7.00000000000003,1,8,66,0.5
802,13028.880638,13027.820138,13028.157138,13028.880638,13036.547638,0,NaN,0,7.00000000000003,1,8,66,0.5
803,13039.006138,13037.327638,13038.401638,13039.006138,13046.850638,0,NaN,0,7.00000000000003,1,8,66,0.5
804,13081.677638,13081.143138,13081.240138,13081.667638,13088.412638,0,2.99999999999994,0.0299999999999997,5.99999999999996,2,7,65,0.5
805,13090.306638,13089.324638,13089.538138,13090.254138,13093.052638,1,2.99999999999994,0.0299999999999997,7.00000000000003,1,8,66,0.5
806,13094.340138,13093.794638,13093.882138,13094.340138,13098.418138,0,NaN,0,7.00000000000003,1,8,66,0.5
807,13101.484138,13100.009638,13100.650638,13101.484138,13108.629138,1,NaN,0,5.99999999999996,2,7,65,0.5
808,13110.933138,13109.075638,13109.991638,13110.880638,13117.337638,1,2.99999999999994,0.0299999999999997,7.00000000000003,1,8,66,0.5
809,13118.792138,13117.862638,13118.244138,13118.739638,13127.188638,0,2.99999999999994,0.0299999999999997,5.99999999999996,2,7,65,0.5
810,13128.392138,13127.744138,13127.893638,13128.392138,13128.555138,0,NaN,0,7.00000000000003,1,8,66,0.5
811,13139.810138,13139.010638,13139.233638,13139.808138,13149.845138,0,2.99999999999994,0.0299999999999997,5.99999999999996,2,7,65,0.5
812,13151.505638,13150.643138,13150.859138,13151.452138,13155.446638,0,2.99999999999994,0.0299999999999997,5.99999999999996,2,7,65,0.5
813,13157.112138,13156.097138,13156.178138,13157.059638,13162.494138,1,2.99999999999994,0.0299999999999997,7.00000000000003,1,8,66,0.5
814,13166.753138,13165.754138,13166.153138,13166.700638,13170.894138,0,2.99999999999994,0.0299999999999997,5.99999999999996,2,7,65,0.5
815,13173.584638,13171.542638,13171.590138,13173.532138,13182.853639,1,2.99999999999994,0.0299999999999997,7.00000000000003,1,8,66,0.5
816,13213.089138,13211.728638,13211.918138,13213.036138,13217.155638,0,2.99999999999994,0.0299999999999997,5.99999999999996,2,7,65,0.5
817,13226.791138,13225.651138,13225.917638,13226.791138,13236.865638,1,NaN,0,5.99999999999996,0,7,65,0.5
818,13240.103138,13238.910138,13238.949138,13240.103138,13247.602138,1,NaN,0,5.99999999999996,2,7,65,0.5
819,13249.741638,13248.483638,13249.178138,13249.741638,13255.215638,0,NaN,0,7.00000000000003,1,8,66,0.5
820,13256.859638,13255.699138,13256.134138,13256.859638,13259.902138,1,NaN,0,5.99999999999996,2,7,65,0.5
821,13265.907638,13264.946138,13265.070638,13265.905138,13268.603638,1,2.99999999999994,0.0299999999999997,7.00000000000003,1,8,66,0.5
822,13270.043638,13269.222138,13269.558638,13270.018638,13276.710638,0,2.99999999999994,0.0299999999999997,5.99999999999996,2,7,65,0.5
823,13278.448638,13277.602138,13277.732138,13278.446139,13282.134138,0,2.99999999999994,0.0299999999999997,5.99999999999996,2,7,65,0.5
824,13284.466138,13283.695638,13283.772138,13284.466138,13290.564138,1,NaN,0,5.99999999999996,2,7,65,0.5
825,13292.540138,13291.673138,13291.909138,13292.438638,13295.061638,0,NaN,0.00999999999999943,5.99999999999996,0,7,65,0.5
826,13303.348638,13302.574138,13302.951138,13303.348638,13306.791138,0,NaN,0,7.00000000000003,1,8,66,0.5
827,13310.263638,13309.230138,13309.755638,13310.211138,13313.294638,0,2.99999999999994,0.0299999999999997,5.99999999999996,2,7,65,0.5
828,13314.691638,13313.827138,13313.981138,13314.691638,13336.816638,1,NaN,0,5.99999999999996,2,7,65,0.5
829,13470.209638,13461.678138,13461.926638,NaN,13479.500638,NaN,NaN,0,5.99999999999996,2,7,65,0.5
830,13490.194139,13488.853138,13489.238138,13490.141138,13492.829638,1,2.99999999999994,0.0299999999999997,7.00000000000003,1,8,66,0.5
831,13495.610138,13493.759638,13493.824638,13495.557638,13499.430638,0,2.99999999999994,0.0299999999999997,5.99999999999996,2,7,65,0.5
832,13503.898638,13502.554638,13502.937638,13503.846138,13508.710138,1,2.99999999999994,0.0299999999999997,7.00000000000003,1,8,66,0.5
833,13510.354138,13509.536138,13509.586638,13510.351638,13514.315138,0,2.99999999999994,0.0299999999999997,5.99999999999996,2,7,65,0.5
834,13516.017638,13515.146138,13515.182138,13516.017638,13522.383138,1,NaN,0,5.99999999999996,2,7,65,0.5
835,13523.732638,13522.880138,13523.137638,13523.732638,13529.536138,1,NaN,0,5.99999999999996,2,7,65,0.5
836,13532.162138,13531.011638,13531.680138,13532.109638,13534.969139,0,2.99999999999994,0.0299999999999997,5.99999999999996,2,7,65,0.5
837,13536.913638,13535.981138,13536.206638,13536.913638,13543.403638,1,NaN,0,5.99999999999996,2,7,65,0.5
838,13545.398138,13544.011138,13544.841138,13545.398138,13551.965138,0,NaN,0,7.00000000000003,1,8,66,0.5
839,13556.710638,13555.629138,13556.145138,13556.657138,13559.002138,0,2.99999999999994,0.0299999999999997,5.99999999999996,2,7,65,0.5
840,13560.748138,13559.483138,13559.962638,13560.745138,13564.132138,1,2.99999999999994,0.0299999999999997,7.00000000000003,1,8,66,0.5
841,13565.446638,13564.691138,13564.881638,13565.393138,13568.488138,0,2.99999999999994,0.0299999999999997,5.99999999999996,2,7,65,0.5
842,13570.363138,13569.281138,13569.330138,13570.262138,13575.270138,1,NaN,0.00999999999999943,7.00000000000003,0,8,66,0.5
843,13579.198638,13577.360638,13578.149638,13579.196138,13584.607138,1,2.99999999999994,0.0299999999999997,7.00000000000003,1,8,66,0.5
844,13586.479138,13585.123138,13585.888138,13586.479138,13590.039638,0,NaN,0,7.00000000000003,1,8,66,0.5
845,13593.377638,13591.848138,13592.663138,13593.377638,13594.677138,1,NaN,0,5.99999999999996,2,7,65,0.5
846,13607.620638,13606.715638,13606.978638,13607.620638,13618.435638,0,NaN,0,7.00000000000003,1,8,66,0.5
847,13619.895638,13619.058638,13619.229138,13619.842638,13624.142138,0,2.99999999999994,0.0299999999999997,5.99999999999996,2,7,65,0.5
848,13625.825638,13624.645138,13624.795138,13625.773138,13633.863138,1,2.99999999999994,0.0299999999999997,7.00000000000003,1,8,66,0.5
849,13635.524138,13634.675638,13634.761138,13635.521638,13638.538638,0,2.99999999999994,0.0299999999999997,5.99999999999996,2,7,65,0.5
850,13640.266638,13639.286638,13639.382138,13640.264138,13646.566638,1,2.99999999999994,0.0299999999999997,7.00000000000003,1,8,66,0.5
851,13647.757138,13647.150138,13647.234138,13647.757138,13654.056138,0,NaN,0,7.00000000000003,1,8,66,0.5
852,13662.786138,13661.323638,13661.625638,13662.783638,13668.153138,1,2.99999999999994,0.0299999999999997,7.00000000000003,1,8,66,0.5
853,13669.524638,13668.721138,13668.938138,13669.472138,13673.308638,0,2.99999999999994,0.0299999999999997,5.99999999999996,2,7,65,0.5
854,13675.567638,13674.555638,13674.662638,13675.515138,13682.236638,1,2.99999999999994,0.0299999999999997,7.00000000000003,1,8,66,0.5
855,13683.710138,13683.004138,13683.149638,13683.710138,13755.280138,0,NaN,0,7.00000000000003,1,8,66,0.5
856,13756.777138,13756.124138,13756.172138,13756.777138,13756.948638,0,NaN,0,7.00000000000003,1,8,66,0.5
857,13764.948138,13763.973138,13764.377638,13764.948138,13770.155638,0,NaN,0,7.00000000000003,1,8,66,0.5
858,13791.593638,13790.299138,13790.490638,13791.593638,13791.832638,1,NaN,0,5.99999999999996,0,7,65,0.5
859,13818.199138,13817.218138,13817.464638,13818.145638,13839.124638,1,2.99999999999994,0.0299999999999997,7.00000000000003,1,8,66,0.5
860,13841.939638,13841.189638,13841.368638,13841.939638,13844.203138,1,NaN,0,5.99999999999996,0,7,65,0.5
861,13848.317638,13847.504638,13847.913138,13848.317638,13852.643638,0,NaN,0,7.00000000000003,0,8,66,0.5
862,13861.213138,13860.270138,13860.576638,13861.210638,13864.440138,0,2.99999999999994,0.0299999999999997,5.99999999999996,2,7,65,0.5
863,13866.924138,13866.089638,13866.230638,13866.871638,13874.103138,1,2.99999999999994,0.0299999999999997,7.00000000000003,1,8,66,0.5
864,13875.768138,13875.117138,13875.197638,13875.768138,13886.730138,0,NaN,0,7.00000000000003,1,8,66,0.5
865,13889.502638,13888.359138,13888.843638,13889.502638,13898.386138,1,NaN,0,5.99999999999996,0,7,65,0.5
866,13900.482138,13899.713138,13899.805638,13900.480638,13904.801638,0,NaN,0.00999999999999943,5.99999999999996,0,7,65,0.5
867,13911.046138,13910.146638,13910.640638,13911.046138,13911.442138,0,NaN,0,7.00000000000003,1,8,66,0.5
868,13919.498138,13918.340138,13918.443638,13919.445638,13922.964638,1,2.99999999999994,0.0299999999999997,7.00000000000003,1,8,66,0.5
869,13924.615138,13923.947638,13924.035138,13924.562638,13927.888138,0,2.99999999999994,0.0299999999999997,5.99999999999996,2,7,65,0.5
870,13929.970638,13929.009138,13929.039638,13929.970638,13936.901638,1,NaN,0,5.99999999999996,2,7,65,0.5
871,13953.398638,13952.673138,13952.793138,13953.396138,13956.460138,0,2.99999999999994,0.0299999999999997,5.99999999999996,2,7,65,0.5
872,13958.331638,13957.398638,13957.457138,13958.302138,13964.560138,1,NaN,0.00999999999999943,7.00000000000003,0,8,66,0.5
873,13966.337138,13965.309638,13965.501138,13966.337138,13972.479138,1,NaN,0,5.99999999999996,2,7,65,0.5
874,13976.713138,13975.792638,13976.050638,13976.713138,13993.203638,1,NaN,0,5.99999999999996,2,7,65,0.5
875,13996.610138,13995.696138,13995.907638,13996.556638,14001.247638,1,2.99999999999994,0.0299999999999997,7.00000000000003,1,8,66,0.5
876,14002.641138,14001.813638,14001.974138,14002.588638,14006.171138,0,2.99999999999994,0.0299999999999997,5.99999999999996,2,7,65,0.5
877,14008.090638,14007.189638,14007.345138,14008.090638,14011.339638,1,NaN,0,5.99999999999996,2,7,65,0.5
878,14014.691638,14013.832138,14013.957638,14014.639138,14019.953138,1,2.99999999999994,0.0299999999999997,7.00000000000003,1,8,66,0.5
879,14021.462138,14020.625138,14020.909138,14021.409138,14024.866138,0,2.99999999999994,0.0299999999999997,5.99999999999996,2,7,65,0.5
880,14026.562138,14025.797138,14025.941138,14026.562138,14032.633138,1,NaN,0,5.99999999999996,2,7,65,0.5
881,14035.382138,14034.021638,14034.610138,14035.328638,14038.968138,0,2.99999999999994,0.0299999999999997,5.99999999999996,2,7,65,0.5
882,14040.630638,14040.036138,14040.051138,14040.630638,14045.634138,1,NaN,0,5.99999999999996,2,7,65,0.5
883,14047.450138,14046.373138,14046.620138,14047.450138,14053.214138,1,NaN,0,5.99999999999996,2,7,65,0.5
884,14058.562138,14057.793638,14057.975638,14058.509638,14062.252138,0,2.99999999999994,0.0299999999999997,5.99999999999996,2,7,65,0.5
885,14064.799638,14063.775138,14063.852638,14064.746638,14072.143138,1,2.99999999999994,0.0299999999999997,7.00000000000003,1,8,66,0.5
886,14073.426138,14072.667638,14072.844638,14073.373638,14080.585138,0,2.99999999999994,0.0299999999999997,5.99999999999996,2,7,65,0.5
887,14082.059138,14081.301638,14081.504138,14082.059138,14085.189638,0,NaN,0,7.00000000000003,1,8,66,0.5
888,14090.178638,14089.407638,14089.686138,14090.178638,14096.182138,0,NaN,0,7.00000000000003,1,8,66,0.5
889,14098.743138,14097.184638,14098.073138,14098.689638,14102.205638,1,2.99999999999994,0.0299999999999997,7.00000000000003,1,8,66,0.5
890,14104.074138,14103.232638,14103.502138,14104.071138,14108.177638,0,2.99999999999994,0.0299999999999997,5.99999999999996,2,7,65,0.5
891,14109.691138,14108.844638,14109.011638,14109.691138,14116.568138,1,NaN,0,5.99999999999996,2,7,65,0.5
892,14118.802638,14117.179138,14118.168638,14118.802638,14121.555138,0,NaN,0,7.00000000000003,1,8,66,0.5
893,14125.994138,14124.377638,14125.120638,14125.994138,14128.627138,0,NaN,0,7.00000000000003,1,8,66,0.5
894,14132.350138,14131.564638,14131.774138,14132.297638,14136.326638,0,2.99999999999994,0.0299999999999997,5.99999999999996,2,7,65,0.5
895,14138.053138,14137.107638,14137.207138,14138.053138,14155.428638,1,NaN,0,5.99999999999996,2,7,65,0.5
896,14157.029638,14156.160138,14156.506638,14157.029638,14164.800138,0,NaN,0,7.00000000000003,1,8,66,0.5
897,14323.034138,14321.791138,14322.312638,14322.981638,14328.541638,1,2.99999999999994,0.0299999999999997,7.00000000000003,1,8,66,0.5
898,14329.957638,14329.378638,14329.430138,14329.957638,14342.815138,0,NaN,0,7.00000000000003,1,8,66,0.5
899,14344.162638,14343.406138,14343.505138,14344.110138,14348.229638,0,2.99999999999994,0.0299999999999997,5.99999999999996,2,7,65,0.5
900,14349.698138,14348.756138,14348.933138,14349.698138,14356.643138,1,NaN,0,5.99999999999996,2,7,65,0.5
901,14359.637138,14357.713138,14358.431638,14359.584138,14363.190638,0,2.99999999999994,0.0299999999999997,5.99999999999996,2,7,65,0.5
902,14364.507638,14363.749138,14363.909638,14364.507638,14370.376638,1,NaN,0,5.99999999999996,2,7,65,0.5
903,14377.117638,14376.356138,14376.530138,14377.117638,14380.040138,0,NaN,0,7.00000000000003,1,8,66,0.5
904,14387.089638,14386.235638,14386.523138,14387.036638,14390.333638,0,2.99999999999994,0.0299999999999997,5.99999999999996,2,7,65,0.5
905,14392.394138,14391.216638,14391.354142,14392.341638,14399.771638,1,2.99999999999994,0.0299999999999997,7.00000000000003,1,8,66,0.5
906,14401.296638,14400.541138,14400.637138,14401.243638,14404.733638,0,2.99999999999994,0.0299999999999997,5.99999999999996,2,7,65,0.5
907,14406.963138,14405.705138,14405.885138,14406.960638,14412.908138,1,2.99999999999994,0.0299999999999997,7.00000000000003,1,8,66,0.5
908,14414.295638,14413.565638,14413.689138,14414.243138,14418.068638,0,2.99999999999994,0.0299999999999997,5.99999999999996,2,7,65,0.5
909,14420.466138,14419.424138,14419.550638,14420.466138,14422.162638,1,NaN,0,5.99999999999996,2,7,65,0.5
910,14427.963638,14426.704138,14427.281138,14427.911138,14431.056638,0,2.99999999999994,0.0299999999999997,5.99999999999996,2,7,65,0.5
911,14433.463638,14431.981138,14432.150138,14433.463638,14440.167638,1,NaN,0,5.99999999999996,2,7,65,0.5
912,14441.754138,14440.973138,14441.197138,14441.701638,14444.937138,0,2.99999999999994,0.0299999999999997,5.99999999999996,2,7,65,0.5
913,14446.756138,14445.658638,14445.905638,14446.756138,14452.204638,1,NaN,0,5.99999999999996,2,7,65,0.5
914,14457.333138,14456.725638,14456.890638,14457.333138,14464.199638,0,NaN,0,7.00000000000003,0,8,66,0.5
915,14466.004138,14464.721638,14465.363138,14465.951638,14468.485138,0,2.99999999999994,0.0299999999999997,5.99999999999996,2,7,65,0.5
916,14470.270138,14469.228138,14469.418638,14470.169138,14476.639638,1,NaN,0.00999999999999943,7.00000000000003,0,8,66,0.5
917,14479.232638,14478.185138,14478.643638,14479.180638,14482.223138,0,2.99999999999994,0.0299999999999997,5.99999999999996,2,7,65,0.5
918,14483.872138,14482.895139,14483.141138,14483.872138,14488.678638,1,NaN,0,5.99999999999996,0,7,65,0.5
919,14499.351138,14498.353138,14498.544638,14499.351138,14501.846138,1,NaN,0,5.99999999999996,2,7,65,0.5
920,14509.045638,14507.933138,14508.333638,14509.045638,14511.312638,1,NaN,0,5.99999999999996,2,7,65,0.5
921,14530.910638,14529.771138,14530.237138,14530.857638,14533.354138,0,2.99999999999994,0.0299999999999997,5.99999999999996,2,7,65,0.5
922,14551.347138,14550.366638,14550.471138,14551.294638,14780.131638,1,2.99999999999994,0.0299999999999997,7.00000000000003,1,8,66,0.5
923,14783.835138,14782.266638,14782.325638,14783.832138,14794.490638,1,2.99999999999994,0.0299999999999997,7.00000000000003,1,8,66,0.5
924,14796.510138,14795.860138,14795.895139,14796.510138,14814.776138,0,NaN,0,7.00000000000003,1,8,66,0.5
925,14816.058638,14815.521138,14815.613138,14816.058638,14828.808138,0,NaN,0,7.00000000000003,1,8,66,0.5
926,14830.348638,14829.267638,14829.416638,14830.345638,14841.126138,1,2.99999999999994,0.0299999999999997,7.00000000000003,1,8,66,0.5
927,14842.911139,14841.786638,14841.968638,14842.911139,14849.427638,1,NaN,0,5.99999999999996,0,7,65,0.5
928,14851.478638,14850.330638,14850.810638,14851.478638,14858.389638,1,NaN,0,5.99999999999996,2,7,65,0.5
929,14859.991138,14859.051138,14859.307638,14859.990138,14879.964638,0,NaN,0.00999999999999943,5.99999999999996,0,7,65,0.5
930,14882.609638,14881.841138,14881.889138,14882.609638,14885.810138,1,NaN,0,5.99999999999996,0,7,65,0.5
931,14891.666138,14889.801138,14889.963138,14891.613638,14894.677138,0,2.99999999999994,0.0299999999999997,5.99999999999996,2,7,65,0.5
932,14896.840638,14895.421138,14895.921638,14896.787638,14900.598638,1,2.99999999999994,0.0299999999999997,7.00000000000003,1,8,66,0.5
933,14901.990638,14901.190138,14901.325138,14901.937638,14905.568638,0,2.99999999999994,0.0299999999999997,5.99999999999996,2,7,65,0.5
934,14907.723138,14906.391138,14906.609638,14907.621638,14914.701138,1,NaN,0.00999999999999943,7.00000000000003,0,8,66,0.5
935,14916.965638,14915.474138,14916.236138,14916.864138,14918.222638,0,NaN,0.00999999999999943,5.99999999999996,0,7,65,0.5
936,14927.898138,14927.331138,14927.458138,14927.898138,14931.972138,0,NaN,0,7.00000000000003,0,8,66,0.5
937,14937.584638,14936.666638,14936.962638,14937.531638,14940.951638,0,2.99999999999994,0.0299999999999997,5.99999999999996,2,7,65,0.5
938,14942.811138,14941.671138,14941.814638,14942.758138,14945.790638,1,2.99999999999994,0.0299999999999997,7.00000000000003,1,8,66,0.5
939,14947.509638,14946.916138,14947.038638,14947.509638,14951.200138,0,NaN,0,7.00000000000003,0,8,66,0.5
940,14955.458638,14953.622638,14954.485638,14955.456138,14957.367138,1,2.99999999999994,0.0299999999999997,7.00000000000003,1,8,66,0.5
941,14961.125638,14959.802638,14960.256638,14961.124138,14967.420138,1,NaN,0.00999999999999943,7.00000000000003,0,8,66,0.5
942,14969.498638,14968.166138,14968.904138,14969.446138,15143.607138,0,2.99999999999994,0.0299999999999997,5.99999999999996,2,7,65,0.5
943,15183.377638,15182.027138,15182.140138,15183.325138,15210.906138,1,2.99999999999994,0.0299999999999997,7.00000000000003,1,8,66,0.5
944,15212.238138,15211.307638,15211.451138,15212.185138,15223.063138,1,2.99999999999994,0.0299999999999997,7.00000000000003,1,8,66,0.5
945,15225.005138,15224.027638,15224.244138,15225.005138,15240.411138,1,NaN,0,5.99999999999996,2,7,65,0.5
946,15242.164638,15240.998638,15241.122638,15242.164638,15245.476138,1,NaN,0,5.99999999999996,2,7,65,0.5
947,15251.574638,15250.854638,15250.939138,15251.574638,15258.148138,1,NaN,0,5.99999999999996,2,7,65,0.5
948,15260.207138,15258.855138,15259.260638,15260.154138,15263.062638,0,2.99999999999994,0.0299999999999997,5.99999999999996,2,7,65,0.5
949,15265.032138,15264.044138,15264.133138,15264.979638,15270.254138,1,2.99999999999994,0.0299999999999997,7.00000000000003,1,8,66,0.5
950,15271.631638,15270.909638,15271.011138,15271.579638,15279.442138,0,2.99999999999994,0.0299999999999997,5.99999999999996,2,7,65,0.5
951,15281.035138,15280.111638,15280.430138,15280.982638,15285.215138,0,2.99999999999994,0.0299999999999997,5.99999999999996,2,7,65,0.5
952,15288.293638,15287.013138,15287.461638,15288.241138,15299.039638,1,2.99999999999994,0.0299999999999997,7.00000000000003,1,8,66,0.5
953,15301.981138,15300.943138,15301.283638,15301.981138,15308.140138,1,NaN,0,5.99999999999996,2,7,65,0.5
954,15314.198638,15313.276638,15313.682638,15314.198638,15317.553138,0,NaN,0,7.00000000000003,1,8,66,0.5
955,15321.424638,15320.432638,15320.720638,15321.424638,15324.692138,0,NaN,0,7.00000000000003,1,8,66,0.5
956,15330.874138,15329.209638,15329.916638,15330.871638,15333.709638,0,2.99999999999994,0.0299999999999997,5.99999999999996,2,7,65,0.5
957,15335.643638,15334.395138,15335.002638,15335.643638,15341.782638,1,NaN,0,5.99999999999996,2,7,65,0.5
958,15345.522638,15344.522138,15344.834138,15345.469638,15349.648638,1,2.99999999999994,0.0299999999999997,7.00000000000003,1,8,66,0.5
959,15351.273138,15350.568638,15350.755138,15351.273138,15356.504638,0,NaN,0,7.00000000000003,1,8,66,0.5
960,15358.029638,15357.032138,15357.179638,15358.029638,15617.257138,1,NaN,0,5.99999999999996,2,7,65,0.5
961,15626.348138,15625.611138,15625.801638,15626.348138,15630.377138,0,NaN,0,7.00000000000003,1,8,66,0.5
962,15636.167138,15635.210138,15635.645638,15636.167138,15641.187138,0,NaN,0,7.00000000000003,1,8,66,0.5
963,15643.658138,15642.774138,15643.008138,15643.605138,15646.160638,0,2.99999999999994,0.0299999999999997,5.99999999999996,2,7,65,0.5
964,15648.070638,15646.940138,15647.160138,15648.017138,15655.093138,1,2.99999999999994,0.0299999999999997,7.00000000000003,1,8,66,0.5
965,15657.300138,15656.004638,15656.311138,15657.247638,15663.577138,1,2.99999999999994,0.0299999999999997,7.00000000000003,1,8,66,0.5
966,15665.116138,15664.385638,15664.515138,15665.014638,15669.709638,0,NaN,0.00999999999999943,5.99999999999996,0,7,65,0.5
967,15673.884638,15672.759638,15673.099638,15673.832138,15681.703638,1,2.99999999999994,0.0299999999999997,7.00000000000003,1,8,66,0.5
968,15683.723138,15682.628638,15683.109138,15683.723138,15687.386638,0,NaN,0,7.00000000000003,1,8,66,0.5
969,15691.882138,15690.843638,15691.182638,15691.882138,15702.648138,0,NaN,0,7.00000000000003,0,8,66,0.5
970,15716.557138,15715.876138,15715.935138,15716.557138,15719.454138,0,NaN,0,7.00000000000003,1,8,66,0.5
971,15728.542638,15727.793138,15727.869138,15728.490138,15732.316638,0,2.99999999999994,0.0299999999999997,5.99999999999996,2,7,65,0.5
972,15734.472138,15733.285638,15733.425138,15734.470138,15741.600138,1,2.99999999999994,0.0299999999999997,7.00000000000003,1,8,66,0.5
973,15742.917138,15742.224638,15742.273138,15742.917138,15747.263638,0,NaN,0,7.00000000000003,1,8,66,0.5
974,15751.138138,15750.120638,15750.450638,15751.135638,15760.185638,1,2.99999999999994,0.0299999999999997,7.00000000000003,1,8,66,0.5
975,15761.676638,15760.845638,15760.917638,15761.623138,15765.458638,0,2.99999999999994,0.0299999999999997,5.99999999999996,2,7,65,0.5
976,15767.860638,15767.052638,15767.076638,15767.860638,15771.170638,1,NaN,0,5.99999999999996,0,7,65,0.5
977,15777.235138,15776.135138,15776.240138,15777.182638,15786.156638,1,2.99999999999994,0.0299999999999997,7.00000000000003,1,8,66,0.5
978,15787.590138,15786.764638,15786.935638,15787.590138,15798.308638,0,NaN,0,7.00000000000003,1,8,66,0.5
979,15800.305638,15799.013138,15799.297138,15800.305638,15820.301138,1,NaN,0,5.99999999999996,2,7,65,0.5
980,15822.361138,15821.174638,15821.676638,15822.361138,15826.674638,0,NaN,0,7.00000000000003,1,8,66,0.5
981,15829.095638,15827.820138,15828.443638,15829.042638,15832.023638,0,2.99999999999994,0.0299999999999997,5.99999999999996,2,7,65,0.5
982,15833.882138,15832.853638,15833.032638,15833.882138,15837.075138,1,NaN,0,5.99999999999996,2,7,65,0.5
983,15853.964638,15852.877638,15853.249139,15853.964638,15854.611139,0,NaN,0,7.00000000000003,1,8,66,0.5
984,15884.248638,15883.043138,15883.627638,15884.248638,15890.403138,0,NaN,0,7.00000000000003,1,8,66,0.5
985,15897.194638,15896.300138,15896.675638,15897.194638,15899.938138,0,NaN,0,7.00000000000003,1,8,66,0.5
986,15904.476638,15903.239138,15903.786138,15904.476638,15909.356638,0,NaN,0,7.00000000000003,1,8,66,0.5
987,15917.765638,15916.506138,15917.049138,15917.712638,15923.216138,0,2.99999999999994,0.0299999999999997,5.99999999999996,2,7,65,0.5
988,15924.907138,15923.774138,15923.953638,15924.907138,15927.803138,1,NaN,0,5.99999999999996,2,7,65,0.5
989,15939.113638,15937.953638,15938.113138,15939.061138,15941.337138,1,2.99999999999994,0.0299999999999997,7.00000000000003,1,8,66,0.5
990,15943.219638,15942.491638,15942.655138,15943.219638,15946.814638,0,NaN,0,7.00000000000003,1,8,66,0.5
991,15949.907638,15948.629638,15949.297638,15949.854638,15955.436638,0,2.99999999999994,0.0299999999999997,5.99999999999996,2,7,65,0.5
992,15956.763138,15955.988638,15956.237638,15956.763138,15959.557138,0,NaN,0,7.00000000000003,1,8,66,0.5
993,15968.739638,15967.934638,15968.163638,15968.687138,15971.560638,0,2.99999999999994,0.0299999999999997,5.99999999999996,2,7,65,0.5
994,15973.488138,15972.205638,15972.496138,15973.435638,15981.721638,1,2.99999999999994,0.0299999999999997,7.00000000000003,1,8,66,0.5
995,15983.081638,15982.368638,15982.522138,15983.081638,15987.841138,0,NaN,0,7.00000000000003,1,8,66,0.5
996,15992.781638,15991.880138,15992.148638,15992.778638,15996.617639,0,2.99999999999994,0.0299999999999997,5.99999999999996,2,7,65,0.5
997,15998.317138,15997.178638,15997.393138,15998.317138,16001.354138,1,NaN,0,5.99999999999996,2,7,65,0.5
998,16007.968138,16007.056138,16007.199138,16007.965138,16012.929638,1,2.99999999999994,0.0299999999999997,7.00000000000003,1,8,66,0.5
999,16014.242138,16013.479638,16013.660638,16014.242138,16017.812138,0,NaN,0,7.00000000000003,1,8,66,0.5
1000,16021.722138,16020.805638,16021.115638,16021.669638,16024.214138,0,2.99999999999994,0.0299999999999997,5.99999999999996,2,7,65,0.5
1001,16026.195638,16024.955638,16025.167138,16026.142638,16033.034138,1,2.99999999999994,0.0299999999999997,7.00000000000003,1,8,66,0.5
1002,16034.439138,16033.629138,16033.756638,16034.439138,16038.480138,0,NaN,0,7.00000000000003,1,8,66,0.5
1003,16042.291638,16040.867638,16041.429638,16042.291638,16048.441638,1,NaN,0,5.99999999999996,2,7,65,0.5
1004,16053.002638,16052.338638,16052.526638,16053.002638,16056.173638,0,NaN,0,7.00000000000003,1,8,66,0.5
1005,16059.301138,16058.424138,16058.792638,16059.301138,16062.498638,0,NaN,0,7.00000000000003,1,8,66,0.5
1006,16065.857138,16064.949638,16065.303138,16065.857138,16072.424638,0,NaN,0,7.00000000000003,1,8,66,0.5
1007,16074.469138,16073.056638,16073.805138,16074.469138,16080.790638,0,NaN,0,7.00000000000003,1,8,66,0.5
1008,16084.367138,16083.182138,16083.613138,16084.314638,16088.082138,1,2.99999999999994,0.0299999999999997,7.00000000000003,1,8,66,0.5
1009,16089.980138,16088.958138,16089.166638,16089.980138,16099.304138,0,NaN,0,7.00000000000003,1,8,66,0.5
1010,16103.974638,16103.17014,16103.196639,16103.974638,16111.047638,1,NaN,0,5.99999999999996,2,7,65,0.5
1011,16116.259138,16115.431638,16115.660138,16116.259138,16119.426138,0,NaN,0,7.00000000000003,1,8,66,0.5
1012,16124.460138,16123.708138,16123.889138,16124.460138,16141.734638,0,NaN,0,7.00000000000003,1,8,66,0.5
1013,16144.362638,16143.553138,16143.738138,16144.309638,16148.014138,0,2.99999999999994,0.0299999999999997,5.99999999999996,2,7,65,0.5
1014,16150.719138,16149.781638,16149.823638,16150.666638,16159.376638,1,2.99999999999994,0.0299999999999997,7.00000000000003,1,8,66,0.5
1015,16160.742638,16159.995638,16160.095638,16160.742638,16165.326138,0,NaN,0,7.00000000000003,1,8,66,0.5
1016,16167.003638,16166.163138,16166.360638,16167.000638,16171.081638,0,2.99999999999994,0.0299999999999997,5.99999999999996,2,7,65,0.5
1017,16173.145638,16171.962138,16172.159138,16173.092638,16179.642638,1,2.99999999999994,0.0299999999999997,7.00000000000003,1,8,66,0.5
1018,16181.387138,16180.560638,16180.786138,16181.387138,16278.491138,0,NaN,0,7.00000000000003,1,8,66,0.5
1019,16284.936638,16283.687138,16284.142638,16284.936638,16288.224638,0,NaN,0,7.00000000000003,1,8,66,0.5
1020,16292.233638,16291.422638,16291.741138,16292.233638,16296.299138,0,NaN,0,7.00000000000003,0,8,66,0.5
1021,16299.344638,16298.545138,16298.665638,16299.344638,16299.802638,0,NaN,0,7.00000000000003,1,8,66,0.5
1022,16311.225138,16310.190638,16310.243638,16311.225138,16315.254138,0,NaN,0,7.00000000000003,1,8,66,0.5
1023,16319.272138,16318.314638,16318.513138,16319.270138,16323.471638,0,2.99999999999994,0.0299999999999997,5.99999999999996,2,7,65,0.5
1024,16325.808138,16324.476138,16324.527138,16325.707138,16332.434638,1,NaN,0.00999999999999943,7.00000000000003,0,8,66,0.5
1025,16336.162638,16335.336638,16335.389638,16336.162638,16340.407638,0,NaN,0,7.00000000000003,1,8,66,0.5
1026,16344.645138,16343.953638,16344.151638,16344.645138,16351.628638,0,NaN,0,7.00000000000003,1,8,66,0.5
1027,16355.904638,16354.802138,16355.024638,16355.902138,16361.084638,1,2.99999999999994,0.0299999999999997,7.00000000000003,1,8,66,0.5
1028,16362.354638,16361.576638,16361.758638,16362.301638,16365.229638,0,2.99999999999994,0.0299999999999997,5.99999999999996,2,7,65,0.5
1029,16367.018138,16366.037638,16366.193138,16366.965638,16373.290138,1,2.99999999999994,0.0299999999999997,7.00000000000003,1,8,66,0.5
1030,16375.600138,16374.851138,16375.010138,16375.600138,16376.601638,0,NaN,0,7.00000000000003,1,8,66,0.5
1031,16385.005638,16384.108638,16384.209638,16384.904138,16435.950638,0,NaN,0.00999999999999943,5.99999999999996,0,7,65,0.5
1032,16438.447138,16437.151638,16437.883638,16438.447138,16439.110138,0,NaN,0,7.00000000000003,1,8,66,0.5
1033,16445.468138,16444.224638,16444.451638,16445.468138,16449.075638,1,NaN,0,5.99999999999996,2,7,65,0.5
1034,16452.740138,16451.719138,16452.060138,16452.740138,16455.685138,1,NaN,0,5.99999999999996,2,7,65,0.5
1035,16460.345638,16459.507138,16459.625138,16460.345638,16465.097638,1,NaN,0,5.99999999999996,2,7,65,0.5
1036,16468.376138,16467.376138,16467.790638,16468.323138,16472.216638,0,2.99999999999994,0.0299999999999997,5.99999999999996,2,7,65,0.5
1037,16474.037638,16472.953138,16473.088638,16473.985138,16479.424138,1,2.99999999999994,0.0299999999999997,7.00000000000003,1,8,66,0.5
1038,16481.121638,16480.381138,16480.493138,16481.069138,16485.057638,0,2.99999999999994,0.0299999999999997,5.99999999999996,2,7,65,0.5
1039,16486.889638,16486.174138,16486.242638,16486.889638,16491.619138,1,NaN,0,5.99999999999996,2,7,65,0.5
1040,16493.377138,16492.391638,16492.771638,16493.374638,16496.357138,0,2.99999999999994,0.0299999999999997,5.99999999999996,2,7,65,0.5
1041,16498.336638,16497.306638,16497.433138,16498.283638,16503.979138,1,2.99999999999994,0.0299999999999997,7.00000000000003,1,8,66,0.5
1042,16505.348138,16504.674138,16504.795138,16505.345638,16513.631638,0,2.99999999999994,0.0299999999999997,5.99999999999996,2,7,65,0.5
1043,16515.155138,16514.252138,16514.290638,16515.102638,16520.322138,0,2.99999999999994,0.0299999999999997,5.99999999999996,2,7,65,0.5
1044,16522.781138,16521.412138,16521.475638,16522.778638,16528.020138,1,2.99999999999994,0.0299999999999997,7.00000000000003,1,8,66,0.5
1045,16529.828638,16528.957138,16529.235638,16529.826138,16534.150638,0,2.99999999999994,0.0299999999999997,5.99999999999996,2,7,65,0.5
1046,16536.460138,16535.425138,16535.543138,16536.407638,16540.946638,1,2.99999999999994,0.0299999999999997,7.00000000000003,1,8,66,0.5
1047,16543.005138,16542.157638,16542.512138,16543.005138,16548.693638,0,NaN,0,7.00000000000003,1,8,66,0.5
1048,16557.358638,16556.294138,16556.546138,16557.306138,16568.734138,0,2.99999999999994,0.0299999999999997,5.99999999999996,2,7,65,0.5
1049,16570.944638,16570.159638,16570.327638,16570.944638,16575.514638,0,NaN,0,7.00000000000003,1,8,66,0.5
1050,16577.583138,16576.648638,16576.977138,16577.583138,16580.231138,0,NaN,0,7.00000000000003,1,8,66,0.5
1051,16603.305138,16602.366638,16602.461138,16603.252638,16608.497638,0,2.99999999999994,0.0299999999999997,5.99999999999996,2,7,65,0.5
1052,16655.463638,16654.685638,16654.796638,16655.463638,16662.547138,0,NaN,0,7.00000000000003,1,8,66,0.5
1053,16664.804638,16663.912138,16664.021638,16664.802138,16666.199638,1,2.99999999999994,0.0299999999999997,7.00000000000003,1,8,66,0.5
1054,16667.599138,16666.792138,16666.930638,16667.599138,16674.459138,0,NaN,0,7.00000000000003,1,8,66,0.5
1055,16680.234138,16678.851638,16679.043638,16680.234138,16681.313138,1,NaN,0,5.99999999999996,2,7,65,0.5
1056,16688.987138,16688.294638,16688.383638,16688.987138,16692.544138,0,NaN,0,7.00000000000003,1,8,66,0.5
1057,16701.566138,16700.936638,16701.042638,16701.566138,16709.452638,0,NaN,0,7.00000000000003,1,8,66,0.5
1058,16721.372638,16720.597638,16720.775638,16721.320638,16724.539138,0,2.99999999999994,0.0299999999999997,5.99999999999996,2,7,65,0.5
1059,16726.966138,16725.855138,16725.883638,16726.966138,16728.314638,1,NaN,0,5.99999999999996,2,7,65,0.5
1060,16733.583138,16732.728638,16732.927143,16733.530638,16740.538638,0,2.99999999999994,0.0299999999999997,5.99999999999996,2,7,65,0.5
1061,16741.93714,16741.222138,16741.358138,16741.93714,16744.990638,0,NaN,0,7.00000000000003,1,8,66,0.5
1062,16750.084638,16749.106638,16749.420138,16750.084638,16756.566638,0,NaN,0,7.00000000000003,1,8,66,0.5
1063,16758.822638,16757.600638,16758.251638,16758.769638,16760.378138,0,2.99999999999994,0.0299999999999997,5.99999999999996,2,7,65,0.5
1064,16762.302139,16760.992638,16761.515638,16762.250138,16763.714138,1,2.99999999999994,0.0299999999999997,7.00000000000003,1,8,66,0.5
1065,16765.303638,16764.464138,16764.720638,16765.251138,16768.962638,0,2.99999999999994,0.0299999999999997,5.99999999999996,2,7,65,0.5
1066,16771.286138,16770.143638,16770.303638,16771.286138,16778.236138,1,NaN,0,5.99999999999996,2,7,65,0.5
1067,16779.938638,16779.023138,16779.359638,16779.938638,16786.617138,0,NaN,0,7.00000000000003,1,8,66,0.5
1068,16788.984638,16787.727139,16788.172638,16788.984638,16794.320638,1,NaN,0,5.99999999999996,2,7,65,0.5
1069,16800.740138,16799.030638,16799.729138,16800.687138,16808.367138,1,2.99999999999994,0.0299999999999997,7.00000000000003,1,8,66,0.5
1070,16810.086138,16809.329638,16809.492138,16810.086138,16814.379138,0,NaN,0,7.00000000000003,1,8,66,0.5
1071,16819.132138,16818.189638,16818.483638,16819.078638,16823.890138,0,2.99999999999994,0.0299999999999997,5.99999999999996,2,7,65,0.5
1072,16825.557638,16824.468638,16824.656638,16825.504638,16834.167138,1,2.99999999999994,0.0299999999999997,7.00000000000003,1,8,66,0.5
1073,16836.844138,16835.571138,16835.959638,16836.791638,16843.202138,1,2.99999999999994,0.0299999999999997,7.00000000000003,1,8,66,0.5
1074,16845.042138,16844.283638,16844.527138,16845.042138,16848.675138,0,NaN,0,7.00000000000003,0,8,66,0.5
1075,16856.487638,16855.369638,16855.856638,16856.434638,16860.020638,0,2.99999999999994,0.0299999999999997,5.99999999999996,2,7,65,0.5
1076,16861.719638,16860.716138,16860.825638,16861.717138,16867.525638,1,2.99999999999994,0.0299999999999997,7.00000000000003,1,8,66,0.5
1077,16868.924638,16868.143138,16868.307138,16868.924638,16877.362138,0,NaN,0,7.00000000000003,0,8,66,0.5
1078,16879.469138,16878.194138,16878.536138,16879.469138,16886.660638,1,NaN,0,5.99999999999996,2,7,65,0.5
1079,16888.282638,16887.138638,16887.377638,16888.282638,16890.868638,1,NaN,0,5.99999999999996,2,7,65,0.5
1080,16896.687638,16895.923138,16895.991638,16896.687638,16907.258638,1,NaN,0,5.99999999999996,2,7,65,0.5
1081,16908.976638,16907.950138,16908.402138,16908.976638,16917.312638,0,NaN,0,7.00000000000003,1,8,66,0.5
1082,16921.012638,16920.296638,16920.513138,16920.960138,16924.612138,0,2.99999999999994,0.0299999999999997,5.99999999999996,2,7,65,0.5
1083,16926.711138,16925.221138,16925.421138,16926.711138,16930.108638,1,NaN,0,5.99999999999996,2,7,65,0.5
1084,16936.272138,16935.397638,16935.678138,16936.272138,17197.086638,0,NaN,0,7.00000000000003,0,8,66,0.5
1085,17198.893638,17197.873638,17198.092138,17198.892638,17205.563138,0,NaN,0.00999999999999943,5.99999999999996,0,7,65,0.5
1086,17280.784138,17279.671638,17279.757638,17280.782138,17296.573638,0,2.99999999999994,0.0299999999999997,5.99999999999996,2,7,65,0.5
1087,17299.197638,17298.620638,17298.747139,17299.197638,17302.961138,0,NaN,0,7.00000000000003,1,8,66,0.5
1088,17306.364138,17305.591138,17305.728638,17306.364138,17310.321138,0,NaN,0,7.00000000000003,1,8,66,0.5
1089,17313.584638,17312.338138,17312.870638,17313.584638,17315.869138,0,NaN,0,7.00000000000003,0,8,66,0.5
1090,17320.427138,17319.299138,17319.744138,17320.424638,17322.115138,0,2.99999999999994,0.0299999999999997,5.99999999999996,2,7,65,0.5
1091,17323.754138,17322.582638,17322.822138,17323.754138,17324.013138,1,NaN,0,5.99999999999996,2,7,65,0.5
1092,17333.216138,17331.662138,17331.900638,17333.163138,17338.340138,1,2.99999999999994,0.0299999999999997,7.00000000000003,1,8,66,0.5
1093,17340.297638,17339.603138,17339.711638,17340.295138,17344.719638,0,2.99999999999994,0.0299999999999997,5.99999999999996,2,7,65,0.5
1094,17347.344138,17346.277138,17346.463138,17347.291638,17355.913138,1,2.99999999999994,0.0299999999999997,7.00000000000003,1,8,66,0.5
1095,17357.402638,17356.657138,17356.745638,17357.350138,NaN,0,2.99999999999994,0.0299999999999997,5.99999999999996,2,7,65,0.5
