trial,outcome,center_in,center_out,side_in,last_side_out,actions,reward,trial_types,odors,port_side,schedule,odor_name,odor_dur
1,2368.245372,2367.709213,2367.752207,2368.243044,2393.991935,1,2.99999999999994,0.0299999999999997,7.00000000000003,1,6,66,0.5
2,2395.536597,2394.3891,2394.785272,2395.484269,2407.979385,0,2.99999999999994,0.0299999999999997,5.99999999999996,2,5,65,0.5
3,2408.984715,2408.363717,2408.422045,2408.984715,2414.78002,1,NaN,0,5.99999999999996,2,5,65,0.5
4,2416.235519,2415.331017,2415.489022,2416.235519,2422.598154,0,NaN,0,7.00000000000003,1,6,66,0.5
5,2424.735646,2424.006982,2424.152815,2424.735646,2438.58059,0,NaN,0,7.00000000000003,1,6,66,0.5
6,2443.903903,2443.371238,2443.483071,2443.862569,2454.62086,0,2.99999999999994,0.0299999999999997,5.99999999999996,2,5,65,0.5
7,2456.709852,2455.924027,2456.098026,2456.608518,2474.980778,1,NaN,0.00999999999999943,7.00000000000003,0,6,66,0.5
8,2476.203107,2475.421616,2475.689276,2476.203107,2501.067346,0,NaN,0,7.00000000000003,1,6,66,0.5
9,2503.185671,2502.267669,2502.605674,2503.185671,2508.244318,0,NaN,0,7.00000000000003,1,6,66,0.5
10,2511.294633,2510.423476,2510.728808,2511.294633,2518.791609,0,NaN,0,7.00000000000003,1,6,66,0.5
11,2520.114264,2519.228602,2519.382935,2520.114264,2524.990578,0,NaN,0,7.00000000000003,1,6,66,0.5
12,2526.879071,2525.624409,2526.206407,2526.876904,2537.705361,0,1.99999999999996,0.0200000000000003,5.99999999999996,2,5,65,0.5
13,2539.818853,2539.055022,2539.315355,2539.818853,2557.777953,0,NaN,0,7.00000000000003,1,6,66,0.5
14,2560.41177,2559.630773,2559.886105,2560.41177,2567.726413,0,NaN,0,7.00000000000003,1,6,66,0.5
15,2569.733066,2568.827069,2569.124735,2569.733066,2586.252506,0,NaN,0,7.00000000000003,1,6,66,0.5
16,2587.911994,2586.696331,2587.269668,2587.859666,2600.991113,0,1.99999999999996,0.0200000000000003,5.99999999999996,2,5,65,0.5
17,2603.199932,2602.255108,2602.553101,2603.199932,2608.976576,0,NaN,0,7.00000000000003,1,6,66,0.5
18,2610.103905,2609.328913,2609.581074,2610.103905,2619.324201,0,NaN,0,7.00000000000003,1,6,66,0.5
19,2625.869514,2624.718185,2625.177844,2625.817175,2632.23765,0,1.99999999999996,0.0200000000000003,5.99999999999996,2,5,65,0.5
20,2633.752816,2632.806486,2633.166979,2633.700643,2644.767266,1,1.99999999999996,0.0200000000000003,7.00000000000003,1,6,66,0.5
21,2646.643598,2645.629102,2645.891262,2646.591258,2652.562234,1,1.99999999999996,0.0200000000000003,7.00000000000003,1,6,66,0.5
22,2655.325557,2653.348898,2653.830396,2655.323229,2671.190333,0,1.99999999999996,0.0200000000000003,5.99999999999996,2,5,65,0.5
23,2673.053986,2671.999663,2672.325656,2673.053986,2677.199636,0,NaN,0,7.00000000000003,1,6,66,0.5
24,2688.346597,2687.474261,2687.697927,2688.294425,2690.359589,1,1.99999999999996,0.0200000000000003,7.00000000000003,1,6,66,0.5
25,2691.89275,2690.913754,2691.213753,2691.840411,2694.975399,1,1.99999999999996,0.0200000000000003,7.00000000000003,1,6,66,0.5
26,2696.881058,2695.754729,2696.1269,2696.878891,2705.310857,0,1.99999999999996,0.0200000000000003,5.99999999999996,2,5,65,0.5
27,2707.321183,2705.816188,2706.295186,2707.268855,2709.077676,1,1.99999999999996,0.0200000000000003,7.00000000000003,1,6,66,0.5
28,2711.992503,2709.682512,2710.051004,2711.940164,2721.447298,1,1.99999999999996,0.0200000000000003,7.00000000000003,1,6,66,0.5
29,2723.319291,2722.333955,2722.75996,2723.267118,2729.809932,0,1.99999999999996,0.0200000000000003,5.99999999999996,2,5,65,0.5
30,2731.468425,2730.626428,2730.814594,2731.466258,2737.787561,1,1.99999999999996,0.0200000000000003,7.00000000000003,1,6,66,0.5
31,2739.523221,2738.46773,2738.868229,2739.470893,2749.799679,0,1.99999999999996,0.0200000000000003,5.99999999999996,2,5,65,0.5
32,2751.22034,2750.327843,2750.547509,2751.167841,2757.099989,1,1.99999999999996,0.0200000000000003,7.00000000000003,1,6,66,0.5
33,2758.659811,2757.736486,2757.972479,2758.607483,2763.410964,1,1.99999999999996,0.0200000000000003,7.00000000000003,1,6,66,0.5
34,2765.126285,2764.194794,2764.563453,2765.073785,2771.529425,0,1.99999999999996,0.0200000000000003,5.99999999999996,2,5,65,0.5
35,2773.059592,2772.165757,2772.351095,2773.057425,2779.671227,1,1.99999999999996,0.0200000000000003,7.00000000000003,1,6,66,0.5
36,2781.212221,2780.250558,2780.554056,2781.159721,2788.404864,0,1.99999999999996,0.0200000000000003,5.99999999999996,2,5,65,0.5
37,2790.31635,2789.570026,2789.74002,2790.31635,2796.026833,1,NaN,0,5.99999999999996,2,5,65,0.5
38,2799.624814,2798.497151,2798.909816,2799.623652,2814.836585,0,NaN,0.00999999999999943,5.99999999999996,0,5,65,0.5
39,2816.550912,2815.298084,2815.518583,2816.498413,2825.700381,1,1.99999999999996,0.0200000000000003,7.00000000000003,1,6,66,0.5
40,2827.109704,2826.277379,2826.495878,2827.057376,2833.363845,1,1.99999999999996,0.0200000000000003,7.00000000000003,1,6,66,0.5
41,2834.899511,2833.970342,2834.27968,2834.899511,2837.191163,1,NaN,0,5.99999999999996,2,5,65,0.5
42,2843.708637,2842.718813,2843.104478,2843.656143,2849.785946,0,1.99999999999996,0.0200000000000003,5.99999999999996,2,5,65,0.5
43,2851.171113,2850.520943,2850.615943,2851.171113,2856.35192,1,NaN,0,5.99999999999996,2,5,65,0.5
44,2859.469579,2858.666577,2858.977409,2859.41724,2861.439232,0,1.99999999999996,0.0200000000000003,5.99999999999996,2,5,65,0.5
45,2862.903727,2861.935398,2862.275562,2862.851227,2867.363048,1,1.99999999999996,0.0200000000000003,7.00000000000003,1,6,66,0.5
46,2869.625034,2868.536037,2868.880209,2869.572867,2881.264826,0,1.99999999999996,0.0200000000000003,5.99999999999996,2,5,65,0.5
47,2883.520978,2882.69882,2882.850319,2883.46865,2888.341625,1,1.99999999999996,0.0200000000000003,7.00000000000003,1,6,66,0.5
48,2889.706125,2888.981295,2889.196955,2889.653786,2893.037945,1,1.99999999999996,0.0200000000000003,7.00000000000003,1,6,66,0.5
49,2894.551273,2893.734942,2894.037102,2894.551273,2901.12958,1,NaN,0,5.99999999999996,2,5,65,0.5
50,2904.030568,2901.585072,2901.819577,2903.978235,2908.05288,1,1.99999999999996,0.0200000000000003,7.00000000000003,1,6,66,0.5
51,2909.677879,2908.949376,2909.084876,2909.677879,2914.506526,1,NaN,0,5.99999999999996,2,5,65,0.5
52,2919.556006,2918.804509,2918.953336,2919.45484,2931.527458,1,NaN,0.00999999999999943,7.00000000000003,0,6,66,0.5
53,2932.964952,2932.004289,2932.25445,2932.964952,2949.139048,0,NaN,0,7.00000000000003,1,6,66,0.5
54,2950.784375,2949.927712,2950.177377,2950.784375,2961.420672,1,NaN,0,5.99999999999996,2,5,65,0.5
55,2963.83899,2962.72266,2963.183659,2963.786662,2965.874654,0,1.99999999999996,0.0200000000000003,5.99999999999996,2,5,65,0.5
56,2967.391648,2966.518151,2966.798978,2967.339475,2969.793638,1,1.99999999999996,0.0200000000000003,7.00000000000003,1,6,66,0.5
57,2971.694792,2970.515129,2970.729628,2971.642464,2973.609284,1,1.99999999999996,0.0200000000000003,7.00000000000003,1,6,66,0.5
58,2975.13895,2974.185949,2974.576119,2975.086784,2981.972256,0,1.99999999999996,0.0200000000000003,5.99999999999996,2,5,65,0.5
59,2983.58091,2982.700414,2982.86008,2983.58091,2992.272042,1,NaN,0,5.99999999999996,2,5,65,0.5
60,2993.539043,2992.716547,2992.988207,2993.539043,3018.405104,0,NaN,0,7.00000000000003,1,6,66,0.5
61,3020.365597,3019.385434,3019.741766,3020.313269,3028.44907,0,1.99999999999996,0.0200000000000003,5.99999999999996,2,5,65,0.5
62,3030.035225,3028.930068,3029.395227,3030.035225,3037.009031,1,NaN,0,5.99999999999996,0,5,65,0.5
63,3038.355359,3037.413201,3037.634367,3038.353191,3048.354819,0,1.99999999999996,0.0200000000000003,5.99999999999996,2,5,65,0.5
64,3049.703985,3049.012316,3049.193315,3049.651646,3055.929788,1,1.99999999999996,0.0200000000000003,7.00000000000003,1,6,66,0.5
65,3058.010447,3056.655124,3056.883784,3057.958113,3070.260564,1,1.99999999999996,0.0200000000000003,7.00000000000003,1,6,66,0.5
66,3071.843891,3070.788401,3071.168561,3071.791564,3080.047364,0,1.99999999999996,0.0200000000000003,5.99999999999996,2,5,65,0.5
67,3082.028523,3081.447692,3081.459025,3082.028523,3084.184347,1,NaN,0,5.99999999999996,2,5,65,0.5
68,3089.892152,3088.643157,3089.071828,3089.790825,3144.899598,0,NaN,0.00999999999999943,5.99999999999996,0,5,65,0.5
69,3147.776087,3146.915924,3147.172756,3147.776087,3155.503723,1,NaN,0,5.99999999999996,2,5,65,0.5
70,3157.583215,3156.812051,3157.007556,3157.530887,3161.708531,1,1.99999999999996,0.0200000000000003,7.00000000000003,1,6,66,0.5
71,3163.358525,3162.363029,3162.603534,3163.306197,3167.271842,1,1.99999999999996,0.0200000000000003,7.00000000000003,1,6,66,0.5
72,3168.86917,3167.898006,3168.277505,3168.81667,3175.622642,0,1.99999999999996,0.0200000000000003,5.99999999999996,2,5,65,0.5
73,3176.740972,3176.073808,3176.226646,3176.740972,3180.709628,1,NaN,0,5.99999999999996,2,5,65,0.5
74,3183.762949,3182.77462,3183.141118,3183.710616,3192.314409,0,1.99999999999996,0.0200000000000003,5.99999999999996,2,5,65,0.5
75,3194.502406,3193.616243,3193.903236,3194.450067,3201.416872,1,1.99999999999996,0.0200000000000003,7.00000000000003,1,6,66,0.5
76,3203.033866,3202.022709,3202.334375,3203.033866,3214.251655,1,NaN,0,5.99999999999996,2,5,65,0.5
77,3215.695655,3214.811485,3215.182317,3215.643321,3225.340777,0,1.99999999999996,0.0200000000000003,5.99999999999996,2,5,65,0.5
78,3227.154609,3225.965774,3226.468439,3227.10227,3235.672069,1,1.99999999999996,0.0200000000000003,7.00000000000003,1,6,66,0.5
79,3237.306735,3236.399238,3236.707565,3237.306735,3242.530708,1,NaN,0,5.99999999999996,2,5,65,0.5
80,3244.196868,3243.148545,3243.551876,3244.144535,3251.619678,0,1.99999999999996,0.0200000000000003,5.99999999999996,2,5,65,0.5
81,3253.53217,3252.352003,3252.823173,3253.53217,3269.401106,1,NaN,0,5.99999999999996,2,5,65,0.5
82,3271.83293,3270.857595,3271.237427,3271.780591,3282.022051,0,1.99999999999996,0.0200000000000003,5.99999999999996,2,5,65,0.5
83,3285.277537,3284.528207,3284.669045,3285.277537,3291.131853,1,NaN,0,5.99999999999996,2,5,65,0.5
84,3292.724008,3291.642851,3291.950177,3292.724008,3298.908822,0,NaN,0,7.00000000000003,1,6,66,0.5
85,3301.869638,3300.935147,3301.291812,3301.86731,3308.75211,0,1.99999999999996,0.0200000000000003,5.99999999999996,2,5,65,0.5
86,3310.708603,3309.42878,3310.020777,3310.656269,3316.644917,1,1.99999999999996,0.0200000000000003,7.00000000000003,1,6,66,0.5
87,3318.147578,3317.208909,3317.509747,3318.09524,3324.884712,1,1.99999999999996,0.0200000000000003,7.00000000000003,1,6,66,0.5
88,3326.314373,3325.439549,3325.762381,3326.262046,3337.645327,0,1.99999999999996,0.0200000000000003,5.99999999999996,2,5,65,0.5
89,3339.574154,3338.814489,3339.021989,3339.521826,3343.931136,1,1.99999999999996,0.0200000000000003,7.00000000000003,1,6,66,0.5
90,3345.450802,3344.496633,3344.861966,3345.39863,3350.477276,0,1.99999999999996,0.0200000000000003,5.99999999999996,2,5,65,0.5
91,3351.981609,3351.118107,3351.364439,3351.92927,3356.441758,1,1.99999999999996,0.0200000000000003,7.00000000000003,1,6,66,0.5
92,3357.875247,3357.000417,3357.262755,3357.875247,3365.128223,1,NaN,0,5.99999999999996,2,5,65,0.5
93,3366.450052,3365.56805,3365.915382,3366.397718,3376.528505,0,1.99999999999996,0.0200000000000003,5.99999999999996,2,5,65,0.5
94,3378.390337,3377.195169,3377.702001,3378.38817,3382.991152,1,1.99999999999996,0.0200000000000003,7.00000000000003,1,6,66,0.5
95,3384.339808,3383.512644,3383.740643,3384.339808,3387.608962,1,NaN,0,5.99999999999996,2,5,65,0.5
96,3393.357105,3392.381775,3392.69528,3393.354938,3401.093907,0,1.99999999999996,0.0200000000000003,5.99999999999996,2,5,65,0.5
97,3403.169238,3402.156237,3402.494401,3403.117066,3405.106558,1,1.99999999999996,0.0200000000000003,7.00000000000003,1,6,66,0.5
98,3407.074389,3406.074554,3406.440553,3407.073222,3412.252529,0,NaN,0.00999999999999943,5.99999999999996,0,5,65,0.5
99,3414.209527,3413.274198,3413.59169,3414.157189,3421.804163,0,1.99999999999996,0.0200000000000003,5.99999999999996,2,5,65,0.5
100,3423.43749,3422.324989,3422.840987,3423.385151,3430.512456,1,1.99999999999996,0.0200000000000003,7.00000000000003,1,6,66,0.5
101,3431.988456,3431.004954,3431.345625,3431.986284,3439.614426,0,1.99999999999996,0.0200000000000003,5.99999999999996,2,5,65,0.5
102,3441.011081,3440.173585,3440.361089,3440.958582,3445.288897,1,1.99999999999996,0.0200000000000003,7.00000000000003,1,6,66,0.5
103,3446.79723,3445.807067,3446.095727,3446.745058,3455.915188,0,1.99999999999996,0.0200000000000003,5.99999999999996,2,5,65,0.5
104,3457.544348,3456.634024,3456.944517,3457.544348,3463.048665,1,NaN,0,5.99999999999996,2,5,65,0.5
105,3477.269608,3476.494772,3476.724277,3477.217269,3478.334937,1,1.99999999999996,0.0200000000000003,7.00000000000003,1,6,66,0.5
106,3480.41009,3479.44526,3479.79876,3480.357763,3485.998907,0,1.99999999999996,0.0200000000000003,5.99999999999996,2,5,65,0.5
107,3488.01706,3487.200063,3487.420395,3488.01706,3490.837887,1,NaN,0,5.99999999999996,2,5,65,0.5
108,3499.333515,3498.381185,3498.687351,3499.333515,3526.893076,0,NaN,0,7.00000000000003,1,6,66,0.5
109,3528.189571,3527.287069,3527.666735,3528.137232,3536.499866,0,1.99999999999996,0.0200000000000003,5.99999999999996,2,5,65,0.5
110,3537.905199,3537.061036,3537.276362,3537.852861,3539.779025,1,1.99999999999996,0.0200000000000003,7.00000000000003,1,6,66,0.5
111,3541.380179,3540.569188,3540.834849,3541.380179,3549.268314,0,NaN,0,7.00000000000003,1,6,66,0.5
112,3551.964143,3551.093646,3551.463812,3551.91181,3568.596904,0,1.99999999999996,0.0200000000000003,5.99999999999996,2,5,65,0.5
113,3570.030065,3569.110402,3569.377234,3569.977737,3574.999051,1,1.99999999999996,0.0200000000000003,7.00000000000003,1,6,66,0.5
114,3576.495039,3575.705215,3575.982713,3576.442712,3582.439854,1,1.99999999999996,0.0200000000000003,7.00000000000003,1,6,66,0.5
115,3584.018676,3583.028013,3583.365678,3583.966348,3593.268638,0,1.99999999999996,0.0200000000000003,5.99999999999996,2,5,65,0.5
116,3594.33514,3593.706471,3593.861636,3594.33514,3600.122784,1,NaN,0,5.99999999999996,2,5,65,0.5
117,3602.295936,3601.273112,3601.740271,3602.295936,3616.792384,1,NaN,0,5.99999999999996,2,5,65,0.5
118,3757.446488,3755.952327,3756.187493,3757.394148,3766.579612,1,1.99999999999996,0.0200000000000003,7.00000000000003,1,6,66,0.5
119,3769.812599,3768.301105,3768.751103,3769.812599,3773.301924,1,NaN,0,5.99999999999996,2,5,65,0.5
120,3777.130742,3775.807081,3776.205407,3777.130742,3783.343045,0,NaN,0,7.00000000000003,1,6,66,0.5
121,3784.993872,3784.066042,3784.428207,3784.993872,3787.526867,0,NaN,0,7.00000000000003,1,6,66,0.5
122,3792.484014,3791.447679,3791.883351,3792.431842,3796.540159,0,1.99999999999996,0.0200000000000003,5.99999999999996,2,5,65,0.5
123,3798.580323,3797.385988,3797.840487,3798.528151,3800.069144,1,1.99999999999996,0.0200000000000003,7.00000000000003,1,6,66,0.5
124,3802.501807,3801.453139,3801.735805,3802.449468,3806.116793,1,1.99999999999996,0.0200000000000003,7.00000000000003,1,6,66,0.5
125,3807.571454,3806.645124,3806.976784,3807.470281,3815.074251,0,NaN,0.00999999999999943,5.99999999999996,0,5,65,0.5
126,3816.618079,3815.654749,3816.067914,3816.565579,3824.241887,0,1.99999999999996,0.0200000000000003,5.99999999999996,2,5,65,0.5
127,3825.849375,3824.907384,3825.088378,3825.748042,3832.301682,1,NaN,0.00999999999999943,7.00000000000003,0,6,66,0.5
128,3833.967015,3833.08568,3833.429178,3833.914682,3842.464641,0,1.99999999999996,0.0200000000000003,5.99999999999996,2,5,65,0.5
129,3844.270807,3843.207472,3843.643143,3844.218474,3849.141949,1,1.99999999999996,0.0200000000000003,7.00000000000003,1,6,66,0.5
130,3850.519443,3849.636779,3849.987778,3850.467116,3859.59974,0,1.99999999999996,0.0200000000000003,5.99999999999996,2,5,65,0.5
131,3861.285567,3860.350243,3860.647241,3861.233406,3865.985053,1,1.99999999999996,0.0200000000000003,7.00000000000003,1,6,66,0.5
132,3867.364381,3866.564884,3866.877878,3867.364381,3872.585188,0,NaN,0,7.00000000000003,1,6,66,0.5
133,3874.650019,3873.753516,3874.160015,3874.59768,3882.590648,0,1.99999999999996,0.0200000000000003,5.99999999999996,2,5,65,0.5
134,3884.378307,3883.330484,3883.69031,3884.325974,3890.112618,1,1.99999999999996,0.0200000000000003,7.00000000000003,1,6,66,0.5
135,3891.866117,3890.764448,3891.103453,3891.813777,3898.345757,1,1.99999999999996,0.0200000000000003,7.00000000000003,1,6,66,0.5
136,3899.933746,3898.983255,3899.284754,3899.832412,3906.243892,0,NaN,0.00999999999999943,5.99999999999996,0,5,65,0.5
137,3907.92088,3906.837717,3907.335882,3907.92088,3919.633499,0,NaN,0,7.00000000000003,1,6,66,0.5
138,3921.041827,3920.126331,3920.517169,3921.041827,3925.970974,0,NaN,0,7.00000000000003,1,6,66,0.5
139,3928.765636,3927.784134,3928.137965,3928.713296,3935.595269,0,1.99999999999996,0.0200000000000003,5.99999999999996,2,5,65,0.5
140,3936.913436,3936.117106,3936.2856,3936.861097,3939.614753,1,1.99999999999996,0.0200000000000003,7.00000000000003,1,6,66,0.5
141,3941.073253,3940.083084,3940.502083,3941.020914,3950.144045,0,1.99999999999996,0.0200000000000003,5.99999999999996,2,5,65,0.5
142,3951.621378,3950.760714,3951.013708,3951.569038,3957.247849,1,1.99999999999996,0.0200000000000003,7.00000000000003,1,6,66,0.5
143,3958.61535,3957.73868,3957.998352,3958.56301,3963.462491,1,1.99999999999996,0.0200000000000003,7.00000000000003,1,6,66,0.5
144,3964.821825,3963.958995,3964.211327,3964.821825,3965.281984,1,NaN,0,5.99999999999996,0,5,65,0.5
145,3971.750964,3970.775134,3971.060294,3971.698625,3973.384118,1,1.99999999999996,0.0200000000000003,7.00000000000003,1,6,66,0.5
146,3975.085117,3974.156615,3974.495281,3975.032945,3983.542244,0,1.99999999999996,0.0200000000000003,5.99999999999996,2,5,65,0.5
147,3984.904739,3984.120075,3984.273908,3984.904739,4007.134649,1,NaN,0,5.99999999999996,0,5,65,0.5
148,4008.936482,4008.107312,4008.465477,4008.936482,4015.013291,0,NaN,0,7.00000000000003,1,6,66,0.5
149,4017.451776,4016.553945,4016.905111,4017.350609,4021.368593,0,NaN,0.00999999999999943,5.99999999999996,0,5,65,0.5
150,4025.821742,4024.817579,4025.22741,4025.819575,4031.23822,0,1.99999999999996,0.0200000000000003,5.99999999999996,2,5,65,0.5
151,4032.465715,4031.739885,4031.89455,4032.413216,4038.145192,1,1.99999999999996,0.0200000000000003,7.00000000000003,1,6,66,0.5
152,4040.019352,4038.707696,4039.028355,4040.019352,4043.60451,1,NaN,0,5.99999999999996,0,5,65,0.5
153,4047.965492,4047.133823,4047.465488,4047.91332,4058.068612,0,1.99999999999996,0.0200000000000003,5.99999999999996,2,5,65,0.5
154,4059.828272,4059.072942,4059.264442,4059.828272,4102.096276,1,NaN,0,5.99999999999996,2,5,65,0.5
155,4103.512437,4102.562607,4102.8706,4103.511431,4106.657091,0,NaN,0.00999999999999943,5.99999999999996,0,5,65,0.5
156,4110.408742,4109.43824,4109.935406,4110.408742,4113.474724,0,NaN,0,7.00000000000003,1,6,66,0.5
157,4118.804542,4117.628208,4118.148211,4118.803536,4122.146362,0,NaN,0.00999999999999943,5.99999999999996,0,5,65,0.5
158,4126.487839,4125.422676,4125.95018,4126.487839,4126.916004,0,NaN,0,7.00000000000003,0,6,66,0.5
159,4133.917809,4133.023146,4133.457811,4133.917809,4134.145308,0,NaN,0,7.00000000000003,1,6,66,0.5
160,4142.262776,4141.408612,4141.545112,4142.260609,4147.453756,1,1.99999999999996,0.0200000000000003,7.00000000000003,1,6,66,0.5
161,4150.777581,4149.715418,4150.028578,4150.777581,4159.313374,1,NaN,0,5.99999999999996,2,5,65,0.5
162,4160.834869,4159.846039,4160.227204,4160.834869,4166.172013,0,NaN,0,7.00000000000003,1,6,66,0.5
163,4169.445667,4167.770341,4168.195339,4169.445667,4186.319433,0,NaN,0,7.00000000000003,0,6,66,0.5
164,4188.210765,4187.247096,4187.609761,4188.210765,4194.613072,0,NaN,0,7.00000000000003,1,6,66,0.5
165,4198.440385,4197.586894,4197.839387,4198.388057,4202.673535,1,1.99999999999996,0.0200000000000003,7.00000000000003,1,6,66,0.5
166,4204.184862,4203.194038,4203.490531,4204.083695,4213.591324,1,NaN,0.00999999999999943,7.00000000000003,0,6,66,0.5
167,4216.564646,4215.827654,4215.953654,4216.512318,4230.821421,1,1.99999999999996,0.0200000000000003,7.00000000000003,1,6,66,0.5
168,4232.354083,4231.423086,4231.728918,4232.301583,4240.779716,1,1.99999999999996,0.0200000000000003,7.00000000000003,1,6,66,0.5
169,4242.174709,4241.32138,4241.650878,4242.174709,4270.408597,1,NaN,0,5.99999999999996,2,5,65,0.5
170,4272.071762,4270.818595,4271.332926,4272.019423,4277.365569,1,1.99999999999996,0.0200000000000003,7.00000000000003,1,6,66,0.5
171,4278.827069,4278.223905,4278.323232,4278.827069,4284.337708,1,NaN,0,5.99999999999996,2,5,65,0.5
172,4286.341705,4285.450703,4285.800202,4286.289372,4302.411808,0,1.99999999999996,0.0200000000000003,5.99999999999996,2,5,65,0.5
173,4304.031968,4303.120472,4303.432131,4303.979795,4311.625765,1,1.99999999999996,0.0200000000000003,7.00000000000003,1,6,66,0.5
174,4313.777262,4312.865099,4313.123931,4313.724929,4319.163907,1,1.99999999999996,0.0200000000000003,7.00000000000003,1,6,66,0.5
175,4320.56823,4319.784399,4320.072732,4320.56823,4327.482868,1,NaN,0,5.99999999999996,2,5,65,0.5
176,4329.285695,4328.368032,4328.76203,4329.285695,4336.042668,0,NaN,0,7.00000000000003,1,6,66,0.5
177,4337.702994,4336.674831,4337.206996,4337.650494,4346.783958,0,1.99999999999996,0.0200000000000003,5.99999999999996,2,5,65,0.5
178,4348.044619,4347.359795,4347.532294,4348.044619,4354.131434,1,NaN,0,5.99999999999996,2,5,65,0.5
179,4356.264587,4355.404756,4355.766261,4356.212087,4366.847211,0,1.99999999999996,0.0200000000000003,5.99999999999996,2,5,65,0.5
180,4368.208378,4367.524875,4367.661213,4368.208378,4374.561346,1,NaN,0,5.99999999999996,2,5,65,0.5
181,4376.220346,4375.062344,4375.479677,4376.168173,4381.08566,1,1.99999999999996,0.0200000000000003,7.00000000000003,1,6,66,0.5
182,4382.444982,4381.580158,4381.842151,4382.444982,4431.499619,1,NaN,0,5.99999999999996,0,5,65,0.5
183,4433.618616,4432.607787,4432.727947,4433.566444,4435.846935,1,1.99999999999996,0.0200000000000003,7.00000000000003,1,6,66,0.5
184,4437.338096,4436.342933,4436.717431,4437.338096,4443.051245,0,NaN,0,7.00000000000003,1,6,66,0.5
185,4444.623233,4443.804403,4444.145069,4444.623233,4449.924884,0,NaN,0,7.00000000000003,1,6,66,0.5
186,4452.02737,4450.409376,4451.07204,4452.02737,4455.487195,1,NaN,0,5.99999999999996,2,5,65,0.5
187,4458.624844,4457.634187,4458.037346,4458.572516,4462.717994,1,1.99999999999996,0.0200000000000003,7.00000000000003,1,6,66,0.5
188,4464.43132,4463.271492,4463.69799,4464.43132,4467.102982,1,NaN,0,5.99999999999996,0,5,65,0.5
189,4471.135961,4470.368136,4470.530969,4471.135961,4487.811061,1,NaN,0,5.99999999999996,2,5,65,0.5
190,4489.399226,4488.273058,4488.682557,4489.399226,4508.247484,1,NaN,0,5.99999999999996,0,5,65,0.5
191,4510.020138,4508.94381,4509.250642,4510.020138,4518.545104,1,NaN,0,5.99999999999996,0,5,65,0.5
192,4521.0571,4520.038431,4520.446269,4521.0571,4528.098399,0,NaN,0,7.00000000000003,1,6,66,0.5
193,4530.511395,4529.694232,4529.965391,4530.459056,4538.543863,0,1.99999999999996,0.0200000000000003,5.99999999999996,2,5,65,0.5
194,4539.795858,4539.094522,4539.29086,4539.795858,4546.888328,1,NaN,0,5.99999999999996,2,5,65,0.5
195,4549.960812,4549.082648,4549.474653,4549.960812,4558.230618,0,NaN,0,7.00000000000003,1,6,66,0.5
196,4561.863597,4561.090101,4561.369266,4561.863597,4567.144409,0,NaN,0,7.00000000000003,1,6,66,0.5
197,4569.486734,4568.459904,4568.956741,4569.434406,4580.296363,0,1.99999999999996,0.0200000000000003,5.99999999999996,2,5,65,0.5
198,4581.564185,4580.810189,4580.998193,4581.564185,4595.25347,1,NaN,0,5.99999999999996,2,5,65,0.5
199,4596.528631,4595.669796,4596.021467,4596.528631,4602.648773,1,NaN,0,5.99999999999996,2,5,65,0.5
200,4608.107413,4607.234583,4607.558748,4608.107413,4616.88471,1,NaN,0,5.99999999999996,2,5,65,0.5
201,4618.412044,4617.492047,4617.836879,4618.412044,4622.234522,0,NaN,0,7.00000000000003,1,6,66,0.5
202,4625.706348,4624.931178,4625.239683,4625.706348,4629.478666,0,NaN,0,7.00000000000003,1,6,66,0.5
203,4632.17215,4631.416992,4631.71599,4632.17215,4638.347959,0,NaN,0,7.00000000000003,1,6,66,0.5
204,4641.404446,4640.53245,4640.861621,4641.352119,4650.970247,0,1.99999999999996,0.0200000000000003,5.99999999999996,2,5,65,0.5
205,4652.562068,4651.748405,4651.965903,4652.562068,4656.389892,1,NaN,0,5.99999999999996,2,5,65,0.5
206,4662.494534,4661.761037,4661.920036,4662.494534,4663.209525,1,NaN,0,5.99999999999996,2,5,65,0.5
207,4866.703384,4864.977052,4865.187885,4866.703384,4875.457677,1,NaN,0,5.99999999999996,2,5,65,0.5
208,4877.884339,4876.753838,4877.00367,4877.884339,4882.367649,0,NaN,0,7.00000000000003,1,6,66,0.5
209,4887.152969,4886.100467,4886.400138,4887.152969,4893.277944,1,NaN,0,5.99999999999996,2,5,65,0.5
210,4895.204764,4894.105269,4894.545433,4895.204764,4902.272736,0,NaN,0,7.00000000000003,1,6,66,0.5
211,4905.765222,4904.796398,4905.176397,4905.712894,4909.734372,0,1.99999999999996,0.0200000000000003,5.99999999999996,2,5,65,0.5
212,4911.418872,4910.377209,4910.768536,4911.418872,4917.519681,1,NaN,0,5.99999999999996,2,5,65,0.5
213,4919.336668,4918.419171,4918.771003,4919.284168,4927.788301,0,1.99999999999996,0.0200000000000003,5.99999999999996,2,5,65,0.5
214,4929.619299,4928.454465,4928.865969,4929.619299,4934.907939,1,NaN,0,5.99999999999996,2,5,65,0.5
215,4937.106602,4935.415603,4936.276766,4937.105436,4945.701901,1,NaN,0.00999999999999943,7.00000000000003,0,6,66,0.5
216,4947.062729,4946.230726,4946.518893,4947.062729,4952.289036,0,NaN,0,7.00000000000003,1,6,66,0.5
217,4955.934027,4954.604866,4954.958691,4955.881688,4957.731353,1,1.99999999999996,0.0200000000000003,7.00000000000003,1,6,66,0.5
218,4959.800845,4958.897515,4959.070342,4959.748512,4962.699994,1,1.99999999999996,0.0200000000000003,7.00000000000003,1,6,66,0.5
219,4964.283488,4963.191492,4963.659996,4964.23116,4975.822775,0,1.99999999999996,0.0200000000000003,5.99999999999996,2,5,65,0.5
220,4977.593607,4976.496272,4976.989109,4977.593607,4983.317411,1,NaN,0,5.99999999999996,2,5,65,0.5
221,4984.873739,4983.815076,4984.238074,4984.821411,4998.51769,0,1.99999999999996,0.0200000000000003,5.99999999999996,2,5,65,0.5
222,5001.850177,5000.783009,5001.161513,5001.850177,5007.436154,1,NaN,0,5.99999999999996,2,5,65,0.5
223,5008.931643,5008.012819,5008.363984,5008.879315,5017.127943,0,1.99999999999996,0.0200000000000003,5.99999999999996,2,5,65,0.5
224,5020.395264,5019.395768,5019.529939,5020.342936,5023.505923,1,1.99999999999996,0.0200000000000003,7.00000000000003,1,6,66,0.5
225,5025.118411,5024.222415,5024.602414,5025.118411,5029.380728,0,NaN,0,7.00000000000003,1,6,66,0.5
226,5033.877377,5032.530387,5033.199051,5033.825049,5053.59463,0,1.99999999999996,0.0200000000000003,5.99999999999996,2,5,65,0.5
227,5055.542129,5054.598127,5054.967291,5055.542129,5063.024927,1,NaN,0,5.99999999999996,2,5,65,0.5
228,5064.625259,5063.69259,5064.109928,5064.625259,5070.408396,0,NaN,0,7.00000000000003,1,6,66,0.5
229,5072.042056,5071.24156,5071.552225,5072.042056,5078.057699,0,NaN,0,7.00000000000003,1,6,66,0.5
230,5079.788192,5078.688863,5079.152701,5079.788192,5085.50517,0,NaN,0,7.00000000000003,1,6,66,0.5
231,5088.004665,5087.111496,5087.358335,5087.952327,5089.161161,1,1.99999999999996,0.0200000000000003,7.00000000000003,1,6,66,0.5
232,5091.944983,5090.943487,5091.412985,5091.944983,5115.490383,0,NaN,0,7.00000000000003,1,6,66,0.5
233,5116.93505,5115.938548,5116.255386,5116.882717,5124.27102,1,1.99999999999996,0.0200000000000003,7.00000000000003,1,6,66,0.5
234,5125.847847,5124.877845,5125.212677,5125.795514,5136.904131,1,1.99999999999996,0.0200000000000003,7.00000000000003,1,6,66,0.5
235,5138.479791,5137.524628,5137.896293,5138.479791,5142.197276,1,NaN,0,5.99999999999996,2,5,65,0.5
236,5145.552268,5144.44294,5144.762932,5145.500096,5159.503541,1,1.99999999999996,0.0200000000000003,7.00000000000003,1,6,66,0.5
237,5168.02334,5165.672355,5165.903014,5167.971173,5180.865955,0,1.99999999999996,0.0200000000000003,5.99999999999996,2,5,65,0.5
238,5182.113616,5181.419786,5181.553286,5182.113616,5188.575763,1,NaN,0,5.99999999999996,2,5,65,0.5
239,5190.581582,5189.674425,5190.046424,5190.581582,5195.57423,0,NaN,0,7.00000000000003,1,6,66,0.5
240,5199.508886,5198.221219,5198.799222,5199.407548,5202.781701,0,NaN,0.00999999999999943,5.99999999999996,0,5,65,0.5
241,5208.161018,5207.186683,5207.629187,5208.161018,5211.748998,0,NaN,0,7.00000000000003,1,6,66,0.5
242,5217.774308,5216.821978,5217.11531,5217.72198,5218.943969,1,1.99999999999996,0.0200000000000003,7.00000000000003,1,6,66,0.5
243,5221.0638,5219.943132,5220.375302,5221.011628,5227.59994,0,1.99999999999996,0.0200000000000003,5.99999999999996,2,5,65,0.5
244,5229.053934,5228.235598,5228.448604,5229.001601,5230.964093,1,1.99999999999996,0.0200000000000003,7.00000000000003,1,6,66,0.5
245,5232.903752,5231.802751,5232.232755,5232.903752,5238.568057,1,NaN,0,5.99999999999996,2,5,65,0.5
246,5240.58805,5239.501053,5240.024051,5240.535722,5259.488473,0,1.99999999999996,0.0200000000000003,5.99999999999996,2,5,65,0.5
247,5261.258972,5260.403137,5260.655635,5261.206801,5265.538622,1,1.99999999999996,0.0200000000000003,7.00000000000003,1,6,66,0.5
248,5267.19711,5266.147453,5266.483785,5267.19711,5272.292756,1,NaN,0,5.99999999999996,2,5,65,0.5
249,5274.154415,5273.237086,5273.598583,5274.154415,5280.03773,0,NaN,0,7.00000000000003,0,6,66,0.5
250,5283.167885,5282.23705,5282.626215,5283.115546,5292.010843,0,1.99999999999996,0.0200000000000003,5.99999999999996,2,5,65,0.5
251,5294.157001,5293.228338,5293.590004,5294.157001,5294.255002,1,NaN,0,5.99999999999996,2,5,65,0.5
252,5301.220806,5300.370983,5300.746314,5301.220806,5307.113116,0,NaN,0,7.00000000000003,1,6,66,0.5
253,5309.164614,5308.374944,5308.678783,5309.112281,5321.591731,0,1.99999999999996,0.0200000000000003,5.99999999999996,2,5,65,0.5
254,5324.326387,5323.006059,5323.509718,5324.225214,5325.34621,1,NaN,0.00999999999999943,7.00000000000003,0,6,66,0.5
255,5331.947684,5330.413857,5331.162687,5331.846357,5336.79217,1,NaN,0.00999999999999943,7.00000000000003,0,6,66,0.5
256,5340.070985,5338.558496,5339.31766,5340.070985,5346.991291,1,NaN,0,5.99999999999996,2,5,65,0.5
257,5348.836949,5347.903959,5348.202786,5348.836949,5354.43326,1,NaN,0,5.99999999999996,2,5,65,0.5
258,5357.038922,5356.215593,5356.413592,5356.986589,5365.606555,0,1.99999999999996,0.0200000000000003,5.99999999999996,2,5,65,0.5
259,5367.253382,5366.383052,5366.626378,5367.253382,5376.361345,1,NaN,0,5.99999999999996,2,5,65,0.5
260,5377.893,5376.988676,5377.325169,5377.893,5378.075166,1,NaN,0,5.99999999999996,2,5,65,0.5
261,5393.310277,5392.456275,5392.633613,5393.310277,5399.654752,1,NaN,0,5.99999999999996,2,5,65,0.5
262,5405.990393,5405.20873,5405.44489,5405.990393,5406.118221,1,NaN,0,5.99999999999996,0,5,65,0.5
263,5413.422864,5412.337862,5412.709694,5413.421858,5420.734328,0,NaN,0.00999999999999943,5.99999999999996,0,5,65,0.5
264,5424.340648,5423.366491,5423.763316,5424.340648,5428.077966,0,NaN,0,7.00000000000003,1,6,66,0.5
265,5432.644448,5431.760784,5432.109783,5432.59212,5441.370247,0,1.99999999999996,0.0200000000000003,5.99999999999996,2,5,65,0.5
266,5443.144073,5441.988911,5442.447408,5443.09174,5444.567566,1,1.99999999999996,0.0200000000000003,7.00000000000003,1,6,66,0.5
267,5447.805393,5446.392726,5446.632058,5447.205056,5488.294559,1,NaN,0.00999999999999943,7.00000000000003,0,6,66,0.5
268,5490.356383,5489.469053,5489.759053,5490.356383,5495.407696,1,NaN,0,5.99999999999996,0,5,65,0.5
269,5502.353341,5500.951008,5501.44034,5502.301169,5510.480309,0,1.99999999999996,0.0200000000000003,5.99999999999996,2,5,65,0.5
270,5514.25446,5513.340964,5513.52313,5514.202122,5523.699256,1,1.99999999999996,0.0200000000000003,7.00000000000003,1,6,66,0.5
271,5525.687081,5524.597252,5524.966078,5525.634742,5533.110046,1,1.99999999999996,0.0200000000000003,7.00000000000003,1,6,66,0.5
272,5535.26671,5533.994881,5534.348541,5535.26671,5535.37637,1,NaN,0,5.99999999999996,2,5,65,0.5
273,5545.092998,5543.56601,5543.869342,5545.040671,5560.082772,0,1.99999999999996,0.0200000000000003,5.99999999999996,2,5,65,0.5
274,5562.426096,5561.434099,5561.480599,5562.373768,5573.011392,1,1.99999999999996,0.0200000000000003,7.00000000000003,1,6,66,0.5
275,5577.714867,5575.828714,5576.204207,5577.714867,5583.532678,1,NaN,0,5.99999999999996,0,5,65,0.5
276,5585.554008,5584.188681,5584.565506,5585.501837,5596.438292,0,1.99999999999996,0.0200000000000003,5.99999999999996,2,5,65,0.5
277,5598.163453,5597.476288,5597.64646,5598.163453,5602.802439,1,NaN,0,5.99999999999996,0,5,65,0.5
278,5604.944258,5604.078762,5604.448266,5604.944258,5609.540073,0,NaN,0,7.00000000000003,1,6,66,0.5
279,5613.097892,5612.155735,5612.445228,5613.097892,5619.124869,1,NaN,0,5.99999999999996,2,5,65,0.5
280,5620.855867,5619.947038,5620.325869,5620.855867,5628.523498,0,NaN,0,7.00000000000003,1,6,66,0.5
281,5630.242657,5629.376166,5629.697499,5630.242657,5690.501916,0,NaN,0,7.00000000000003,1,6,66,0.5
282,5692.060244,5691.082586,5691.403252,5692.007916,5703.334365,1,1.99999999999996,0.0200000000000003,7.00000000000003,1,6,66,0.5
283,5705.639022,5704.694865,5704.897692,5705.639022,5713.499157,1,NaN,0,5.99999999999996,0,5,65,0.5
284,5715.475149,5714.36182,5714.737986,5715.475149,5717.965806,0,NaN,0,7.00000000000003,1,6,66,0.5
285,5722.513955,5721.439459,5721.775464,5722.513955,5731.92425,1,NaN,0,5.99999999999996,2,5,65,0.5
286,5733.45475,5732.517249,5732.833086,5733.45475,5733.548411,1,NaN,0,5.99999999999996,0,5,65,0.5
287,5742.511542,5741.603051,5741.821383,5742.509375,5744.25354,1,1.99999999999996,0.0200000000000003,7.00000000000003,1,6,66,0.5
288,5745.8847,5744.961204,5745.310869,5745.8847,5752.631167,0,NaN,0,7.00000000000003,1,6,66,0.5
289,5754.3,5753.210332,5753.722502,5754.3,5754.569832,0,NaN,0,7.00000000000003,1,6,66,0.5
290,5763.209792,5762.320129,5762.633633,5763.157465,5768.831109,1,1.99999999999996,0.0200000000000003,7.00000000000003,1,6,66,0.5
291,5773.893582,5769.523433,5769.841105,5773.893582,5780.24323,1,NaN,0,5.99999999999996,0,5,65,0.5
292,5782.221882,5781.581218,5781.651718,5782.221882,5787.7242,1,NaN,0,5.99999999999996,0,5,65,0.5
293,5792.754841,5791.802677,5792.132182,5792.752674,5796.056327,0,1.99999999999996,0.0200000000000003,5.99999999999996,2,5,65,0.5
294,5798.067653,5797.391828,5797.565655,5798.067653,5798.49699,1,NaN,0,5.99999999999996,0,5,65,0.5
295,5804.972292,5804.217134,5804.431294,5804.919798,5807.902947,1,1.99999999999996,0.0200000000000003,7.00000000000003,1,6,66,0.5
296,5809.759278,5808.497783,5809.071775,5809.707106,5810.865268,1,1.99999999999996,0.0200000000000003,7.00000000000003,1,6,66,0.5
297,5812.6401,5811.623765,5811.95693,5812.639094,5821.100894,0,NaN,0.00999999999999943,5.99999999999996,0,5,65,0.5
298,5822.737726,5821.705897,5822.049723,5822.636555,5829.706692,0,NaN,0.00999999999999943,5.99999999999996,0,5,65,0.5
299,5831.784857,5830.934194,5831.107188,5831.732524,5840.39715,1,1.99999999999996,0.0200000000000003,7.00000000000003,1,6,66,0.5
300,5842.158476,5841.169647,5841.453651,5842.158476,5848.077453,1,NaN,0,5.99999999999996,2,5,65,0.5
301,5850.209944,5849.294115,5849.692946,5850.209944,5857.385915,0,NaN,0,7.00000000000003,1,6,66,0.5
302,5860.051071,5859.21308,5859.521913,5860.051071,5865.601216,0,NaN,0,7.00000000000003,1,6,66,0.5
303,5869.314207,5868.562538,5868.634037,5869.213034,5875.704008,1,NaN,0.00999999999999943,7.00000000000003,0,6,66,0.5
304,5879.194495,5878.150665,5878.540664,5879.142167,5890.799954,0,1.99999999999996,0.0200000000000003,5.99999999999996,2,5,65,0.5
305,5893.495771,5892.650941,5892.833279,5893.495771,5905.531557,1,NaN,0,5.99999999999996,2,5,65,0.5
306,5907.089717,5906.020054,5906.361886,5907.037389,5913.315692,1,1.99999999999996,0.0200000000000003,7.00000000000003,1,6,66,0.5
307,5914.847525,5913.918689,5914.185689,5914.847525,5919.201001,1,NaN,0,5.99999999999996,2,5,65,0.5
308,5924.441153,5923.540151,5923.798655,5924.388814,5942.670241,1,1.99999999999996,0.0200000000000003,7.00000000000003,1,6,66,0.5
309,5944.296234,5943.315911,5943.601737,5944.296234,5950.698375,1,NaN,0,5.99999999999996,2,5,65,0.5
310,5952.593874,5951.631538,5952.021209,5952.54154,5967.254142,0,1.99999999999996,0.0200000000000003,5.99999999999996,2,5,65,0.5
311,5968.798642,5967.886307,5968.083812,5968.798642,5973.11462,1,NaN,0,5.99999999999996,2,5,65,0.5
312,5982.795081,5981.782584,5982.124916,5982.742753,5987.524895,1,1.99999999999996,0.0200000000000003,7.00000000000003,1,6,66,0.5
313,5989.454059,5988.438224,5988.825723,5989.401888,5996.997029,0,1.99999999999996,0.0200000000000003,5.99999999999996,2,5,65,0.5
314,5999.26002,5998.470517,5998.674851,5999.26002,6007.368154,1,NaN,0,5.99999999999996,0,5,65,0.5
315,6008.844982,6007.913319,6008.259484,6008.792643,6011.767632,1,1.99999999999996,0.0200000000000003,7.00000000000003,1,6,66,0.5
316,6013.397464,6012.7163,6012.818293,6013.345291,6029.537726,0,1.99999999999996,0.0200000000000003,5.99999999999996,2,5,65,0.5
317,6031.303059,6030.611562,6030.778394,6031.303059,6037.976199,1,NaN,0,5.99999999999996,2,5,65,0.5
318,6039.516854,6038.490697,6038.955022,6039.464354,6050.538809,0,1.99999999999996,0.0200000000000003,5.99999999999996,2,5,65,0.5
319,6052.648968,6051.693471,6051.871804,6052.596468,6054.204628,1,1.99999999999996,0.0200000000000003,7.00000000000003,1,6,66,0.5
320,6055.784627,6054.907625,6055.185124,6055.683461,6060.07511,0,NaN,0.00999999999999943,5.99999999999996,0,5,65,0.5
321,6062.185263,6061.344272,6061.736431,6062.185263,6068.59891,0,NaN,0,7.00000000000003,1,6,66,0.5
322,6070.058565,6068.993575,6069.386073,6070.056237,6076.813371,0,1.99999999999996,0.0200000000000003,5.99999999999996,2,5,65,0.5
323,6078.972696,6077.921533,6078.342865,6078.920368,6081.09702,1,1.99999999999996,0.0200000000000003,7.00000000000003,1,6,66,0.5
324,6082.580348,6081.595024,6081.973351,6082.580348,6087.370662,0,NaN,0,7.00000000000003,0,6,66,0.5
325,6089.745492,6088.699663,6089.190494,6089.69332,6110.986407,0,1.99999999999996,0.0200000000000003,5.99999999999996,2,5,65,0.5
326,6112.693561,6111.649071,6111.991236,6112.641233,6122.461355,1,1.99999999999996,0.0200000000000003,7.00000000000003,1,6,66,0.5
327,6133.960309,6132.892152,6133.167985,NaN,6275.832908,NaN,NaN,0,5.99999999999996,2,5,65,0.5
328,6277.915572,6276.757244,6277.030576,6277.863233,6284.42004,1,1.99999999999996,0.0200000000000003,7.00000000000003,1,6,66,0.5
329,6287.163702,6285.862201,6286.235206,6287.111363,6289.116194,1,1.99999999999996,0.0200000000000003,7.00000000000003,1,6,66,0.5
330,6290.858354,6289.820519,6290.176517,6290.806015,6294.638166,0,1.99999999999996,0.0200000000000003,5.99999999999996,2,5,65,0.5
331,6297.082824,6296.000167,6296.287165,6297.082824,6303.894468,1,NaN,0,5.99999999999996,2,5,65,0.5
332,6306.230292,6305.120457,6305.452957,6306.178121,6310.050938,1,1.99999999999996,0.0200000000000003,7.00000000000003,1,6,66,0.5
333,6312.140263,6311.1036,6311.518771,6312.08793,6319.679739,0,1.99999999999996,0.0200000000000003,5.99999999999996,2,5,65,0.5
334,6321.947396,6321.013061,6321.198393,6321.895057,6326.10104,1,1.99999999999996,0.0200000000000003,7.00000000000003,1,6,66,0.5
335,6327.795039,6326.75271,6327.102703,6327.792873,6341.11482,0,1.99999999999996,0.0200000000000003,5.99999999999996,2,5,65,0.5
336,6343.652143,6342.559141,6342.855141,6343.599804,6345.333297,1,1.99999999999996,0.0200000000000003,7.00000000000003,1,6,66,0.5
337,6347.054296,6345.956795,6346.347799,6347.05329,6349.502119,0,NaN,0.00999999999999943,5.99999999999996,0,5,65,0.5
338,6354.3721,6353.446598,6353.808263,6354.3721,6361.530905,0,NaN,0,7.00000000000003,1,6,66,0.5
339,6364.076389,6362.973727,6363.249226,6364.024061,6365.212718,1,1.99999999999996,0.0200000000000003,7.00000000000003,1,6,66,0.5
340,6366.882711,6365.777221,6366.140053,6366.830383,6375.939514,0,1.99999999999996,0.0200000000000003,5.99999999999996,2,5,65,0.5
341,6383.493483,6382.541821,6382.85548,6383.441144,6396.886424,0,1.99999999999996,0.0200000000000003,5.99999999999996,2,5,65,0.5
342,6398.648417,6397.595088,6398.000425,6398.59609,6400.487743,1,1.99999999999996,0.0200000000000003,7.00000000000003,1,6,66,0.5
343,6402.352569,6401.125241,6401.663244,6402.300241,6417.597674,0,1.99999999999996,0.0200000000000003,5.99999999999996,2,5,65,0.5
344,6419.632999,6418.978669,6419.042841,6419.632999,6430.13363,1,NaN,0,5.99999999999996,2,5,65,0.5
345,6431.803623,6430.827955,6431.19512,6431.702451,6436.769598,0,NaN,0.00999999999999943,5.99999999999996,0,5,65,0.5
346,6439.540259,6438.402925,6438.831923,6439.439254,6445.191064,1,NaN,0.00999999999999943,7.00000000000003,0,6,66,0.5
347,6446.790063,6445.759734,6446.174394,6446.737724,6454.806359,1,1.99999999999996,0.0200000000000003,7.00000000000003,1,6,66,0.5
348,6458.596516,6457.560354,6457.911847,6458.596516,6465.654815,1,NaN,0,5.99999999999996,2,5,65,0.5
349,6467.166809,6466.100647,6466.571146,6467.166809,6470.643629,1,NaN,0,5.99999999999996,2,5,65,0.5
350,6474.635952,6473.787956,6474.055616,6474.583619,6481.614085,0,1.99999999999996,0.0200000000000003,5.99999999999996,2,5,65,0.5
351,6483.43925,6482.212749,6482.70992,6483.386911,6489.667219,1,1.99999999999996,0.0200000000000003,7.00000000000003,1,6,66,0.5
352,6494.099708,6493.185039,6493.396038,6494.047368,6508.039312,0,1.99999999999996,0.0200000000000003,5.99999999999996,2,5,65,0.5
353,6509.688479,6508.74481,6508.951815,6509.688479,6515.672949,1,NaN,0,5.99999999999996,2,5,65,0.5
354,6517.383281,6516.300113,6516.70995,6517.383281,6521.595258,0,NaN,0,7.00000000000003,1,6,66,0.5
355,6526.976076,6525.800908,6526.07758,6526.923737,6539.991191,0,1.99999999999996,0.0200000000000003,5.99999999999996,2,5,65,0.5
356,6541.72585,6540.772182,6541.072847,6541.72585,6551.265312,1,NaN,0,5.99999999999996,2,5,65,0.5
357,6553.259304,6552.372641,6552.603135,6553.259304,6560.011777,1,NaN,0,5.99999999999996,2,5,65,0.5
358,6563.329425,6562.453095,6562.670761,6563.329425,6570.44873,1,NaN,0,5.99999999999996,2,5,65,0.5
359,6572.268228,6571.343726,6571.638558,6572.268228,6578.918363,1,NaN,0,5.99999999999996,2,5,65,0.5
360,6580.407529,6579.4277,6579.773859,6580.306357,6586.618831,0,NaN,0.00999999999999943,5.99999999999996,0,5,65,0.5
361,6588.470491,6587.583828,6587.891326,6588.418164,6593.224306,0,1.99999999999996,0.0200000000000003,5.99999999999996,2,5,65,0.5
362,6595.512129,6594.619299,6594.839971,6595.512129,6601.06778,1,NaN,0,5.99999999999996,2,5,65,0.5
363,6603.224271,6602.246942,6602.69544,6603.171932,6616.599212,0,1.99999999999996,0.0200000000000003,5.99999999999996,2,5,65,0.5
364,6618.322044,6617.225382,6617.514375,6618.322044,6626.519339,1,NaN,0,5.99999999999996,2,5,65,0.5
365,6629.973497,6627.354008,6627.551334,6629.921326,6641.637111,0,1.99999999999996,0.0200000000000003,5.99999999999996,2,5,65,0.5
366,6644.258435,6643.290605,6643.568104,6644.206107,6652.867067,1,1.99999999999996,0.0200000000000003,7.00000000000003,1,6,66,0.5
367,6654.536726,6653.452737,6653.722402,6654.536726,6660.781208,1,NaN,0,5.99999999999996,2,5,65,0.5
368,6662.198035,6661.285199,6661.637365,6662.145696,6673.993321,0,1.99999999999996,0.0200000000000003,5.99999999999996,2,5,65,0.5
369,6675.711314,6674.597646,6675.071984,6675.658975,6682.373949,1,1.99999999999996,0.0200000000000003,7.00000000000003,1,6,66,0.5
370,6683.88011,6682.91178,6683.262118,6683.88011,6688.039092,0,NaN,0,7.00000000000003,1,6,66,0.5
371,6691.952744,6691.176919,6691.491585,6691.952744,6696.271732,0,NaN,0,7.00000000000003,1,6,66,0.5
372,6699.519553,6698.521884,6698.954222,6699.46738,6710.617675,0,1.99999999999996,0.0200000000000003,5.99999999999996,2,5,65,0.5
373,6712.580667,6711.698337,6711.882336,6712.5795,6718.203805,1,NaN,0.00999999999999943,7.00000000000003,0,6,66,0.5
374,6719.7113,6718.637137,6719.081302,6719.709133,6730.934094,0,1.99999999999996,0.0200000000000003,5.99999999999996,2,5,65,0.5
375,6732.725586,6731.471419,6731.955583,6732.673248,6739.556887,1,1.99999999999996,0.0200000000000003,7.00000000000003,1,6,66,0.5
376,6741.231719,6740.235717,6740.610216,6741.231719,6744.927365,0,NaN,0,7.00000000000003,1,6,66,0.5
377,6749.698518,6748.56319,6748.875349,6749.646179,6755.924327,1,1.99999999999996,0.0200000000000003,7.00000000000003,1,6,66,0.5
378,6757.489649,6756.500652,6756.861984,6757.437321,6771.06626,0,1.99999999999996,0.0200000000000003,5.99999999999996,2,5,65,0.5
379,6773.121925,6771.987429,6772.456094,6773.069592,6782.736886,1,1.99999999999996,0.0200000000000003,7.00000000000003,1,6,66,0.5
380,6784.493213,6783.462211,6783.832043,6784.493213,6790.771015,1,NaN,0,5.99999999999996,2,5,65,0.5
381,6792.751674,6791.496345,6792.126015,6792.650341,6795.048164,0,NaN,0.00999999999999943,5.99999999999996,0,5,65,0.5
382,6800.36131,6799.491481,6799.770818,6800.36131,6816.177914,1,NaN,0,5.99999999999996,2,5,65,0.5
383,6818.373738,6817.199743,6817.71158,6818.373738,6825.611043,1,NaN,0,5.99999999999996,2,5,65,0.5
384,6828.581697,6827.503041,6827.830867,6828.581697,6833.99201,1,NaN,0,5.99999999999996,2,5,65,0.5
385,6835.544508,6834.544673,6834.853511,6835.492169,6838.116327,0,1.99999999999996,0.0200000000000003,5.99999999999996,2,5,65,0.5
386,6839.942657,6839.162494,6839.412987,6839.942657,6847.029629,1,NaN,0,5.99999999999996,2,5,65,0.5
387,6849.447947,6848.511457,6848.93595,6849.447947,6854.791598,0,NaN,0,7.00000000000003,1,6,66,0.5
388,6856.411919,6855.325929,6855.778588,6856.411919,6862.366735,0,NaN,0,7.00000000000003,1,6,66,0.5
389,6867.89854,6866.922044,6867.165876,6867.89854,6873.549851,1,NaN,0,5.99999999999996,2,5,65,0.5
390,6875.176177,6874.314181,6874.603846,6875.176177,6883.031652,1,NaN,0,5.99999999999996,2,5,65,0.5
391,6884.754145,6884.015642,6884.212474,6884.754145,6898.471251,1,NaN,0,5.99999999999996,0,5,65,0.5
392,6899.969917,6898.946083,6899.342748,6899.917578,6907.720053,1,1.99999999999996,0.0200000000000003,7.00000000000003,1,6,66,0.5
393,6909.068709,6908.234384,6908.529717,6909.068709,6914.41786,1,NaN,0,5.99999999999996,2,5,65,0.5
394,6918.655509,6917.578674,6917.985173,6918.603337,6925.26965,1,1.99999999999996,0.0200000000000003,7.00000000000003,1,6,66,0.5
395,6926.705977,6925.808975,6926.108474,6926.705977,6931.160954,1,NaN,0,5.99999999999996,2,5,65,0.5
396,6933.691116,6932.85078,6933.169118,6933.691116,6941.348413,0,NaN,0,7.00000000000003,0,6,66,0.5
397,6946.185233,6944.257068,6944.5359,6946.185233,6995.47153,1,NaN,0,5.99999999999996,2,5,65,0.5
398,6996.972023,6995.983367,6996.266532,6996.972023,7002.858167,1,NaN,0,5.99999999999996,2,5,65,0.5
399,7004.712832,7003.636003,7004.099168,7004.660499,7009.076648,0,1.99999999999996,0.0200000000000003,5.99999999999996,2,5,65,0.5
400,7011.411133,7010.333971,7010.712968,7011.309966,7016.563618,1,NaN,0.00999999999999943,7.00000000000003,0,6,66,0.5
401,7018.485938,7017.246282,7017.862613,7018.43361,7024.169421,1,1.99999999999996,0.0200000000000003,7.00000000000003,1,6,66,0.5
402,7025.936741,7024.661585,7025.112411,7025.936741,7032.605215,1,NaN,0,5.99999999999996,2,5,65,0.5
403,7033.890548,7033.133051,7033.356211,7033.838382,7041.380846,0,1.99999999999996,0.0200000000000003,5.99999999999996,2,5,65,0.5
404,7042.834179,7041.961516,7042.164176,7042.834179,7045.632501,1,NaN,0,5.99999999999996,2,5,65,0.5
405,7051.684977,7050.927808,7051.146646,7051.684977,7059.105281,1,NaN,0,5.99999999999996,2,5,65,0.5
406,7061.027773,7060.330109,7060.414436,7060.975601,7065.28825,1,1.99999999999996,0.0200000000000003,7.00000000000003,1,6,66,0.5
407,7066.595746,7065.728088,7066.088414,7066.543246,7075.276377,0,1.99999999999996,0.0200000000000003,5.99999999999996,2,5,65,0.5
408,7076.90971,7075.841208,7076.223879,7076.808704,7082.892186,1,NaN,0.00999999999999943,7.00000000000003,0,6,66,0.5
409,7084.901006,7083.996681,7084.172508,7084.848678,7088.43883,1,1.99999999999996,0.0200000000000003,7.00000000000003,1,6,66,0.5
410,7089.711658,7088.884995,7089.188161,7089.659319,7102.416941,0,1.99999999999996,0.0200000000000003,5.99999999999996,2,5,65,0.5
411,7104.523433,7103.740936,7103.977268,7104.523433,7109.684245,1,NaN,0,5.99999999999996,2,5,65,0.5
412,7111.425405,7110.415736,7110.96174,7111.425405,7120.461697,0,NaN,0,7.00000000000003,1,6,66,0.5
413,7122.272356,7121.412865,7121.757191,7122.272356,7125.028345,1,NaN,0,5.99999999999996,2,5,65,0.5
414,7132.994985,7130.676655,7130.928322,7132.942652,7138.538291,0,1.99999999999996,0.0200000000000003,5.99999999999996,2,5,65,0.5
415,7140.19279,7139.073461,7139.625459,7140.140451,7142.368442,1,1.99999999999996,0.0200000000000003,7.00000000000003,1,6,66,0.5
416,7143.770942,7142.835946,7143.147778,7143.768776,7154.510894,0,1.99999999999996,0.0200000000000003,5.99999999999996,2,5,65,0.5
417,7156.03872,7155.042391,7155.308891,7156.03872,7162.836193,1,NaN,0,5.99999999999996,2,5,65,0.5
418,7165.282018,7164.135688,7164.634853,7165.22969,7169.082668,1,1.99999999999996,0.0200000000000003,7.00000000000003,1,6,66,0.5
419,7170.398836,7169.584339,7169.828838,7170.346497,7181.567452,0,1.99999999999996,0.0200000000000003,5.99999999999996,2,5,65,0.5
420,7183.034612,7182.295288,7182.494121,7183.034612,7189.238588,1,NaN,0,5.99999999999996,2,5,65,0.5
421,7191.166414,7189.68892,7190.568083,7191.166414,7197.291389,1,NaN,0,5.99999999999996,2,5,65,0.5
422,7199.888551,7198.742389,7199.072388,7199.836212,7201.189207,1,1.99999999999996,0.0200000000000003,7.00000000000003,1,6,66,0.5
423,7202.730873,7201.760705,7202.083537,7202.730873,7205.817355,0,NaN,0,7.00000000000003,1,6,66,0.5
424,7209.951511,7209.040342,7209.494179,7209.899178,7217.963139,0,1.99999999999996,0.0200000000000003,5.99999999999996,2,5,65,0.5
425,7219.589972,7218.528643,7218.998141,7219.537634,7226.806605,1,1.99999999999996,0.0200000000000003,7.00000000000003,1,6,66,0.5
426,7228.116271,7227.285608,7227.551768,7228.0641,7242.158049,0,1.99999999999996,0.0200000000000003,5.99999999999996,2,5,65,0.5
427,7243.873703,7242.759546,7243.201872,7243.821375,7252.266836,1,1.99999999999996,0.0200000000000003,7.00000000000003,1,6,66,0.5
428,7253.679163,7252.858167,7253.182005,7253.679163,7261.94963,0,NaN,0,7.00000000000003,1,6,66,0.5
429,7263.264964,7262.395801,7262.730466,7263.212792,7273.040425,0,1.99999999999996,0.0200000000000003,5.99999999999996,2,5,65,0.5
430,7274.334753,7273.483257,7273.735084,7274.334753,7280.882721,1,NaN,0,5.99999999999996,0,5,65,0.5
431,7284.20138,7283.43905,7283.669544,7284.20138,7291.296685,1,NaN,0,5.99999999999996,0,5,65,0.5
432,7292.65318,7291.71835,7292.090676,7292.601008,7301.984803,0,1.99999999999996,0.0200000000000003,5.99999999999996,2,5,65,0.5
433,7303.322799,7302.455135,7302.7753,7303.322799,7306.636118,1,NaN,0,5.99999999999996,0,5,65,0.5
434,7313.869595,7312.769427,7313.130765,7313.76859,7320.082231,0,NaN,0.00999999999999943,5.99999999999996,0,5,65,0.5
435,7321.440898,7320.534729,7320.9249,7321.388726,7328.651203,0,1.99999999999996,0.0200000000000003,5.99999999999996,2,5,65,0.5
436,7330.390357,7329.249194,7329.741365,7330.338029,7336.683832,1,1.99999999999996,0.0200000000000003,7.00000000000003,1,6,66,0.5
437,7338.156493,7337.181997,7337.458328,7338.155331,7341.128819,0,NaN,0.00999999999999943,5.99999999999996,0,5,65,0.5
438,7345.9648,7344.678139,7345.426296,7345.912461,7356.215092,0,1.99999999999996,0.0200000000000003,5.99999999999996,2,5,65,0.5
439,7358.409245,7357.203422,7357.804086,7358.356917,7366.458218,1,1.99999999999996,0.0200000000000003,7.00000000000003,1,6,66,0.5
440,7367.948379,7367.127876,7367.432548,7367.948379,7375.329343,0,NaN,0,7.00000000000003,1,6,66,0.5
441,7376.669844,7375.839842,7376.157346,7376.617505,7383.682143,0,1.99999999999996,0.0200000000000003,5.99999999999996,2,5,65,0.5
442,7385.222971,7384.173809,7384.632973,7385.170471,7391.813117,1,1.99999999999996,0.0200000000000003,7.00000000000003,1,6,66,0.5
443,7393.497604,7392.574614,7392.968279,7393.497604,7400.241744,0,NaN,0,7.00000000000003,1,6,66,0.5
444,7403.726397,7402.778733,7403.133899,7403.674069,7409.854211,1,1.99999999999996,0.0200000000000003,7.00000000000003,1,6,66,0.5
445,7411.577199,7410.841541,7411.057534,7411.577199,7415.091018,1,NaN,0,5.99999999999996,2,5,65,0.5
446,7419.022842,7417.970179,7418.275344,7419.021835,7423.199818,1,NaN,0.00999999999999943,7.00000000000003,0,6,66,0.5
447,7427.308308,7426.504145,7426.556305,7427.308308,7433.062618,1,NaN,0,5.99999999999996,2,5,65,0.5
448,7434.343613,7433.473111,7433.82411,7434.291274,7441.512251,0,1.99999999999996,0.0200000000000003,5.99999999999996,2,5,65,0.5
449,7442.969245,7442.10241,7442.403075,7442.916906,7447.880392,1,1.99999999999996,0.0200000000000003,7.00000000000003,1,6,66,0.5
450,7449.44822,7448.446218,7448.75455,7449.44822,7455.360024,1,NaN,0,5.99999999999996,0,5,65,0.5
451,7457.391354,7456.255186,7456.591519,7457.339015,7462.100163,1,1.99999999999996,0.0200000000000003,7.00000000000003,1,6,66,0.5
452,7463.61183,7462.684827,7463.052832,7463.559496,7473.090286,0,1.99999999999996,0.0200000000000003,5.99999999999996,2,5,65,0.5
453,7474.491447,7473.630956,7473.892955,7474.491447,7480.756761,1,NaN,0,5.99999999999996,2,5,65,0.5
454,7482.195089,7481.20442,7481.663757,7482.142749,7490.588388,0,1.99999999999996,0.0200000000000003,5.99999999999996,2,5,65,0.5
455,7491.864044,7491.085547,7491.396046,7491.864044,7497.758354,1,NaN,0,5.99999999999996,2,5,65,0.5
456,7499.035188,7498.186358,7498.546856,7498.982855,7509.192814,0,1.99999999999996,0.0200000000000003,5.99999999999996,2,5,65,0.5
457,7510.624135,7509.779478,7510.103971,7510.624135,7516.928944,1,NaN,0,5.99999999999996,2,5,65,0.5
458,7520.130937,7519.222268,7519.513773,7520.029771,7528.544403,0,NaN,0.00999999999999943,5.99999999999996,0,5,65,0.5
459,7529.760732,7528.927402,7529.262228,7529.708398,7537.082369,0,1.99999999999996,0.0200000000000003,5.99999999999996,2,5,65,0.5
460,7538.663196,7537.575034,7537.993193,7538.610857,7545.886494,1,1.99999999999996,0.0200000000000003,7.00000000000003,1,6,66,0.5
461,7547.341323,7546.516659,7546.807824,7547.288995,7561.0676,0,1.99999999999996,0.0200000000000003,5.99999999999996,2,5,65,0.5
462,7562.318935,7561.505771,7561.844097,7562.318935,7569.529566,1,NaN,0,5.99999999999996,2,5,65,0.5
463,7587.790833,7586.574999,7586.940997,7587.738494,7597.853121,1,1.99999999999996,0.0200000000000003,7.00000000000003,1,6,66,0.5
464,7599.617947,7598.499284,7598.982782,7599.565619,7600.724781,1,1.99999999999996,0.0200000000000003,7.00000000000003,1,6,66,0.5
465,7602.112942,7601.24044,7601.524445,7602.060603,7607.960247,0,1.99999999999996,0.0200000000000003,5.99999999999996,2,5,65,0.5
466,7609.464241,7608.524417,7608.912076,7609.411913,7615.14739,1,1.99999999999996,0.0200000000000003,7.00000000000003,1,6,66,0.5
467,7616.506718,7615.642555,7615.968887,7616.454379,7627.885833,0,1.99999999999996,0.0200000000000003,5.99999999999996,2,5,65,0.5
468,7629.791665,7628.666169,7629.175001,7629.690499,7633.67981,1,NaN,0.00999999999999943,7.00000000000003,0,6,66,0.5
469,7639.997452,7639.062628,7639.418454,7639.945124,7647.019096,0,1.99999999999996,0.0200000000000003,5.99999999999996,2,5,65,0.5
470,7648.54975,7647.620087,7647.89742,7648.54975,7654.448233,1,NaN,0,5.99999999999996,2,5,65,0.5
471,7655.875388,7654.952897,7655.285563,7655.822889,7660.311209,1,1.99999999999996,0.0200000000000003,7.00000000000003,1,6,66,0.5
472,7661.693037,7660.699035,7660.962707,7661.693037,7664.156194,1,NaN,0,5.99999999999996,2,5,65,0.5
473,7668.195845,7667.239348,7667.550674,7668.194838,7835.310509,0,NaN,0.00999999999999943,5.99999999999996,0,5,65,0.5
474,7840.072324,7838.858656,7839.191989,7840.020151,7844.6483,0,1.99999999999996,0.0200000000000003,5.99999999999996,2,5,65,0.5
475,7847.763954,7846.879796,7847.115129,7847.763954,7853.76293,1,NaN,0,5.99999999999996,2,5,65,0.5
476,7855.22593,7854.427594,7854.66326,7855.173597,7865.809215,0,1.99999999999996,0.0200000000000003,5.99999999999996,2,5,65,0.5
477,7867.330709,7866.328879,7866.605884,7867.330709,7872.53686,1,NaN,0,5.99999999999996,2,5,65,0.5
478,7874.647185,7873.82235,7874.084354,7874.594848,7875.776842,0,1.99999999999996,0.0200000000000003,5.99999999999996,2,5,65,0.5
479,7877.956839,7876.418345,7877.18217,7877.9045,7884.146642,1,1.99999999999996,0.0200000000000003,7.00000000000003,1,6,66,0.5
480,7885.465142,7884.680473,7884.944471,7885.412803,7891.971943,0,1.99999999999996,0.0200000000000003,5.99999999999996,2,5,65,0.5
481,7893.791442,7892.854446,7893.046939,7893.739109,7899.310081,1,1.99999999999996,0.0200000000000003,7.00000000000003,1,6,66,0.5
482,7900.616075,7899.824079,7900.060078,7900.616075,7906.645224,0,NaN,0,7.00000000000003,1,6,66,0.5
483,7908.006552,7907.09655,7907.476554,7907.954379,7914.347688,0,1.99999999999996,0.0200000000000003,5.99999999999996,2,5,65,0.5
484,7917.646013,7916.791017,7916.992183,7917.593842,7928.873796,0,1.99999999999996,0.0200000000000003,5.99999999999996,2,5,65,0.5
485,7930.416124,7929.348967,7929.714626,7930.314791,7937.562428,1,NaN,0.00999999999999943,7.00000000000003,0,6,66,0.5
486,7939.314588,7938.016926,7938.70859,7939.314588,7945.934894,1,NaN,0,5.99999999999996,2,5,65,0.5
487,7947.291895,7946.444393,7946.788391,7947.291895,7953.629536,0,NaN,0,7.00000000000003,1,6,66,0.5
488,7955.680361,7954.857864,7955.156858,7955.628189,7964.041828,0,1.99999999999996,0.0200000000000003,5.99999999999996,2,5,65,0.5
489,7965.672155,7964.643492,7965.004985,7965.619815,7969.477634,1,1.99999999999996,0.0200000000000003,7.00000000000003,1,6,66,0.5
490,7972.243462,7971.350126,7971.580292,7972.191128,7980.926088,1,1.99999999999996,0.0200000000000003,7.00000000000003,1,6,66,0.5
491,7983.696744,7982.855247,7983.070418,7983.644244,7990.076724,1,1.99999999999996,0.0200000000000003,7.00000000000003,1,6,66,0.5
492,7991.590046,7990.667549,7991.08038,7991.590046,7996.585531,1,NaN,0,5.99999999999996,2,5,65,0.5
493,7998.825517,7997.799193,7998.214691,7998.773017,8003.768996,1,1.99999999999996,0.0200000000000003,7.00000000000003,1,6,66,0.5
494,8005.120991,8004.230995,8004.497833,8005.120991,8010.830969,1,NaN,0,5.99999999999996,2,5,65,0.5
495,8012.076636,8011.195806,8011.598138,8012.076636,8020.506935,0,NaN,0,7.00000000000003,1,6,66,0.5
496,8021.796591,8020.905767,8021.255932,8021.796591,8027.776733,0,NaN,0,7.00000000000003,1,6,66,0.5
497,8029.315561,8028.251898,8028.664236,8029.313394,8036.500699,0,1.99999999999996,0.0200000000000003,5.99999999999996,2,5,65,0.5
498,8037.75086,8037.036864,8037.270868,8037.75086,8048.828316,1,NaN,0,5.99999999999996,2,5,65,0.5
499,8050.707148,8049.919151,8050.135644,8050.707148,8056.189953,1,NaN,0,5.99999999999996,2,5,65,0.5
500,8057.793453,8056.655451,8057.025451,8057.74112,8062.173602,1,1.99999999999996,0.0200000000000003,7.00000000000003,1,6,66,0.5
501,8063.53543,8062.651427,8063.001093,8063.53543,8071.20606,0,NaN,0,7.00000000000003,1,6,66,0.5
502,8072.586727,8071.609898,8071.919391,8072.586727,8083.136012,1,NaN,0,5.99999999999996,2,5,65,0.5
503,8084.783512,8083.785015,8084.055342,8084.731339,8090.152985,1,1.99999999999996,0.0200000000000003,7.00000000000003,1,6,66,0.5
504,8091.513485,8090.606149,8090.921981,8091.461145,8093.433805,1,1.99999999999996,0.0200000000000003,7.00000000000003,1,6,66,0.5
505,8094.927966,8093.877808,8094.192474,8094.927966,8099.386448,1,NaN,0,5.99999999999996,2,5,65,0.5
506,8102.480435,8101.368279,8101.811443,8102.428108,8110.191071,0,1.99999999999996,0.0200000000000003,5.99999999999996,2,5,65,0.5
507,8111.677071,8110.716402,8111.066067,8111.624732,8113.010726,1,1.99999999999996,0.0200000000000003,7.00000000000003,1,6,66,0.5
508,8114.369893,8113.520724,8113.833056,8114.317555,8124.181187,0,1.99999999999996,0.0200000000000003,5.99999999999996,2,5,65,0.5
509,8125.343177,8124.60218,8124.810851,8125.343177,8131.048654,1,NaN,0,5.99999999999996,2,5,65,0.5
510,8133.584983,8132.616981,8132.908147,8133.532644,8138.625963,1,1.99999999999996,0.0200000000000003,7.00000000000003,1,6,66,0.5
511,8141.570612,8140.408783,8140.698282,8141.518113,8154.020062,0,1.99999999999996,0.0200000000000003,5.99999999999996,2,5,65,0.5
512,8155.419229,8154.490393,8154.832065,8155.367057,8162.85636,1,1.99999999999996,0.0200000000000003,7.00000000000003,1,6,66,0.5
513,8164.231355,8163.334864,8163.619529,8164.231355,8171.433332,1,NaN,0,5.99999999999996,2,5,65,0.5
514,8173.189491,8172.107489,8172.457155,8173.137152,8179.971458,1,1.99999999999996,0.0200000000000003,7.00000000000003,1,6,66,0.5
515,8181.392286,8180.473129,8180.786121,8181.339953,8193.125572,0,1.99999999999996,0.0200000000000003,5.99999999999996,2,5,65,0.5
516,8194.531734,8193.66007,8193.942741,8194.479406,8198.650217,1,1.99999999999996,0.0200000000000003,7.00000000000003,1,6,66,0.5
517,8200.322044,8199.198381,8199.601552,8200.269716,8207.943847,1,1.99999999999996,0.0200000000000003,7.00000000000003,1,6,66,0.5
518,8209.25218,8208.451344,8208.760843,8209.25218,8215.394822,0,NaN,0,7.00000000000003,0,6,66,0.5
519,8216.668317,8215.758154,8216.122147,8216.615978,8225.699281,0,1.99999999999996,0.0200000000000003,5.99999999999996,2,5,65,0.5
520,8227.22127,8226.305106,8226.682605,8227.168937,8235.629575,1,1.99999999999996,0.0200000000000003,7.00000000000003,1,6,66,0.5
521,8236.940897,8236.105406,8236.376232,8236.88857,8246.713525,0,1.99999999999996,0.0200000000000003,5.99999999999996,2,5,65,0.5
522,8248.960688,8248.129358,8248.347024,8248.960688,8255.023159,1,NaN,0,5.99999999999996,2,5,65,0.5
523,8256.535991,8255.604823,8255.976327,8256.483658,8264.784125,1,1.99999999999996,0.0200000000000003,7.00000000000003,1,6,66,0.5
524,8266.515285,8265.617449,8265.932614,8266.515285,8273.718256,0,NaN,0,7.00000000000003,1,6,66,0.5
525,8275.736742,8274.660419,8275.079245,8275.635409,8281.762552,1,NaN,0.00999999999999943,7.00000000000003,0,6,66,0.5
526,8283.385544,8282.467549,8282.832547,8283.385544,8290.340856,0,NaN,0,7.00000000000003,1,6,66,0.5
527,8291.817844,8290.877854,8291.340513,8291.817844,8298.64165,0,NaN,0,7.00000000000003,1,6,66,0.5
528,8300.923642,8299.956145,8300.248816,8300.871314,8308.432112,0,1.99999999999996,0.0200000000000003,5.99999999999996,2,5,65,0.5
529,8309.765945,8308.940948,8309.197275,8309.713606,8314.43942,1,1.99999999999996,0.0200000000000003,7.00000000000003,1,6,66,0.5
530,8315.820749,8314.927418,8315.259256,8315.820749,8322.112729,0,NaN,0,7.00000000000003,1,6,66,0.5
531,8323.839555,8322.55606,8323.001219,8323.73855,8324.648219,1,NaN,0.00999999999999943,7.00000000000003,0,6,66,0.5
532,8332.736681,8331.786185,8332.082689,8332.684181,8337.547162,1,1.99999999999996,0.0200000000000003,7.00000000000003,1,6,66,0.5
533,8339.035655,8338.116992,8338.466163,8339.035655,8344.059136,0,NaN,0,7.00000000000003,0,6,66,0.5
534,8346.114299,8345.062798,8345.517963,8346.062127,8354.199094,0,1.99999999999996,0.0200000000000003,5.99999999999996,2,5,65,0.5
535,8355.624428,8354.869098,8355.113424,8355.572095,8360.147905,1,1.99999999999996,0.0200000000000003,7.00000000000003,1,6,66,0.5
536,8362.814394,8361.965236,8362.279562,8362.7619,8369.826699,1,1.99999999999996,0.0200000000000003,7.00000000000003,1,6,66,0.5
537,8371.687191,8370.328036,8370.994527,8371.687191,8384.149308,1,NaN,0,5.99999999999996,2,5,65,0.5
538,8385.453809,8384.597306,8384.868805,8385.453809,8391.455945,1,NaN,0,5.99999999999996,0,5,65,0.5
539,8392.897279,8391.82645,8392.312609,8392.897279,8399.322081,0,NaN,0,7.00000000000003,1,6,66,0.5
540,8401.725244,8400.529415,8400.91158,8401.725244,8408.694216,1,NaN,0,5.99999999999996,2,5,65,0.5
541,8410.25987,8409.102376,8409.748045,8410.25987,8410.457042,1,NaN,0,5.99999999999996,0,5,65,0.5
542,8491.78305,8491.008714,8491.175886,8491.78305,8497.343355,1,NaN,0,5.99999999999996,2,5,65,0.5
543,8500.680676,8499.75968,8500.022345,8500.628348,8508.580144,1,1.99999999999996,0.0200000000000003,7.00000000000003,1,6,66,0.5
544,8510.208637,8509.208141,8509.450807,8510.208637,8517.580447,1,NaN,0,5.99999999999996,2,5,65,0.5
545,8522.94192,8521.922258,8522.099423,8522.94192,8527.470401,1,NaN,0,5.99999999999996,2,5,65,0.5
546,8530.35339,8529.358227,8529.724059,8530.35339,8535.992034,0,NaN,0,7.00000000000003,0,6,66,0.5
547,8538.375697,8537.509201,8537.7437,8538.323358,8545.227998,0,1.99999999999996,0.0200000000000003,5.99999999999996,2,5,65,0.5
548,8546.816997,8546.100494,8546.249826,8546.764658,8550.951307,1,1.99999999999996,0.0200000000000003,7.00000000000003,1,6,66,0.5
549,8552.405141,8551.502811,8551.82981,8552.352803,8560.379937,0,1.99999999999996,0.0200000000000003,5.99999999999996,2,5,65,0.5
550,8562.541594,8561.694931,8561.928103,8562.541594,8567.90324,1,NaN,0,5.99999999999996,2,5,65,0.5
551,8569.596239,8568.427077,8568.998236,8569.596239,8574.961545,1,NaN,0,5.99999999999996,2,5,65,0.5
552,8576.496206,8575.418376,8575.840875,8576.443878,8580.359863,1,1.99999999999996,0.0200000000000003,7.00000000000003,1,6,66,0.5
553,8581.825518,8580.951021,8581.26402,8581.77319,8591.290646,0,1.99999999999996,0.0200000000000003,5.99999999999996,2,5,65,0.5
554,8592.850979,8591.96331,8592.329815,8592.798807,8593.748476,1,1.99999999999996,0.0200000000000003,7.00000000000003,1,6,66,0.5
555,8595.342969,8594.501639,8594.828632,8595.29063,8607.046256,0,1.99999999999996,0.0200000000000003,5.99999999999996,2,5,65,0.5
556,8608.566916,8607.570582,8608.005913,8608.514577,8611.596898,1,1.99999999999996,0.0200000000000003,7.00000000000003,1,6,66,0.5
557,8613.018232,8612.218735,8612.494567,8613.018232,8620.110198,0,NaN,0,7.00000000000003,1,6,66,0.5
558,8621.558525,8620.570035,8620.885367,8621.558525,8627.451335,1,NaN,0,5.99999999999996,2,5,65,0.5
559,8628.740336,8627.870172,8628.174665,8628.688163,8637.141969,0,1.99999999999996,0.0200000000000003,5.99999999999996,2,5,65,0.5
560,8638.464463,8637.742794,8637.956632,8638.464463,8646.547758,1,NaN,0,5.99999999999996,0,5,65,0.5
561,8647.808926,8646.913258,8647.195595,8647.808926,8654.48706,1,NaN,0,5.99999999999996,2,5,65,0.5
562,8656.017893,8654.948225,8655.362896,8655.965721,8659.903044,1,1.99999999999996,0.0200000000000003,7.00000000000003,1,6,66,0.5
563,8661.170206,8660.35737,8660.652702,8661.118034,8669.465001,0,1.99999999999996,0.0200000000000003,5.99999999999996,2,5,65,0.5
564,8670.826001,8670.018171,8670.296663,8670.826001,8675.758142,1,NaN,0,5.99999999999996,0,5,65,0.5
565,8677.449802,8676.373806,8676.956309,8677.449802,8682.166455,0,NaN,0,7.00000000000003,1,6,66,0.5
566,8685.768108,8684.952772,8685.186277,8685.715935,8697.679054,0,1.99999999999996,0.0200000000000003,5.99999999999996,2,5,65,0.5
567,8698.92555,8698.185225,8698.411552,8698.92555,8704.248194,1,NaN,0,5.99999999999996,2,5,65,0.5
568,8707.816847,8707.027016,8707.246182,8707.764348,8718.933475,0,1.99999999999996,0.0200000000000003,5.99999999999996,2,5,65,0.5
569,8720.296636,8719.4498,8719.7673,8720.244303,8724.955611,1,1.99999999999996,0.0200000000000003,7.00000000000003,1,6,66,0.5
570,8726.39344,8725.511609,8725.795447,8726.292106,8731.635085,0,NaN,0.00999999999999943,5.99999999999996,0,5,65,0.5
571,8733.183918,8732.291088,8732.706086,8733.183918,8738.493224,1,NaN,0,5.99999999999996,0,5,65,0.5
572,8739.866891,8738.973722,8739.230054,8739.865885,8751.094507,0,NaN,0.00999999999999943,5.99999999999996,0,5,65,0.5
573,8752.314675,8751.573678,8751.808671,8752.262336,8758.062485,0,1.99999999999996,0.0200000000000003,5.99999999999996,2,5,65,0.5
574,8759.470974,8758.628644,8758.955475,8759.418646,8763.008627,1,1.99999999999996,0.0200000000000003,7.00000000000003,1,6,66,0.5
575,8764.816619,8763.863628,8763.961461,8764.815458,8770.772595,1,NaN,0.00999999999999943,7.00000000000003,0,6,66,0.5
576,8772.080429,8771.206593,8771.577592,8772.02809,8781.824217,0,1.99999999999996,0.0200000000000003,5.99999999999996,2,5,65,0.5
577,8783.281218,8782.408882,8782.742386,8783.228878,8784.236708,1,1.99999999999996,0.0200000000000003,7.00000000000003,1,6,66,0.5
578,8785.460036,8784.661379,8784.988371,8785.460036,8790.871014,0,NaN,0,7.00000000000003,1,6,66,0.5
579,8796.800991,8795.9925,8796.260332,8796.748664,8805.42779,0,1.99999999999996,0.0200000000000003,5.99999999999996,2,5,65,0.5
580,8806.88429,8806.035788,8806.335786,8806.832117,8807.927952,1,1.99999999999996,0.0200000000000003,7.00000000000003,1,6,66,0.5
581,8809.402941,8808.598444,8808.891615,8809.350607,8818.637237,0,1.99999999999996,0.0200000000000003,5.99999999999996,2,5,65,0.5
582,8820.083404,8819.206568,8819.550066,8820.03107,8826.383872,1,1.99999999999996,0.0200000000000003,7.00000000000003,1,6,66,0.5
583,8827.750534,8826.891204,8827.242542,8827.750534,8834.909338,0,NaN,0,7.00000000000003,1,6,66,0.5
584,8839.755158,8838.941322,8839.24516,8839.702825,8850.277616,0,1.99999999999996,0.0200000000000003,5.99999999999996,2,5,65,0.5
585,8851.676444,8850.736614,8851.062274,8851.624105,8857.175922,1,1.99999999999996,0.0200000000000003,7.00000000000003,1,6,66,0.5
586,8859.594246,8858.824243,8859.051242,8859.542073,8864.818885,1,1.99999999999996,0.0200000000000003,7.00000000000003,1,6,66,0.5
587,8866.26938,8865.354883,8865.632883,8866.168053,8873.775189,0,NaN,0.00999999999999943,5.99999999999996,0,5,65,0.5
588,8874.863685,8874.115015,8874.35502,8874.811346,8885.792635,0,1.99999999999996,0.0200000000000003,5.99999999999996,2,5,65,0.5
589,8887.5468,8886.661471,8886.995469,8887.494467,8888.637963,1,1.99999999999996,0.0200000000000003,7.00000000000003,1,6,66,0.5
590,8890.234956,8889.236121,8889.540459,8890.182617,8892.809779,1,1.99999999999996,0.0200000000000003,7.00000000000003,1,6,66,0.5
591,8894.199607,8893.319271,8893.623943,8894.147274,8895.137603,1,1.99999999999996,0.0200000000000003,7.00000000000003,1,6,66,0.5
592,8896.577431,8895.694101,8895.9906,8896.525092,8910.785701,0,1.99999999999996,0.0200000000000003,5.99999999999996,2,5,65,0.5
593,8912.121197,8911.333372,8911.604704,8912.068697,8915.760849,1,1.99999999999996,0.0200000000000003,7.00000000000003,1,6,66,0.5
594,8917.121843,8916.213686,8916.532685,8917.069516,8921.054166,1,1.99999999999996,0.0200000000000003,7.00000000000003,1,6,66,0.5
595,8922.316161,8921.474325,8921.714997,8922.294655,8933.532444,0,1.99999999999996,0.0200000000000003,5.99999999999996,2,5,65,0.5
596,8935.666769,8934.819273,8935.160271,8935.614441,8936.540265,1,1.99999999999996,0.0200000000000003,7.00000000000003,1,6,66,0.5
597,8938.277759,8937.068764,8937.657261,8938.225431,8941.734417,1,1.99999999999996,0.0200000000000003,7.00000000000003,1,6,66,0.5
598,8944.274901,8943.44741,8943.670576,8944.222574,8957.620014,0,1.99999999999996,0.0200000000000003,5.99999999999996,2,5,65,0.5
599,8959.224675,8958.282345,8958.643677,8959.172175,8963.013665,1,1.99999999999996,0.0200000000000003,7.00000000000003,1,6,66,0.5
600,8964.405821,8963.52633,8963.836495,8964.353493,8969.915798,1,1.99999999999996,0.0200000000000003,7.00000000000003,1,6,66,0.5
601,8971.460792,8970.434636,8970.709628,8971.460792,8977.646607,1,NaN,0,5.99999999999996,2,5,65,0.5
602,8978.945262,8978.093933,8978.42227,8978.945262,8985.777568,1,NaN,0,5.99999999999996,2,5,65,0.5
603,8987.492734,8986.467899,8986.865397,8987.440401,8990.869382,1,1.99999999999996,0.0200000000000003,7.00000000000003,1,6,66,0.5
604,8992.296876,8991.342713,8991.719878,8992.296876,8997.640527,0,NaN,0,7.00000000000003,1,6,66,0.5
605,8999.402686,8998.475185,8998.872355,8999.350514,9008.496811,0,1.99999999999996,0.0200000000000003,5.99999999999996,2,5,65,0.5
606,9009.512979,9008.803977,9009.039481,9009.512979,9014.570286,1,NaN,0,5.99999999999996,2,5,65,0.5
607,9018.127945,9017.312443,9017.559608,9018.075606,9028.593897,0,1.99999999999996,0.0200000000000003,5.99999999999996,2,5,65,0.5
608,9029.897231,9029.095396,9029.381394,9029.897231,9036.557038,1,NaN,0,5.99999999999996,2,5,65,0.5
609,9038.034526,9037.032369,9037.437201,9037.982199,9041.151519,1,1.99999999999996,0.0200000000000003,7.00000000000003,1,6,66,0.5
610,9042.375848,9041.580351,9041.817677,9042.323509,9052.132475,0,1.99999999999996,0.0200000000000003,5.99999999999996,2,5,65,0.5
611,9053.575297,9052.800967,9053.079799,9053.575297,9059.883772,1,NaN,0,5.99999999999996,2,5,65,0.5
612,9061.321272,9060.418942,9060.776108,9061.2691,9070.318563,0,1.99999999999996,0.0200000000000003,5.99999999999996,2,5,65,0.5
613,9071.789563,9070.962567,9071.240399,9071.789563,9077.275869,1,NaN,0,5.99999999999996,2,5,65,0.5
614,9078.542531,9077.664868,9078.061872,9078.542531,9083.869842,0,NaN,0,7.00000000000003,1,6,66,0.5
615,9089.468826,9088.548324,9088.77449,9089.416493,9092.386475,1,1.99999999999996,0.0200000000000003,7.00000000000003,1,6,66,0.5
616,9093.58931,9092.781979,9093.052639,9093.536976,9101.235279,0,1.99999999999996,0.0200000000000003,5.99999999999996,2,5,65,0.5
617,9102.687607,9101.817438,9102.162269,9102.635273,9104.331933,1,1.99999999999996,0.0200000000000003,7.00000000000003,1,6,66,0.5
618,9105.648595,9104.829759,9105.138091,9105.596422,9116.089047,0,1.99999999999996,0.0200000000000003,5.99999999999996,2,5,65,0.5
619,9117.416214,9116.651711,9116.88405,9117.416214,9124.050516,1,NaN,0,5.99999999999996,2,5,65,0.5
620,9125.45251,9124.580686,9124.951351,9125.45251,9161.567698,1,NaN,0,5.99999999999996,2,5,65,0.5
621,9163.287025,9162.207702,9162.643861,9163.287025,9166.856511,1,NaN,0,5.99999999999996,2,5,65,0.5
622,9177.545307,9176.590144,9176.87781,9177.492969,9178.773963,1,1.99999999999996,0.0200000000000003,7.00000000000003,1,6,66,0.5
623,9180.140624,9179.221794,9179.55296,9180.08813,9186.278933,0,1.99999999999996,0.0200000000000003,5.99999999999996,2,5,65,0.5
624,9187.849599,9186.854431,9187.118929,9187.849599,9193.439737,1,NaN,0,5.99999999999996,2,5,65,0.5
625,9195.061898,9194.186068,9194.396067,9195.061898,9199.885212,1,NaN,0,5.99999999999996,2,5,65,0.5
626,9202.169203,9201.291039,9201.622871,9202.116876,9210.99284,0,1.99999999999996,0.0200000000000003,5.99999999999996,2,5,65,0.5
627,9214.845325,9214.153155,9214.35716,9214.793152,9222.893286,0,1.99999999999996,0.0200000000000003,5.99999999999996,2,5,65,0.5
628,9225.021117,9224.096788,9224.45328,9224.968945,9226.246779,1,1.99999999999996,0.0200000000000003,7.00000000000003,1,6,66,0.5
629,9227.6971,9226.799943,9227.161775,9227.6971,9234.127414,0,NaN,0,7.00000000000003,1,6,66,0.5
630,9235.86724,9234.59724,9235.042744,9235.814902,9237.910399,1,1.99999999999996,0.0200000000000003,7.00000000000003,1,6,66,0.5
631,9239.120561,9238.320564,9238.57389,9239.068222,9248.625023,0,1.99999999999996,0.0200000000000003,5.99999999999996,2,5,65,0.5
632,9250.45501,9249.696519,9249.837845,9250.402682,9251.668838,1,1.99999999999996,0.0200000000000003,7.00000000000003,1,6,66,0.5
633,9252.991839,9252.213842,9252.487507,9252.939499,9259.915138,0,1.99999999999996,0.0200000000000003,5.99999999999996,2,5,65,0.5
634,9261.218466,9260.472642,9260.709808,9261.218466,9266.800944,1,NaN,0,5.99999999999996,2,5,65,0.5
635,9267.973779,9267.229442,9267.468941,9267.921446,9277.112575,0,1.99999999999996,0.0200000000000003,5.99999999999996,2,5,65,0.5
636,9278.913068,9278.079566,9278.346071,9278.913068,9281.106226,1,NaN,0,5.99999999999996,0,5,65,0.5
637,9320.676401,9319.726566,9319.990571,9320.676401,9327.191703,1,NaN,0,5.99999999999996,2,5,65,0.5
638,9328.551865,9327.804367,9328.007366,9328.499364,9332.155022,0,1.99999999999996,0.0200000000000003,5.99999999999996,2,5,65,0.5
639,9333.75401,9332.748014,9332.998685,9333.75401,9339.085994,1,NaN,0,5.99999999999996,2,5,65,0.5
640,9340.701488,9339.827153,9340.148323,9340.600316,9349.016455,0,NaN,0.00999999999999943,5.99999999999996,0,5,65,0.5
641,9350.321783,9349.389614,9349.781451,9350.26961,9357.772753,1,1.99999999999996,0.0200000000000003,7.00000000000003,1,6,66,0.5
642,9359.001909,9358.252251,9358.486745,9358.949581,9367.257542,0,1.99999999999996,0.0200000000000003,5.99999999999996,2,5,65,0.5
643,9368.554543,9367.773207,9368.055045,9368.554543,9372.416528,1,NaN,0,5.99999999999996,2,5,65,0.5
644,9376.951004,9375.729848,9376.178179,9376.898676,9380.671495,1,1.99999999999996,0.0200000000000003,7.00000000000003,1,6,66,0.5
645,9381.773318,9381.072493,9381.27882,9381.72099,9388.357792,0,1.99999999999996,0.0200000000000003,5.99999999999996,2,5,65,0.5
646,9389.830791,9388.916123,9389.269454,9389.729625,9395.452263,1,NaN,0.00999999999999943,7.00000000000003,0,6,66,0.5
647,9397.143762,9396.269432,9396.557931,9397.091423,9398.034925,1,1.99999999999996,0.0200000000000003,7.00000000000003,1,6,66,0.5
648,9399.321087,9398.538584,9398.766089,9399.268914,9406.598058,0,1.99999999999996,0.0200000000000003,5.99999999999996,2,5,65,0.5
649,9407.947719,9407.06855,9407.372715,9407.846553,9411.88803,1,NaN,0.00999999999999943,7.00000000000003,0,6,66,0.5
650,9415.333017,9414.30686,9414.764358,9415.28085,9424.756479,0,1.99999999999996,0.0200000000000003,5.99999999999996,2,5,65,0.5
651,9427.569468,9425.435476,9425.708642,9427.516969,9439.902424,0,1.99999999999996,0.0200000000000003,5.99999999999996,2,5,65,0.5
652,9441.166919,9440.390422,9440.635416,9441.11458,9442.568741,1,1.99999999999996,0.0200000000000003,7.00000000000003,1,6,66,0.5
653,9443.955403,9443.074406,9443.387404,9443.903075,9452.425708,0,1.99999999999996,0.0200000000000003,5.99999999999996,2,5,65,0.5
654,9453.862035,9453.043372,9453.336704,9453.809702,9458.916176,1,1.99999999999996,0.0200000000000003,7.00000000000003,1,6,66,0.5
655,9460.191176,9459.397008,9459.620512,9460.138843,9471.364292,0,1.99999999999996,0.0200000000000003,5.99999999999996,2,5,65,0.5
656,9472.599627,9471.849958,9472.109789,9472.547288,9477.724606,1,1.99999999999996,0.0200000000000003,7.00000000000003,1,6,66,0.5
657,9478.948263,9478.176938,9478.401765,9478.948263,9485.655075,1,NaN,0,5.99999999999996,2,5,65,0.5
658,9487.696227,9486.662404,9487.05473,9487.696227,9493.866369,0,NaN,0,7.00000000000003,0,6,66,0.5
659,9495.815701,9494.207368,9494.602872,9495.254864,9497.921026,1,NaN,0.00999999999999943,7.00000000000003,0,6,66,0.5
660,9502.960005,9501.969003,9502.313669,9502.907666,9510.360303,0,1.99999999999996,0.0200000000000003,5.99999999999996,2,5,65,0.5
661,9511.770798,9510.865468,9511.2068,9511.71847,9516.065114,1,1.99999999999996,0.0200000000000003,7.00000000000003,1,6,66,0.5
662,9517.422114,9516.635451,9516.882116,9517.369775,9526.757077,0,1.99999999999996,0.0200000000000003,5.99999999999996,2,5,65,0.5
663,9528.029232,9527.366902,9527.588574,9528.029232,9619.698705,1,NaN,0,5.99999999999996,0,5,65,0.5
664,9621.479865,9620.500029,9620.810195,9621.479865,9627.300508,1,NaN,0,5.99999999999996,2,5,65,0.5
665,9630.094664,9629.130667,9629.437833,9630.042491,9638.671463,1,1.99999999999996,0.0200000000000003,7.00000000000003,1,6,66,0.5
666,9640.357617,9639.446459,9639.661953,9640.25629,9646.940923,1,NaN,0.00999999999999943,7.00000000000003,0,6,66,0.5
667,9652.106242,9651.344912,9651.569744,9652.053903,9657.634887,0,1.99999999999996,0.0200000000000003,5.99999999999996,2,5,65,0.5
668,9659.536374,9658.476878,9658.850709,9659.484046,9662.355695,1,1.99999999999996,0.0200000000000003,7.00000000000003,1,6,66,0.5
669,9664.827019,9664.047188,9664.224027,9664.809186,9665.568182,1,1.99999999999996,0.0200000000000003,7.00000000000003,1,6,66,0.5
670,9667.265515,9666.068848,9666.474513,9667.164343,9673.166152,1,NaN,0.00999999999999943,7.00000000000003,0,6,66,0.5
671,9674.494813,9673.534323,9673.943155,9674.494813,9679.790798,1,NaN,0,5.99999999999996,2,5,65,0.5
672,9681.013955,9680.208624,9680.48279,9680.961627,9689.41726,0,1.99999999999996,0.0200000000000003,5.99999999999996,2,5,65,0.5
673,9690.996415,9690.058584,9690.282584,9690.943915,9695.431569,1,1.99999999999996,0.0200000000000003,7.00000000000003,1,6,66,0.5
674,9696.836063,9695.904728,9696.203893,9696.783891,9701.90221,1,1.99999999999996,0.0200000000000003,7.00000000000003,1,6,66,0.5
675,9703.298865,9702.301035,9702.621201,9703.298865,9709.704178,0,NaN,0,7.00000000000003,0,6,66,0.5
676,9711.041006,9710.110338,9710.481003,9710.988667,9715.641988,1,1.99999999999996,0.0200000000000003,7.00000000000003,1,6,66,0.5
677,9717.149482,9716.063814,9716.463479,9717.097143,9721.491792,1,1.99999999999996,0.0200000000000003,7.00000000000003,1,6,66,0.5
678,9723.119291,9722.03879,9722.363956,9723.119291,9727.587102,1,NaN,0,5.99999999999996,2,5,65,0.5
679,9729.716432,9728.90043,9729.094601,9729.716432,9732.656081,1,NaN,0,5.99999999999996,2,5,65,0.5
680,9736.747237,9735.928234,9736.206572,9736.747237,9741.96121,1,NaN,0,5.99999999999996,2,5,65,0.5
681,9744.307201,9743.352704,9743.608037,9744.254702,9752.725001,0,1.99999999999996,0.0200000000000003,5.99999999999996,2,5,65,0.5
682,9754.115828,9753.278504,9753.53517,9754.115828,9759.557641,1,NaN,0,5.99999999999996,2,5,65,0.5
683,9761.196634,9760.181471,9760.424304,9761.095468,9782.937552,1,NaN,0.00999999999999943,7.00000000000003,0,6,66,0.5
684,9784.486046,9783.74521,9783.842543,9784.433707,9787.454695,1,1.99999999999996,0.0200000000000003,7.00000000000003,1,6,66,0.5
685,9789.627687,9788.717523,9788.964028,9789.627687,9791.248847,1,NaN,0,5.99999999999996,2,5,65,0.5
686,9804.56746,9803.70163,9803.874463,9804.515133,9806.617619,1,1.99999999999996,0.0200000000000003,7.00000000000003,1,6,66,0.5
687,9807.999447,9807.181449,9807.520454,9807.947119,9813.468091,0,1.99999999999996,0.0200000000000003,5.99999999999996,2,5,65,0.5
688,9815.497417,9814.55592,9814.923258,9815.396083,9818.186072,1,NaN,0.00999999999999943,7.00000000000003,0,6,66,0.5
689,9825.093884,9823.966221,9824.223548,9825.093884,9831.649524,1,NaN,0,5.99999999999996,2,5,65,0.5
690,9833.104685,9832.158849,9832.470187,9833.003679,9839.518987,1,NaN,0.00999999999999943,7.00000000000003,0,6,66,0.5
691,9841.511151,9840.861149,9841.06798,9841.458818,9849.472286,0,1.99999999999996,0.0200000000000003,5.99999999999996,2,5,65,0.5
692,9851.298445,9850.232111,9850.489609,9851.298445,9867.248215,1,NaN,0,5.99999999999996,2,5,65,0.5
693,9868.53371,9867.630041,9867.925546,9868.481377,9869.506534,1,1.99999999999996,0.0200000000000003,7.00000000000003,1,6,66,0.5
694,9870.725868,9869.982704,9870.20903,9870.673529,9878.044832,0,1.99999999999996,0.0200000000000003,5.99999999999996,2,5,65,0.5
695,9880.791661,9880.09233,9880.283496,9880.739655,9890.965614,0,1.99999999999996,0.0200000000000003,5.99999999999996,2,5,65,0.5
696,9892.383275,9891.425113,9891.699117,9892.383275,9898.718416,1,NaN,0,5.99999999999996,2,5,65,0.5
697,9900.233416,9899.200748,9899.595746,9900.18125,9902.532402,1,1.99999999999996,0.0200000000000003,7.00000000000003,1,6,66,0.5
698,9903.721564,9902.930906,9903.183898,9903.669064,9910.692374,0,1.99999999999996,0.0200000000000003,5.99999999999996,2,5,65,0.5
699,9912.07303,9911.263539,9911.547699,9912.020703,9914.816358,1,1.99999999999996,0.0200000000000003,7.00000000000003,1,6,66,0.5
700,9916.212846,9915.308189,9915.619183,9916.212846,9922.837326,0,NaN,0,7.00000000000003,1,6,66,0.5
701,9924.148149,9923.368824,9923.642984,9924.095648,9933.736276,0,1.99999999999996,0.0200000000000003,5.99999999999996,2,5,65,0.5
702,9937.6291,9936.645598,9936.947936,9937.576928,9945.146564,0,1.99999999999996,0.0200000000000003,5.99999999999996,2,5,65,0.5
703,9946.697397,9945.868061,9946.176061,9946.645058,9950.784881,1,1.99999999999996,0.0200000000000003,7.00000000000003,1,6,66,0.5
704,9952.187875,9951.329539,9951.628205,9952.187875,9958.490677,0,NaN,0,7.00000000000003,1,6,66,0.5
705,9959.610512,9958.900842,9959.110009,9959.558179,9969.092968,0,1.99999999999996,0.0200000000000003,5.99999999999996,2,5,65,0.5
706,9970.458135,9969.659472,9969.893804,9970.458135,9980.070764,1,NaN,0,5.99999999999996,0,5,65,0.5
707,9982.776914,9982.01825,9982.193088,9982.675748,9985.757235,0,NaN,0.00999999999999943,5.99999999999996,0,5,65,0.5
708,9990.687388,9989.537559,9989.898052,9990.635216,10001.08684,1,1.99999999999996,0.0200000000000003,7.00000000000003,1,6,66,0.5
709,10002.582835,10001.587505,10001.960003,10002.481501,10008.562977,0,NaN,0.00999999999999943,5.99999999999996,0,5,65,0.5
710,10010.42797,10009.408308,10009.782972,10010.375642,10015.217784,1,1.99999999999996,0.0200000000000003,7.00000000000003,1,6,66,0.5
711,10016.445285,10015.601949,10015.881448,10016.393112,10023.811083,0,1.99999999999996,0.0200000000000003,5.99999999999996,2,5,65,0.5
712,10025.160583,10024.327415,10024.594752,10025.108245,10030.779555,1,1.99999999999996,0.0200000000000003,7.00000000000003,1,6,66,0.5
713,10032.14155,10031.472391,10031.589719,10032.089222,10038.449191,1,1.99999999999996,0.0200000000000003,7.00000000000003,1,6,66,0.5
714,10039.881191,10039.050861,10039.30386,10039.828852,10050.867647,0,1.99999999999996,0.0200000000000003,5.99999999999996,2,5,65,0.5
715,10052.288969,10051.533972,10051.799471,10052.288969,10056.259292,1,NaN,0,5.99999999999996,2,5,65,0.5
716,10060.842769,10059.996271,10060.196104,10060.790441,10065.582249,1,1.99999999999996,0.0200000000000003,7.00000000000003,1,6,66,0.5
717,10066.959911,10066.10842,10066.444585,10066.907583,10073.394052,1,1.99999999999996,0.0200000000000003,7.00000000000003,1,6,66,0.5
718,10074.797213,10073.969716,10074.213887,10074.797213,10078.460364,1,NaN,0,5.99999999999996,2,5,65,0.5
719,10081.662024,10080.896854,10081.08952,10081.560686,10087.412328,0,NaN,0.00999999999999943,5.99999999999996,0,5,65,0.5
720,10088.657491,10087.86016,10088.113831,10088.604991,10095.941794,0,1.99999999999996,0.0200000000000003,5.99999999999996,2,5,65,0.5
721,10097.392794,10096.501959,10096.84313,10097.340455,10102.605774,1,1.99999999999996,0.0200000000000003,7.00000000000003,1,6,66,0.5
722,10103.996768,10103.131432,10103.352932,10103.996768,10107.472915,1,NaN,0,5.99999999999996,2,5,65,0.5
723,10111.489066,10110.619069,10110.951907,10111.436738,10119.612039,0,1.99999999999996,0.0200000000000003,5.99999999999996,2,5,65,0.5
724,10120.8897,10120.092365,10120.37153,10120.8897,10126.837837,1,NaN,0,5.99999999999996,2,5,65,0.5
725,10127.934667,10127.197169,10127.421668,10127.882167,10135.648141,0,1.99999999999996,0.0200000000000003,5.99999999999996,2,5,65,0.5
726,10138.47713,10136.191806,10136.453638,10138.424797,10146.563598,0,1.99999999999996,0.0200000000000003,5.99999999999996,2,5,65,0.5
727,10147.97892,10147.120423,10147.462594,10147.92642,10151.778237,1,1.99999999999996,0.0200000000000003,7.00000000000003,1,6,66,0.5
728,10153.147905,10152.283569,10152.568401,10153.095566,10162.921699,0,1.99999999999996,0.0200000000000003,5.99999999999996,2,5,65,0.5
729,10164.497526,10163.532024,10163.931856,10164.445353,10167.331848,1,1.99999999999996,0.0200000000000003,7.00000000000003,1,6,66,0.5
730,10168.86517,10167.930512,10168.308177,10168.812842,10172.544488,1,1.99999999999996,0.0200000000000003,7.00000000000003,1,6,66,0.5
731,10173.883322,10173.064158,10173.291824,10173.830983,10183.247779,0,1.99999999999996,0.0200000000000003,5.99999999999996,2,5,65,0.5
732,10184.668445,10183.873442,10184.117775,10184.616112,10186.652431,1,1.99999999999996,0.0200000000000003,7.00000000000003,1,6,66,0.5
733,10187.883926,10187.11593,10187.373595,10187.883926,10193.816909,1,NaN,0,5.99999999999996,2,5,65,0.5
734,10195.488735,10194.23574,10194.754572,10195.436396,10199.912384,1,1.99999999999996,0.0200000000000003,7.00000000000003,1,6,66,0.5
735,10201.226212,10200.39971,10200.679042,10201.173874,10209.628673,0,1.99999999999996,0.0200000000000003,5.99999999999996,2,5,65,0.5
736,10210.90134,10210.14051,10210.378842,10210.90134,10217.415642,1,NaN,0,5.99999999999996,2,5,65,0.5
737,10219.061969,10217.949306,10218.399644,10219.059802,10222.076624,1,1.99999999999996,0.0200000000000003,7.00000000000003,1,6,66,0.5
738,10223.593284,10222.505961,10222.847953,10223.492117,10261.82397,1,NaN,0.00999999999999943,7.00000000000003,0,6,66,0.5
739,10263.358958,10262.479961,10262.72196,10263.358958,10284.551873,1,NaN,0,5.99999999999996,2,5,65,0.5
740,10286.056534,10285.169371,10285.491542,10286.004207,10288.842189,1,1.99999999999996,0.0200000000000003,7.00000000000003,1,6,66,0.5
741,10290.445183,10289.40752,10289.651692,10290.445183,10296.201993,1,NaN,0,5.99999999999996,2,5,65,0.5
742,10298.508318,10297.718493,10297.929992,10298.455818,10302.926966,0,1.99999999999996,0.0200000000000003,5.99999999999996,2,5,65,0.5
743,10304.668632,10303.637969,10303.998463,10304.567466,10309.226275,1,NaN,0.00999999999999943,7.00000000000003,0,6,66,0.5
744,10312.101096,10311.092267,10311.451938,10312.048769,10313.946922,1,1.99999999999996,0.0200000000000003,7.00000000000003,1,6,66,0.5
745,10315.274256,10314.333927,10314.673253,10315.221917,10316.244586,1,1.99999999999996,0.0200000000000003,7.00000000000003,1,6,66,0.5
746,10318.089912,10317.323909,10317.556575,10318.037572,10329.844365,0,1.99999999999996,0.0200000000000003,5.99999999999996,2,5,65,0.5
747,10332.730514,10331.861523,10332.169516,10332.678187,10337.080669,0,1.99999999999996,0.0200000000000003,5.99999999999996,2,5,65,0.5
748,10338.983989,10338.021998,10338.304825,10338.983989,10345.080298,1,NaN,0,5.99999999999996,2,5,65,0.5
749,10347.443955,10346.682625,10346.87163,10347.391628,10352.518435,1,1.99999999999996,0.0200000000000003,7.00000000000003,1,6,66,0.5
750,10353.997435,10353.033938,10353.351937,10353.945262,10357.431748,1,1.99999999999996,0.0200000000000003,7.00000000000003,1,6,66,0.5
751,10358.690916,10357.893246,10358.117751,10358.690916,10364.51372,1,NaN,0,5.99999999999996,2,5,65,0.5
752,10366.980216,10366.160214,10366.410046,10366.879044,10373.178852,0,NaN,0.00999999999999943,5.99999999999996,0,5,65,0.5
753,10374.727846,10373.56685,10374.091348,10374.727846,10374.805518,1,NaN,0,5.99999999999996,2,5,65,0.5
754,10383.425817,10382.392315,10382.753147,10383.373478,10386.263306,1,1.99999999999996,0.0200000000000003,7.00000000000003,1,6,66,0.5
755,10387.647461,10386.799631,10387.03913,10387.595128,10392.971773,0,1.99999999999996,0.0200000000000003,5.99999999999996,2,5,65,0.5
756,10395.284603,10394.486106,10394.606106,10395.23227,10397.890926,1,1.99999999999996,0.0200000000000003,7.00000000000003,1,6,66,0.5
757,10400.697081,10399.921751,10400.13425,10400.644742,10409.356713,0,1.99999999999996,0.0200000000000003,5.99999999999996,2,5,65,0.5
758,10410.734702,10409.865372,10410.186204,10410.734702,10417.04801,1,NaN,0,5.99999999999996,2,5,65,0.5
759,10419.302507,10417.440848,10417.925673,10419.250168,10427.205302,0,1.99999999999996,0.0200000000000003,5.99999999999996,2,5,65,0.5
760,10429.601627,10428.644969,10428.88713,10429.549299,10436.443932,0,1.99999999999996,0.0200000000000003,5.99999999999996,2,5,65,0.5
761,10437.821593,10437.071096,10437.300435,10437.821593,10440.730582,1,NaN,0,5.99999999999996,2,5,65,0.5
762,10445.507069,10444.567906,10444.861071,10445.454729,10446.349393,1,1.99999999999996,0.0200000000000003,7.00000000000003,1,6,66,0.5
763,10447.523561,10446.777397,10447.005063,10447.471221,10455.162025,0,1.99999999999996,0.0200000000000003,5.99999999999996,2,5,65,0.5
764,10456.896351,10455.732528,10456.020193,10456.844023,10466.111981,0,1.99999999999996,0.0200000000000003,5.99999999999996,2,5,65,0.5
765,10467.298475,10466.521318,10466.815811,10467.298475,10475.699781,1,NaN,0,5.99999999999996,2,5,65,0.5
766,10481.528918,10480.699928,10480.967588,10481.528918,10854.072095,1,NaN,0,5.99999999999996,2,5,65,0.5
767,10858.106252,10856.892923,10857.182249,10858.053913,10860.898734,0,1.99999999999996,0.0200000000000003,5.99999999999996,2,5,65,0.5
768,10865.647883,10864.57622,10864.900886,10865.546549,10871.596358,0,NaN,0.00999999999999943,5.99999999999996,0,5,65,0.5
769,10873.830189,10872.492361,10872.901526,10873.777849,10879.337167,0,1.99999999999996,0.0200000000000003,5.99999999999996,2,5,65,0.5
770,10881.019327,10879.884992,10880.170991,10881.019327,10885.006144,1,NaN,0,5.99999999999996,2,5,65,0.5
771,10888.989795,10888.107125,10888.343631,10888.888622,10894.861938,0,NaN,0.00999999999999943,5.99999999999996,0,5,65,0.5
772,10896.406932,10895.555268,10895.784101,10896.354593,10902.510401,0,1.99999999999996,0.0200000000000003,5.99999999999996,2,5,65,0.5
773,10904.106395,10903.063899,10903.385398,10904.106395,10920.03017,1,NaN,0,5.99999999999996,2,5,65,0.5
774,10921.796325,10920.879834,10921.206827,10921.796325,10929.017128,1,NaN,0,5.99999999999996,2,5,65,0.5
775,10931.010293,10929.668293,10930.206463,10930.909127,10936.680604,1,NaN,0.00999999999999943,7.00000000000003,0,6,66,0.5
776,10938.146593,10937.158929,10937.6376,10938.094265,10940.293923,0,1.99999999999996,0.0200000000000003,5.99999999999996,2,5,65,0.5
777,10943.08274,10941.591084,10941.779077,10943.03024,10950.845214,0,1.99999999999996,0.0200000000000003,5.99999999999996,2,5,65,0.5
778,10952.421536,10951.503211,10951.835377,10952.369208,10953.56803,1,1.99999999999996,0.0200000000000003,7.00000000000003,1,6,66,0.5
779,10954.865364,10954.076362,10954.313694,10954.813192,10959.37068,0,1.99999999999996,0.0200000000000003,5.99999999999996,2,5,65,0.5
780,10960.622502,10959.856339,10960.120171,10960.622502,10965.694982,1,NaN,0,5.99999999999996,2,5,65,0.5
781,10968.001307,10966.834483,10967.365975,10967.948807,10969.141635,1,1.99999999999996,0.0200000000000003,7.00000000000003,1,6,66,0.5
782,10970.374302,10969.611805,10969.856971,10970.321964,10978.144265,0,1.99999999999996,0.0200000000000003,5.99999999999996,2,5,65,0.5
783,10981.095926,10980.269424,10980.476923,10981.043588,10989.122727,0,1.99999999999996,0.0200000000000003,5.99999999999996,2,5,65,0.5
784,10991.168386,10990.21355,10990.560716,10991.116047,10995.999361,1,1.99999999999996,0.0200000000000003,7.00000000000003,1,6,66,0.5
785,10997.24019,10996.43436,10996.673864,10997.187862,11003.958495,0,1.99999999999996,0.0200000000000003,5.99999999999996,2,5,65,0.5
786,11012.344962,11011.402972,11011.70297,11012.292463,11021.070266,0,1.99999999999996,0.0200000000000003,5.99999999999996,2,5,65,0.5
787,11024.589419,11023.66725,11023.939422,11024.53708,11032.991385,0,1.99999999999996,0.0200000000000003,5.99999999999996,2,5,65,0.5
788,11035.12871,11034.213542,11034.569212,11035.076371,11039.988191,1,1.99999999999996,0.0200000000000003,7.00000000000003,1,6,66,0.5
789,11041.467679,11040.550683,11040.772354,11041.467679,11053.65463,1,NaN,0,5.99999999999996,2,5,65,0.5
790,11055.53529,11054.55296,11054.865631,11055.482962,11058.705443,1,1.99999999999996,0.0200000000000003,7.00000000000003,1,6,66,0.5
791,11059.980944,11059.223608,11059.43544,11059.928605,11067.523414,0,1.99999999999996,0.0200000000000003,5.99999999999996,2,5,65,0.5
792,11068.958735,11068.102072,11068.372571,11068.958735,11073.216724,1,NaN,0,5.99999999999996,2,5,65,0.5
793,11075.830875,11074.874378,11075.246544,11075.778547,11079.930864,1,1.99999999999996,0.0200000000000003,7.00000000000003,1,6,66,0.5
794,11081.244359,11080.421523,11080.725022,11081.192026,11090.320823,0,1.99999999999996,0.0200000000000003,5.99999999999996,2,5,65,0.5
795,11091.760317,11090.825815,11091.186986,11091.659145,11095.452135,1,NaN,0.00999999999999943,7.00000000000003,0,6,66,0.5
796,11110.826241,11109.912905,11110.243404,11110.773901,11114.760553,1,1.99999999999996,0.0200000000000003,7.00000000000003,1,6,66,0.5
797,11116.306047,11115.279056,11115.636055,11116.20488,11119.707366,1,NaN,0.00999999999999943,7.00000000000003,0,6,66,0.5
798,11125.011517,11124.24852,11124.523519,11124.959345,11130.030324,0,1.99999999999996,0.0200000000000003,5.99999999999996,2,5,65,0.5
799,11133.948315,11130.545495,11130.780155,11133.895976,11142.84544,0,1.99999999999996,0.0200000000000003,5.99999999999996,2,5,65,0.5
800,11144.20944,11143.376277,11143.629604,11144.20944,11155.829227,1,NaN,0,5.99999999999996,2,5,65,0.5
801,11161.044534,11160.291709,11160.557202,11160.992207,11168.188178,0,1.99999999999996,0.0200000000000003,5.99999999999996,2,5,65,0.5
802,11178.376298,11177.453641,11177.742467,11178.323971,11183.68961,1,1.99999999999996,0.0200000000000003,7.00000000000003,1,6,66,0.5
803,11185.026772,11184.057442,11184.40278,11184.974605,11188.619424,1,1.99999999999996,0.0200000000000003,7.00000000000003,1,6,66,0.5
804,11189.842919,11189.049088,11189.289254,11189.790591,11199.125215,0,1.99999999999996,0.0200000000000003,5.99999999999996,2,5,65,0.5
805,11200.518382,11199.723879,11200.004379,11200.518382,11207.156855,1,NaN,0,5.99999999999996,2,5,65,0.5
806,11208.352012,11207.651853,11207.85318,11208.299684,11215.406984,0,1.99999999999996,0.0200000000000003,5.99999999999996,2,5,65,0.5
807,11216.86715,11215.912481,11216.22148,11216.86715,11222.537454,1,NaN,0,5.99999999999996,2,5,65,0.5
808,11223.903949,11222.982786,11223.41579,11223.903949,11230.364596,1,NaN,0,5.99999999999996,0,5,65,0.5
809,11232.712081,11231.792251,11232.109749,11232.712081,11234.013415,1,NaN,0,5.99999999999996,2,5,65,0.5
810,11242.316381,11241.374879,11241.702217,11242.264042,11252.395336,1,1.99999999999996,0.0200000000000003,7.00000000000003,1,6,66,0.5
811,11253.823669,11252.953339,11253.174499,11253.771502,11259.117975,1,1.99999999999996,0.0200000000000003,7.00000000000003,1,6,66,0.5
812,11261.215972,11260.275476,11260.519642,11261.214967,11267.464947,0,NaN,0.00999999999999943,5.99999999999996,0,5,65,0.5
813,11268.86027,11268.109939,11268.344444,11268.807942,11275.565409,0,1.99999999999996,0.0200000000000003,5.99999999999996,2,5,65,0.5
814,11277.900739,11276.391406,11276.645911,11277.848406,11287.370534,0,1.99999999999996,0.0200000000000003,5.99999999999996,2,5,65,0.5
815,11288.808529,11287.869032,11288.220858,11288.806362,11293.769837,1,1.99999999999996,0.0200000000000003,7.00000000000003,1,6,66,0.5
816,11295.02367,11294.210002,11294.466506,11294.922504,11295.974495,0,NaN,0.00999999999999943,5.99999999999996,0,5,65,0.5
817,11302.151636,11301.293639,11301.695304,11302.151636,11306.550285,1,NaN,0,5.99999999999996,2,5,65,0.5
818,11308.859776,11307.846613,11308.279112,11308.758443,11314.41226,1,NaN,0.00999999999999943,7.00000000000003,0,6,66,0.5
819,11316.455579,11315.740415,11315.893087,11316.40308,11320.076737,1,1.99999999999996,0.0200000000000003,7.00000000000003,1,6,66,0.5
820,11321.296065,11320.553902,11320.793395,11321.243726,11326.892876,0,1.99999999999996,0.0200000000000003,5.99999999999996,2,5,65,0.5
821,11328.149699,11327.356036,11327.637201,11328.097372,11333.179851,1,1.99999999999996,0.0200000000000003,7.00000000000003,1,6,66,0.5
822,11334.726512,11333.933515,11334.177347,11334.674173,11339.214154,1,1.99999999999996,0.0200000000000003,7.00000000000003,1,6,66,0.5
823,11340.441822,11339.655819,11339.886319,11340.38965,11348.604451,0,1.99999999999996,0.0200000000000003,5.99999999999996,2,5,65,0.5
824,11349.941117,11349.197454,11349.42912,11349.941117,11355.856088,1,NaN,0,5.99999999999996,2,5,65,0.5
825,11357.60742,11356.539424,11357.025089,11357.555081,11361.372566,1,1.99999999999996,0.0200000000000003,7.00000000000003,1,6,66,0.5
826,11363.398397,11362.448561,11362.675067,11363.398397,11369.736038,1,NaN,0,5.99999999999996,0,5,65,0.5
827,11371.0742,11370.113703,11370.485369,11371.02186,11374.455514,1,1.99999999999996,0.0200000000000003,7.00000000000003,1,6,66,0.5
828,11375.778681,11374.974013,11375.22985,11375.778681,11381.335819,1,NaN,0,5.99999999999996,2,5,65,0.5
829,11384.004809,11383.227312,11383.441483,11383.952481,11387.014963,1,1.99999999999996,0.0200000000000003,7.00000000000003,1,6,66,0.5
830,11388.177626,11387.418628,11387.672633,11388.125298,11394.344601,0,1.99999999999996,0.0200000000000003,5.99999999999996,2,5,65,0.5
831,11395.548429,11394.811433,11395.077265,11395.548429,11401.620738,1,NaN,0,5.99999999999996,2,5,65,0.5
832,11402.955566,11401.995903,11402.435402,11402.955566,11409.169381,1,NaN,0,5.99999999999996,0,5,65,0.5
833,11410.643875,11409.618879,11410.068877,11410.591536,11411.463365,1,1.99999999999996,0.0200000000000003,7.00000000000003,1,6,66,0.5
834,11413.218031,11412.139197,11412.646195,11413.116865,11419.649833,0,NaN,0.00999999999999943,5.99999999999996,0,5,65,0.5
835,11420.854661,11420.068337,11420.380163,11420.854661,11426.70481,1,NaN,0,5.99999999999996,2,5,65,0.5
836,11429.044468,11428.375137,11428.568298,11428.992296,11434.719606,0,1.99999999999996,0.0200000000000003,5.99999999999996,2,5,65,0.5
837,11436.048434,11435.264609,11435.633608,11436.048434,11442.182743,1,NaN,0,5.99999999999996,2,5,65,0.5
838,11444.992899,11444.130407,11444.393401,11444.940571,11458.413517,0,1.99999999999996,0.0200000000000003,5.99999999999996,2,5,65,0.5
839,11459.877178,11459.040008,11459.359841,11459.825005,11460.942001,1,1.99999999999996,0.0200000000000003,7.00000000000003,1,6,66,0.5
840,11462.192168,11461.434005,11461.670998,11462.091002,11467.134977,0,NaN,0.00999999999999943,5.99999999999996,0,5,65,0.5
841,11470.447635,11469.321467,11469.819965,11470.395302,11473.163285,0,1.99999999999996,0.0200000000000003,5.99999999999996,2,5,65,0.5
842,11474.46378,11473.524117,11473.850116,11474.411614,11475.640115,1,1.99999999999996,0.0200000000000003,7.00000000000003,1,6,66,0.5
843,11476.790105,11476.035441,11476.267439,11476.737777,11483.56691,0,1.99999999999996,0.0200000000000003,5.99999999999996,2,5,65,0.5
844,11484.871739,11484.068908,11484.381907,11484.819411,11487.679561,1,1.99999999999996,0.0200000000000003,7.00000000000003,1,6,66,0.5
845,11488.915223,11488.158898,11488.373558,11488.862895,11497.549354,0,1.99999999999996,0.0200000000000003,5.99999999999996,2,5,65,0.5
846,11498.89835,11498.002525,11498.351024,11498.846022,11499.983851,1,1.99999999999996,0.0200000000000003,7.00000000000003,1,6,66,0.5
847,11501.24734,11500.452677,11500.684676,11501.195012,11509.774305,0,1.99999999999996,0.0200000000000003,5.99999999999996,2,5,65,0.5
848,11511.2158,11510.333303,11510.681802,11511.163473,11517.293442,1,1.99999999999996,0.0200000000000003,7.00000000000003,1,6,66,0.5
849,11518.654609,11517.799446,11518.126272,11518.602437,11523.802083,1,1.99999999999996,0.0200000000000003,7.00000000000003,1,6,66,0.5
850,11525.14125,11524.267081,11524.51408,11525.088917,11533.527377,0,1.99999999999996,0.0200000000000003,5.99999999999996,2,5,65,0.5
851,11534.957372,11534.109041,11534.371374,11534.856044,11542.565008,1,NaN,0.00999999999999943,7.00000000000003,0,6,66,0.5
852,11548.36699,11547.563494,11547.774653,11548.314651,11552.090303,1,1.99999999999996,0.0200000000000003,7.00000000000003,1,6,66,0.5
853,11553.258965,11552.521301,11552.722467,11553.206466,11560.567103,0,1.99999999999996,0.0200000000000003,5.99999999999996,2,5,65,0.5
854,11562.6531,11561.144773,11561.687265,11562.6531,11568.168239,1,NaN,0,5.99999999999996,2,5,65,0.5
855,11569.605567,11568.62657,11568.990408,11569.553239,11574.271714,1,1.99999999999996,0.0200000000000003,7.00000000000003,1,6,66,0.5
856,11575.715208,11574.797212,11575.085544,11575.715208,11581.817523,1,NaN,0,5.99999999999996,2,5,65,0.5
857,11583.584183,11582.800181,11583.115012,11583.531844,11589.330155,0,1.99999999999996,0.0200000000000003,5.99999999999996,2,5,65,0.5
858,11590.762654,11589.799819,11590.233156,11590.710482,11595.17547,1,1.99999999999996,0.0200000000000003,7.00000000000003,1,6,66,0.5
859,11596.508298,11595.587463,11595.916134,11596.407132,11601.636611,1,NaN,0.00999999999999943,7.00000000000003,0,6,66,0.5
860,11603.85143,11602.900939,11603.351931,11603.799102,11608.450917,1,1.99999999999996,0.0200000000000003,7.00000000000003,1,6,66,0.5
861,11609.899744,11608.924248,11609.228414,11609.798573,11615.196056,1,NaN,0.00999999999999943,7.00000000000003,0,6,66,0.5
862,11616.829217,11615.677555,11616.345046,11616.829217,11622.760859,1,NaN,0,5.99999999999996,2,5,65,0.5
863,11624.467019,11623.170691,11623.821017,11624.41468,11634.747806,1,1.99999999999996,0.0200000000000003,7.00000000000003,1,6,66,0.5
864,11636.149473,11635.236137,11635.549302,11636.149473,11642.013449,1,NaN,0,5.99999999999996,2,5,65,0.5
865,11643.433443,11642.496775,11642.859612,11643.381272,11649.199415,1,1.99999999999996,0.0200000000000003,7.00000000000003,1,6,66,0.5
866,11650.43591,11649.599579,11649.917245,11650.38341,11660.000539,0,1.99999999999996,0.0200000000000003,5.99999999999996,2,5,65,0.5
867,11661.384872,11660.574702,11660.877868,11661.384872,11666.926677,1,NaN,0,5.99999999999996,2,5,65,0.5
868,11668.326511,11667.353009,11667.802179,11668.326511,11674.930478,1,NaN,0,5.99999999999996,2,5,65,0.5
869,11676.10348,11675.294143,11675.568976,11676.05114,11684.69144,0,1.99999999999996,0.0200000000000003,5.99999999999996,2,5,65,0.5
870,11686.086267,11685.210943,11685.554269,11686.086267,11692.329242,1,NaN,0,5.99999999999996,2,5,65,0.5
871,11693.705904,11692.713074,11693.048406,11693.703736,11702.72854,0,1.99999999999996,0.0200000000000003,5.99999999999996,2,5,65,0.5
872,11704.101361,11703.316531,11703.592036,11704.101361,11710.893674,1,NaN,0,5.99999999999996,2,5,65,0.5
873,11712.278497,11711.365838,11711.741004,11712.226162,11717.383148,1,1.99999999999996,0.0200000000000003,7.00000000000003,1,6,66,0.5
874,11718.72847,11717.802974,11718.157972,11718.676143,11725.459776,1,1.99999999999996,0.0200000000000003,7.00000000000003,1,6,66,0.5
875,11726.783777,11725.929608,11726.220112,11726.68261,11729.101434,1,NaN,0.00999999999999943,7.00000000000003,0,6,66,0.5
876,11735.139071,11734.211908,11734.459413,11735.139071,11741.154713,1,NaN,0,5.99999999999996,2,5,65,0.5
877,11742.518042,11741.572384,11741.954883,11742.515874,11751.394172,1,1.99999999999996,0.0200000000000003,7.00000000000003,1,6,66,0.5
878,11752.955339,11751.846177,11752.213342,11752.854172,11773.008586,1,NaN,0.00999999999999943,7.00000000000003,0,6,66,0.5
879,11775.603409,11774.854084,11775.07525,11775.551076,11780.404062,0,1.99999999999996,0.0200000000000003,5.99999999999996,2,5,65,0.5
880,11781.710224,11780.834721,11781.147387,11781.657885,11791.403185,1,1.99999999999996,0.0200000000000003,7.00000000000003,1,6,66,0.5
881,11792.77018,11791.867183,11792.154182,11792.71784,11799.791979,1,1.99999999999996,0.0200000000000003,7.00000000000003,1,6,66,0.5
882,11801.464639,11800.314977,11800.622809,11801.464639,11807.781613,1,NaN,0,5.99999999999996,2,5,65,0.5
883,11809.270947,11808.169618,11808.641444,11809.270947,11830.768688,1,NaN,0,5.99999999999996,2,5,65,0.5
884,11832.902019,11831.927351,11832.279682,11832.849686,11840.26199,1,1.99999999999996,0.0200000000000003,7.00000000000003,1,6,66,0.5
885,11844.518139,11843.618143,11843.921974,11844.518139,11844.575134,1,NaN,0,5.99999999999996,2,5,65,0.5
886,11854.309267,11853.57027,11853.784429,11854.256928,11859.619579,0,1.99999999999996,0.0200000000000003,5.99999999999996,2,5,65,0.5
887,11860.883907,11860.125071,11860.420404,11860.883907,11861.02724,1,NaN,0,5.99999999999996,2,5,65,0.5
888,11872.74186,11871.95619,11872.193856,11872.68952,11880.783989,0,1.99999999999996,0.0200000000000003,5.99999999999996,2,5,65,0.5
889,11883.023318,11882.261655,11882.518154,11882.97098,11886.902636,1,1.99999999999996,0.0200000000000003,7.00000000000003,1,6,66,0.5
890,11888.067126,11887.332795,11887.583294,11888.014798,11894.717932,0,1.99999999999996,0.0200000000000003,5.99999999999996,2,5,65,0.5
891,11896.255927,11895.233103,11895.653101,11896.203599,11899.767752,1,1.99999999999996,0.0200000000000003,7.00000000000003,1,6,66,0.5
892,11901.617077,11900.674243,11901.035241,11901.564738,11906.496552,1,1.99999999999996,0.0200000000000003,7.00000000000003,1,6,66,0.5
893,11907.618887,11906.87639,11907.078556,11907.566715,11914.52852,0,1.99999999999996,0.0200000000000003,5.99999999999996,2,5,65,0.5
894,11915.99902,11915.046518,11915.366856,11915.99902,11925.832809,1,NaN,0,5.99999999999996,2,5,65,0.5
895,11926.999143,11926.249646,11926.500145,11926.946803,11931.034954,0,1.99999999999996,0.0200000000000003,5.99999999999996,2,5,65,0.5
896,11932.76012,11931.819123,11932.231282,11932.70778,11937.182596,1,1.99999999999996,0.0200000000000003,7.00000000000003,1,6,66,0.5
897,11938.411258,11937.657433,11937.879427,11938.35893,11947.80572,0,1.99999999999996,0.0200000000000003,5.99999999999996,2,5,65,0.5
898,11949.077721,11948.273718,11948.601889,11949.025549,11952.60604,1,1.99999999999996,0.0200000000000003,7.00000000000003,1,6,66,0.5
899,11953.816702,11953.040372,11953.296031,11953.76453,11960.798341,0,1.99999999999996,0.0200000000000003,5.99999999999996,2,5,65,0.5
900,11962.230163,11961.324339,11961.655331,11962.227996,11965.503989,1,1.99999999999996,0.0200000000000003,7.00000000000003,1,6,66,0.5
901,11966.751312,11965.953314,11966.231486,11966.698984,11968.59847,1,1.99999999999996,0.0200000000000003,7.00000000000003,1,6,66,0.5
902,11969.763466,11969.059141,11969.243635,11969.711138,11977.762433,0,1.99999999999996,0.0200000000000003,5.99999999999996,2,5,65,0.5
903,11979.001101,11978.256598,11978.51893,11979.001101,11981.829757,1,NaN,0,5.99999999999996,0,5,65,0.5
904,11986.586899,11985.765235,11985.906568,11986.485732,11994.975537,1,NaN,0.00999999999999943,7.00000000000003,0,6,66,0.5
905,11996.343032,11995.305697,11995.757368,11996.290693,11997.485361,1,1.99999999999996,0.0200000000000003,7.00000000000003,1,6,66,0.5
906,11998.91735,11997.859353,11998.099525,11998.816017,12004.714326,0,NaN,0.00999999999999943,5.99999999999996,0,5,65,0.5
907,12010.06431,12009.395313,12009.567806,12009.963139,12022.370088,0,NaN,0.00999999999999943,5.99999999999996,0,5,65,0.5
908,12033.740549,12032.967713,12033.141551,12033.639211,12100.511948,0,NaN,0.00999999999999943,5.99999999999996,0,5,65,0.5
909,12103.754764,12102.652601,12102.988105,12103.702264,12109.659239,1,1.99999999999996,0.0200000000000003,7.00000000000003,1,6,66,0.5
910,12112.24823,12111.258566,12111.575732,12112.195902,12113.022732,1,1.99999999999996,0.0200000000000003,7.00000000000003,1,6,66,0.5
911,12114.455559,12113.634057,12113.888722,12114.40322,12120.404036,0,1.99999999999996,0.0200000000000003,5.99999999999996,2,5,65,0.5
912,12122.866354,12121.879863,12122.243195,12122.814187,12126.22984,1,1.99999999999996,0.0200000000000003,7.00000000000003,1,6,66,0.5
913,12127.692006,12126.729005,12127.06767,12127.639667,12130.552822,1,1.99999999999996,0.0200000000000003,7.00000000000003,1,6,66,0.5
914,12131.635151,12130.936987,12131.115993,12131.582818,12145.299097,0,1.99999999999996,0.0200000000000003,5.99999999999996,2,5,65,0.5
915,12146.627259,12145.775761,12146.073928,12146.574759,12147.71142,1,1.99999999999996,0.0200000000000003,7.00000000000003,1,6,66,0.5
916,12149.622413,12148.782083,12149.027416,12149.569914,12155.835055,0,1.99999999999996,0.0200000000000003,5.99999999999996,2,5,65,0.5
917,12158.143385,12157.336215,12157.61372,12158.091046,12163.736356,0,1.99999999999996,0.0200000000000003,5.99999999999996,2,5,65,0.5
918,12165.467022,12164.562026,12164.934018,12165.414689,12168.276011,1,1.99999999999996,0.0200000000000003,7.00000000000003,1,6,66,0.5
919,12169.42684,12168.726676,12168.947835,12169.42684,12174.875479,0,NaN,0,7.00000000000003,1,6,66,0.5
920,12176.772305,12175.801814,12176.188474,12176.719977,12178.952629,1,1.99999999999996,0.0200000000000003,7.00000000000003,1,6,66,0.5
921,12180.204791,12179.37046,12179.683798,12180.152291,12187.779433,0,1.99999999999996,0.0200000000000003,5.99999999999996,2,5,65,0.5
922,12189.161261,12188.310758,12188.655096,12189.108921,12190.946587,1,1.99999999999996,0.0200000000000003,7.00000000000003,1,6,66,0.5
923,12192.376081,12191.511246,12191.886244,12192.323742,12195.22173,1,1.99999999999996,0.0200000000000003,7.00000000000003,1,6,66,0.5
924,12196.475231,12195.579729,12195.880394,12196.374065,12202.666201,1,NaN,0.00999999999999943,7.00000000000003,0,6,66,0.5
925,12204.147862,12203.166699,12203.472697,12204.095534,12204.879858,1,1.99999999999996,0.0200000000000003,7.00000000000003,1,6,66,0.5
926,12206.117859,12205.304529,12205.609195,12206.06552,12211.382833,0,1.99999999999996,0.0200000000000003,5.99999999999996,2,5,65,0.5
927,12214.240322,12212.994993,12213.243164,12214.187994,12222.108629,0,1.99999999999996,0.0200000000000003,5.99999999999996,2,5,65,0.5
928,12223.45079,12222.617121,12222.960453,12223.398451,12225.322443,1,1.99999999999996,0.0200000000000003,7.00000000000003,1,6,66,0.5
929,12226.524438,12225.787609,12226.018113,12226.524438,12233.156751,0,NaN,0,7.00000000000003,1,6,66,0.5
930,12237.90956,12236.510238,12236.88523,12237.908399,12244.217368,0,NaN,0.00999999999999943,5.99999999999996,0,5,65,0.5
931,12246.400859,12245.573535,12245.930533,12246.400859,12246.529531,1,NaN,0,5.99999999999996,2,5,65,0.5
932,12255.02733,12254.022495,12254.4115,12254.974991,12256.132153,1,1.99999999999996,0.0200000000000003,7.00000000000003,1,6,66,0.5
933,12257.314488,12256.463652,12256.720318,12257.314488,12263.188464,0,NaN,0,7.00000000000003,1,6,66,0.5
934,12266.913783,12265.95962,12266.349952,12266.861444,12269.4891,1,1.99999999999996,0.0200000000000003,7.00000000000003,1,6,66,0.5
935,12270.761761,12269.880098,12270.107931,12270.761761,12274.254914,1,NaN,0,5.99999999999996,2,5,65,0.5
936,12277.635901,12276.86207,12277.170242,12277.583574,12281.523719,0,1.99999999999996,0.0200000000000003,5.99999999999996,2,5,65,0.5
937,12282.753553,12281.938223,12282.253049,12282.701214,12286.151367,1,1.99999999999996,0.0200000000000003,7.00000000000003,1,6,66,0.5
938,12287.424529,12286.563532,12286.86637,12287.372201,12290.467855,1,1.99999999999996,0.0200000000000003,7.00000000000003,1,6,66,0.5
939,12291.87085,12291.050514,12291.340846,12291.818511,12305.390129,0,1.99999999999996,0.0200000000000003,5.99999999999996,2,5,65,0.5
940,12306.718285,12305.943793,12306.232954,12306.665785,12310.184771,1,1.99999999999996,0.0200000000000003,7.00000000000003,1,6,66,0.5
941,12311.583771,12310.806768,12311.032767,12311.531598,12313.807429,0,1.99999999999996,0.0200000000000003,5.99999999999996,2,5,65,0.5
942,12315.178084,12314.261927,12314.609925,12315.076918,12321.303565,1,NaN,0.00999999999999943,7.00000000000003,0,6,66,0.5
943,12323.390057,12322.108895,12322.851053,12323.337724,12327.206036,1,1.99999999999996,0.0200000000000003,7.00000000000003,1,6,66,0.5
944,12328.534198,12327.632373,12327.892872,12328.43287,12333.909009,1,NaN,0.00999999999999943,7.00000000000003,0,6,66,0.5
945,12335.870007,12335.105177,12335.35517,12335.817668,12343.025306,0,1.99999999999996,0.0200000000000003,5.99999999999996,2,5,65,0.5
946,12344.41164,12343.53297,12343.836969,12344.359468,12345.599968,1,1.99999999999996,0.0200000000000003,7.00000000000003,1,6,66,0.5
947,12346.757958,12346.031961,12346.263793,12346.70563,12356.381753,0,1.99999999999996,0.0200000000000003,5.99999999999996,2,5,65,0.5
948,12357.719248,12356.861917,12357.211082,12357.666748,12360.049738,1,1.99999999999996,0.0200000000000003,7.00000000000003,1,6,66,0.5
949,12361.301067,12360.522742,12360.786568,12361.248739,12369.756699,0,1.99999999999996,0.0200000000000003,5.99999999999996,2,5,65,0.5
950,12371.028694,12370.267031,12370.522202,12370.9762,12372.157529,1,1.99999999999996,0.0200000000000003,7.00000000000003,1,6,66,0.5
951,12373.880516,12373.203185,12373.304351,12373.828183,12378.027166,1,1.99999999999996,0.0200000000000003,7.00000000000003,1,6,66,0.5
952,12379.285161,12378.470998,12378.735997,12379.285161,12384.989971,1,NaN,0,5.99999999999996,2,5,65,0.5
953,12387.483134,12386.706298,12386.925797,12387.430961,12397.201589,0,1.99999999999996,0.0200000000000003,5.99999999999996,2,5,65,0.5
954,12398.492751,12397.71142,12397.982086,12398.492751,12403.398237,1,NaN,0,5.99999999999996,0,5,65,0.5
955,12405.142897,12404.168228,12404.64156,12405.142897,12408.623711,1,NaN,0,5.99999999999996,2,5,65,0.5
956,12457.123022,12456.23102,12456.474691,12457.070689,12460.918668,0,1.99999999999996,0.0200000000000003,5.99999999999996,2,5,65,0.5
957,12462.384001,12461.518998,12461.825164,12462.331829,12465.466983,1,1.99999999999996,0.0200000000000003,7.00000000000003,1,6,66,0.5
958,12467.018316,12466.367985,12466.493985,12466.965977,12473.665289,0,1.99999999999996,0.0200000000000003,5.99999999999996,2,5,65,0.5
959,12475.068778,12474.203782,12474.503786,12474.967445,12480.227591,1,NaN,0.00999999999999943,7.00000000000003,0,6,66,0.5
960,12481.927918,12480.842261,12481.272253,12481.87559,12486.302405,0,1.99999999999996,0.0200000000000003,5.99999999999996,2,5,65,0.5
961,12489.37706,12488.54773,12488.770389,12489.275893,12494.168207,0,NaN,0.00999999999999943,5.99999999999996,0,5,65,0.5
962,12495.982695,12494.964865,12495.395864,12495.930362,12496.936523,1,1.99999999999996,0.0200000000000003,7.00000000000003,1,6,66,0.5
963,12498.186191,12497.420861,12497.665854,12498.133858,12507.071489,0,1.99999999999996,0.0200000000000003,5.99999999999996,2,5,65,0.5
964,12509.085981,12508.211312,12508.515978,12509.085981,12514.042628,1,NaN,0,5.99999999999996,2,5,65,0.5
965,12516.939111,12515.775781,12516.24578,12516.837783,12523.59275,1,NaN,0.00999999999999943,7.00000000000003,0,6,66,0.5
966,12526.007741,12523.959755,12524.878084,12525.955413,12529.923392,0,1.99999999999996,0.0200000000000003,5.99999999999996,2,5,65,0.5
967,12531.21772,12530.367556,12530.683222,12531.165221,12533.249884,1,1.99999999999996,0.0200000000000003,7.00000000000003,1,6,66,0.5
968,12534.286547,12533.615883,12533.809215,12534.234374,12544.819499,0,1.99999999999996,0.0200000000000003,5.99999999999996,2,5,65,0.5
969,12546.137666,12545.336669,12545.621995,12546.085333,12548.482657,1,1.99999999999996,0.0200000000000003,7.00000000000003,1,6,66,0.5
970,12549.739313,12548.902322,12549.186315,12549.686985,12550.783981,1,1.99999999999996,0.0200000000000003,7.00000000000003,1,6,66,0.5
971,12551.951476,12551.21514,12551.431311,12551.899143,12555.240624,0,1.99999999999996,0.0200000000000003,5.99999999999996,2,5,65,0.5
972,12556.554958,12555.727628,12556.045454,12556.502786,12558.850109,1,1.99999999999996,0.0200000000000003,7.00000000000003,1,6,66,0.5
973,12560.138277,12559.271775,12559.621945,12560.085938,12564.712586,1,1.99999999999996,0.0200000000000003,7.00000000000003,1,6,66,0.5
974,12566.018087,12565.241417,12565.499089,12565.965753,12574.64488,0,1.99999999999996,0.0200000000000003,5.99999999999996,2,5,65,0.5
975,12575.98088,12575.156378,12575.451043,12575.928707,12580.253524,1,1.99999999999996,0.0200000000000003,7.00000000000003,1,6,66,0.5
976,12581.571858,12580.740688,12580.99936,12581.519686,12585.965667,1,1.99999999999996,0.0200000000000003,7.00000000000003,1,6,66,0.5
977,12587.099169,12586.341005,12586.532332,12587.04683,12599.161287,0,1.99999999999996,0.0200000000000003,5.99999999999996,2,5,65,0.5
978,12601.407278,12600.667281,12600.931107,12601.355106,12604.423766,1,1.99999999999996,0.0200000000000003,7.00000000000003,1,6,66,0.5
979,12605.585428,12604.819598,12605.034097,12605.484262,12606.473591,0,NaN,0.00999999999999943,5.99999999999996,0,5,65,0.5
980,12612.730566,12612.041396,12612.237729,12612.730566,12614.37756,1,NaN,0,5.99999999999996,2,5,65,0.5
981,12621.961529,12621.027694,12621.358859,12621.909357,12623.996349,1,1.99999999999996,0.0200000000000003,7.00000000000003,1,6,66,0.5
982,12625.330349,12624.40468,12624.748852,12625.27801,12626.102673,1,1.99999999999996,0.0200000000000003,7.00000000000003,1,6,66,0.5
983,12627.405841,12626.623005,12626.87967,12627.353502,12634.151475,0,1.99999999999996,0.0200000000000003,5.99999999999996,2,5,65,0.5
984,12635.489642,12634.71364,12634.964639,12635.489642,12639.469287,1,NaN,0,5.99999999999996,2,5,65,0.5
985,12642.901946,12641.863944,12642.274775,12642.849606,12647.865253,1,1.99999999999996,0.0200000000000003,7.00000000000003,1,6,66,0.5
986,12649.020415,12648.319418,12648.52125,12649.020415,12652.181909,1,NaN,0,5.99999999999996,2,5,65,0.5
987,12658.491711,12657.690381,12657.999379,12658.439383,12664.168021,0,1.99999999999996,0.0200000000000003,5.99999999999996,2,5,65,0.5
988,12665.479183,12664.629687,12664.918352,12665.479183,12670.085331,1,NaN,0,5.99999999999996,2,5,65,0.5
989,12673.492657,12672.682987,12673.075325,12673.440318,12681.546452,0,1.99999999999996,0.0200000000000003,5.99999999999996,2,5,65,0.5
990,12682.688947,12681.986956,12682.25545,12682.688947,12688.320097,1,NaN,0,5.99999999999996,2,5,65,0.5
991,12689.68392,12688.728424,12689.120088,12689.63142,12692.398748,1,1.99999999999996,0.0200000000000003,7.00000000000003,1,6,66,0.5
992,12693.568743,12692.789913,12693.062573,12693.516404,12701.356878,0,1.99999999999996,0.0200000000000003,5.99999999999996,2,5,65,0.5
993,12702.517368,12701.823043,12702.06787,12702.517368,12708.561183,1,NaN,0,5.99999999999996,2,5,65,0.5
994,12710.881174,12709.754178,12710.035671,12710.829001,12718.738976,0,1.99999999999996,0.0200000000000003,5.99999999999996,2,5,65,0.5
995,12721.393798,12720.780801,12720.9413,12721.393798,12727.569768,1,NaN,0,5.99999999999996,2,5,65,0.5
996,12729.039434,12728.079772,12728.416764,12728.987262,12736.253072,0,1.99999999999996,0.0200000000000003,5.99999999999996,2,5,65,0.5
997,12737.5504,12736.712565,12737.045064,12737.498061,12741.721878,1,1.99999999999996,0.0200000000000003,7.00000000000003,1,6,66,0.5
998,12743.588204,12742.879212,12743.106372,12743.588204,12756.934317,1,NaN,0,5.99999999999996,2,5,65,0.5
999,12758.370478,12757.556815,12757.866819,12758.370478,12758.490811,1,NaN,0,5.99999999999996,2,5,65,0.5
1000,12770.796595,12769.859938,12770.158598,12770.744268,12773.181924,1,1.99999999999996,0.0200000000000003,7.00000000000003,1,6,66,0.5
1001,12774.249754,12773.53525,12773.752422,12774.197414,12778.073733,0,1.99999999999996,0.0200000000000003,5.99999999999996,2,5,65,0.5
1002,12779.420733,12778.828735,12778.906068,12779.368394,12783.028546,1,1.99999999999996,0.0200000000000003,7.00000000000003,1,6,66,0.5
1003,12784.54604,12783.878882,12783.968209,12784.493546,12790.752021,0,1.99999999999996,0.0200000000000003,5.99999999999996,2,5,65,0.5
1004,12792.789341,12791.623684,12791.842511,12792.737013,12801.318306,0,1.99999999999996,0.0200000000000003,5.99999999999996,2,5,65,0.5
1005,12802.516302,12801.71331,12801.959137,12802.463802,12806.870623,1,1.99999999999996,0.0200000000000003,7.00000000000003,1,6,66,0.5
1006,12808.582444,12807.614948,12807.855281,12808.530116,12814.922752,0,1.99999999999996,0.0200000000000003,5.99999999999996,2,5,65,0.5
1007,12816.241252,12815.509589,12815.778087,12816.18892,12820.183403,1,1.99999999999996,0.0200000000000003,7.00000000000003,1,6,66,0.5
1008,12821.508231,12820.578735,12820.801734,12821.456059,12827.661201,1,1.99999999999996,0.0200000000000003,7.00000000000003,1,6,66,0.5
1009,12828.785363,12828.087032,12828.291871,12828.732864,12835.590508,0,1.99999999999996,0.0200000000000003,5.99999999999996,2,5,65,0.5
1010,12836.874664,12836.066834,12836.364499,12836.82233,12838.187658,1,1.99999999999996,0.0200000000000003,7.00000000000003,1,6,66,0.5
1011,12839.454326,12838.712829,12838.926822,12839.401988,12847.007957,0,1.99999999999996,0.0200000000000003,5.99999999999996,2,5,65,0.5
1012,12848.271785,12847.497455,12847.750287,12848.219458,12850.626781,1,1.99999999999996,0.0200000000000003,7.00000000000003,1,6,66,0.5
1013,12851.837943,12851.096613,12851.316445,12851.785604,12861.708065,0,1.99999999999996,0.0200000000000003,5.99999999999996,2,5,65,0.5
1014,12862.916893,12862.195563,12862.440729,12862.916893,12867.240709,1,NaN,0,5.99999999999996,2,5,65,0.5
1015,12869.469206,12868.531204,12868.810536,12869.467039,12881.194486,1,1.99999999999996,0.0200000000000003,7.00000000000003,1,6,66,0.5
1016,12882.499815,12881.705818,12881.934489,12882.447315,12890.01729,0,1.99999999999996,0.0200000000000003,5.99999999999996,2,5,65,0.5
1017,12891.329613,12890.563282,12890.779281,12891.329613,12895.491763,1,NaN,0,5.99999999999996,2,5,65,0.5
1018,12898.660756,12897.435094,12897.71176,12898.608423,12902.331235,1,1.99999999999996,0.0200000000000003,7.00000000000003,1,6,66,0.5
1019,12903.490565,12902.702068,12902.964572,12903.438237,12906.14522,1,1.99999999999996,0.0200000000000003,7.00000000000003,1,6,66,0.5
1020,12907.296215,12906.513724,12906.725384,12907.243882,12915.659848,0,1.99999999999996,0.0200000000000003,5.99999999999996,2,5,65,0.5
1021,12917.005677,12916.191519,12916.435351,12917.005677,12922.88332,1,NaN,0,5.99999999999996,2,5,65,0.5
1022,12924.359486,12923.47949,12923.836983,12924.307153,12926.311973,1,1.99999999999996,0.0200000000000003,7.00000000000003,1,6,66,0.5
1023,12927.471807,12926.730804,12926.946143,12927.419636,12936.2131,0,1.99999999999996,0.0200000000000003,5.99999999999996,2,5,65,0.5
1024,12937.432762,12936.624937,12936.897764,12937.432762,12940.706921,1,NaN,0,5.99999999999996,2,5,65,0.5
1025,12944.29874,12943.346238,12943.593904,12944.296568,12947.423561,1,1.99999999999996,0.0200000000000003,7.00000000000003,1,6,66,0.5
1026,12948.53239,12947.805726,12948.013386,12948.480051,12957.253355,0,1.99999999999996,0.0200000000000003,5.99999999999996,2,5,65,0.5
1027,12958.60001,12957.777513,12958.130351,12958.60001,12963.471491,1,NaN,0,5.99999999999996,2,5,65,0.5
1028,12966.766145,12965.782482,12966.134986,12966.713817,12970.743134,1,1.99999999999996,0.0200000000000003,7.00000000000003,1,6,66,0.5
1029,12972.187456,12971.15346,12971.405626,12972.187456,12973.958616,1,NaN,0,5.99999999999996,2,5,65,0.5
1030,12999.524519,12998.160185,12998.446857,12999.523513,13003.996829,1,NaN,0.00999999999999943,7.00000000000003,0,6,66,0.5
1031,13098.276619,13097.259455,13097.583621,13098.224291,13100.32611,0,1.99999999999996,0.0200000000000003,5.99999999999996,2,5,65,0.5
1032,13102.949605,13102.011104,13102.301769,13102.949605,13105.05443,1,NaN,0,5.99999999999996,2,5,65,0.5
1033,13161.387038,13160.165704,13160.545369,13161.334699,13169.434334,1,1.99999999999996,0.0200000000000003,7.00000000000003,1,6,66,0.5
1034,13171.943157,13170.485829,13170.750828,13171.94099,13177.598468,0,1.99999999999996,0.0200000000000003,5.99999999999996,2,5,65,0.5
1035,13180.598289,13179.428633,13179.764292,13180.497123,13186.716098,1,NaN,0.00999999999999943,7.00000000000003,0,6,66,0.5
1036,13190.00959,13189.168254,13189.422754,13189.957252,13192.881579,1,1.99999999999996,0.0200000000000003,7.00000000000003,1,6,66,0.5
1037,13194.317073,13193.34091,13193.583243,13194.264734,13199.664718,0,1.99999999999996,0.0200000000000003,5.99999999999996,2,5,65,0.5
1038,13202.197202,13200.209216,13200.439715,13202.197202,13208.646344,1,NaN,0,5.99999999999996,2,5,65,0.5
1039,13210.332171,13209.344013,13209.723012,13210.279843,13214.372993,1,1.99999999999996,0.0200000000000003,7.00000000000003,1,6,66,0.5
1040,13215.540816,13214.810985,13215.009991,13215.488489,13219.118135,0,1.99999999999996,0.0200000000000003,5.99999999999996,2,5,65,0.5
1041,13221.19396,13220.06447,13220.28813,13221.141633,13222.878621,0,1.99999999999996,0.0200000000000003,5.99999999999996,2,5,65,0.5
1042,13224.828951,13223.941116,13224.256615,13224.776779,13225.522109,1,1.99999999999996,0.0200000000000003,7.00000000000003,1,6,66,0.5
1043,13227.032437,13226.059946,13226.404945,13226.980109,13229.632932,1,1.99999999999996,0.0200000000000003,7.00000000000003,1,6,66,0.5
1044,13230.744261,13230.028592,13230.216263,13230.691922,13236.616565,0,1.99999999999996,0.0200000000000003,5.99999999999996,2,5,65,0.5
1045,13237.912232,13237.100735,13237.402234,13237.859893,13239.453226,1,1.99999999999996,0.0200000000000003,7.00000000000003,1,6,66,0.5
1046,13240.777221,13239.963551,13240.24089,13240.724882,13244.917532,0,1.99999999999996,0.0200000000000003,5.99999999999996,2,5,65,0.5
1047,13246.269366,13245.419696,13245.764861,13246.217199,13247.434521,1,1.99999999999996,0.0200000000000003,7.00000000000003,1,6,66,0.5
1048,13254.045662,13253.292171,13253.55033,13254.045662,13259.719473,1,NaN,0,5.99999999999996,0,5,65,0.5
1049,13267.65528,13266.739444,13267.077116,13267.602941,13268.768609,1,1.99999999999996,0.0200000000000003,7.00000000000003,1,6,66,0.5
1050,13270.022604,13269.178268,13269.458767,13269.970265,13272.781253,1,1.99999999999996,0.0200000000000003,7.00000000000003,1,6,66,0.5
1051,13273.92375,13273.147253,13273.372257,13273.822422,13276.395245,0,NaN,0.00999999999999943,5.99999999999996,0,5,65,0.5
1052,13281.064393,13280.154063,13280.427062,13281.062226,13282.520382,1,1.99999999999996,0.0200000000000003,7.00000000000003,1,6,66,0.5
1053,13283.791377,13282.964547,13283.238712,13283.690043,13283.853215,1,NaN,0.00999999999999943,7.00000000000003,0,6,66,0.5
1054,13296.471998,13295.50233,13295.816328,13296.419659,13297.379155,1,1.99999999999996,0.0200000000000003,7.00000000000003,1,6,66,0.5
1055,13298.632656,13297.746493,13298.009825,13298.580317,13300.850474,1,1.99999999999996,0.0200000000000003,7.00000000000003,1,6,66,0.5
1056,13302.234636,13301.242979,13301.576638,13302.13347,13304.000462,1,NaN,0.00999999999999943,7.00000000000003,0,6,66,0.5
1057,13308.859276,13307.881952,13308.279779,13308.806949,13310.463603,1,1.99999999999996,0.0200000000000003,7.00000000000003,1,6,66,0.5
1058,13311.618599,13310.848434,13311.1266,13311.566271,13320.962395,0,1.99999999999996,0.0200000000000003,5.99999999999996,2,5,65,0.5
1059,13322.244556,13321.450898,13321.719897,13322.192228,13326.484378,1,1.99999999999996,0.0200000000000003,7.00000000000003,1,6,66,0.5
1060,13327.805867,13326.998037,13327.251208,13327.753367,13329.740026,1,1.99999999999996,0.0200000000000003,7.00000000000003,1,6,66,0.5
1061,13330.848188,13330.120857,13330.338529,13330.795861,13334.146681,0,1.99999999999996,0.0200000000000003,5.99999999999996,2,5,65,0.5
1062,13337.777499,13336.952663,13337.221835,13337.725327,13342.83114,0,1.99999999999996,0.0200000000000003,5.99999999999996,2,5,65,0.5
1063,13345.028304,13343.769637,13343.992802,13344.927298,13345.403963,0,NaN,0.00999999999999943,5.99999999999996,0,5,65,0.5
1064,13351.623272,13350.747776,13351.087441,13351.570772,13353.733264,1,1.99999999999996,0.0200000000000003,7.00000000000003,1,6,66,0.5
1065,13355.021764,13354.098261,13354.443099,13354.969425,13357.758914,1,1.99999999999996,0.0200000000000003,7.00000000000003,1,6,66,0.5
1066,13358.859248,13358.136751,13358.328578,13358.806915,13364.332221,0,1.99999999999996,0.0200000000000003,5.99999999999996,2,5,65,0.5
1067,13365.822548,13365.009218,13365.258889,13365.822548,13372.182528,1,NaN,0,5.99999999999996,2,5,65,0.5
1068,13373.526518,13372.587688,13372.941687,13373.47419,13374.872518,1,1.99999999999996,0.0200000000000003,7.00000000000003,1,6,66,0.5
1069,13375.97718,13375.25801,13375.454343,13375.924841,13382.431649,0,1.99999999999996,0.0200000000000003,5.99999999999996,2,5,65,0.5
1070,13389.958624,13382.890986,13383.126651,13389.958624,13396.455592,1,NaN,0,5.99999999999996,2,5,65,0.5
1071,13407.821553,13407.02905,13407.342554,13407.76938,13410.884868,0,1.99999999999996,0.0200000000000003,5.99999999999996,2,5,65,0.5
1072,13412.259363,13411.702031,13411.766531,13412.207035,13415.340856,1,1.99999999999996,0.0200000000000003,7.00000000000003,1,6,66,0.5
1073,13417.022344,13416.267185,13416.434018,13417.020176,13425.585309,0,1.99999999999996,0.0200000000000003,5.99999999999996,2,5,65,0.5
1074,13427.21147,13426.193479,13426.434311,13427.159142,13433.879943,0,1.99999999999996,0.0200000000000003,5.99999999999996,2,5,65,0.5
1075,13435.17811,13434.38744,13434.698273,13435.125771,13436.021101,1,1.99999999999996,0.0200000000000003,7.00000000000003,1,6,66,0.5
1076,13437.299435,13436.456271,13436.759265,13437.247096,13439.658425,1,1.99999999999996,0.0200000000000003,7.00000000000003,1,6,66,0.5
1077,13442.15541,13441.387752,13441.621751,13442.103082,13446.258232,0,1.99999999999996,0.0200000000000003,5.99999999999996,2,5,65,0.5
1078,13447.693226,13446.847563,13447.179062,13447.640893,13449.413386,1,1.99999999999996,0.0200000000000003,7.00000000000003,1,6,66,0.5
1079,13450.833714,13449.860545,13450.204044,13450.781541,13453.403698,1,1.99999999999996,0.0200000000000003,7.00000000000003,1,6,66,0.5
1080,13454.497699,13453.758196,13453.974195,13454.445361,13464.798652,0,1.99999999999996,0.0200000000000003,5.99999999999996,2,5,65,0.5
1081,13466.224314,13465.346316,13465.702815,13466.171986,13468.71147,1,1.99999999999996,0.0200000000000003,7.00000000000003,1,6,66,0.5
1082,13469.783299,13469.095302,13469.294135,13469.730972,13472.428289,0,1.99999999999996,0.0200000000000003,5.99999999999996,2,5,65,0.5
1083,13473.717789,13472.897453,13473.204952,13473.66545,13474.726779,1,1.99999999999996,0.0200000000000003,7.00000000000003,1,6,66,0.5
1084,13475.899114,13475.108945,13475.330277,13475.84678,13482.015083,0,1.99999999999996,0.0200000000000003,5.99999999999996,2,5,65,0.5
1085,13483.446078,13482.741586,13482.931086,13483.446078,13486.390899,1,NaN,0,5.99999999999996,2,5,65,0.5
1086,13490.257884,13489.338727,13489.610886,13490.205556,13496.759524,1,1.99999999999996,0.0200000000000003,7.00000000000003,1,6,66,0.5
1087,13498.006359,13497.191528,13497.521527,13497.954025,13500.102844,1,1.99999999999996,0.0200000000000003,7.00000000000003,1,6,66,0.5
1088,13501.193679,13500.467349,13500.670675,13501.191512,13507.887152,0,1.99999999999996,0.0200000000000003,5.99999999999996,2,5,65,0.5
1089,13509.319313,13508.47015,13508.807143,13509.26698,13512.729633,1,1.99999999999996,0.0200000000000003,7.00000000000003,1,6,66,0.5
1090,13514.038461,13513.113631,13513.396625,13513.986123,13517.312281,1,1.99999999999996,0.0200000000000003,7.00000000000003,1,6,66,0.5
1091,13518.403605,13517.696107,13517.877446,13518.351277,13523.003586,0,1.99999999999996,0.0200000000000003,5.99999999999996,2,5,65,0.5
1092,13524.26642,13523.418084,13523.709089,13524.214081,13527.729401,1,1.99999999999996,0.0200000000000003,7.00000000000003,1,6,66,0.5
1093,13528.81773,13528.1089,13528.314898,13528.76523,13531.710557,0,1.99999999999996,0.0200000000000003,5.99999999999996,2,5,65,0.5
1094,13533.024385,13532.212222,13532.485049,13532.972046,13535.650536,1,1.99999999999996,0.0200000000000003,7.00000000000003,1,6,66,0.5
1095,13536.891531,13536.091033,13536.304205,13536.790197,13539.366188,0,NaN,0.00999999999999943,5.99999999999996,0,5,65,0.5
1096,13544.869332,13543.805669,13544.346667,13544.869332,13544.984499,1,NaN,0,5.99999999999996,2,5,65,0.5
1097,13553.143132,13552.414302,13552.635467,13553.143132,13558.758943,1,NaN,0,5.99999999999996,2,5,65,0.5
1098,13563.314925,13562.256935,13562.6321,13563.262598,13572.836053,1,1.99999999999996,0.0200000000000003,7.00000000000003,1,6,66,0.5
1099,13574.116554,13573.309057,13573.555718,13574.064221,13579.110534,0,1.99999999999996,0.0200000000000003,5.99999999999996,2,5,65,0.5
1100,13580.665528,13579.65286,13579.960692,13580.613355,13584.680679,0,1.99999999999996,0.0200000000000003,5.99999999999996,2,5,65,0.5
1101,13586.81167,13585.918834,13586.224666,13586.759331,13588.41133,1,1.99999999999996,0.0200000000000003,7.00000000000003,1,6,66,0.5
1102,13589.634659,13588.822489,13589.104655,13589.582326,13592.757473,1,1.99999999999996,0.0200000000000003,7.00000000000003,1,6,66,0.5
1103,13594.043802,13593.162478,13593.418805,13593.942635,13594.634466,1,NaN,0.00999999999999943,7.00000000000003,0,6,66,0.5
1104,13601.436939,13600.498609,13600.868941,13601.38444,13603.985601,1,1.99999999999996,0.0200000000000003,7.00000000000003,1,6,66,0.5
1105,13605.179597,13604.329933,13604.560093,13605.127257,13609.966572,0,1.99999999999996,0.0200000000000003,5.99999999999996,2,5,65,0.5
1106,13611.2389,13610.412404,13610.682408,13611.186572,13612.78456,1,1.99999999999996,0.0200000000000003,7.00000000000003,1,6,66,0.5
1107,13613.967061,13613.220225,13613.43723,13613.914728,13618.487537,0,1.99999999999996,0.0200000000000003,5.99999999999996,2,5,65,0.5
1108,13619.940532,13619.326368,13619.415706,13619.888204,13620.913528,1,1.99999999999996,0.0200000000000003,7.00000000000003,1,6,66,0.5
1109,13622.114695,13621.361526,13621.605197,13622.062356,13626.522339,0,1.99999999999996,0.0200000000000003,5.99999999999996,2,5,65,0.5
1110,13627.792339,13627.034003,13627.326169,13627.74,13630.327657,1,1.99999999999996,0.0200000000000003,7.00000000000003,1,6,66,0.5
1111,13631.421658,13630.728322,13630.927487,13631.421658,13634.41014,0,NaN,0,7.00000000000003,1,6,66,0.5
1112,13642.622441,13641.77345,13642.04611,13642.622441,13647.475594,1,NaN,0,5.99999999999996,2,5,65,0.5
1113,13650.543248,13649.667246,13650.062584,13650.490909,13658.623883,0,1.99999999999996,0.0200000000000003,5.99999999999996,2,5,65,0.5
1114,13660.098377,13659.154381,13659.460046,13660.097371,13671.864496,1,NaN,0.00999999999999943,7.00000000000003,0,6,66,0.5
1115,13674.450153,13673.668984,13673.898316,13674.39798,13679.112634,0,1.99999999999996,0.0200000000000003,5.99999999999996,2,5,65,0.5
1116,13680.562628,13679.652299,13679.987791,13680.510456,13681.891617,1,1.99999999999996,0.0200000000000003,7.00000000000003,1,6,66,0.5
1117,13683.063285,13682.270115,13682.445121,13683.063285,13687.7521,0,NaN,0,7.00000000000003,1,6,66,0.5
1118,13690.370417,13689.459259,13689.852085,13690.370417,13695.379736,1,NaN,0,5.99999999999996,2,5,65,0.5
1119,13702.855706,13701.748538,13702.109875,13702.853539,13704.005362,1,1.99999999999996,0.0200000000000003,7.00000000000003,1,6,66,0.5
1120,13705.091858,13704.35086,13704.579866,13705.039358,13706.415186,0,1.99999999999996,0.0200000000000003,5.99999999999996,2,5,65,0.5
1121,13708.008519,13707.000523,13707.365015,13707.956185,13712.254835,1,1.99999999999996,0.0200000000000003,7.00000000000003,1,6,66,0.5
1122,13713.395997,13712.652161,13712.879832,13713.343664,13722.504454,0,1.99999999999996,0.0200000000000003,5.99999999999996,2,5,65,0.5
1123,13723.982949,13723.111125,13723.355124,13723.982949,13727.824101,1,NaN,0,5.99999999999996,2,5,65,0.5
1124,13730.957255,13729.936425,13730.395096,13730.904927,13738.576391,1,1.99999999999996,0.0200000000000003,7.00000000000003,1,6,66,0.5
1125,13739.775725,13739.015394,13739.246721,13739.723386,13742.245048,0,1.99999999999996,0.0200000000000003,5.99999999999996,2,5,65,0.5
1126,13743.564371,13742.678713,13743.035039,13743.512043,13745.408202,1,1.99999999999996,0.0200000000000003,7.00000000000003,1,6,66,0.5
1127,13758.43665,13755.462162,13755.770322,13758.43665,13763.187464,1,NaN,0,5.99999999999996,2,5,65,0.5
1128,13769.964098,13769.154268,13769.4281,13769.964098,13770.075598,1,NaN,0,5.99999999999996,2,5,65,0.5
1129,13779.693227,13778.875563,13779.138728,13779.641059,13782.214722,0,1.99999999999996,0.0200000000000003,5.99999999999996,2,5,65,0.5
1130,13783.665883,13782.70238,13782.969879,13783.665883,13783.769376,1,NaN,0,5.99999999999996,2,5,65,0.5
1131,13797.228495,13796.396998,13796.662325,13797.176156,13804.853625,0,1.99999999999996,0.0200000000000003,5.99999999999996,2,5,65,0.5
1132,13806.244792,13805.343296,13805.606955,13806.192453,13807.126122,1,1.99999999999996,0.0200000000000003,7.00000000000003,1,6,66,0.5
1133,13808.445783,13807.728953,13807.947119,13808.393611,13817.815913,0,1.99999999999996,0.0200000000000003,5.99999999999996,2,5,65,0.5
1134,13822.194556,13820.481902,13821.574731,13822.142229,13823.585223,0,1.99999999999996,0.0200000000000003,5.99999999999996,2,5,65,0.5
1135,13824.918878,13824.048721,13824.307881,13824.918878,13830.645523,1,NaN,0,5.99999999999996,2,5,65,0.5
1136,13831.895684,13830.98886,13831.339853,13831.893356,13834.965171,1,1.99999999999996,0.0200000000000003,7.00000000000003,1,6,66,0.5
1137,13836.095506,13835.375009,13835.607335,13836.043334,13844.130468,0,1.99999999999996,0.0200000000000003,5.99999999999996,2,5,65,0.5
1138,13845.458297,13844.5743,13844.893971,13845.356969,13852.017109,1,NaN,0.00999999999999943,7.00000000000003,0,6,66,0.5
1139,13853.557431,13852.440102,13852.913433,13853.504931,13857.634587,1,1.99999999999996,0.0200000000000003,7.00000000000003,1,6,66,0.5
1140,13858.863582,13858.041918,13858.324579,13858.811409,13861.1749,1,1.99999999999996,0.0200000000000003,7.00000000000003,1,6,66,0.5
1141,13862.273068,13861.529899,13861.769731,13862.220729,13864.901219,0,1.99999999999996,0.0200000000000003,5.99999999999996,2,5,65,0.5
1142,13866.434713,13865.352056,13865.667555,13866.382385,13872.738854,0,1.99999999999996,0.0200000000000003,5.99999999999996,2,5,65,0.5
1143,13874.053182,13873.140186,13873.513184,13874.000688,13876.210679,1,1.99999999999996,0.0200000000000003,7.00000000000003,1,6,66,0.5
1144,13877.288675,13876.594844,13876.794171,13877.236336,13881.730985,0,1.99999999999996,0.0200000000000003,5.99999999999996,2,5,65,0.5
1145,13882.995313,13882.190482,13882.512154,13882.942985,13884.494646,1,1.99999999999996,0.0200000000000003,7.00000000000003,1,6,66,0.5
1146,13885.622975,13884.886639,13885.089643,13885.570636,13893.53861,0,1.99999999999996,0.0200000000000003,5.99999999999996,2,5,65,0.5
1147,13897.038929,13896.08676,13896.347765,13897.036757,13900.973908,0,1.99999999999996,0.0200000000000003,5.99999999999996,2,5,65,0.5
1148,13902.440241,13901.618744,13901.954237,13902.387902,13905.564223,1,1.99999999999996,0.0200000000000003,7.00000000000003,1,6,66,0.5
1149,13906.791057,13905.952387,13906.286553,13906.738718,13911.428032,1,1.99999999999996,0.0200000000000003,7.00000000000003,1,6,66,0.5
1150,13912.499695,13911.788037,13911.978703,13912.447528,13919.725505,0,1.99999999999996,0.0200000000000003,5.99999999999996,2,5,65,0.5
1151,13955.056358,13953.615197,13953.917868,13955.004031,13957.298849,0,1.99999999999996,0.0200000000000003,5.99999999999996,2,5,65,0.5
1152,13958.855349,13958.003352,13958.313179,13958.803009,13960.24151,1,1.99999999999996,0.0200000000000003,7.00000000000003,1,6,66,0.5
1153,13961.688832,13960.874174,13961.119839,13961.636504,13967.156143,0,1.99999999999996,0.0200000000000003,5.99999999999996,2,5,65,0.5
1154,13968.493137,13967.683807,13967.917979,13968.440804,13971.526458,1,1.99999999999996,0.0200000000000003,7.00000000000003,1,6,66,0.5
1155,13972.59846,13971.940957,13972.123962,13972.546288,13977.559434,0,1.99999999999996,0.0200000000000003,5.99999999999996,2,5,65,0.5
1156,13978.831269,13978.005439,13978.335937,13978.779096,13981.91925,1,1.99999999999996,0.0200000000000003,7.00000000000003,1,6,66,0.5
1157,13983.028079,13982.383915,13982.570087,13983.028079,13983.170418,0,NaN,0,7.00000000000003,1,6,66,0.5
1158,13989.788391,13988.890056,13989.230227,13989.788391,13989.820386,1,NaN,0,5.99999999999996,2,5,65,0.5
1159,14152.630235,14151.530072,14151.87657,14152.577907,14153.847068,0,1.99999999999996,0.0200000000000003,5.99999999999996,2,5,65,0.5
1160,14157.806214,14156.817051,14157.075717,14157.704881,14162.792693,0,NaN,0.00999999999999943,5.99999999999996,0,5,65,0.5
1161,14164.813025,14163.73369,14164.158521,14164.813025,14164.909185,1,NaN,0,5.99999999999996,2,5,65,0.5
1162,14186.68877,14185.723108,14186.033934,14186.636437,14188.633757,1,1.99999999999996,0.0200000000000003,7.00000000000003,1,6,66,0.5
1163,14190.24159,14189.306921,14189.554754,14190.189256,14191.99941,1,1.99999999999996,0.0200000000000003,7.00000000000003,1,6,66,0.5
1164,14193.78957,14192.956079,14193.157405,14193.688242,14193.952241,1,NaN,0.00999999999999943,7.00000000000003,0,6,66,0.5
1165,14201.485545,14200.680048,14200.927047,14201.433205,14204.818365,0,1.99999999999996,0.0200000000000003,5.99999999999996,2,5,65,0.5
1166,14206.431691,14205.521362,14205.853355,14206.429525,14207.73702,1,1.99999999999996,0.0200000000000003,7.00000000000003,1,6,66,0.5
1167,14208.91351,14208.232851,14208.422344,14208.861182,14212.979832,0,1.99999999999996,0.0200000000000003,5.99999999999996,2,5,65,0.5
1168,14214.790658,14213.872489,14214.172494,14214.738325,14218.390144,0,1.99999999999996,0.0200000000000003,5.99999999999996,2,5,65,0.5
1169,14220.146798,14219.241302,14219.578139,14220.094298,14220.852628,1,1.99999999999996,0.0200000000000003,7.00000000000003,1,6,66,0.5
1170,14221.987296,14221.256959,14221.490126,14221.987296,14228.415437,0,NaN,0,7.00000000000003,1,6,66,0.5
1171,14231.421758,14230.630595,14230.913755,14231.369419,14235.141904,0,1.99999999999996,0.0200000000000003,5.99999999999996,2,5,65,0.5
1172,14236.456405,14235.598403,14235.813068,14236.404233,14240.612555,0,1.99999999999996,0.0200000000000003,5.99999999999996,2,5,65,0.5
1173,14241.952716,14241.112713,14241.453718,14241.900377,14244.099868,1,1.99999999999996,0.0200000000000003,7.00000000000003,1,6,66,0.5
1174,14245.448535,14244.553033,14244.835199,14245.396196,14248.959855,1,1.99999999999996,0.0200000000000003,7.00000000000003,1,6,66,0.5
1175,14250.033184,14249.319014,14249.537352,14249.980845,14252.320503,0,1.99999999999996,0.0200000000000003,5.99999999999996,2,5,65,0.5
1176,14253.592003,14252.737173,14252.983505,14253.53983,14257.491648,0,1.99999999999996,0.0200000000000003,5.99999999999996,2,5,65,0.5
1177,14259.587474,14258.63331,14258.972148,14259.48614,14263.198125,0,NaN,0.00999999999999943,5.99999999999996,0,5,65,0.5
1178,14268.798775,14267.986445,14268.226938,14268.746436,14272.407094,0,1.99999999999996,0.0200000000000003,5.99999999999996,2,5,65,0.5
1179,14273.641256,14272.862086,14273.133925,14273.588917,14276.346078,1,1.99999999999996,0.0200000000000003,7.00000000000003,1,6,66,0.5
1180,14277.688906,14276.971237,14277.056403,14277.58774,14327.244536,1,NaN,0.00999999999999943,7.00000000000003,0,6,66,0.5
1181,14329.021529,14327.860372,14328.100038,14328.969201,14331.178186,0,1.99999999999996,0.0200000000000003,5.99999999999996,2,5,65,0.5
1182,14332.877686,14331.910184,14332.126355,14332.776519,14339.409493,0,NaN,0.00999999999999943,5.99999999999996,0,5,65,0.5
1183,14340.909987,14339.938657,14340.314989,14340.857648,14343.550637,1,1.99999999999996,0.0200000000000003,7.00000000000003,1,6,66,0.5
1184,14344.817305,14344.020474,14344.220134,14344.764971,14349.920112,0,1.99999999999996,0.0200000000000003,5.99999999999996,2,5,65,0.5
1185,14351.632772,14350.739948,14350.971607,14351.580444,14354.102267,0,1.99999999999996,0.0200000000000003,5.99999999999996,2,5,65,0.5
1186,14355.447429,14354.653926,14354.914092,14355.39509,14357.813247,1,1.99999999999996,0.0200000000000003,7.00000000000003,1,6,66,0.5
1187,14358.844082,14358.168912,14358.371578,14358.791743,14362.428895,0,1.99999999999996,0.0200000000000003,5.99999999999996,2,5,65,0.5
1188,14363.637396,14362.82456,14363.105559,14363.585057,14366.237386,1,1.99999999999996,0.0200000000000003,7.00000000000003,1,6,66,0.5
1189,14368.540204,14367.539547,14367.748207,14368.487877,14370.663529,1,1.99999999999996,0.0200000000000003,7.00000000000003,1,6,66,0.5
1190,14371.93103,14371.112694,14371.363859,14371.878857,14373.926516,0,1.99999999999996,0.0200000000000003,5.99999999999996,2,5,65,0.5
1191,14375.285683,14374.35818,14374.624846,14375.184511,14381.75749,0,NaN,0.00999999999999943,5.99999999999996,0,5,65,0.5
1192,14383.283478,14382.336482,14382.67882,14383.230984,14385.783141,1,1.99999999999996,0.0200000000000003,7.00000000000003,1,6,66,0.5
1193,14387.06813,14386.271967,14386.519804,14387.015802,14393.227772,0,1.99999999999996,0.0200000000000003,5.99999999999996,2,5,65,0.5
1194,14394.453601,14393.647937,14393.913442,14394.401273,14395.558768,0,1.99999999999996,0.0200000000000003,5.99999999999996,2,5,65,0.5
1195,14397.189262,14396.197593,14396.562758,14397.136923,14398.899755,1,1.99999999999996,0.0200000000000003,7.00000000000003,1,6,66,0.5
1196,14400.091078,14399.279915,14399.539752,14400.088911,14401.888238,1,1.99999999999996,0.0200000000000003,7.00000000000003,1,6,66,0.5
1197,14403.0104,14402.244902,14402.489235,14402.958072,14407.283721,0,1.99999999999996,0.0200000000000003,5.99999999999996,2,5,65,0.5
1198,14408.52755,14407.707548,14407.927885,14408.475377,14411.219866,0,1.99999999999996,0.0200000000000003,5.99999999999996,2,5,65,0.5
1199,14412.500201,14411.667037,14412.034863,14412.447861,14413.154025,1,1.99999999999996,0.0200000000000003,7.00000000000003,1,6,66,0.5
1200,14414.313027,14413.540024,14413.741356,14414.260687,14418.68217,0,1.99999999999996,0.0200000000000003,5.99999999999996,2,5,65,0.5
1201,14419.953504,14419.062674,14419.356173,14419.852338,14425.920141,1,NaN,0.00999999999999943,7.00000000000003,0,6,66,0.5
1202,14427.157309,14426.19964,14426.649472,14427.104969,14428.883296,1,1.99999999999996,0.0200000000000003,7.00000000000003,1,6,66,0.5
1203,14430.068958,14429.262961,14429.55446,14430.068958,14435.853602,0,NaN,0,7.00000000000003,1,6,66,0.5
1204,14438.983923,14438.185092,14438.476591,14438.931756,14444.035235,0,1.99999999999996,0.0200000000000003,5.99999999999996,2,5,65,0.5
1205,14445.335069,14444.507572,14444.862571,14445.28273,14447.070723,1,1.99999999999996,0.0200000000000003,7.00000000000003,1,6,66,0.5
1206,14448.301391,14447.474555,14447.735226,14448.299224,14451.514872,1,1.99999999999996,0.0200000000000003,7.00000000000003,1,6,66,0.5
1207,14452.584201,14451.89371,14452.099209,14452.531874,14456.791357,0,1.99999999999996,0.0200000000000003,5.99999999999996,2,5,65,0.5
1208,14458.238179,14457.232522,14457.483187,14458.185851,14463.084826,0,1.99999999999996,0.0200000000000003,5.99999999999996,2,5,65,0.5
1209,14464.35666,14463.569323,14463.849495,14464.304487,14468.084972,1,1.99999999999996,0.0200000000000003,7.00000000000003,1,6,66,0.5
1210,14469.198468,14468.488971,14468.695136,14469.146141,14472.871126,0,1.99999999999996,0.0200000000000003,5.99999999999996,2,5,65,0.5
1211,14474.063954,14473.304791,14473.594617,14474.011782,14477.671273,1,1.99999999999996,0.0200000000000003,7.00000000000003,1,6,66,0.5
1212,14478.817097,14478.035938,14478.285765,14478.764769,14482.583415,1,1.99999999999996,0.0200000000000003,7.00000000000003,1,6,66,0.5
1213,14483.757416,14483.054912,14483.250084,14483.705076,14488.089059,0,1.99999999999996,0.0200000000000003,5.99999999999996,2,5,65,0.5
1214,14489.340893,14488.506396,14488.763057,14489.28856,14494.291367,0,1.99999999999996,0.0200000000000003,5.99999999999996,2,5,65,0.5
1215,14495.647368,14494.790371,14495.127031,14495.595029,14497.891353,1,1.99999999999996,0.0200000000000003,7.00000000000003,1,6,66,0.5
1216,14499.028016,14498.294024,14498.532351,14498.975516,14504.208167,0,1.99999999999996,0.0200000000000003,5.99999999999996,2,5,65,0.5
1217,14505.402829,14504.680332,14504.904659,14505.35049,14508.328817,1,1.99999999999996,0.0200000000000003,7.00000000000003,1,6,66,0.5
1218,14509.406813,14508.714482,14508.919476,14509.35448,14513.298791,0,1.99999999999996,0.0200000000000003,5.99999999999996,2,5,65,0.5
1219,14514.487459,14513.76679,14514.002123,14514.435287,14517.624107,1,1.99999999999996,0.0200000000000003,7.00000000000003,1,6,66,0.5
1220,14518.74427,14518.003112,14518.200605,14518.691942,14523.298591,1,1.99999999999996,0.0200000000000003,7.00000000000003,1,6,66,0.5
1221,14524.544752,14523.777922,14523.967416,14524.544752,14527.265236,1,NaN,0,5.99999999999996,0,5,65,0.5
1222,14531.393392,14530.495729,14530.792555,14531.34122,14537.265195,0,1.99999999999996,0.0200000000000003,5.99999999999996,2,5,65,0.5
1223,14538.848862,14537.886199,14538.271691,14538.796529,14541.725184,1,1.99999999999996,0.0200000000000003,7.00000000000003,1,6,66,0.5
1224,14542.853674,14542.095349,14542.391514,14542.801174,14546.369326,1,1.99999999999996,0.0200000000000003,7.00000000000003,1,6,66,0.5
1225,14547.669987,14546.905157,14547.086489,14547.617654,14552.075642,0,1.99999999999996,0.0200000000000003,5.99999999999996,2,5,65,0.5
1226,14554.113295,14553.36747,14553.59363,14554.060962,14557.715453,0,1.99999999999996,0.0200000000000003,5.99999999999996,2,5,65,0.5
1227,14559.531112,14558.741444,14559.056942,14559.478779,14561.997597,1,1.99999999999996,0.0200000000000003,7.00000000000003,1,6,66,0.5
1228,14563.191426,14562.404601,14562.67876,14563.138926,19667.20451,1,1.99999999999996,0.0200000000000003,7.00000000000003,1,6,66,0.5
1229,19671.98199,19669.856499,19670.294497,19671.98199,19674.081821,0,NaN,0,7.00000000000003,1,6,66,0.5
1230,19701.799377,19698.492717,19699.420047,19701.747037,19703.577364,1,1.99999999999996,0.0200000000000003,7.00000000000003,1,6,66,0.5
1231,19713.979661,19711.408505,19712.787166,19713.927323,19718.802969,0,1.99999999999996,0.0200000000000003,5.99999999999996,2,5,65,0.5
1232,19722.03679,19720.18963,19720.953467,19721.984463,19724.624619,1,1.99999999999996,0.0200000000000003,7.00000000000003,1,6,66,0.5
1233,19727.15727,19725.942447,19726.337945,19727.104942,19728.268099,1,1.99999999999996,0.0200000000000003,7.00000000000003,1,6,66,0.5
1234,19731.314925,19729.321428,19730.588755,19731.314925,19731.392425,1,NaN,0,5.99999999999996,2,5,65,0.5
1235,19742.921379,19741.758211,19742.139715,19742.86904,19761.06314,0,1.99999999999996,0.0200000000000003,5.99999999999996,2,5,65,0.5
1236,19769.221774,19767.561447,19768.181278,19769.120435,19776.716077,1,NaN,0.00999999999999943,7.00000000000003,0,6,66,0.5
1237,19778.868568,19777.7629,19778.087065,19778.816235,19781.918389,1,1.99999999999996,0.0200000000000003,7.00000000000003,1,6,66,0.5
1238,19784.111875,19782.999379,19783.319384,19784.111875,19789.760685,1,NaN,0,5.99999999999996,2,5,65,0.5
1239,19797.410827,19796.447825,19796.717492,19797.358489,19810.842607,0,1.99999999999996,0.0200000000000003,5.99999999999996,2,5,65,0.5
1240,19812.774266,19811.66877,19812.074097,19812.7221,19816.452418,1,1.99999999999996,0.0200000000000003,7.00000000000003,1,6,66,0.5
1241,19819.334073,19818.401738,19818.733242,19819.281734,19831.101687,0,1.99999999999996,0.0200000000000003,5.99999999999996,2,5,65,0.5
1242,19832.855686,19831.891856,19832.188188,19832.803347,19839.23916,1,1.99999999999996,0.0200000000000003,7.00000000000003,1,6,66,0.5
1243,19841.370318,19840.38565,19840.656148,19841.318146,19848.342118,1,1.99999999999996,0.0200000000000003,7.00000000000003,1,6,66,0.5
1244,19850.063611,19849.166948,19849.38712,19850.011112,19864.683058,0,1.99999999999996,0.0200000000000003,5.99999999999996,2,5,65,0.5
1245,19866.480718,19865.561882,19865.884048,19866.428385,19871.081027,1,1.99999999999996,0.0200000000000003,7.00000000000003,1,6,66,0.5
1246,19873.013025,19872.155189,19872.388861,19873.013025,19880.258329,0,NaN,0,7.00000000000003,1,6,66,0.5
1247,19881.83149,19880.82816,19881.166159,19881.730484,19882.901646,1,NaN,0.00999999999999943,7.00000000000003,0,6,66,0.5
1248,19888.385964,19887.323801,19887.690294,19888.333625,19893.395271,1,1.99999999999996,0.0200000000000003,7.00000000000003,1,6,66,0.5
1249,19895.123431,19894.148441,19894.507933,19895.071103,19898.609251,1,1.99999999999996,0.0200000000000003,7.00000000000003,1,6,66,0.5
1250,19900.241249,19899.243581,19899.577246,19900.140083,19900.314082,1,NaN,0.00999999999999943,7.00000000000003,0,6,66,0.5
1251,19908.488711,19907.309555,19907.815886,19908.436383,19917.557674,0,1.99999999999996,0.0200000000000003,5.99999999999996,2,5,65,0.5
1252,19919.287007,19918.374172,19918.71167,19919.234673,19925.056817,1,1.99999999999996,0.0200000000000003,7.00000000000003,1,6,66,0.5
1253,19926.858804,19925.757981,19926.138979,19926.806477,19934.721106,1,1.99999999999996,0.0200000000000003,7.00000000000003,1,6,66,0.5
1254,19936.247105,19935.372442,19935.688602,19936.194767,19945.316563,0,1.99999999999996,0.0200000000000003,5.99999999999996,2,5,65,0.5
1255,19947.063723,19946.123561,19946.464565,19947.01139,19953.556698,1,1.99999999999996,0.0200000000000003,7.00000000000003,1,6,66,0.5
1256,19955.709028,19954.955531,19955.085863,19955.656689,19961.878336,1,1.99999999999996,0.0200000000000003,7.00000000000003,1,6,66,0.5
1257,19963.745157,19962.774161,19963.025992,19963.692829,19971.900796,0,1.99999999999996,0.0200000000000003,5.99999999999996,2,5,65,0.5
1258,19974.004449,19972.660954,19972.99662,19973.952121,19984.870406,0,1.99999999999996,0.0200000000000003,5.99999999999996,2,5,65,0.5
1259,19986.640571,19985.748902,19986.086567,19986.588398,19999.763179,1,1.99999999999996,0.0200000000000003,7.00000000000003,1,6,66,0.5
1260,20001.902676,20000.962341,20001.278845,20001.850504,20008.419811,1,1.99999999999996,0.0200000000000003,7.00000000000003,1,6,66,0.5
1261,20010.07331,20009.155808,20009.487312,20010.020971,20019.503272,0,1.99999999999996,0.0200000000000003,5.99999999999996,2,5,65,0.5
1262,20021.412598,20020.345269,20020.589929,20021.360259,20030.749394,0,1.99999999999996,0.0200000000000003,5.99999999999996,2,5,65,0.5
1263,20032.666553,20031.646885,20031.915217,20032.614214,20038.498191,1,1.99999999999996,0.0200000000000003,7.00000000000003,1,6,66,0.5
1264,20040.05169,20039.130027,20039.468354,20039.999351,20045.164836,1,1.99999999999996,0.0200000000000003,7.00000000000003,1,6,66,0.5
1265,20046.80083,20045.894834,20046.164832,20046.748658,20057.108449,0,1.99999999999996,0.0200000000000003,5.99999999999996,2,5,65,0.5
1266,20059.025948,20057.894786,20058.179951,20058.973609,20067.181242,0,1.99999999999996,0.0200000000000003,5.99999999999996,2,5,65,0.5
1267,20069.474573,20068.54957,20068.855069,20069.4224,20073.73305,1,1.99999999999996,0.0200000000000003,7.00000000000003,1,6,66,0.5
1268,20075.345382,20074.377386,20074.661552,20075.244377,20082.667853,1,NaN,0.00999999999999943,7.00000000000003,0,6,66,0.5
1269,20084.453007,20083.244017,20083.676176,20084.453007,20108.889082,1,NaN,0,5.99999999999996,2,5,65,0.5
1270,20120.08137,20118.921875,20119.317368,20120.029032,20123.509184,1,1.99999999999996,0.0200000000000003,7.00000000000003,1,6,66,0.5
1271,20126.004008,20125.023678,20125.318682,20125.951507,20133.064651,0,1.99999999999996,0.0200000000000003,5.99999999999996,2,5,65,0.5
1272,20134.756645,20133.700643,20133.968809,20134.655472,20135.488802,0,NaN,0.00999999999999943,5.99999999999996,0,5,65,0.5
1273,20149.423086,20148.221085,20148.543251,20149.370914,20154.633899,1,1.99999999999996,0.0200000000000003,7.00000000000003,1,6,66,0.5
1274,20156.968389,20155.921727,20156.15122,20156.916217,20161.747864,0,1.99999999999996,0.0200000000000003,5.99999999999996,2,5,65,0.5
1275,20163.358697,20162.372362,20162.648194,20163.306364,20170.18383,0,1.99999999999996,0.0200000000000003,5.99999999999996,2,5,65,0.5
1276,20171.80483,20170.832494,20171.18966,20171.752325,20174.861478,1,1.99999999999996,0.0200000000000003,7.00000000000003,1,6,66,0.5
1277,20176.430478,20175.526309,20175.781642,20176.378145,20185.103104,0,1.99999999999996,0.0200000000000003,5.99999999999996,2,5,65,0.5
1278,20186.744265,20185.751274,20186.029273,20186.691937,20194.202068,0,1.99999999999996,0.0200000000000003,5.99999999999996,2,5,65,0.5
1279,20195.699901,20194.869232,20195.159897,20195.647568,20198.443723,1,1.99999999999996,0.0200000000000003,7.00000000000003,1,6,66,0.5
1280,20200.078717,20199.082048,20199.469713,20200.026378,20203.297198,1,1.99999999999996,0.0200000000000003,7.00000000000003,1,6,66,0.5
1281,20204.732198,20203.869196,20204.126695,20204.680026,20213.342164,0,1.99999999999996,0.0200000000000003,5.99999999999996,2,5,65,0.5
1282,20215.05549,20214.078321,20214.439987,20214.954324,20219.526466,1,NaN,0.00999999999999943,7.00000000000003,0,6,66,0.5
1283,20226.173946,20225.188777,20225.494948,20226.121773,20232.670081,0,1.99999999999996,0.0200000000000003,5.99999999999996,2,5,65,0.5
1284,20234.426074,20233.370917,20233.66891,20234.373746,20243.56137,0,1.99999999999996,0.0200000000000003,5.99999999999996,2,5,65,0.5
1285,20245.122531,20244.243034,20244.585533,20245.070204,20248.356018,1,1.99999999999996,0.0200000000000003,7.00000000000003,1,6,66,0.5
1286,20249.761845,20248.915689,20249.207348,20249.761845,20255.252829,0,NaN,0,7.00000000000003,1,6,66,0.5
1287,20258.320645,20256.856484,20257.285482,20258.219312,20260.107637,0,NaN,0.00999999999999943,5.99999999999996,0,5,65,0.5
1288,20265.224451,20264.167121,20264.61862,20265.171951,20271.386092,1,1.99999999999996,0.0200000000000003,7.00000000000003,1,6,66,0.5
1289,20272.953759,20272.111929,20272.413755,20272.901419,20277.932899,1,1.99999999999996,0.0200000000000003,7.00000000000003,1,6,66,0.5
1290,20279.636232,20278.559403,20278.912229,20279.535066,20286.0602,1,NaN,0.00999999999999943,7.00000000000003,0,6,66,0.5
1291,20287.554528,20286.477371,20286.925036,20287.502028,20294.106502,1,1.99999999999996,0.0200000000000003,7.00000000000003,1,6,66,0.5
1292,20295.566163,20294.651166,20294.952671,20295.513668,20300.339482,1,1.99999999999996,0.0200000000000003,7.00000000000003,1,6,66,0.5
1293,20301.620139,20300.774975,20300.988807,20301.567639,20308.657776,0,1.99999999999996,0.0200000000000003,5.99999999999996,2,5,65,0.5
1294,20310.22011,20309.314108,20309.661106,20310.118771,20310.449442,1,NaN,0.00999999999999943,7.00000000000003,0,6,66,0.5
1295,20317.844574,20316.76575,20317.126249,20317.792246,20326.408211,0,1.99999999999996,0.0200000000000003,5.99999999999996,2,5,65,0.5
1296,20328.078705,20327.018036,20327.325374,20327.977533,20336.133506,0,NaN,0.00999999999999943,5.99999999999996,0,5,65,0.5
1297,20337.96466,20336.998836,20337.358662,20337.91216,20341.783317,1,1.99999999999996,0.0200000000000003,7.00000000000003,1,6,66,0.5
1298,20343.205978,20342.286975,20342.596474,20343.153805,20350.936774,0,1.99999999999996,0.0200000000000003,5.99999999999996,2,5,65,0.5
1299,20352.479441,20351.605105,20351.923604,20352.427268,20359.168908,1,1.99999999999996,0.0200000000000003,7.00000000000003,1,6,66,0.5
1300,20360.504742,20359.697078,20359.986578,20360.452403,20366.442046,1,1.99999999999996,0.0200000000000003,7.00000000000003,1,6,66,0.5
1301,20367.913707,20366.946543,20367.221382,20367.812373,20368.717203,0,NaN,0.00999999999999943,5.99999999999996,0,5,65,0.5
1302,20379.143001,20378.087671,20378.344331,20379.090661,20386.283639,0,1.99999999999996,0.0200000000000003,5.99999999999996,2,5,65,0.5
1303,20387.919132,20386.936636,20387.177462,20387.86696,20396.232426,0,1.99999999999996,0.0200000000000003,5.99999999999996,2,5,65,0.5
1304,20397.811254,20396.996596,20397.278089,20397.758926,20401.233573,1,1.99999999999996,0.0200000000000003,7.00000000000003,1,6,66,0.5
1305,20403.538403,20402.600907,20402.801567,20403.486064,20410.52437,0,1.99999999999996,0.0200000000000003,5.99999999999996,2,5,65,0.5
1306,20411.967864,20411.150372,20411.456032,20411.915369,20416.656184,1,1.99999999999996,0.0200000000000003,7.00000000000003,1,6,66,0.5
1307,20417.981173,20417.146182,20417.404341,20417.928845,20425.050145,0,1.99999999999996,0.0200000000000003,5.99999999999996,2,5,65,0.5
1308,20426.500644,20425.627975,20425.976808,20426.448311,20430.940621,1,1.99999999999996,0.0200000000000003,7.00000000000003,1,6,66,0.5
1309,20432.336788,20431.448285,20431.809457,20432.284449,20436.380766,1,1.99999999999996,0.0200000000000003,7.00000000000003,1,6,66,0.5
1310,20437.7131,20436.834764,20437.065602,20437.611933,20443.142406,0,NaN,0.00999999999999943,5.99999999999996,0,5,65,0.5
1311,20444.648739,20443.694909,20444.076574,20444.596399,20450.742047,1,1.99999999999996,0.0200000000000003,7.00000000000003,1,6,66,0.5
1312,20452.241541,20451.404539,20451.687544,20452.189202,20458.357678,1,1.99999999999996,0.0200000000000003,7.00000000000003,1,6,66,0.5
1313,20459.760173,20458.811677,20459.065181,20459.707845,20466.532818,0,1.99999999999996,0.0200000000000003,5.99999999999996,2,5,65,0.5
1314,20468.208972,20467.180648,20467.429141,20468.107805,20470.899467,0,NaN,0.00999999999999943,5.99999999999996,0,5,65,0.5
1315,20477.064937,20476.134946,20476.445111,20477.012442,20481.424585,1,1.99999999999996,0.0200000000000003,7.00000000000003,1,6,66,0.5
1316,20482.765753,20481.86909,20482.152416,20482.713414,20490.492549,0,1.99999999999996,0.0200000000000003,5.99999999999996,2,5,65,0.5
1317,20492.118043,20491.186552,20491.541379,20492.01671,20498.639017,1,NaN,0.00999999999999943,7.00000000000003,0,6,66,0.5
1318,20500.130683,20499.096682,20499.458513,20500.07835,20505.745988,1,1.99999999999996,0.0200000000000003,7.00000000000003,1,6,66,0.5
1319,20507.070822,20506.179326,20506.391158,20507.070822,20513.144959,1,NaN,0,5.99999999999996,0,5,65,0.5
1320,20514.450959,20513.549791,20513.851789,20514.39862,20516.980943,1,1.99999999999996,0.0200000000000003,7.00000000000003,1,6,66,0.5
1321,20518.306609,20517.462608,20517.756279,20518.254277,20525.36541,0,1.99999999999996,0.0200000000000003,5.99999999999996,2,5,65,0.5
1322,20526.961571,20525.954574,20526.275412,20526.909243,20536.940363,0,1.99999999999996,0.0200000000000003,5.99999999999996,2,5,65,0.5
1323,20538.506191,20537.445201,20537.696527,20538.404857,20545.294336,0,NaN,0.00999999999999943,5.99999999999996,0,5,65,0.5
1324,20546.690991,20545.673162,20546.005666,20546.589658,20547.162162,1,NaN,0.00999999999999943,7.00000000000003,0,6,66,0.5
1325,20554.294628,20553.244471,20553.642302,20554.2423,20557.942113,1,1.99999999999996,0.0200000000000003,7.00000000000003,1,6,66,0.5
1326,20559.351274,20558.459111,20558.757443,20559.298947,NaN,0,1.99999999999996,0.0200000000000003,5.99999999999996,2,5,65,0.5
