trial,outcome,center_in,center_out,side_in,last_side_out,actions,reward,trial_types,odors,port_side,schedule,odor_name,odor_dur
1,1210.485886,1209.794389,1210.107727,1210.485886,1218.176689,1,NaN,0,5.99999999999996,2,5,65,0.5
2,1219.212357,1218.68002,1218.802692,1219.173518,1220.053348,1,1.99999999999996,0.0200000000000003,7.00000000000003,1,6,66,0.5
3,1222.353007,1221.760847,1221.957513,1222.300673,1222.598838,0,1.99999999999996,0.0200000000000003,5.99999999999996,2,5,65,0.5
4,1224.916329,1224.38367,1224.556836,1224.916329,1271.561148,1,NaN,0,5.99999999999996,2,5,65,0.5
5,1272.687143,1272.154479,1272.262806,1272.648971,1280.536939,0,1.99999999999996,0.0200000000000003,5.99999999999996,2,5,65,0.5
6,1282.023267,1281.152604,1281.573936,1282.023267,1295.082548,1,NaN,0,5.99999999999996,2,5,65,0.5
7,1297.58871,1297.005873,1297.250873,1297.58871,1303.570848,1,NaN,0,5.99999999999996,2,5,65,0.5
8,1305.894839,1305.370841,1305.465012,1305.842511,1316.727295,1,1.99999999999996,0.0200000000000003,7.00000000000003,1,6,66,0.5
9,1317.820957,1317.200126,1317.471125,1317.820957,1326.803088,1,NaN,0,5.99999999999996,2,5,65,0.5
10,1328.716247,1328.021416,1328.103755,1328.663748,1337.554878,0,1.99999999999996,0.0200000000000003,5.99999999999996,2,5,65,0.5
11,1339.931535,1339.240544,1339.522703,1339.931535,1352.359319,1,NaN,0,5.99999999999996,2,5,65,0.5
12,1354.449816,1353.834313,1354.114145,1354.449816,1366.637095,1,NaN,0,5.99999999999996,2,5,65,0.5
13,1367.803591,1367.192432,1367.352593,1367.751263,1375.35006,0,1.99999999999996,0.0200000000000003,5.99999999999996,2,5,65,0.5
14,1378.418721,1377.096553,1377.678217,1378.366382,1382.001539,0,1.99999999999996,0.0200000000000003,5.99999999999996,2,5,65,0.5
15,1384.999688,1384.527191,1384.646023,1384.999688,1398.601806,1,NaN,0,5.99999999999996,2,5,65,0.5
16,1399.633802,1399.100971,1399.175631,1399.587136,1419.680555,0,1.99999999999996,0.0200000000000003,5.99999999999996,2,5,65,0.5
17,1420.854884,1420.207215,1420.349553,1420.753718,1427.140026,0,NaN,0.00999999999999943,5.99999999999996,0,5,65,0.5
18,1438.207142,1427.676685,1429.351683,NaN,1457.577571,NaN,NaN,0,5.99999999999996,2,5,65,0.5
19,1458.643733,1458.056735,1458.161896,1458.5914,1461.948714,0,1.99999999999996,0.0200000000000003,5.99999999999996,2,5,65,0.5
20,1467.537025,1465.441372,1466.961533,1467.484526,1488.139109,1,1.99999999999996,0.0200000000000003,7.00000000000003,1,6,66,0.5
21,1490.230267,1489.580437,1489.733775,1490.230267,1499.285737,1,NaN,0,5.99999999999996,2,5,65,0.5
22,1503.588214,1502.842717,1503.176215,1503.588214,1504.120878,1,NaN,0,5.99999999999996,2,5,65,0.5
23,1513.308181,1512.552351,1512.794016,1513.308181,1519.706983,1,NaN,0,5.99999999999996,2,5,65,0.5
24,1525.946464,1525.015462,1525.340293,1525.894125,1552.83685,0,1.99999999999996,0.0200000000000003,5.99999999999996,2,5,65,0.5
25,1554.386511,1553.375854,1553.901846,1554.334183,1566.682801,1,1.99999999999996,0.0200000000000003,7.00000000000003,1,6,66,0.5
26,1569.881455,1569.297118,1569.408457,1569.829116,1571.91194,0,1.99999999999996,0.0200000000000003,5.99999999999996,2,5,65,0.5
27,1575.072928,1574.371264,1574.665436,1575.072928,1575.351599,1,NaN,0,5.99999999999996,2,5,65,0.5
28,1587.20738,1586.280389,1586.701882,1587.155052,1608.660628,1,1.99999999999996,0.0200000000000003,7.00000000000003,1,6,66,0.5
29,1609.827795,1609.190625,1609.371291,1609.775622,1618.224422,0,1.99999999999996,0.0200000000000003,5.99999999999996,2,5,65,0.5
30,1619.599756,1618.699093,1619.106424,1619.498589,1625.624732,1,NaN,0.00999999999999943,7.00000000000003,0,6,66,0.5
31,1627.662718,1626.592389,1627.094886,1627.662718,1635.512692,1,NaN,0,5.99999999999996,2,5,65,0.5
32,1638.308348,1636.150856,1637.792177,1638.256175,1652.099454,1,1.99999999999996,0.0200000000000003,7.00000000000003,1,6,66,0.5
33,1653.533447,1652.658951,1652.982456,1653.533447,1664.42257,1,NaN,0,5.99999999999996,2,5,65,0.5
34,1665.401401,1664.911408,1664.980908,1665.349073,1670.267715,0,1.99999999999996,0.0200000000000003,5.99999999999996,2,5,65,0.5
35,1675.033861,1674.437203,1674.681702,1675.033861,1684.416663,1,NaN,0,5.99999999999996,2,5,65,0.5
36,1685.766818,1684.917155,1685.342826,1685.714485,1694.424284,1,1.99999999999996,0.0200000000000003,7.00000000000003,1,6,66,0.5
37,1695.562113,1694.897282,1694.945948,1695.509613,1699.711602,0,1.99999999999996,0.0200000000000003,5.99999999999996,2,5,65,0.5
38,1702.443418,1701.768922,1702.068753,1702.443418,1705.382073,1,NaN,0,5.99999999999996,2,5,65,0.5
39,1718.690854,1717.901196,1718.292022,1718.690854,1724.810162,0,NaN,0,7.00000000000003,1,6,66,0.5
40,1726.198663,1725.36416,1725.747325,1726.198663,1726.531322,1,NaN,0,5.99999999999996,2,5,65,0.5
41,1737.731783,1736.867948,1737.03328,1737.679445,1739.900602,1,1.99999999999996,0.0200000000000003,7.00000000000003,1,6,66,0.5
42,1746.470243,1745.55658,1745.904245,1746.417915,1752.955716,0,1.99999999999996,0.0200000000000003,5.99999999999996,2,5,65,0.5
43,1758.920532,1757.994369,1758.246368,1758.920532,1770.058981,1,NaN,0,5.99999999999996,2,5,65,0.5
44,1777.530624,1776.750961,1776.967121,1777.478286,1792.527064,1,1.99999999999996,0.0200000000000003,7.00000000000003,1,6,66,0.5
45,1793.946225,1793.293061,1793.450554,1793.893892,1801.176529,0,1.99999999999996,0.0200000000000003,5.99999999999996,2,5,65,0.5
46,1804.099018,1803.150183,1803.667847,1804.099018,1810.074488,1,NaN,0,5.99999999999996,2,5,65,0.5
47,1819.936954,1819.062952,1819.222291,1819.884615,1859.374291,1,1.99999999999996,0.0200000000000003,7.00000000000003,1,6,66,0.5
48,1865.363106,1864.718436,1864.826603,1865.310934,1873.228069,0,1.99999999999996,0.0200000000000003,5.99999999999996,2,5,65,0.5
49,1874.565403,1873.890233,1874.153565,1874.565403,1885.446526,1,NaN,0,5.99999999999996,2,5,65,0.5
50,1904.517949,1903.541781,1903.959779,1904.465616,1908.801432,1,1.99999999999996,0.0200000000000003,7.00000000000003,1,6,66,0.5
51,1917.391893,1916.683895,1916.924894,1917.339565,1925.059361,0,1.99999999999996,0.0200000000000003,5.99999999999996,2,5,65,0.5
52,1926.509528,1925.638192,1925.895197,1926.509528,1927.187853,1,NaN,0,5.99999999999996,2,5,65,0.5
53,1940.736632,1939.843975,1940.337967,1940.736632,2028.929952,1,NaN,0,5.99999999999996,2,5,65,0.5
54,2034.221264,2033.630433,2033.815093,2034.221264,2053.925179,1,NaN,0,5.99999999999996,2,5,65,0.5
55,2056.90634,2054.59501,2054.653676,2056.90634,2078.948585,0,NaN,0,7.00000000000003,1,6,66,0.5
56,2080.30074,2079.582077,2079.837242,2080.30074,2080.933738,1,NaN,0,5.99999999999996,2,5,65,0.5
57,2090.970537,2090.213035,2090.459533,2090.918365,2096.590514,0,1.99999999999996,0.0200000000000003,5.99999999999996,2,5,65,0.5
58,2098.709501,2097.963342,2098.234502,2098.709501,2099.217165,1,NaN,0,5.99999999999996,0,5,65,0.5
59,2163.985412,2163.194576,2163.330075,2163.933072,2190.572639,1,1.99999999999996,0.0200000000000003,7.00000000000003,1,6,66,0.5
60,2192.849963,2192.165459,2192.435458,2192.849963,2206.378575,1,NaN,0,5.99999999999996,2,5,65,0.5
61,2214.463871,2213.512713,2213.988039,2214.411371,2224.728663,1,1.99999999999996,0.0200000000000003,7.00000000000003,1,6,66,0.5
62,2233.165963,2232.403299,2232.739964,2233.165963,2238.65494,1,NaN,0,5.99999999999996,0,5,65,0.5
63,2242.245593,2241.195763,2241.588429,2242.245593,2252.09472,0,NaN,0,7.00000000000003,0,6,66,0.5
64,2256.487708,2255.196213,2256.030877,2256.487708,2270.200148,0,NaN,0,7.00000000000003,1,6,66,0.5
65,2271.622809,2270.752645,2271.11031,2271.521481,2288.820079,0,NaN,0.00999999999999943,5.99999999999996,0,5,65,0.5
66,2301.661689,2301.001863,2301.24069,2301.661689,2305.570006,1,NaN,0,5.99999999999996,2,5,65,0.5
67,2309.086992,2308.113663,2308.599494,2309.086992,2350.549159,1,NaN,0,5.99999999999996,2,5,65,0.5
68,2356.992634,2355.840144,2356.430802,2356.992634,2358.303468,0,NaN,0,7.00000000000003,1,6,66,0.5
69,2363.497608,2362.611117,2362.920116,2363.497608,2389.018839,1,NaN,0,5.99999999999996,0,5,65,0.5
70,2391.027003,2390.037001,2390.152007,2390.974832,2402.140626,0,1.99999999999996,0.0200000000000003,5.99999999999996,2,5,65,0.5
71,2405.980772,2404.754948,2405.462107,2405.928444,2416.135397,1,1.99999999999996,0.0200000000000003,7.00000000000003,1,6,66,0.5
72,2421.201877,2420.437213,2420.768378,2421.201877,2432.102167,0,NaN,0,7.00000000000003,1,6,66,0.5
73,2433.491495,2432.665003,2432.809836,2433.390161,2433.791499,0,NaN,0.00999999999999943,5.99999999999996,0,5,65,0.5
74,2440.914132,2439.355977,2439.526643,2440.861804,2444.903116,0,1.99999999999996,0.0200000000000003,5.99999999999996,2,5,65,0.5
75,2447.049941,2446.184449,2446.544442,2446.948613,2452.502251,1,NaN,0.00999999999999943,7.00000000000003,0,6,66,0.5
76,2459.810889,2457.0579,2457.96623,2459.810889,2467.044866,1,NaN,0,5.99999999999996,2,5,65,0.5
77,2469.961682,2469.198857,2469.446517,2469.909355,2484.843122,0,1.99999999999996,0.0200000000000003,5.99999999999996,2,5,65,0.5
78,2486.99678,2486.448449,2486.583282,2486.99678,2511.503183,1,NaN,0,5.99999999999996,0,5,65,0.5
79,2575.793764,2573.068942,2573.279274,2575.793764,2585.052722,1,NaN,0,5.99999999999996,0,5,65,0.5
80,2588.326708,2586.414049,2586.603054,2588.326708,2589.773202,0,NaN,0,7.00000000000003,1,6,66,0.5
81,2596.89768,2595.819012,2596.115516,2596.796674,2601.332823,0,NaN,0.00999999999999943,5.99999999999996,0,5,65,0.5
82,2654.084612,2653.009449,2653.224621,2654.032285,2669.219385,1,1.99999999999996,0.0200000000000003,7.00000000000003,1,6,66,0.5
83,2671.062045,2669.990388,2670.075715,2671.009545,2673.365201,0,1.99999999999996,0.0200000000000003,5.99999999999996,2,5,65,0.5
84,2680.16068,2679.397678,2679.664015,2680.108341,2686.560315,1,1.99999999999996,0.0200000000000003,7.00000000000003,1,6,66,0.5
85,2693.254794,2691.9838,2692.368793,2693.254794,2816.522962,0,NaN,0,7.00000000000003,1,6,66,0.5
86,2818.293961,2817.380131,2817.712463,2818.293961,2818.907792,1,NaN,0,5.99999999999996,0,5,65,0.5
87,2833.77256,2833.163068,2833.325567,2833.77256,2838.970712,1,NaN,0,5.99999999999996,0,5,65,0.5
88,2840.816538,2839.631209,2839.695203,2840.715371,2846.173516,0,NaN,0.00999999999999943,5.99999999999996,0,5,65,0.5
89,2849.32417,2848.638167,2848.900505,2849.32417,2861.250616,1,NaN,0,5.99999999999996,2,5,65,0.5
90,2863.313275,2862.117114,2862.758611,2863.313275,2864.43277,0,NaN,0,7.00000000000003,1,6,66,0.5
91,2874.401737,2872.951736,2873.213069,2874.401737,2882.499031,1,NaN,0,5.99999999999996,2,5,65,0.5
92,2890.286834,2888.729507,2889.48251,2890.286834,2894.411984,0,NaN,0,7.00000000000003,1,6,66,0.5
93,2911.371916,2910.068094,2911.091751,NaN,NaN,NaN,NaN,0,7.00000000000003,0,6,66,0.5
94,2935.884651,2925.354027,2925.802192,NaN,NaN,NaN,NaN,0,7.00000000000003,1,6,66,0.5
95,2953.222249,2949.051933,2949.992095,NaN,NaN,NaN,NaN,0,7.00000000000003,0,6,66,0.5
96,2982.467298,2976.739322,2977.488319,NaN,2997.737738,NaN,NaN,0,5.99999999999996,2,5,65,0.5
97,3004.229045,3002.506724,3002.727217,3004.127718,3004.519877,0,NaN,0.00999999999999943,5.99999999999996,0,5,65,0.5
98,3022.194145,3020.583479,3020.948978,NaN,3028.656948,NaN,NaN,0,7.00000000000003,1,6,66,0.5
99,3040.2619,3036.90342,3037.319746,NaN,NaN,NaN,NaN,0,7.00000000000003,1,6,66,0.5
100,3070.860617,3065.551305,3066.028631,NaN,NaN,NaN,NaN,0,7.00000000000003,0,6,66,0.5
101,3112.654278,3105.769472,3106.23697,NaN,NaN,NaN,NaN,0,7.00000000000003,1,6,66,0.5
102,3147.89347,3143.103823,3143.986825,3147.89347,3153.464454,1,NaN,0,5.99999999999996,2,5,65,0.5
103,3163.953412,3156.563275,3156.812268,3163.901073,3375.801558,0,1.99999999999996,0.0200000000000003,5.99999999999996,2,5,65,0.5
104,3386.184517,3383.870699,3384.195531,3386.13219,3410.516253,1,1.99999999999996,0.0200000000000003,7.00000000000003,1,6,66,0.5
105,3416.116731,3414.755242,3415.2759,3416.116731,3438.58398,1,NaN,0,5.99999999999996,2,5,65,0.5
106,3448.230436,3447.422772,3447.562271,3448.178108,3462.01888,1,1.99999999999996,0.0200000000000003,7.00000000000003,1,6,66,0.5
107,3463.695707,3462.888716,3463.109376,3463.64338,3472.60101,0,1.99999999999996,0.0200000000000003,5.99999999999996,2,5,65,0.5
108,3480.979972,3479.536816,3479.784476,3480.927644,3494.492751,1,1.99999999999996,0.0200000000000003,7.00000000000003,1,6,66,0.5
109,3497.781243,3496.023245,3496.493243,3497.728904,3507.381032,1,1.99999999999996,0.0200000000000003,7.00000000000003,1,6,66,0.5
110,3513.664013,3511.736854,3512.054686,3513.611674,3524.638969,0,1.99999999999996,0.0200000000000003,5.99999999999996,2,5,65,0.5
111,3534.342924,3532.784436,3533.044935,3534.342924,3535.233754,1,NaN,0,5.99999999999996,2,5,65,0.5
112,3548.170536,3545.066048,3545.174881,3548.069203,3548.406368,0,NaN,0.00999999999999943,5.99999999999996,0,5,65,0.5
113,3557.361499,3555.943505,3556.381337,3557.260338,3571.997773,1,NaN,0.00999999999999943,7.00000000000003,0,6,66,0.5
114,3580.13008,3578.092082,3578.418748,3580.13008,3587.843883,1,NaN,0,5.99999999999996,2,5,65,0.5
115,3604.140818,3593.610026,3593.926352,NaN,3607.186805,NaN,NaN,0,5.99999999999996,2,5,65,0.5
116,3612.133114,3611.07429,3611.305122,3612.133114,3623.881572,0,NaN,0,7.00000000000003,1,6,66,0.5
117,3633.924026,3632.218872,3632.648537,3633.871527,3644.540823,1,1.99999999999996,0.0200000000000003,7.00000000000003,1,6,66,0.5
118,3658.599427,3656.655441,3656.707941,NaN,3659.747756,NaN,NaN,0,5.99999999999996,2,5,65,0.5
119,3676.661855,3671.724047,3672.138207,3676.609528,3693.78862,0,1.99999999999996,0.0200000000000003,5.99999999999996,2,5,65,0.5
120,3717.621692,3716.019197,3716.374863,3717.569364,3734.150131,0,1.99999999999996,0.0200000000000003,5.99999999999996,2,5,65,0.5
121,3736.99612,3736.004117,3736.274116,3736.943947,3744.421756,0,1.99999999999996,0.0200000000000003,5.99999999999996,2,5,65,0.5
122,3748.187575,3747.03974,3747.316072,3748.187575,3764.116838,1,NaN,0,5.99999999999996,2,5,65,0.5
123,3765.741166,3764.999002,3765.153668,3765.741166,3778.346448,0,NaN,0,7.00000000000003,1,6,66,0.5
124,3781.479603,3779.733282,3780.562607,3781.479603,3781.957434,0,NaN,0,7.00000000000003,1,6,66,0.5
125,3805.515679,3804.612844,3804.920675,3805.515679,3942.928296,1,NaN,0,5.99999999999996,2,5,65,0.5
126,3995.940578,3994.698589,3995.12042,3995.888251,4016.572835,1,1.99999999999996,0.0200000000000003,7.00000000000003,1,6,66,0.5
127,4019.516983,4018.373321,4018.837819,4019.516983,4027.495951,1,NaN,0,5.99999999999996,2,5,65,0.5
128,4049.070038,4048.351369,4048.525707,4049.070038,4072.220107,1,NaN,0,5.99999999999996,2,5,65,0.5
129,4074.46993,4073.7896,4073.9231,4074.46993,4096.996007,0,NaN,0,7.00000000000003,1,6,66,0.5
130,4100.396994,4097.860337,4099.078998,4100.344666,4121.527415,1,1.99999999999996,0.0200000000000003,7.00000000000003,1,6,66,0.5
131,4123.229741,4122.248745,4122.541411,4123.229741,4148.855966,1,NaN,0,5.99999999999996,2,5,65,0.5
132,4152.449291,4151.634628,4151.937626,4152.449291,4158.614594,1,NaN,0,5.99999999999996,2,5,65,0.5
133,4160.752752,4159.58609,4159.923261,4160.700253,4177.628184,0,1.99999999999996,0.0200000000000003,5.99999999999996,2,5,65,0.5
134,4179.927848,4178.533687,4179.167845,4179.875509,4187.296979,1,1.99999999999996,0.0200000000000003,7.00000000000003,1,6,66,0.5
135,4191.015964,4189.44447,4189.952135,4191.015964,4192.298625,0,NaN,0,7.00000000000003,1,6,66,0.5
136,4199.723929,4198.699767,4199.035599,4199.723929,4209.589223,1,NaN,0,5.99999999999996,2,5,65,0.5
137,4212.82071,4211.297883,4211.790214,4212.768377,4223.6405,1,1.99999999999996,0.0200000000000003,7.00000000000003,1,6,66,0.5
138,4228.067982,4225.680325,4226.952987,4228.067982,4234.48229,0,NaN,0,7.00000000000003,1,6,66,0.5
139,4247.396738,4246.399409,4246.733741,4247.396738,4254.015045,1,NaN,0,5.99999999999996,2,5,65,0.5
140,4256.934034,4255.646705,4256.129037,4256.832701,4261.802347,1,NaN,0.00999999999999943,7.00000000000003,0,6,66,0.5
141,4264.680669,4263.131509,4263.666673,4264.628503,4267.373825,1,1.99999999999996,0.0200000000000003,7.00000000000003,1,6,66,0.5
142,4273.300635,4269.59215,4270.38548,4273.300635,4302.682684,0,NaN,0,7.00000000000003,1,6,66,0.5
143,4305.415506,4304.530677,4304.759342,4305.363173,4318.419454,0,1.99999999999996,0.0200000000000003,5.99999999999996,2,5,65,0.5
144,4321.095277,4319.533283,4320.20478,4321.042777,4336.499549,1,1.99999999999996,0.0200000000000003,7.00000000000003,1,6,66,0.5
145,4339.39521,4337.97771,4338.515375,4339.342871,4356.005138,1,1.99999999999996,0.0200000000000003,7.00000000000003,1,6,66,0.5
146,4359.279958,4358.171468,4358.525967,4359.279958,4373.5889,1,NaN,0,5.99999999999996,2,5,65,0.5
147,4510.582692,4509.495029,4509.704195,4510.530519,4514.606337,0,1.99999999999996,0.0200000000000003,5.99999999999996,2,5,65,0.5
148,4521.079644,4519.698489,4520.325986,4521.027317,4539.648909,1,1.99999999999996,0.0200000000000003,7.00000000000003,1,6,66,0.5
149,4542.184899,4540.974404,4541.364896,4542.184899,4549.403197,1,NaN,0,5.99999999999996,0,5,65,0.5
150,4553.030016,4551.002025,4551.540028,4553.030016,4557.386499,0,NaN,0,7.00000000000003,1,6,66,0.5
151,4560.882157,4558.966159,4559.822995,4560.829818,4574.195932,1,1.99999999999996,0.0200000000000003,7.00000000000003,1,6,66,0.5
152,4577.90925,4575.610432,4576.266256,4577.90925,4579.463744,0,NaN,0,7.00000000000003,1,6,66,0.5
153,7779.253617,7777.238786,7777.562124,7779.201444,7786.624088,0,1.99999999999996,0.0200000000000003,5.99999999999996,2,5,65,0.5
154,7788.93274,7787.509745,7787.971743,7788.880412,7801.911526,1,1.99999999999996,0.0200000000000003,7.00000000000003,1,6,66,0.5
155,7868.748759,7867.204759,7867.696757,7868.696421,7869.979081,1,1.99999999999996,0.0200000000000003,7.00000000000003,1,6,66,0.5
156,8058.555833,8057.439171,8057.812169,8058.503494,8064.485304,1,1.99999999999996,0.0200000000000003,7.00000000000003,1,6,66,0.5
157,8069.660955,8068.570454,8068.946619,8069.608616,8073.368435,0,1.99999999999996,0.0200000000000003,5.99999999999996,2,5,65,0.5
158,8079.789076,8078.475915,8079.009751,8079.736748,8112.474445,1,1.99999999999996,0.0200000000000003,7.00000000000003,1,6,66,0.5
159,8116.618434,8115.5916,8115.926765,8116.517268,8161.450088,0,NaN,0.00999999999999943,5.99999999999996,0,5,65,0.5
160,8164.988068,8164.081738,8164.405576,8164.988068,8178.97368,1,NaN,0,5.99999999999996,0,5,65,0.5
161,8181.258004,8180.223174,8180.473679,8181.205676,8191.333635,0,1.99999999999996,0.0200000000000003,5.99999999999996,2,5,65,0.5
162,8193.378294,8192.342625,8192.595464,8193.378294,8200.079433,1,NaN,0,5.99999999999996,0,5,65,0.5
163,8204.445244,8202.941589,8203.271915,8204.445244,8316.215969,1,NaN,0,5.99999999999996,0,5,65,0.5
164,8323.062442,8321.516781,8321.756614,8323.062442,8353.61548,1,NaN,0,5.99999999999996,0,5,65,0.5
165,8361.307283,8359.661623,8359.761462,8361.254784,8366.689267,1,1.99999999999996,0.0200000000000003,7.00000000000003,1,6,66,0.5
166,8370.136254,8368.103595,8368.623754,8370.135247,8370.525913,0,NaN,0.00999999999999943,5.99999999999996,0,5,65,0.5
167,8669.64055,8668.50656,8668.677387,8669.64055,8669.722889,1,NaN,0,5.99999999999996,2,5,65,0.5
168,8682.072839,8680.431846,8680.970337,8682.0205,8688.906639,1,1.99999999999996,0.0200000000000003,7.00000000000003,1,6,66,0.5
169,8692.703791,8690.848137,8691.653295,8692.703791,8746.220743,1,NaN,0,5.99999999999996,0,5,65,0.5
170,8748.838572,8747.329739,8747.951909,8748.737406,8749.260237,1,NaN,0.00999999999999943,7.00000000000003,0,6,66,0.5
171,9180.858844,9176.655027,9176.92702,9180.806505,9182.661665,0,1.99999999999996,0.0200000000000003,5.99999999999996,2,5,65,0.5
172,9189.66947,9183.657499,9183.889499,9189.61697,9206.557574,0,1.99999999999996,0.0200000000000003,5.99999999999996,2,5,65,0.5
173,9209.488223,9208.373561,9208.395567,9209.488223,9210.893051,1,NaN,0,5.99999999999996,0,5,65,0.5
174,9230.849644,9229.931475,9230.07448,9230.748306,9233.511627,0,NaN,0.00999999999999943,5.99999999999996,0,5,65,0.5
175,9239.193944,9237.918776,9238.282281,9239.141605,9247.942909,1,1.99999999999996,0.0200000000000003,7.00000000000003,1,6,66,0.5
176,9253.017049,9251.655888,9251.988726,9253.017049,12262.721683,1,NaN,0,5.99999999999996,2,5,65,0.5
177,12266.311496,12264.449004,12264.739502,12266.311496,12276.411962,1,NaN,0,5.99999999999996,2,5,65,0.5
178,12279.193951,12277.843956,12278.361281,12279.141611,12538.601408,1,1.99999999999996,0.0200000000000003,7.00000000000003,1,6,66,0.5
179,12541.536068,12540.509739,12540.736732,12541.483729,12543.59572,0,1.99999999999996,0.0200000000000003,5.99999999999996,2,5,65,0.5
180,12551.291862,12549.925028,12550.459699,12551.190696,12562.081319,1,NaN,0.00999999999999943,7.00000000000003,0,6,66,0.5
181,12565.871804,12564.981468,12565.13714,12565.871804,12649.140298,1,NaN,0,5.99999999999996,2,5,65,0.5
182,12653.964613,12653.01045,12653.083949,12653.912285,12655.90811,1,1.99999999999996,0.0200000000000003,7.00000000000003,1,6,66,0.5
183,12659.022598,12658.085935,12658.364095,12658.970425,12665.525739,0,1.99999999999996,0.0200000000000003,5.99999999999996,2,5,65,0.5
184,12668.348061,12667.297059,12667.71973,12668.348061,12803.803347,1,NaN,0,5.99999999999996,2,5,65,0.5
185,12806.734674,12805.952171,12806.050671,12806.682502,12819.480617,1,1.99999999999996,0.0200000000000003,7.00000000000003,1,6,66,0.5
186,12825.600432,12824.265104,12824.486597,12825.499265,12847.302678,0,NaN,0.00999999999999943,5.99999999999996,0,5,65,0.5
187,12849.60383,12848.595506,12849.015999,12849.60383,12854.968475,1,NaN,0,5.99999999999996,2,5,65,0.5
188,12857.409638,12856.434642,12856.793634,12857.357465,12862.057119,0,1.99999999999996,0.0200000000000003,5.99999999999996,2,5,65,0.5
189,12865.022774,12863.902772,12864.38777,12864.921602,12873.145735,1,NaN,0.00999999999999943,7.00000000000003,0,6,66,0.5
190,12875.024067,12874.020732,12874.382236,12874.971734,12910.45692,0,1.99999999999996,0.0200000000000003,5.99999999999996,2,5,65,0.5
191,12912.270252,12911.121417,12911.442082,12912.217913,12924.726196,0,1.99999999999996,0.0200000000000003,5.99999999999996,2,5,65,0.5
192,12926.571361,12925.733358,12925.976697,12926.571361,12940.765304,1,NaN,0,5.99999999999996,2,5,65,0.5
193,12942.327126,12941.397968,12941.637461,12942.274798,12950.231928,0,1.99999999999996,0.0200000000000003,5.99999999999996,2,5,65,0.5
194,12952.211425,12951.268262,12951.600594,12952.211425,12961.770382,1,NaN,0,5.99999999999996,2,5,65,0.5
195,12963.999211,12962.691217,12963.253875,12963.946872,12970.297353,1,1.99999999999996,0.0200000000000003,7.00000000000003,1,6,66,0.5
196,12975.354827,12974.255837,12974.620163,12975.302499,12998.38424,0,1.99999999999996,0.0200000000000003,5.99999999999996,2,5,65,0.5
197,13006.798534,13005.762539,13006.112038,13006.798534,13007.109534,1,NaN,0,5.99999999999996,0,5,65,0.5
198,13381.840701,13380.55754,13380.739544,13381.840701,13382.158033,0,NaN,0,7.00000000000003,0,6,66,0.5
199,13390.20134,13389.081838,13389.487337,13390.20134,13390.526666,1,NaN,0,5.99999999999996,2,5,65,0.5
200,13397.651477,13396.122977,13396.75348,13397.599144,13407.337099,1,1.99999999999996,0.0200000000000003,7.00000000000003,1,6,66,0.5
201,13412.533584,13411.34725,13411.756081,13412.481411,13416.246236,1,1.99999999999996,0.0200000000000003,7.00000000000003,1,6,66,0.5
202,13418.571221,13417.489058,13417.86089,13418.571221,13451.076924,1,NaN,0,5.99999999999996,2,5,65,0.5
203,13453.563248,13452.293091,13452.661584,13453.461914,13474.878168,0,NaN,0.00999999999999943,5.99999999999996,0,5,65,0.5
204,13476.898821,13475.898992,13476.144157,13476.797654,13477.233992,0,NaN,0.00999999999999943,5.99999999999996,0,5,65,0.5
205,13497.712404,13496.754075,13497.047407,13497.660077,13504.026046,0,1.99999999999996,0.0200000000000003,5.99999999999996,2,5,65,0.5
206,13506.988034,13505.651872,13506.323036,13506.935534,13514.56267,1,1.99999999999996,0.0200000000000003,7.00000000000003,1,6,66,0.5
207,13517.782658,13516.012164,13516.782834,13517.681491,13529.43095,1,NaN,0.00999999999999943,7.00000000000003,0,6,66,0.5
208,13531.751602,13530.736611,13531.125103,13531.751602,13541.515229,1,NaN,0,5.99999999999996,2,5,65,0.5
209,13544.728222,13543.263555,13543.541554,13544.728222,13552.660684,1,NaN,0,5.99999999999996,0,5,65,0.5
210,13554.772682,13553.653019,13554.035178,13554.671509,13560.050994,0,NaN,0.00999999999999943,5.99999999999996,0,5,65,0.5
211,13579.36925,13578.284754,13578.615586,13579.316911,13588.930545,0,1.99999999999996,0.0200000000000003,5.99999999999996,2,5,65,0.5
212,13591.109203,13589.769369,13590.3732,13591.05703,13607.120299,1,1.99999999999996,0.0200000000000003,7.00000000000003,1,6,66,0.5
213,13611.635621,13610.344626,13610.966451,13611.583282,13617.594758,1,1.99999999999996,0.0200000000000003,7.00000000000003,1,6,66,0.5
214,13620.770912,13618.935419,13619.283757,13620.718418,13636.01619,0,1.99999999999996,0.0200000000000003,5.99999999999996,2,5,65,0.5
215,13639.317343,13637.550511,13638.038342,13639.265004,13653.624613,0,1.99999999999996,0.0200000000000003,5.99999999999996,2,5,65,0.5
216,13658.287601,13657.287932,13657.599604,13658.287601,13669.376217,1,NaN,0,5.99999999999996,2,5,65,0.5
217,13672.292873,13670.748884,13671.607214,13672.240545,13684.845322,1,1.99999999999996,0.0200000000000003,7.00000000000003,1,6,66,0.5
218,13687.473812,13686.351316,13686.70882,13687.421484,13702.661085,0,1.99999999999996,0.0200000000000003,5.99999999999996,2,5,65,0.5
219,13704.983747,13703.805913,13704.240417,13704.931408,13716.305035,1,1.99999999999996,0.0200000000000003,7.00000000000003,1,6,66,0.5
220,13721.216182,13720.203014,13720.528852,13721.163849,13734.465957,1,1.99999999999996,0.0200000000000003,7.00000000000003,1,6,66,0.5
221,13736.672621,13735.848118,13735.987957,13736.571454,13745.251414,1,NaN,0.00999999999999943,7.00000000000003,0,6,66,0.5
222,13747.924576,13746.555742,13747.08474,13747.924576,13752.125726,1,NaN,0,5.99999999999996,2,5,65,0.5
223,13758.007535,13754.162217,13755.91821,13757.955196,13764.991501,0,1.99999999999996,0.0200000000000003,5.99999999999996,2,5,65,0.5
224,13767.21566,13765.935664,13766.458168,13767.163332,13772.887642,1,1.99999999999996,0.0200000000000003,7.00000000000003,1,6,66,0.5
225,13775.329966,13773.895972,13774.272297,13775.329966,13782.595764,1,NaN,0,5.99999999999996,2,5,65,0.5
226,13785.450253,13783.440262,13784.687589,13785.397754,13796.603548,1,1.99999999999996,0.0200000000000003,7.00000000000003,1,6,66,0.5
227,13799.075532,13797.777704,13798.070869,13799.075532,13804.148517,1,NaN,0,5.99999999999996,2,5,65,0.5
228,13808.096996,13805.16768,13806.866673,13807.995669,13809.339491,1,NaN,0.00999999999999943,7.00000000000003,0,6,66,0.5
229,13825.468427,13824.248932,13824.64893,13825.416099,13837.026714,1,1.99999999999996,0.0200000000000003,7.00000000000003,1,6,66,0.5
230,13839.886708,13838.981045,13839.274871,13839.886708,13860.190788,1,NaN,0,5.99999999999996,2,5,65,0.5
231,13863.90844,13862.76395,13863.059609,13863.856112,13878.241215,0,1.99999999999996,0.0200000000000003,5.99999999999996,2,5,65,0.5
232,13881.069376,13879.468377,13879.861209,13881.069376,13886.11119,1,NaN,0,5.99999999999996,2,5,65,0.5
233,13888.271514,13887.122513,13887.426678,13888.219175,13903.878452,0,1.99999999999996,0.0200000000000003,5.99999999999996,2,5,65,0.5
234,13909.816089,13908.376267,13908.865593,13909.816089,13915.396734,1,NaN,0,5.99999999999996,2,5,65,0.5
235,13917.773224,13916.123064,13916.913727,13917.773224,13918.383055,1,NaN,0,5.99999999999996,2,5,65,0.5
236,14026.612622,14025.44046,14025.885297,14026.560122,14028.946618,1,1.99999999999996,0.0200000000000003,7.00000000000003,1,6,66,0.5
237,14033.688433,14032.345765,14032.638764,14033.636093,14036.960086,0,1.99999999999996,0.0200000000000003,5.99999999999996,2,5,65,0.5
238,14039.757569,14038.625246,14038.961245,14039.705075,14053.606353,0,1.99999999999996,0.0200000000000003,5.99999999999996,2,5,65,0.5
239,14056.25667,14054.873175,14055.288179,14056.25667,14057.614837,1,NaN,0,5.99999999999996,2,5,65,0.5
240,14065.369967,14064.149977,14064.574137,14065.317639,14077.666923,0,1.99999999999996,0.0200000000000003,5.99999999999996,2,5,65,0.5
241,14080.249246,14078.737914,14079.151084,14080.197074,14095.739512,0,1.99999999999996,0.0200000000000003,5.99999999999996,2,5,65,0.5
242,14098.756,14097.376511,14097.831676,14098.756,14104.614143,0,NaN,0,7.00000000000003,1,6,66,0.5
243,14107.839297,14106.554974,14106.842635,14107.78697,14122.893742,0,1.99999999999996,0.0200000000000003,5.99999999999996,2,5,65,0.5
244,14125.316227,14124.339064,14124.600563,14125.263728,14141.473329,0,1.99999999999996,0.0200000000000003,5.99999999999996,2,5,65,0.5
245,14143.597321,14142.343665,14142.89499,14143.544993,14152.700617,1,1.99999999999996,0.0200000000000003,7.00000000000003,1,6,66,0.5
246,14161.659754,14160.480092,14160.813757,14161.607421,14169.435884,1,1.99999999999996,0.0200000000000003,7.00000000000003,1,6,66,0.5
247,14171.942713,14170.885384,14171.028717,14171.89054,14186.689987,0,1.99999999999996,0.0200000000000003,5.99999999999996,2,5,65,0.5
248,14189.475304,14188.110976,14188.668473,14189.422976,14203.989918,1,1.99999999999996,0.0200000000000003,7.00000000000003,1,6,66,0.5
249,14206.335409,14205.167247,14205.452073,14206.283237,14214.967535,0,1.99999999999996,0.0200000000000003,5.99999999999996,2,5,65,0.5
250,14220.107848,14217.294359,14218.330194,14220.107848,14226.992653,0,NaN,0,7.00000000000003,1,6,66,0.5
251,14229.805309,14228.307987,14228.857985,14229.75281,14246.513243,0,1.99999999999996,0.0200000000000003,5.99999999999996,2,5,65,0.5
252,14249.260398,14247.468411,14247.856403,14249.260398,14253.642713,1,NaN,0,5.99999999999996,2,5,65,0.5
253,14260.266688,14258.66236,14259.40969,14260.21436,14268.72132,1,1.99999999999996,0.0200000000000003,7.00000000000003,1,6,66,0.5
254,14272.336639,14270.349819,14271.113483,14272.336639,14304.620349,0,NaN,0,7.00000000000003,1,6,66,0.5
255,14307.193833,14305.643505,14306.131003,14307.193833,14310.826318,0,NaN,0,7.00000000000003,1,6,66,0.5
256,14316.496801,14313.656474,14314.39881,14316.444635,14326.340262,1,1.99999999999996,0.0200000000000003,7.00000000000003,1,6,66,0.5
257,14328.852919,14327.630257,14327.984255,14328.80058,14333.311228,0,1.99999999999996,0.0200000000000003,5.99999999999996,2,5,65,0.5
258,14336.10639,14334.514557,14335.117221,14336.10639,14342.344365,1,NaN,0,5.99999999999996,2,5,65,0.5
259,14349.332003,14348.342668,14348.650839,14349.279664,14362.029619,0,1.99999999999996,0.0200000000000003,5.99999999999996,2,5,65,0.5
260,14364.308777,14363.041442,14363.529107,14364.256444,14375.582892,1,1.99999999999996,0.0200000000000003,7.00000000000003,1,6,66,0.5
261,14378.143721,14377.00172,14377.509885,14378.091549,14387.169685,1,1.99999999999996,0.0200000000000003,7.00000000000003,1,6,66,0.5
262,14389.907336,14388.715012,14389.106172,14389.854836,14407.863264,0,1.99999999999996,0.0200000000000003,5.99999999999996,2,5,65,0.5
263,14409.922922,14408.876432,14409.186425,14409.922922,14416.03423,1,NaN,0,5.99999999999996,2,5,65,0.5
264,14418.166061,14417.076227,14417.501558,14418.163895,14420.006054,1,1.99999999999996,0.0200000000000003,7.00000000000003,1,6,66,0.5
265,14422.779543,14421.502377,14421.528714,14422.777371,14429.546343,0,1.99999999999996,0.0200000000000003,5.99999999999996,2,5,65,0.5
266,14432.366505,14431.315836,14431.737001,14432.314165,14437.025147,1,1.99999999999996,0.0200000000000003,7.00000000000003,1,6,66,0.5
267,14439.176977,14438.028649,14438.399642,14439.176977,14446.243449,1,NaN,0,5.99999999999996,2,5,65,0.5
268,14449.337765,14447.098773,14448.131608,14449.285437,14461.555888,0,1.99999999999996,0.0200000000000003,5.99999999999996,2,5,65,0.5
269,14464.369876,14463.359541,14463.812373,14464.317538,14470.23902,1,1.99999999999996,0.0200000000000003,7.00000000000003,1,6,66,0.5
270,14473.361668,14472.136673,14472.74367,14473.309169,14474.832162,1,1.99999999999996,0.0200000000000003,7.00000000000003,1,6,66,0.5
271,14477.063987,14475.790992,14476.144829,14477.011487,14498.008736,0,1.99999999999996,0.0200000000000003,5.99999999999996,2,5,65,0.5
272,14499.749062,14498.735733,14499.094738,14499.749062,14506.040876,1,NaN,0,5.99999999999996,2,5,65,0.5
273,14508.898365,14507.429704,14508.235534,14508.846026,14509.999194,1,1.99999999999996,0.0200000000000003,7.00000000000003,1,6,66,0.5
274,14514.236177,14511.894347,14512.371345,14514.183844,14523.646473,0,1.99999999999996,0.0200000000000003,5.99999999999996,2,5,65,0.5
275,14525.434799,14524.388797,14524.657963,14525.434799,14529.957775,1,NaN,0,5.99999999999996,2,5,65,0.5
276,14532.707431,14531.650607,14532.1101,14532.654931,14534.205758,1,1.99999999999996,0.0200000000000003,7.00000000000003,1,6,66,0.5
277,14536.757748,14535.24426,14535.744418,14536.705421,14550.488032,0,1.99999999999996,0.0200000000000003,5.99999999999996,2,5,65,0.5
278,14553.058855,14551.554861,14552.107859,14553.006683,14567.535458,0,1.99999999999996,0.0200000000000003,5.99999999999996,2,5,65,0.5
279,14570.20612,14569.221624,14569.54745,14570.20612,14570.556946,1,NaN,0,5.99999999999996,2,5,65,0.5
280,14579.020085,14578.075922,14578.385081,14579.020085,14603.989651,1,NaN,0,5.99999999999996,2,5,65,0.5
281,14605.856971,14604.772148,14605.30364,14605.856971,14611.559948,0,NaN,0,7.00000000000003,1,6,66,0.5
282,14614.518943,14613.062609,14613.696273,14614.466609,14626.750388,0,1.99999999999996,0.0200000000000003,5.99999999999996,2,5,65,0.5
283,14630.610206,14629.883381,14630.123041,14630.610206,14638.279175,1,NaN,0,5.99999999999996,2,5,65,0.5
284,14643.517827,14642.626997,14643.005323,14643.517827,14647.792643,1,NaN,0,5.99999999999996,2,5,65,0.5
285,14651.357462,14649.852468,14650.38946,14651.305123,14652.727956,1,1.99999999999996,0.0200000000000003,7.00000000000003,1,6,66,0.5
286,14655.738439,14654.332111,14654.828776,14655.686111,14665.842898,0,1.99999999999996,0.0200000000000003,5.99999999999996,2,5,65,0.5
287,14669.428723,14667.988556,14668.460887,14669.428723,14675.177033,0,NaN,0,7.00000000000003,1,6,66,0.5
288,14680.43584,14677.840683,14678.970351,14680.43584,14770.334486,1,NaN,0,5.99999999999996,0,5,65,0.5
289,14772.883809,14771.476143,14771.957307,14772.883809,14791.00257,1,NaN,0,5.99999999999996,0,5,65,0.5
290,14793.064562,14791.992727,14792.341398,14793.064562,14795.477719,1,NaN,0,5.99999999999996,2,5,65,0.5
291,14802.536518,14801.022363,14801.399856,14802.484191,14807.588331,0,1.99999999999996,0.0200000000000003,5.99999999999996,2,5,65,0.5
292,14809.447491,14808.396,14808.834499,14809.395163,14822.231606,1,1.99999999999996,0.0200000000000003,7.00000000000003,1,6,66,0.5
293,14824.790435,14823.788099,14824.068932,14824.738102,14837.229885,0,1.99999999999996,0.0200000000000003,5.99999999999996,2,5,65,0.5
294,14840.04604,14838.42038,14838.76754,14839.993702,14854.048484,0,1.99999999999996,0.0200000000000003,5.99999999999996,2,5,65,0.5
295,14857.637464,14856.598135,14856.9108,14857.637464,14866.375096,0,NaN,0,7.00000000000003,1,6,66,0.5
296,14871.476909,14870.469585,14870.693078,14871.375742,14878.322048,0,NaN,0.00999999999999943,5.99999999999996,0,5,65,0.5
297,14882.136205,14879.759542,14881.366703,14882.083866,14886.152189,1,1.99999999999996,0.0200000000000003,7.00000000000003,1,6,66,0.5
298,14888.483841,14887.288679,14887.814177,14888.431514,14889.688842,1,1.99999999999996,0.0200000000000003,7.00000000000003,1,6,66,0.5
299,14892.664325,14890.939664,14891.439662,14892.611997,14903.086283,1,1.99999999999996,0.0200000000000003,7.00000000000003,1,6,66,0.5
300,14906.968933,14904.784942,14905.066275,14906.968933,14912.048252,1,NaN,0,5.99999999999996,0,5,65,0.5
301,14914.864741,14913.570074,14914.080406,14914.812408,14923.187541,0,1.99999999999996,0.0200000000000003,5.99999999999996,2,5,65,0.5
302,14925.025034,14923.963532,14924.290365,14925.025034,14931.481835,1,NaN,0,5.99999999999996,2,5,65,0.5
303,14933.712326,14932.369004,14932.947502,14933.61116,14937.468479,1,NaN,0.00999999999999943,7.00000000000003,0,6,66,0.5
304,14940.612633,14939.225972,14939.688303,14940.560138,14952.356591,0,1.99999999999996,0.0200000000000003,5.99999999999996,2,5,65,0.5
305,14958.730066,14957.928896,14958.106563,14958.677727,14967.693691,1,1.99999999999996,0.0200000000000003,7.00000000000003,1,6,66,0.5
306,14970.277353,14969.111851,14969.43035,14970.22502,14984.326797,0,1.99999999999996,0.0200000000000003,5.99999999999996,2,5,65,0.5
307,14987.786277,14986.302783,14986.746287,14987.685111,14992.62143,0,NaN,0.00999999999999943,5.99999999999996,0,5,65,0.5
308,14995.862084,14993.600087,14994.77275,14995.862084,15002.501719,0,NaN,0,7.00000000000003,1,6,66,0.5
309,15004.671543,15003.499053,15003.587547,15004.671543,15009.841195,0,NaN,0,7.00000000000003,1,6,66,0.5
310,15012.316518,15010.693186,15011.473182,15012.264179,15028.93628,1,1.99999999999996,0.0200000000000003,7.00000000000003,1,6,66,0.5
311,15031.444775,15030.26328,15030.770939,15031.392602,15042.850223,1,1.99999999999996,0.0200000000000003,7.00000000000003,1,6,66,0.5
312,15044.783888,15043.657059,15043.968225,15044.731549,15070.041787,0,1.99999999999996,0.0200000000000003,5.99999999999996,2,5,65,0.5
313,15071.835275,15070.784445,15071.206449,15071.782775,15080.988071,1,1.99999999999996,0.0200000000000003,7.00000000000003,1,6,66,0.5
314,15082.957735,15081.787574,15082.246066,15082.905396,15089.611036,1,1.99999999999996,0.0200000000000003,7.00000000000003,1,6,66,0.5
315,15092.379031,15091.257369,15091.350863,15092.376864,15107.781464,0,1.99999999999996,0.0200000000000003,5.99999999999996,2,5,65,0.5
316,15109.874128,15108.826126,15109.276125,15109.821789,15119.626922,1,1.99999999999996,0.0200000000000003,7.00000000000003,1,6,66,0.5
317,15122.380911,15121.405076,15121.828408,15122.328572,15130.074208,1,1.99999999999996,0.0200000000000003,7.00000000000003,1,6,66,0.5
318,15132.229372,15131.258542,15131.575374,15132.128205,15137.913682,1,NaN,0.00999999999999943,7.00000000000003,0,6,66,0.5
319,15140.362834,15139.233338,15139.720502,15140.310506,15150.472799,1,1.99999999999996,0.0200000000000003,7.00000000000003,1,6,66,0.5
320,15154.053618,15153.108616,15153.396954,15154.001279,15163.579074,1,1.99999999999996,0.0200000000000003,7.00000000000003,1,6,66,0.5
321,15167.693891,15166.872061,15167.121559,15167.693891,15171.335715,1,NaN,0,5.99999999999996,2,5,65,0.5
322,15198.026442,15196.671114,15197.215272,15197.97427,15204.423083,1,1.99999999999996,0.0200000000000003,7.00000000000003,1,6,66,0.5
323,15206.32957,15205.224074,15205.511906,15206.277242,15212.706544,0,1.99999999999996,0.0200000000000003,5.99999999999996,2,5,65,0.5
324,15214.689042,15213.604707,15213.990545,15214.636869,15225.331833,0,1.99999999999996,0.0200000000000003,5.99999999999996,2,5,65,0.5
325,15227.609152,15226.606161,15227.05732,15227.556824,15235.12296,1,1.99999999999996,0.0200000000000003,7.00000000000003,1,6,66,0.5
326,15238.433947,15237.355618,15237.777277,15238.381774,15244.433423,1,1.99999999999996,0.0200000000000003,7.00000000000003,1,6,66,0.5
327,15246.01225,15245.216586,15245.448079,15246.01225,15363.993439,1,NaN,0,5.99999999999996,2,5,65,0.5
328,15368.493421,15367.03376,15367.527097,15368.493421,15375.036561,0,NaN,0,7.00000000000003,1,6,66,0.5
329,15377.559557,15376.75456,15376.843387,15377.507218,15386.06085,1,1.99999999999996,0.0200000000000003,7.00000000000003,1,6,66,0.5
330,15388.133509,15387.185346,15387.455012,15388.133509,15389.339338,1,NaN,0,5.99999999999996,2,5,65,0.5
331,15395.852812,15394.287157,15395.096814,15395.800312,15404.746115,1,1.99999999999996,0.0200000000000003,7.00000000000003,1,6,66,0.5
332,15406.653768,15405.738111,15406.124276,15406.653768,15410.60892,1,NaN,0,5.99999999999996,2,5,65,0.5
333,15853.039983,15851.821993,15852.234153,15853.039983,15853.360648,1,NaN,0,5.99999999999996,2,5,65,0.5
334,15861.872948,15860.660452,15861.080951,15861.82062,15868.767926,1,1.99999999999996,0.0200000000000003,7.00000000000003,1,6,66,0.5
335,15871.592409,15869.650422,15869.771749,15871.539909,15875.333227,0,1.99999999999996,0.0200000000000003,5.99999999999996,2,5,65,0.5
336,15877.818389,15876.815221,15877.071226,15877.717384,15886.269189,0,NaN,0.00999999999999943,5.99999999999996,0,5,65,0.5
337,15890.099002,15887.964344,15888.499341,15890.046502,15896.853474,0,1.99999999999996,0.0200000000000003,5.99999999999996,2,5,65,0.5
338,15898.708972,15897.692638,15897.949803,15898.708972,15930.703672,1,NaN,0,5.99999999999996,2,5,65,0.5
339,15932.833169,15931.653007,15931.917167,15932.780831,15937.685311,0,1.99999999999996,0.0200000000000003,5.99999999999996,2,5,65,0.5
340,15939.793136,15938.636807,15939.204805,15939.740803,15945.861111,1,1.99999999999996,0.0200000000000003,7.00000000000003,1,6,66,0.5
341,15947.832271,15946.789113,15947.100274,15947.779776,15958.018397,0,1.99999999999996,0.0200000000000003,5.99999999999996,2,5,65,0.5
342,15960.120888,15959.107391,15959.507729,15960.068388,15965.397366,1,1.99999999999996,0.0200000000000003,7.00000000000003,1,6,66,0.5
343,15967.687191,15966.604028,15966.8512,15967.586024,15976.110157,0,NaN,0.00999999999999943,5.99999999999996,0,5,65,0.5
344,15978.655981,15976.643656,15977.974155,15978.603653,15985.794618,1,1.99999999999996,0.0200000000000003,7.00000000000003,1,6,66,0.5
345,15987.478451,15986.671615,15986.964453,15987.478451,15994.244751,1,NaN,0,5.99999999999996,2,5,65,0.5
346,15996.997913,15995.35908,15995.856911,15996.945579,16003.056549,1,1.99999999999996,0.0200000000000003,7.00000000000003,1,6,66,0.5
347,16004.780215,16003.780379,16004.142211,16004.780215,16009.852355,1,NaN,0,5.99999999999996,2,5,65,0.5
348,16013.636173,16011.614015,16012.550512,16013.636173,16020.181981,0,NaN,0,7.00000000000003,1,6,66,0.5
349,16026.709954,16024.690135,16025.989124,16026.709954,16027.667623,1,NaN,0,5.99999999999996,2,5,65,0.5
350,16036.132423,16034.960761,16035.447592,16036.080084,16041.549562,1,1.99999999999996,0.0200000000000003,7.00000000000003,1,6,66,0.5
351,16043.251228,16042.328225,16042.676891,16043.251228,16049.299197,1,NaN,0,5.99999999999996,2,5,65,0.5
352,16057.111834,16055.583845,16056.29767,16057.059334,16064.23281,0,1.99999999999996,0.0200000000000003,5.99999999999996,2,5,65,0.5
353,16067.003127,16065.801631,16066.167803,16066.950799,16080.28924,0,1.99999999999996,0.0200000000000003,5.99999999999996,2,5,65,0.5
354,16082.894069,16081.750235,16082.287065,16082.891902,16089.439037,1,1.99999999999996,0.0200000000000003,7.00000000000003,1,6,66,0.5
355,16091.652695,16090.529539,16091.004531,16091.600368,16094.39669,1,1.99999999999996,0.0200000000000003,7.00000000000003,1,6,66,0.5
356,16097.353345,16095.915517,16095.95335,16097.301006,16108.167801,0,1.99999999999996,0.0200000000000003,5.99999999999996,2,5,65,0.5
357,16110.572286,16109.672795,16109.911461,16110.519786,16120.041254,1,1.99999999999996,0.0200000000000003,7.00000000000003,1,6,66,0.5
358,16122.489905,16121.253249,16121.571414,16122.437405,16135.844851,0,1.99999999999996,0.0200000000000003,5.99999999999996,2,5,65,0.5
359,16138.789012,16138.042176,16138.165681,16138.736674,16146.447981,1,1.99999999999996,0.0200000000000003,7.00000000000003,1,6,66,0.5
360,16149.111804,16148.007975,16148.328635,16149.059465,16160.547092,0,1.99999999999996,0.0200000000000003,5.99999999999996,2,5,65,0.5
361,16162.750411,16161.993753,16162.139913,16162.698083,16169.325884,1,1.99999999999996,0.0200000000000003,7.00000000000003,1,6,66,0.5
362,16172.388039,16171.374709,16171.665547,16172.385711,16183.266168,0,1.99999999999996,0.0200000000000003,5.99999999999996,2,5,65,0.5
363,16185.057988,16184.086664,16184.337991,16185.005489,16197.787771,0,1.99999999999996,0.0200000000000003,5.99999999999996,2,5,65,0.5
364,16200.270761,16199.477431,16199.711602,16200.218433,16206.423569,1,1.99999999999996,0.0200000000000003,7.00000000000003,1,6,66,0.5
365,16216.070536,16215.02154,16215.251867,16216.018364,16220.793851,0,1.99999999999996,0.0200000000000003,5.99999999999996,2,5,65,0.5
366,16223.646667,16222.596004,16222.91617,16223.59434,16236.378955,0,1.99999999999996,0.0200000000000003,5.99999999999996,2,5,65,0.5
367,16238.242776,16237.349445,16237.58645,16238.141609,16241.670601,0,NaN,0.00999999999999943,5.99999999999996,0,5,65,0.5
368,16248.570734,16246.012411,16246.35691,16248.518407,16253.542053,0,1.99999999999996,0.0200000000000003,5.99999999999996,2,5,65,0.5
369,16255.578873,16254.536376,16254.839881,16255.526545,16271.641308,0,1.99999999999996,0.0200000000000003,5.99999999999996,2,5,65,0.5
370,16273.970471,16273.169475,16273.315307,16273.918138,16282.102766,1,1.99999999999996,0.0200000000000003,7.00000000000003,1,6,66,0.5
371,16284.296092,16283.383267,16283.528094,16284.243592,16287.947909,0,1.99999999999996,0.0200000000000003,5.99999999999996,2,5,65,0.5
372,16290.162735,16289.203904,16289.595236,16290.110407,16300.083694,1,1.99999999999996,0.0200000000000003,7.00000000000003,1,6,66,0.5
373,16302.214692,16301.277862,16301.666188,16302.162353,16311.055484,1,1.99999999999996,0.0200000000000003,7.00000000000003,1,6,66,0.5
374,16312.867982,16311.824981,16312.222318,16312.766816,16319.488117,1,NaN,0.00999999999999943,7.00000000000003,0,6,66,0.5
375,16321.465776,16320.233114,16320.697612,16321.413276,16331.886073,0,1.99999999999996,0.0200000000000003,5.99999999999996,2,5,65,0.5
376,16333.640066,16332.915236,16333.171729,16333.640066,16340.104201,1,NaN,0,5.99999999999996,2,5,65,0.5
377,16342.411525,16341.100364,16341.685034,16342.411525,16357.594631,0,NaN,0,7.00000000000003,1,6,66,0.5
378,16364.679275,16363.675941,16364.098111,16364.626936,16368.695087,1,1.99999999999996,0.0200000000000003,7.00000000000003,1,6,66,0.5
379,16370.625085,16369.569916,16369.843582,16370.523912,16379.718882,0,NaN,0.00999999999999943,5.99999999999996,0,5,65,0.5
380,16381.21237,16380.23354,16380.610539,16381.160043,16384.857522,1,1.99999999999996,0.0200000000000003,7.00000000000003,1,6,66,0.5
381,16386.658182,16385.645858,16386.069517,16386.605688,16389.473504,1,1.99999999999996,0.0200000000000003,7.00000000000003,1,6,66,0.5
382,16391.16483,16390.162501,16390.4275,16391.16483,16397.863136,1,NaN,0,5.99999999999996,2,5,65,0.5
383,16399.842462,16398.513301,16399.139304,16399.842462,16407.356099,1,NaN,0,5.99999999999996,2,5,65,0.5
384,16409.949588,16409.121097,16409.275097,16409.949588,16415.827065,1,NaN,0,5.99999999999996,2,5,65,0.5
385,16422.972703,16422.025207,16422.280872,16422.966209,16430.973004,0,1.99999999999996,0.0200000000000003,5.99999999999996,2,5,65,0.5
386,16432.93683,16431.875,16432.305832,16432.88433,16448.216608,0,1.99999999999996,0.0200000000000003,5.99999999999996,2,5,65,0.5
387,16450.474932,16449.508603,16449.943595,16450.422599,16455.858238,1,1.99999999999996,0.0200000000000003,7.00000000000003,1,6,66,0.5
388,16457.786563,16457.005067,16457.261066,16457.786563,16461.353055,1,NaN,0,5.99999999999996,2,5,65,0.5
389,16465.338367,16464.293543,16464.739036,16465.286039,16477.73715,0,1.99999999999996,0.0200000000000003,5.99999999999996,2,5,65,0.5
390,16479.322817,16478.445648,16478.802479,16479.322817,16495.071081,1,NaN,0,5.99999999999996,2,5,65,0.5
391,16497.372578,16496.439909,16496.807407,16497.320405,16504.265044,0,1.99999999999996,0.0200000000000003,5.99999999999996,2,5,65,0.5
392,16505.939371,16505.123714,16505.396206,16505.939371,16508.787693,1,NaN,0,5.99999999999996,2,5,65,0.5
393,16514.486004,16513.456508,16513.864172,16514.486004,16539.200238,1,NaN,0,5.99999999999996,2,5,65,0.5
394,16541.419396,16540.4294,16540.667738,16541.318063,16546.807047,0,NaN,0.00999999999999943,5.99999999999996,0,5,65,0.5
395,16551.371522,16548.952532,16549.540696,16551.371522,16558.414334,0,NaN,0,7.00000000000003,1,6,66,0.5
396,16564.477137,16563.378141,16563.820807,16564.42481,16571.351782,1,1.99999999999996,0.0200000000000003,7.00000000000003,1,6,66,0.5
397,16573.120608,16572.279272,16572.562444,16573.120608,16575.729425,1,NaN,0,5.99999999999996,2,5,65,0.5
398,16597.183339,16596.089344,16596.433676,16597.183339,16602.800823,1,NaN,0,5.99999999999996,2,5,65,0.5
399,16606.979467,16605.947471,16606.149143,16606.979467,16609.419291,1,NaN,0,5.99999999999996,2,5,65,0.5
400,16674.288031,16673.232874,16673.579701,16674.235864,16710.304059,0,1.99999999999996,0.0200000000000003,5.99999999999996,2,5,65,0.5
401,16717.08086,16716.087198,16716.380035,16717.078693,16734.096291,0,1.99999999999996,0.0200000000000003,5.99999999999996,2,5,65,0.5
402,16735.610286,16734.759962,16735.04046,16735.610286,16741.381268,1,NaN,0,5.99999999999996,2,5,65,0.5
403,16743.639426,16742.58443,16743.102262,16743.587254,16750.788891,1,1.99999999999996,0.0200000000000003,7.00000000000003,1,6,66,0.5
404,16754.499211,16751.760394,16752.096892,16754.446716,16759.303024,0,1.99999999999996,0.0200000000000003,5.99999999999996,2,5,65,0.5
405,16761.504855,16760.565858,16760.931851,16761.452516,16771.389476,1,1.99999999999996,0.0200000000000003,7.00000000000003,1,6,66,0.5
406,16773.561806,16772.499477,16772.843804,16773.509473,16790.760732,0,1.99999999999996,0.0200000000000003,5.99999999999996,2,5,65,0.5
407,16792.487731,16791.606562,16791.900894,16792.435392,16803.653519,1,1.99999999999996,0.0200000000000003,7.00000000000003,1,6,66,0.5
408,16805.794011,16804.895342,16805.255674,16805.741678,16815.420139,1,1.99999999999996,0.0200000000000003,7.00000000000003,1,6,66,0.5
409,16817.383798,16816.255963,16816.559962,16817.331459,16820.735451,0,1.99999999999996,0.0200000000000003,5.99999999999996,2,5,65,0.5
410,16822.86827,16821.870946,16822.205112,16822.81577,16834.804395,0,1.99999999999996,0.0200000000000003,5.99999999999996,2,5,65,0.5
411,16836.800553,16835.700385,16835.935724,16836.699387,16842.272032,0,NaN,0.00999999999999943,5.99999999999996,0,5,65,0.5
412,16846.739847,16844.244184,16844.580183,16846.687508,16849.788995,1,1.99999999999996,0.0200000000000003,7.00000000000003,1,6,66,0.5
413,16851.773827,16850.701992,16850.998657,16851.721488,16862.651444,0,1.99999999999996,0.0200000000000003,5.99999999999996,2,5,65,0.5
414,16864.531437,16863.576607,16863.857279,16864.479109,16875.152395,0,1.99999999999996,0.0200000000000003,5.99999999999996,2,5,65,0.5
415,16877.691718,16876.316389,16877.055554,16877.63939,16886.402682,1,1.99999999999996,0.0200000000000003,7.00000000000003,1,6,66,0.5
416,16888.42668,16887.369184,16887.787343,16888.374508,16898.058469,1,1.99999999999996,0.0200000000000003,7.00000000000003,1,6,66,0.5
417,16900.009629,16899.024132,16899.265964,16899.957301,16914.283404,0,1.99999999999996,0.0200000000000003,5.99999999999996,2,5,65,0.5
418,16916.221736,16915.252068,16915.520733,16916.169397,16924.43103,0,1.99999999999996,0.0200000000000003,5.99999999999996,2,5,65,0.5
419,16926.74786,16925.783858,16926.150857,16926.74786,16933.551166,0,NaN,0,7.00000000000003,1,6,66,0.5
420,16952.661423,16951.710254,16952.094592,16952.609084,16959.58339,1,1.99999999999996,0.0200000000000003,7.00000000000003,1,6,66,0.5
421,16961.421383,16960.502219,16960.908384,16961.369055,16968.938353,1,1.99999999999996,0.0200000000000003,7.00000000000003,1,6,66,0.5
422,16970.974344,16969.895521,16970.21552,16970.974344,16976.886988,1,NaN,0,5.99999999999996,2,5,65,0.5
423,16979.159979,16977.698818,16978.512653,16979.107651,16989.260604,1,1.99999999999996,0.0200000000000003,7.00000000000003,1,6,66,0.5
424,16991.213769,16990.186935,16990.479099,16991.16143,17002.561057,0,1.99999999999996,0.0200000000000003,5.99999999999996,2,5,65,0.5
425,17004.324883,17003.310382,17003.691213,17004.272544,17019.859648,0,1.99999999999996,0.0200000000000003,5.99999999999996,2,5,65,0.5
426,17021.925813,17020.906984,17021.24281,17021.925813,17030.858444,0,NaN,0,7.00000000000003,1,6,66,0.5
427,17033.031102,17031.548768,17031.988773,17032.978769,17046.269876,0,1.99999999999996,0.0200000000000003,5.99999999999996,2,5,65,0.5
428,17048.055708,17047.174206,17047.480871,17048.055708,17048.713866,1,NaN,0,5.99999999999996,2,5,65,0.5
429,17275.685126,17273.437134,17273.955132,17275.685126,17282.991102,0,NaN,0,7.00000000000003,1,6,66,0.5
430,17298.070042,17297.142707,17297.422878,17298.017702,17299.779863,0,1.99999999999996,0.0200000000000003,5.99999999999996,2,5,65,0.5
431,17302.916522,17301.85602,17302.294685,17302.86435,17305.623339,1,1.99999999999996,0.0200000000000003,7.00000000000003,1,6,66,0.5
432,17308.629999,17307.097839,17307.803169,17308.57766,17310.694985,1,1.99999999999996,0.0200000000000003,7.00000000000003,1,6,66,0.5
433,17314.698642,17311.643987,17312.322151,17314.646303,17325.843431,0,1.99999999999996,0.0200000000000003,5.99999999999996,2,5,65,0.5
434,17328.365582,17327.207586,17327.691084,17328.264249,17333.253395,1,NaN,0.00999999999999943,7.00000000000003,0,6,66,0.5
435,17338.84104,17337.705383,17338.135875,17338.78854,17344.68085,1,1.99999999999996,0.0200000000000003,7.00000000000003,1,6,66,0.5
436,17347.370506,17345.662012,17345.987677,17347.318178,17353.748152,0,1.99999999999996,0.0200000000000003,5.99999999999996,2,5,65,0.5
437,17355.602645,17354.643982,17354.971475,17355.602645,17361.660615,1,NaN,0,5.99999999999996,2,5,65,0.5
438,17365.785771,17364.496609,17365.198273,17365.733432,17374.340231,1,1.99999999999996,0.0200000000000003,7.00000000000003,1,6,66,0.5
439,17378.72288,17377.558218,17377.928222,17378.670386,17393.844153,0,1.99999999999996,0.0200000000000003,5.99999999999996,2,5,65,0.5
440,17395.811145,17394.773649,17395.180153,17395.709812,17404.622776,1,NaN,0.00999999999999943,7.00000000000003,0,6,66,0.5
441,17408.436267,17406.91844,17407.359432,17408.384094,17415.011402,0,1.99999999999996,0.0200000000000003,5.99999999999996,2,5,65,0.5
442,17417.363231,17416.391902,17416.727567,17417.310898,17435.542653,0,1.99999999999996,0.0200000000000003,5.99999999999996,2,5,65,0.5
443,17437.64765,17436.322489,17436.700987,17437.546478,17449.64793,1,NaN,0.00999999999999943,7.00000000000003,0,6,66,0.5
444,17454.21475,17453.066588,17453.412415,17454.162417,17457.203066,0,1.99999999999996,0.0200000000000003,5.99999999999996,2,5,65,0.5
445,17459.746222,17458.734232,17459.143231,17459.746222,17469.005853,0,NaN,0,7.00000000000003,1,6,66,0.5
446,17470.749018,17469.742516,17470.030182,17470.696845,17480.667639,0,1.99999999999996,0.0200000000000003,5.99999999999996,2,5,65,0.5
447,17482.55747,17481.555141,17481.886806,17482.505131,17490.086602,0,1.99999999999996,0.0200000000000003,5.99999999999996,2,5,65,0.5
448,17491.917261,17490.927765,17491.369429,17491.864766,17503.114049,1,1.99999999999996,0.0200000000000003,7.00000000000003,1,6,66,0.5
449,17505.157547,17504.163051,17504.549382,17505.105375,17511.197016,1,1.99999999999996,0.0200000000000003,7.00000000000003,1,6,66,0.5
450,17513.872173,17512.224513,17512.564511,17513.77084,17518.322821,0,NaN,0.00999999999999943,5.99999999999996,0,5,65,0.5
451,17522.010973,17520.604812,17521.20031,17522.010973,17525.495799,0,NaN,0,7.00000000000003,1,6,66,0.5
452,17532.708436,17531.734774,17532.126267,17532.656265,17534.083759,1,1.99999999999996,0.0200000000000003,7.00000000000003,1,6,66,0.5
453,17536.771081,17535.071921,17536.085417,17536.718754,17546.887546,1,1.99999999999996,0.0200000000000003,7.00000000000003,1,6,66,0.5
454,17548.796205,17547.813204,17548.116041,17548.743866,17562.76081,0,1.99999999999996,0.0200000000000003,5.99999999999996,2,5,65,0.5
455,17564.832636,17563.871472,17564.244144,17564.780308,17577.427757,1,1.99999999999996,0.0200000000000003,7.00000000000003,1,6,66,0.5
456,17580.324907,17579.302578,17579.57591,17580.32274,17582.779063,0,1.99999999999996,0.0200000000000003,5.99999999999996,2,5,65,0.5
457,17585.316554,17584.18423,17584.659057,17585.264226,17597.204345,1,1.99999999999996,0.0200000000000003,7.00000000000003,1,6,66,0.5
458,17599.161832,17598.132675,17598.55234,17599.109504,17608.364961,1,1.99999999999996,0.0200000000000003,7.00000000000003,1,6,66,0.5
459,17610.444792,17609.412124,17609.690457,17610.392454,17623.460567,0,1.99999999999996,0.0200000000000003,5.99999999999996,2,5,65,0.5
460,17626.211724,17625.232228,17625.482226,17626.159224,17637.689511,0,1.99999999999996,0.0200000000000003,5.99999999999996,2,5,65,0.5
461,17640.429666,17638.698674,17639.022005,17640.429666,17665.485066,0,NaN,0,7.00000000000003,1,6,66,0.5
462,17667.185232,17666.184564,17666.570562,17667.132893,17673.164535,1,1.99999999999996,0.0200000000000003,7.00000000000003,1,6,66,0.5
463,17674.886695,17674.053032,17674.334203,17674.886695,17678.37002,1,NaN,0,5.99999999999996,2,5,65,0.5
464,17683.997998,17682.92283,17683.346501,17683.945831,17686.977147,1,1.99999999999996,0.0200000000000003,7.00000000000003,1,6,66,0.5
465,17688.978972,17687.993976,17688.375814,17688.978972,17695.870284,1,NaN,0,5.99999999999996,2,5,65,0.5
466,17699.261437,17698.305601,17698.633933,17699.261437,17704.279411,1,NaN,0,5.99999999999996,2,5,65,0.5
467,17708.529566,17707.387399,17707.901564,17708.477233,17709.819061,1,1.99999999999996,0.0200000000000003,7.00000000000003,1,6,66,0.5
468,17712.491384,17710.675891,17711.095551,17712.439051,17721.967674,0,1.99999999999996,0.0200000000000003,5.99999999999996,2,5,65,0.5
469,17723.752006,17722.706676,17723.046175,17723.699666,17729.38781,0,1.99999999999996,0.0200000000000003,5.99999999999996,2,5,65,0.5
470,17732.193805,17731.092804,17731.454636,17732.092467,17732.625798,0,NaN,0.00999999999999943,5.99999999999996,0,5,65,0.5
471,17746.213077,17745.163248,17745.470079,17746.160749,17751.03589,1,1.99999999999996,0.0200000000000003,7.00000000000003,1,6,66,0.5
472,17753.51122,17752.483218,17752.725556,17753.458881,17767.123993,0,1.99999999999996,0.0200000000000003,5.99999999999996,2,5,65,0.5
473,17768.903486,17768.097162,17768.343322,17768.903486,17771.945813,1,NaN,0,5.99999999999996,2,5,65,0.5
474,17819.46345,17818.374454,17818.722953,17819.46345,17824.701262,1,NaN,0,5.99999999999996,2,5,65,0.5
475,17827.660423,17826.382422,17826.996759,17827.60809,17832.871063,1,1.99999999999996,0.0200000000000003,7.00000000000003,1,6,66,0.5
476,17834.837223,17833.902232,17834.225891,17834.837223,17839.821041,1,NaN,0,5.99999999999996,2,5,65,0.5
477,17848.754834,17847.66951,17847.951842,17848.754834,17856.277309,1,NaN,0,5.99999999999996,2,5,65,0.5
478,17858.4603,17857.409632,17857.842969,17858.408128,17864.863774,1,1.99999999999996,0.0200000000000003,7.00000000000003,1,6,66,0.5
479,17866.6861,17865.809437,17866.031764,17866.633761,17869.497089,0,1.99999999999996,0.0200000000000003,5.99999999999996,2,5,65,0.5
480,17872.308239,17870.51408,17871.522575,17872.306072,17886.492015,0,1.99999999999996,0.0200000000000003,5.99999999999996,2,5,65,0.5
481,17888.872678,17887.581345,17887.970009,17888.820345,17896.417482,1,1.99999999999996,0.0200000000000003,7.00000000000003,1,6,66,0.5
482,17905.24628,17904.210611,17904.539949,17905.19394,17919.286723,0,1.99999999999996,0.0200000000000003,5.99999999999996,2,5,65,0.5
483,17921.351043,17920.128881,17920.603879,17921.29871,17937.540145,0,1.99999999999996,0.0200000000000003,5.99999999999996,2,5,65,0.5
484,17940.292301,17939.330477,17939.675469,17940.239801,17949.557596,0,1.99999999999996,0.0200000000000003,5.99999999999996,2,5,65,0.5
485,17951.471428,17950.484765,17950.886091,17951.419256,17963.926045,1,1.99999999999996,0.0200000000000003,7.00000000000003,1,6,66,0.5
486,17965.906037,17964.953869,17965.275373,17965.853864,17970.488019,1,1.99999999999996,0.0200000000000003,7.00000000000003,1,6,66,0.5
487,17972.59351,17971.592675,17971.836008,17972.591338,17987.863449,0,1.99999999999996,0.0200000000000003,5.99999999999996,2,5,65,0.5
488,17989.734603,17988.744106,17989.017938,17989.682275,17997.921736,0,1.99999999999996,0.0200000000000003,5.99999999999996,2,5,65,0.5
489,17999.658563,17998.7044,17999.062571,17999.606063,18013.192848,1,1.99999999999996,0.0200000000000003,7.00000000000003,1,6,66,0.5
490,18015.164007,18014.059172,18014.309671,18015.111667,18025.856292,0,1.99999999999996,0.0200000000000003,5.99999999999996,2,5,65,0.5
491,18028.025122,18027.118792,18027.441457,18028.025122,18028.795446,0,NaN,0,7.00000000000003,1,6,66,0.5
492,18035.407092,18034.27493,18034.747089,18035.354759,18044.494217,1,1.99999999999996,0.0200000000000003,7.00000000000003,1,6,66,0.5
493,18046.968213,18045.446219,18045.788711,18046.915874,18062.520646,0,1.99999999999996,0.0200000000000003,5.99999999999996,2,5,65,0.5
494,18064.817641,18063.694812,18064.241972,18064.765303,18076.463589,1,1.99999999999996,0.0200000000000003,7.00000000000003,1,6,66,0.5
495,18079.809248,18078.889418,18079.205744,18079.756909,18087.894216,1,1.99999999999996,0.0200000000000003,7.00000000000003,1,6,66,0.5
496,18089.825041,18088.880373,18089.22921,18089.772702,18099.479663,1,1.99999999999996,0.0200000000000003,7.00000000000003,1,6,66,0.5
497,18101.500328,18100.320833,18100.625998,18101.447989,18111.826947,0,1.99999999999996,0.0200000000000003,5.99999999999996,2,5,65,0.5
498,18114.656103,18113.707774,18113.996111,18114.656103,18129.512049,0,NaN,0,7.00000000000003,1,6,66,0.5
499,18131.882701,18130.940871,18131.212536,18131.830207,18150.118627,0,1.99999999999996,0.0200000000000003,5.99999999999996,2,5,65,0.5
500,18152.616118,18151.683288,18152.074453,18152.563618,18164.445909,1,1.99999999999996,0.0200000000000003,7.00000000000003,1,6,66,0.5
501,18166.305063,18165.4259,18165.748898,18166.25273,18176.800521,1,1.99999999999996,0.0200000000000003,7.00000000000003,1,6,66,0.5
502,18178.694019,18177.763356,18178.074016,18178.641847,18189.904469,1,1.99999999999996,0.0200000000000003,7.00000000000003,1,6,66,0.5
503,18191.981633,18190.807465,18191.262296,18191.929294,18201.289589,1,1.99999999999996,0.0200000000000003,7.00000000000003,1,6,66,0.5
504,18204.008745,18202.266586,18202.572084,18204.008745,18207.080067,1,NaN,0,5.99999999999996,2,5,65,0.5
505,18216.665867,18215.603205,18216.050536,18216.613528,18227.636651,1,1.99999999999996,0.0200000000000003,7.00000000000003,1,6,66,0.5
506,18229.496983,18228.530153,18228.899313,18229.444643,18231.895467,1,1.99999999999996,0.0200000000000003,7.00000000000003,1,6,66,0.5
507,18242.100599,18240.608438,18240.985937,18242.048266,18248.812899,0,1.99999999999996,0.0200000000000003,5.99999999999996,2,5,65,0.5
508,18251.184396,18250.220894,18250.556065,18251.132223,18262.282018,0,1.99999999999996,0.0200000000000003,5.99999999999996,2,5,65,0.5
509,18265.909332,18264.826836,18265.2385,18265.857004,18276.224629,1,1.99999999999996,0.0200000000000003,7.00000000000003,1,6,66,0.5
510,18278.505781,18277.674123,18277.981449,18278.505781,18283.413094,1,NaN,0,5.99999999999996,2,5,65,0.5
511,18294.62355,18293.441221,18293.954219,18294.571222,18308.031168,1,1.99999999999996,0.0200000000000003,7.00000000000003,1,6,66,0.5
512,18309.781661,18308.909826,18309.211824,18309.781661,18313.725479,1,NaN,0,5.99999999999996,2,5,65,0.5
513,18316.674301,18315.728804,18316.037636,18316.621961,18319.70545,0,1.99999999999996,0.0200000000000003,5.99999999999996,2,5,65,0.5
514,18321.978441,18320.885617,18321.298776,18321.926108,18331.823567,1,1.99999999999996,0.0200000000000003,7.00000000000003,1,6,66,0.5
515,18333.648399,18332.486565,18332.805903,18333.59606,18350.653992,0,1.99999999999996,0.0200000000000003,5.99999999999996,2,5,65,0.5
516,18352.755323,18351.588988,18351.932487,18352.755323,18357.355971,0,NaN,0,7.00000000000003,1,6,66,0.5
517,18363.292609,18362.117785,18362.404612,18363.292609,18398.200802,1,NaN,0,5.99999999999996,2,5,65,0.5
518,18400.707792,18399.819129,18400.1688,18400.707792,18400.926958,1,NaN,0,5.99999999999996,2,5,65,0.5
519,18611.213284,18609.472957,18609.978788,18611.160956,18619.446417,1,1.99999999999996,0.0200000000000003,7.00000000000003,1,6,66,0.5
520,18621.39591,18620.313247,18620.670413,18621.343582,18623.781233,0,1.99999999999996,0.0200000000000003,5.99999999999996,2,5,65,0.5
521,18626.169891,18625.114561,18625.468899,18626.167723,18637.669517,0,1.99999999999996,0.0200000000000003,5.99999999999996,2,5,65,0.5
522,18640.393167,18639.401338,18639.711336,18640.340834,18646.602641,0,1.99999999999996,0.0200000000000003,5.99999999999996,2,5,65,0.5
523,18648.8888,18647.928303,18648.292141,18648.836472,18656.055776,1,1.99999999999996,0.0200000000000003,7.00000000000003,1,6,66,0.5
524,18658.304595,18657.055772,18657.416271,18658.302428,18668.485721,0,1.99999999999996,0.0200000000000003,5.99999999999996,2,5,65,0.5
525,18671.742714,18670.942211,18671.123383,18671.690374,18681.028004,1,1.99999999999996,0.0200000000000003,7.00000000000003,1,6,66,0.5
526,18683.012002,18682.052506,18682.463671,18682.959669,18691.292129,1,1.99999999999996,0.0200000000000003,7.00000000000003,1,6,66,0.5
527,18693.305461,18691.967633,18692.341131,18693.253122,18700.763259,0,1.99999999999996,0.0200000000000003,5.99999999999996,2,5,65,0.5
528,18702.514257,18701.477089,18701.796427,18702.413085,18703.447581,0,NaN,0.00999999999999943,5.99999999999996,0,5,65,0.5
529,18717.585358,18716.515195,18716.885866,18717.484031,18736.643287,1,NaN,0.00999999999999943,7.00000000000003,0,6,66,0.5
530,18738.442447,18737.442112,18737.805777,18738.390108,18742.462758,1,1.99999999999996,0.0200000000000003,7.00000000000003,1,6,66,0.5
531,18744.349757,18743.208428,18743.525087,18744.304084,18750.138061,0,NaN,0.00999999999999943,5.99999999999996,0,5,65,0.5
532,18754.797043,18753.653886,18754.158051,18754.744715,18759.276191,1,1.99999999999996,0.0200000000000003,7.00000000000003,1,6,66,0.5
533,18761.412188,18760.37202,18760.795351,18761.359849,18764.370671,1,1.99999999999996,0.0200000000000003,7.00000000000003,1,6,66,0.5
534,18766.439662,18765.473667,18765.845837,18766.439662,18769.825155,1,NaN,0,5.99999999999996,2,5,65,0.5
535,18797.323878,18796.013377,18796.453215,18797.271545,18808.601333,0,1.99999999999996,0.0200000000000003,5.99999999999996,2,5,65,0.5
536,18810.44832,18809.513662,18809.777656,18810.346993,18810.633152,0,NaN,0.00999999999999943,5.99999999999996,0,5,65,0.5
537,18819.35579,18817.729296,18818.213461,18819.254618,18824.981101,0,NaN,0.00999999999999943,5.99999999999996,0,5,65,0.5
538,18828.901918,18827.543585,18827.980255,18828.901918,18831.91374,1,NaN,0,5.99999999999996,2,5,65,0.5
539,18846.246182,18845.160015,18845.613851,18846.19401,18852.773817,1,1.99999999999996,0.0200000000000003,7.00000000000003,1,6,66,0.5
540,18854.997809,18853.909152,18854.214312,18854.945481,18866.759761,0,1.99999999999996,0.0200000000000003,5.99999999999996,2,5,65,0.5
541,18869.189924,18868.143755,18868.448593,18869.137585,18877.429391,0,1.99999999999996,0.0200000000000003,5.99999999999996,2,5,65,0.5
542,18879.345883,18878.320721,18878.751719,18879.293544,18888.872672,1,1.99999999999996,0.0200000000000003,7.00000000000003,1,6,66,0.5
543,18890.966165,18890.06584,18890.453172,18890.913837,18895.059148,1,1.99999999999996,0.0200000000000003,7.00000000000003,1,6,66,0.5
544,18897.236473,18895.858311,18896.276482,18897.234306,18910.979084,0,1.99999999999996,0.0200000000000003,5.99999999999996,2,5,65,0.5
545,18913.74024,18912.66675,18913.036915,18913.687912,18924.849368,0,1.99999999999996,0.0200000000000003,5.99999999999996,2,5,65,0.5
546,18927.338519,18926.176196,18926.642021,18927.286191,18938.637646,1,1.99999999999996,0.0200000000000003,7.00000000000003,1,6,66,0.5
547,18940.701638,18939.616475,18939.942139,18940.649305,18955.474406,0,1.99999999999996,0.0200000000000003,5.99999999999996,2,5,65,0.5
548,18957.905063,18956.9004,18957.233733,18957.905063,19291.864728,0,NaN,0,7.00000000000003,1,6,66,0.5
549,19294.400884,19293.251561,19293.73222,19294.400884,19588.153375,1,NaN,0,5.99999999999996,2,5,65,0.5
550,19590.660532,19589.527876,19589.903368,19590.660532,21831.080737,1,NaN,0,5.99999999999996,2,5,65,0.5
551,21843.895358,21833.364734,21833.706399,NaN,22905.584439,NaN,NaN,0,5.99999999999996,2,5,65,0.5
552,23515.439839,23513.953345,23514.519509,23515.387667,23540.523899,1,1.99999999999996,0.0200000000000003,7.00000000000003,1,6,66,0.5
553,23547.926703,23546.779041,23547.05654,23547.874376,23565.208306,0,1.99999999999996,0.0200000000000003,5.99999999999996,2,5,65,0.5
554,23577.403091,23576.21009,23576.616594,23577.350752,23585.26472,1,1.99999999999996,0.0200000000000003,7.00000000000003,1,6,66,0.5
555,23589.641209,23588.393541,23588.61604,23589.588869,23591.482035,0,1.99999999999996,0.0200000000000003,5.99999999999996,2,5,65,0.5
556,23604.136479,23602.829983,23603.333821,23604.136479,23622.996569,1,NaN,0,5.99999999999996,2,5,65,0.5
557,23632.032034,23630.948538,23631.194703,23631.979706,23633.4092,0,1.99999999999996,0.0200000000000003,5.99999999999996,2,5,65,0.5
558,23641.243002,23639.835502,23640.555005,23641.19083,23646.436809,1,1.99999999999996,0.0200000000000003,7.00000000000003,1,6,66,0.5
559,23650.377132,23649.109637,23649.460803,23650.324794,23670.632879,0,1.99999999999996,0.0200000000000003,5.99999999999996,2,5,65,0.5
560,23672.679543,23671.399048,23671.834713,23672.62721,23675.828525,0,1.99999999999996,0.0200000000000003,5.99999999999996,2,5,65,0.5
561,23678.186349,23677.220519,23677.570851,23678.134021,23691.254969,0,1.99999999999996,0.0200000000000003,5.99999999999996,2,5,65,0.5
562,23694.571622,23693.58512,23693.948452,23694.519283,23702.173092,1,1.99999999999996,0.0200000000000003,7.00000000000003,1,6,66,0.5
563,23704.303583,23703.393081,23703.784246,23704.251244,23708.656727,1,1.99999999999996,0.0200000000000003,7.00000000000003,1,6,66,0.5
564,23710.984718,23709.566729,23709.917222,23710.932218,23714.011538,0,1.99999999999996,0.0200000000000003,5.99999999999996,2,5,65,0.5
565,23716.438863,23715.340039,23715.793198,23716.386535,23718.339694,1,1.99999999999996,0.0200000000000003,7.00000000000003,1,6,66,0.5
566,23720.405847,23719.144018,23719.621522,23720.353519,23734.682795,1,1.99999999999996,0.0200000000000003,7.00000000000003,1,6,66,0.5
567,23737.419784,23735.989618,23736.329616,23737.417617,23753.71438,0,1.99999999999996,0.0200000000000003,5.99999999999996,2,5,65,0.5
568,23756.677202,23755.722039,23756.04087,23756.576036,23760.515192,1,NaN,0.00999999999999943,7.00000000000003,0,6,66,0.5
569,23774.583463,23773.374801,23773.814299,23774.531136,23783.244762,1,1.99999999999996,0.0200000000000003,7.00000000000003,1,6,66,0.5
570,23788.47108,23787.188579,23787.700577,23788.418907,23792.348558,1,1.99999999999996,0.0200000000000003,7.00000000000003,1,6,66,0.5
571,23795.795884,23794.618555,23794.916721,23795.793717,23808.850826,0,1.99999999999996,0.0200000000000003,5.99999999999996,2,5,65,0.5
572,23810.886985,23809.782989,23810.181987,23810.785652,24189.532636,1,NaN,0.00999999999999943,7.00000000000003,0,6,66,0.5
573,24195.232448,24194.168124,24194.608289,24195.179948,24203.611914,1,1.99999999999996,0.0200000000000003,7.00000000000003,1,6,66,0.5
574,24207.503065,24206.633735,24207.021072,24207.450737,24212.677211,1,1.99999999999996,0.0200000000000003,7.00000000000003,1,6,66,0.5
575,24214.781369,24213.558208,24213.941205,24214.729042,24224.794335,0,1.99999999999996,0.0200000000000003,5.99999999999996,2,5,65,0.5
576,24227.121487,24225.931157,24226.341489,24227.121487,24227.489818,0,NaN,0,7.00000000000003,0,6,66,0.5
577,24256.839868,24255.696872,24256.182542,24256.787368,24266.332335,1,1.99999999999996,0.0200000000000003,7.00000000000003,1,6,66,0.5
578,24268.410327,24267.402825,24267.878656,24268.357988,24277.805283,1,1.99999999999996,0.0200000000000003,7.00000000000003,1,6,66,0.5
579,24279.56561,24278.53312,24278.867446,24279.464443,24659.491923,1,NaN,0.00999999999999943,7.00000000000003,0,6,66,0.5
580,24665.820904,24664.381743,24664.610409,24665.768731,24667.961223,0,1.99999999999996,0.0200000000000003,5.99999999999996,2,5,65,0.5
581,24671.056716,24670.022054,24670.427552,24671.004544,24675.435032,1,1.99999999999996,0.0200000000000003,7.00000000000003,1,6,66,0.5
582,24677.650851,24676.371862,24677.073025,24677.598351,24682.773003,1,1.99999999999996,0.0200000000000003,7.00000000000003,1,6,66,0.5
583,24685.104821,24683.818826,24684.168824,24685.052322,24694.306285,0,1.99999999999996,0.0200000000000003,5.99999999999996,2,5,65,0.5
584,24696.238449,24695.303953,24695.624285,24696.186116,24699.866601,0,1.99999999999996,0.0200000000000003,5.99999999999996,2,5,65,0.5
585,24702.097592,24701.069096,24701.472755,24701.996254,24702.462924,1,NaN,0.00999999999999943,7.00000000000003,0,6,66,0.5
586,24711.008723,24709.572223,24710.050394,24710.956384,24715.05604,1,1.99999999999996,0.0200000000000003,7.00000000000003,1,6,66,0.5
587,24717.191693,24716.032536,24716.392862,24717.139365,24726.911326,0,1.99999999999996,0.0200000000000003,5.99999999999996,2,5,65,0.5
588,24728.883313,24727.90415,24728.208648,24728.880985,24737.040786,0,1.99999999999996,0.0200000000000003,5.99999999999996,2,5,65,0.5
589,24739.558604,24738.602779,24738.925445,24739.506276,24746.091416,1,1.99999999999996,0.0200000000000003,7.00000000000003,1,6,66,0.5
590,24748.147236,24747.055073,24747.348905,24748.094908,24757.257371,0,1.99999999999996,0.0200000000000003,5.99999999999996,2,5,65,0.5
591,24759.786689,24758.961192,24759.22403,24759.73419,24768.670826,0,1.99999999999996,0.0200000000000003,5.99999999999996,2,5,65,0.5
592,24772.732143,24771.719314,24772.147312,24772.67997,24780.485778,1,1.99999999999996,0.0200000000000003,7.00000000000003,1,6,66,0.5
593,24782.097439,24781.220276,24781.564436,24782.0451,24786.996414,1,1.99999999999996,0.0200000000000003,7.00000000000003,1,6,66,0.5
594,24788.793573,24787.766083,24788.110075,24788.793573,24808.571327,1,NaN,0,5.99999999999996,2,5,65,0.5
595,24810.271993,24809.254824,24809.627656,24810.170826,24815.124634,1,NaN,0.00999999999999943,7.00000000000003,0,6,66,0.5
596,24817.102799,24815.98647,24816.446968,24817.05046,24821.784607,1,1.99999999999996,0.0200000000000003,7.00000000000003,1,6,66,0.5
597,24823.701772,24822.82927,24823.109935,24823.701772,24827.20542,1,NaN,0,5.99999999999996,2,5,65,0.5
598,24833.757565,24832.88173,24833.147229,24833.757565,24872.679737,0,NaN,0,7.00000000000003,1,6,66,0.5
599,24875.419393,24874.240231,24874.663735,24875.367066,24879.244377,0,1.99999999999996,0.0200000000000003,5.99999999999996,2,5,65,0.5
600,24883.141368,24882.166866,24882.583531,24883.089029,24887.511844,1,1.99999999999996,0.0200000000000003,7.00000000000003,1,6,66,0.5
601,24889.535842,24888.430508,24888.750839,24889.483503,24900.706292,0,1.99999999999996,0.0200000000000003,5.99999999999996,2,5,65,0.5
602,24902.668623,24901.712954,24902.073792,24902.616451,24910.586758,1,1.99999999999996,0.0200000000000003,7.00000000000003,1,6,66,0.5
603,24912.711916,24911.666087,24912.091913,24912.659577,24922.180212,1,1.99999999999996,0.0200000000000003,7.00000000000003,1,6,66,0.5
604,24924.484703,24923.476867,24923.914705,24924.432363,24930.362673,1,1.99999999999996,0.0200000000000003,7.00000000000003,1,6,66,0.5
605,24932.536164,24931.150337,24931.502174,24932.536164,24936.207322,1,NaN,0,5.99999999999996,2,5,65,0.5
606,24939.477809,24938.632141,24938.821478,24939.42547,24951.952254,0,1.99999999999996,0.0200000000000003,5.99999999999996,2,5,65,0.5
607,24954.065078,24952.947089,24953.283582,24954.065078,24955.41374,0,NaN,0,7.00000000000003,1,6,66,0.5
608,24961.789553,24960.344554,24960.438886,24961.737214,24970.285186,1,1.99999999999996,0.0200000000000003,7.00000000000003,1,6,66,0.5
609,24972.953342,24971.800007,24972.124173,24972.901003,24985.713124,0,1.99999999999996,0.0200000000000003,5.99999999999996,2,5,65,0.5
610,24987.961449,24986.799781,24987.178946,24987.909116,24997.947409,0,1.99999999999996,0.0200000000000003,5.99999999999996,2,5,65,0.5
611,25000.729726,24999.793895,25000.142561,25000.677398,25006.240703,1,1.99999999999996,0.0200000000000003,7.00000000000003,1,6,66,0.5
612,25008.087868,25007.209034,25007.55937,25008.035529,25014.40767,1,1.99999999999996,0.0200000000000003,7.00000000000003,1,6,66,0.5
613,25016.321335,25015.294001,25015.679332,25016.220163,25019.69815,1,NaN,0.00999999999999943,7.00000000000003,0,6,66,0.5
614,25057.85483,25056.731674,25057.083499,25057.85483,25060.200654,1,NaN,0,5.99999999999996,2,5,65,0.5
615,25067.649291,25066.392629,25066.737461,25067.596963,25074.613929,0,1.99999999999996,0.0200000000000003,5.99999999999996,2,5,65,0.5
616,25076.916754,25075.913763,25076.270589,25076.86426,25082.085233,1,1.99999999999996,0.0200000000000003,7.00000000000003,1,6,66,0.5
617,25084.106725,25082.908569,25083.205228,25084.054392,25097.296511,0,1.99999999999996,0.0200000000000003,5.99999999999996,2,5,65,0.5
618,25100.117667,25098.800833,25099.173331,25100.117667,25104.639315,0,NaN,0,7.00000000000003,1,6,66,0.5
619,25110.879118,25108.933465,25109.521296,25110.826618,25118.342088,0,1.99999999999996,0.0200000000000003,5.99999999999996,2,5,65,0.5
620,25120.36408,25119.370751,25119.739255,25120.311753,25123.584239,1,1.99999999999996,0.0200000000000003,7.00000000000003,1,6,66,0.5
621,25128.378382,25124.439736,25124.806568,25128.376214,25142.338326,0,1.99999999999996,0.0200000000000003,5.99999999999996,2,5,65,0.5
622,25144.750321,25143.72332,25144.084485,25144.697988,25154.244444,0,1.99999999999996,0.0200000000000003,5.99999999999996,2,5,65,0.5
623,25155.96911,25155.069274,25155.331446,25155.916937,25166.854233,0,1.99999999999996,0.0200000000000003,5.99999999999996,2,5,65,0.5
624,25171.547381,25170.071554,25170.43588,25171.446375,25181.171003,0,NaN,0.00999999999999943,5.99999999999996,0,5,65,0.5
625,25183.667166,25182.558337,25182.991496,25183.614827,25184.699322,1,1.99999999999996,0.0200000000000003,7.00000000000003,1,6,66,0.5
626,25191.052798,25189.428471,25190.119301,25191.00047,25203.901752,0,1.99999999999996,0.0200000000000003,5.99999999999996,2,5,65,0.5
627,25206.572902,25205.258246,25205.878905,25206.520574,25215.533705,1,1.99999999999996,0.0200000000000003,7.00000000000003,1,6,66,0.5
628,25217.624358,25216.475862,25216.680028,25217.571864,25225.398166,0,1.99999999999996,0.0200000000000003,5.99999999999996,2,5,65,0.5
629,25228.295815,25227.089153,25227.523818,25228.295815,25233.085795,0,NaN,0,7.00000000000003,1,6,66,0.5
630,25242.443597,25237.362778,25238.139442,25242.391425,25254.992214,0,1.99999999999996,0.0200000000000003,5.99999999999996,2,5,65,0.5
631,25257.882696,25256.677368,25257.0382,25257.830369,25269.961321,0,1.99999999999996,0.0200000000000003,5.99999999999996,2,5,65,0.5
632,25272.244806,25271.19781,25271.584314,25272.143473,25299.602869,1,NaN,0.00999999999999943,7.00000000000003,0,6,66,0.5
633,25306.400336,25303.488347,25303.952012,25306.400336,25306.469169,1,NaN,0,5.99999999999996,2,5,65,0.5
634,25313.562813,25312.64715,25312.920982,25313.51064,25315.711138,0,1.99999999999996,0.0200000000000003,5.99999999999996,2,5,65,0.5
635,25318.452288,25317.387125,25317.712124,25318.39996,25323.698439,1,1.99999999999996,0.0200000000000003,7.00000000000003,1,6,66,0.5
636,25325.838092,25324.554597,25324.877596,25325.736758,25330.38624,0,NaN,0.00999999999999943,5.99999999999996,0,5,65,0.5
637,25334.775728,25333.155235,25333.467061,25334.72339,25350.556165,0,1.99999999999996,0.0200000000000003,5.99999999999996,2,5,65,0.5
638,25352.832156,25351.877326,25352.196825,25352.779817,25363.475441,1,1.99999999999996,0.0200000000000003,7.00000000000003,1,6,66,0.5
639,25365.747599,25364.365937,25364.764269,25365.695271,25379.043212,0,1.99999999999996,0.0200000000000003,5.99999999999996,2,5,65,0.5
640,25381.724702,25380.618711,25380.98371,25381.623535,25382.156533,0,NaN,0.00999999999999943,5.99999999999996,0,5,65,0.5
641,25419.488556,25418.412554,25418.760719,25419.436217,25423.199041,0,1.99999999999996,0.0200000000000003,5.99999999999996,2,5,65,0.5
642,25425.417527,25424.272703,25424.593363,25425.365027,25436.864986,0,1.99999999999996,0.0200000000000003,5.99999999999996,2,5,65,0.5
643,25439.445309,25438.444641,25438.808973,25439.39297,25447.948269,1,1.99999999999996,0.0200000000000003,7.00000000000003,1,6,66,0.5
644,25449.791762,25448.736605,25448.955432,25449.791762,25456.026404,0,NaN,0,7.00000000000003,1,6,66,0.5
645,25461.048556,25459.924727,25460.401554,25461.048556,25468.257527,1,NaN,0,5.99999999999996,2,5,65,0.5
646,25472.57701,25469.867854,25470.263181,25472.57701,25712.975215,0,NaN,0,7.00000000000003,1,6,66,0.5
647,25715.207706,25713.927539,25714.425043,25715.155368,25720.615685,1,1.99999999999996,0.0200000000000003,7.00000000000003,1,6,66,0.5
648,25723.225841,25721.765347,25722.040012,25723.173674,25728.968979,0,1.99999999999996,0.0200000000000003,5.99999999999996,2,5,65,0.5
649,25731.489302,25730.434973,25730.751305,25731.436975,25738.43578,0,1.99999999999996,0.0200000000000003,5.99999999999996,2,5,65,0.5
650,25740.556766,25739.566942,25739.945607,25740.504438,25748.672072,1,1.99999999999996,0.0200000000000003,7.00000000000003,1,6,66,0.5
651,25750.816897,25749.62623,25750.115233,25750.764558,25754.952208,1,1.99999999999996,0.0200000000000003,7.00000000000003,1,6,66,0.5
652,25757.229705,25756.112543,25756.523708,25757.128539,25765.930497,1,NaN,0.00999999999999943,7.00000000000003,0,6,66,0.5
653,25768.409327,25767.428825,25767.673491,25768.357154,25777.62229,0,1.99999999999996,0.0200000000000003,5.99999999999996,2,5,65,0.5
654,25780.545606,25779.463277,25779.724115,25780.493279,25782.702603,1,1.99999999999996,0.0200000000000003,7.00000000000003,1,6,66,0.5
655,25785.422092,25784.35543,25784.773589,25785.369753,25794.149057,1,1.99999999999996,0.0200000000000003,7.00000000000003,1,6,66,0.5
656,25796.137716,25795.052554,25795.402213,25796.137716,25820.955117,1,NaN,0,5.99999999999996,2,5,65,0.5
657,25823.253602,25821.822113,25822.260278,25823.251435,25829.664248,0,1.99999999999996,0.0200000000000003,5.99999999999996,2,5,65,0.5
658,25832.385404,25831.23257,25831.692074,25832.333071,25838.468375,1,1.99999999999996,0.0200000000000003,7.00000000000003,1,6,66,0.5
659,25841.447535,25840.429866,25840.775037,25841.395196,25847.276005,1,1.99999999999996,0.0200000000000003,7.00000000000003,1,6,66,0.5
660,25849.354164,25848.130169,25848.50884,25849.301837,25858.374794,0,1.99999999999996,0.0200000000000003,5.99999999999996,2,5,65,0.5
661,25860.767791,25859.415957,25859.879461,25860.767791,25862.083285,0,NaN,0,7.00000000000003,1,6,66,0.5
662,25874.104065,25873.047403,25873.325234,25874.051738,25887.069852,0,1.99999999999996,0.0200000000000003,5.99999999999996,2,5,65,0.5
663,25889.539676,25888.428174,25888.768679,25889.487342,25898.531473,0,1.99999999999996,0.0200000000000003,5.99999999999996,2,5,65,0.5
664,25900.939291,25899.953628,25900.259633,25900.939291,27471.217677,1,NaN,0,5.99999999999996,2,5,65,0.5
665,27474.115004,27472.819009,27473.315834,27474.062665,27475.185494,1,1.99999999999996,0.0200000000000003,7.00000000000003,1,6,66,0.5
666,27478.346987,27477.576984,27477.614651,27478.294648,27486.315782,1,1.99999999999996,0.0200000000000003,7.00000000000003,1,6,66,0.5
667,27489.615942,27488.287275,27488.731939,27489.563603,27499.163565,1,1.99999999999996,0.0200000000000003,7.00000000000003,1,6,66,0.5
668,27502.295886,27500.931397,27501.432722,27502.243386,27503.807213,0,1.99999999999996,0.0200000000000003,5.99999999999996,2,5,65,0.5
669,27506.868206,27505.828538,27506.116703,27506.815867,27518.926825,0,1.99999999999996,0.0200000000000003,5.99999999999996,2,5,65,0.5
670,27521.481814,27520.516485,27520.813811,27521.380642,27521.659147,0,NaN,0.00999999999999943,5.99999999999996,0,5,65,0.5
671,27538.764912,27537.561579,27537.947909,27538.712579,27546.950213,0,1.99999999999996,0.0200000000000003,5.99999999999996,2,5,65,0.5
672,27550.276699,27548.947865,27549.563196,27550.224366,27558.487994,1,1.99999999999996,0.0200000000000003,7.00000000000003,1,6,66,0.5
673,27560.681652,27559.729822,27560.082827,27560.629152,27571.828613,1,1.99999999999996,0.0200000000000003,7.00000000000003,1,6,66,0.5
674,27574.150771,27572.878276,27573.232435,27574.098437,27591.184196,0,1.99999999999996,0.0200000000000003,5.99999999999996,2,5,65,0.5
675,27593.921853,27592.712858,27593.242027,27593.869525,27605.873138,1,1.99999999999996,0.0200000000000003,7.00000000000003,1,6,66,0.5
676,27608.344795,27607.136305,27607.442971,27608.292467,27627.468724,0,1.99999999999996,0.0200000000000003,5.99999999999996,2,5,65,0.5
677,27629.408549,27628.413887,27628.779046,27629.35621,27640.920331,1,1.99999999999996,0.0200000000000003,7.00000000000003,1,6,66,0.5
678,27642.91949,27641.854827,27642.136159,27642.867162,27654.881776,0,1.99999999999996,0.0200000000000003,5.99999999999996,2,5,65,0.5
679,27657.800603,27656.724607,27657.1621,27657.74843,27669.470889,1,1.99999999999996,0.0200000000000003,7.00000000000003,1,6,66,0.5
680,27671.559381,27670.308714,27670.576046,27671.507208,27689.357637,0,1.99999999999996,0.0200000000000003,5.99999999999996,2,5,65,0.5
681,27692.179798,27690.831964,27691.153964,27692.127465,27707.951563,0,1.99999999999996,0.0200000000000003,5.99999999999996,2,5,65,0.5
682,27710.447892,27709.340563,27709.655223,27710.346726,27715.4437,0,NaN,0.00999999999999943,5.99999999999996,0,5,65,0.5
683,27717.987357,27716.993699,27717.452191,27717.934857,27731.931473,1,1.99999999999996,0.0200000000000003,7.00000000000003,1,6,66,0.5
684,27743.391754,27734.610956,27734.902955,NaN,30552.630857,NaN,NaN,0,5.99999999999996,2,5,65,0.5
685,30554.901009,30553.662186,30554.134684,30554.848681,30569.671288,1,1.99999999999996,0.0200000000000003,7.00000000000003,1,6,66,0.5
686,30574.503097,30572.96527,30573.198102,30574.450597,30588.631874,0,1.99999999999996,0.0200000000000003,5.99999999999996,2,5,65,0.5
687,30596.111511,30595.111687,30595.454346,30596.111511,30600.245833,1,NaN,0,5.99999999999996,0,5,65,0.5
688,30619.006086,30617.91509,30618.410421,30618.953758,30627.950555,1,1.99999999999996,0.0200000000000003,7.00000000000003,1,6,66,0.5
689,30631.024038,30629.646042,30629.939547,30630.922704,30989.171771,0,NaN,0.00999999999999943,5.99999999999996,0,5,65,0.5
690,30993.027756,30990.813431,30991.075597,30993.027756,31021.89964,1,NaN,0,5.99999999999996,2,5,65,0.5
691,31024.963295,31023.700467,31024.026965,31024.862129,31029.227783,0,NaN,0.00999999999999943,5.99999999999996,0,5,65,0.5
692,31062.019152,31061.007317,31061.348988,31062.019152,31073.489768,1,NaN,0,5.99999999999996,2,5,65,0.5
693,31077.222753,31075.968924,31076.08009,31077.170425,31081.396075,1,1.99999999999996,0.0200000000000003,7.00000000000003,1,6,66,0.5
694,31085.439392,31084.37023,31084.718722,31085.387053,31090.023368,1,1.99999999999996,0.0200000000000003,7.00000000000003,1,6,66,0.5
695,31092.415364,31091.071703,31091.283535,31092.363025,31096.386509,0,1.99999999999996,0.0200000000000003,5.99999999999996,2,5,65,0.5
696,31101.869826,31100.98883,31101.285157,31101.817654,31111.358122,0,1.99999999999996,0.0200000000000003,5.99999999999996,2,5,65,0.5
697,31113.343942,31112.426778,31112.73011,31113.291442,31123.183908,0,1.99999999999996,0.0200000000000003,5.99999999999996,2,5,65,0.5
698,31125.41106,31124.447397,31124.755562,31125.358732,31133.651693,0,1.99999999999996,0.0200000000000003,5.99999999999996,2,5,65,0.5
699,31135.787357,31134.616195,31135.125355,31135.735024,31138.074175,1,1.99999999999996,0.0200000000000003,7.00000000000003,1,6,66,0.5
700,31140.272839,31139.076338,31139.614342,31140.171673,31140.772998,1,NaN,0.00999999999999943,7.00000000000003,0,6,66,0.5
701,31148.606139,31146.877813,31147.289473,31148.553801,31156.773773,0,1.99999999999996,0.0200000000000003,5.99999999999996,2,5,65,0.5
702,31158.903759,31158.015935,31158.269095,31158.85126,31168.951558,0,1.99999999999996,0.0200000000000003,5.99999999999996,2,5,65,0.5
703,31171.577209,31170.562879,31170.866717,31171.475875,31171.749041,0,NaN,0.00999999999999943,5.99999999999996,0,5,65,0.5
704,31180.319507,31179.100345,31179.624509,31180.267179,31187.997815,1,1.99999999999996,0.0200000000000003,7.00000000000003,1,6,66,0.5
705,31190.541638,31189.526803,31189.914468,31190.489305,31199.705596,1,1.99999999999996,0.0200000000000003,7.00000000000003,1,6,66,0.5
706,31202.344085,31201.156096,31201.536755,31202.291918,31216.574028,0,1.99999999999996,0.0200000000000003,5.99999999999996,2,5,65,0.5
707,31226.291489,31217.66303,31218.007022,31226.291489,31233.460794,1,NaN,0,5.99999999999996,2,5,65,0.5
708,31235.711452,31234.071125,31234.978121,31235.659124,31240.225939,1,1.99999999999996,0.0200000000000003,7.00000000000003,1,6,66,0.5
709,31242.09876,31241.101597,31241.482434,31242.046432,31250.712391,1,1.99999999999996,0.0200000000000003,7.00000000000003,1,6,66,0.5
710,31252.516224,31251.70306,31252.012226,31252.516224,31253.358054,1,NaN,0,5.99999999999996,2,5,65,0.5
711,31264.658169,31263.344342,31263.841173,31264.605842,31273.40564,0,1.99999999999996,0.0200000000000003,5.99999999999996,2,5,65,0.5
712,31275.670964,31274.616296,31275.043962,31275.618792,31282.883436,1,1.99999999999996,0.0200000000000003,7.00000000000003,1,6,66,0.5
713,31285.11742,31283.862592,31284.237091,31285.11742,31465.332706,1,NaN,0,5.99999999999996,2,5,65,0.5
714,31474.64083,31473.520667,31473.953838,31474.588502,31479.994647,1,1.99999999999996,0.0200000000000003,7.00000000000003,1,6,66,0.5
715,31482.007472,31480.998971,31481.38347,31481.955301,31487.387451,1,1.99999999999996,0.0200000000000003,7.00000000000003,1,6,66,0.5
716,31490.5246,31488.524107,31488.884939,31490.472272,31498.175241,0,1.99999999999996,0.0200000000000003,5.99999999999996,2,5,65,0.5
717,31500.774559,31499.695735,31500.040734,31500.722231,31508.025035,0,1.99999999999996,0.0200000000000003,5.99999999999996,2,5,65,0.5
718,31510.764691,31509.605862,31510.022854,31510.712519,31516.16233,1,1.99999999999996,0.0200000000000003,7.00000000000003,1,6,66,0.5
719,31518.42866,31517.373825,31517.707658,31518.42866,31518.970485,1,NaN,0,5.99999999999996,2,5,65,0.5
720,31528.476286,31527.237791,31527.62529,31528.423947,31537.122419,0,1.99999999999996,0.0200000000000003,5.99999999999996,2,5,65,0.5
721,31539.869236,31538.669573,31539.050744,31539.768069,31553.434353,0,NaN,0.00999999999999943,5.99999999999996,0,5,65,0.5
722,31555.556339,31554.492844,31554.880175,31555.554172,31560.836818,1,1.99999999999996,0.0200000000000003,7.00000000000003,1,6,66,0.5
723,31562.906482,31561.72532,31562.104646,31562.85431,31569.563289,0,1.99999999999996,0.0200000000000003,5.99999999999996,2,5,65,0.5
724,31572.611277,31571.437943,31571.809941,31572.60911,31583.065068,0,1.99999999999996,0.0200000000000003,5.99999999999996,2,5,65,0.5
725,31585.342892,31584.317224,31584.704895,31585.29072,31591.497034,1,1.99999999999996,0.0200000000000003,7.00000000000003,1,6,66,0.5
726,31595.15402,31594.021858,31594.319184,31595.15402,31597.852009,1,NaN,0,5.99999999999996,2,5,65,0.5
727,31617.06076,31615.758271,31616.18343,31617.008432,31630.820544,0,1.99999999999996,0.0200000000000003,5.99999999999996,2,5,65,0.5
728,31632.971696,31631.912033,31632.323532,31632.870363,31646.84198,1,NaN,0.00999999999999943,7.00000000000003,0,6,66,0.5
729,31648.778633,31647.697476,31648.098641,31648.726305,31652.288619,1,1.99999999999996,0.0200000000000003,7.00000000000003,1,6,66,0.5
730,31654.27945,31653.188288,31653.531614,31654.227111,31655.734277,1,1.99999999999996,0.0200000000000003,7.00000000000003,1,6,66,0.5
731,31657.744597,31656.618941,31657.011933,31657.69227,31667.556563,0,1.99999999999996,0.0200000000000003,5.99999999999996,2,5,65,0.5
732,31669.899054,31668.835558,31669.195051,31669.846721,31680.816677,0,1.99999999999996,0.0200000000000003,5.99999999999996,2,5,65,0.5
733,31683.547161,31682.411665,31682.888829,31683.494833,31696.532276,1,1.99999999999996,0.0200000000000003,7.00000000000003,1,6,66,0.5
734,31698.7581,31697.339938,31697.666604,31698.705606,31713.112715,0,1.99999999999996,0.0200000000000003,5.99999999999996,2,5,65,0.5
735,31716.246363,31715.024374,31715.471866,31716.194036,31725.619992,0,1.99999999999996,0.0200000000000003,5.99999999999996,2,5,65,0.5
736,31728.473148,31727.362318,31727.763317,31728.42082,31737.496445,1,1.99999999999996,0.0200000000000003,7.00000000000003,1,6,66,0.5
737,31739.960941,31738.34078,31738.716606,31739.908601,31754.297717,0,1.99999999999996,0.0200000000000003,5.99999999999996,2,5,65,0.5
738,31757.053706,31755.799371,31756.14787,31756.952539,31760.111188,0,NaN,0.00999999999999943,5.99999999999996,0,5,65,0.5
739,31768.119989,31766.96316,31767.441997,31768.067495,31781.069776,1,1.99999999999996,0.0200000000000003,7.00000000000003,1,6,66,0.5
740,31783.573927,31782.107099,31782.49327,31783.5216,31797.058873,0,1.99999999999996,0.0200000000000003,5.99999999999996,2,5,65,0.5
741,31801.853693,31800.653359,31801.110523,31801.80136,31808.53266,1,1.99999999999996,0.0200000000000003,7.00000000000003,1,6,66,0.5
742,31810.919818,31809.46299,31809.801489,31810.867318,31819.235617,0,1.99999999999996,0.0200000000000003,5.99999999999996,2,5,65,0.5
743,31822.361278,31821.288109,31821.673941,31822.308938,31832.916396,1,1.99999999999996,0.0200000000000003,7.00000000000003,1,6,66,0.5
744,31835.727385,31834.789728,31835.093055,31835.675058,31844.538017,1,1.99999999999996,0.0200000000000003,7.00000000000003,1,6,66,0.5
745,31847.084012,31845.497685,31845.923177,31847.08184,31861.744287,0,1.99999999999996,0.0200000000000003,5.99999999999996,2,5,65,0.5
746,31864.958435,31863.819112,31864.27861,31864.906107,31874.828234,1,1.99999999999996,0.0200000000000003,7.00000000000003,1,6,66,0.5
747,31876.746227,31875.827064,31876.135562,31876.693888,31884.075025,1,1.99999999999996,0.0200000000000003,7.00000000000003,1,6,66,0.5
748,31887.522684,31885.890684,31886.245516,31887.47035,31899.935467,0,1.99999999999996,0.0200000000000003,5.99999999999996,2,5,65,0.5
749,31903.052455,31901.982787,31902.288791,31903.000116,31918.29556,0,1.99999999999996,0.0200000000000003,5.99999999999996,2,5,65,0.5
750,31920.577385,31919.614883,31919.966214,31920.525046,31929.800175,1,1.99999999999996,0.0200000000000003,7.00000000000003,1,6,66,0.5
751,31932.159833,31930.853344,31931.189676,31932.107505,31943.760453,0,1.99999999999996,0.0200000000000003,5.99999999999996,2,5,65,0.5
752,31946.467781,31945.477785,31945.847444,31946.415609,31956.070737,1,1.99999999999996,0.0200000000000003,7.00000000000003,1,6,66,0.5
753,31957.991896,31957.007233,31957.382404,31957.939569,31965.582371,1,1.99999999999996,0.0200000000000003,7.00000000000003,1,6,66,0.5
754,31968.00169,31966.462535,31966.92886,31967.94919,31979.46981,0,1.99999999999996,0.0200000000000003,5.99999999999996,2,5,65,0.5
755,31982.159466,31981.074643,31981.418135,31982.106967,32024.875296,0,1.99999999999996,0.0200000000000003,5.99999999999996,2,5,65,0.5
756,32101.418828,32100.257327,32100.691498,32101.317662,32108.920631,1,NaN,0.00999999999999943,7.00000000000003,0,6,66,0.5
757,32112.905449,32111.713281,32112.12928,32112.85311,32118.550587,0,1.99999999999996,0.0200000000000003,5.99999999999996,2,5,65,0.5
758,32121.013911,32120.016582,32120.326086,32120.961417,32131.324703,0,1.99999999999996,0.0200000000000003,5.99999999999996,2,5,65,0.5
759,32133.729032,32132.737869,32133.096362,32133.676693,32139.390837,1,1.99999999999996,0.0200000000000003,7.00000000000003,1,6,66,0.5
760,32142.784991,32141.608167,32141.917666,32142.732491,32151.022457,0,1.99999999999996,0.0200000000000003,5.99999999999996,2,5,65,0.5
761,32159.789095,32158.80326,32159.14043,32159.736755,32172.69971,0,1.99999999999996,0.0200000000000003,5.99999999999996,2,5,65,0.5
762,32175.2057,32174.063537,32174.45103,32175.153527,32183.053335,1,1.99999999999996,0.0200000000000003,7.00000000000003,1,6,66,0.5
763,32185.106155,32184.244997,32184.555495,32185.053827,32193.973291,1,1.99999999999996,0.0200000000000003,7.00000000000003,1,6,66,0.5
764,32195.96295,32194.651616,32195.030448,32195.910611,32205.858738,0,1.99999999999996,0.0200000000000003,5.99999999999996,2,5,65,0.5
765,32207.950402,32206.927073,32207.266905,32207.898063,32216.516696,0,1.99999999999996,0.0200000000000003,5.99999999999996,2,5,65,0.5
766,32219.308851,32218.321694,32218.612359,32219.207684,32227.272985,0,NaN,0.00999999999999943,5.99999999999996,0,5,65,0.5
767,32233.128963,32232.052139,32232.479798,32233.076635,32238.000448,1,1.99999999999996,0.0200000000000003,7.00000000000003,1,6,66,0.5
768,32240.681771,32239.577269,32239.782103,32240.629432,32250.492398,0,1.99999999999996,0.0200000000000003,5.99999999999996,2,5,65,0.5
769,32253.478553,32252.487218,32252.900555,32253.426381,32261.057683,1,1.99999999999996,0.0200000000000003,7.00000000000003,1,6,66,0.5
770,32263.127015,32262.228845,32262.571177,32263.074675,32273.773633,1,1.99999999999996,0.0200000000000003,7.00000000000003,1,6,66,0.5
771,32275.780792,32274.502136,32274.871128,32275.728292,32289.235071,0,1.99999999999996,0.0200000000000003,5.99999999999996,2,5,65,0.5
772,32291.441396,32290.435067,32290.750565,32291.389068,32301.72236,0,1.99999999999996,0.0200000000000003,5.99999999999996,2,5,65,0.5
773,32304.087684,32303.039688,32303.438347,32304.035346,32320.663946,1,1.99999999999996,0.0200000000000003,7.00000000000003,1,6,66,0.5
774,32323.228774,32321.687274,32321.98344,32323.176436,32340.599699,0,1.99999999999996,0.0200000000000003,5.99999999999996,2,5,65,0.5
775,32342.49053,32341.554201,32341.88886,32342.438191,32345.824344,1,1.99999999999996,0.0200000000000003,7.00000000000003,1,6,66,0.5
776,32347.910003,32346.863008,32347.270339,32347.857676,32363.258608,1,1.99999999999996,0.0200000000000003,7.00000000000003,1,6,66,0.5
777,32365.4796,32364.213605,32364.538936,32365.4796,32371.564747,1,NaN,0,5.99999999999996,2,5,65,0.5
778,32396.158982,32394.957315,32395.359652,32396.106643,32398.980638,0,1.99999999999996,0.0200000000000003,5.99999999999996,2,5,65,0.5
779,32401.035463,32400.0013,32400.38246,32400.98329,32411.312922,1,1.99999999999996,0.0200000000000003,7.00000000000003,1,6,66,0.5
780,32413.259075,32412.02508,32412.339412,32413.206748,32427.145686,0,1.99999999999996,0.0200000000000003,5.99999999999996,2,5,65,0.5
781,32429.411849,32428.474853,32428.838018,32429.359683,32437.089479,1,1.99999999999996,0.0200000000000003,7.00000000000003,1,6,66,0.5
782,32439.359976,32437.874976,32438.337147,32439.307637,32449.878767,0,1.99999999999996,0.0200000000000003,5.99999999999996,2,5,65,0.5
783,32470.360019,32469.268185,32469.625016,32470.360019,32484.290791,1,NaN,0,5.99999999999996,2,5,65,0.5
784,32488.880278,32487.735943,32488.153775,32488.828107,32492.019099,1,1.99999999999996,0.0200000000000003,7.00000000000003,1,6,66,0.5
785,32493.845092,32492.868924,32493.265088,32493.792752,32502.216385,1,1.99999999999996,0.0200000000000003,7.00000000000003,1,6,66,0.5
786,32505.085541,32503.286048,32503.613219,32504.984214,32513.489507,0,NaN,0.00999999999999943,5.99999999999996,0,5,65,0.5
787,32520.017982,32518.200822,32518.687992,32519.965487,32523.923465,0,1.99999999999996,0.0200000000000003,5.99999999999996,2,5,65,0.5
788,32525.923797,32524.944301,32525.317293,32525.871624,32536.16725,0,1.99999999999996,0.0200000000000003,5.99999999999996,2,5,65,0.5
789,32538.159081,32537.199412,32537.563411,32538.106742,32545.603046,1,1.99999999999996,0.0200000000000003,7.00000000000003,1,6,66,0.5
790,32549.518697,32548.5137,32548.861532,32549.417363,32553.975012,1,NaN,0.00999999999999943,7.00000000000003,0,6,66,0.5
791,32700.181433,32699.036765,32699.442936,32700.12926,32701.87492,0,1.99999999999996,0.0200000000000003,5.99999999999996,2,5,65,0.5
792,32704.678576,32703.628413,32703.924745,32704.577243,32710.08756,0,NaN,0.00999999999999943,5.99999999999996,0,5,65,0.5
793,32721.520514,32710.990217,32711.436049,NaN,NaN,NaN,NaN,0,5.99999999999996,2,5,65,0.5
794,32732.859464,32731.256303,32731.711301,32732.807136,32735.34162,1,1.99999999999996,0.0200000000000003,7.00000000000003,1,6,66,0.5
795,32739.470937,32738.197614,32738.705279,32739.369604,32773.53164,1,NaN,0.00999999999999943,7.00000000000003,0,6,66,0.5
796,32775.360132,32774.392636,32774.734795,32775.30796,32780.722105,0,1.99999999999996,0.0200000000000003,5.99999999999996,2,5,65,0.5
797,32782.723603,32781.808268,32782.099272,32782.67127,32790.548899,0,1.99999999999996,0.0200000000000003,5.99999999999996,2,5,65,0.5
798,32794.343223,32793.349388,32793.659559,32794.290884,32800.435199,1,1.99999999999996,0.0200000000000003,7.00000000000003,1,6,66,0.5
799,32803.518686,32801.853688,32802.182352,32803.466353,32813.166475,0,1.99999999999996,0.0200000000000003,5.99999999999996,2,5,65,0.5
800,32816.200636,32814.974134,32815.603305,32816.200636,32820.713951,0,NaN,0,7.00000000000003,1,6,66,0.5
801,32824.050932,32822.841442,32823.214602,32823.998432,32834.056725,0,1.99999999999996,0.0200000000000003,5.99999999999996,2,5,65,0.5
802,32836.310555,32835.293559,32835.692724,32836.258216,32841.966032,1,1.99999999999996,0.0200000000000003,7.00000000000003,1,6,66,0.5
803,32845.254014,32844.085357,32844.400684,32845.201686,32855.319806,0,1.99999999999996,0.0200000000000003,5.99999999999996,2,5,65,0.5
804,32857.847636,32856.875639,32857.223971,32857.795463,32864.689942,1,1.99999999999996,0.0200000000000003,7.00000000000003,1,6,66,0.5
805,32866.941766,32865.571099,32865.896931,32866.889433,32875.757564,0,1.99999999999996,0.0200000000000003,5.99999999999996,2,5,65,0.5
806,32878.174221,32877.262886,32877.541884,32878.121882,32890.600166,0,1.99999999999996,0.0200000000000003,5.99999999999996,2,5,65,0.5
807,32893.866658,32892.354159,32893.006662,32893.81432,32903.712785,1,1.99999999999996,0.0200000000000003,7.00000000000003,1,6,66,0.5
808,32905.838938,32904.636442,32905.148441,32905.786611,32914.728903,1,1.99999999999996,0.0200000000000003,7.00000000000003,1,6,66,0.5
809,32916.927227,32915.700904,32916.046569,32916.8749,32926.533856,0,1.99999999999996,0.0200000000000003,5.99999999999996,2,5,65,0.5
810,32929.523849,32928.45002,32928.870685,32929.471516,32935.603152,1,1.99999999999996,0.0200000000000003,7.00000000000003,1,6,66,0.5
811,32938.315647,32936.775815,32937.134485,32938.263314,32948.203274,0,1.99999999999996,0.0200000000000003,5.99999999999996,2,5,65,0.5
812,32950.652098,32949.582269,32949.912767,32950.599759,32963.106881,0,1.99999999999996,0.0200000000000003,5.99999999999996,2,5,65,0.5
813,32965.79187,32964.723541,32965.152868,32965.739698,32973.394001,1,1.99999999999996,0.0200000000000003,7.00000000000003,1,6,66,0.5
814,32975.746331,32974.787662,32975.117,32975.694158,32981.909633,1,1.99999999999996,0.0200000000000003,7.00000000000003,1,6,66,0.5
815,32984.218958,32983.020129,32983.357634,32984.16663,32995.34558,0,1.99999999999996,0.0200000000000003,5.99999999999996,2,5,65,0.5
816,32997.760904,32996.688741,32997.074245,32997.708576,33004.66621,1,1.99999999999996,0.0200000000000003,7.00000000000003,1,6,66,0.5
817,33007.318204,33005.940705,33006.294203,33007.265871,33017.505997,0,1.99999999999996,0.0200000000000003,5.99999999999996,2,5,65,0.5
818,33020.280986,33019.34015,33019.654822,33020.228653,33028.627946,1,1.99999999999996,0.0200000000000003,7.00000000000003,1,6,66,0.5
819,33031.197437,33029.503782,33029.824608,33031.144937,33043.506387,0,1.99999999999996,0.0200000000000003,5.99999999999996,2,5,65,0.5
820,33047.218378,33045.339719,33045.878545,33047.218378,33047.602877,0,NaN,0,7.00000000000003,0,6,66,0.5
821,33056.540674,33055.432679,33055.854338,33056.488335,33066.171302,0,1.99999999999996,0.0200000000000003,5.99999999999996,2,5,65,0.5
822,33068.705453,33067.651457,33068.055122,33068.604287,33073.5956,1,NaN,0.00999999999999943,7.00000000000003,0,6,66,0.5
823,33102.907489,33101.957826,33102.222485,33102.855316,33108.3658,0,1.99999999999996,0.0200000000000003,5.99999999999996,2,5,65,0.5
824,33110.494786,33109.484462,33109.891455,33110.442459,33117.408597,1,1.99999999999996,0.0200000000000003,7.00000000000003,1,6,66,0.5
825,33277.689623,33275.775459,33276.297122,33277.637451,33286.110917,1,1.99999999999996,0.0200000000000003,7.00000000000003,1,6,66,0.5
826,33289.606575,33287.424912,33287.849076,33289.554236,33297.729537,0,1.99999999999996,0.0200000000000003,5.99999999999996,2,5,65,0.5
827,33300.379694,33299.382536,33299.739863,33300.327366,33311.437649,0,1.99999999999996,0.0200000000000003,5.99999999999996,2,5,65,0.5
828,33313.581807,33312.503484,33312.822649,33313.48064,33320.108287,0,NaN,0.00999999999999943,5.99999999999996,0,5,65,0.5
829,33324.551763,33323.4911,33323.875765,33324.551763,33324.894434,1,NaN,0,5.99999999999996,2,5,65,0.5
830,33332.307238,33331.238069,33331.524408,33332.254905,33338.695707,1,1.99999999999996,0.0200000000000003,7.00000000000003,1,6,66,0.5
831,33340.819537,33339.572703,33339.908369,33340.767365,33350.403332,0,1.99999999999996,0.0200000000000003,5.99999999999996,2,5,65,0.5
832,33352.864989,33351.732987,33352.150658,33352.81265,33363.328942,0,1.99999999999996,0.0200000000000003,5.99999999999996,2,5,65,0.5
833,33365.803098,33364.692442,33365.14544,33365.750765,33371.082077,1,1.99999999999996,0.0200000000000003,7.00000000000003,1,6,66,0.5
834,33373.496406,33372.130073,33372.519244,33373.444067,33381.447035,0,1.99999999999996,0.0200000000000003,5.99999999999996,2,5,65,0.5
835,33383.815532,33382.82053,33383.138868,33383.763359,33394.931821,0,1.99999999999996,0.0200000000000003,5.99999999999996,2,5,65,0.5
836,33397.495977,33396.329815,33396.794313,33397.443805,33407.023766,1,1.99999999999996,0.0200000000000003,7.00000000000003,1,6,66,0.5
837,33409.391924,33408.110262,33408.450095,33409.339596,33419.481384,0,1.99999999999996,0.0200000000000003,5.99999999999996,2,5,65,0.5
838,33422.397877,33420.99821,33421.498042,33422.345538,33430.804338,1,1.99999999999996,0.0200000000000003,7.00000000000003,1,6,66,0.5
839,33432.80883,33431.843334,33432.236005,33432.756331,33440.2053,1,1.99999999999996,0.0200000000000003,7.00000000000003,1,6,66,0.5
840,33442.430459,33441.220963,33441.522629,33442.377959,33449.685263,0,1.99999999999996,0.0200000000000003,5.99999999999996,2,5,65,0.5
841,33525.834625,33524.794296,33525.129133,33525.782297,33529.867775,0,1.99999999999996,0.0200000000000003,5.99999999999996,2,5,65,0.5
842,33532.86793,33531.68644,33532.145438,33532.815602,33538.771573,1,1.99999999999996,0.0200000000000003,7.00000000000003,1,6,66,0.5
843,33540.85057,33539.757735,33540.060407,33540.798398,33557.984496,0,1.99999999999996,0.0200000000000003,5.99999999999996,2,5,65,0.5
844,33560.382659,33559.344157,33559.676656,33560.330487,33565.836631,0,1.99999999999996,0.0200000000000003,5.99999999999996,2,5,65,0.5
845,33568.692459,33567.472964,33567.922123,33568.640286,33577.368585,1,1.99999999999996,0.0200000000000003,7.00000000000003,1,6,66,0.5
846,33579.040412,33578.096755,33578.407747,33578.988084,33584.956394,1,1.99999999999996,0.0200000000000003,7.00000000000003,1,6,66,0.5
847,33587.441379,33586.005056,33586.363888,33587.389051,33598.882171,0,1.99999999999996,0.0200000000000003,5.99999999999996,2,5,65,0.5
848,33601.557489,33600.279999,33600.788331,33601.505161,33611.881281,1,1.99999999999996,0.0200000000000003,7.00000000000003,1,6,66,0.5
849,33614.14761,33612.908615,33613.222942,33614.095271,33625.252566,0,1.99999999999996,0.0200000000000003,5.99999999999996,2,5,65,0.5
850,33627.398052,33626.494555,33626.787887,33627.345552,33640.260167,0,1.99999999999996,0.0200000000000003,5.99999999999996,2,5,65,0.5
851,33642.791162,33641.6675,33642.116493,33642.689824,33643.338821,1,NaN,0.00999999999999943,7.00000000000003,0,6,66,0.5
852,33922.48971,33921.284543,33921.560541,33922.437371,33923.630706,0,1.99999999999996,0.0200000000000003,5.99999999999996,2,5,65,0.5
853,33928.506181,33927.088692,33927.647517,33928.506181,33933.599166,0,NaN,0,7.00000000000003,1,6,66,0.5
854,33939.646975,33938.210141,33938.765807,33939.644808,33944.221117,1,1.99999999999996,0.0200000000000003,7.00000000000003,1,6,66,0.5
855,33946.547114,33945.249786,33945.639446,33946.445948,33947.55661,0,NaN,0.00999999999999943,5.99999999999996,0,5,65,0.5
856,33963.594041,33962.549711,33962.947049,33963.492707,33979.035151,1,NaN,0.00999999999999943,7.00000000000003,0,6,66,0.5
857,33981.424975,33980.297974,33980.731811,33981.372635,33984.229125,1,1.99999999999996,0.0200000000000003,7.00000000000003,1,6,66,0.5
858,33986.062623,33985.082127,33985.491453,33986.01045,33986.753287,1,1.99999999999996,0.0200000000000003,7.00000000000003,1,6,66,0.5
859,33989.011278,33987.719449,33988.312108,33988.958939,33994.013924,1,1.99999999999996,0.0200000000000003,7.00000000000003,1,6,66,0.5
860,33995.823745,33994.901748,33995.235919,33995.771417,34000.250233,1,1.99999999999996,0.0200000000000003,7.00000000000003,1,6,66,0.5
861,34002.326058,34001.347228,34001.695894,34002.273719,34008.761193,1,1.99999999999996,0.0200000000000003,7.00000000000003,1,6,66,0.5
862,34011.610682,34010.20502,34010.618858,34011.558354,34016.472168,0,1.99999999999996,0.0200000000000003,5.99999999999996,2,5,65,0.5
863,34019.32449,34018.508493,34018.765992,34019.272151,34030.605772,0,1.99999999999996,0.0200000000000003,5.99999999999996,2,5,65,0.5
864,34032.907935,34031.84394,34032.236932,34032.80693,34036.78642,1,NaN,0.00999999999999943,7.00000000000003,0,6,66,0.5
865,34040.229906,34039.142072,34039.522742,34040.177573,34044.149218,0,1.99999999999996,0.0200000000000003,5.99999999999996,2,5,65,0.5
866,34046.220377,34045.276547,34045.619051,34046.167877,34051.007524,1,1.99999999999996,0.0200000000000003,7.00000000000003,1,6,66,0.5
867,34052.749851,34051.858693,34052.192025,34052.648684,34053.300014,1,NaN,0.00999999999999943,7.00000000000003,0,6,66,0.5
868,34065.246306,34064.16431,34064.627309,34065.193973,34069.969614,1,1.99999999999996,0.0200000000000003,7.00000000000003,1,6,66,0.5
869,34071.928446,34070.816284,34071.12911,34071.876107,34080.285073,0,1.99999999999996,0.0200000000000003,5.99999999999996,2,5,65,0.5
870,34082.689903,34081.728573,34082.059072,34082.637564,34091.520695,1,1.99999999999996,0.0200000000000003,7.00000000000003,1,6,66,0.5
871,34093.487193,34092.412531,34092.708196,34093.386027,34097.806337,0,NaN,0.00999999999999943,5.99999999999996,0,5,65,0.5
872,34110.36362,34109.248791,34109.511623,34110.262287,34115.95443,0,NaN,0.00999999999999943,5.99999999999996,0,5,65,0.5
873,34118.476421,34117.07226,34117.791923,34118.424093,34123.275735,1,1.99999999999996,0.0200000000000003,7.00000000000003,1,6,66,0.5
874,34126.077896,34124.456569,34124.826228,34126.025557,34131.541701,0,1.99999999999996,0.0200000000000003,5.99999999999996,2,5,65,0.5
875,34133.987031,34132.995868,34133.353534,34133.934859,34139.654836,1,1.99999999999996,0.0200000000000003,7.00000000000003,1,6,66,0.5
876,34141.871161,34140.632838,34140.949837,34141.818833,34149.380797,0,1.99999999999996,0.0200000000000003,5.99999999999996,2,5,65,0.5
877,34151.706294,34150.636792,34151.046129,34151.605127,34162.211079,1,NaN,0.00999999999999943,7.00000000000003,0,6,66,0.5
878,34163.983239,34163.143242,34163.334908,34163.930911,34171.341709,0,1.99999999999996,0.0200000000000003,5.99999999999996,2,5,65,0.5
879,34173.094375,34172.197205,34172.472544,34173.042035,34180.075347,0,1.99999999999996,0.0200000000000003,5.99999999999996,2,5,65,0.5
880,34182.219338,34181.215169,34181.552002,34182.167005,34187.823482,1,1.99999999999996,0.0200000000000003,7.00000000000003,1,6,66,0.5
881,34190.033974,34189.109971,34189.454143,34189.98164,34197.339272,1,1.99999999999996,0.0200000000000003,7.00000000000003,1,6,66,0.5
882,34200.096767,34198.874266,34199.173598,34200.044427,34210.12872,0,1.99999999999996,0.0200000000000003,5.99999999999996,2,5,65,0.5
883,34212.362551,34211.424555,34211.759381,34212.310212,34218.371521,1,1.99999999999996,0.0200000000000003,7.00000000000003,1,6,66,0.5
884,34220.319519,34219.448017,34219.790354,34220.267347,34225.857824,1,1.99999999999996,0.0200000000000003,7.00000000000003,1,6,66,0.5
885,34227.723485,34226.77316,34227.110992,34227.723485,34230.813472,1,NaN,0,5.99999999999996,2,5,65,0.5
886,34235.251787,34233.886625,34234.435129,34235.19946,34241.789427,1,1.99999999999996,0.0200000000000003,7.00000000000003,1,6,66,0.5
887,34244.27009,34242.894923,34243.231421,34244.217751,34252.450218,0,1.99999999999996,0.0200000000000003,5.99999999999996,2,5,65,0.5
888,34255.00588,34253.907218,34254.250717,34254.904547,34258.528866,1,NaN,0.00999999999999943,7.00000000000003,0,6,66,0.5
889,34280.345274,34279.188778,34279.491616,34280.292779,34286.289916,0,1.99999999999996,0.0200000000000003,5.99999999999996,2,5,65,0.5
890,34288.338747,34287.308251,34287.570244,34288.286408,34294.629388,0,1.99999999999996,0.0200000000000003,5.99999999999996,2,5,65,0.5
891,34296.76388,34295.81805,34296.137882,34296.711541,34301.001358,1,1.99999999999996,0.0200000000000003,7.00000000000003,1,6,66,0.5
892,34303.087021,34302.111853,34302.460184,34303.034682,34310.08466,1,1.99999999999996,0.0200000000000003,7.00000000000003,1,6,66,0.5
893,34312.287146,34310.946157,34311.264989,34312.18598,34313.281809,0,NaN,0.00999999999999943,5.99999999999996,0,5,65,0.5
894,34329.96058,34319.429951,34319.832449,NaN,34336.961386,NaN,NaN,0,5.99999999999996,2,5,65,0.5
895,34339.28321,34338.116215,34338.66354,34339.230871,34344.554855,1,1.99999999999996,0.0200000000000003,7.00000000000003,1,6,66,0.5
896,34346.885013,34345.431679,34345.844344,34346.832674,34353.638486,0,1.99999999999996,0.0200000000000003,5.99999999999996,2,5,65,0.5
897,34355.998304,34355.00898,34355.346973,34355.94581,34360.467958,1,1.99999999999996,0.0200000000000003,7.00000000000003,1,6,66,0.5
898,34362.817282,34361.662954,34361.975619,34362.76511,34369.97192,0,1.99999999999996,0.0200000000000003,5.99999999999996,2,5,65,0.5
899,34372.398905,34371.427242,34371.771247,34372.346578,34381.337208,0,1.99999999999996,0.0200000000000003,5.99999999999996,2,5,65,0.5
900,34383.691694,34382.661197,34383.075863,34383.639366,34390.732171,1,1.99999999999996,0.0200000000000003,7.00000000000003,1,6,66,0.5
901,34393.180828,34391.953499,34392.251825,34393.128488,34401.439789,0,1.99999999999996,0.0200000000000003,5.99999999999996,2,5,65,0.5
902,34403.990784,34403.014283,34403.322614,34403.938445,34412.010746,0,1.99999999999996,0.0200000000000003,5.99999999999996,2,5,65,0.5
903,34414.34941,34413.36008,34413.738745,34414.29707,34425.778025,1,1.99999999999996,0.0200000000000003,7.00000000000003,1,6,66,0.5
904,34427.717189,34426.493022,34426.808193,34427.665018,34435.568658,0,1.99999999999996,0.0200000000000003,5.99999999999996,2,5,65,0.5
905,34439.319471,34437.76781,34438.095981,34439.319471,34440.626971,0,NaN,0,7.00000000000003,1,6,66,0.5
906,34474.846329,34473.795166,34474.209664,34474.794001,34479.757976,1,1.99999999999996,0.0200000000000003,7.00000000000003,1,6,66,0.5
907,34484.998794,34483.966631,34484.327296,34484.94646,34489.084777,1,1.99999999999996,0.0200000000000003,7.00000000000003,1,6,66,0.5
908,34490.957764,34490.07594,34490.441272,34490.905437,34499.052237,1,1.99999999999996,0.0200000000000003,7.00000000000003,1,6,66,0.5
909,34501.044057,34499.861901,34500.167727,34500.99173,34516.766667,0,1.99999999999996,0.0200000000000003,5.99999999999996,2,5,65,0.5
910,34518.717659,34517.68699,34518.047495,34518.665486,34523.563639,1,1.99999999999996,0.0200000000000003,7.00000000000003,1,6,66,0.5
911,34525.355626,34524.446464,34524.760462,34525.355626,34531.419102,1,NaN,0,5.99999999999996,2,5,65,0.5
912,34533.302262,34532.246271,34532.592597,34533.249934,34542.467558,0,1.99999999999996,0.0200000000000003,5.99999999999996,2,5,65,0.5
913,34544.630888,34543.719553,34544.037885,34544.578717,34551.876193,1,1.99999999999996,0.0200000000000003,7.00000000000003,1,6,66,0.5
914,34553.885679,34552.66885,34552.992355,34553.833352,34561.509482,0,1.99999999999996,0.0200000000000003,5.99999999999996,2,5,65,0.5
915,34566.540629,34565.706465,34566.02863,34566.488129,34571.914279,0,1.99999999999996,0.0200000000000003,5.99999999999996,2,5,65,0.5
916,34574.448436,34573.53994,34573.832266,34574.396097,34579.418749,1,1.99999999999996,0.0200000000000003,7.00000000000003,1,6,66,0.5
917,34581.460908,34580.478578,34580.826404,34581.40857,34591.85436,1,1.99999999999996,0.0200000000000003,7.00000000000003,1,6,66,0.5
918,34594.235685,34592.954189,34593.35086,34594.183357,34604.370483,0,1.99999999999996,0.0200000000000003,5.99999999999996,2,5,65,0.5
919,34606.424641,34605.516972,34605.821805,34606.372308,34616.070436,0,1.99999999999996,0.0200000000000003,5.99999999999996,2,5,65,0.5
920,34619.858088,34618.85142,34619.221923,34619.805748,34623.906571,1,1.99999999999996,0.0200000000000003,7.00000000000003,1,6,66,0.5
921,34626.438723,34625.110228,34625.460398,34626.386395,34633.030196,0,1.99999999999996,0.0200000000000003,5.99999999999996,2,5,65,0.5
922,34635.356859,34634.293696,34634.650356,34635.255693,34643.768486,1,NaN,0.00999999999999943,7.00000000000003,0,6,66,0.5
923,34645.36848,34644.307984,34644.724982,34645.366313,34654.872108,1,1.99999999999996,0.0200000000000003,7.00000000000003,1,6,66,0.5
924,34656.596269,34655.717772,34656.02327,34656.596269,34663.511913,1,NaN,0,5.99999999999996,2,5,65,0.5
925,34666.367735,34665.217234,34665.729071,34666.315562,34672.176045,1,1.99999999999996,0.0200000000000003,7.00000000000003,1,6,66,0.5
926,34674.608535,34673.089535,34673.444201,34674.507363,34680.00818,0,NaN,0.00999999999999943,5.99999999999996,0,5,65,0.5
927,34685.211487,34683.093162,34684.113492,34685.15916,34693.442288,1,1.99999999999996,0.0200000000000003,7.00000000000003,1,6,66,0.5
928,34695.279614,34694.367123,34694.672616,34695.227286,34699.446103,1,1.99999999999996,0.0200000000000003,7.00000000000003,1,6,66,0.5
929,34701.649755,34700.137594,34700.545926,34701.627255,34701.965087,0,NaN,0.00999999999999943,5.99999999999996,0,5,65,0.5
930,34716.214535,34715.326034,34715.625038,34716.162196,34721.003844,1,1.99999999999996,0.0200000000000003,7.00000000000003,1,6,66,0.5
931,34722.833676,34721.766007,34722.066839,34722.781343,34727.838316,0,1.99999999999996,0.0200000000000003,5.99999999999996,2,5,65,0.5
932,34730.563973,34729.734642,34730.008308,34730.511645,34737.103279,0,1.99999999999996,0.0200000000000003,5.99999999999996,2,5,65,0.5
933,34739.21261,34738.287947,34738.593113,34739.160271,34747.457904,1,1.99999999999996,0.0200000000000003,7.00000000000003,1,6,66,0.5
934,34749.231898,34748.376407,34748.663567,34749.17957,34752.229891,1,1.99999999999996,0.0200000000000003,7.00000000000003,1,6,66,0.5
935,34754.347883,34753.092882,34753.434381,34754.29555,NaN,0,1.99999999999996,0.0200000000000003,5.99999999999996,2,5,65,0.5
