trial,outcome,center_in,center_out,side_in,last_side_out,actions,reward,trial_types,odors,port_side,schedule,odor_name,odor_dur
1,954.879494,946.346836,947.153502,NaN,NaN,NaN,NaN,0,5.99999999999996,2,7,65,0.5
2,967.162815,966.676149,966.749482,967.162815,968.30948,1,NaN,0,5.99999999999996,2,7,65,0.5
3,975.900806,974.477474,975.31414,975.900806,983.112132,0,NaN,0,7.00000000000003,0,8,66,0.5
4,984.466131,983.628132,983.966798,984.412798,991.282124,1,2.99999999999994,0.0299999999999997,7.00000000000003,1,8,66,0.5
5,995.219454,993.926122,994.268121,995.219454,1001.70678,0,NaN,0,7.00000000000003,1,8,66,0.5
6,1022.320093,1021.157428,1021.597427,1022.26676,1031.224084,0,2.99999999999994,0.0299999999999997,5.99999999999996,2,7,65,0.5
7,1032.629416,1031.82275,1032.10875,1032.576083,1042.50274,1,2.99999999999994,0.0299999999999997,7.00000000000003,1,8,66,0.5
8,1043.607405,1042.966739,1042.995406,1043.607405,1049.757399,0,NaN,0,7.00000000000003,1,8,66,0.5
9,1055.304727,1053.004062,1054.760727,1055.304727,1071.596044,0,NaN,0,7.00000000000003,1,8,66,0.5
10,1075.48404,1074.448708,1074.504041,1075.481373,1082.702699,1,2.99999999999994,0.0299999999999997,7.00000000000003,1,8,66,0.5
11,1085.231364,1083.820698,1084.530031,1085.231364,1091.005358,0,NaN,0,7.00000000000003,1,8,66,0.5
12,1095.421353,1094.092021,1094.318688,1095.421353,1099.676682,0,NaN,0,7.00000000000003,1,8,66,0.5
13,1111.93467,1110.248672,1110.924004,1111.882004,1169.159947,0,2.99999999999994,0.0299999999999997,5.99999999999996,2,7,65,0.5
14,1170.468612,1169.655946,1169.872612,1170.468612,1201.362581,1,NaN,0,5.99999999999996,2,7,65,0.5
15,1202.807913,1201.89058,1202.289246,1202.754579,1209.235239,0,2.99999999999994,0.0299999999999997,5.99999999999996,2,7,65,0.5
16,1211.321905,1209.829906,1210.462572,1211.268571,1217.082565,1,2.99999999999994,0.0299999999999997,7.00000000000003,1,8,66,0.5
17,1231.517884,1230.494552,1230.937884,1231.517884,1307.475808,1,NaN,0,5.99999999999996,2,7,65,0.5
18,1308.74714,1307.917141,1308.236474,1308.74714,1315.2538,1,NaN,0,5.99999999999996,2,7,65,0.5
19,1316.797132,1316.017799,1316.329799,1316.743799,1327.227788,0,2.99999999999994,0.0299999999999997,5.99999999999996,2,7,65,0.5
20,1328.75112,1327.675121,1328.145787,1328.75112,1333.732448,1,NaN,0,5.99999999999996,2,7,65,0.5
21,1335.582446,1334.563114,1334.899781,1335.529113,1347.941767,0,2.99999999999994,0.0299999999999997,5.99999999999996,2,7,65,0.5
22,1349.445766,1348.5571,1348.8391,1349.445766,1356.505092,1,NaN,0,5.99999999999996,2,7,65,0.5
23,1359.800422,1358.459757,1359.024423,1359.747089,1365.68375,1,2.99999999999994,0.0299999999999997,7.00000000000003,1,8,66,0.5
24,1367.944414,1366.839082,1367.206415,1367.891081,1373.328409,0,2.99999999999994,0.0299999999999997,5.99999999999996,2,7,65,0.5
25,1375.383073,1373.955075,1374.467741,1375.380407,1383.326399,1,2.99999999999994,0.0299999999999997,7.00000000000003,1,8,66,0.5
26,1392.627056,1391.119058,1391.747057,1392.627056,1439.240343,0,NaN,0,7.00000000000003,1,8,66,0.5
27,1440.929008,1439.920342,1440.242342,1440.876341,1445.493003,0,2.99999999999994,0.0299999999999997,5.99999999999996,2,7,65,0.5
28,1446.621002,1445.903003,1446.226336,1446.621002,1453.667662,1,NaN,0,5.99999999999996,2,7,65,0.5
29,1559.21889,1550.686231,1551.262897,NaN,1566.028883,NaN,NaN,0,7.00000000000003,0,8,66,0.5
30,1604.736844,1602.801513,1603.117512,1604.734177,1613.231502,1,2.99999999999994,0.0299999999999997,7.00000000000003,1,8,66,0.5
31,1618.158831,1616.050166,1616.510832,1618.158831,1618.708163,0,NaN,0,7.00000000000003,1,8,66,0.5
32,1630.740818,1629.633486,1629.965485,1630.738151,1636.044813,1,2.99999999999994,0.0299999999999997,7.00000000000003,1,8,66,0.5
33,1638.047477,1637.030812,1637.398145,1638.047477,1645.608803,0,NaN,0,7.00000000000003,0,8,66,0.5
34,1650.072804,1648.337467,1649.394799,1650.072804,1660.832788,1,NaN,0,5.99999999999996,2,7,65,0.5
35,1663.361452,1661.378121,1662.593453,1663.361452,1663.864118,0,NaN,0,7.00000000000003,0,8,66,0.5
36,1708.70274,1700.170749,1700.646748,NaN,1812.593303,NaN,NaN,0,5.99999999999996,2,7,65,0.5
37,1818.088631,1816.947298,1817.331298,1818.088631,1822.220627,0,NaN,0,7.00000000000003,1,8,66,0.5
38,1825.57529,1824.353958,1824.676624,1825.521957,1828.73062,0,2.99999999999994,0.0299999999999997,5.99999999999996,2,7,65,0.5
39,1830.877285,1829.436619,1829.787952,1830.775285,1831.210618,1,NaN,0.00999999999999943,7.00000000000003,0,8,66,0.5
40,1842.013273,1840.857941,1841.329941,1842.010607,1848.098601,0,2.99999999999994,0.0299999999999997,5.99999999999996,2,7,65,0.5
41,1849.926599,1849.021266,1849.302599,1849.923932,1855.599926,1,2.99999999999994,0.0299999999999997,7.00000000000003,1,8,66,0.5
42,1857.611258,1856.403926,1856.601925,1857.611258,1866.772582,0,NaN,0,7.00000000000003,1,8,66,0.5
43,1869.470579,1868.683247,1869.05258,1869.470579,1877.135238,1,NaN,0,5.99999999999996,2,7,65,0.5
44,1881.094568,1880.055902,1880.513235,1881.094568,1910.589205,1,NaN,0,5.99999999999996,2,7,65,0.5
45,1912.123871,1911.175204,1911.382537,1912.070537,1918.50253,1,2.99999999999994,0.0299999999999997,7.00000000000003,1,8,66,0.5
46,1920.631195,1919.667198,1919.995862,1920.631195,1928.959853,0,NaN,0,7.00000000000003,1,8,66,0.5
47,1938.081177,1937.114512,1937.407845,1938.079844,1940.959841,0,NaN,0.00999999999999943,5.99999999999996,0,7,65,0.5
48,1945.447837,1944.613837,1945.02717,1945.447837,1953.855828,0,NaN,0,7.00000000000003,1,8,66,0.5
49,1955.309827,1954.331828,1954.719827,1955.30716,1961.349154,0,2.99999999999994,0.0299999999999997,5.99999999999996,2,7,65,0.5
50,1963.445819,1962.46582,1962.675819,1963.443152,1970.928478,1,2.99999999999994,0.0299999999999997,7.00000000000003,1,8,66,0.5
51,1983.799798,1982.744466,1983.101799,1983.746465,1993.221789,0,2.99999999999994,0.0299999999999997,5.99999999999996,2,7,65,0.5
52,1994.976454,1993.697122,1993.947788,1994.923121,2002.745113,1,2.99999999999994,0.0299999999999997,7.00000000000003,1,8,66,0.5
53,2006.884442,2005.945109,2006.204443,2006.831109,2016.599099,0,2.99999999999994,0.0299999999999997,5.99999999999996,2,7,65,0.5
54,2019.719096,2018.010431,2018.26443,2019.716429,2033.048416,1,2.99999999999994,0.0299999999999997,7.00000000000003,1,8,66,0.5
55,2035.477747,2034.218415,2034.674414,2035.477747,2040.082409,0,NaN,0,7.00000000000003,1,8,66,0.5
56,2043.308405,2041.98974,2042.457073,2043.255072,2050.780398,0,2.99999999999994,0.0299999999999997,5.99999999999996,2,7,65,0.5
57,2052.415063,2051.368397,2051.58773,2052.412396,2057.503725,1,2.99999999999994,0.0299999999999997,7.00000000000003,1,8,66,0.5
58,2059.333056,2058.211724,2058.431724,2059.331723,2059.618389,0,NaN,0.00999999999999943,5.99999999999996,0,7,65,0.5
59,2098.407684,2097.040352,2097.597018,2098.405017,2105.886343,1,2.99999999999994,0.0299999999999997,7.00000000000003,1,8,66,0.5
60,2108.244341,2107.142342,2107.570341,2108.244341,2120.264995,0,NaN,0,7.00000000000003,1,8,66,0.5
61,2121.794994,2120.821662,2121.158994,2121.794994,2154.486294,0,NaN,0,7.00000000000003,1,8,66,0.5
62,2156.557626,2155.53696,2155.869626,2156.504292,2164.504284,0,2.99999999999994,0.0299999999999997,5.99999999999996,2,7,65,0.5
63,2165.88695,2165.13295,2165.365617,2165.88695,2170.584278,1,NaN,0,5.99999999999996,2,7,65,0.5
64,2173.686275,2172.736943,2172.981609,2173.686275,2180.874935,1,NaN,0,5.99999999999996,2,7,65,0.5
65,2191.592924,2183.060266,2183.599598,NaN,2208.634241,NaN,NaN,0,5.99999999999996,2,7,65,0.5
66,2214.740901,2213.206902,2213.939568,2214.738234,2218.784897,1,2.99999999999994,0.0299999999999997,7.00000000000003,1,8,66,0.5
67,2220.315562,2219.557562,2219.880896,2220.315562,2226.290222,0,NaN,0,7.00000000000003,1,8,66,0.5
68,2229.02222,2227.616221,2228.331554,2228.968886,2238.069544,0,2.99999999999994,0.0299999999999997,5.99999999999996,2,7,65,0.5
69,2239.472876,2238.741543,2238.988876,2239.472876,2246.368869,1,NaN,0,5.99999999999996,2,7,65,0.5
70,2437.516678,2434.391348,2435.324013,NaN,2447.459335,NaN,NaN,0,5.99999999999996,2,7,65,0.5
71,2451.304664,2448.745333,2449.160666,2451.301997,2459.422656,1,2.99999999999994,0.0299999999999997,7.00000000000003,1,8,66,0.5
72,2464.639984,2463.128652,2463.758652,2464.639984,2466.151316,0,NaN,0,7.00000000000003,1,8,66,0.5
73,2473.678642,2472.675309,2473.113976,2473.678642,2483.025299,1,NaN,0,5.99999999999996,2,7,65,0.5
74,2488.119294,2486.676629,2487.344628,2488.116627,2492.29929,1,2.99999999999994,0.0299999999999997,7.00000000000003,1,8,66,0.5
75,2494.467955,2493.290622,2493.806622,2494.467955,2544.715904,0,NaN,0,7.00000000000003,1,8,66,0.5
76,2553.515895,2552.319896,2552.782563,2553.462562,2555.685227,1,2.99999999999994,0.0299999999999997,7.00000000000003,1,8,66,0.5
77,2558.213224,2556.511892,2556.917892,2558.111224,2558.446558,0,NaN,0.00999999999999943,5.99999999999996,0,7,65,0.5
78,2569.45588,2568.431214,2568.834547,2569.453213,2577.101872,0,2.99999999999994,0.0299999999999997,5.99999999999996,2,7,65,0.5
79,2579.789869,2578.49187,2578.883203,2579.787202,2585.081864,1,2.99999999999994,0.0299999999999997,7.00000000000003,1,8,66,0.5
80,2586.772529,2585.94253,2586.269196,2586.772529,2587.381861,0,NaN,0,7.00000000000003,1,8,66,0.5
81,2594.617854,2593.375189,2593.817188,2594.564521,2597.126518,1,2.99999999999994,0.0299999999999997,7.00000000000003,1,8,66,0.5
82,2600.278515,2599.135183,2599.564516,2600.275848,2607.765175,0,2.99999999999994,0.0299999999999997,5.99999999999996,2,7,65,0.5
83,2609.802506,2608.790507,2609.08184,2609.802506,2615.247833,1,NaN,0,5.99999999999996,2,7,65,0.5
84,2715.035067,2713.815068,2714.265734,2715.0324,2720.543728,1,2.99999999999994,0.0299999999999997,7.00000000000003,1,8,66,0.5
85,2722.38506,2721.476394,2721.827727,2722.38506,2726.637055,0,NaN,0,7.00000000000003,1,8,66,0.5
86,2729.579052,2728.31172,2728.799053,2729.579052,2736.849045,0,NaN,0,7.00000000000003,1,8,66,0.5
87,2742.913706,2741.660374,2742.22904,2742.913706,2748.205034,1,NaN,0,5.99999999999996,2,7,65,0.5
88,2753.813695,2752.980362,2753.193696,2753.811028,2757.723024,1,2.99999999999994,0.0299999999999997,7.00000000000003,1,8,66,0.5
89,2760.620355,2759.091023,2759.922355,2760.567688,2766.062349,0,2.99999999999994,0.0299999999999997,5.99999999999996,2,7,65,0.5
90,2767.785014,2766.830349,2767.223015,2767.785014,2776.851005,1,NaN,0,5.99999999999996,2,7,65,0.5
91,2778.600337,2777.289671,2777.988337,2778.547004,2784.411664,1,2.99999999999994,0.0299999999999997,7.00000000000003,1,8,66,0.5
92,2787.013662,2785.64033,2785.966997,2786.960995,2819.812296,0,2.99999999999994,0.0299999999999997,5.99999999999996,2,7,65,0.5
93,2849.0336,2847.728934,2848.022268,2849.0336,2854.507594,1,NaN,0,5.99999999999996,2,7,65,0.5
94,2858.558257,2856.892925,2857.411591,2858.55559,2862.384253,1,2.99999999999994,0.0299999999999997,7.00000000000003,1,8,66,0.5
95,2864.389584,2863.313585,2863.700918,2864.336918,2866.774249,0,2.99999999999994,0.0299999999999997,5.99999999999996,2,7,65,0.5
96,2868.396914,2867.523581,2867.870248,2868.396914,2890.280225,1,NaN,0,5.99999999999996,2,7,65,0.5
97,2892.121557,2890.893558,2891.402224,2892.019557,2903.066879,0,NaN,0.00999999999999943,5.99999999999996,0,7,65,0.5
98,2904.802211,2903.908211,2904.176211,2904.799544,2915.202867,0,2.99999999999994,0.0299999999999997,5.99999999999996,2,7,65,0.5
99,2918.556197,2917.184865,2917.796864,2918.55353,2928.47552,1,2.99999999999994,0.0299999999999997,7.00000000000003,1,8,66,0.5
100,2930.436852,2929.500853,2929.743519,2930.383518,2940.682841,0,2.99999999999994,0.0299999999999997,5.99999999999996,2,7,65,0.5
101,2942.876173,2941.464174,2941.713507,2942.876173,2945.63417,1,NaN,0,5.99999999999996,2,7,65,0.5
102,2962.876819,2961.579487,2962.20882,2962.874153,2973.234142,0,2.99999999999994,0.0299999999999997,5.99999999999996,2,7,65,0.5
103,2975.01814,2974.032808,2974.418141,2975.01814,2981.026134,1,NaN,0,5.99999999999996,2,7,65,0.5
104,2983.850798,2982.578799,2983.115466,2983.797465,2992.26079,1,2.99999999999994,0.0299999999999997,7.00000000000003,1,8,66,0.5
105,2996.860785,2995.56212,2996.026786,2996.858119,3004.351444,0,2.99999999999994,0.0299999999999997,5.99999999999996,2,7,65,0.5
106,3006.990775,3005.479443,3005.805443,3006.937442,3013.744768,1,2.99999999999994,0.0299999999999997,7.00000000000003,1,8,66,0.5
107,3017.066765,3016.034099,3016.438099,3017.064098,3028.59942,0,2.99999999999994,0.0299999999999997,5.99999999999996,2,7,65,0.5
108,3030.757418,3029.270086,3029.750752,3030.757418,3038.041411,1,NaN,0,5.99999999999996,2,7,65,0.5
109,3039.894742,3038.608743,3039.132076,3039.841409,3049.600732,0,2.99999999999994,0.0299999999999997,5.99999999999996,2,7,65,0.5
110,3051.814064,3050.597398,3051.074065,3051.814064,3055.397393,1,NaN,0,5.99999999999996,2,7,65,0.5
111,3075.555373,3073.777375,3074.172708,3075.552707,3088.748693,0,2.99999999999994,0.0299999999999997,5.99999999999996,2,7,65,0.5
112,3095.952686,3094.258688,3094.676687,3095.950019,3104.376678,1,2.99999999999994,0.0299999999999997,7.00000000000003,1,8,66,0.5
113,3106.189343,3105.103344,3105.431343,3106.136676,3114.102668,0,2.99999999999994,0.0299999999999997,5.99999999999996,2,7,65,0.5
114,3116.149333,3114.902,3115.342,3116.095999,3128.285987,1,2.99999999999994,0.0299999999999997,7.00000000000003,1,8,66,0.5
115,3131.023319,3129.562653,3130.059985,3130.969984,3150.975298,0,2.99999999999994,0.0299999999999997,5.99999999999996,2,7,65,0.5
116,3153.015296,3151.80263,3152.171963,3153.015296,3290.451158,1,NaN,0,5.99999999999996,2,7,65,0.5
117,3294.432488,3292.739823,3293.248489,3294.429821,3301.607147,1,2.99999999999994,0.0299999999999997,7.00000000000003,1,8,66,0.5
118,3305.036478,3303.900478,3304.349144,3305.036478,3305.59181,0,NaN,0,7.00000000000003,1,8,66,0.5
119,3316.794465,3314.649801,3315.024467,3316.794465,3327.235122,1,NaN,0,5.99999999999996,2,7,65,0.5
120,3334.391114,3332.343783,3332.720449,3334.337781,3340.476442,1,2.99999999999994,0.0299999999999997,7.00000000000003,1,8,66,0.5
121,3342.383773,3341.282441,3341.633774,3342.281773,3349.448433,0,NaN,0.00999999999999943,5.99999999999996,0,7,65,0.5
122,3351.273764,3350.211765,3350.821765,3351.273764,3351.62043,1,NaN,0,5.99999999999996,2,7,65,0.5
123,3358.105757,3356.571759,3356.863092,3358.052424,3367.862414,0,2.99999999999994,0.0299999999999997,5.99999999999996,2,7,65,0.5
124,3370.291078,3369.403746,3369.675079,3370.291078,3372.427076,1,NaN,0,5.99999999999996,2,7,65,0.5
125,3379.064403,3377.889071,3378.402404,3379.011736,3383.281732,1,2.99999999999994,0.0299999999999997,7.00000000000003,1,8,66,0.5
126,3384.941064,3384.017731,3384.299064,3384.938397,3392.005057,0,2.99999999999994,0.0299999999999997,5.99999999999996,2,7,65,0.5
127,3393.679722,3392.719723,3393.013722,3393.679722,3399.11305,1,NaN,0,5.99999999999996,2,7,65,0.5
128,3606.300842,3605.09751,3605.540843,3606.300842,3610.520838,0,NaN,0,7.00000000000003,1,8,66,0.5
129,3617.300831,3616.378832,3616.596166,3617.298165,3619.742162,0,2.99999999999994,0.0299999999999997,5.99999999999996,2,7,65,0.5
130,3625.184157,3624.034825,3624.344824,3625.18149,3627.185488,1,2.99999999999994,0.0299999999999997,7.00000000000003,1,8,66,0.5
131,3631.304151,3630.328818,3630.712818,3631.301485,3637.130145,0,2.99999999999994,0.0299999999999997,5.99999999999996,2,7,65,0.5
132,3639.359476,3638.25281,3638.67281,3639.306143,3645.26547,1,2.99999999999994,0.0299999999999997,7.00000000000003,1,8,66,0.5
133,3647.216135,3646.406802,3646.752135,3647.216135,3654.292794,0,NaN,0,7.00000000000003,1,8,66,0.5
134,3656.758792,3655.50346,3656.218793,3656.758792,3660.154122,1,NaN,0,5.99999999999996,2,7,65,0.5
135,3664.135451,3662.802119,3663.350119,3664.132785,3671.72411,1,2.99999999999994,0.0299999999999997,7.00000000000003,1,8,66,0.5
136,3673.509442,3672.52011,3673.033442,3673.509442,3677.692771,0,NaN,0,7.00000000000003,1,8,66,0.5
137,3681.206101,3679.834102,3680.754768,3681.206101,3681.872767,0,NaN,0,7.00000000000003,1,8,66,0.5
138,3690.227425,3689.184093,3689.570759,3690.224759,3697.074753,1,2.99999999999994,0.0299999999999997,7.00000000000003,1,8,66,0.5
139,3698.821417,3697.864751,3698.156751,3698.81875,3709.875406,0,2.99999999999994,0.0299999999999997,5.99999999999996,2,7,65,0.5
140,3711.663404,3710.751405,3711.068071,3711.663404,3714.640734,1,NaN,0,5.99999999999996,2,7,65,0.5
141,3720.980728,3719.748729,3720.261395,3720.978061,3728.837387,1,2.99999999999994,0.0299999999999997,7.00000000000003,1,8,66,0.5
142,3730.778051,3729.835386,3730.249385,3730.778051,3737.744711,0,NaN,0,7.00000000000003,1,8,66,0.5
143,3739.517376,3738.271377,3738.873377,3739.514709,3747.355368,1,2.99999999999994,0.0299999999999997,7.00000000000003,1,8,66,0.5
144,3749.300699,3748.340034,3748.6687,3749.300699,3907.576541,0,NaN,0,7.00000000000003,1,8,66,0.5
145,3913.219869,3911.80187,3912.097203,3913.166536,3921.073861,0,2.99999999999994,0.0299999999999997,5.99999999999996,2,7,65,0.5
146,3936.249846,3934.223848,3934.560514,3936.196513,3952.671163,1,2.99999999999994,0.0299999999999997,7.00000000000003,1,8,66,0.5
147,3955.50516,3953.244495,3953.614495,3955.451827,3969.08248,1,2.99999999999994,0.0299999999999997,7.00000000000003,1,8,66,0.5
148,3971.104478,3969.744479,3970.083812,3971.051144,3980.070469,0,2.99999999999994,0.0299999999999997,5.99999999999996,2,7,65,0.5
149,3986.331796,3985.360463,3985.684463,3986.331796,3992.541123,1,NaN,0,5.99999999999996,2,7,65,0.5
150,3996.471119,3995.49512,3995.875786,3996.417786,4002.980446,1,2.99999999999994,0.0299999999999997,7.00000000000003,1,8,66,0.5
151,4004.848444,4003.753778,4004.179778,4004.848444,4011.476437,0,NaN,0,7.00000000000003,1,8,66,0.5
152,4028.160421,4027.185755,4027.537088,4028.107087,4032.841083,1,2.99999999999994,0.0299999999999997,7.00000000000003,1,8,66,0.5
153,4034.513747,4033.559748,4033.843748,4034.513747,4041.819074,0,NaN,0,7.00000000000003,1,8,66,0.5
154,4047.469735,4046.532402,4046.873735,4047.469735,4050.877064,1,NaN,0,5.99999999999996,2,7,65,0.5
155,4054.661727,4053.869061,4054.203728,4054.661727,4261.262187,1,NaN,0,5.99999999999996,0,7,65,0.5
156,4267.098848,4265.255517,4266.112849,4267.096182,4271.67151,1,2.99999999999994,0.0299999999999997,7.00000000000003,1,8,66,0.5
157,4275.78884,4274.798841,4275.175507,4275.78884,4276.209506,0,NaN,0,7.00000000000003,1,8,66,0.5
158,4312.170803,4310.468805,4310.968804,4312.168137,4318.006131,1,2.99999999999994,0.0299999999999997,7.00000000000003,1,8,66,0.5
159,4320.640795,4319.733462,4320.153462,4320.640795,4321.194794,0,NaN,0,7.00000000000003,1,8,66,0.5
160,4328.992786,4327.838121,4328.188121,4328.991453,4332.204783,1,NaN,0.00999999999999943,7.00000000000003,0,8,66,0.5
161,4336.211446,4335.272113,4335.802113,4336.211446,4340.908108,1,NaN,0,5.99999999999996,0,7,65,0.5
162,4348.682767,4347.990101,4348.213434,4348.682767,4361.537421,1,NaN,0,5.99999999999996,0,7,65,0.5
163,4384.004731,4383.052732,4383.300732,4384.002065,4390.486058,1,2.99999999999994,0.0299999999999997,7.00000000000003,1,8,66,0.5
164,4392.420723,4391.466724,4391.766724,4392.418056,4400.918048,0,2.99999999999994,0.0299999999999997,5.99999999999996,2,7,65,0.5
165,4404.313378,4403.503379,4403.796712,4404.313378,4404.94671,1,NaN,0,5.99999999999996,2,7,65,0.5
166,4428.959353,4428.004021,4428.062021,4428.857353,4429.410686,0,NaN,0.00999999999999943,5.99999999999996,0,7,65,0.5
167,4436.126013,4435.326013,4435.522013,4436.072679,4442.05534,1,2.99999999999994,0.0299999999999997,7.00000000000003,1,8,66,0.5
168,4443.904005,4442.861339,4443.154006,4443.850672,4453.084662,0,2.99999999999994,0.0299999999999997,5.99999999999996,2,7,65,0.5
169,4454.993327,4454.184661,4454.452661,4454.993327,4457.209992,1,NaN,0,5.99999999999996,0,7,65,0.5
170,4462.08132,4461.113321,4461.500654,4462.08132,4467.865314,1,NaN,0,5.99999999999996,2,7,65,0.5
171,4469.661312,4468.584647,4469.014646,4469.612646,4475.609973,1,NaN,0.00999999999999943,7.00000000000003,0,8,66,0.5
172,4477.095972,4476.195973,4476.551972,4477.095972,4490.451292,1,NaN,0,5.99999999999996,2,7,65,0.5
173,4498.68395,4497.845951,4498.057284,4498.68395,4499.551283,1,NaN,0,5.99999999999996,2,7,65,0.5
174,4504.995944,4504.183278,4504.475944,4504.995944,4508.111274,1,NaN,0,5.99999999999996,2,7,65,0.5
175,4518.184597,4517.397265,4517.705265,4518.184597,4520.682595,1,NaN,0,5.99999999999996,2,7,65,0.5
176,4525.107258,4524.281924,4524.641924,4525.107258,4538.001244,1,NaN,0,5.99999999999996,2,7,65,0.5
177,4542.461906,4541.285241,4541.814574,4542.461906,4544.937237,1,NaN,0,5.99999999999996,2,7,65,0.5
178,4548.818567,4547.934567,4548.295234,4548.818567,4565.51055,1,NaN,0,5.99999999999996,2,7,65,0.5
179,4567.403215,4566.748549,4566.969882,4567.403215,4580.532535,1,NaN,0,5.99999999999996,0,7,65,0.5
180,4582.0912,4581.017868,4581.307202,4582.037867,4587.881194,0,2.99999999999994,0.0299999999999997,5.99999999999996,2,7,65,0.5
181,4596.995185,4596.049853,4596.328519,4596.995185,4602.285846,1,NaN,0,5.99999999999996,0,7,65,0.5
182,4615.959166,4615.4605,4615.759166,NaN,4620.228495,NaN,NaN,0,7.00000000000003,1,8,66,0.5
183,4628.78582,4627.639154,4627.979821,4628.783153,4637.291811,0,2.99999999999994,0.0299999999999997,5.99999999999996,2,7,65,0.5
184,4641.90714,4641.072474,4641.418474,4641.90714,4642.920472,1,NaN,0,5.99999999999996,0,7,65,0.5
185,4883.072232,4882.061567,4882.332233,4883.018899,4884.562898,0,2.99999999999994,0.0299999999999997,5.99999999999996,2,7,65,0.5
186,4886.691562,4885.924896,4886.153563,4886.691562,4892.550223,1,NaN,0,5.99999999999996,2,7,65,0.5
187,4900.688215,4900.024215,4900.265548,4900.688215,4901.364881,1,NaN,0,5.99999999999996,2,7,65,0.5
188,4913.878868,4912.924869,4913.216202,4913.825535,4915.917533,1,2.99999999999994,0.0299999999999997,7.00000000000003,1,8,66,0.5
189,4918.37953,4917.520865,4917.785531,4918.378197,4947.964167,0,NaN,0.00999999999999943,5.99999999999996,0,7,65,0.5
190,4951.694164,4950.760165,4951.254164,4951.694164,4952.136163,0,NaN,0,7.00000000000003,1,8,66,0.5
191,4960.145489,4958.938156,4959.316156,4960.092155,4962.757486,0,2.99999999999994,0.0299999999999997,5.99999999999996,2,7,65,0.5
192,4964.194819,4963.261485,4963.769485,4964.194819,4964.353484,1,NaN,0,5.99999999999996,2,7,65,0.5
193,4970.980144,4970.241478,4970.510812,4970.980144,4982.856133,1,NaN,0,5.99999999999996,2,7,65,0.5
194,4984.196131,4983.386132,4983.570799,4984.142798,4997.020785,0,2.99999999999994,0.0299999999999997,5.99999999999996,2,7,65,0.5
195,4999.004783,4997.876784,4998.310784,4999.002116,5009.806105,1,2.99999999999994,0.0299999999999997,7.00000000000003,1,8,66,0.5
196,5011.420771,5010.458772,5010.731438,5011.368104,5022.481426,0,2.99999999999994,0.0299999999999997,5.99999999999996,2,7,65,0.5
197,5024.839424,5023.685425,5024.079425,5024.786757,5036.773412,1,2.99999999999994,0.0299999999999997,7.00000000000003,1,8,66,0.5
198,5040.329408,5039.320076,5039.550743,5040.326742,5050.232732,0,2.99999999999994,0.0299999999999997,5.99999999999996,2,7,65,0.5
199,5052.419396,5051.323397,5051.740064,5052.366063,5061.713387,1,2.99999999999994,0.0299999999999997,7.00000000000003,1,8,66,0.5
200,5069.610046,5068.694713,5068.820047,5069.556713,5082.115367,0,2.99999999999994,0.0299999999999997,5.99999999999996,2,7,65,0.5
201,5083.932698,5082.865366,5083.236699,5083.930031,5095.997353,1,2.99999999999994,0.0299999999999997,7.00000000000003,1,8,66,0.5
202,5098.69535,5097.346018,5097.540018,5098.69535,5102.07468,1,NaN,0,5.99999999999996,2,7,65,0.5
203,5105.18801,5104.319344,5104.528011,5105.18801,5107.358008,1,NaN,0,5.99999999999996,2,7,65,0.5
204,5115.590667,5114.423334,5114.670001,5115.538,5129.893319,0,2.99999999999994,0.0299999999999997,5.99999999999996,2,7,65,0.5
205,5131.88465,5130.570652,5131.033318,5131.831317,5140.684641,1,2.99999999999994,0.0299999999999997,7.00000000000003,1,8,66,0.5
206,5142.778639,5141.947973,5142.071973,5142.778639,5174.324608,0,NaN,0,7.00000000000003,0,8,66,0.5
207,5177.507271,5176.200608,5176.717939,5177.453938,5185.35393,1,2.99999999999994,0.0299999999999997,7.00000000000003,1,8,66,0.5
208,5187.373261,5186.293262,5186.650595,5187.370595,5197.979251,0,2.99999999999994,0.0299999999999997,5.99999999999996,2,7,65,0.5
209,5200.018582,5199.086583,5199.351916,5200.018582,5206.172576,1,NaN,0,5.99999999999996,2,7,65,0.5
210,5217.541231,5216.765899,5216.975232,5217.541231,5226.231889,1,NaN,0,5.99999999999996,2,7,65,0.5
211,5227.486555,5226.239223,5226.700555,5227.485221,5248.342534,1,NaN,0.00999999999999943,7.00000000000003,0,8,66,0.5
212,5249.950532,5248.949866,5249.306533,5249.897199,5253.609195,0,2.99999999999994,0.0299999999999997,5.99999999999996,2,7,65,0.5
213,5255.58386,5254.719861,5255.053194,5255.58386,5262.107187,1,NaN,0,5.99999999999996,2,7,65,0.5
214,5267.286515,5266.377849,5266.847849,5267.286515,5271.829177,1,NaN,0,5.99999999999996,2,7,65,0.5
215,5277.023172,5275.505173,5276.183173,5276.969838,5288.886493,1,2.99999999999994,0.0299999999999997,7.00000000000003,1,8,66,0.5
216,5290.708491,5289.859825,5290.115159,5290.705825,5292.680489,0,2.99999999999994,0.0299999999999997,5.99999999999996,2,7,65,0.5
217,5295.201154,5294.109821,5294.609154,5295.201154,5306.559809,1,NaN,0,5.99999999999996,2,7,65,0.5
218,5307.991807,5307.157808,5307.496475,5307.991807,5314.384468,1,NaN,0,5.99999999999996,2,7,65,0.5
219,5316.555132,5315.3318,5315.7178,5316.552466,5318.408464,0,2.99999999999994,0.0299999999999997,5.99999999999996,2,7,65,0.5
220,5321.62846,5320.389128,5321.202462,5321.62846,5328.197121,1,NaN,0,5.99999999999996,2,7,65,0.5
221,5329.549119,5328.633787,5329.112453,5329.549119,5740.546708,1,NaN,0,5.99999999999996,2,7,65,0.5
222,5748.549367,5746.930702,5747.341368,5748.549367,5749.286033,1,NaN,0,5.99999999999996,2,7,65,0.5
223,5766.284016,5764.736017,5764.93935,5766.284016,5766.548682,1,NaN,0,5.99999999999996,2,7,65,0.5
224,5778.220671,5777.234671,5777.523338,5778.220671,5778.396004,1,NaN,0,5.99999999999996,2,7,65,0.5
225,5808.014641,5807.083975,5807.356641,5807.961307,5815.847966,0,2.99999999999994,0.0299999999999997,5.99999999999996,2,7,65,0.5
226,5817.565298,5816.603299,5816.861965,5817.565298,5821.64396,1,NaN,0,5.99999999999996,2,7,65,0.5
227,5824.213958,5823.366625,5823.737292,5824.213958,5830.183285,1,NaN,0,5.99999999999996,2,7,65,0.5
228,5834.789947,5833.535282,5834.073948,5834.789947,5837.448611,0,NaN,0,7.00000000000003,1,8,66,0.5
229,5843.489939,5842.49794,5842.953939,5843.489939,5850.289265,0,NaN,0,7.00000000000003,1,8,66,0.5
230,5854.395261,5853.526595,5853.937262,5854.395261,5857.923924,1,NaN,0,5.99999999999996,2,7,65,0.5
231,5862.302586,5860.999921,5861.566587,5862.29992,5871.94391,1,2.99999999999994,0.0299999999999997,7.00000000000003,1,8,66,0.5
232,5873.511909,5872.51791,5872.814576,5873.509242,5882.657233,0,2.99999999999994,0.0299999999999997,5.99999999999996,2,7,65,0.5
233,5885.108564,5884.211231,5884.537898,5885.108564,5890.472558,1,NaN,0,5.99999999999996,2,7,65,0.5
234,5894.152555,5892.849223,5893.387889,5894.099221,5900.603215,1,2.99999999999994,0.0299999999999997,7.00000000000003,1,8,66,0.5
235,5902.36188,5901.347881,5901.84788,5902.36188,5908.71854,0,NaN,0,7.00000000000003,1,8,66,0.5
236,5911.655204,5909.374539,5910.870538,5911.652537,5923.474525,1,2.99999999999994,0.0299999999999997,7.00000000000003,1,8,66,0.5
237,5925.718523,5924.626524,5925.08119,5925.718523,6092.773689,0,NaN,0,7.00000000000003,1,8,66,0.5
238,6094.882354,6093.791688,6094.111688,6094.879687,6111.551671,0,2.99999999999994,0.0299999999999997,5.99999999999996,2,7,65,0.5
239,6114.792334,6113.397669,6113.911001,6114.739001,6121.56766,1,2.99999999999994,0.0299999999999997,7.00000000000003,1,8,66,0.5
240,6123.374992,6122.406993,6122.758993,6123.321659,6135.62498,0,2.99999999999994,0.0299999999999997,5.99999999999996,2,7,65,0.5
241,6137.520311,6136.582979,6136.836978,6137.520311,6144.480971,1,NaN,0,5.99999999999996,2,7,65,0.5
242,6157.921624,6156.440292,6156.698959,6157.921624,6162.182287,1,NaN,0,5.99999999999996,2,7,65,0.5
243,6168.062947,6166.800282,6167.262281,6168.009614,6176.069606,1,2.99999999999994,0.0299999999999997,7.00000000000003,1,8,66,0.5
244,6178.138937,6177.120272,6177.524938,6178.085604,6181.203601,0,2.99999999999994,0.0299999999999997,5.99999999999996,2,7,65,0.5
245,6191.439591,6190.474258,6190.746925,6191.338257,6192.008923,0,NaN,0.00999999999999943,5.99999999999996,0,7,65,0.5
246,6200.283582,6199.365583,6199.665582,6200.283582,6226.430222,1,NaN,0,5.99999999999996,2,7,65,0.5
247,6227.986887,6226.912888,6227.282221,6227.986887,6233.204216,1,NaN,0,5.99999999999996,0,7,65,0.5
248,6237.962211,6237.180878,6237.507545,6237.962211,6244.488871,1,NaN,0,5.99999999999996,0,7,65,0.5
249,6246.395536,6245.06487,6245.660203,6246.342202,6254.778194,0,2.99999999999994,0.0299999999999997,5.99999999999996,2,7,65,0.5
250,6257.029525,6255.704193,6256.258859,6256.976858,6262.412853,1,2.99999999999994,0.0299999999999997,7.00000000000003,1,8,66,0.5
251,6264.622851,6263.648852,6263.936185,6264.622851,6272.718176,0,NaN,0,7.00000000000003,1,8,66,0.5
252,6281.229501,6280.272168,6280.528168,6281.176834,6291.163491,0,2.99999999999994,0.0299999999999997,5.99999999999996,2,7,65,0.5
253,6293.013489,6292.04149,6292.354823,6293.013489,6300.289482,1,NaN,0,5.99999999999996,2,7,65,0.5
254,6304.576811,6303.644812,6304.028811,6304.576811,6309.936805,1,NaN,0,5.99999999999996,2,7,65,0.5
255,6320.723461,6312.190803,6312.636136,NaN,6323.643458,NaN,NaN,0,5.99999999999996,0,7,65,0.5
256,6328.713453,6327.726788,6328.142121,6328.713453,6343.948771,1,NaN,0,5.99999999999996,2,7,65,0.5
257,6346.539436,6345.435437,6345.839436,6346.539436,6351.794764,1,NaN,0,5.99999999999996,0,7,65,0.5
258,6356.734759,6355.69876,6356.284759,6356.734759,6364.652751,1,NaN,0,5.99999999999996,0,7,65,0.5
259,6368.090747,6367.154748,6367.426748,6368.090747,6390.531392,1,NaN,0,5.99999999999996,2,7,65,0.5
260,6391.874723,6391.055391,6391.394724,6391.874723,6392.420056,1,NaN,0,5.99999999999996,0,7,65,0.5
261,6398.85005,6397.672051,6398.171384,6398.85005,6401.407381,0,NaN,0,7.00000000000003,0,8,66,0.5
262,6407.046708,6406.088709,6406.352042,6407.045375,6410.863371,0,NaN,0.00999999999999943,5.99999999999996,0,7,65,0.5
263,6420.798695,6419.790029,6420.082029,6420.796028,6425.450023,0,2.99999999999994,0.0299999999999997,5.99999999999996,2,7,65,0.5
264,6427.491355,6426.225356,6426.734022,6427.490021,6434.028015,1,NaN,0.00999999999999943,7.00000000000003,0,8,66,0.5
265,6435.803346,6434.530681,6435.15068,6435.803346,6438.917343,1,NaN,0,5.99999999999996,2,7,65,0.5
266,6445.876669,6444.99467,6445.270003,6445.876669,6449.745332,1,NaN,0,5.99999999999996,2,7,65,0.5
267,6453.161329,6452.00533,6452.515996,6453.158667,6462.500653,1,2.99999999999994,0.0299999999999997,7.00000000000003,1,8,66,0.5
268,6464.644651,6463.785318,6464.057318,6464.644651,6467.558648,0,NaN,0,7.00000000000003,1,8,66,0.5
269,6481.025301,6479.979302,6480.481302,6481.025301,6794.094322,1,NaN,0,5.99999999999996,2,7,65,0.5
270,6796.453652,6795.29832,6795.607653,6796.400319,6798.988316,0,2.99999999999994,0.0299999999999997,5.99999999999996,2,7,65,0.5
271,6805.26231,6804.218978,6804.622977,6805.26231,6809.408973,1,NaN,0,5.99999999999996,2,7,65,0.5
272,6813.903635,6813.005636,6813.270969,6813.903635,6817.416298,1,NaN,0,5.99999999999996,2,7,65,0.5
273,6844.096938,6843.167606,6843.467605,6844.094271,6854.560261,0,2.99999999999994,0.0299999999999997,5.99999999999996,2,7,65,0.5
274,6856.271592,6855.24826,6855.564927,6856.271592,6862.316253,1,NaN,0,5.99999999999996,2,7,65,0.5
275,6867.678248,6866.322249,6866.907582,6867.624914,6876.154239,1,2.99999999999994,0.0299999999999997,7.00000000000003,1,8,66,0.5
276,6878.026904,6877.077572,6877.286238,6878.024237,6890.195559,0,2.99999999999994,0.0299999999999997,5.99999999999996,2,7,65,0.5
277,6892.678223,6891.652224,6891.98689,6892.678223,6900.198882,1,NaN,0,5.99999999999996,2,7,65,0.5
278,6904.392878,6903.493545,6903.831545,6904.392878,6912.377536,1,NaN,0,5.99999999999996,2,7,65,0.5
279,6913.982868,6913.026202,6913.437535,6913.982868,6919.744196,1,NaN,0,5.99999999999996,2,7,65,0.5
280,7102.776679,7101.020681,7101.672014,7102.724013,7107.146675,1,2.99999999999994,0.0299999999999997,7.00000000000003,1,8,66,0.5
281,7117.475331,7116.379999,7116.654665,7117.421998,7137.057978,0,2.99999999999994,0.0299999999999997,5.99999999999996,2,7,65,0.5
282,7139.441976,7138.175311,7138.61531,7139.388643,7154.684627,1,2.99999999999994,0.0299999999999997,7.00000000000003,1,8,66,0.5
283,7157.497958,7156.391292,7156.654625,7157.495291,7163.221952,0,2.99999999999994,0.0299999999999997,5.99999999999996,2,7,65,0.5
284,7168.40928,7167.440615,7167.687281,7168.40928,7172.113943,1,NaN,0,5.99999999999996,2,7,65,0.5
285,7176.899272,7175.884606,7176.135273,7176.899272,7198.159917,1,NaN,0,5.99999999999996,2,7,65,0.5
286,7199.975249,7199.200583,7199.309916,7199.975249,7203.596578,1,NaN,0,5.99999999999996,2,7,65,0.5
287,7224.873891,7224.173225,7224.432558,7224.873891,7235.214547,1,NaN,0,5.99999999999996,2,7,65,0.5
288,7236.724545,7235.726546,7236.123879,7236.724545,7240.726541,1,NaN,0,5.99999999999996,2,7,65,0.5
289,7245.082537,7243.867205,7244.605871,7245.082537,7251.051198,0,NaN,0,7.00000000000003,1,8,66,0.5
290,7256.612526,7255.708526,7255.942526,7256.609859,7267.192515,0,2.99999999999994,0.0299999999999997,5.99999999999996,2,7,65,0.5
291,7271.597177,7268.170514,7269.828512,7271.597177,7274.661174,1,NaN,0,5.99999999999996,2,7,65,0.5
292,7282.761166,7281.693167,7282.0545,7282.761166,7286.909162,1,NaN,0,5.99999999999996,2,7,65,0.5
293,7291.309824,7289.319826,7290.271158,7291.307157,7301.66048,0,2.99999999999994,0.0299999999999997,5.99999999999996,2,7,65,0.5
294,7303.848478,7302.626479,7303.132479,7303.845812,7310.973804,1,2.99999999999994,0.0299999999999997,7.00000000000003,1,8,66,0.5
295,7312.767136,7311.727137,7312.169137,7312.713803,7326.231789,0,2.99999999999994,0.0299999999999997,5.99999999999996,2,7,65,0.5
296,7327.974454,7326.940455,7327.370455,7327.974454,7340.210442,1,NaN,0,5.99999999999996,2,7,65,0.5
297,7344.247771,7342.805773,7343.381772,7344.194438,7353.145762,1,2.99999999999994,0.0299999999999997,7.00000000000003,1,8,66,0.5
298,7355.02776,7354.101095,7354.245761,7355.025094,7372.597076,0,2.99999999999994,0.0299999999999997,5.99999999999996,2,7,65,0.5
299,7374.885074,7373.642408,7374.127075,7374.882407,7379.03107,1,2.99999999999994,0.0299999999999997,7.00000000000003,1,8,66,0.5
300,7381.611734,7379.975736,7380.955068,7381.611734,7580.973534,0,NaN,0,7.00000000000003,1,8,66,0.5
301,7583.077532,7581.976867,7582.2642,7583.074866,7587.251528,0,2.99999999999994,0.0299999999999997,5.99999999999996,2,7,65,0.5
302,7590.078859,7588.847527,7589.394859,7590.078859,7590.367525,1,NaN,0,5.99999999999996,2,7,65,0.5
303,7631.659484,7630.569485,7631.022818,7631.659484,7643.340805,0,NaN,0,7.00000000000003,1,8,66,0.5
304,7646.201469,7644.924137,7645.474803,7646.201469,7699.371416,1,NaN,0,5.99999999999996,2,7,65,0.5
305,7701.086748,7699.898749,7700.422748,7701.086748,7809.396639,0,NaN,0,7.00000000000003,0,8,66,0.5
306,7810.995971,7809.925972,7810.355305,7810.995971,7811.287304,0,NaN,0,7.00000000000003,0,8,66,0.5
307,7822.536626,7821.503294,7821.81996,7822.528626,7825.02529,1,NaN,0.00999999999999943,7.00000000000003,0,8,66,0.5
308,7831.627284,7830.514618,7830.925951,7831.627284,7835.676613,0,NaN,0,7.00000000000003,1,8,66,0.5
309,7840.575941,7839.473276,7839.978609,7840.573275,7846.813269,1,2.99999999999994,0.0299999999999997,7.00000000000003,1,8,66,0.5
310,7848.387934,7847.395935,7847.799935,7848.387934,7885.83523,0,NaN,0,7.00000000000003,1,8,66,0.5
311,7887.279228,7886.556562,7886.783229,7887.225895,7900.175882,0,2.99999999999994,0.0299999999999997,5.99999999999996,2,7,65,0.5
312,7914.561201,7913.487869,7913.849868,7914.507868,7923.578525,1,2.99999999999994,0.0299999999999997,7.00000000000003,1,8,66,0.5
313,7926.974522,7925.638523,7925.697856,7926.921188,7954.085828,0,2.99999999999994,0.0299999999999997,5.99999999999996,2,7,65,0.5
314,7956.256492,7954.866494,7955.309827,7956.253826,7969.265146,1,2.99999999999994,0.0299999999999997,7.00000000000003,1,8,66,0.5
315,7971.446477,7970.291145,7970.697811,7971.446477,7980.053135,0,NaN,0,7.00000000000003,1,8,66,0.5
316,7983.767132,7982.581799,7983.081132,7983.767132,7990.029125,0,NaN,0,7.00000000000003,1,8,66,0.5
317,7993.025789,7991.669124,7992.15979,7992.973122,8028.761087,0,2.99999999999994,0.0299999999999997,5.99999999999996,2,7,65,0.5
318,8034.246414,8033.080416,8033.472415,8034.193081,8043.275072,0,2.99999999999994,0.0299999999999997,5.99999999999996,2,7,65,0.5
319,8045.41707,8044.010405,8044.437738,8045.414403,8052.518396,1,2.99999999999994,0.0299999999999997,7.00000000000003,1,8,66,0.5
320,8054.507061,8053.481062,8053.878395,8054.507061,8058.021057,0,NaN,0,7.00000000000003,1,8,66,0.5
321,8063.703718,8062.393053,8062.957719,8063.703718,8069.855712,1,NaN,0,5.99999999999996,2,7,65,0.5
322,8075.91704,8075.007707,8075.333707,8075.91704,8076.717039,1,NaN,0,5.99999999999996,2,7,65,0.5
323,8084.147031,8082.949032,8083.404365,8084.147031,8087.735694,1,NaN,0,5.99999999999996,2,7,65,0.5
324,8093.677022,8092.537023,8093.008356,8093.623688,8100.973014,1,2.99999999999994,0.0299999999999997,7.00000000000003,1,8,66,0.5
325,8102.815679,8101.85168,8102.04768,8102.762346,8109.438339,0,2.99999999999994,0.0299999999999997,5.99999999999996,2,7,65,0.5
326,8111.389671,8110.450338,8110.765005,8111.389671,8113.821002,1,NaN,0,5.99999999999996,2,7,65,0.5
327,8121.040994,8119.04033,8119.726996,8121.040994,8513.248602,0,NaN,0,7.00000000000003,1,8,66,0.5
328,8517.918597,8516.429932,8516.834598,8517.918597,8523.513925,1,NaN,0,5.99999999999996,2,7,65,0.5
329,8526.969922,8525.459257,8526.079256,8526.967255,8533.584582,1,2.99999999999994,0.0299999999999997,7.00000000000003,1,8,66,0.5
330,8538.107911,8536.101913,8536.423912,8538.105244,8540.863908,0,2.99999999999994,0.0299999999999997,5.99999999999996,2,7,65,0.5
331,8543.581238,8542.213906,8542.657239,8543.527905,8546.052569,1,2.99999999999994,0.0299999999999997,7.00000000000003,1,8,66,0.5
332,8548.536567,8547.419901,8547.769901,8548.5339,8555.953893,0,2.99999999999994,0.0299999999999997,5.99999999999996,2,7,65,0.5
333,8558.27989,8556.967225,8557.388558,8558.277224,8566.707215,1,2.99999999999994,0.0299999999999997,7.00000000000003,1,8,66,0.5
334,8568.95388,8567.917214,8568.140547,8568.95388,8574.824541,0,NaN,0,7.00000000000003,1,8,66,0.5
335,8578.67987,8577.439205,8577.979871,8578.677203,8587.427861,0,2.99999999999994,0.0299999999999997,5.99999999999996,2,7,65,0.5
336,8589.889192,8588.679193,8589.081193,8589.835859,8597.777851,1,2.99999999999994,0.0299999999999997,7.00000000000003,1,8,66,0.5
337,8600.139849,8598.658517,8599.251849,8600.139849,8605.29451,0,NaN,0,7.00000000000003,1,8,66,0.5
338,8608.79984,8607.703842,8608.071174,8608.746507,8617.679831,0,2.99999999999994,0.0299999999999997,5.99999999999996,2,7,65,0.5
339,8632.673816,8631.495817,8631.81115,8632.673816,8635.613146,1,NaN,0,5.99999999999996,2,7,65,0.5
340,8641.057142,8639.785809,8640.213809,8641.054474,8646.172469,1,2.99999999999994,0.0299999999999997,7.00000000000003,1,8,66,0.5
341,8648.252467,8647.186468,8647.573801,8648.252467,8648.799133,0,NaN,0,7.00000000000003,1,8,66,0.5
342,8655.491793,8654.092461,8654.757794,8655.491793,8657.453125,1,NaN,0,5.99999999999996,2,7,65,0.5
343,8664.177118,8662.943786,8663.355119,8664.123785,8671.449777,0,2.99999999999994,0.0299999999999997,5.99999999999996,2,7,65,0.5
344,8676.285772,8675.315107,8675.609106,8676.285772,8686.869095,1,NaN,0,5.99999999999996,2,7,65,0.5
345,8689.235093,8688.38976,8688.457094,8689.232426,8693.269089,1,2.99999999999994,0.0299999999999997,7.00000000000003,1,8,66,0.5
346,8696.344419,8694.991087,8695.369087,8696.291086,8703.923078,0,2.99999999999994,0.0299999999999997,5.99999999999996,2,7,65,0.5
347,8708.155741,8706.951075,8707.366408,8708.155741,8717.327065,1,NaN,0,5.99999999999996,2,7,65,0.5
348,8720.214395,8718.68373,8719.296396,8720.161062,8731.465717,1,2.99999999999994,0.0299999999999997,7.00000000000003,1,8,66,0.5
349,8734.113048,8733.074382,8733.317715,8734.113048,9071.92071,0,NaN,0,7.00000000000003,1,8,66,0.5
350,9085.115364,9083.961365,9084.245364,9085.115364,9085.22203,1,NaN,0,5.99999999999996,2,7,65,0.5
351,9105.04601,9102.388013,9102.648679,9105.04601,9124.342658,1,NaN,0,5.99999999999996,2,7,65,0.5
352,9130.501318,9128.177321,9128.677988,9130.447985,9134.327981,1,2.99999999999994,0.0299999999999997,7.00000000000003,1,8,66,0.5
353,9140.021975,9138.59731,9139.03931,9140.021975,9140.415308,0,NaN,0,7.00000000000003,1,8,66,0.5
354,9152.397963,9151.045298,9151.57263,9152.397963,9156.483959,1,NaN,0,5.99999999999996,2,7,65,0.5
355,9167.971281,9159.438623,9159.945955,NaN,NaN,NaN,NaN,0,5.99999999999996,2,7,65,0.5
356,9181.429934,9180.359268,9180.580601,9181.429934,9181.8346,1,NaN,0,5.99999999999996,0,7,65,0.5
357,9210.978571,9209.902572,9210.210572,9210.978571,9213.857235,1,NaN,0,5.99999999999996,2,7,65,0.5
358,9220.268562,9219.025896,9219.493896,9220.215229,9235.03588,1,2.99999999999994,0.0299999999999997,7.00000000000003,1,8,66,0.5
359,9237.413211,9236.297212,9236.645212,9237.359878,9252.951196,0,2.99999999999994,0.0299999999999997,5.99999999999996,2,7,65,0.5
360,9254.703194,9253.755862,9254.095195,9254.703194,9261.92052,1,NaN,0,5.99999999999996,2,7,65,0.5
361,9264.445851,9263.257852,9263.785852,9264.445851,9265.15785,1,NaN,0,5.99999999999996,2,7,65,0.5
362,9275.496507,9274.219175,9274.746507,9275.443173,9282.5465,1,2.99999999999994,0.0299999999999997,7.00000000000003,1,8,66,0.5
363,9284.789164,9283.495832,9284.105831,9284.789164,9314.546468,0,NaN,0,7.00000000000003,1,8,66,0.5
364,9323.369125,9322.425126,9322.616459,9323.366459,9334.717114,0,2.99999999999994,0.0299999999999997,5.99999999999996,2,7,65,0.5
365,9343.120439,9341.927107,9342.249773,9343.120439,9346.343769,1,NaN,0,5.99999999999996,2,7,65,0.5
366,9351.789765,9350.408432,9350.901098,9351.787097,9360.779088,1,2.99999999999994,0.0299999999999997,7.00000000000003,1,8,66,0.5
367,9363.151752,9362.05442,9362.471753,9363.098419,9374.183075,0,2.99999999999994,0.0299999999999997,5.99999999999996,2,7,65,0.5
368,9376.702405,9375.56374,9375.950406,9376.702405,9380.409068,1,NaN,0,5.99999999999996,2,7,65,0.5
369,9390.228392,9389.204393,9389.610392,9390.228392,9395.057054,1,NaN,0,5.99999999999996,2,7,65,0.5
370,9400.989048,9399.993049,9400.375048,9400.989048,9406.429042,1,NaN,0,5.99999999999996,2,7,65,0.5
371,9408.86504,9407.145042,9407.797042,9408.862373,9417.741031,1,2.99999999999994,0.0299999999999997,7.00000000000003,1,8,66,0.5
372,9420.865694,9419.603029,9420.099029,9420.865694,9421.361027,0,NaN,0,7.00000000000003,1,8,66,0.5
373,9429.608352,9428.199021,9428.73902,9429.555019,9439.098343,0,2.99999999999994,0.0299999999999997,5.99999999999996,2,7,65,0.5
374,9449.179666,9440.647675,9441.067674,NaN,9455.178327,NaN,NaN,0,5.99999999999996,2,7,65,0.5
375,9457.270325,9456.156326,9456.518992,9457.270325,9461.510321,1,NaN,0,5.99999999999996,2,7,65,0.5
376,9490.870291,9489.692959,9490.158292,9490.816958,9504.868277,1,2.99999999999994,0.0299999999999997,7.00000000000003,1,8,66,0.5
377,9507.376941,9506.141609,9506.470276,9507.374275,9517.542931,0,2.99999999999994,0.0299999999999997,5.99999999999996,2,7,65,0.5
378,9519.964262,9518.400264,9518.750263,9519.964262,9526.439589,1,NaN,0,5.99999999999996,2,7,65,0.5
379,9586.309529,9585.34753,9585.652863,9586.309529,9589.595526,1,NaN,0,5.99999999999996,2,7,65,0.5
380,9599.251516,9598.005517,9598.553517,9599.198849,9604.049511,1,2.99999999999994,0.0299999999999997,7.00000000000003,1,8,66,0.5
381,9606.244176,9605.066177,9605.440844,9606.190843,9614.203501,0,2.99999999999994,0.0299999999999997,5.99999999999996,2,7,65,0.5
382,9617.388165,9616.156833,9616.558165,9617.388165,9622.759493,1,NaN,0,5.99999999999996,2,7,65,0.5
383,9633.284815,9624.752157,9625.146157,NaN,NaN,NaN,NaN,0,5.99999999999996,2,7,65,0.5
384,9648.476134,9646.692802,9647.085468,9648.476134,9651.456131,1,NaN,0,5.99999999999996,2,7,65,0.5
385,9677.048105,9675.85744,9676.234773,9677.048105,9679.796769,1,NaN,0,5.99999999999996,2,7,65,0.5
386,10871.001578,10868.98558,10869.406913,10870.998911,10893.091556,0,2.99999999999994,0.0299999999999997,5.99999999999996,2,7,65,0.5
387,10897.792218,10895.52222,10895.868886,10897.792218,10918.806863,1,NaN,0,5.99999999999996,2,7,65,0.5
388,10922.286193,10920.230195,10920.776195,10922.23286,10932.336183,1,2.99999999999994,0.0299999999999997,7.00000000000003,1,8,66,0.5
389,10935.20218,10933.897515,10934.423514,10935.20218,10936.740845,0,NaN,0,7.00000000000003,1,8,66,0.5
390,10966.647482,10964.618817,10965.04415,10966.594149,10981.368134,1,2.99999999999994,0.0299999999999997,7.00000000000003,1,8,66,0.5
391,10984.362131,10983.168799,10983.509465,10984.359464,10993.772788,0,2.99999999999994,0.0299999999999997,5.99999999999996,2,7,65,0.5
392,10996.548119,10995.00612,10995.481453,10996.494786,11000.281448,1,2.99999999999994,0.0299999999999997,7.00000000000003,1,8,66,0.5
393,11002.840113,11001.350781,11001.836781,11002.840113,11003.092779,0,NaN,0,7.00000000000003,1,8,66,0.5
394,11015.9641,11014.647434,11015.0141,11015.9641,11021.60676,1,NaN,0,5.99999999999996,2,7,65,0.5
395,11034.810747,11033.512749,11033.854748,11034.810747,11043.153406,1,NaN,0,5.99999999999996,2,7,65,0.5
396,11050.352065,11049.0434,11049.421399,11050.349398,11058.650723,0,2.99999999999994,0.0299999999999997,5.99999999999996,2,7,65,0.5
397,11063.920718,11062.39472,11062.992719,11063.868051,11067.700714,1,2.99999999999994,0.0299999999999997,7.00000000000003,1,8,66,0.5
398,11070.502712,11068.902713,11069.266713,11070.500045,11073.702708,0,2.99999999999994,0.0299999999999997,5.99999999999996,2,7,65,0.5
399,11080.281368,11078.902036,11079.206036,11080.228702,11102.43268,0,2.99999999999994,0.0299999999999997,5.99999999999996,2,7,65,0.5
400,11105.913343,11104.380678,11104.916677,11105.86001,11121.575327,1,2.99999999999994,0.0299999999999997,7.00000000000003,1,8,66,0.5
401,11124.459324,11123.076659,11123.599325,11124.459324,11133.200649,0,NaN,0,7.00000000000003,1,8,66,0.5
402,11137.134645,11135.79398,11136.303312,11137.134645,11139.503976,0,NaN,0,7.00000000000003,1,8,66,0.5
403,11150.030632,11148.4673,11148.938633,11149.977299,11159.310623,1,2.99999999999994,0.0299999999999997,7.00000000000003,1,8,66,0.5
404,11161.867954,11160.303955,11160.790621,11161.867954,11168.93528,0,NaN,0,7.00000000000003,1,8,66,0.5
405,11174.775941,11173.241275,11173.808608,11174.722607,11184.980597,1,2.99999999999994,0.0299999999999997,7.00000000000003,1,8,66,0.5
406,11187.978595,11186.628595,11187.109262,11187.978595,11188.774593,0,NaN,0,7.00000000000003,0,8,66,0.5
407,11195.240587,11193.591255,11194.215254,11195.18792,11211.426571,1,2.99999999999994,0.0299999999999997,7.00000000000003,1,8,66,0.5
408,11216.873232,11215.333233,11215.901233,11216.819899,11233.597882,0,2.99999999999994,0.0299999999999997,5.99999999999996,2,7,65,0.5
409,11236.175879,11234.813214,11235.228547,11236.175879,11240.981874,1,NaN,0,5.99999999999996,2,7,65,0.5
410,11246.607202,11242.807873,11243.575205,11246.607202,11252.581863,1,NaN,0,5.99999999999996,2,7,65,0.5
411,11260.335855,11258.69319,11259.072523,11260.282522,11275.613173,0,2.99999999999994,0.0299999999999997,5.99999999999996,2,7,65,0.5
412,11278.966503,11276.963172,11277.579171,11278.91317,11290.563158,1,2.99999999999994,0.0299999999999997,7.00000000000003,1,8,66,0.5
413,11294.706487,11292.14449,11292.825823,11294.706487,11295.75982,0,NaN,0,7.00000000000003,1,8,66,0.5
414,11303.133812,11301.757147,11302.171813,11303.080479,11311.987803,1,2.99999999999994,0.0299999999999997,7.00000000000003,1,8,66,0.5
415,11315.949133,11313.404469,11313.751802,11315.895799,11326.859789,0,2.99999999999994,0.0299999999999997,5.99999999999996,2,7,65,0.5
416,11330.690451,11328.921786,11329.402453,11330.690451,11338.33711,1,NaN,0,5.99999999999996,2,7,65,0.5
417,11347.554435,11346.149769,11346.569769,11347.554435,11348.378434,1,NaN,0,5.99999999999996,2,7,65,0.5
418,11411.751037,11410.016372,11410.441705,11411.697704,11421.060361,0,2.99999999999994,0.0299999999999997,5.99999999999996,2,7,65,0.5
419,11431.025684,11429.419686,11429.780352,11431.025684,11437.209012,1,NaN,0,5.99999999999996,2,7,65,0.5
420,11618.040831,11615.182834,11615.954833,11617.987497,11635.42748,1,2.99999999999994,0.0299999999999997,7.00000000000003,1,8,66,0.5
421,11639.05681,11637.649478,11638.140144,11639.05681,11640.528808,0,NaN,0,7.00000000000003,0,8,66,0.5
422,11646.482136,11645.26947,11645.544803,11646.482136,11650.922798,1,NaN,0,5.99999999999996,2,7,65,0.5
423,11683.859432,11682.293433,11682.672766,11683.859432,11688.074761,1,NaN,0,5.99999999999996,2,7,65,0.5
424,11742.881373,11741.450707,11741.77804,11742.881373,11760.325355,1,NaN,0,5.99999999999996,2,7,65,0.5
425,11762.814019,11760.925354,11761.253354,11762.760686,11767.208015,0,2.99999999999994,0.0299999999999997,5.99999999999996,2,7,65,0.5
426,11769.886012,11768.380014,11768.81868,11769.886012,11770.009345,1,NaN,0,5.99999999999996,2,7,65,0.5
427,11801.369981,11799.595316,11800.082649,11801.367314,11809.909972,1,2.99999999999994,0.0299999999999997,7.00000000000003,1,8,66,0.5
428,11812.327303,11811.176638,11811.375971,11812.27397,11822.904626,0,2.99999999999994,0.0299999999999997,5.99999999999996,2,7,65,0.5
429,11836.476612,11834.690614,11835.242613,11836.475279,11843.105939,1,NaN,0.00999999999999943,7.00000000000003,0,8,66,0.5
430,11854.506594,11851.67193,11852.143263,11854.506594,11879.131903,1,NaN,0,5.99999999999996,2,7,65,0.5
431,11883.619232,11881.6679,11882.064567,11883.619232,11925.33119,1,NaN,0,5.99999999999996,2,7,65,0.5
432,11927.757188,11926.370522,11926.794522,11927.757188,11939.18851,1,NaN,0,5.99999999999996,2,7,65,0.5
433,11943.593172,11942.148507,11942.587173,11943.593172,11977.235138,1,NaN,0,5.99999999999996,2,7,65,0.5
434,11980.255135,11978.745137,11979.18447,11980.255135,11980.915801,1,NaN,0,5.99999999999996,2,7,65,0.5
435,13017.808098,13016.478766,13016.898765,13017.754764,13021.134094,0,2.99999999999994,0.0299999999999997,5.99999999999996,2,7,65,0.5
436,13035.861413,13034.702747,13035.08608,13035.861413,14481.047301,1,NaN,0,5.99999999999996,2,7,65,0.5
437,14497.343951,14495.14262,14495.515953,14497.290618,14518.193264,0,2.99999999999994,0.0299999999999997,5.99999999999996,2,7,65,0.5
438,14528.601254,14524.229924,14524.803257,14528.601254,14544.041905,1,NaN,0,5.99999999999996,2,7,65,0.5
439,14549.1139,14547.682568,14547.773234,14549.1139,14686.307096,1,NaN,0,5.99999999999996,2,7,65,0.5
440,14691.790424,14690.281092,14690.764425,14691.688424,14694.99442,1,NaN,0.00999999999999943,7.00000000000003,0,8,66,0.5
441,15456.018993,15454.710327,15455.11966,15455.916993,15509.900939,0,NaN,0.00999999999999943,5.99999999999996,0,7,65,0.5
442,15511.96427,15510.628271,15511.180937,15511.961603,15513.788935,1,2.99999999999994,0.0299999999999997,7.00000000000003,1,8,66,0.5
443,15518.747597,15517.476931,15517.826931,15518.69493,18331.526117,0,2.99999999999994,0.0299999999999997,5.99999999999996,2,7,65,0.5
444,18345.403437,18342.126773,18342.675439,18345.403437,18349.888099,1,NaN,0,5.99999999999996,2,7,65,0.5
445,18355.560093,18352.244096,18352.692763,18355.506761,18357.746758,0,2.99999999999994,0.0299999999999997,5.99999999999996,2,7,65,0.5
446,18374.337408,18371.646077,18372.090077,18374.337408,18375.370073,1,NaN,0,5.99999999999996,2,7,65,0.5
447,18383.019399,18381.415401,18381.714734,18382.966066,18400.318715,0,2.99999999999994,0.0299999999999997,5.99999999999996,2,7,65,0.5
448,18404.743377,18403.016712,18403.548712,18404.690044,18406.943375,1,2.99999999999994,0.0299999999999997,7.00000000000003,1,8,66,0.5
449,18409.40004,18408.025374,18408.406707,18409.346706,18434.334014,0,2.99999999999994,0.0299999999999997,5.99999999999996,2,7,65,0.5
450,18441.482007,18439.979342,18440.351342,18441.482007,18441.548674,1,NaN,0,5.99999999999996,2,7,65,0.5
451,18487.842628,18485.573297,18486.487962,18487.839961,18502.354613,1,2.99999999999994,0.0299999999999997,7.00000000000003,1,8,66,0.5
452,18505.871276,18504.794611,18504.98461,18505.86861,18525.24259,0,2.99999999999994,0.0299999999999997,5.99999999999996,2,7,65,0.5
453,18531.93725,18529.553919,18530.083252,18531.93725,18551.575897,1,NaN,0,5.99999999999996,2,7,65,0.5
454,18557.690558,18556.378559,18556.737225,18557.689224,18558.133224,0,NaN,0.00999999999999943,5.99999999999996,0,7,65,0.5
455,18583.895198,18582.338534,18582.861199,18583.892531,18599.382516,1,2.99999999999994,0.0299999999999997,7.00000000000003,1,8,66,0.5
456,18602.31985,18601.077848,18601.385847,18602.31718,18617.829831,0,2.99999999999994,0.0299999999999997,5.99999999999996,2,7,65,0.5
457,18622.266493,18620.448495,18620.921161,18622.266493,20392.883389,1,NaN,0,5.99999999999996,2,7,65,0.5
458,20401.441381,20399.19405,20399.864049,20401.388047,20420.410028,1,2.99999999999994,0.0299999999999997,7.00000000000003,1,8,66,0.5
459,20427.349355,20422.885359,20423.491359,20427.349355,20427.883354,0,NaN,0,7.00000000000003,1,8,66,0.5
460,20452.988662,20450.776665,20451.389997,20452.935329,20467.436648,1,2.99999999999994,0.0299999999999997,7.00000000000003,1,8,66,0.5
461,20472.379976,20470.756645,20470.963311,20472.326643,20488.184627,0,2.99999999999994,0.0299999999999997,5.99999999999996,2,7,65,0.5
462,20493.493955,20492.181957,20492.56529,20493.493955,20499.239949,1,NaN,0,5.99999999999996,2,7,65,0.5
463,20506.127942,20504.917944,20505.27061,20506.075276,20524.397258,0,2.99999999999994,0.0299999999999997,5.99999999999996,2,7,65,0.5
464,20548.101901,20546.714569,20547.162568,20548.049234,20560.999888,1,2.99999999999994,0.0299999999999997,7.00000000000003,1,8,66,0.5
465,20563.964551,20562.829219,20563.199219,20563.964551,20571.197877,0,NaN,0,7.00000000000003,1,8,66,0.5
466,20579.850536,20577.969204,20578.261204,20579.850536,20580.427202,1,NaN,0,5.99999999999996,2,7,65,0.5
467,21006.991442,21004.062778,21004.406111,21006.988775,21013.754102,1,2.99999999999994,0.0299999999999997,7.00000000000003,1,8,66,0.5
468,21017.369431,21016.142099,21016.417432,21017.369431,21024.739424,0,NaN,0,7.00000000000003,1,8,66,0.5
469,21028.820087,21027.118088,21027.525421,21028.81742,21035.55608,1,2.99999999999994,0.0299999999999997,7.00000000000003,1,8,66,0.5
470,21042.420073,21040.490075,21040.782075,21042.36674,21052.788729,0,2.99999999999994,0.0299999999999997,5.99999999999996,2,7,65,0.5
471,21059.420056,21056.748059,21057.260058,21059.420056,21092.395356,1,NaN,0,5.99999999999996,2,7,65,0.5
472,21108.44734,21106.184009,21106.568009,21108.394007,21121.833994,1,2.99999999999994,0.0299999999999997,7.00000000000003,1,8,66,0.5
473,21124.711991,21123.454659,21123.820658,21124.658657,21141.011308,0,2.99999999999994,0.0299999999999997,5.99999999999996,2,7,65,0.5
474,21159.307289,21157.965957,21158.268624,21159.20529,21177.203272,1,NaN,0.00999999999999943,7.00000000000003,0,8,66,0.5
475,21180.382602,21178.27727,21178.95727,21180.382602,21186.527262,1,NaN,0,5.99999999999996,2,7,65,0.5
476,21201.126581,21199.230583,21199.655249,21201.126581,24810.414972,1,NaN,0,5.99999999999996,0,7,65,0.5
477,24816.649632,24813.577635,24814.231634,24816.649632,24817.146965,1,NaN,0,5.99999999999996,2,7,65,0.5
478,24826.335622,24824.190958,24824.579624,24826.322956,24826.908955,0,NaN,0.00999999999999943,5.99999999999996,0,7,65,0.5
479,24849.750266,24847.670268,24847.947601,24849.750266,24853.061596,1,NaN,0,5.99999999999996,0,7,65,0.5
480,24862.084253,24860.770255,24861.316921,24862.03092,24864.630251,1,2.99999999999994,0.0299999999999997,7.00000000000003,1,8,66,0.5
481,24866.875582,24865.674916,24866.034916,24866.872915,24871.81291,0,2.99999999999994,0.0299999999999997,5.99999999999996,2,7,65,0.5
482,24875.880906,24874.594907,24875.01024,24875.878239,24885.864229,1,2.99999999999994,0.0299999999999997,7.00000000000003,1,8,66,0.5
483,24888.536894,24887.034895,24887.571561,24888.536894,24934.785514,0,NaN,0,7.00000000000003,1,8,66,0.5
484,24939.890842,24938.498844,24938.97151,24939.890842,24951.158831,1,NaN,0,5.99999999999996,2,7,65,0.5
485,24953.022829,24951.969497,24952.218163,24952.969496,24954.788161,0,2.99999999999994,0.0299999999999997,5.99999999999996,2,7,65,0.5
486,24964.493484,24963.316152,24963.590152,24964.391484,24973.389475,0,NaN,0.00999999999999943,5.99999999999996,0,7,65,0.5
487,24991.496791,24990.037459,24990.571458,24991.443457,25001.871447,1,2.99999999999994,0.0299999999999997,7.00000000000003,1,8,66,0.5
488,25004.208111,25002.944779,25003.326112,25004.208111,25004.701444,0,NaN,0,7.00000000000003,1,8,66,0.5
489,25013.223435,25012.18277,25012.651436,25013.223435,25013.272102,0,NaN,0,7.00000000000003,1,8,66,0.5
490,25035.723413,25033.380749,25033.722748,25035.723413,25126.880655,1,NaN,0,5.99999999999996,2,7,65,0.5
491,25134.92598,25133.769315,25134.103315,25134.92598,25135.064647,1,NaN,0,5.99999999999996,2,7,65,0.5
492,25200.601248,25199.136583,25199.589916,25200.547915,25234.089215,0,2.99999999999994,0.0299999999999997,5.99999999999996,2,7,65,0.5
493,25238.262544,25236.931878,25237.219211,25238.262544,25239.440543,1,NaN,0,5.99999999999996,2,7,65,0.5
494,25264.264518,25262.68652,25263.159186,25264.264518,25298.91515,0,NaN,0,7.00000000000003,0,8,66,0.5
495,25305.447143,25304.187811,25304.572477,25305.39381,25319.108463,1,2.99999999999994,0.0299999999999997,7.00000000000003,1,8,66,0.5
496,25324.283791,25323.240459,25323.525792,25324.230458,25342.681106,0,2.99999999999994,0.0299999999999997,5.99999999999996,2,7,65,0.5
497,25358.22509,25356.650425,25357.055759,25358.22509,25383.169732,1,NaN,0,5.99999999999996,2,7,65,0.5
498,25385.024397,25384.123731,25384.250398,25385.02173,25391.89239,0,2.99999999999994,0.0299999999999997,5.99999999999996,2,7,65,0.5
499,25396.836385,25395.854386,25396.199053,25396.836385,25919.271196,1,NaN,0,5.99999999999996,2,7,65,0.5
500,25921.78386,25920.584528,25920.851195,25921.781194,25929.935852,0,2.99999999999994,0.0299999999999997,5.99999999999996,2,7,65,0.5
501,25936.475846,25934.405181,25934.97518,25936.475846,25949.893832,1,NaN,0,5.99999999999996,2,7,65,0.5
502,25951.848497,25950.725165,25951.107164,25951.848497,25965.809816,0,NaN,0,7.00000000000003,1,8,66,0.5
503,25970.329145,25969.429146,25969.669812,25970.275812,25987.265795,0,2.99999999999994,0.0299999999999997,5.99999999999996,2,7,65,0.5
504,25990.284458,25988.022461,25988.571793,25990.231125,25998.86845,1,2.99999999999994,0.0299999999999997,7.00000000000003,1,8,66,0.5
505,26002.833779,26001.622447,26002.02978,26002.833779,26019.467763,0,NaN,0,7.00000000000003,1,8,66,0.5
506,26020.953761,26019.927095,26020.203098,26020.951094,26037.401745,0,2.99999999999994,0.0299999999999997,5.99999999999996,2,7,65,0.5
507,26042.612406,26040.880408,26041.193741,26042.612406,26054.090395,1,NaN,0,5.99999999999996,2,7,65,0.5
508,26057.599724,26056.203726,26056.725725,26057.547058,26070.969711,1,2.99999999999994,0.0299999999999997,7.00000000000003,1,8,66,0.5
509,26074.171041,26072.45371,26072.861043,26074.171041,26080.941701,0,NaN,0,7.00000000000003,1,8,66,0.5
510,26084.258364,26082.142367,26082.699699,26084.205031,26094.969687,0,2.99999999999994,0.0299999999999997,5.99999999999996,2,7,65,0.5
511,26097.656351,26096.216353,26096.625685,26097.655018,26103.332345,1,NaN,0.00999999999999943,7.00000000000003,0,8,66,0.5
512,26112.482336,26111.293004,26111.657004,26112.429003,26122.846326,1,2.99999999999994,0.0299999999999997,7.00000000000003,1,8,66,0.5
513,26132.632983,26130.815651,26131.334318,26132.630316,26148.813633,1,2.99999999999994,0.0299999999999997,7.00000000000003,1,8,66,0.5
514,26151.431631,26150.008965,26150.116965,26151.428964,26170.022279,0,2.99999999999994,0.0299999999999997,5.99999999999996,2,7,65,0.5
515,26174.89094,26173.230275,26173.652275,26174.888274,26185.178264,1,2.99999999999994,0.0299999999999997,7.00000000000003,1,8,66,0.5
516,26187.937595,26186.585595,26186.908928,26187.934927,26211.051571,0,2.99999999999994,0.0299999999999997,5.99999999999996,2,7,65,0.5
517,26217.138233,26215.5529,26215.732233,26217.084898,26233.985548,1,2.99999999999994,0.0299999999999997,7.00000000000003,1,8,66,0.5
518,26238.920876,26237.654211,26237.966211,26238.86821,26269.005513,0,2.99999999999994,0.0299999999999997,5.99999999999996,2,7,65,0.5
519,26279.205503,26276.969505,26277.376838,26279.205503,26286.448162,1,NaN,0,5.99999999999996,2,7,65,0.5
520,26291.506157,26289.640159,26290.084159,26291.506157,26295.587486,1,NaN,0,5.99999999999996,2,7,65,0.5
521,26304.573477,26302.892813,26303.350145,26304.570811,26315.550133,1,2.99999999999994,0.0299999999999997,7.00000000000003,1,8,66,0.5
522,26318.537464,26317.291465,26317.630131,26318.48413,26336.518779,0,2.99999999999994,0.0299999999999997,5.99999999999996,2,7,65,0.5
523,26343.592105,26341.730107,26342.30944,26343.538772,26354.082095,1,2.99999999999994,0.0299999999999997,7.00000000000003,1,8,66,0.5
524,26356.974092,26355.794093,26356.057426,26356.920758,26374.026741,0,2.99999999999994,0.0299999999999997,5.99999999999996,2,7,65,0.5
525,26377.489405,26375.154073,26375.566073,26377.486738,26389.728726,1,2.99999999999994,0.0299999999999997,7.00000000000003,1,8,66,0.5
526,26393.410722,26392.028723,26392.37539,26393.358055,26404.986044,0,2.99999999999994,0.0299999999999997,5.99999999999996,2,7,65,0.5
527,26409.736039,26408.515374,26408.87404,26409.736039,26415.931366,1,NaN,0,5.99999999999996,2,7,65,0.5
528,26433.330682,26430.984684,26431.482017,26433.277349,26441.512007,1,2.99999999999994,0.0299999999999997,7.00000000000003,1,8,66,0.5
529,26444.094671,26442.910006,26443.232672,26444.092005,26451.248664,0,2.99999999999994,0.0299999999999997,5.99999999999996,2,7,65,0.5
530,26458.47799,26457.277991,26457.541991,26458.475324,26475.007974,0,2.99999999999994,0.0299999999999997,5.99999999999996,2,7,65,0.5
531,26479.659302,26477.981971,26478.407304,26479.659302,26483.921965,1,NaN,0,5.99999999999996,2,7,65,0.5
532,26494.905954,26493.513955,26493.971955,26494.852621,26505.47061,1,2.99999999999994,0.0299999999999997,7.00000000000003,1,8,66,0.5
533,26507.731274,26506.526609,26506.833942,26507.677941,26525.067257,0,2.99999999999994,0.0299999999999997,5.99999999999996,2,7,65,0.5
534,26528.871253,26527.371921,26527.879254,26528.818587,26536.855912,1,2.99999999999994,0.0299999999999997,7.00000000000003,1,8,66,0.5
535,26539.329909,26538.010577,26538.310577,26539.329909,26550.016565,1,NaN,0,5.99999999999996,2,7,65,0.5
536,26551.88523,26550.529232,26551.027231,26551.831897,26562.918552,1,2.99999999999994,0.0299999999999997,7.00000000000003,1,8,66,0.5
537,26565.46655,26564.273885,26564.550551,26565.413217,26574.178541,0,2.99999999999994,0.0299999999999997,5.99999999999996,2,7,65,0.5
538,26580.585201,26579.279203,26579.325869,26580.582535,26587.415861,1,2.99999999999994,0.0299999999999997,7.00000000000003,1,8,66,0.5
539,26589.47986,26588.345194,26588.646527,26589.477193,26604.95251,0,2.99999999999994,0.0299999999999997,5.99999999999996,2,7,65,0.5
540,26614.971167,26612.357836,26612.755169,26614.971167,26620.791828,1,NaN,0,5.99999999999996,2,7,65,0.5
541,26633.761148,26630.473152,26631.465151,26633.761148,26634.111815,1,NaN,0,5.99999999999996,0,7,65,0.5
542,26651.592464,26650.500465,26650.617798,26651.539131,26660.730455,0,2.99999999999994,0.0299999999999997,5.99999999999996,2,7,65,0.5
543,26664.795784,26662.891786,26663.303119,26664.742451,26673.581775,0,2.99999999999994,0.0299999999999997,5.99999999999996,2,7,65,0.5
544,26676.603772,26674.794441,26675.377107,26676.603772,26676.966438,1,NaN,0,5.99999999999996,0,7,65,0.5
545,26683.450432,26682.317766,26682.583099,26683.348432,26683.839098,0,NaN,0.00999999999999943,5.99999999999996,0,7,65,0.5
546,26721.486394,26720.214395,26720.697728,26721.486394,26721.716394,0,NaN,0,7.00000000000003,1,8,66,0.5
547,26729.370386,26727.942388,26728.48172,26729.367719,26737.443045,0,2.99999999999994,0.0299999999999997,5.99999999999996,2,7,65,0.5
548,26740.557041,26739.315043,26739.766376,26740.554375,26749.409699,1,2.99999999999994,0.0299999999999997,7.00000000000003,1,8,66,0.5
549,26752.175697,26751.099031,26751.375031,26752.073697,26752.38703,0,NaN,0.00999999999999943,5.99999999999996,0,7,65,0.5
550,26766.413682,26764.823684,26765.621683,26766.413682,26787.693661,1,NaN,0,5.99999999999996,2,7,65,0.5
551,26789.449659,26788.20766,26788.698327,26789.449659,26795.064987,0,NaN,0,7.00000000000003,1,8,66,0.5
552,26803.500312,26802.485646,26802.764979,26803.446979,26810.818305,0,2.99999999999994,0.0299999999999997,5.99999999999996,2,7,65,0.5
553,26815.072967,26813.791635,26814.109635,26815.019634,26819.407629,0,2.99999999999994,0.0299999999999997,5.99999999999996,2,7,65,0.5
554,26823.200292,26820.558295,26821.078294,26823.146959,26834.96628,0,2.99999999999994,0.0299999999999997,5.99999999999996,2,7,65,0.5
555,26837.612944,26836.162279,26836.621612,26837.610278,26844.889604,1,2.99999999999994,0.0299999999999997,7.00000000000003,1,8,66,0.5
556,26848.602933,26847.409601,26847.867601,26848.602933,26856.190926,0,NaN,0,7.00000000000003,1,8,66,0.5
557,26860.632921,26859.581589,26859.924922,26860.632921,26865.789583,1,NaN,0,5.99999999999996,2,7,65,0.5
558,26871.269577,26870.214245,26870.490912,26871.216244,26886.198229,0,2.99999999999994,0.0299999999999997,5.99999999999996,2,7,65,0.5
559,26888.254894,26887.146895,26887.549561,26888.20156,26903.631545,1,2.99999999999994,0.0299999999999997,7.00000000000003,1,8,66,0.5
560,26905.788876,26904.771544,26905.018211,26905.735543,26920.270862,0,2.99999999999994,0.0299999999999997,5.99999999999996,2,7,65,0.5
561,26922.961526,26921.602194,26922.091527,26922.908859,26931.804184,1,2.99999999999994,0.0299999999999997,7.00000000000003,1,8,66,0.5
562,26935.929513,26934.947514,26935.115514,26935.876179,26948.3275,0,2.99999999999994,0.0299999999999997,5.99999999999996,2,7,65,0.5
563,26952.690829,26951.040164,26951.492831,26952.689496,27008.077441,1,NaN,0.00999999999999943,7.00000000000003,0,8,66,0.5
564,27009.836772,27008.732107,27009.04144,27009.834106,27023.282092,0,2.99999999999994,0.0299999999999997,5.99999999999996,2,7,65,0.5
565,27028.942086,27027.267421,27027.726754,27028.88942,27036.670745,1,2.99999999999994,0.0299999999999997,7.00000000000003,1,8,66,0.5
566,27039.279409,27037.974744,27038.432077,27039.279409,27137.200645,0,NaN,0,7.00000000000003,1,8,66,0.5
567,27140.164642,27138.728643,27139.23331,27140.111309,27145.17797,1,2.99999999999994,0.0299999999999997,7.00000000000003,1,8,66,0.5
568,27147.335968,27146.265969,27146.587302,27147.333301,27158.628623,0,2.99999999999994,0.0299999999999997,5.99999999999996,2,7,65,0.5
569,27161.915287,27160.405955,27160.993955,27161.91262,27168.435947,1,2.99999999999994,0.0299999999999997,7.00000000000003,1,8,66,0.5
570,27171.440611,27170.076612,27170.583945,27171.440611,27172.329276,0,NaN,0,7.00000000000003,1,8,66,0.5
571,27184.051265,27183.048599,27183.285265,27183.997931,27188.41126,0,2.99999999999994,0.0299999999999997,5.99999999999996,2,7,65,0.5
572,27192.717256,27190.794591,27191.138591,27192.664589,27201.219914,0,2.99999999999994,0.0299999999999997,5.99999999999996,2,7,65,0.5
573,27210.203239,27205.48591,27205.830576,27210.203239,27210.437905,1,NaN,0,5.99999999999996,0,7,65,0.5
574,27228.586554,27227.653221,27227.901887,27228.586554,27792.469323,0,NaN,0,7.00000000000003,1,8,66,0.5
575,27796.631319,27795.128654,27795.467987,27796.577985,27799.606649,1,2.99999999999994,0.0299999999999997,7.00000000000003,1,8,66,0.5
576,27803.190646,27801.343314,27801.515314,27803.088646,27833.068616,0,NaN,0.00999999999999943,5.99999999999996,0,7,65,0.5
577,27858.15459,27857.114592,27857.340591,27858.15459,27930.677851,0,NaN,0,7.00000000000003,1,8,66,0.5
578,27939.479843,27937.875844,27938.190511,27939.479843,27939.767176,0,NaN,0,7.00000000000003,1,8,66,0.5
579,27956.463159,27955.496493,27955.767826,27956.463159,27958.98849,0,NaN,0,7.00000000000003,1,8,66,0.5
580,27970.493812,27969.363813,27969.694479,27970.441145,27977.899137,1,2.99999999999994,0.0299999999999997,7.00000000000003,1,8,66,0.5
581,27979.863135,27978.799803,27979.105136,27979.863135,27987.377128,0,NaN,0,7.00000000000003,1,8,66,0.5
582,27992.10179,27990.555125,27990.898458,27992.048457,27993.831788,0,2.99999999999994,0.0299999999999997,5.99999999999996,2,7,65,0.5
583,28001.176447,27996.070453,27996.382452,28001.176447,28010.002439,1,NaN,0,5.99999999999996,2,7,65,0.5
584,28018.070431,28016.893765,28017.257765,28018.017097,28021.066428,1,2.99999999999994,0.0299999999999997,7.00000000000003,1,8,66,0.5
585,28023.381759,28022.373093,28022.61176,28023.328425,28045.615736,0,2.99999999999994,0.0299999999999997,5.99999999999996,2,7,65,0.5
586,28047.995734,28046.672402,28047.038402,28047.993067,28060.109055,1,2.99999999999994,0.0299999999999997,7.00000000000003,1,8,66,0.5
587,28062.985052,28061.69772,28062.241724,28062.985052,28149.948299,0,NaN,0,7.00000000000003,1,8,66,0.5
588,28151.446964,28150.384298,28150.665631,28151.393631,28157.199625,0,2.99999999999994,0.0299999999999997,5.99999999999996,2,7,65,0.5
589,28161.082954,28159.858956,28160.248288,28161.029621,28168.802947,1,2.99999999999994,0.0299999999999997,7.00000000000003,1,8,66,0.5
590,28170.597611,28169.764946,28169.990279,28170.597611,28183.835598,0,NaN,0,7.00000000000003,1,8,66,0.5
591,28185.496263,28184.632264,28184.941597,28185.496263,28186.365596,1,NaN,0,5.99999999999996,2,7,65,0.5
592,28199.232249,28197.898917,28198.232917,28199.230916,28222.20356,1,NaN,0.00999999999999943,7.00000000000003,0,8,66,0.5
593,28223.784225,28222.696226,28222.944226,28223.730892,28238.813543,0,2.99999999999994,0.0299999999999997,5.99999999999996,2,7,65,0.5
594,28240.821541,28239.523542,28239.824876,28240.821541,28245.500203,1,NaN,0,5.99999999999996,2,7,65,0.5
595,28250.513531,28248.632867,28248.962866,28250.460198,28259.594856,0,2.99999999999994,0.0299999999999997,5.99999999999996,2,7,65,0.5
596,28269.027513,28260.495522,28260.817521,NaN,28274.859507,NaN,NaN,0,5.99999999999996,2,7,65,0.5
597,28279.801502,28278.265504,28278.668837,28279.748169,28291.712824,1,2.99999999999994,0.0299999999999997,7.00000000000003,1,8,66,0.5
598,28293.747488,28292.670156,28292.928822,28293.747488,28297.590151,0,NaN,0,7.00000000000003,0,8,66,0.5
599,28307.550141,28305.872143,28306.241476,28307.550141,28313.426135,1,NaN,0,5.99999999999996,2,7,65,0.5
600,28324.692791,28323.482125,28323.882791,28324.691457,28328.89012,1,NaN,0.00999999999999943,7.00000000000003,0,8,66,0.5
601,28335.26878,28334.220781,28334.485448,28335.215447,28347.180102,0,2.99999999999994,0.0299999999999997,5.99999999999996,2,7,65,0.5
602,28350.567431,28348.506767,28348.959433,28350.567431,28351.271431,1,NaN,0,5.99999999999996,2,7,65,0.5
603,28367.562081,28366.281416,28366.631415,28367.508748,28378.063404,1,2.99999999999994,0.0299999999999997,7.00000000000003,1,8,66,0.5
604,28380.303402,28379.19407,28379.440736,28380.250069,28388.445394,0,2.99999999999994,0.0299999999999997,5.99999999999996,2,7,65,0.5
605,28398.110051,28389.577392,28389.927392,NaN,28400.697381,NaN,NaN,0,5.99999999999996,2,7,65,0.5
606,28405.659376,28404.176711,28404.482711,28405.659376,28408.702707,1,NaN,0,5.99999999999996,2,7,65,0.5
607,28414.060701,28412.946036,28413.001369,28414.007368,28428.637354,0,2.99999999999994,0.0299999999999997,5.99999999999996,2,7,65,0.5
608,28431.175351,28429.739352,28430.148019,28431.172685,28440.201342,1,2.99999999999994,0.0299999999999997,7.00000000000003,1,8,66,0.5
609,28442.21934,28441.125341,28441.374674,28442.216673,28459.06999,0,2.99999999999994,0.0299999999999997,5.99999999999996,2,7,65,0.5
610,28461.855987,28460.156655,28460.587321,28461.802654,28475.473973,0,2.99999999999994,0.0299999999999997,5.99999999999996,2,7,65,0.5
611,28481.058634,28479.795302,28480.127969,28481.058634,28487.127295,1,NaN,0,5.99999999999996,2,7,65,0.5
612,28498.139951,28496.731285,28497.052619,28498.139951,28564.523884,1,NaN,0,5.99999999999996,2,7,65,0.5
613,28575.56654,28567.033882,28567.383215,NaN,NaN,NaN,NaN,0,5.99999999999996,2,7,65,0.5
614,29087.213362,29084.922697,29085.39803,29087.212028,29092.013357,1,NaN,0.00999999999999943,7.00000000000003,0,8,66,0.5
615,29100.986014,29100.012682,29100.226015,29100.986014,29120.455328,0,NaN,0,7.00000000000003,1,8,66,0.5
616,29123.638658,29121.65066,29122.30666,29123.638658,29123.973991,1,NaN,0,5.99999999999996,2,7,65,0.5
617,29139.09931,29137.676644,29137.960644,29139.045976,29142.770639,0,2.99999999999994,0.0299999999999997,5.99999999999996,2,7,65,0.5
618,29146.985302,29144.943304,29145.373303,29146.983968,29147.405301,0,NaN,0.00999999999999943,5.99999999999996,0,7,65,0.5
619,29185.16593,29183.785932,29184.256598,29185.163264,29190.610591,1,2.99999999999994,0.0299999999999997,7.00000000000003,1,8,66,0.5
620,29193.863255,29192.880589,29193.127922,29193.809922,29209.936572,0,2.99999999999994,0.0299999999999997,5.99999999999996,2,7,65,0.5
621,29213.311902,29211.751904,29212.111903,29213.310569,29218.82123,0,NaN,0.00999999999999943,5.99999999999996,0,7,65,0.5
622,29220.769228,29219.376563,29219.744562,29220.715895,29231.821217,0,2.99999999999994,0.0299999999999997,5.99999999999996,2,7,65,0.5
623,29237.437878,29236.257212,29236.584545,29237.384545,29252.680529,0,2.99999999999994,0.0299999999999997,5.99999999999996,2,7,65,0.5
624,29255.068528,29253.455862,29253.927861,29255.015195,29270.011845,1,2.99999999999994,0.0299999999999997,7.00000000000003,1,8,66,0.5
625,29272.969843,29271.713844,29271.879177,29272.968509,29280.991834,0,NaN,0.00999999999999943,5.99999999999996,0,7,65,0.5
626,29284.129165,29281.985167,29282.557166,29284.129165,29297.423818,1,NaN,0,5.99999999999996,2,7,65,0.5
627,29299.763149,29298.185151,29298.66915,29299.709816,29308.90114,1,2.99999999999994,0.0299999999999997,7.00000000000003,1,8,66,0.5
628,29311.959803,29310.688471,29311.037804,29311.857804,29312.26047,0,NaN,0.00999999999999943,5.99999999999996,0,7,65,0.5
629,29330.004452,29328.574453,29328.972453,29330.004452,29330.392452,1,NaN,0,5.99999999999996,2,7,65,0.5
630,29354.585094,29353.206429,29353.556429,29354.531761,29362.357753,1,2.99999999999994,0.0299999999999997,7.00000000000003,1,8,66,0.5
631,29364.908417,29363.683085,29364.018418,29364.90575,29374.448408,0,2.99999999999994,0.0299999999999997,5.99999999999996,2,7,65,0.5
632,29377.763738,29376.452406,29376.897738,29377.711071,29389.273059,1,2.99999999999994,0.0299999999999997,7.00000000000003,1,8,66,0.5
633,29395.087054,29393.875055,29394.311054,29395.03372,29400.374382,0,2.99999999999994,0.0299999999999997,5.99999999999996,2,7,65,0.5
634,29403.072379,29401.433714,29401.81238,29403.069712,29415.075034,1,2.99999999999994,0.0299999999999997,7.00000000000003,1,8,66,0.5
635,29417.751698,29416.449032,29416.880365,29417.751698,29421.853027,0,NaN,0,7.00000000000003,1,8,66,0.5
636,29431.635684,29429.831686,29430.230352,29431.635684,29439.09501,1,NaN,0,5.99999999999996,2,7,65,0.5
637,29444.182338,29441.093674,29441.583674,29444.129005,29461.632321,1,2.99999999999994,0.0299999999999997,7.00000000000003,1,8,66,0.5
638,29464.397651,29462.800319,29463.028986,29464.34432,29480.330968,0,2.99999999999994,0.0299999999999997,5.99999999999996,2,7,65,0.5
639,29483.110299,29481.728967,29482.1263,29483.107632,29490.706291,1,2.99999999999994,0.0299999999999997,7.00000000000003,1,8,66,0.5
640,29493.663622,29492.435623,29492.779623,29493.662288,29494.388954,0,NaN,0.00999999999999943,5.99999999999996,0,7,65,0.5
641,29511.338937,29509.740939,29509.997605,29511.338937,29534.591581,1,NaN,0,5.99999999999996,2,7,65,0.5
642,29537.380245,29535.911579,29536.352912,29537.326911,29555.378893,0,2.99999999999994,0.0299999999999997,5.99999999999996,2,7,65,0.5
643,29558.35289,29556.367559,29556.787559,29558.299557,29570.778211,1,2.99999999999994,0.0299999999999997,7.00000000000003,1,8,66,0.5
644,29574.810207,29573.476209,29573.722875,29574.807541,29588.26886,0,2.99999999999994,0.0299999999999997,5.99999999999996,2,7,65,0.5
645,29591.091524,29589.29086,29589.786859,29591.038191,29603.528179,0,2.99999999999994,0.0299999999999997,5.99999999999996,2,7,65,0.5
646,29606.358842,29604.824177,29605.29951,29606.356176,29619.611496,1,2.99999999999994,0.0299999999999997,7.00000000000003,1,8,66,0.5
647,29622.985492,29621.014829,29621.235494,29622.932159,29640.392142,0,2.99999999999994,0.0299999999999997,5.99999999999996,2,7,65,0.5
648,29643.736138,29641.799474,29642.27614,29643.733472,29658.832123,0,2.99999999999994,0.0299999999999997,5.99999999999996,2,7,65,0.5
649,29661.296787,29659.818789,29660.163455,29661.295454,29663.131452,0,NaN,0.00999999999999943,5.99999999999996,0,7,65,0.5
650,29673.707442,29672.27211,29672.358776,29673.706108,29675.138774,1,NaN,0.00999999999999943,7.00000000000003,0,8,66,0.5
651,29683.184099,29681.324767,29681.778767,29683.181432,29696.267419,0,2.99999999999994,0.0299999999999997,5.99999999999996,2,7,65,0.5
652,29698.712083,29697.344085,29697.789418,29698.65875,29711.623404,0,2.99999999999994,0.0299999999999997,5.99999999999996,2,7,65,0.5
653,29720.388062,29719.174063,29719.550062,29720.388062,29721.072728,1,NaN,0,5.99999999999996,2,7,65,0.5
654,29738.826045,29737.478045,29737.692044,29738.823377,29752.482696,0,2.99999999999994,0.0299999999999997,5.99999999999996,2,7,65,0.5
655,29755.65336,29754.202694,29754.722027,29755.650693,29764.785351,1,2.99999999999994,0.0299999999999997,7.00000000000003,1,8,66,0.5
656,29767.035348,29765.937349,29766.116016,29767.032682,29779.688002,0,2.99999999999994,0.0299999999999997,5.99999999999996,2,7,65,0.5
657,29782.566666,29781.076001,29781.470001,29782.513333,29793.298655,0,2.99999999999994,0.0299999999999997,5.99999999999996,2,7,65,0.5
658,29795.803986,29794.515321,29794.887987,29795.750653,29804.867977,0,2.99999999999994,0.0299999999999997,5.99999999999996,2,7,65,0.5
659,29808.633307,29807.161308,29807.651974,29808.579973,29818.295964,1,2.99999999999994,0.0299999999999997,7.00000000000003,1,8,66,0.5
660,29820.569295,29819.481963,29819.666629,29820.515962,29830.468618,0,2.99999999999994,0.0299999999999997,5.99999999999996,2,7,65,0.5
661,29832.907949,29831.63995,29832.042617,29832.907949,29839.405276,0,NaN,0,7.00000000000003,1,8,66,0.5
662,29846.567269,29844.587937,29845.164604,29846.567269,29852.14993,0,NaN,0,7.00000000000003,1,8,66,0.5
663,29861.091254,29858.917256,29859.493923,29861.037921,29871.219911,1,2.99999999999994,0.0299999999999997,7.00000000000003,1,8,66,0.5
664,29873.812575,29872.705909,29872.945242,29873.812575,29874.507241,0,NaN,0,7.00000000000003,1,8,66,0.5
665,29884.195898,29882.3279,29882.691233,29884.194565,30426.238022,0,NaN,0.00999999999999943,5.99999999999996,0,7,65,0.5
666,30435.48268,30426.950022,30427.296021,NaN,NaN,NaN,NaN,0,7.00000000000003,1,8,66,0.5
667,30449.511333,30448.256,30448.672,30449.511333,30450.221998,0,NaN,0,7.00000000000003,1,8,66,0.5
668,30460.945988,30459.533989,30459.919989,30460.943321,30465.699983,1,2.99999999999994,0.0299999999999997,7.00000000000003,1,8,66,0.5
669,30468.101314,30467.227981,30467.528648,30468.101314,30506.845275,0,NaN,0,7.00000000000003,1,8,66,0.5
670,30508.744607,30507.565941,30507.861941,30508.691273,30517.038598,0,2.99999999999994,0.0299999999999997,5.99999999999996,2,7,65,0.5
671,30519.134596,30517.995931,30518.365264,30519.081263,30529.009253,1,2.99999999999994,0.0299999999999997,7.00000000000003,1,8,66,0.5
672,30531.093918,30530.058585,30530.350585,30531.093918,30531.412584,0,NaN,0,7.00000000000003,1,8,66,0.5
673,30542.432573,30541.214574,30541.482574,30542.37924,30553.882562,0,2.99999999999994,0.0299999999999997,5.99999999999996,2,7,65,0.5
674,30556.421226,30554.771894,30555.155894,30556.367892,30565.21855,1,2.99999999999994,0.0299999999999997,7.00000000000003,1,8,66,0.5
675,30567.619881,30566.580549,30566.953215,30567.566548,30577.640538,0,2.99999999999994,0.0299999999999997,5.99999999999996,2,7,65,0.5
676,30580.205202,30578.552537,30578.924536,30580.203869,30581.298534,1,NaN,0.00999999999999943,7.00000000000003,0,8,66,0.5
677,30590.561858,30589.353859,30589.663192,30590.508525,30597.906517,0,2.99999999999994,0.0299999999999997,5.99999999999996,2,7,65,0.5
678,30602.43318,30600.292515,30600.847848,30602.43318,30606.665175,0,NaN,0,7.00000000000003,1,8,66,0.5
679,30610.102505,30608.48784,30609.108506,30610.102505,30625.387157,0,NaN,0,7.00000000000003,1,8,66,0.5
680,30633.01915,30632.033817,30632.191816,30633.01915,30633.855148,0,NaN,0,7.00000000000003,1,8,66,0.5
681,30664.859785,30663.776452,30664.093118,30664.806451,30688.645093,0,2.99999999999994,0.0299999999999997,5.99999999999996,2,7,65,0.5
682,30693.411755,30692.551756,30692.850423,30693.411755,30693.747089,1,NaN,0,5.99999999999996,2,7,65,0.5
683,30705.52641,30703.896411,30704.185745,30705.473077,30711.63107,0,2.99999999999994,0.0299999999999997,5.99999999999996,2,7,65,0.5
684,30715.191067,30713.387735,30713.755068,30715.1884,30722.605726,1,2.99999999999994,0.0299999999999997,7.00000000000003,1,8,66,0.5
685,30724.582391,30723.492392,30723.737725,30724.529058,30738.063711,0,2.99999999999994,0.0299999999999997,5.99999999999996,2,7,65,0.5
686,30740.398375,30738.997043,30739.278376,30740.345042,30752.964362,0,2.99999999999994,0.0299999999999997,5.99999999999996,2,7,65,0.5
687,30756.015693,30754.629694,30755.073694,30756.015693,30756.675025,0,NaN,0,7.00000000000003,1,8,66,0.5
688,30767.579681,30766.281682,30766.687015,30767.577014,30776.521672,1,2.99999999999994,0.0299999999999997,7.00000000000003,1,8,66,0.5
689,30778.910336,30777.890337,30778.202337,30778.857003,30796.040986,0,2.99999999999994,0.0299999999999997,5.99999999999996,2,7,65,0.5
690,30799.202983,30797.738984,30798.22965,30799.14965,30807.594308,0,2.99999999999994,0.0299999999999997,5.99999999999996,2,7,65,0.5
691,30810.818305,30809.291639,30809.643639,30810.815638,30824.287625,1,2.99999999999994,0.0299999999999997,7.00000000000003,1,8,66,0.5
692,30826.269622,30825.303623,30825.59029,30826.269622,30827.040955,0,NaN,0,7.00000000000003,1,8,66,0.5
693,30838.37961,30836.309612,30836.825612,30838.326277,30853.390929,1,2.99999999999994,0.0299999999999997,7.00000000000003,1,8,66,0.5
694,30856.129593,30854.550927,30855.048927,30856.027593,30860.286255,0,NaN,0.00999999999999943,5.99999999999996,0,7,65,0.5
695,30888.978893,30887.037562,30887.453561,30888.978893,30890.022892,1,NaN,0,5.99999999999996,2,7,65,0.5
696,30897.887551,30896.440219,30896.926885,30897.834218,30908.216874,1,2.99999999999994,0.0299999999999997,7.00000000000003,1,8,66,0.5
697,30910.922204,30909.274873,30909.564872,30910.868871,30922.514193,0,2.99999999999994,0.0299999999999997,5.99999999999996,2,7,65,0.5
698,30927.693521,30926.568855,30926.898855,30927.693521,30933.822182,1,NaN,0,5.99999999999996,2,7,65,0.5
699,30937.502845,30936.079513,30936.490846,30937.502845,30942.558173,1,NaN,0,5.99999999999996,2,7,65,0.5
700,30951.130164,30949.525499,30949.936832,30951.076831,30955.75416,1,2.99999999999994,0.0299999999999997,7.00000000000003,1,8,66,0.5
701,30957.970157,30956.827492,30957.157492,30957.967491,30967.226815,0,2.99999999999994,0.0299999999999997,5.99999999999996,2,7,65,0.5
702,30976.738139,30975.250807,30975.706806,30976.684805,30987.448795,0,2.99999999999994,0.0299999999999997,5.99999999999996,2,7,65,0.5
703,30990.514792,30989.122793,30989.484126,30990.461458,30999.995449,0,2.99999999999994,0.0299999999999997,5.99999999999996,2,7,65,0.5
704,31002.817446,31001.371447,31001.743447,31002.764113,31012.578769,0,2.99999999999994,0.0299999999999997,5.99999999999996,2,7,65,0.5
705,31015.463433,31013.994768,31014.490767,31015.463433,31015.8181,0,NaN,0,7.00000000000003,1,8,66,0.5
706,31025.63409,31024.158091,31024.564091,31025.63409,31495.376953,0,NaN,0,7.00000000000003,1,8,66,0.5
707,31500.151615,31498.828283,31498.92695,31500.151615,31506.355609,0,NaN,0,7.00000000000003,1,8,66,0.5
708,31510.268272,31508.91494,31509.20894,31510.214938,31525.842256,0,2.99999999999994,0.0299999999999997,5.99999999999996,2,7,65,0.5
709,31532.980916,31529.696919,31530.148252,31532.927583,31535.620913,1,2.99999999999994,0.0299999999999997,7.00000000000003,1,8,66,0.5
710,31539.222909,31538.262244,31538.598243,31539.222909,31539.571576,0,NaN,0,7.00000000000003,1,8,66,0.5
711,31556.964225,31555.868893,31556.107559,31556.964225,31560.769555,0,NaN,0,7.00000000000003,1,8,66,0.5
712,31584.554864,31583.054866,31583.392865,31584.553531,31585.416863,1,NaN,0.00999999999999943,7.00000000000003,0,8,66,0.5
713,31593.159522,31592.015523,31592.366856,31593.106189,31595.020854,1,2.99999999999994,0.0299999999999997,7.00000000000003,1,8,66,0.5
714,31597.291518,31596.295519,31596.645519,31597.291518,31604.217511,0,NaN,0,7.00000000000003,1,8,66,0.5
715,31609.643506,31608.427507,31608.77684,31609.643506,31609.729506,0,NaN,0,7.00000000000003,1,8,66,0.5
716,31623.591492,31622.623493,31622.829493,31623.591492,31623.725492,0,NaN,0,7.00000000000003,1,8,66,0.5
717,31653.795462,31652.770129,31653.100796,31653.742128,31664.763451,0,2.99999999999994,0.0299999999999997,5.99999999999996,2,7,65,0.5
718,31667.388115,31666.158783,31666.499449,31667.334781,31668.831447,1,2.99999999999994,0.0299999999999997,7.00000000000003,1,8,66,0.5
719,31672.217443,31670.413445,31670.809445,31672.21611,31672.596776,0,NaN,0.00999999999999943,5.99999999999996,0,7,65,0.5
720,31682.688099,31681.5721,31681.957436,31682.634766,31685.012764,1,2.99999999999994,0.0299999999999997,7.00000000000003,1,8,66,0.5
721,31689.304093,31687.848761,31688.258094,31689.304093,31842.535273,0,NaN,0,7.00000000000003,1,8,66,0.5
722,31849.2126,31848.008601,31848.3106,31849.159266,31855.48126,0,2.99999999999994,0.0299999999999997,5.99999999999996,2,7,65,0.5
723,31858.015924,31856.173259,31856.535259,31857.962591,31864.018585,0,2.99999999999994,0.0299999999999997,5.99999999999996,2,7,65,0.5
724,31866.070583,31864.742584,31865.12325,31866.017249,31878.335237,1,2.99999999999994,0.0299999999999997,7.00000000000003,1,8,66,0.5
725,31880.351902,31879.428569,31879.659236,31880.350568,31880.849902,0,NaN,0.00999999999999943,5.99999999999996,0,7,65,0.5
726,31891.407224,31889.916559,31890.243225,31891.407224,31951.337831,0,NaN,0,7.00000000000003,1,8,66,0.5
727,31952.695163,31952.079163,31952.138497,31952.695163,31954.085828,0,NaN,0,7.00000000000003,1,8,66,0.5
728,31963.505819,31962.458486,31962.780486,31963.505819,31964.152485,1,NaN,0,5.99999999999996,0,7,65,0.5
729,31988.339794,31986.753795,31987.073128,31988.28646,31996.451786,1,2.99999999999994,0.0299999999999997,7.00000000000003,1,8,66,0.5
730,31998.200451,31997.396451,31997.425118,31998.200451,32004.824444,0,NaN,0,7.00000000000003,1,8,66,0.5
731,32051.121064,32050.313732,32050.591731,32051.121064,32051.139731,0,NaN,0,7.00000000000003,1,8,66,0.5
732,32063.202385,32062.358386,32062.659719,32063.149052,32071.89171,1,2.99999999999994,0.0299999999999997,7.00000000000003,1,8,66,0.5
733,32092.971022,32091.76569,32092.12369,32092.968356,32103.445679,1,2.99999999999994,0.0299999999999997,7.00000000000003,1,8,66,0.5
734,32105.638343,32104.547677,32104.765011,32105.635676,32115.967666,0,2.99999999999994,0.0299999999999997,5.99999999999996,2,7,65,0.5
735,32118.43833,32117.162998,32117.544331,32118.435664,32129.400986,1,2.99999999999994,0.0299999999999997,7.00000000000003,1,8,66,0.5
736,32132.018984,32130.557651,32130.865652,32131.96565,32139.599642,0,2.99999999999994,0.0299999999999997,5.99999999999996,2,7,65,0.5
737,32141.81164,32140.654308,32141.010974,32141.758307,32156.682959,1,2.99999999999994,0.0299999999999997,7.00000000000003,1,8,66,0.5
738,32158.783623,32157.404291,32157.762291,32158.780957,32165.525617,0,2.99999999999994,0.0299999999999997,5.99999999999996,2,7,65,0.5
739,32167.768948,32166.557616,32166.956948,32167.715614,32182.284933,1,2.99999999999994,0.0299999999999997,7.00000000000003,1,8,66,0.5
740,32184.498931,32183.294932,32183.622265,32184.498931,32188.655593,0,NaN,0,7.00000000000003,1,8,66,0.5
741,32194.285588,32193.150922,32193.554255,32194.285588,32195.48492,1,NaN,0,5.99999999999996,2,7,65,0.5
742,32401.904713,32400.526048,32400.936714,32401.85138,32405.644043,1,2.99999999999994,0.0299999999999997,7.00000000000003,1,8,66,0.5
743,32415.939366,32412.869369,32413.153369,NaN,NaN,NaN,NaN,0,7.00000000000003,1,8,66,0.5
744,32426.436022,32425.52469,32425.859356,32426.436022,32444.462004,1,NaN,0,5.99999999999996,2,7,65,0.5
745,32451.183997,32449.975999,32450.393332,32451.181331,32458.190657,1,2.99999999999994,0.0299999999999997,7.00000000000003,1,8,66,0.5
746,32463.691985,32461.92532,32462.225986,32463.690652,32463.789985,1,NaN,0.00999999999999943,7.00000000000003,0,8,66,0.5
747,32475.431307,32474.307974,32474.684641,32475.431307,32476.391972,1,NaN,0,5.99999999999996,2,7,65,0.5
748,32485.583296,32484.254631,32484.678631,32485.529963,32493.117956,1,2.99999999999994,0.0299999999999997,7.00000000000003,1,8,66,0.5
749,32495.117287,32494.044621,32494.357954,32495.117287,32500.968614,0,NaN,0,7.00000000000003,0,8,66,0.5
750,32504.074611,32502.484613,32502.829279,32504.071945,32515.897266,0,2.99999999999994,0.0299999999999997,5.99999999999996,2,7,65,0.5
751,32520.058595,32518.34793,32518.704597,32520.055929,32532.615916,0,2.99999999999994,0.0299999999999997,5.99999999999996,2,7,65,0.5
752,32534.88858,32533.561248,32533.895915,32534.835247,32544.823237,0,2.99999999999994,0.0299999999999997,5.99999999999996,2,7,65,0.5
753,32547.076568,32545.65657,32545.974569,32546.974568,32566.539882,1,NaN,0.00999999999999943,7.00000000000003,0,8,66,0.5
754,32568.125214,32567.009882,32567.321215,32568.125214,32570.719211,1,NaN,0,5.99999999999996,2,7,65,0.5
755,32579.01187,32577.706538,32578.065871,32578.958536,32590.095192,0,2.99999999999994,0.0299999999999997,5.99999999999996,2,7,65,0.5
756,32592.17119,32591.066524,32591.384524,32592.117857,32601.493181,0,2.99999999999994,0.0299999999999997,5.99999999999996,2,7,65,0.5
757,32606.083176,32604.631844,32605.003844,32606.029843,32618.798497,1,2.99999999999994,0.0299999999999997,7.00000000000003,1,8,66,0.5
758,32622.597159,32621.54516,32621.82516,32622.543826,32636.895145,0,2.99999999999994,0.0299999999999997,5.99999999999996,2,7,65,0.5
759,32639.521809,32637.774478,32637.978477,32639.468476,32649.581799,0,2.99999999999994,0.0299999999999997,5.99999999999996,2,7,65,0.5
760,32652.608463,32651.201798,32651.501797,32652.555129,32661.88712,0,2.99999999999994,0.0299999999999997,5.99999999999996,2,7,65,0.5
761,32665.291117,32663.297119,32663.600452,32665.289783,32666.046449,0,NaN,0.00999999999999943,5.99999999999996,0,7,65,0.5
762,32677.245771,32675.43044,32675.807106,32677.244438,32686.391762,0,NaN,0.00999999999999943,5.99999999999996,0,7,65,0.5
763,32688.40176,32687.058428,32687.421095,32688.348427,32697.389751,1,2.99999999999994,0.0299999999999997,7.00000000000003,1,8,66,0.5
764,32699.807749,32698.644417,32698.96375,32699.754416,32710.920404,0,2.99999999999994,0.0299999999999997,5.99999999999996,2,7,65,0.5
765,32713.709735,32712.110403,32712.47307,32713.656402,32727.768388,0,2.99999999999994,0.0299999999999997,5.99999999999996,2,7,65,0.5
766,32729.817719,32728.680387,32728.983053,32729.764386,32740.495042,0,2.99999999999994,0.0299999999999997,5.99999999999996,2,7,65,0.5
767,32744.365038,32742.560373,32742.863039,32744.362371,32753.118362,1,2.99999999999994,0.0299999999999997,7.00000000000003,1,8,66,0.5
768,32755.899693,32754.695694,32754.94836,32755.899693,32756.247026,0,NaN,0,7.00000000000003,1,8,66,0.5
769,33528.236254,33519.703596,33520.068262,NaN,NaN,NaN,NaN,0,7.00000000000003,1,8,66,0.5
770,33548.323567,33547.391568,33547.643568,33548.323567,33549.804232,1,NaN,0,5.99999999999996,2,7,65,0.5
771,33557.442891,33556.308226,33556.608892,33557.442891,33557.749558,1,NaN,0,5.99999999999996,2,7,65,0.5
772,33579.668202,33578.540204,33578.903537,33579.665536,33585.12553,1,2.99999999999994,0.0299999999999997,7.00000000000003,1,8,66,0.5
773,33588.553527,33586.640195,33586.845529,33588.500194,33602.263514,0,2.99999999999994,0.0299999999999997,5.99999999999996,2,7,65,0.5
774,33604.980844,33603.062179,33603.408179,33604.978178,33612.944836,0,2.99999999999994,0.0299999999999997,5.99999999999996,2,7,65,0.5
775,33615.120167,33613.854835,33614.237501,33615.1175,33624.808824,0,2.99999999999994,0.0299999999999997,5.99999999999996,2,7,65,0.5
776,33627.555488,33626.127489,33626.518155,33627.555488,33643.231472,0,NaN,0,7.00000000000003,1,8,66,0.5
777,33645.744803,33644.626804,33644.886804,33645.69147,33656.061459,0,2.99999999999994,0.0299999999999997,5.99999999999996,2,7,65,0.5
778,33658.630123,33657.112792,33657.540791,33658.630123,33659.408123,0,NaN,0,7.00000000000003,1,8,66,0.5
779,33665.926783,33664.481451,33664.946784,33665.873449,33675.883439,1,2.99999999999994,0.0299999999999997,7.00000000000003,1,8,66,0.5
780,33680.503435,33679.034103,33679.388103,33680.500768,33693.064756,1,2.99999999999994,0.0299999999999997,7.00000000000003,1,8,66,0.5
781,33697.139418,33695.936086,33696.207419,33697.086085,33705.164744,0,2.99999999999994,0.0299999999999997,5.99999999999996,2,7,65,0.5
782,33708.112074,33706.64541,33707.022075,33708.109407,33713.452735,1,2.99999999999994,0.0299999999999997,7.00000000000003,1,8,66,0.5
783,33716.010066,33714.781401,33714.852067,33715.956733,33730.670718,0,2.99999999999994,0.0299999999999997,5.99999999999996,2,7,65,0.5
784,33734.412048,33732.771383,33733.012049,33734.358714,33741.758707,1,2.99999999999994,0.0299999999999997,7.00000000000003,1,8,66,0.5
785,33744.278038,33743.132706,33743.504039,33744.225371,33753.930695,0,2.99999999999994,0.0299999999999997,5.99999999999996,2,7,65,0.5
786,33756.658025,33755.182694,33755.48536,33756.658025,33758.31669,1,NaN,0,5.99999999999996,2,7,65,0.5
787,33769.575346,33768.34268,33768.54868,33769.572679,33780.411335,0,2.99999999999994,0.0299999999999997,5.99999999999996,2,7,65,0.5
788,33782.404,33781.233334,33781.567334,33782.350666,33793.997988,1,2.99999999999994,0.0299999999999997,7.00000000000003,1,8,66,0.5
789,33796.335986,33795.303987,33795.50132,33796.333319,33800.013982,0,2.99999999999994,0.0299999999999997,5.99999999999996,2,7,65,0.5
790,33802.550646,33800.815981,33801.224647,33802.497313,33809.023306,0,2.99999999999994,0.0299999999999997,5.99999999999996,2,7,65,0.5
791,33811.828637,33810.780638,33811.049304,33811.828637,33816.678632,1,NaN,0,5.99999999999996,2,7,65,0.5
792,33821.84596,33820.447295,33820.948628,33821.792627,33831.378618,1,2.99999999999994,0.0299999999999997,7.00000000000003,1,8,66,0.5
793,33833.254616,33832.09195,33832.377283,33833.201282,33847.091268,0,2.99999999999994,0.0299999999999997,5.99999999999996,2,7,65,0.5
794,33849.486599,33848.124601,33848.475934,33849.433266,33857.971257,1,2.99999999999994,0.0299999999999997,7.00000000000003,1,8,66,0.5
795,33860.447922,33859.374589,33859.596589,33860.445255,33870.893911,0,2.99999999999994,0.0299999999999997,5.99999999999996,2,7,65,0.5
796,33873.424575,33871.76991,33872.165243,33873.371242,33885.16123,1,2.99999999999994,0.0299999999999997,7.00000000000003,1,8,66,0.5
797,33887.545231,33886.493229,33886.708562,33887.542561,33895.415887,0,2.99999999999994,0.0299999999999997,5.99999999999996,2,7,65,0.5
798,33898.035217,33896.591219,33897.047885,33898.032551,33906.677875,1,2.99999999999994,0.0299999999999997,7.00000000000003,1,8,66,0.5
799,33909.499206,33908.243874,33908.443874,33909.499206,33910.075872,0,NaN,0,7.00000000000003,1,8,66,0.5
800,33920.834528,33918.943863,33919.537863,33920.283195,33922.147193,1,NaN,0,7.00000000000003,1,8,66,0.5
801,33931.015184,33929.101186,33929.692519,33930.961851,33943.823838,0,2.99999999999994,0.0299999999999997,5.99999999999996,2,7,65,0.5
802,33946.394502,33944.753171,33945.086504,33945.84317,33950.826498,1,NaN,0,7.00000000000003,1,8,66,0.5
803,33957.374491,33955.825826,33956.159159,33957.321158,33968.68448,0,2.99999999999994,0.0299999999999997,5.99999999999996,2,7,65,0.5
804,33971.466477,33970.190479,33970.632478,33971.466477,33971.72581,0,NaN,0,7.00000000000003,1,8,66,0.5
805,33987.257795,33986.225129,33986.609795,NaN,33990.713792,NaN,NaN,0,7.00000000000003,1,8,66,0.5
806,33998.195117,33996.931785,33997.356451,33998.141784,34006.122443,1,2.99999999999994,0.0299999999999997,7.00000000000003,1,8,66,0.5
807,34008.163107,34007.176442,34007.336441,34008.160441,34014.019768,0,2.99999999999994,0.0299999999999997,5.99999999999996,2,7,65,0.5
808,34017.370431,34015.917766,34016.396432,34017.370431,34017.759098,0,NaN,0,7.00000000000003,1,8,66,0.5
809,34029.359753,34028.014421,34028.447087,34029.357086,34038.40041,1,2.99999999999994,0.0299999999999997,7.00000000000003,1,8,66,0.5
810,34040.413075,34039.283743,34039.539742,34040.311075,34042.04374,0,NaN,0.00999999999999943,5.99999999999996,0,7,65,0.5
811,34049.497733,34048.157734,34048.583733,34049.444399,34059.025056,1,2.99999999999994,0.0299999999999997,7.00000000000003,1,8,66,0.5
812,34061.54972,34059.895722,34060.317055,34061.54972,34061.893054,0,NaN,0,7.00000000000003,1,8,66,0.5
813,34603.035179,34600.911848,34600.993848,34603.032512,34643.705805,1,2.99999999999994,0.0299999999999997,7.00000000000003,1,8,66,0.5
814,34647.627801,34646.251136,34646.535802,34647.574468,34656.409792,1,2.99999999999994,0.0299999999999997,7.00000000000003,1,8,66,0.5
815,34659.18379,34657.351125,34657.556458,34659.130456,34661.714454,0,2.99999999999994,0.0299999999999997,5.99999999999996,2,7,65,0.5
816,34663.827118,34662.621119,34662.960452,34663.827118,34664.525784,1,NaN,0,5.99999999999996,2,7,65,0.5
817,34683.765098,34682.3691,34682.646433,34683.763765,34684.362431,1,NaN,0.00999999999999943,7.00000000000003,0,8,66,0.5
818,34690.598425,34689.619759,34689.653092,34690.595758,34699.635082,0,2.99999999999994,0.0299999999999997,5.99999999999996,2,7,65,0.5
819,34701.89108,34700.669748,34701.022414,34701.837747,34704.042411,1,2.99999999999994,0.0299999999999997,7.00000000000003,1,8,66,0.5
820,34706.32641,34705.20041,34705.531743,34706.32641,34712.159737,0,NaN,0,7.00000000000003,1,8,66,0.5
821,34727.121055,34725.33439,34725.675723,34727.067722,34737.677044,0,2.99999999999994,0.0299999999999997,5.99999999999996,2,7,65,0.5
822,34739.795709,34738.570377,34738.91371,34739.742376,34748.483034,1,2.99999999999994,0.0299999999999997,7.00000000000003,1,8,66,0.5
823,34750.771031,34749.891699,34750.019699,34750.771031,34751.291697,0,NaN,0,7.00000000000003,1,8,66,0.5
824,34760.428355,34759.027023,34759.445023,34760.375022,34773.657008,1,2.99999999999994,0.0299999999999997,7.00000000000003,1,8,66,0.5
825,34775.58034,34774.465008,34774.756341,34775.527007,34784.849664,0,2.99999999999994,0.0299999999999997,5.99999999999996,2,7,65,0.5
826,34787.598994,34786.324329,34786.727662,34787.546328,34792.752323,1,2.99999999999994,0.0299999999999997,7.00000000000003,1,8,66,0.5
827,34794.736321,34793.926322,34794.106988,34794.736321,34799.402983,0,NaN,0,7.00000000000003,1,8,66,0.5
828,34803.325645,34801.559647,34802.08298,34803.325645,34808.97364,0,NaN,0,7.00000000000003,1,8,66,0.5
829,34818.886297,34816.714299,34817.214965,34818.334964,NaN,1,NaN,0,7.00000000000003,1,8,66,0.5
830,34834.013615,34832.801616,34833.168949,34834.013615,34834.722281,0,NaN,0,7.00000000000003,1,8,66,0.5
831,34841.494941,34840.213608,34840.629608,34841.494941,34871.352244,1,NaN,0,5.99999999999996,2,7,65,0.5
832,34882.665566,34881.765567,34882.076234,34882.665566,34883.647565,1,NaN,0,5.99999999999996,2,7,65,0.5
833,34894.644887,34893.465555,34893.770222,34894.644887,34895.24422,1,NaN,0,5.99999999999996,2,7,65,0.5
834,34905.790876,34903.824212,34903.985545,34905.73821,34912.313536,0,2.99999999999994,0.0299999999999997,5.99999999999996,2,7,65,0.5
835,34914.530868,34913.232202,34913.580868,34914.477534,34930.835518,0,2.99999999999994,0.0299999999999997,5.99999999999996,2,7,65,0.5
836,34932.977516,34931.77285,34932.08285,34932.924182,34943.739505,0,2.99999999999994,0.0299999999999997,5.99999999999996,2,7,65,0.5
837,34946.376169,34944.865504,34945.243503,34946.373502,34948.592167,1,2.99999999999994,0.0299999999999997,7.00000000000003,1,8,66,0.5
838,34952.420163,34951.003498,34951.391497,34952.36683,34963.789485,0,2.99999999999994,0.0299999999999997,5.99999999999996,2,7,65,0.5
839,34966.073483,34964.702151,34965.08015,34966.073483,34966.752149,0,NaN,0,7.00000000000003,0,8,66,0.5
840,34974.536141,34972.950809,34973.322809,34974.534807,34981.239467,1,NaN,0.00999999999999943,7.00000000000003,0,8,66,0.5
841,34989.970125,34988.360794,34988.788127,34989.970125,34990.083459,1,NaN,0,5.99999999999996,2,7,65,0.5
842,35483.326965,35477.322305,35477.826971,NaN,NaN,NaN,NaN,0,7.00000000000003,1,8,66,0.5
843,35514.582934,35512.589603,35513.199602,35514.582934,35514.986934,1,NaN,0,5.99999999999996,0,7,65,0.5
844,35533.646915,35533.328249,35525.528257,NaN,35536.740912,NaN,NaN,0,5.99999999999996,2,7,65,0.5
845,35558.298224,35556.861558,35557.275558,35558.298224,35569.314879,1,NaN,0,5.99999999999996,2,7,65,0.5
846,35578.370204,35576.680872,35577.058205,35578.367537,35590.017525,1,2.99999999999994,0.0299999999999997,7.00000000000003,1,8,66,0.5
847,35592.849523,35591.426857,35591.639524,35592.846856,35599.20885,0,2.99999999999994,0.0299999999999997,5.99999999999996,2,7,65,0.5
848,35601.777514,35600.560848,35600.916848,35601.777514,35602.349513,1,NaN,0,5.99999999999996,2,7,65,0.5
849,35611.289504,35609.582839,35610.144839,35611.236171,35625.212157,1,2.99999999999994,0.0299999999999997,7.00000000000003,1,8,66,0.5
850,35628.41882,35627.156155,35627.358155,35628.41882,35628.916153,0,NaN,0,7.00000000000003,1,8,66,0.5
851,35643.728805,35638.68081,35639.239476,NaN,NaN,NaN,NaN,0,7.00000000000003,1,8,66,0.5
852,35664.484784,35663.000119,35663.414119,35664.431451,35672.988776,1,2.99999999999994,0.0299999999999997,7.00000000000003,1,8,66,0.5
853,35676.478105,35674.500108,35674.886774,35676.475439,35687.876094,0,2.99999999999994,0.0299999999999997,5.99999999999996,2,7,65,0.5
854,35690.786091,35689.207426,35689.616759,35690.783425,35701.555414,1,2.99999999999994,0.0299999999999997,7.00000000000003,1,8,66,0.5
855,35704.756077,35703.408746,35703.661412,35704.702744,35719.642062,0,2.99999999999994,0.0299999999999997,5.99999999999996,2,7,65,0.5
856,35727.740721,35724.813391,35725.33539,35727.687388,35738.220044,1,2.99999999999994,0.0299999999999997,7.00000000000003,1,8,66,0.5
857,35741.213374,35739.983375,35740.229375,35741.160041,35753.633362,0,2.99999999999994,0.0299999999999997,5.99999999999996,2,7,65,0.5
858,35757.250025,35755.414027,35755.75336,35757.250025,35762.057354,1,NaN,0,5.99999999999996,2,7,65,0.5
859,36421.87536,36413.342702,36413.401369,NaN,39214.8779,NaN,NaN,0,7.00000000000003,1,8,66,0.5
860,39218.55323,39216.557899,39217.036565,39218.55323,39229.025886,0,NaN,0,7.00000000000003,1,8,66,0.5
861,39235.796546,39233.367882,39233.743215,39235.79388,39237.599878,1,2.99999999999994,0.0299999999999997,7.00000000000003,1,8,66,0.5
862,39244.503871,39241.169874,39241.343874,39244.501204,39263.064519,0,2.99999999999994,0.0299999999999997,5.99999999999996,2,7,65,0.5
863,39273.837175,39270.057179,39270.497178,39273.837175,39274.077841,0,NaN,0,7.00000000000003,1,8,66,0.5
864,39287.405828,39285.502497,39285.969163,39287.405828,39287.656494,1,NaN,0,5.99999999999996,2,7,65,0.5
865,39312.704469,39311.382471,39311.80047,39312.704469,39312.887803,0,NaN,0,7.00000000000003,1,8,66,0.5
866,39323.859125,39322.159793,39322.565126,39323.859125,39512.28227,1,NaN,0,5.99999999999996,2,7,65,0.5
867,39524.567591,39523.104259,39523.378925,39524.514257,39539.547576,0,2.99999999999994,0.0299999999999997,5.99999999999996,2,7,65,0.5
868,39546.253569,39544.671571,39544.996904,39546.253569,39546.454902,1,NaN,0,5.99999999999996,2,7,65,0.5
869,39565.417551,39564.375551,39564.514218,39565.417551,39565.43555,0,NaN,0,7.00000000000003,1,8,66,0.5
870,39572.855543,39571.705544,39571.984877,39572.854209,39573.210209,1,NaN,0.00999999999999943,7.00000000000003,0,8,66,0.5
871,39585.566864,39583.996865,39584.361531,39585.566864,39599.030183,1,NaN,0,5.99999999999996,2,7,65,0.5
872,39603.860845,39602.30418,39602.672179,39603.858178,39607.460175,0,2.99999999999994,0.0299999999999997,5.99999999999996,2,7,65,0.5
873,39612.175503,39610.757505,39611.042171,39612.12217,39632.865482,0,2.99999999999994,0.0299999999999997,5.99999999999996,2,7,65,0.5
874,39635.052814,39633.736815,39634.177481,39635.050147,39646.054803,0,2.99999999999994,0.0299999999999997,5.99999999999996,2,7,65,0.5
875,39648.737467,39647.308135,39647.762801,39648.737467,39672.798776,0,NaN,0,7.00000000000003,1,8,66,0.5
876,39676.471439,39673.798108,39674.104775,39676.471439,39680.067435,1,NaN,0,5.99999999999996,2,7,65,0.5
877,39684.762764,39683.468765,39683.793432,39684.709431,39697.438085,0,2.99999999999994,0.0299999999999997,5.99999999999996,2,7,65,0.5
878,39700.012749,39698.737417,39699.11475,39700.010082,39711.077404,0,2.99999999999994,0.0299999999999997,5.99999999999996,2,7,65,0.5
879,39714.254734,39713.088069,39713.452069,39714.254734,39714.811401,0,NaN,0,7.00000000000003,1,8,66,0.5
880,39727.126055,39725.962056,39726.247389,39727.072722,39750.065365,0,2.99999999999994,0.0299999999999997,5.99999999999996,2,7,65,0.5
881,39753.584028,39751.844697,39752.17203,39753.581362,39762.547353,0,2.99999999999994,0.0299999999999997,5.99999999999996,2,7,65,0.5
882,39765.318683,39763.709352,39764.086685,39765.318683,39766.091349,0,NaN,0,7.00000000000003,1,8,66,0.5
883,39816.836632,39814.652634,39815.124634,NaN,39822.36796,NaN,NaN,0,7.00000000000003,1,8,66,0.5
884,39834.440614,39832.937949,39833.325949,39834.387281,39842.536606,1,2.99999999999994,0.0299999999999997,7.00000000000003,1,8,66,0.5
885,39845.07127,39844.095271,39844.227271,39845.07127,39845.465937,0,NaN,0,7.00000000000003,1,8,66,0.5
886,39856.147926,39854.697927,39855.079927,39856.094593,39870.539245,1,2.99999999999994,0.0299999999999997,7.00000000000003,1,8,66,0.5
887,39876.953905,39875.542573,39875.957239,39876.953905,39877.016572,0,NaN,0,7.00000000000003,1,8,66,0.5
888,39888.357227,39886.903228,39887.215228,39888.355894,39888.92656,0,NaN,0.00999999999999943,5.99999999999996,0,7,65,0.5
889,39934.519181,39933.289182,39933.633848,39934.465848,39951.75583,1,2.99999999999994,0.0299999999999997,7.00000000000003,1,8,66,0.5
890,39956.009826,39954.697161,39954.93516,39955.956493,39969.715812,0,2.99999999999994,0.0299999999999997,5.99999999999996,2,7,65,0.5
891,39972.992476,39970.600478,39970.987811,39972.991142,39973.724475,1,NaN,0.00999999999999943,7.00000000000003,0,8,66,0.5
892,39986.309129,39982.583799,39982.873132,39985.707796,39989.940459,1,NaN,0.00999999999999943,7.00000000000003,0,8,66,0.5
893,39995.46312,39994.569121,39994.912454,39995.46312,39995.487787,0,NaN,0,7.00000000000003,1,8,66,0.5
894,40005.317777,40004.225111,40004.531111,40005.317777,40015.6711,0,NaN,0,7.00000000000003,1,8,66,0.5
895,40021.009094,40020.133762,40020.368428,40021.009094,40021.69576,0,NaN,0,7.00000000000003,1,8,66,0.5
896,40062.200386,40060.947054,40061.291054,40062.200386,40065.670383,1,NaN,0,5.99999999999996,2,7,65,0.5
897,40073.253042,40071.682377,40071.946377,40073.199709,40086.974362,0,2.99999999999994,0.0299999999999997,5.99999999999996,2,7,65,0.5
898,40090.324358,40087.833694,40088.27236,40090.321692,40096.510352,1,2.99999999999994,0.0299999999999997,7.00000000000003,1,8,66,0.5
899,40099.11435,40098.182351,40098.273017,40099.11435,40099.618349,0,NaN,0,7.00000000000003,1,8,66,0.5
900,40108.519007,40107.271675,40107.693674,40108.465674,40120.904994,1,2.99999999999994,0.0299999999999997,7.00000000000003,1,8,66,0.5
901,40123.958991,40122.404326,40123.020326,40123.905658,40140.562975,0,2.99999999999994,0.0299999999999997,5.99999999999996,2,7,65,0.5
902,40146.244302,40143.604972,40143.992305,40146.190969,40158.900956,1,2.99999999999994,0.0299999999999997,7.00000000000003,1,8,66,0.5
903,40162.770286,40161.568954,40161.806287,40162.767619,40178.29227,0,2.99999999999994,0.0299999999999997,5.99999999999996,2,7,65,0.5
904,40181.266935,40179.635602,40180.096269,40181.213601,40195.910919,1,2.99999999999994,0.0299999999999997,7.00000000000003,1,8,66,0.5
905,40200.403582,40199.130916,40199.335583,40200.350915,40219.862896,0,2.99999999999994,0.0299999999999997,5.99999999999996,2,7,65,0.5
906,40223.387559,40221.630227,40221.75956,40223.387559,40227.884887,1,NaN,0,5.99999999999996,0,7,65,0.5
907,40367.432748,40366.194082,40366.550082,40367.432748,40368.032081,1,NaN,0,5.99999999999996,2,7,65,0.5
908,40908.954873,40907.773541,40908.087541,40908.90154,40910.663538,0,2.99999999999994,0.0299999999999997,5.99999999999996,2,7,65,0.5
909,40922.54686,40914.014868,40914.230201,NaN,40953.010829,NaN,NaN,0,5.99999999999996,2,7,65,0.5
910,40970.254812,40968.79548,40969.160813,40970.201479,40971.586144,1,2.99999999999994,0.0299999999999997,7.00000000000003,1,8,66,0.5
911,40994.214788,40993.164122,40993.490122,40994.214788,41031.026084,1,NaN,0,5.99999999999996,2,7,65,0.5
912,41045.77207,41044.414738,41044.788737,41045.77207,41045.916069,0,NaN,0,7.00000000000003,1,8,66,0.5
913,41059.104056,41057.578724,41058.122057,41059.050723,41065.280717,1,2.99999999999994,0.0299999999999997,7.00000000000003,1,8,66,0.5
914,41072.19271,41071.047378,41071.426711,41072.140045,41085.880696,0,2.99999999999994,0.0299999999999997,5.99999999999996,2,7,65,0.5
915,41096.804019,41095.641353,41095.996686,41096.804019,41101.723347,1,NaN,0,5.99999999999996,0,7,65,0.5
916,41110.855338,41109.468006,41109.803339,41110.802671,41120.233995,1,2.99999999999994,0.0299999999999997,7.00000000000003,1,8,66,0.5
917,41130.735985,41122.762659,41122.793326,41130.735985,41130.780651,0,NaN,0,7.00000000000003,1,8,66,0.5
918,41139.007976,41137.694644,41138.026644,41138.954643,41148.9133,1,2.99999999999994,0.0299999999999997,7.00000000000003,1,8,66,0.5
919,41151.447964,41150.222632,41150.655965,41151.447964,41151.507297,0,NaN,0,7.00000000000003,0,8,66,0.5
920,41165.59395,41163.882618,41164.240618,41165.592616,41169.999945,0,NaN,0.00999999999999943,5.99999999999996,0,7,65,0.5
921,41174.871274,41173.470609,41174.017275,41174.868607,41186.467929,1,2.99999999999994,0.0299999999999997,7.00000000000003,1,8,66,0.5
922,41189.366593,41187.765928,41188.033261,41188.81526,41189.894592,0,NaN,0,5.99999999999996,2,7,65,0.5
923,41199.731249,41198.288584,41198.645917,41199.729916,41200.245248,1,NaN,0.00999999999999943,7.00000000000003,0,8,66,0.5
924,41228.805887,41221.421894,41221.829894,NaN,NaN,NaN,NaN,0,7.00000000000003,1,8,66,0.5
925,41239.806542,41238.485877,41238.821876,41239.803876,41249.436533,1,2.99999999999994,0.0299999999999997,7.00000000000003,1,8,66,0.5
926,41252.483863,41251.335197,41251.665864,41252.43053,41264.573851,0,2.99999999999994,0.0299999999999997,5.99999999999996,2,7,65,0.5
927,41269.335179,41267.721848,41268.052514,41269.281846,41277.223838,1,2.99999999999994,0.0299999999999997,7.00000000000003,1,8,66,0.5
928,41288.069161,41281.667167,41281.985833,NaN,NaN,NaN,NaN,0,7.00000000000003,1,8,66,0.5
929,41310.207805,41308.990473,41309.230473,41310.154472,41320.065795,0,2.99999999999994,0.0299999999999997,5.99999999999996,2,7,65,0.5
930,41322.976459,41321.77646,41322.129793,41322.923126,41335.032447,1,2.99999999999994,0.0299999999999997,7.00000000000003,1,8,66,0.5
931,41336.729779,41335.672446,41336.027779,41336.729779,41336.777112,0,NaN,0,7.00000000000003,1,8,66,0.5
932,41357.797091,41356.777092,41357.005758,41357.744424,41366.996415,1,2.99999999999994,0.0299999999999997,7.00000000000003,1,8,66,0.5
933,41369.929079,41368.89108,41369.14908,41369.875745,41380.491068,0,2.99999999999994,0.0299999999999997,5.99999999999996,2,7,65,0.5
934,41385.62773,41384.397731,41384.681064,41385.625063,NaN,1,2.99999999999994,0.0299999999999997,7.00000000000003,1,8,66,0.5
