trial,outcome,center_in,center_out,side_in,last_side_out,actions,reward,trial_types,odors,port_side,schedule,odor_name,odor_dur
1,49.456981,48.322315,48.864981,49.354981,137.42556,1,NaN,0.00999999999999943,7.00000000000003,0,2,66,0.5
2,139.544891,138.464225,138.697558,139.544891,159.395543,1,NaN,0,5.99999999999996,2,1,65,0.5
3,161.143536,160.026204,160.573536,161.090203,170.234193,1,2.99999999999994,0.0299999999999997,7.00000000000003,1,2,66,0.5
4,172.138192,171.172192,171.340859,172.138192,180.22285,1,NaN,0,5.99999999999996,2,1,65,0.5
5,181.814849,180.888849,181.278849,181.814849,186.874843,0,NaN,0,7.00000000000003,1,2,66,0.5
6,188.983508,188.061509,188.386842,188.983508,202.932161,0,NaN,0,7.00000000000003,1,2,66,0.5
7,206.778824,205.814158,206.059491,206.72549,211.352819,1,2.99999999999994,0.0299999999999997,7.00000000000003,1,2,66,0.5
8,214.025483,212.920151,213.147484,213.97215,218.423479,0,2.99999999999994,0.0299999999999997,5.99999999999996,2,1,65,0.5
9,220.875476,219.817477,220.049477,220.822143,237.566793,0,2.99999999999994,0.0299999999999997,5.99999999999996,2,1,65,0.5
10,239.724124,238.996791,239.063458,239.622124,269.222094,0,NaN,0.00999999999999943,5.99999999999996,0,1,65,0.5
11,271.555425,270.68276,270.805426,271.555425,354.373343,0,NaN,0,7.00000000000003,1,2,66,0.5
12,356.736674,355.300675,355.443342,356.736674,363.252667,0,NaN,0,7.00000000000003,1,2,66,0.5
13,365.063999,364.270666,364.307333,365.063999,372.432658,0,NaN,0,7.00000000000003,1,2,66,0.5
14,374.756656,373.77599,374.125323,374.756656,382.439315,0,NaN,0,7.00000000000003,1,2,66,0.5
15,384.701312,383.763313,384.119313,384.647979,390.619306,1,2.99999999999994,0.0299999999999997,7.00000000000003,1,2,66,0.5
16,392.787971,391.783972,392.152638,392.787971,399.656631,0,NaN,0,7.00000000000003,1,2,66,0.5
17,401.801962,401.072629,401.227296,401.748629,408.999955,1,2.99999999999994,0.0299999999999997,7.00000000000003,1,2,66,0.5
18,411.335286,409.945954,410.627953,411.281952,416.773947,0,2.99999999999994,0.0299999999999997,5.99999999999996,2,1,65,0.5
19,418.809278,417.855946,418.163945,418.755945,425.640605,1,2.99999999999994,0.0299999999999997,7.00000000000003,1,2,66,0.5
20,427.689269,427.01127,427.152603,427.689269,433.748597,0,NaN,0,7.00000000000003,1,2,66,0.5
21,435.615261,434.515929,435.047929,435.615261,440.996589,1,NaN,0,5.99999999999996,2,1,65,0.5
22,442.751254,441.829922,442.137922,442.697921,471.027226,1,2.99999999999994,0.0299999999999997,7.00000000000003,1,2,66,0.5
23,474.219889,473.43589,473.71189,474.219889,475.404555,1,NaN,0,5.99999999999996,2,1,65,0.5
24,480.609216,479.798551,480.01855,480.555883,486.043878,0,2.99999999999994,0.0299999999999997,5.99999999999996,2,1,65,0.5
25,487.47321,486.746544,486.874543,487.47321,493.517203,0,NaN,0,7.00000000000003,1,2,66,0.5
26,495.183868,494.283203,494.645202,495.130535,496.905867,1,2.99999999999994,0.0299999999999997,7.00000000000003,1,2,66,0.5
27,498.879198,497.887199,498.118532,498.826532,500.041197,0,2.99999999999994,0.0299999999999997,5.99999999999996,2,1,65,0.5
28,501.543195,500.850529,501.011196,501.543195,802.358228,1,NaN,0,5.99999999999996,2,1,65,0.5
29,804.751559,803.350227,804.189559,804.751559,834.941529,1,NaN,0,5.99999999999996,2,1,65,0.5
30,837.19486,836.74086,836.801527,837.19486,840.48419,1,NaN,0,5.99999999999996,2,1,65,0.5
31,847.156183,845.500851,846.108851,847.10285,849.036848,1,2.99999999999994,0.0299999999999997,7.00000000000003,1,2,66,0.5
32,851.401512,850.237513,850.490846,851.348179,852.330845,0,2.99999999999994,0.0299999999999997,5.99999999999996,2,1,65,0.5
33,854.367509,853.694843,853.95751,854.367509,862.498168,1,NaN,0,5.99999999999996,2,1,65,0.5
34,864.465499,863.7015,863.856833,864.412166,871.094826,0,2.99999999999994,0.0299999999999997,5.99999999999996,2,1,65,0.5
35,872.633491,871.982825,872.046825,872.633491,877.613486,0,NaN,0,7.00000000000003,1,2,66,0.5
36,881.700815,880.986149,881.132816,881.700815,887.976809,0,NaN,0,7.00000000000003,1,2,66,0.5
37,889.946807,889.068142,889.325474,889.946807,896.5068,0,NaN,0,7.00000000000003,0,2,66,0.5
38,898.234132,897.4028,897.636799,898.180799,902.828794,0,2.99999999999994,0.0299999999999997,5.99999999999996,2,1,65,0.5
39,904.540792,903.758793,903.906126,904.487459,909.468121,0,2.99999999999994,0.0299999999999997,5.99999999999996,2,1,65,0.5
40,911.218119,910.20812,910.590786,911.116119,915.809448,1,NaN,0.00999999999999943,7.00000000000003,0,2,66,0.5
41,917.653446,916.689447,917.10278,917.600113,923.51544,1,2.99999999999994,0.0299999999999997,7.00000000000003,1,2,66,0.5
42,926.501437,925.500771,925.793438,926.501437,934.040096,1,NaN,0,5.99999999999996,0,1,65,0.5
43,936.056761,934.820095,935.317428,935.954761,941.066089,1,NaN,0.00999999999999943,7.00000000000003,0,2,66,0.5
44,943.34942,941.644089,942.620088,943.296087,947.543416,1,2.99999999999994,0.0299999999999997,7.00000000000003,1,2,66,0.5
45,949.83408,949.071415,949.232748,949.83408,955.880741,1,NaN,0,5.99999999999996,2,1,65,0.5
46,957.523406,956.707407,957.01074,957.523406,963.264067,1,NaN,0,5.99999999999996,0,1,65,0.5
47,977.09072,968.558062,968.602062,NaN,983.650713,NaN,NaN,0,5.99999999999996,2,1,65,0.5
48,986.121378,985.282045,985.598045,986.121378,986.709377,1,NaN,0,5.99999999999996,0,1,65,0.5
49,1030.235333,1028.937335,1029.043335,1030.235333,1050.001314,1,NaN,0,5.99999999999996,0,1,65,0.5
50,1053.413977,1052.179311,1052.501978,1053.360644,1056.733307,0,2.99999999999994,0.0299999999999997,5.99999999999996,2,1,65,0.5
51,1059.338638,1058.396639,1058.689972,1059.285304,1063.8593,0,2.99999999999994,0.0299999999999997,5.99999999999996,2,1,65,0.5
52,1066.079964,1065.465298,1065.549298,1066.079964,1070.808626,0,NaN,0,7.00000000000003,1,2,66,0.5
53,1072.615958,1071.737292,1071.999292,1072.513958,1077.205953,0,NaN,0.00999999999999943,5.99999999999996,0,1,65,0.5
54,1079.053951,1078.114619,1078.539952,1079.000618,1085.222612,1,2.99999999999994,0.0299999999999997,7.00000000000003,1,2,66,0.5
55,1087.899942,1087.02861,1087.231276,1087.899942,1095.771935,1,NaN,0,5.99999999999996,0,1,65,0.5
56,1097.4486,1096.593267,1096.9226,1097.4486,1099.847931,1,NaN,0,5.99999999999996,2,1,65,0.5
57,1120.822576,1119.96591,1120.145244,1120.769243,1144.159219,1,2.99999999999994,0.0299999999999997,7.00000000000003,1,2,66,0.5
58,1146.216551,1145.471885,1145.581885,1146.216551,1152.244545,1,NaN,0,5.99999999999996,0,1,65,0.5
59,1154.327876,1153.471877,1153.744543,1154.327876,1160.857203,1,NaN,0,5.99999999999996,0,1,65,0.5
60,1162.575201,1161.669869,1162.017868,1162.575201,1169.538527,0,NaN,0,7.00000000000003,1,2,66,0.5
61,1171.457192,1170.230527,1170.862526,1171.457192,1178.626518,0,NaN,0,7.00000000000003,1,2,66,0.5
62,1180.915849,1179.561851,1180.22385,1180.81385,1185.741178,0,NaN,0.00999999999999943,5.99999999999996,0,1,65,0.5
63,1187.379843,1186.404511,1186.839843,1187.379843,1192.081172,1,NaN,0,5.99999999999996,0,1,65,0.5
64,1194.684502,1193.555837,1194.108503,1194.631169,1198.415832,1,2.99999999999994,0.0299999999999997,7.00000000000003,1,2,66,0.5
65,1201.581829,1200.501163,1200.789163,1201.480495,1205.472492,0,NaN,0.00999999999999943,5.99999999999996,0,1,65,0.5
66,1218.097146,1217.15648,1217.277146,1218.043812,1530.494833,0,2.99999999999994,0.0299999999999997,5.99999999999996,2,1,65,0.5
67,1533.157497,1531.461499,1532.109498,1533.157497,1551.021479,1,NaN,0,5.99999999999996,2,1,65,0.5
68,1553.120811,1552.149478,1552.391478,1553.067477,1556.549474,0,2.99999999999994,0.0299999999999997,5.99999999999996,2,1,65,0.5
69,1559.239471,1558.388139,1558.585472,1559.186138,1564.475466,1,2.99999999999994,0.0299999999999997,7.00000000000003,1,2,66,0.5
70,1567.543463,1566.719464,1566.839464,1567.490129,1575.330788,0,2.99999999999994,0.0299999999999997,5.99999999999996,2,1,65,0.5
71,1576.83012,1576.186121,1576.264787,1576.83012,1583.882113,0,NaN,0,7.00000000000003,1,2,66,0.5
72,1585.698778,1584.767446,1585.035445,1585.698778,1591.273439,0,NaN,0,7.00000000000003,1,2,66,0.5
73,1593.364104,1592.102105,1592.682771,1593.31077,1606.54409,1,2.99999999999994,0.0299999999999997,7.00000000000003,1,2,66,0.5
74,1609.772754,1608.952755,1609.296754,1609.772754,1614.816749,1,NaN,0,5.99999999999996,0,1,65,0.5
75,1617.00808,1616.148748,1616.281414,1616.90608,1624.791406,0,NaN,0.00999999999999943,5.99999999999996,0,1,65,0.5
76,1627.096737,1625.650071,1626.183404,1627.043403,1632.024065,0,2.99999999999994,0.0299999999999997,5.99999999999996,2,1,65,0.5
77,1634.11473,1633.012731,1633.48073,1634.061396,1637.08206,1,2.99999999999994,0.0299999999999997,7.00000000000003,1,2,66,0.5
78,1639.517391,1638.685392,1638.821391,1639.517391,1647.40005,0,NaN,0,7.00000000000003,0,2,66,0.5
79,1649.246714,1648.208049,1648.624048,1649.193381,1651.591379,1,2.99999999999994,0.0299999999999997,7.00000000000003,1,2,66,0.5
80,1654.457376,1653.41071,1653.876043,1654.457376,1660.622703,1,NaN,0,5.99999999999996,2,1,65,0.5
81,1662.500701,1661.237369,1661.884035,1662.500701,1668.733362,0,NaN,0,7.00000000000003,1,2,66,0.5
82,1670.840693,1669.521361,1670.154027,1670.738693,1676.516687,1,NaN,0.00999999999999943,7.00000000000003,0,2,66,0.5
83,1678.334685,1677.02802,1677.590019,1678.281352,1682.759348,1,2.99999999999994,0.0299999999999997,7.00000000000003,1,2,66,0.5
84,1684.948012,1683.952013,1684.264013,1684.948012,1689.982007,0,NaN,0,7.00000000000003,1,2,66,0.5
85,1691.957338,1691.164672,1691.474672,1691.957338,1695.334002,1,NaN,0,5.99999999999996,2,1,65,0.5
86,1698.443332,1697.511333,1697.864666,1698.443332,1719.531311,1,NaN,0,5.99999999999996,2,1,65,0.5
87,1726.95597,1725.161972,1725.715971,1726.95597,1735.159962,0,NaN,0,7.00000000000003,1,2,66,0.5
88,1737.933959,1736.98996,1737.295293,1737.933959,1743.28462,0,NaN,0,7.00000000000003,1,2,66,0.5
89,1745.217285,1744.163953,1744.599952,1745.163952,1754.436609,1,2.99999999999994,0.0299999999999997,7.00000000000003,1,2,66,0.5
90,1757.495939,1756.673274,1756.864607,1757.442606,1759.131271,0,2.99999999999994,0.0299999999999997,5.99999999999996,2,1,65,0.5
91,1760.823936,1760.020604,1760.25727,1760.823936,1765.891264,1,NaN,0,5.99999999999996,2,1,65,0.5
92,1767.912596,1766.59393,1767.190596,1767.912596,1775.247922,1,NaN,0,5.99999999999996,2,1,65,0.5
93,1777.557253,1775.977921,1776.443254,1777.557253,1782.486582,1,NaN,0,5.99999999999996,2,1,65,0.5
94,1785.987244,1784.073913,1784.206579,1785.987244,1790.167907,1,NaN,0,5.99999999999996,2,1,65,0.5
95,1793.389237,1792.506571,1792.564571,1793.335904,1797.910566,0,2.99999999999994,0.0299999999999997,5.99999999999996,2,1,65,0.5
96,1800.106564,1799.139231,1799.440564,1800.05323,1809.195221,0,2.99999999999994,0.0299999999999997,5.99999999999996,2,1,65,0.5
97,1811.499219,1810.672553,1810.957219,1811.445886,1816.77988,1,2.99999999999994,0.0299999999999997,7.00000000000003,1,2,66,0.5
98,1824.879872,1823.62454,1823.829206,1824.879872,1830.730533,1,NaN,0,5.99999999999996,2,1,65,0.5
99,1833.163864,1832.233865,1832.569864,1833.163864,1840.224523,1,NaN,0,5.99999999999996,2,1,65,0.5
100,1841.923188,1840.865189,1841.258522,1841.869855,1847.566516,0,2.99999999999994,0.0299999999999997,5.99999999999996,2,1,65,0.5
101,1849.556514,1848.594515,1848.906515,1849.503181,1858.493838,0,2.99999999999994,0.0299999999999997,5.99999999999996,2,1,65,0.5
102,1860.401837,1859.539171,1859.785171,1860.348503,1873.23049,0,2.99999999999994,0.0299999999999997,5.99999999999996,2,1,65,0.5
103,1875.636488,1874.735156,1874.973155,1875.583155,1881.047816,1,2.99999999999994,0.0299999999999997,7.00000000000003,1,2,66,0.5
104,1883.715813,1882.919147,1882.956481,1883.66248,1890.905806,0,2.99999999999994,0.0299999999999997,5.99999999999996,2,1,65,0.5
105,1893.57247,1892.689804,1892.866471,1893.519137,1917.607113,0,2.99999999999994,0.0299999999999997,5.99999999999996,2,1,65,0.5
106,1919.746444,1918.689778,1918.863778,1919.644444,1923.98044,1,NaN,0.00999999999999943,7.00000000000003,0,2,66,0.5
107,1926.64977,1925.747105,1926.053771,1926.597104,1931.370432,1,2.99999999999994,0.0299999999999997,7.00000000000003,1,2,66,0.5
108,1933.89243,1933.080431,1933.225097,1933.89243,1940.867756,0,NaN,0,7.00000000000003,0,2,66,0.5
109,1942.473088,1941.719089,1941.882422,1942.473088,1958.490405,0,NaN,0,7.00000000000003,1,2,66,0.5
110,1961.203072,1960.111737,1960.249737,1961.101069,1968.674395,0,NaN,0.00999999999999943,5.99999999999996,0,1,65,0.5
111,1971.365059,1970.229727,1970.513726,1971.263059,1976.228387,1,NaN,0.00999999999999943,7.00000000000003,0,2,66,0.5
112,1980.202383,1978.936385,1979.359718,1980.149051,1982.621048,0,2.99999999999994,0.0299999999999997,5.99999999999996,2,1,65,0.5
113,1984.676379,1983.447047,1984.033046,1984.623046,1989.585041,1,2.99999999999994,0.0299999999999997,7.00000000000003,1,2,66,0.5
114,1991.845038,1990.845039,1991.051039,1991.845038,1997.405033,0,NaN,0,7.00000000000003,1,2,66,0.5
115,1999.434364,1998.181699,1998.640365,1999.381031,2004.363693,0,2.99999999999994,0.0299999999999997,5.99999999999996,2,1,65,0.5
116,2560.82247,2558.983805,2559.149138,2560.769136,2574.289789,1,2.99999999999994,0.0299999999999997,7.00000000000003,1,2,66,0.5
117,2576.861787,2575.789121,2575.919788,2576.808454,2581.009783,1,2.99999999999994,0.0299999999999997,7.00000000000003,1,2,66,0.5
118,2584.299779,2582.563114,2583.370447,2584.246446,2586.249777,0,2.99999999999994,0.0299999999999997,5.99999999999996,2,1,65,0.5
119,2589.017108,2587.992442,2588.08511,2588.963775,2593.608437,1,2.99999999999994,0.0299999999999997,7.00000000000003,1,2,66,0.5
120,2595.900434,2594.792436,2595.000435,2595.900434,2600.113097,0,NaN,0,7.00000000000003,1,2,66,0.5
121,2602.787761,2601.500429,2601.551095,2602.787761,2609.708421,1,NaN,0,5.99999999999996,2,1,65,0.5
122,2611.619085,2610.481753,2610.979086,2611.619085,2617.04708,0,NaN,0,7.00000000000003,1,2,66,0.5
123,2618.961745,2617.827746,2618.272412,2618.961745,2624.291739,0,NaN,0,7.00000000000003,1,2,66,0.5
124,2626.613737,2625.290405,2625.811071,2626.613737,2631.435732,1,NaN,0,5.99999999999996,2,1,65,0.5
125,3235.440462,3233.24913,3233.36713,3235.437795,3246.58645,1,2.99999999999994,0.0299999999999997,7.00000000000003,1,2,66,0.5
126,3251.227112,3249.670447,3249.84378,3251.227112,3251.883112,0,NaN,0,7.00000000000003,1,2,66,0.5
127,3263.245767,3261.827768,3262.512434,3263.245767,3264.6411,1,NaN,0,5.99999999999996,2,1,65,0.5
128,3271.341092,3270.12576,3270.355093,3271.287759,3278.439752,0,2.99999999999994,0.0299999999999997,5.99999999999996,2,1,65,0.5
129,3280.617083,3279.510417,3279.81575,3280.617083,3285.439745,1,NaN,0,5.99999999999996,2,1,65,0.5
130,3291.851739,3290.551741,3290.61974,3291.851739,3297.987732,0,NaN,0,7.00000000000003,1,2,66,0.5
131,3301.818395,3300.59973,3301.083729,3301.765062,3305.454392,1,2.99999999999994,0.0299999999999997,7.00000000000003,1,2,66,0.5
132,3308.733722,3307.43839,3307.521056,3308.680388,3312.337718,0,2.99999999999994,0.0299999999999997,5.99999999999996,2,1,65,0.5
133,3314.817716,3313.79705,3314.053716,3314.817716,3320.662376,1,NaN,0,5.99999999999996,2,1,65,0.5
134,3322.449708,3321.317709,3321.779042,3322.449708,3329.421034,0,NaN,0,7.00000000000003,1,2,66,0.5
135,3334.360363,3333.091031,3333.75903,3334.360363,3340.923023,0,NaN,0,7.00000000000003,1,2,66,0.5
136,3343.728353,3341.590355,3341.787022,3343.728353,3348.573015,0,NaN,0,7.00000000000003,1,2,66,0.5
137,3351.195012,3349.372348,3350.384347,3351.195012,3357.081007,1,NaN,0,5.99999999999996,2,1,65,0.5
138,3359.721671,3358.475005,3358.897671,3359.668337,3363.416334,0,2.99999999999994,0.0299999999999997,5.99999999999996,2,1,65,0.5
139,3365.240332,3364.368999,3364.576999,3365.240332,3371.046993,0,NaN,0,7.00000000000003,1,2,66,0.5
140,3373.91299,3372.570991,3373.146324,3373.859656,3409.650954,1,2.99999999999994,0.0299999999999997,7.00000000000003,1,2,66,0.5
141,3410.854953,3410.012287,3410.32162,3410.854953,3420.50361,1,NaN,0,5.99999999999996,0,1,65,0.5
142,3423.024274,3422.234275,3422.280275,3422.970941,3427.115603,1,2.99999999999994,0.0299999999999997,7.00000000000003,1,2,66,0.5
143,3429.094935,3428.072269,3428.450269,3429.094935,3434.776929,1,NaN,0,5.99999999999996,2,1,65,0.5
144,3437.476926,3435.455595,3435.923594,3437.423593,3442.586921,0,2.99999999999994,0.0299999999999997,5.99999999999996,2,1,65,0.5
145,3445.674918,3443.859586,3444.888252,3445.572918,3452.640244,0,NaN,0.00999999999999943,5.99999999999996,0,1,65,0.5
146,3454.376243,3453.361577,3453.75091,3454.376243,3460.78557,1,NaN,0,5.99999999999996,2,1,65,0.5
147,3462.876901,3461.929568,3462.250901,3462.876901,3465.190898,1,NaN,0,5.99999999999996,2,1,65,0.5
148,3470.318893,3469.234228,3469.602894,3470.318893,3473.32889,1,NaN,0,5.99999999999996,2,1,65,0.5
149,3477.662886,3476.474887,3477.084887,3477.609553,3511.458186,1,2.99999999999994,0.0299999999999997,7.00000000000003,1,2,66,0.5
150,3513.078184,3512.216185,3512.565518,3513.078184,3518.690178,1,NaN,0,5.99999999999996,2,1,65,0.5
151,3524.726172,3523.443507,3524.004173,3524.672839,3529.482834,1,2.99999999999994,0.0299999999999997,7.00000000000003,1,2,66,0.5
152,3532.286831,3530.680833,3530.880166,3532.286831,3537.06816,0,NaN,0,7.00000000000003,1,2,66,0.5
153,3538.996158,3537.930159,3538.342159,3538.996158,3544.644152,1,NaN,0,5.99999999999996,2,1,65,0.5
154,3547.232816,3545.340818,3546.018818,3547.179483,3552.944811,0,2.99999999999994,0.0299999999999997,5.99999999999996,2,1,65,0.5
155,3555.900808,3555.040142,3555.222808,3555.900808,3560.160137,0,NaN,0,7.00000000000003,1,2,66,0.5
156,3565.340798,3561.655469,3562.782134,3565.287465,3567.938796,1,2.99999999999994,0.0299999999999997,7.00000000000003,1,2,66,0.5
157,3570.684793,3569.347461,3569.636127,3570.684793,3576.69212,1,NaN,0,5.99999999999996,2,1,65,0.5
158,3589.378774,3588.473442,3588.707442,3589.378774,3594.648769,1,NaN,0,5.99999999999996,2,1,65,0.5
159,3598.592098,3597.283433,3597.894766,3598.538765,3610.32142,1,2.99999999999994,0.0299999999999997,7.00000000000003,1,2,66,0.5
160,3613.521417,3611.960752,3612.180751,3613.468084,3620.344743,1,2.99999999999994,0.0299999999999997,7.00000000000003,1,2,66,0.5
161,3623.192741,3622.210075,3622.416075,3623.139407,3627.10207,1,2.99999999999994,0.0299999999999997,7.00000000000003,1,2,66,0.5
162,3630.678733,3628.969401,3629.022068,3630.6254,3635.533395,0,2.99999999999994,0.0299999999999997,5.99999999999996,2,1,65,0.5
163,3638.502725,3637.412726,3637.922726,3638.502725,3644.786052,1,NaN,0,5.99999999999996,2,1,65,0.5
164,3647.504716,3646.715384,3646.886717,3647.504716,3654.198043,1,NaN,0,5.99999999999996,2,1,65,0.5
165,3656.985373,3655.598041,3656.248707,3656.93204,3661.208036,1,2.99999999999994,0.0299999999999997,7.00000000000003,1,2,66,0.5
166,3664.494699,3663.1947,3663.831366,3664.494699,3672.884024,1,NaN,0,5.99999999999996,2,1,65,0.5
167,3675.375355,3674.036023,3674.585356,3675.375355,3681.355349,0,NaN,0,7.00000000000003,1,2,66,0.5
168,3683.835346,3682.745348,3683.144014,3683.835346,3690.450007,0,NaN,0,7.00000000000003,1,2,66,0.5
169,3692.730671,3691.292006,3691.880005,3692.730671,3698.887998,0,NaN,0,7.00000000000003,1,2,66,0.5
170,3700.941996,3699.673331,3700.16533,3700.888663,3707.477323,0,2.99999999999994,0.0299999999999997,5.99999999999996,2,1,65,0.5
171,3709.646654,3708.649988,3708.950655,3709.593321,3716.641314,1,2.99999999999994,0.0299999999999997,7.00000000000003,1,2,66,0.5
172,3718.839978,3718.092646,3718.149979,3718.786645,3731.644632,0,2.99999999999994,0.0299999999999997,5.99999999999996,2,1,65,0.5
173,3733.793297,3732.714631,3732.803298,3733.793297,3741.379289,0,NaN,0,7.00000000000003,1,2,66,0.5
174,3743.741953,3742.475954,3742.962621,3743.68862,3748.980615,1,2.99999999999994,0.0299999999999997,7.00000000000003,1,2,66,0.5
175,3754.153943,3752.847944,3753.37061,3754.10061,3761.779269,1,2.99999999999994,0.0299999999999997,7.00000000000003,1,2,66,0.5
176,3764.400599,3763.142601,3763.629267,3764.400599,3770.428593,0,NaN,0,7.00000000000003,1,2,66,0.5
177,3772.499258,3771.251259,3771.785259,3772.499258,3779.601917,1,NaN,0,5.99999999999996,2,1,65,0.5
178,3783.100581,3781.846582,3782.392581,3783.047247,3794.115903,1,2.99999999999994,0.0299999999999997,7.00000000000003,1,2,66,0.5
179,3796.137901,3794.772569,3795.299902,3796.084568,3800.22923,0,2.99999999999994,0.0299999999999997,5.99999999999996,2,1,65,0.5
180,3802.449228,3801.342562,3801.755229,3802.449228,3809.129888,1,NaN,0,5.99999999999996,2,1,65,0.5
181,3811.491886,3810.372553,3810.735886,3811.439219,3829.234534,0,2.99999999999994,0.0299999999999997,5.99999999999996,2,1,65,0.5
182,3831.823198,3830.7452,3831.081866,3831.823198,3836.705194,1,NaN,0,5.99999999999996,2,1,65,0.5
183,3838.820525,3837.713859,3838.099859,3838.767192,3854.11651,0,2.99999999999994,0.0299999999999997,5.99999999999996,2,1,65,0.5
184,3856.596507,3855.297842,3855.820508,3856.495174,3860.919169,1,NaN,0.00999999999999943,7.00000000000003,0,2,66,0.5
185,3863.008501,3861.941835,3862.271168,3863.008501,3868.313829,1,NaN,0,5.99999999999996,2,1,65,0.5
186,3870.20116,3869.110495,3869.451828,3870.20116,3876.047154,1,NaN,0,5.99999999999996,2,1,65,0.5
187,3877.971819,3876.747154,3877.293153,3877.918486,3881.586482,0,2.99999999999994,0.0299999999999997,5.99999999999996,2,1,65,0.5
188,3884.155146,3882.971814,3883.343147,3884.155146,3890.33514,1,NaN,0,5.99999999999996,2,1,65,0.5
189,3892.672472,3891.427806,3891.941805,3892.672472,3898.431799,0,NaN,0,7.00000000000003,1,2,66,0.5
190,3900.47913,3899.166464,3899.809131,3900.47913,3906.379791,1,NaN,0,5.99999999999996,2,1,65,0.5
191,3910.21312,3909.017788,3909.464454,3910.159787,3915.163782,0,2.99999999999994,0.0299999999999997,5.99999999999996,2,1,65,0.5
192,3918.541112,3917.498446,3917.722446,3918.487778,3935.802428,0,2.99999999999994,0.0299999999999997,5.99999999999996,2,1,65,0.5
193,3938.163092,3937.095093,3937.484426,3938.163092,4004.757692,0,NaN,0,7.00000000000003,1,2,66,0.5
194,4007.585023,4006.683024,4006.787024,4007.585023,4012.076352,1,NaN,0,5.99999999999996,2,1,65,0.5
195,4014.944349,4013.845016,4014.242349,4014.944349,4021.465009,1,NaN,0,5.99999999999996,2,1,65,0.5
196,4788.994908,4780.462917,4781.516249,NaN,5302.285062,NaN,NaN,0,7.00000000000003,1,2,66,0.5
197,5304.293726,5303.126394,5303.654393,5304.293726,5717.735313,0,NaN,0,7.00000000000003,1,2,66,0.5
198,5725.201305,5723.877306,5724.616639,5725.201305,5740.00929,0,NaN,0,7.00000000000003,1,2,66,0.5
199,5742.610621,5741.251956,5741.533289,5742.610621,5775.101255,0,NaN,0,7.00000000000003,1,2,66,0.5
200,5779.991917,5778.245252,5778.351252,5779.991917,5786.596577,0,NaN,0,7.00000000000003,1,2,66,0.5
201,5796.814567,5791.697905,5791.767239,NaN,NaN,NaN,NaN,0,7.00000000000003,1,2,66,0.5
202,6302.225395,6298.828065,6299.220064,6302.225395,6924.736107,0,NaN,0,7.00000000000003,1,2,66,0.5
203,6933.934763,6930.727433,6931.047433,6933.934763,6942.277421,0,NaN,0,7.00000000000003,1,2,66,0.5
204,6946.190084,6944.590086,6944.822085,6946.136751,7284.327079,1,2.99999999999994,0.0299999999999997,7.00000000000003,1,2,66,0.5
205,7287.393076,7286.295744,7286.51441,7287.393076,7860.390503,0,NaN,0,7.00000000000003,1,2,66,0.5
206,7867.933162,7865.749165,7866.66183,7867.933162,7886.478477,1,NaN,0,5.99999999999996,2,1,65,0.5
207,7888.279809,7887.301143,7887.460476,7888.279809,8670.69636,1,NaN,0,5.99999999999996,2,1,65,0.5
208,8681.109683,8673.061024,8673.157024,8681.109683,8688.441675,1,NaN,0,5.99999999999996,2,1,65,0.5
209,8693.227004,8692.323671,8692.423005,8693.227004,8777.141587,1,NaN,0,5.99999999999996,2,1,65,0.5
210,8801.007563,8798.140899,8798.249565,8800.954896,8806.994223,1,2.99999999999994,0.0299999999999997,7.00000000000003,1,2,66,0.5
211,8909.748121,8907.217456,8907.516123,8909.748121,8920.562776,1,NaN,0,5.99999999999996,2,1,65,0.5
212,8923.184107,8921.658775,8922.091442,8923.130774,8925.194772,0,2.99999999999994,0.0299999999999997,5.99999999999996,2,1,65,0.5
213,8927.457436,8926.598104,8926.788104,8927.457436,8940.993423,1,NaN,0,5.99999999999996,2,1,65,0.5
214,8943.064754,8941.757422,8942.346088,8943.011421,8949.790747,1,2.99999999999994,0.0299999999999997,7.00000000000003,1,2,66,0.5
215,8952.110745,8950.856079,8951.354079,8952.110745,8979.99805,0,NaN,0,7.00000000000003,1,2,66,0.5
216,8982.500714,8981.171382,8981.814049,8982.500714,8993.578037,1,NaN,0,5.99999999999996,2,1,65,0.5
217,8995.680035,8994.993369,8995.028035,8995.626701,9001.072029,1,2.99999999999994,0.0299999999999997,7.00000000000003,1,2,66,0.5
218,9004.280693,9002.954694,9003.468027,9004.280693,9007.950689,0,NaN,0,7.00000000000003,1,2,66,0.5
219,9011.511352,9009.841354,9010.511353,9011.511352,9015.949348,1,NaN,0,5.99999999999996,2,1,65,0.5
220,9018.892678,9017.728013,9018.173345,9018.839345,9022.208008,0,2.99999999999994,0.0299999999999997,5.99999999999996,2,1,65,0.5
221,9024.687339,9023.610673,9023.956673,9024.634006,9043.81732,0,2.99999999999994,0.0299999999999997,5.99999999999996,2,1,65,0.5
222,9046.51665,9045.526651,9045.803318,9046.51665,9051.839978,0,NaN,0,7.00000000000003,1,2,66,0.5
223,9054.267309,9053.28731,9053.517977,9054.267309,9294.133736,1,NaN,0,5.99999999999996,2,1,65,0.5
224,9299.402398,9297.970399,9298.435065,9299.349064,9302.655728,0,2.99999999999994,0.0299999999999997,5.99999999999996,2,1,65,0.5
225,9306.406391,9305.187725,9305.461725,9306.406391,9311.547719,0,NaN,0,7.00000000000003,1,2,66,0.5
226,9314.699716,9313.583717,9313.86705,9314.699716,10612.894417,1,NaN,0,5.99999999999996,2,1,65,0.5
227,10615.323082,10613.855083,10614.338416,10615.320415,10634.760396,1,2.99999999999994,0.0299999999999997,7.00000000000003,1,2,66,0.5
228,10637.616393,10636.321061,10636.80106,10637.563059,10661.236369,1,2.99999999999994,0.0299999999999997,7.00000000000003,1,2,66,0.5
229,10664.723699,10662.233035,10662.851701,10664.670366,10672.246358,0,2.99999999999994,0.0299999999999997,5.99999999999996,2,1,65,0.5
230,10674.616356,10673.545024,10673.920356,10674.616356,10683.143014,1,NaN,0,5.99999999999996,2,1,65,0.5
231,10685.825678,10684.660346,10685.178345,10685.825678,10690.889006,0,NaN,0,7.00000000000003,0,2,66,0.5
232,10693.18767,10691.749672,10692.453005,10693.134337,10715.242315,1,2.99999999999994,0.0299999999999997,7.00000000000003,1,2,66,0.5
233,10718.856978,10717.908979,10717.990979,10718.754978,10724.356306,1,NaN,0.00999999999999943,7.00000000000003,0,2,66,0.5
234,10726.711637,10725.640305,10725.747638,10726.658304,10731.764299,1,2.99999999999994,0.0299999999999997,7.00000000000003,1,2,66,0.5
235,10735.075629,10733.528963,10734.316296,10735.075629,10740.471623,0,NaN,0,7.00000000000003,1,2,66,0.5
236,10742.532954,10741.424956,10741.854288,10742.532954,10748.611615,1,NaN,0,5.99999999999996,2,1,65,0.5
237,10751.790279,10750.666946,10751.036279,10751.736945,10758.480939,0,2.99999999999994,0.0299999999999997,5.99999999999996,2,1,65,0.5
238,10761.921602,10761.114269,10761.295602,10761.921602,10766.662264,0,NaN,0,7.00000000000003,1,2,66,0.5
239,10768.834261,10767.441596,10767.998929,10768.780928,10774.182256,1,2.99999999999994,0.0299999999999997,7.00000000000003,1,2,66,0.5
240,10777.326253,10776.521587,10776.60892,10777.27292,10785.424245,1,2.99999999999994,0.0299999999999997,7.00000000000003,1,2,66,0.5
241,10787.990242,10786.786244,10787.25491,10787.936909,10794.08557,1,2.99999999999994,0.0299999999999997,7.00000000000003,1,2,66,0.5
242,10796.8789,10795.580901,10796.163567,10796.8789,10802.396895,0,NaN,0,7.00000000000003,1,2,66,0.5
243,10805.606225,10804.084226,10804.894892,10805.552891,10808.374222,1,2.99999999999994,0.0299999999999997,7.00000000000003,1,2,66,0.5
244,10810.816886,10809.446221,10810.171553,10810.816886,10816.494214,1,NaN,0,5.99999999999996,2,1,65,0.5
245,10818.883545,10818.170212,10818.254212,10818.883545,10824.758872,0,NaN,0,7.00000000000003,1,2,66,0.5
246,10826.764204,10825.384872,10825.919538,10826.71087,10832.074198,1,2.99999999999994,0.0299999999999997,7.00000000000003,1,2,66,0.5
247,10834.844862,10833.290864,10833.800197,10834.791529,10838.108859,0,2.99999999999994,0.0299999999999997,5.99999999999996,2,1,65,0.5
248,10840.42619,10839.418191,10839.592191,10840.42619,10848.196849,0,NaN,0,7.00000000000003,1,2,66,0.5
249,10851.319512,10850.404847,10850.588846,10851.316846,10856.89684,1,2.99999999999994,0.0299999999999997,7.00000000000003,1,2,66,0.5
250,10860.238837,10858.348172,10858.957505,10860.185504,10899.786131,1,2.99999999999994,0.0299999999999997,7.00000000000003,1,2,66,0.5
251,10902.208795,10900.935463,10901.254796,10902.208795,10906.885457,1,NaN,0,5.99999999999996,2,1,65,0.5
252,10909.266788,10907.889456,10908.536122,10909.213454,10912.682118,1,2.99999999999994,0.0299999999999997,7.00000000000003,1,2,66,0.5
253,10916.460114,10915.312782,10915.610781,10916.406781,10929.9361,0,2.99999999999994,0.0299999999999997,5.99999999999996,2,1,65,0.5
254,10948.340749,10947.284083,10947.368083,10948.340749,10954.822075,1,NaN,0,5.99999999999996,2,1,65,0.5
255,10956.98474,10955.450075,10956.151408,10956.931407,10963.013401,0,2.99999999999994,0.0299999999999997,5.99999999999996,2,1,65,0.5
256,10965.163398,10964.258066,10964.508066,10965.163398,10970.174727,0,NaN,0,7.00000000000003,1,2,66,0.5
257,10972.399391,10971.180726,10971.583392,10972.346058,10976.362054,1,2.99999999999994,0.0299999999999997,7.00000000000003,1,2,66,0.5
258,10979.116718,10977.953386,10978.309385,10979.064051,10983.715384,1,2.99999999999994,0.0299999999999997,7.00000000000003,1,2,66,0.5
259,10986.778044,10985.296045,10985.770045,10986.676044,10993.534703,1,NaN,0.00999999999999943,7.00000000000003,0,2,66,0.5
260,10995.520702,10994.320036,10994.912702,10995.520702,11002.005362,0,NaN,0,7.00000000000003,1,2,66,0.5
261,11004.04536,11002.582694,11003.32536,11003.992026,11005.804691,1,2.99999999999994,0.0299999999999997,7.00000000000003,1,2,66,0.5
262,11008.642688,11007.306023,11007.814689,11008.589355,11014.044016,1,2.99999999999994,0.0299999999999997,7.00000000000003,1,2,66,0.5
263,11016.430014,11015.290015,11015.665348,11016.376681,11022.840674,0,2.99999999999994,0.0299999999999997,5.99999999999996,2,1,65,0.5
264,11026.359337,11025.261338,11025.506005,11026.359337,11032.343331,0,NaN,0,7.00000000000003,1,2,66,0.5
265,11034.253996,11032.914664,11033.506663,11034.200663,11040.003324,1,2.99999999999994,0.0299999999999997,7.00000000000003,1,2,66,0.5
266,11042.163321,11041.061989,11041.462656,11042.163321,11047.429316,1,NaN,0,5.99999999999996,0,1,65,0.5
267,11049.495981,11048.146649,11048.624648,11049.442648,11054.313976,1,2.99999999999994,0.0299999999999997,7.00000000000003,1,2,66,0.5
268,11056.354641,11055.272642,11055.668641,11056.354641,11061.859302,1,NaN,0,5.99999999999996,0,1,65,0.5
269,11063.9133,11062.520635,11063.2393,11063.860633,11066.339297,0,2.99999999999994,0.0299999999999997,5.99999999999996,2,1,65,0.5
270,11068.233962,11067.073963,11067.535963,11068.233962,11084.507946,1,NaN,0,5.99999999999996,0,1,65,0.5
271,11085.753945,11084.965945,11085.234612,11085.753945,11091.542605,1,NaN,0,5.99999999999996,0,1,65,0.5
272,11095.008602,11094.219936,11094.411936,11095.008602,11109.061255,1,NaN,0,5.99999999999996,0,1,65,0.5
273,11110.980586,11109.721921,11110.365253,11110.927253,11115.081915,1,2.99999999999994,0.0299999999999997,7.00000000000003,1,2,66,0.5
274,11117.719913,11116.75258,11117.00258,11117.617913,11123.64324,0,NaN,0.00999999999999943,5.99999999999996,0,1,65,0.5
275,11125.841904,11124.444573,11125.125911,11125.788571,11133.27123,1,2.99999999999994,0.0299999999999997,7.00000000000003,1,2,66,0.5
276,11135.339895,11134.265896,11134.539896,11135.339895,11150.676546,1,NaN,0,5.99999999999996,2,1,65,0.5
277,11156.387874,11154.815209,11155.373208,11156.285875,11163.093867,1,NaN,0.00999999999999943,7.00000000000003,0,2,66,0.5
278,11165.090532,11163.652533,11164.357866,11165.090532,11170.73386,0,NaN,0,7.00000000000003,0,2,66,0.5
279,11172.746524,11171.216526,11172.014525,11172.644524,11178.498518,1,NaN,0.00999999999999943,7.00000000000003,0,2,66,0.5
280,11180.310517,11179.042518,11179.567184,11180.257183,11187.990509,0,2.99999999999994,0.0299999999999997,5.99999999999996,2,1,65,0.5
281,11189.881174,11188.763175,11189.169841,11189.828507,11202.499161,0,2.99999999999994,0.0299999999999997,5.99999999999996,2,1,65,0.5
282,11204.425159,11203.31316,11203.81316,11204.425159,11210.076487,0,NaN,0,7.00000000000003,1,2,66,0.5
283,11212.579818,11211.474485,11211.824485,11212.577151,11218.701145,1,2.99999999999994,0.0299999999999997,7.00000000000003,1,2,66,0.5
284,11220.904476,11219.917144,11220.10581,11220.802476,11225.957804,0,NaN,0.00999999999999943,5.99999999999996,0,1,65,0.5
285,11227.778469,11226.619804,11227.039803,11227.676469,11232.959131,0,NaN,0.00999999999999943,5.99999999999996,0,1,65,0.5
286,11234.676462,11233.566463,11234.083796,11234.676462,11240.523123,0,NaN,0,7.00000000000003,1,2,66,0.5
287,11245.703118,11244.366453,11244.965785,11245.649785,11251.555112,1,2.99999999999994,0.0299999999999997,7.00000000000003,1,2,66,0.5
288,11253.909776,11252.713778,11253.262444,11253.909776,11269.629094,0,NaN,0,7.00000000000003,1,2,66,0.5
289,11281.059083,11279.994417,11280.424417,11281.059083,11284.01508,1,NaN,0,5.99999999999996,2,1,65,0.5
290,11289.265741,11288.463075,11288.601742,11289.265741,11295.791735,0,NaN,0,7.00000000000003,1,2,66,0.5
291,11298.286399,11296.949067,11297.607066,11298.286399,11304.306393,0,NaN,0,7.00000000000003,1,2,66,0.5
292,11306.272391,11304.915059,11305.414392,11306.219057,11308.197055,0,2.99999999999994,0.0299999999999997,5.99999999999996,2,1,65,0.5
293,11310.172387,11309.020389,11309.587721,11310.172387,11314.000383,0,NaN,0,7.00000000000003,1,2,66,0.5
294,11316.867713,11315.667715,11316.222381,11316.81438,11322.552374,1,2.99999999999994,0.0299999999999997,7.00000000000003,1,2,66,0.5
295,11325.609038,11324.04504,11324.441039,11325.555705,11333.973696,1,2.99999999999994,0.0299999999999997,7.00000000000003,1,2,66,0.5
296,11335.961694,11334.613029,11335.053029,11335.961694,11340.853023,1,NaN,0,5.99999999999996,2,1,65,0.5
297,11343.087021,11341.381022,11342.356355,11343.033687,11357.527673,0,2.99999999999994,0.0299999999999997,5.99999999999996,2,1,65,0.5
298,11359.207671,11358.215672,11358.519005,11359.154338,11368.992995,0,2.99999999999994,0.0299999999999997,5.99999999999996,2,1,65,0.5
299,11371.038326,11369.698327,11370.270993,11370.984993,11377.733653,1,2.99999999999994,0.0299999999999997,7.00000000000003,1,2,66,0.5
300,11379.88165,11378.966985,11379.013651,11379.828317,11411.531619,0,2.99999999999994,0.0299999999999997,5.99999999999996,2,1,65,0.5
301,11415.766281,11414.670949,11414.856282,11415.712948,11426.272937,1,2.99999999999994,0.0299999999999997,7.00000000000003,1,2,66,0.5
302,11428.712268,11427.592936,11428.026269,11428.712268,11434.85093,0,NaN,0,7.00000000000003,1,2,66,0.5
303,11437.07626,11435.920261,11436.356261,11437.022927,11450.876913,1,2.99999999999994,0.0299999999999997,7.00000000000003,1,2,66,0.5
304,11453.138911,11451.900912,11452.286245,11453.085577,11455.620908,0,2.99999999999994,0.0299999999999997,5.99999999999996,2,1,65,0.5
305,11458.361572,11457.376906,11457.660239,11458.361572,11464.220233,0,NaN,0,7.00000000000003,1,2,66,0.5
306,11466.222897,11464.938899,11465.488898,11466.169564,11471.244226,1,2.99999999999994,0.0299999999999997,7.00000000000003,1,2,66,0.5
307,11473.608223,11472.438225,11472.834891,11473.55489,11480.76755,1,2.99999999999994,0.0299999999999997,7.00000000000003,1,2,66,0.5
308,11483.30888,11482.142882,11482.499548,11483.30888,11488.999541,1,NaN,0,5.99999999999996,2,1,65,0.5
309,11490.978206,11489.779541,11490.284207,11490.978206,11497.709533,1,NaN,0,5.99999999999996,2,1,65,0.5
310,11499.612864,11498.457532,11498.848198,11499.559531,11504.083526,0,2.99999999999994,0.0299999999999997,5.99999999999996,2,1,65,0.5
311,11506.418191,11505.319525,11505.632858,11506.364857,11520.602843,0,2.99999999999994,0.0299999999999997,5.99999999999996,2,1,65,0.5
312,11523.28484,11522.231508,11522.540841,11523.231507,11524.823505,0,2.99999999999994,0.0299999999999997,5.99999999999996,2,1,65,0.5
313,11528.145502,11527.305503,11527.356836,11528.092169,11532.676164,1,2.99999999999994,0.0299999999999997,7.00000000000003,1,2,66,0.5
314,11536.757494,11535.887494,11536.156161,11536.757494,11561.955468,1,NaN,0,5.99999999999996,2,1,65,0.5
315,11563.996133,11562.611468,11563.082801,11563.9428,11568.831461,0,2.99999999999994,0.0299999999999997,5.99999999999996,2,1,65,0.5
316,11571.327459,11570.26946,11570.642793,11571.274126,11579.674117,0,2.99999999999994,0.0299999999999997,5.99999999999996,2,1,65,0.5
317,11582.063448,11581.144116,11581.402116,11582.063448,11588.696775,0,NaN,0,7.00000000000003,1,2,66,0.5
318,11590.45144,11589.286108,11589.739441,11590.398107,11600.718097,0,2.99999999999994,0.0299999999999997,5.99999999999996,2,1,65,0.5
319,11602.906094,11601.600095,11602.056762,11602.903427,11609.096088,1,2.99999999999994,0.0299999999999997,7.00000000000003,1,2,66,0.5
320,11611.602752,11610.202753,11610.544753,11611.549419,11620.825409,1,2.99999999999994,0.0299999999999997,7.00000000000003,1,2,66,0.5
321,11623.048741,11621.766075,11622.176741,11623.046074,11643.85672,0,2.99999999999994,0.0299999999999997,5.99999999999996,2,1,65,0.5
322,11645.982051,11645.144718,11645.256718,11645.982051,11652.546711,1,NaN,0,5.99999999999996,2,1,65,0.5
323,11654.631376,11653.24071,11653.73671,11654.628709,11657.585373,0,2.99999999999994,0.0299999999999997,5.99999999999996,2,1,65,0.5
324,11659.807371,11658.762038,11659.166705,11659.807371,11666.317364,0,NaN,0,7.00000000000003,0,2,66,0.5
325,11667.849362,11666.765364,11667.205363,11667.849362,11674.312689,1,NaN,0,5.99999999999996,2,1,65,0.5
326,11676.346687,11675.210688,11675.619355,11676.293354,11685.348012,0,2.99999999999994,0.0299999999999997,5.99999999999996,2,1,65,0.5
327,11688.008009,11686.951343,11687.333343,11687.954676,11701.063329,0,2.99999999999994,0.0299999999999997,5.99999999999996,2,1,65,0.5
328,11704.197993,11703.109994,11703.40666,11704.197993,11712.435318,0,NaN,0,7.00000000000003,1,2,66,0.5
329,11717.643979,11716.372647,11716.818647,11717.590646,11721.749975,1,2.99999999999994,0.0299999999999997,7.00000000000003,1,2,66,0.5
330,11724.111306,11723.179307,11723.386641,11724.057973,11726.687304,0,2.99999999999994,0.0299999999999997,5.99999999999996,2,1,65,0.5
331,11730.3853,11729.175968,11729.664634,11730.331967,11735.982628,1,2.99999999999994,0.0299999999999997,7.00000000000003,1,2,66,0.5
332,11738.323292,11737.278626,11737.45396,11738.269959,11749.507947,0,2.99999999999994,0.0299999999999997,5.99999999999996,2,1,65,0.5
333,11751.595945,11750.24728,11750.728613,11751.542612,11756.972607,1,2.99999999999994,0.0299999999999997,7.00000000000003,1,2,66,0.5
334,11759.209271,11757.972606,11758.377939,11759.155938,11768.639262,0,2.99999999999994,0.0299999999999997,5.99999999999996,2,1,65,0.5
335,11774.459256,11773.19859,11773.63259,11774.405923,11777.819253,1,2.99999999999994,0.0299999999999997,7.00000000000003,1,2,66,0.5
336,11780.104584,11778.967918,11779.223918,11780.101917,11781.781915,0,2.99999999999994,0.0299999999999997,5.99999999999996,2,1,65,0.5
337,11783.73258,11782.651248,11782.940581,11783.73258,11790.418573,0,NaN,0,7.00000000000003,1,2,66,0.5
338,11792.379905,11790.969906,11791.523239,11792.326571,11795.507901,1,2.99999999999994,0.0299999999999997,7.00000000000003,1,2,66,0.5
339,11797.722566,11796.565234,11796.9579,11797.669233,11799.430564,1,2.99999999999994,0.0299999999999997,7.00000000000003,1,2,66,0.5
340,11801.413896,11800.127897,11800.664563,11801.360562,11808.005222,0,2.99999999999994,0.0299999999999997,5.99999999999996,2,1,65,0.5
341,11810.336553,11809.341888,11809.681221,11810.336553,11813.673883,0,NaN,0,7.00000000000003,1,2,66,0.5
342,11896.117134,11894.906469,11895.281802,11896.063801,11901.713129,1,2.99999999999994,0.0299999999999997,7.00000000000003,1,2,66,0.5
343,11903.915126,11903.097133,11903.149794,11903.861793,11910.355787,0,2.99999999999994,0.0299999999999997,5.99999999999996,2,1,65,0.5
344,11913.129117,11911.987785,11912.341118,11913.075784,11917.905779,1,2.99999999999994,0.0299999999999997,7.00000000000003,1,2,66,0.5
345,11920.222443,11919.216444,11919.497111,11920.16911,11925.758438,1,2.99999999999994,0.0299999999999997,7.00000000000003,1,2,66,0.5
346,11928.549102,11927.436436,11927.774436,11928.495768,11938.095092,0,2.99999999999994,0.0299999999999997,5.99999999999996,2,1,65,0.5
347,11940.406423,11939.409758,11939.668424,11940.406423,11946.237084,1,NaN,0,5.99999999999996,2,1,65,0.5
348,11948.202415,11946.895083,11947.388416,11948.149082,11951.505079,1,2.99999999999994,0.0299999999999997,7.00000000000003,1,2,66,0.5
349,11953.50841,11952.249078,11952.712411,11953.455077,11957.696406,1,2.99999999999994,0.0299999999999997,7.00000000000003,1,2,66,0.5
350,11959.837737,11958.681072,11959.081071,11959.837737,11963.991733,1,NaN,0,5.99999999999996,2,1,65,0.5
351,11967.10973,11965.937064,11966.468397,11967.10973,11973.367724,1,NaN,0,5.99999999999996,2,1,65,0.5
352,11976.194387,11975.223055,11975.562388,11976.194387,11983.523047,1,NaN,0,5.99999999999996,2,1,65,0.5
353,11985.467712,11984.151713,11984.619046,11985.414378,11988.922375,1,2.99999999999994,0.0299999999999997,7.00000000000003,1,2,66,0.5
354,11991.283039,11990.02104,11990.467707,11991.283039,11998.095032,1,NaN,0,5.99999999999996,2,1,65,0.5
355,12000.176363,11998.898365,11999.503031,12000.176363,12007.440356,1,NaN,0,5.99999999999996,2,1,65,0.5
356,12009.459688,12008.117025,12008.752355,12009.407026,12013.259017,0,2.99999999999994,0.0299999999999997,5.99999999999996,2,1,65,0.5
357,12015.065015,12014.14435,12014.198349,12015.011682,12024.773672,0,2.99999999999994,0.0299999999999997,5.99999999999996,2,1,65,0.5
358,12026.445004,12025.428338,12025.772338,12026.430337,12031.512332,0,2.99999999999994,0.0299999999999997,5.99999999999996,2,1,65,0.5
359,12033.42233,12032.542331,12032.794998,12033.368997,12043.074987,0,2.99999999999994,0.0299999999999997,5.99999999999996,2,1,65,0.5
360,12045.664318,12044.799652,12044.940985,12045.610985,12051.906978,0,2.99999999999994,0.0299999999999997,5.99999999999996,2,1,65,0.5
361,12054.238976,12053.30431,12053.484977,12054.238976,12061.477635,0,NaN,0,7.00000000000003,1,2,66,0.5
362,12064.0883,12062.931634,12063.380967,12064.034966,12070.836959,0,2.99999999999994,0.0299999999999997,5.99999999999996,2,1,65,0.5
363,12073.672957,12072.852957,12073.024291,12073.672957,12579.210451,1,NaN,0,5.99999999999996,2,1,65,0.5
364,12581.951115,12580.525783,12580.901116,12581.951115,12598.475765,1,NaN,0,5.99999999999996,2,1,65,0.5
365,12601.151762,12600.089097,12600.24443,12601.098429,12611.295752,0,2.99999999999994,0.0299999999999997,5.99999999999996,2,1,65,0.5
366,12623.82574,12622.639074,12622.842407,12623.82574,12633.013064,1,NaN,0,5.99999999999996,2,1,65,0.5
367,12636.182394,12634.741062,12635.219728,12636.129061,12640.075724,0,2.99999999999994,0.0299999999999997,5.99999999999996,2,1,65,0.5
368,12669.458361,12668.031029,12668.227029,12669.405028,12672.077025,0,2.99999999999994,0.0299999999999997,5.99999999999996,2,1,65,0.5
369,12674.987022,12673.887023,12674.179689,12674.933689,12676.860353,1,2.99999999999994,0.0299999999999997,7.00000000000003,1,2,66,0.5
370,12680.619683,12679.050351,12679.502351,12680.56635,12685.491011,0,2.99999999999994,0.0299999999999997,5.99999999999996,2,1,65,0.5
371,12688.253675,12687.001677,12687.374343,12688.253675,12693.21167,0,NaN,0,7.00000000000003,1,2,66,0.5
372,12695.509668,12694.362336,12694.887669,12695.509668,12715.422982,0,NaN,0,7.00000000000003,0,2,66,0.5
373,12719.654977,12718.467645,12718.851645,12719.552977,12725.292972,1,NaN,0.00999999999999943,7.00000000000003,0,2,66,0.5
374,12729.506301,12728.544968,12728.856302,12729.506301,12741.580289,0,NaN,0,7.00000000000003,1,2,66,0.5
375,12744.106286,12742.617621,12743.136287,12744.10362,12747.731616,1,2.99999999999994,0.0299999999999997,7.00000000000003,1,2,66,0.5
376,12750.546947,12748.719615,12749.203614,12750.54428,12754.340276,1,2.99999999999994,0.0299999999999997,7.00000000000003,1,2,66,0.5
377,12757.14094,12755.311608,12755.882941,12757.087607,12761.240269,1,2.99999999999994,0.0299999999999997,7.00000000000003,1,2,66,0.5
378,12763.2756,12761.986935,12762.366935,12763.2756,12781.594915,1,NaN,0,5.99999999999996,2,1,65,0.5
379,12784.377579,12783.092914,12783.420914,12784.377579,12788.002909,0,NaN,0,7.00000000000003,1,2,66,0.5
380,12793.51757,12792.808904,12792.898237,12793.464237,12796.541567,0,2.99999999999994,0.0299999999999997,5.99999999999996,2,1,65,0.5
381,12798.937565,12797.981566,12798.288899,12798.937565,12803.470227,1,NaN,0,5.99999999999996,2,1,65,0.5
382,12805.996891,12804.680226,12805.215558,12805.943558,12807.869556,0,2.99999999999994,0.0299999999999997,5.99999999999996,2,1,65,0.5
383,12810.248887,12808.808221,12809.493554,12810.195553,12816.338214,0,2.99999999999994,0.0299999999999997,5.99999999999996,2,1,65,0.5
384,12818.593545,12817.46488,12817.922212,12818.540212,12824.05154,1,2.99999999999994,0.0299999999999997,7.00000000000003,1,2,66,0.5
385,12827.706869,12826.326871,12826.831537,12827.604869,12832.355531,1,NaN,0.00999999999999943,7.00000000000003,0,2,66,0.5
386,12834.874862,12833.37153,12834.036196,12834.772862,12840.461523,1,NaN,0.00999999999999943,7.00000000000003,0,2,66,0.5
387,12843.074854,12841.774855,12842.419521,12843.074854,12848.820181,0,NaN,0,7.00000000000003,1,2,66,0.5
388,12856.715507,12855.463508,12856.012174,12856.714174,12861.893502,1,NaN,0.00999999999999943,7.00000000000003,0,2,66,0.5
389,12864.252166,12862.996834,12863.564167,12864.198834,12868.996161,1,2.99999999999994,0.0299999999999997,7.00000000000003,1,2,66,0.5
390,12871.668159,12870.34616,12870.781493,12871.665492,12878.226152,1,2.99999999999994,0.0299999999999997,7.00000000000003,1,2,66,0.5
391,12880.375483,12879.132818,12879.608817,12880.32215,12886.352144,0,2.99999999999994,0.0299999999999997,5.99999999999996,2,1,65,0.5
392,12888.896141,12888.066809,12888.106809,12888.842808,12893.84747,0,2.99999999999994,0.0299999999999997,5.99999999999996,2,1,65,0.5
393,12895.765468,12894.799469,12895.133469,12895.743468,12898.509465,0,2.99999999999994,0.0299999999999997,5.99999999999996,2,1,65,0.5
394,12900.595463,12899.490131,12899.997464,12900.595463,12914.162783,0,NaN,0,7.00000000000003,1,2,66,0.5
395,12918.538778,12917.392113,12917.959446,12918.538778,12924.250106,0,NaN,0,7.00000000000003,1,2,66,0.5
396,12926.909437,12925.947438,12926.280771,12926.909437,12930.883433,1,NaN,0,5.99999999999996,2,1,65,0.5
397,12933.738763,12932.687431,12933.106097,12933.68543,12938.896091,1,2.99999999999994,0.0299999999999997,7.00000000000003,1,2,66,0.5
398,12940.813423,12939.87609,12940.229423,12940.76009,12947.750083,0,2.99999999999994,0.0299999999999997,5.99999999999996,2,1,65,0.5
399,12949.473414,12948.432082,12948.872748,12949.473414,12954.158743,0,NaN,0,7.00000000000003,1,2,66,0.5
400,12956.768745,12955.568075,12956.155407,12956.715407,12964.525399,0,2.99999999999994,0.0299999999999997,5.99999999999996,2,1,65,0.5
401,12966.277397,12965.162732,12965.566065,12966.224064,12972.981391,1,2.99999999999994,0.0299999999999997,7.00000000000003,1,2,66,0.5
402,12975.731388,12974.508722,12974.945389,12975.678055,12982.433381,1,2.99999999999994,0.0299999999999997,7.00000000000003,1,2,66,0.5
403,12984.583379,12983.368047,12983.936713,12984.583379,12986.024044,0,NaN,0,7.00000000000003,1,2,66,0.5
404,12993.594703,12992.468705,12992.833371,12993.492703,13000.481363,0,NaN,0.00999999999999943,5.99999999999996,0,1,65,0.5
405,13006.202024,13005.403358,13005.545358,13006.148691,13016.92468,0,2.99999999999994,0.0299999999999997,5.99999999999996,2,1,65,0.5
406,13018.849345,13017.970012,13018.119346,13018.796012,13020.517343,0,2.99999999999994,0.0299999999999997,5.99999999999996,2,1,65,0.5
407,13022.597341,13021.428009,13021.864675,13022.544008,13028.194669,0,2.99999999999994,0.0299999999999997,5.99999999999996,2,1,65,0.5
408,13030.083334,13029.034001,13029.385334,13030.083334,13036.863327,0,NaN,0,7.00000000000003,1,2,66,0.5
409,13039.101991,13037.783326,13038.175992,13039.048658,13044.184653,0,2.99999999999994,0.0299999999999997,5.99999999999996,2,1,65,0.5
410,13046.247984,13045.219318,13045.442652,13046.194651,13051.306646,0,2.99999999999994,0.0299999999999997,5.99999999999996,2,1,65,0.5
411,13053.579977,13052.431978,13052.843977,13053.526643,13057.13264,1,2.99999999999994,0.0299999999999997,7.00000000000003,1,2,66,0.5
412,13059.699971,13058.455305,13058.907305,13059.646637,13064.979299,1,2.99999999999994,0.0299999999999997,7.00000000000003,1,2,66,0.5
413,13067.261296,13066.153964,13066.461297,13067.261296,13067.995962,0,NaN,0,7.00000000000003,1,2,66,0.5
414,13075.376622,13074.301289,13074.719289,13075.376622,13080.47995,1,NaN,0,5.99999999999996,2,1,65,0.5
415,13082.369281,13081.215282,13081.626615,13082.315948,13088.463275,0,2.99999999999994,0.0299999999999997,5.99999999999996,2,1,65,0.5
416,13090.373273,13089.205941,13089.576607,13090.31994,13095.393268,1,2.99999999999994,0.0299999999999997,7.00000000000003,1,2,66,0.5
417,13097.701933,13096.6066,13096.977267,13097.649266,13104.05326,1,2.99999999999994,0.0299999999999997,7.00000000000003,1,2,66,0.5
418,13106.649258,13104.875925,13105.866591,13106.595924,13114.01525,0,2.99999999999994,0.0299999999999997,5.99999999999996,2,1,65,0.5
419,13116.289914,13115.311915,13115.598581,13116.289914,13119.542577,0,NaN,0,7.00000000000003,1,2,66,0.5
420,13136.913893,13135.815228,13136.243227,13136.913893,13176.835187,1,NaN,0,5.99999999999996,2,1,65,0.5
421,13178.777852,13177.839186,13178.050519,13178.724519,13180.48585,1,2.99999999999994,0.0299999999999997,7.00000000000003,1,2,66,0.5
422,13182.900514,13181.711849,13182.177848,13182.900514,13185.791845,1,NaN,0,5.99999999999996,2,1,65,0.5
423,13190.19784,13189.051841,13189.591841,13190.19784,13193.968503,1,NaN,0,5.99999999999996,2,1,65,0.5
424,13198.039166,13196.717167,13197.203166,13197.985832,13202.319828,1,2.99999999999994,0.0299999999999997,7.00000000000003,1,2,66,0.5
425,13204.533159,13203.208494,13203.579827,13204.479826,13208.888488,1,2.99999999999994,0.0299999999999997,7.00000000000003,1,2,66,0.5
426,13210.923153,13209.613821,13210.117154,13210.923153,13215.673815,1,NaN,0,5.99999999999996,2,1,65,0.5
427,13217.966479,13216.665147,13217.187813,13217.913146,13221.852475,0,2.99999999999994,0.0299999999999997,5.99999999999996,2,1,65,0.5
428,13224.687139,13223.271807,13223.78914,13224.687139,13226.163137,0,NaN,0,7.00000000000003,1,2,66,0.5
429,13232.357131,13231.169132,13231.639132,13232.357131,13238.019126,1,NaN,0,5.99999999999996,2,1,65,0.5
430,13240.246457,13239.507124,13239.655124,13240.193123,13245.873784,0,2.99999999999994,0.0299999999999997,5.99999999999996,2,1,65,0.5
431,13247.419116,13246.58645,13246.83445,13247.365783,13253.939776,0,2.99999999999994,0.0299999999999997,5.99999999999996,2,1,65,0.5
432,13256.088441,13254.835775,13255.431108,13256.088441,13262.575768,0,NaN,0,7.00000000000003,1,2,66,0.5
433,13266.51643,13265.369765,13265.805764,13266.463097,13270.30776,1,2.99999999999994,0.0299999999999997,7.00000000000003,1,2,66,0.5
434,13272.409091,13271.101093,13271.556425,13272.355758,13277.671753,1,2.99999999999994,0.0299999999999997,7.00000000000003,1,2,66,0.5
435,13279.451751,13278.263085,13278.739085,13279.451751,13282.579081,1,NaN,0,5.99999999999996,2,1,65,0.5
436,13286.671744,13285.659745,13285.930411,13286.61841,13293.78507,0,2.99999999999994,0.0299999999999997,5.99999999999996,2,1,65,0.5
437,13295.374402,13294.459069,13294.715069,13295.321068,13302.879727,0,2.99999999999994,0.0299999999999997,5.99999999999996,2,1,65,0.5
438,13304.930392,13303.770393,13304.223059,13304.877059,13307.968389,1,2.99999999999994,0.0299999999999997,7.00000000000003,1,2,66,0.5
439,13309.611054,13308.563722,13308.987055,13309.557721,13312.601718,1,2.99999999999994,0.0299999999999997,7.00000000000003,1,2,66,0.5
440,13314.631716,13313.383717,13313.79505,13314.578382,13316.143714,1,2.99999999999994,0.0299999999999997,7.00000000000003,1,2,66,0.5
441,13318.243045,13316.90038,13317.325046,13318.141045,13323.78904,1,NaN,0.00999999999999943,7.00000000000003,0,2,66,0.5
442,13325.817704,13324.717039,13325.267038,13325.817704,13331.340366,1,NaN,0,5.99999999999996,2,1,65,0.5
443,13333.181697,13332.529031,13332.653031,13333.128364,13339.459691,0,2.99999999999994,0.0299999999999997,5.99999999999996,2,1,65,0.5
444,13341.489689,13340.230357,13340.713024,13341.436356,13342.945687,1,2.99999999999994,0.0299999999999997,7.00000000000003,1,2,66,0.5
445,13344.670352,13343.63302,13344.05902,13344.617019,13347.659683,0,2.99999999999994,0.0299999999999997,5.99999999999996,2,1,65,0.5
446,13349.573014,13348.657015,13349.013015,13349.519681,13350.892346,0,2.99999999999994,0.0299999999999997,5.99999999999996,2,1,65,0.5
447,13352.635678,13351.489679,13351.880345,13352.633011,13354.500342,1,2.99999999999994,0.0299999999999997,7.00000000000003,1,2,66,0.5
448,13357.02234,13356.067008,13356.400341,13356.969007,13362.958334,1,2.99999999999994,0.0299999999999997,7.00000000000003,1,2,66,0.5
449,13365.025665,13363.710333,13364.255,13364.972332,13369.446328,1,2.99999999999994,0.0299999999999997,7.00000000000003,1,2,66,0.5
450,13371.206992,13370.194327,13370.55366,13371.153659,13379.053651,0,2.99999999999994,0.0299999999999997,5.99999999999996,2,1,65,0.5
451,13381.064316,13380.168317,13380.35965,13381.061649,13382.758314,0,2.99999999999994,0.0299999999999997,5.99999999999996,2,1,65,0.5
452,13384.811646,13383.492313,13383.92698,13384.758312,13389.680974,1,2.99999999999994,0.0299999999999997,7.00000000000003,1,2,66,0.5
453,13391.538972,13390.566973,13390.863639,13391.536305,13403.94296,0,2.99999999999994,0.0299999999999997,5.99999999999996,2,1,65,0.5
454,13405.274292,13404.190293,13404.530292,13405.220958,13410.036954,0,2.99999999999994,0.0299999999999997,5.99999999999996,2,1,65,0.5
455,13412.073618,13411.069619,13411.482952,13412.073618,13416.278947,0,NaN,0,7.00000000000003,1,2,66,0.5
456,13418.565612,13417.633613,13417.835612,13418.512278,13427.42027,0,2.99999999999994,0.0299999999999997,5.99999999999996,2,1,65,0.5
457,13429.017601,13428.072269,13428.368269,13428.964268,13434.100263,0,2.99999999999994,0.0299999999999997,5.99999999999996,2,1,65,0.5
458,13436.212261,13435.270928,13435.625595,13436.212261,13444.11292,0,NaN,0,7.00000000000003,1,2,66,0.5
459,13445.751585,13444.952252,13445.150918,13445.751585,13452.214911,0,NaN,0,7.00000000000003,1,2,66,0.5
460,13454.302243,13453.392244,13453.64491,13454.248909,13458.200239,1,2.99999999999994,0.0299999999999997,7.00000000000003,1,2,66,0.5
461,13460.046904,13459.120238,13459.326238,13459.99357,13463.6429,0,2.99999999999994,0.0299999999999997,5.99999999999996,2,1,65,0.5
462,13465.606898,13464.514899,13464.884899,13465.553565,13470.982893,1,2.99999999999994,0.0299999999999997,7.00000000000003,1,2,66,0.5
463,13473.044224,13471.947558,13472.421558,13472.990891,13478.026219,1,2.99999999999994,0.0299999999999997,7.00000000000003,1,2,66,0.5
464,13480.014884,13479.018218,13479.364884,13480.014884,13483.589547,0,NaN,0,7.00000000000003,1,2,66,0.5
465,13487.983542,13486.910877,13487.411543,13487.983542,13492.759538,1,NaN,0,5.99999999999996,2,1,65,0.5
466,13494.715536,13493.755537,13494.126203,13494.715536,13500.898196,0,NaN,0,7.00000000000003,1,2,66,0.5
467,13502.701528,13501.907528,13501.928862,13502.698861,13506.150857,0,2.99999999999994,0.0299999999999997,5.99999999999996,2,1,65,0.5
468,13508.460189,13507.193523,13507.619523,13508.457522,13511.760852,1,2.99999999999994,0.0299999999999997,7.00000000000003,1,2,66,0.5
469,13513.601517,13512.699518,13512.924851,13513.548183,13518.832178,1,2.99999999999994,0.0299999999999997,7.00000000000003,1,2,66,0.5
470,13520.942176,13519.796177,13520.052844,13520.888844,13527.379503,0,2.99999999999994,0.0299999999999997,5.99999999999996,2,1,65,0.5
471,13529.298834,13528.197502,13528.520835,13529.245501,13533.89483,0,2.99999999999994,0.0299999999999997,5.99999999999996,2,1,65,0.5
472,13539.498824,13538.583492,13538.852158,13539.498824,13547.777483,0,NaN,0,7.00000000000003,1,2,66,0.5
473,13550.29148,13549.067481,13549.526814,13550.238147,13553.012144,1,2.99999999999994,0.0299999999999997,7.00000000000003,1,2,66,0.5
474,13555.028809,13553.911476,13554.268143,13554.926809,13563.296134,1,NaN,0.00999999999999943,7.00000000000003,0,2,66,0.5
475,13565.350132,13564.212133,13564.590799,13565.296798,13569.594127,0,2.99999999999994,0.0299999999999997,5.99999999999996,2,1,65,0.5
476,13571.328126,13570.38946,13570.78946,13571.328126,13578.186785,1,NaN,0,5.99999999999996,2,1,65,0.5
477,13580.57545,13579.459451,13579.89745,13580.572783,13584.237446,1,2.99999999999994,0.0299999999999997,7.00000000000003,1,2,66,0.5
478,13586.072111,13585.107445,13585.538778,13586.072111,13592.681438,1,NaN,0,5.99999999999996,2,1,65,0.5
479,13595.490101,13594.482769,13594.868102,13595.436768,13598.930765,1,2.99999999999994,0.0299999999999997,7.00000000000003,1,2,66,0.5
480,13600.554763,13599.517431,13599.838097,13600.554763,13603.963426,1,NaN,0,5.99999999999996,2,1,65,0.5
481,13609.713421,13608.902088,13609.209421,13609.713421,13618.358745,1,NaN,0,5.99999999999996,2,1,65,0.5
482,13622.475408,13621.568742,13621.894742,13622.475408,13629.9254,1,NaN,0,5.99999999999996,2,1,65,0.5
483,13631.717399,13630.986733,13631.086733,13631.664065,13634.450063,0,2.99999999999994,0.0299999999999997,5.99999999999996,2,1,65,0.5
484,13636.080728,13635.182062,13635.473395,13636.078061,13644.096053,0,2.99999999999994,0.0299999999999997,5.99999999999996,2,1,65,0.5
485,13645.884718,13644.825385,13645.226718,13645.831384,13649.278714,0,2.99999999999994,0.0299999999999997,5.99999999999996,2,1,65,0.5
486,13651.876712,13650.742046,13651.088713,13651.824045,13657.912039,1,2.99999999999994,0.0299999999999997,7.00000000000003,1,2,66,0.5
487,13660.484037,13659.297371,13659.703371,13660.430703,13663.764033,1,2.99999999999994,0.0299999999999997,7.00000000000003,1,2,66,0.5
488,13665.306698,13664.396699,13664.716032,13665.306698,13669.565361,1,NaN,0,5.99999999999996,2,1,65,0.5
489,13671.824025,13670.696693,13671.070026,13671.770692,13675.382688,1,2.99999999999994,0.0299999999999997,7.00000000000003,1,2,66,0.5
490,13679.960017,13679.066685,13679.424018,13679.960017,13683.505347,1,NaN,0,5.99999999999996,2,1,65,0.5
491,14242.188788,14240.611456,14240.729456,14242.188788,14273.391424,1,NaN,0,5.99999999999996,2,1,65,0.5
492,14275.450755,14274.413423,14274.708756,14275.397422,14278.731419,0,2.99999999999994,0.0299999999999997,5.99999999999996,2,1,65,0.5
493,14281.288749,14280.32475,14280.582083,14281.235416,14287.594076,1,2.99999999999994,0.0299999999999997,7.00000000000003,1,2,66,0.5
494,14289.696741,14288.776742,14288.944075,14289.643407,14294.037403,0,2.99999999999994,0.0299999999999997,5.99999999999996,2,1,65,0.5
495,14297.553399,14296.7434,14296.946067,14297.553399,14301.580729,1,NaN,0,5.99999999999996,2,1,65,0.5
496,14304.252059,14303.129394,14303.513393,14304.198726,14307.971389,1,2.99999999999994,0.0299999999999997,7.00000000000003,1,2,66,0.5
497,14309.658721,14308.558722,14308.916055,14309.656054,14313.49605,1,2.99999999999994,0.0299999999999997,7.00000000000003,1,2,66,0.5
498,14315.202715,14314.09405,14314.446716,14315.200048,14320.68871,0,2.99999999999994,0.0299999999999997,5.99999999999996,2,1,65,0.5
499,14322.418041,14321.701375,14321.750709,14322.418041,14333.82003,0,NaN,0,7.00000000000003,1,2,66,0.5
500,14335.522028,14334.807362,14334.948695,14335.519361,14339.971357,0,2.99999999999994,0.0299999999999997,5.99999999999996,2,1,65,0.5
501,14341.586689,14340.624023,14340.999356,14341.586689,14347.956682,0,NaN,0,7.00000000000003,1,2,66,0.5
502,14350.33068,14349.302014,14349.743347,14350.33068,14357.34734,1,NaN,0,5.99999999999996,2,1,65,0.5
503,14360.824003,14359.826004,14360.226003,14360.77067,14365.971331,1,2.99999999999994,0.0299999999999997,7.00000000000003,1,2,66,0.5
504,14367.674663,14366.538664,14366.956663,14367.621329,14370.483327,1,2.99999999999994,0.0299999999999997,7.00000000000003,1,2,66,0.5
505,14372.197991,14371.177992,14371.595325,14372.144658,14376.921987,1,2.99999999999994,0.0299999999999997,7.00000000000003,1,2,66,0.5
506,14378.896651,14377.813986,14378.177985,14378.896651,14382.766648,1,NaN,0,5.99999999999996,2,1,65,0.5
507,14388.488642,14387.619309,14387.951976,14388.435309,14393.46597,0,2.99999999999994,0.0299999999999997,5.99999999999996,2,1,65,0.5
508,14395.081969,14394.203303,14394.479969,14395.081969,14406.836623,1,NaN,0,5.99999999999996,0,1,65,0.5
509,14411.538619,14410.33862,14410.843953,14411.485285,14415.485281,1,2.99999999999994,0.0299999999999997,7.00000000000003,1,2,66,0.5
510,14417.415946,14416.336614,14416.711947,14417.41328,14421.088609,1,2.99999999999994,0.0299999999999997,7.00000000000003,1,2,66,0.5
511,14422.887941,14421.869275,14422.340608,14422.887941,14427.481269,1,NaN,0,5.99999999999996,2,1,65,0.5
512,14429.621934,14428.681268,14428.861935,14429.613934,14433.76793,0,2.99999999999994,0.0299999999999997,5.99999999999996,2,1,65,0.5
513,14435.707261,14434.830595,14435.133929,14435.653928,14440.45059,0,2.99999999999994,0.0299999999999997,5.99999999999996,2,1,65,0.5
514,14442.471921,14441.483255,14441.836588,14442.418588,14447.768583,0,2.99999999999994,0.0299999999999997,5.99999999999996,2,1,65,0.5
515,14454.483909,14453.36791,14453.74591,14454.430576,14459.412571,1,2.99999999999994,0.0299999999999997,7.00000000000003,1,2,66,0.5
516,14461.958568,14460.884569,14461.249902,14461.958568,14465.235232,1,NaN,0,5.99999999999996,2,1,65,0.5
517,14469.218561,14467.933896,14468.274562,14469.218561,14474.718556,1,NaN,0,5.99999999999996,0,1,65,0.5
518,14477.691886,14476.87522,14477.057887,14477.590553,14484.836546,0,NaN,0.00999999999999943,5.99999999999996,0,1,65,0.5
519,14486.261211,14485.379878,14485.609878,14486.258544,14488.555208,0,2.99999999999994,0.0299999999999997,5.99999999999996,2,1,65,0.5
520,14490.199207,14489.170541,14489.518541,14490.199207,14499.593197,1,NaN,0,5.99999999999996,2,1,65,0.5
521,14501.040529,14500.16253,14500.42253,14501.040529,14501.192529,1,NaN,0,5.99999999999996,2,1,65,0.5
522,14509.315188,14508.397189,14508.621188,14509.261854,14514.122516,0,2.99999999999994,0.0299999999999997,5.99999999999996,2,1,65,0.5
523,14515.839181,14514.781849,14515.135848,14515.785848,14518.542512,0,2.99999999999994,0.0299999999999997,5.99999999999996,2,1,65,0.5
524,14520.301177,14519.350511,14519.698511,14520.247843,14528.335835,0,2.99999999999994,0.0299999999999997,5.99999999999996,2,1,65,0.5
525,14530.073167,14528.952501,14529.337834,14530.019834,14533.795163,1,2.99999999999994,0.0299999999999997,7.00000000000003,1,2,66,0.5
526,14535.464495,14534.447163,14534.825162,14535.411829,14538.724492,1,2.99999999999994,0.0299999999999997,7.00000000000003,1,2,66,0.5
527,14540.701823,14539.651157,14540.04249,14540.64849,14545.778485,1,2.99999999999994,0.0299999999999997,7.00000000000003,1,2,66,0.5
528,14548.003816,14546.98315,14547.232483,14547.950482,14553.235144,0,2.99999999999994,0.0299999999999997,5.99999999999996,2,1,65,0.5
529,14554.989142,14554.087143,14554.338476,14554.935809,14564.143133,0,2.99999999999994,0.0299999999999997,5.99999999999996,2,1,65,0.5
530,14566.100464,14565.231132,14565.431132,14566.047131,14571.468459,0,2.99999999999994,0.0299999999999997,5.99999999999996,2,1,65,0.5
531,14573.763123,14572.503791,14572.754458,14573.763123,14578.773118,0,NaN,0,7.00000000000003,1,2,66,0.5
532,14581.224449,14580.053784,14580.51245,14581.171116,14584.263779,1,2.99999999999994,0.0299999999999997,7.00000000000003,1,2,66,0.5
533,14586.523777,14585.177112,14585.789778,14586.523777,14619.742411,0,NaN,0,7.00000000000003,1,2,66,0.5
534,14622.081742,14620.663076,14620.997743,14622.028408,14626.703737,0,2.99999999999994,0.0299999999999997,5.99999999999996,2,1,65,0.5
535,14629.322401,14628.553068,14628.583735,14629.322401,14632.919731,0,NaN,0,7.00000000000003,0,2,66,0.5
536,14636.860393,14636.005728,14636.314394,14636.860393,14642.722388,1,NaN,0,5.99999999999996,2,1,65,0.5
537,14644.394386,14643.55572,14643.838386,14644.394386,14650.86238,1,NaN,0,5.99999999999996,0,1,65,0.5
538,14653.243044,14652.476378,14652.659044,14653.18971,14659.013705,0,2.99999999999994,0.0299999999999997,5.99999999999996,2,1,65,0.5
539,14660.625703,14659.811704,14659.897704,14660.523703,14667.278363,0,NaN,0.00999999999999943,5.99999999999996,0,1,65,0.5
540,14668.816361,14667.737029,14668.077029,14668.816361,14678.023686,1,NaN,0,5.99999999999996,2,1,65,0.5
541,14681.098349,14679.869017,14680.08235,14681.045016,14685.556345,0,2.99999999999994,0.0299999999999997,5.99999999999996,2,1,65,0.5
542,14687.525009,14686.278345,14686.808343,14687.522343,14690.677006,1,2.99999999999994,0.0299999999999997,7.00000000000003,1,2,66,0.5
543,14692.732338,14691.507005,14691.971005,14692.725671,14701.466329,1,NaN,0.00999999999999943,7.00000000000003,0,2,66,0.5
544,14704.250326,14703.412994,14703.65166,14704.196993,14720.23631,0,2.99999999999994,0.0299999999999997,5.99999999999996,2,1,65,0.5
545,14722.466975,14721.346309,14721.704309,14722.413641,14726.828303,1,2.99999999999994,0.0299999999999997,7.00000000000003,1,2,66,0.5
546,14728.544968,14727.588969,14727.918969,14728.491635,14732.992964,1,2.99999999999994,0.0299999999999997,7.00000000000003,1,2,66,0.5
547,14734.734296,14733.614297,14734.012297,14734.731629,14741.544955,1,2.99999999999994,0.0299999999999997,7.00000000000003,1,2,66,0.5
548,14743.516287,14742.579621,14742.709621,14743.462954,14746.278951,0,2.99999999999994,0.0299999999999997,5.99999999999996,2,1,65,0.5
549,14748.474282,14747.459616,14747.775616,14748.420949,14760.964936,0,2.99999999999994,0.0299999999999997,5.99999999999996,2,1,65,0.5
550,14772.558258,14764.217599,14764.506266,NaN,14775.648921,NaN,NaN,0,5.99999999999996,2,1,65,0.5
551,14779.913584,14778.609585,14779.032251,14779.86025,14783.194914,1,2.99999999999994,0.0299999999999997,7.00000000000003,1,2,66,0.5
552,14784.911579,14783.994913,14784.302913,14784.911579,14792.474238,1,NaN,0,5.99999999999996,2,1,65,0.5
553,14794.340236,14793.258904,14793.670237,14794.340236,14813.926216,1,NaN,0,5.99999999999996,2,1,65,0.5
554,14815.550881,14814.663549,14814.737549,14815.497548,14820.043544,0,2.99999999999994,0.0299999999999997,5.99999999999996,2,1,65,0.5
555,14821.383542,14820.658876,14820.868209,14821.383542,14828.657535,0,NaN,0,7.00000000000003,1,2,66,0.5
556,14830.4442,14829.416868,14829.740201,14830.390867,14834.546196,1,2.99999999999994,0.0299999999999997,7.00000000000003,1,2,66,0.5
557,14836.352861,14835.270195,14835.563528,14836.350194,14839.106191,1,2.99999999999994,0.0299999999999997,7.00000000000003,1,2,66,0.5
558,14840.601523,14839.694857,14840.02819,14840.601523,14846.425517,1,NaN,0,5.99999999999996,2,1,65,0.5
559,14848.341515,14847.068183,14847.498183,14848.288182,14851.212846,1,2.99999999999994,0.0299999999999997,7.00000000000003,1,2,66,0.5
560,14852.810844,14851.788845,14852.123512,14852.757511,14859.664171,0,2.99999999999994,0.0299999999999997,5.99999999999996,2,1,65,0.5
561,14867.500163,14866.372831,14866.67283,14867.44683,14872.552824,0,2.99999999999994,0.0299999999999997,5.99999999999996,2,1,65,0.5
562,14874.08749,14873.158157,14873.414157,14874.034156,14878.476152,0,2.99999999999994,0.0299999999999997,5.99999999999996,2,1,65,0.5
563,14880.812149,14879.021485,14879.792151,14880.758816,14885.520812,1,2.99999999999994,0.0299999999999997,7.00000000000003,1,2,66,0.5
564,14887.317476,14886.158144,14886.482811,14887.264143,14890.928139,1,2.99999999999994,0.0299999999999997,7.00000000000003,1,2,66,0.5
565,14892.685471,14891.718805,14892.019472,14892.632138,14896.6848,1,2.99999999999994,0.0299999999999997,7.00000000000003,1,2,66,0.5
566,14898.266799,14897.267466,14897.546799,14898.266799,14904.921459,1,NaN,0,5.99999999999996,2,1,65,0.5
567,14906.454791,14905.528791,14905.853458,14906.454791,14910.927453,1,NaN,0,5.99999999999996,2,1,65,0.5
568,14914.697449,14913.76945,14914.092116,14914.644116,14922.005442,0,2.99999999999994,0.0299999999999997,5.99999999999996,2,1,65,0.5
569,14924.092106,14922.640774,14923.042774,14924.038773,14927.504769,1,2.99999999999994,0.0299999999999997,7.00000000000003,1,2,66,0.5
570,14934.795429,14933.666763,14933.982096,14934.742096,14941.830088,1,2.99999999999994,0.0299999999999997,7.00000000000003,1,2,66,0.5
571,14943.988086,14942.622754,14943.003421,14943.934753,14946.246084,0,2.99999999999994,0.0299999999999997,5.99999999999996,2,1,65,0.5
572,14949.037415,14948.035416,14948.344749,14949.037415,14953.596743,1,NaN,0,5.99999999999996,2,1,65,0.5
573,14956.226074,14955.168742,14955.436742,14956.226074,14961.699402,1,NaN,0,5.99999999999996,2,1,65,0.5
574,14965.056732,14964.161399,14964.326066,14965.003399,14969.438728,0,2.99999999999994,0.0299999999999997,5.99999999999996,2,1,65,0.5
575,14971.464059,14970.268727,14970.67206,14971.464059,14978.012052,0,NaN,0,7.00000000000003,1,2,66,0.5
576,14981.064716,14980.03405,14980.37005,14981.011383,14985.484045,1,2.99999999999994,0.0299999999999997,7.00000000000003,1,2,66,0.5
577,14987.207376,14986.140044,14986.517377,14987.20471,14991.061373,1,2.99999999999994,0.0299999999999997,7.00000000000003,1,2,66,0.5
578,14992.898037,14991.760039,14992.072038,14992.844704,14994.797369,0,2.99999999999994,0.0299999999999997,5.99999999999996,2,1,65,0.5
579,14996.566034,14995.359368,14995.846034,14996.5227,14997.777366,1,NaN,0.00999999999999943,7.00000000000003,0,2,66,0.5
580,15004.836025,15003.580027,15003.974693,15004.782692,15008.818022,1,2.99999999999994,0.0299999999999997,7.00000000000003,1,2,66,0.5
581,15010.529353,15009.437354,15009.768687,15010.47602,15016.383347,1,2.99999999999994,0.0299999999999997,7.00000000000003,1,2,66,0.5
582,15018.087346,15017.137346,15017.446013,15018.087346,15037.26066,1,NaN,0,5.99999999999996,2,1,65,0.5
583,15038.789325,15037.775993,15038.086659,15038.789325,15044.157319,1,NaN,0,5.99999999999996,2,1,65,0.5
584,15046.263984,15045.057319,15045.535318,15046.210651,15049.093981,1,2.99999999999994,0.0299999999999997,7.00000000000003,1,2,66,0.5
585,15050.831313,15049.895314,15050.184647,15050.77798,15055.193975,0,2.99999999999994,0.0299999999999997,5.99999999999996,2,1,65,0.5
586,15057.303306,15055.911974,15056.311307,15057.249973,15061.317969,1,2.99999999999994,0.0299999999999997,7.00000000000003,1,2,66,0.5
587,15062.897301,15061.933968,15062.243301,15062.897301,15080.407283,1,NaN,0,5.99999999999996,2,1,65,0.5
588,15082.383281,15081.127949,15081.483949,15082.329948,15084.701946,0,2.99999999999994,0.0299999999999997,5.99999999999996,2,1,65,0.5
589,15086.615944,15085.557278,15085.961278,15086.56261,15091.069273,0,2.99999999999994,0.0299999999999997,5.99999999999996,2,1,65,0.5
590,15093.461937,15092.302605,15092.660604,15093.408604,15096.344601,1,2.99999999999994,0.0299999999999997,7.00000000000003,1,2,66,0.5
591,15098.113266,15097.097267,15097.379933,15098.059932,15103.66726,0,2.99999999999994,0.0299999999999997,5.99999999999996,2,1,65,0.5
592,15111.095919,15110.020587,15110.36392,15111.093253,15116.663914,0,2.99999999999994,0.0299999999999997,5.99999999999996,2,1,65,0.5
593,15132.461898,15131.389899,15131.773232,15132.461898,15199.753164,0,NaN,0,7.00000000000003,1,2,66,0.5
594,15201.323829,15200.352497,15200.626496,15201.270496,15203.74316,0,2.99999999999994,0.0299999999999997,5.99999999999996,2,1,65,0.5
595,15205.349158,15204.399159,15204.675826,15205.295825,15208.667155,0,2.99999999999994,0.0299999999999997,5.99999999999996,2,1,65,0.5
596,15210.659153,15209.678487,15209.97982,15210.659153,15216.809147,0,NaN,0,7.00000000000003,1,2,66,0.5
597,15218.736478,15217.612479,15218.108479,15218.736478,15226.725804,1,NaN,0,5.99999999999996,2,1,65,0.5
598,15228.249802,15227.31247,15227.583136,15228.196469,15230.216467,0,2.99999999999994,0.0299999999999997,5.99999999999996,2,1,65,0.5
599,15231.739799,15230.779133,15231.072466,15231.739799,15237.467126,0,NaN,0,7.00000000000003,1,2,66,0.5
600,15239.275791,15238.143792,15238.582458,15239.275791,15244.611786,1,NaN,0,5.99999999999996,2,1,65,0.5
601,15246.783784,15245.571785,15246.047784,15246.73045,15249.263781,1,2.99999999999994,0.0299999999999997,7.00000000000003,1,2,66,0.5
602,15250.821779,15249.88978,15250.25178,15250.821779,15254.840442,1,NaN,0,5.99999999999996,2,1,65,0.5
603,15258.387772,15257.211773,15257.693773,15258.334439,15262.437101,0,2.99999999999994,0.0299999999999997,5.99999999999996,2,1,65,0.5
604,15264.200433,15263.051101,15263.482434,15264.147099,15267.540429,1,2.99999999999994,0.0299999999999997,7.00000000000003,1,2,66,0.5
605,15269.247094,15268.379762,15268.661095,15269.247094,15276.297087,1,NaN,0,5.99999999999996,2,1,65,0.5
606,15278.003752,15277.18842,15277.505086,15277.950419,15282.188415,0,2.99999999999994,0.0299999999999997,5.99999999999996,2,1,65,0.5
607,15283.87708,15282.851747,15283.269747,15283.87708,15284.762412,0,NaN,0,7.00000000000003,1,2,66,0.5
608,15291.623739,15290.243073,15290.65174,15291.623739,15302.825061,1,NaN,0,5.99999999999996,2,1,65,0.5
609,15305.655058,15304.613059,15304.759726,15305.601725,15309.788387,0,2.99999999999994,0.0299999999999997,5.99999999999996,2,1,65,0.5
610,15311.451719,15310.487053,15310.773053,15311.398386,15316.61438,0,2.99999999999994,0.0299999999999997,5.99999999999996,2,1,65,0.5
611,15318.353712,15317.43638,15317.761713,15318.300379,15322.313041,1,2.99999999999994,0.0299999999999997,7.00000000000003,1,2,66,0.5
612,15324.034373,15323.026374,15323.285044,15323.98104,15328.232369,0,2.99999999999994,0.0299999999999997,5.99999999999996,2,1,65,0.5
613,15329.937034,15329.166368,15329.375701,15329.937034,15336.188361,0,NaN,0,7.00000000000003,1,2,66,0.5
614,15337.795026,15336.719694,15337.153693,15337.741693,15341.085689,1,2.99999999999994,0.0299999999999997,7.00000000000003,1,2,66,0.5
615,15342.691021,15341.786355,15342.094355,15342.637688,15346.641684,1,2.99999999999994,0.0299999999999997,7.00000000000003,1,2,66,0.5
616,15348.401015,15347.379016,15347.693683,15348.299015,15355.351008,1,NaN,0.00999999999999943,7.00000000000003,0,2,66,0.5
617,15357.997672,15356.849007,15357.25834,15357.944339,15362.715001,1,2.99999999999994,0.0299999999999997,7.00000000000003,1,2,66,0.5
618,15364.246999,15363.321667,15363.665667,15364.193666,15367.873662,1,2.99999999999994,0.0299999999999997,7.00000000000003,1,2,66,0.5
619,15369.778994,15368.806995,15369.144994,15369.725661,15374.164323,1,2.99999999999994,0.0299999999999997,7.00000000000003,1,2,66,0.5
620,15375.780321,15374.759656,15375.095655,15375.780321,15395.860968,0,NaN,0,7.00000000000003,1,2,66,0.5
621,15397.642299,15396.481634,15396.8863,15397.639633,15400.034297,1,2.99999999999994,0.0299999999999997,7.00000000000003,1,2,66,0.5
622,15402.679628,15401.537629,15401.847628,15402.676961,15406.410957,1,2.99999999999994,0.0299999999999997,7.00000000000003,1,2,66,0.5
623,15408.056956,15407.06229,15407.37829,15408.003622,15413.048284,1,2.99999999999994,0.0299999999999997,7.00000000000003,1,2,66,0.5
624,15414.752949,15413.713617,15414.056283,15414.752949,15415.655615,1,NaN,0,5.99999999999996,2,1,65,0.5
625,15423.733607,15422.585608,15423.084941,15423.680273,15427.547603,1,2.99999999999994,0.0299999999999997,7.00000000000003,1,2,66,0.5
626,15429.136934,15428.192269,15428.454935,15429.122268,15433.84693,1,2.99999999999994,0.0299999999999997,7.00000000000003,1,2,66,0.5
627,15435.681595,15434.577596,15434.891595,15435.628261,15440.34559,0,2.99999999999994,0.0299999999999997,5.99999999999996,2,1,65,0.5
628,15442.408921,15441.405589,15441.700255,15442.407588,15462.918901,0,NaN,0.00999999999999943,5.99999999999996,0,1,65,0.5
629,15468.862228,15467.923562,15468.199562,15468.859561,15474.681556,0,2.99999999999994,0.0299999999999997,5.99999999999996,2,1,65,0.5
630,15476.473554,15475.636221,15475.802888,15476.420221,15482.009548,0,2.99999999999994,0.0299999999999997,5.99999999999996,2,1,65,0.5
631,15483.736213,15482.624214,15482.820214,15483.68288,15485.491545,0,2.99999999999994,0.0299999999999997,5.99999999999996,2,1,65,0.5
632,15487.496209,15486.352211,15486.758877,15487.442876,15490.74554,1,2.99999999999994,0.0299999999999997,7.00000000000003,1,2,66,0.5
633,15492.186871,15491.263539,15491.538872,15492.184205,15498.714865,0,2.99999999999994,0.0299999999999997,5.99999999999996,2,1,65,0.5
634,15500.306863,15499.446197,15499.751531,15500.306863,15506.052191,0,NaN,0,7.00000000000003,1,2,66,0.5
635,15507.992856,15506.65219,15507.158856,15507.939522,15512.061518,1,2.99999999999994,0.0299999999999997,7.00000000000003,1,2,66,0.5
636,15513.86885,15512.894184,15513.24485,15513.815516,15518.895511,1,2.99999999999994,0.0299999999999997,7.00000000000003,1,2,66,0.5
637,15520.60751,15519.682844,15520.018844,15520.60751,15528.432169,1,NaN,0,5.99999999999996,2,1,65,0.5
638,15530.6835,15529.512834,15530.012167,15530.630166,15533.71283,1,2.99999999999994,0.0299999999999997,7.00000000000003,1,2,66,0.5
639,15535.236162,15534.224829,15534.585496,15535.182828,15540.75149,0,2.99999999999994,0.0299999999999997,5.99999999999996,2,1,65,0.5
640,15542.453488,15541.347489,15541.715489,15542.450821,15547.349483,1,2.99999999999994,0.0299999999999997,7.00000000000003,1,2,66,0.5
641,15548.957481,15548.013482,15548.349482,15548.957481,15555.706808,1,NaN,0,5.99999999999996,2,1,65,0.5
642,15557.29014,15556.144141,15556.65414,15557.287473,15559.170804,0,2.99999999999994,0.0299999999999997,5.99999999999996,2,1,65,0.5
643,15560.930803,15559.756137,15560.068804,15560.928136,15566.904797,0,2.99999999999994,0.0299999999999997,5.99999999999996,2,1,65,0.5
644,15568.636128,15567.530129,15567.884796,15568.582795,15572.055458,1,2.99999999999994,0.0299999999999997,7.00000000000003,1,2,66,0.5
645,15573.77879,15572.780124,15573.108124,15573.725457,15578.644118,0,2.99999999999994,0.0299999999999997,5.99999999999996,2,1,65,0.5
646,15580.358783,15579.328118,15579.672784,15580.358783,15616.736747,0,NaN,0,7.00000000000003,1,2,66,0.5
647,15619.332744,15618.318745,15618.646745,15619.280078,15623.30074,1,2.99999999999994,0.0299999999999997,7.00000000000003,1,2,66,0.5
648,15624.968072,15624.029406,15624.322073,15624.914739,15630.798066,0,2.99999999999994,0.0299999999999997,5.99999999999996,2,1,65,0.5
649,15632.470065,15631.480066,15631.718065,15632.416731,15638.476058,0,2.99999999999994,0.0299999999999997,5.99999999999996,2,1,65,0.5
650,15640.971389,15639.820724,15640.19939,15640.968723,15643.802053,1,2.99999999999994,0.0299999999999997,7.00000000000003,1,2,66,0.5
651,15645.390718,15644.492719,15644.796719,15645.337385,15647.648716,1,2.99999999999994,0.0299999999999997,7.00000000000003,1,2,66,0.5
652,15649.318048,15648.365382,15648.645382,15649.264714,15652.352045,1,2.99999999999994,0.0299999999999997,7.00000000000003,1,2,66,0.5
653,15654.107376,15653.16671,15653.404044,15654.054043,15658.884705,0,2.99999999999994,0.0299999999999997,5.99999999999996,2,1,65,0.5
654,15661.306703,15660.44337,15660.676036,15661.306703,15666.342697,0,NaN,0,7.00000000000003,1,2,66,0.5
655,15667.80403,15666.923363,15667.286697,15667.80403,15674.353356,1,NaN,0,5.99999999999996,2,1,65,0.5
656,15675.812021,15674.812689,15675.188022,15675.758688,15679.228684,0,2.99999999999994,0.0299999999999997,5.99999999999996,2,1,65,0.5
657,15681.053349,15679.96535,15680.334683,15681.050683,15684.343346,1,2.99999999999994,0.0299999999999997,7.00000000000003,1,2,66,0.5
658,15685.790678,15684.894679,15685.210012,15685.737345,15689.122675,1,2.99999999999994,0.0299999999999997,7.00000000000003,1,2,66,0.5
659,15690.66734,15689.748007,15690.074007,15690.66734,15696.119334,1,NaN,0,5.99999999999996,2,1,65,0.5
660,15697.483333,15696.581334,15696.936667,15697.483333,15702.658661,1,NaN,0,5.99999999999996,2,1,65,0.5
661,15704.572659,15703.39666,15703.839993,15704.569992,15707.477323,1,2.99999999999994,0.0299999999999997,7.00000000000003,1,2,66,0.5
662,15709.190654,15708.349322,15708.575988,15709.190654,15715.289982,1,NaN,0,5.99999999999996,2,1,65,0.5
663,15719.685977,15718.697978,15719.051311,15719.685977,15724.941305,0,NaN,0,7.00000000000003,1,2,66,0.5
664,15726.50997,15725.425972,15725.957971,15726.50997,15732.257298,1,NaN,0,5.99999999999996,2,1,65,0.5
665,15735.128629,15734.169963,15734.495296,15735.125962,15739.365291,0,2.99999999999994,0.0299999999999997,5.99999999999996,2,1,65,0.5
666,15741.085956,15740.075957,15740.42929,15741.032623,15744.025286,1,2.99999999999994,0.0299999999999997,7.00000000000003,1,2,66,0.5
667,15745.558618,15744.665286,15744.981285,15745.558618,15746.834617,1,NaN,0,5.99999999999996,2,1,65,0.5
668,15754.263276,15752.991944,15753.46661,15754.209943,15756.560607,0,2.99999999999994,0.0299999999999997,5.99999999999996,2,1,65,0.5
669,15758.246605,15757.388606,15757.69394,15758.193272,15761.726602,0,2.99999999999994,0.0299999999999997,5.99999999999996,2,1,65,0.5
670,15763.851266,15762.846601,15763.113934,15763.797933,15767.023931,1,2.99999999999994,0.0299999999999997,7.00000000000003,1,2,66,0.5
671,15768.956595,15768.100596,15768.350595,15768.903261,15773.78659,1,2.99999999999994,0.0299999999999997,7.00000000000003,1,2,66,0.5
672,15775.514588,15774.589256,15774.899922,15775.412588,15776.168587,1,NaN,0.00999999999999943,7.00000000000003,0,2,66,0.5
673,15789.198574,15788.115909,15788.506575,15789.198574,15792.149238,1,NaN,0,5.99999999999996,2,1,65,0.5
674,15959.569737,15958.319072,15958.538405,15959.569737,15970.259727,1,NaN,0,5.99999999999996,2,1,65,0.5
675,15978.476385,15977.36972,15977.522386,15978.476385,15981.835715,0,NaN,0,7.00000000000003,1,2,66,0.5
676,15987.081043,15986.077711,15986.312377,15987.02771,15990.803706,0,2.99999999999994,0.0299999999999997,5.99999999999996,2,1,65,0.5
677,15992.575038,15991.431039,15991.732372,15992.575038,15993.361037,0,NaN,0,7.00000000000003,1,2,66,0.5
678,16000.002364,15998.957031,15999.288364,15999.94903,16004.319026,0,2.99999999999994,0.0299999999999997,5.99999999999996,2,1,65,0.5
679,16006.285024,16005.057692,16005.401692,16006.231691,16009.616354,1,2.99999999999994,0.0299999999999997,7.00000000000003,1,2,66,0.5
680,16011.506352,16010.265687,16010.57702,16011.453019,16014.803016,1,2.99999999999994,0.0299999999999997,7.00000000000003,1,2,66,0.5
681,16016.86768,16015.433682,16015.758348,16016.814347,16021.387009,1,2.99999999999994,0.0299999999999997,7.00000000000003,1,2,66,0.5
682,16023.173674,16022.133675,16022.395675,16023.173674,16028.383002,1,NaN,0,5.99999999999996,0,1,65,0.5
683,16030.665666,16029.245668,16029.912334,16030.612333,16033.660997,1,2.99999999999994,0.0299999999999997,7.00000000000003,1,2,66,0.5
684,16035.217662,16034.248329,16034.614996,16035.217662,16039.912324,1,NaN,0,5.99999999999996,0,1,65,0.5
685,16043.611653,16042.564321,16042.851654,16043.509653,16049.616314,0,NaN,0.00999999999999943,5.99999999999996,0,1,65,0.5
686,16052.824977,16051.934979,16052.270311,16052.771644,16055.377642,0,2.99999999999994,0.0299999999999997,5.99999999999996,2,1,65,0.5
687,16056.770307,16055.916974,16056.097641,16056.668307,16063.4283,0,NaN,0.00999999999999943,5.99999999999996,0,1,65,0.5
688,16065.795631,16064.854965,16065.169632,16065.795631,16071.153626,1,NaN,0,5.99999999999996,2,1,65,0.5
689,16072.753624,16071.729625,16072.066958,16072.700291,16074.840955,1,2.99999999999994,0.0299999999999997,7.00000000000003,1,2,66,0.5
690,16076.462287,16075.414288,16075.748288,16076.408954,16086.248277,1,2.99999999999994,0.0299999999999997,7.00000000000003,1,2,66,0.5
691,16088.337609,16087.30961,16087.705609,16088.337609,16092.280938,1,NaN,0,5.99999999999996,2,1,65,0.5
692,16095.364935,16094.051603,16094.644936,16095.364935,16097.794266,1,NaN,0,5.99999999999996,2,1,65,0.5
693,16102.210928,16101.066929,16101.482929,16102.142261,16108.758255,0,NaN,0.00999999999999943,5.99999999999996,0,1,65,0.5
694,16111.005586,16109.794921,16110.290253,16111.005586,16116.538247,0,NaN,0,7.00000000000003,1,2,66,0.5
695,16119.137578,16118.217579,16118.546912,16119.084911,16122.089575,1,2.99999999999994,0.0299999999999997,7.00000000000003,1,2,66,0.5
696,16123.767573,16122.726908,16123.076907,16123.71424,16127.160903,1,2.99999999999994,0.0299999999999997,7.00000000000003,1,2,66,0.5
697,16128.644902,16127.742903,16128.036236,16128.644902,16147.134883,1,NaN,0,5.99999999999996,2,1,65,0.5
698,16148.650215,16147.581549,16147.968216,16148.597548,16151.331546,0,2.99999999999994,0.0299999999999997,5.99999999999996,2,1,65,0.5
699,16152.879544,16151.900212,16152.302878,16152.826211,16156.034208,1,2.99999999999994,0.0299999999999997,7.00000000000003,1,2,66,0.5
700,16158.034872,16157.02754,16157.34354,16157.981539,16161.863535,0,2.99999999999994,0.0299999999999997,5.99999999999996,2,1,65,0.5
701,16163.600867,16162.716201,16162.988201,16163.547533,16167.602196,0,2.99999999999994,0.0299999999999997,5.99999999999996,2,1,65,0.5
702,16169.192861,16168.298862,16168.548862,16169.139528,16173.15419,0,2.99999999999994,0.0299999999999997,5.99999999999996,2,1,65,0.5
703,16175.008189,16173.997523,16174.351523,16174.954855,16178.906185,1,2.99999999999994,0.0299999999999997,7.00000000000003,1,2,66,0.5
704,16181.032183,16180.059517,16180.306183,16180.978849,16181.882848,0,2.99999999999994,0.0299999999999997,5.99999999999996,2,1,65,0.5
705,16183.718847,16182.662181,16182.986181,16183.665513,16187.47151,0,2.99999999999994,0.0299999999999997,5.99999999999996,2,1,65,0.5
706,16189.326174,16188.513508,16188.750842,16189.272841,16194.236836,0,2.99999999999994,0.0299999999999997,5.99999999999996,2,1,65,0.5
707,16195.985501,16194.874169,16195.352835,16195.932168,16199.720831,1,2.99999999999994,0.0299999999999997,7.00000000000003,1,2,66,0.5
708,16201.568162,16200.391497,16200.918163,16201.568162,16202.220828,0,NaN,0,7.00000000000003,1,2,66,0.5
709,16208.500155,16207.826156,16207.831489,16208.500155,16224.732139,0,NaN,0,7.00000000000003,1,2,66,0.5
710,16226.304137,16225.268138,16225.559471,16226.304137,16234.757462,0,NaN,0,7.00000000000003,1,2,66,0.5
711,16236.309461,16235.420795,16235.752795,16236.309461,16242.859454,1,NaN,0,5.99999999999996,2,1,65,0.5
712,16244.932119,16243.696787,16243.976786,16244.878785,16248.736115,0,2.99999999999994,0.0299999999999997,5.99999999999996,2,1,65,0.5
713,16250.11078,16249.362781,16249.586781,16250.11078,16257.966772,0,NaN,0,7.00000000000003,1,2,66,0.5
714,16259.647437,16258.482105,16258.892771,16259.594104,16263.1541,1,2.99999999999994,0.0299999999999997,7.00000000000003,1,2,66,0.5
715,16264.638766,16263.758767,16264.053433,16264.585432,16269.518094,1,2.99999999999994,0.0299999999999997,7.00000000000003,1,2,66,0.5
716,16272.144092,16271.065426,16271.389426,16272.042092,16275.982754,0,NaN,0.00999999999999943,5.99999999999996,0,1,65,0.5
717,16279.836084,16278.741419,16279.162751,16279.833417,16284.392746,1,2.99999999999994,0.0299999999999997,7.00000000000003,1,2,66,0.5
718,16286.041411,16285.016079,16285.360078,16286.038744,16290.047407,1,2.99999999999994,0.0299999999999997,7.00000000000003,1,2,66,0.5
719,16291.829405,16290.770073,16291.124739,16291.826738,16293.021404,1,2.99999999999994,0.0299999999999997,7.00000000000003,1,2,66,0.5
720,16303.630727,16297.118066,16297.382066,NaN,16311.032719,NaN,NaN,0,5.99999999999996,2,1,65,0.5
721,16313.98005,16313.284717,16313.477383,16313.98005,16323.82404,1,NaN,0,5.99999999999996,2,1,65,0.5
722,16325.541371,16324.486706,16324.787372,16325.488038,16328.186035,0,2.99999999999994,0.0299999999999997,5.99999999999996,2,1,65,0.5
723,16329.734701,16328.872035,16329.092701,16329.681367,16333.45003,0,2.99999999999994,0.0299999999999997,5.99999999999996,2,1,65,0.5
724,16335.082695,16334.284032,16334.525363,16335.082695,16335.758028,0,NaN,0,7.00000000000003,1,2,66,0.5
725,16347.557349,16346.674684,16346.882017,16347.504016,16350.72868,0,2.99999999999994,0.0299999999999997,5.99999999999996,2,1,65,0.5
726,16352.509344,16351.740679,16351.974678,16352.456011,16357.23134,0,2.99999999999994,0.0299999999999997,5.99999999999996,2,1,65,0.5
727,16359.041338,16358.130005,16358.316672,16358.939338,16361.573335,0,NaN,0.00999999999999943,5.99999999999996,0,1,65,0.5
728,16376.008654,16375.327322,16375.361988,16375.955321,16379.508651,0,2.99999999999994,0.0299999999999997,5.99999999999996,2,1,65,0.5
729,16381.005983,16380.117984,16380.341317,16381.005983,16384.253979,0,NaN,0,7.00000000000003,1,2,66,0.5
730,16388.858641,16387.870642,16388.149309,16388.855975,16391.890638,1,2.99999999999994,0.0299999999999997,7.00000000000003,1,2,66,0.5
731,16395.035969,16394.02797,16394.313303,16395.033302,16467.519229,0,2.99999999999994,0.0299999999999997,5.99999999999996,2,1,65,0.5
732,16471.402559,16469.060561,16470.51056,16471.349226,16475.419222,1,2.99999999999994,0.0299999999999997,7.00000000000003,1,2,66,0.5
733,16477.382553,16476.262554,16476.604554,16477.32922,16482.479214,1,2.99999999999994,0.0299999999999997,7.00000000000003,1,2,66,0.5
734,16484.151213,16483.155214,16483.465214,16484.148546,16488.308542,1,2.99999999999994,0.0299999999999997,7.00000000000003,1,2,66,0.5
735,16490.419207,16488.960541,16489.355208,16490.365873,16496.117201,0,2.99999999999994,0.0299999999999997,5.99999999999996,2,1,65,0.5
736,16498.573865,16497.362533,16497.649866,16498.520532,16502.212528,0,2.99999999999994,0.0299999999999997,5.99999999999996,2,1,65,0.5
737,16503.897193,16503.132527,16503.330527,16503.897193,16509.614521,0,NaN,0,7.00000000000003,1,2,66,0.5
738,16511.325852,16510.18652,16510.63252,16511.272519,16514.233849,1,2.99999999999994,0.0299999999999997,7.00000000000003,1,2,66,0.5
739,16516.237847,16515.063182,16515.439182,16516.135848,16525.989838,1,NaN,0.00999999999999943,7.00000000000003,0,2,66,0.5
740,16527.943836,16526.723837,16527.213836,16527.890502,16530.4885,1,2.99999999999994,0.0299999999999997,7.00000000000003,1,2,66,0.5
741,16532.206498,16531.149832,16531.470499,16532.153165,16535.283828,1,2.99999999999994,0.0299999999999997,7.00000000000003,1,2,66,0.5
742,16536.868493,16535.928494,16536.207161,16536.865827,16540.739156,1,2.99999999999994,0.0299999999999997,7.00000000000003,1,2,66,0.5
743,16542.505154,16541.315822,16541.655155,16542.451821,16546.082484,0,2.99999999999994,0.0299999999999997,5.99999999999996,2,1,65,0.5
744,16548.191815,16547.352483,16547.569816,16548.138482,16553.583143,0,2.99999999999994,0.0299999999999997,5.99999999999996,2,1,65,0.5
745,16555.153142,16554.290476,16554.490476,16555.099809,16559.236471,0,2.99999999999994,0.0299999999999997,5.99999999999996,2,1,65,0.5
746,16560.997136,16560.25647,16560.357803,16560.997136,16580.481783,0,NaN,0,7.00000000000003,1,2,66,0.5
747,16581.849115,16580.948449,16581.038449,16581.795782,16585.265112,0,2.99999999999994,0.0299999999999997,5.99999999999996,2,1,65,0.5
748,16586.915777,16585.975778,16586.207111,16586.91311,16591.891772,0,2.99999999999994,0.0299999999999997,5.99999999999996,2,1,65,0.5
749,16593.49977,16592.522438,16592.778438,16593.446437,16597.715766,0,2.99999999999994,0.0299999999999997,5.99999999999996,2,1,65,0.5
750,16604.794426,16603.53976,16603.988426,16604.791759,16611.923085,1,2.99999999999994,0.0299999999999997,7.00000000000003,1,2,66,0.5
751,16613.557083,16612.560418,16612.850417,16613.50375,16616.174414,1,2.99999999999994,0.0299999999999997,7.00000000000003,1,2,66,0.5
752,16617.707079,16616.683747,16616.962413,16617.673746,17160.936536,0,NaN,0.00999999999999943,5.99999999999996,0,1,65,0.5
753,17169.721861,17167.087863,17167.127197,17169.668527,17175.095855,0,2.99999999999994,0.0299999999999997,5.99999999999996,2,1,65,0.5
754,17178.318519,17176.79052,17177.011187,17178.265185,17184.170513,0,2.99999999999994,0.0299999999999997,5.99999999999996,2,1,65,0.5
755,17186.337844,17185.083845,17185.411178,17186.284511,17190.16984,0,2.99999999999994,0.0299999999999997,5.99999999999996,2,1,65,0.5
756,17192.578504,17191.481839,17191.609172,17192.578504,17196.9385,0,NaN,0,7.00000000000003,1,2,66,0.5
757,17202.019828,17199.97383,17200.113164,17201.966495,17204.594492,0,2.99999999999994,0.0299999999999997,5.99999999999996,2,1,65,0.5
758,17206.92649,17205.807825,17206.091158,17206.873157,17210.234487,1,2.99999999999994,0.0299999999999997,7.00000000000003,1,2,66,0.5
759,17211.942485,17210.919153,17211.323152,17211.889152,17216.463147,1,2.99999999999994,0.0299999999999997,7.00000000000003,1,2,66,0.5
760,17218.147812,17217.11848,17217.453146,17218.094479,17220.654476,0,2.99999999999994,0.0299999999999997,5.99999999999996,2,1,65,0.5
761,17223.069807,17221.927808,17222.331141,17223.069807,17230.879133,1,NaN,0,5.99999999999996,2,1,65,0.5
762,17232.510464,17231.332466,17231.743132,17232.506465,17235.702461,1,NaN,0.00999999999999943,7.00000000000003,0,2,66,0.5
763,17240.72979,17239.667791,17239.85179,17240.676456,17241.758455,0,2.99999999999994,0.0299999999999997,5.99999999999996,2,1,65,0.5
764,17243.659787,17242.363121,17242.675121,17243.65712,17248.589115,0,2.99999999999994,0.0299999999999997,5.99999999999996,2,1,65,0.5
765,17250.199113,17249.333114,17249.575781,17250.14578,17252.715111,0,2.99999999999994,0.0299999999999997,5.99999999999996,2,1,65,0.5
766,17254.935775,17253.742443,17254.129776,17254.833775,17260.00777,1,NaN,0.00999999999999943,7.00000000000003,0,2,66,0.5
767,17263.023101,17262.145101,17262.384435,17262.969767,17264.387766,1,2.99999999999994,0.0299999999999997,7.00000000000003,1,2,66,0.5
768,17267.227763,17266.397764,17266.669764,17267.17443,17272.259091,0,2.99999999999994,0.0299999999999997,5.99999999999996,2,1,65,0.5
769,17273.778423,17272.860424,17273.107091,17273.778423,17280.22175,0,NaN,0,7.00000000000003,1,2,66,0.5
770,17281.985082,17280.748416,17281.124416,17281.931748,17285.265078,1,2.99999999999994,0.0299999999999997,7.00000000000003,1,2,66,0.5
771,17286.98841,17285.971744,17286.408411,17286.935077,17288.302409,1,2.99999999999994,0.0299999999999997,7.00000000000003,1,2,66,0.5
772,17289.84574,17288.801075,17289.154408,17289.792407,17292.419738,0,2.99999999999994,0.0299999999999997,5.99999999999996,2,1,65,0.5
773,17294.589069,17293.459737,17293.872403,17294.535736,17299.193731,1,2.99999999999994,0.0299999999999997,7.00000000000003,1,2,66,0.5
774,17300.937729,17299.81773,17300.132397,17300.937729,17303.581727,1,NaN,0,5.99999999999996,2,1,65,0.5
775,17308.902388,17307.497056,17307.891056,17308.800388,17329.689034,1,NaN,0.00999999999999943,7.00000000000003,0,2,66,0.5
776,17331.517032,17330.5637,17330.877699,17331.501032,17333.77703,0,2.99999999999994,0.0299999999999997,5.99999999999996,2,1,65,0.5
777,17338.771692,17338.055026,17338.202359,17338.771692,17348.936348,0,NaN,0,7.00000000000003,1,2,66,0.5
778,17350.371013,17349.468348,17349.564347,17350.31768,17352.581678,0,2.99999999999994,0.0299999999999997,5.99999999999996,2,1,65,0.5
779,17354.645676,17353.677677,17354.033676,17354.645676,17358.432339,0,NaN,0,7.00000000000003,1,2,66,0.5
780,17363.559667,17362.447668,17362.846334,17363.507001,17370.154327,0,2.99999999999994,0.0299999999999997,5.99999999999996,2,1,65,0.5
781,17372.070325,17370.704326,17371.191659,17372.016992,17376.269654,1,2.99999999999994,0.0299999999999997,7.00000000000003,1,2,66,0.5
782,17378.960318,17378.018319,17378.208319,17378.957651,17383.68498,0,2.99999999999994,0.0299999999999997,5.99999999999996,2,1,65,0.5
783,17385.568978,17384.520979,17384.894979,17385.515645,17390.140307,1,2.99999999999994,0.0299999999999997,7.00000000000003,1,2,66,0.5
784,17391.848305,17390.782973,17391.161639,17391.845639,17397.4183,1,2.99999999999994,0.0299999999999997,7.00000000000003,1,2,66,0.5
785,17399.132965,17398.175632,17398.466965,17399.130298,17403.668293,1,2.99999999999994,0.0299999999999997,7.00000000000003,1,2,66,0.5
786,17405.538291,17404.421626,17404.734292,17405.484958,17409.890954,0,2.99999999999994,0.0299999999999997,5.99999999999996,2,1,65,0.5
787,17411.786952,17410.934286,17411.182286,17411.786952,17421.547609,0,NaN,0,7.00000000000003,1,2,66,0.5
788,17423.018274,17422.024275,17422.356941,17422.964941,17428.813602,0,2.99999999999994,0.0299999999999997,5.99999999999996,2,1,65,0.5
789,17430.276934,17429.481601,17429.739601,17430.276934,17445.973584,0,NaN,0,7.00000000000003,1,2,66,0.5
790,17450.540246,17449.479583,17449.733581,17450.53758,17453.880243,1,2.99999999999994,0.0299999999999997,7.00000000000003,1,2,66,0.5
791,17455.692241,17454.625576,17454.953575,17455.638908,17459.471571,1,2.99999999999994,0.0299999999999997,7.00000000000003,1,2,66,0.5
792,17461.156236,17460.15557,17460.438237,17461.102903,17465.189565,1,2.99999999999994,0.0299999999999997,7.00000000000003,1,2,66,0.5
793,17466.93423,17465.866898,17466.215564,17466.880897,17472.696224,1,2.99999999999994,0.0299999999999997,7.00000000000003,1,2,66,0.5
794,17474.418223,17473.387557,17473.750223,17474.364889,17477.16422,1,2.99999999999994,0.0299999999999997,7.00000000000003,1,2,66,0.5
795,17478.881551,17477.760886,17478.072886,17478.878885,17480.71755,0,2.99999999999994,0.0299999999999997,5.99999999999996,2,1,65,0.5
796,17482.923547,17481.822882,17482.147548,17482.870214,17486.691544,0,2.99999999999994,0.0299999999999997,5.99999999999996,2,1,65,0.5
797,17490.49954,17489.496874,17489.882207,17490.446207,17493.360204,1,2.99999999999994,0.0299999999999997,7.00000000000003,1,2,66,0.5
798,17495.369535,17494.405536,17494.608869,17495.316202,17501.614195,0,2.99999999999994,0.0299999999999997,5.99999999999996,2,1,65,0.5
799,17503.38886,17502.380861,17502.652861,17503.38886,17510.320187,0,NaN,0,7.00000000000003,1,2,66,0.5
800,17512.156851,17510.918186,17511.316186,17512.150852,17514.558849,1,2.99999999999994,0.0299999999999997,7.00000000000003,1,2,66,0.5
801,17516.284181,17515.254848,17515.572848,17516.230847,17518.630178,0,2.99999999999994,0.0299999999999997,5.99999999999996,2,1,65,0.5
802,17520.372843,17519.408844,17519.749511,17520.31951,17524.980172,0,2.99999999999994,0.0299999999999997,5.99999999999996,2,1,65,0.5
803,17526.520837,17525.665505,17525.920171,17526.467504,17531.284166,0,2.99999999999994,0.0299999999999997,5.99999999999996,2,1,65,0.5
804,17532.874831,17532.024832,17532.314165,17532.874831,17544.641486,0,NaN,0,7.00000000000003,0,2,66,0.5
805,17546.798817,17545.500818,17545.841484,17546.745484,17549.90548,0,2.99999999999994,0.0299999999999997,5.99999999999996,2,1,65,0.5
806,17551.572145,17550.390813,17550.746813,17551.470145,17557.938806,1,NaN,0.00999999999999943,7.00000000000003,0,2,66,0.5
807,17560.166803,17558.791472,17559.183471,17560.064804,17567.778796,1,NaN,0.00999999999999943,7.00000000000003,0,2,66,0.5
808,17569.425461,17568.240129,17568.542128,17569.422794,17570.848126,1,2.99999999999994,0.0299999999999997,7.00000000000003,1,2,66,0.5
809,17572.516124,17571.421459,17571.844125,17572.513458,17575.390788,1,2.99999999999994,0.0299999999999997,7.00000000000003,1,2,66,0.5
810,17576.877454,17575.918788,17576.221454,17576.874787,17580.244117,1,2.99999999999994,0.0299999999999997,7.00000000000003,1,2,66,0.5
811,17581.685449,17580.90745,17581.162783,17581.685449,17588.542108,1,NaN,0,5.99999999999996,2,1,65,0.5
812,17590.07544,17589.118775,17589.438774,17590.062107,17594.036103,0,2.99999999999994,0.0299999999999997,5.99999999999996,2,1,65,0.5
813,17595.410102,17594.544103,17594.848769,17595.407435,17599.994764,0,2.99999999999994,0.0299999999999997,5.99999999999996,2,1,65,0.5
814,17602.358761,17600.69943,17601.010096,17602.305428,17605.500758,1,2.99999999999994,0.0299999999999997,7.00000000000003,1,2,66,0.5
815,17607.31809,17606.482757,17606.62609,17607.31809,17613.680083,1,NaN,0,5.99999999999996,2,1,65,0.5
816,17617.243413,17616.440081,17616.696747,17617.243413,17622.886741,1,NaN,0,5.99999999999996,2,1,65,0.5
817,17624.377406,17623.383407,17623.85874,17624.324073,17632.825397,0,2.99999999999994,0.0299999999999997,5.99999999999996,2,1,65,0.5
818,17635.390062,17634.396063,17634.741396,17635.390062,17640.760056,0,NaN,0,7.00000000000003,1,2,66,0.5
819,17642.520054,17641.313389,17641.747389,17642.518721,17643.729387,1,NaN,0.00999999999999943,7.00000000000003,0,2,66,0.5
820,17651.374046,17650.372713,17650.67138,17651.371379,17652.926044,0,2.99999999999994,0.0299999999999997,5.99999999999996,2,1,65,0.5
821,17655.106709,17653.622043,17653.902043,17655.053375,17658.558038,0,2.99999999999994,0.0299999999999997,5.99999999999996,2,1,65,0.5
822,17660.344703,17659.304038,17659.662704,17660.344703,17663.152034,0,NaN,0,7.00000000000003,1,2,66,0.5
823,17667.13603,17666.386031,17666.560697,17667.13603,17675.881354,0,NaN,0,7.00000000000003,1,2,66,0.5
824,17677.457353,17676.441354,17676.74802,17677.454686,17680.586016,1,2.99999999999994,0.0299999999999997,7.00000000000003,1,2,66,0.5
825,17682.602014,17681.565349,17681.892015,17682.548681,17687.26401,1,2.99999999999994,0.0299999999999997,7.00000000000003,1,2,66,0.5
826,17688.726008,17687.874676,17688.176675,17688.672675,17692.528004,1,2.99999999999994,0.0299999999999997,7.00000000000003,1,2,66,0.5
827,17694.073336,17693.092004,17693.376004,17694.073336,17695.132669,1,NaN,0,5.99999999999996,2,1,65,0.5
828,17705.117325,17703.91066,17704.412659,17705.063992,17712.557984,1,2.99999999999994,0.0299999999999997,7.00000000000003,1,2,66,0.5
829,17714.759982,17713.531983,17713.867316,17714.757316,17717.977312,0,2.99999999999994,0.0299999999999997,5.99999999999996,2,1,65,0.5
830,17719.917977,17719.052645,17719.315311,17719.917977,17726.807303,0,NaN,0,7.00000000000003,1,2,66,0.5
831,17728.743968,17727.399303,17727.945302,17728.690635,17733.96463,0,2.99999999999994,0.0299999999999997,5.99999999999996,2,1,65,0.5
832,17735.517961,17734.567962,17734.759296,17735.415962,17740.30929,0,NaN,0.00999999999999943,5.99999999999996,0,1,65,0.5
833,17742.052622,17740.867956,17741.364622,17742.049955,17745.894618,1,2.99999999999994,0.0299999999999997,7.00000000000003,1,2,66,0.5
834,17748.256615,17747.309283,17747.486616,17748.203282,17753.335277,0,2.99999999999994,0.0299999999999997,5.99999999999996,2,1,65,0.5
835,17755.413942,17754.131276,17754.422609,17755.413942,17759.730604,0,NaN,0,7.00000000000003,1,2,66,0.5
836,17843.197854,17842.043855,17842.301855,17843.14452,17848.055182,0,2.99999999999994,0.0299999999999997,5.99999999999996,2,1,65,0.5
837,17849.84518,17848.963181,17849.038515,17849.842514,17853.50651,0,2.99999999999994,0.0299999999999997,5.99999999999996,2,1,65,0.5
838,17855.322508,17854.276509,17854.657176,17855.322508,17871.314492,0,NaN,0,7.00000000000003,1,2,66,0.5
839,17873.069157,17872.106492,17872.189825,17872.967157,17885.397812,0,NaN,0.00999999999999943,5.99999999999996,0,1,65,0.5
840,17886.750477,17885.913144,17886.257144,17886.750477,17891.928472,1,NaN,0,5.99999999999996,2,1,65,0.5
841,17893.48847,17892.521804,17892.917804,17893.48847,17900.111797,1,NaN,0,5.99999999999996,2,1,65,0.5
842,17901.749795,17900.72713,17901.083129,17901.696462,17910.697786,0,2.99999999999994,0.0299999999999997,5.99999999999996,2,1,65,0.5
843,17912.307118,17911.048453,17911.369786,17912.253785,17914.875115,1,2.99999999999994,0.0299999999999997,7.00000000000003,1,2,66,0.5
844,17916.492447,17915.585115,17915.822448,17916.439114,17919.471111,0,2.99999999999994,0.0299999999999997,5.99999999999996,2,1,65,0.5
845,17921.248442,17920.233777,17920.494443,17921.146442,17922.772441,0,NaN,0.00999999999999943,5.99999999999996,0,1,65,0.5
846,17927.811769,17926.734437,17927.150436,17927.758436,17932.960431,0,2.99999999999994,0.0299999999999997,5.99999999999996,2,1,65,0.5
847,17934.783762,17933.653097,17933.915763,17934.730429,17938.350425,1,2.99999999999994,0.0299999999999997,7.00000000000003,1,2,66,0.5
848,17939.900424,17939.181091,17939.436424,17939.900424,17945.877751,1,NaN,0,5.99999999999996,2,1,65,0.5
849,17947.44375,17946.391084,17946.826417,17947.390416,17950.869079,1,2.99999999999994,0.0299999999999997,7.00000000000003,1,2,66,0.5
850,17952.431745,17951.559745,17951.849745,17952.431745,17960.174403,1,NaN,0,5.99999999999996,2,1,65,0.5
851,17961.639735,17960.67907,17960.977069,17961.586402,17965.262398,0,2.99999999999994,0.0299999999999997,5.99999999999996,2,1,65,0.5
852,17966.96973,17966.006398,17966.343064,17966.916397,17971.809059,1,2.99999999999994,0.0299999999999997,7.00000000000003,1,2,66,0.5
853,17973.41839,17972.345058,17972.604391,17973.365724,17976.903053,0,2.99999999999994,0.0299999999999997,5.99999999999996,2,1,65,0.5
854,17978.893718,17977.930386,17978.161719,17978.840385,17982.925714,0,2.99999999999994,0.0299999999999997,5.99999999999996,2,1,65,0.5
855,17984.537046,17983.455714,17983.881046,17984.534379,17988.645708,0,2.99999999999994,0.0299999999999997,5.99999999999996,2,1,65,0.5
856,17990.176373,17989.369041,17989.554374,17990.176373,17996.321701,0,NaN,0,7.00000000000003,1,2,66,0.5
857,17998.821698,17997.780366,17998.165699,17998.768365,18001.805695,1,2.99999999999994,0.0299999999999997,7.00000000000003,1,2,66,0.5
858,18003.31436,18002.458361,18002.789028,18003.261027,18006.330357,1,2.99999999999994,0.0299999999999997,7.00000000000003,1,2,66,0.5
859,18008.050356,18007.166356,18007.471023,18007.997022,18012.501684,1,2.99999999999994,0.0299999999999997,7.00000000000003,1,2,66,0.5
860,18013.997683,18013.043017,18013.385684,18013.997683,18014.308349,1,NaN,0,5.99999999999996,0,1,65,0.5
861,18024.598339,18023.50234,18023.787007,18024.545006,18027.237003,0,2.99999999999994,0.0299999999999997,5.99999999999996,2,1,65,0.5
862,18028.588335,18027.899002,18027.965669,18028.588335,18034.619662,0,NaN,0,7.00000000000003,1,2,66,0.5
863,18037.736326,18036.66366,18037.044993,18037.736326,18044.261653,1,NaN,0,5.99999999999996,2,1,65,0.5
864,18049.718984,18048.648315,18048.929648,18049.717647,18053.66431,0,NaN,0.00999999999999943,5.99999999999996,0,1,65,0.5
865,18058.306972,18057.234306,18057.622973,18058.288305,18061.527635,1,2.99999999999994,0.0299999999999997,7.00000000000003,1,2,66,0.5
866,18063.2503,18062.210301,18062.513634,18063.196967,18065.704298,1,2.99999999999994,0.0299999999999997,7.00000000000003,1,2,66,0.5
867,18068.230962,18067.132297,18067.444963,18068.228295,18073.43229,0,2.99999999999994,0.0299999999999997,5.99999999999996,2,1,65,0.5
868,18075.360955,18074.12029,18074.418289,18075.358288,18080.877616,1,2.99999999999994,0.0299999999999997,7.00000000000003,1,2,66,0.5
869,18082.755614,18081.716282,18081.981615,18082.702281,18087.500276,1,2.99999999999994,0.0299999999999997,7.00000000000003,1,2,66,0.5
870,18089.266941,18088.237609,18088.533608,18089.164941,18108.166922,1,NaN,0.00999999999999943,7.00000000000003,0,2,66,0.5
871,18109.806254,18108.730255,18109.032255,18109.752921,18112.295585,1,2.99999999999994,0.0299999999999997,7.00000000000003,1,2,66,0.5
872,18114.12625,18112.814918,18113.44825,18114.12625,18117.054247,0,NaN,0,7.00000000000003,1,2,66,0.5
873,18125.112905,18124.02424,18124.350906,18125.059572,18129.193568,1,2.99999999999994,0.0299999999999997,7.00000000000003,1,2,66,0.5
874,18130.782233,18129.697567,18130.088234,18130.729566,18133.995563,0,2.99999999999994,0.0299999999999997,5.99999999999996,2,1,65,0.5
875,18136.084228,18135.005562,18135.294895,18136.084228,18140.567556,0,NaN,0,7.00000000000003,1,2,66,0.5
876,18143.950886,18142.822887,18143.118887,18143.94822,18147.708883,1,2.99999999999994,0.0299999999999997,7.00000000000003,1,2,66,0.5
877,18149.226881,18148.264215,18148.568882,18149.224214,18152.528211,1,2.99999999999994,0.0299999999999997,7.00000000000003,1,2,66,0.5
878,18154.125543,18153.130877,18153.47421,18154.023543,18368.547328,1,NaN,0.00999999999999943,7.00000000000003,0,2,66,0.5
879,18371.883992,18371.077326,18371.265326,18371.883992,18375.858654,0,NaN,0,7.00000000000003,1,2,66,0.5
880,18382.729981,18381.991982,18382.035982,18382.676648,18385.336645,1,2.99999999999994,0.0299999999999997,7.00000000000003,1,2,66,0.5
881,18387.135976,18385.946644,18386.257977,18387.134643,18390.959973,0,NaN,0.00999999999999943,5.99999999999996,0,1,65,0.5
882,18394.463303,18393.415304,18393.602637,18394.409969,18395.573968,0,2.99999999999994,0.0299999999999997,5.99999999999996,2,1,65,0.5
883,18397.415966,18396.303301,18396.6173,18397.362633,18400.66663,1,2.99999999999994,0.0299999999999997,7.00000000000003,1,2,66,0.5
884,18402.243961,18401.351962,18401.646629,18402.190628,18405.340625,1,2.99999999999994,0.0299999999999997,7.00000000000003,1,2,66,0.5
885,18406.80729,18405.880624,18406.181957,18406.753957,18410.41262,1,2.99999999999994,0.0299999999999997,7.00000000000003,1,2,66,0.5
886,18412.052618,18410.983286,18411.273286,18412.049952,18416.218614,0,2.99999999999994,0.0299999999999997,5.99999999999996,2,1,65,0.5
887,18420.345943,18419.122611,18419.433944,18420.29261,18423.134607,1,2.99999999999994,0.0299999999999997,7.00000000000003,1,2,66,0.5
888,18424.806605,18423.74394,18424.06194,18424.753939,18428.181935,0,2.99999999999994,0.0299999999999997,5.99999999999996,2,1,65,0.5
889,18430.1146,18429.181268,18429.428601,18430.1146,18608.533088,0,NaN,0,7.00000000000003,1,2,66,0.5
890,18610.539087,18609.309754,18609.383088,18610.539087,18616.570414,0,NaN,0,7.00000000000003,1,2,66,0.5
891,18618.205745,18617.32108,18617.560413,18618.152412,18621.467076,1,2.99999999999994,0.0299999999999997,7.00000000000003,1,2,66,0.5
892,18623.293074,18622.160408,18622.504408,18623.23974,18626.897737,0,2.99999999999994,0.0299999999999997,5.99999999999996,2,1,65,0.5
893,18629.8924,18628.563068,18628.841735,18629.790401,18634.443729,1,NaN,0.00999999999999943,7.00000000000003,0,2,66,0.5
894,18638.605725,18637.40106,18637.971059,18638.605725,18640.969061,0,NaN,0,7.00000000000003,1,2,66,0.5
895,18646.459051,18645.351718,18645.735051,18646.405717,18649.628381,1,2.99999999999994,0.0299999999999997,7.00000000000003,1,2,66,0.5
896,18651.306379,18650.38238,18650.697046,18651.306379,18657.069707,1,NaN,0,5.99999999999996,0,1,65,0.5
897,18661.884368,18660.77037,18661.132369,18661.831035,18665.317698,1,2.99999999999994,0.0299999999999997,7.00000000000003,1,2,66,0.5
898,18668.491695,18667.468363,18667.759696,18668.389695,18678.229685,0,NaN,0.00999999999999943,5.99999999999996,0,1,65,0.5
899,18679.965017,18678.862351,18679.217018,18679.911684,18684.225679,1,2.99999999999994,0.0299999999999997,7.00000000000003,1,2,66,0.5
900,18688.665675,18686.137677,18686.408344,18688.563675,18711.906318,0,NaN,0.00999999999999943,5.99999999999996,0,1,65,0.5
901,18713.49565,18712.619651,18712.939651,18713.442317,18716.393647,1,2.99999999999994,0.0299999999999997,7.00000000000003,1,2,66,0.5
902,18718.004979,18716.996313,18717.30098,18717.951646,18720.450977,0,2.99999999999994,0.0299999999999997,5.99999999999996,2,1,65,0.5
903,18722.466308,18721.472975,18721.858308,18722.412975,18732.273631,1,2.99999999999994,0.0299999999999997,7.00000000000003,1,2,66,0.5
904,18734.244963,18733.218964,18733.622963,18734.191629,18740.208957,1,2.99999999999994,0.0299999999999997,7.00000000000003,1,2,66,0.5
905,18746.274951,18745.274952,18745.613618,18746.221617,18756.023608,1,2.99999999999994,0.0299999999999997,7.00000000000003,1,2,66,0.5
906,18759.545604,18758.303605,18758.670272,18759.443604,18766.130931,1,NaN,0.00999999999999943,7.00000000000003,0,2,66,0.5
907,18774.416256,18773.170257,18773.50959,18774.414923,18777.238253,1,NaN,0.00999999999999943,7.00000000000003,0,2,66,0.5
908,18781.140249,18780.027584,18780.24225,18781.086916,18785.660245,0,2.99999999999994,0.0299999999999997,5.99999999999996,2,1,65,0.5
909,18787.592243,18786.689577,18786.963577,18787.538909,18790.927573,1,2.99999999999994,0.0299999999999997,7.00000000000003,1,2,66,0.5
910,18793.130904,18792.074238,18792.327571,18793.077571,18797.452233,0,2.99999999999994,0.0299999999999997,5.99999999999996,2,1,65,0.5
911,18799.172231,18798.449565,18798.567565,18799.118898,18806.599558,0,2.99999999999994,0.0299999999999997,5.99999999999996,2,1,65,0.5
912,18808.358889,18807.610223,18807.664889,18808.305555,18812.788884,1,2.99999999999994,0.0299999999999997,7.00000000000003,1,2,66,0.5
913,18814.892215,18813.832216,18814.11155,18814.838882,18819.620877,0,2.99999999999994,0.0299999999999997,5.99999999999996,2,1,65,0.5
914,18826.501537,18824.929539,18825.302205,18826.49887,18829.052868,0,2.99999999999994,0.0299999999999997,5.99999999999996,2,1,65,0.5
915,18831.492865,18830.416866,18830.724866,18831.439532,18836.982193,0,2.99999999999994,0.0299999999999997,5.99999999999996,2,1,65,0.5
916,18838.684192,18837.984859,18838.109526,18838.684192,18845.004185,0,NaN,0,7.00000000000003,0,2,66,0.5
917,18846.904183,18845.622185,18846.047518,18846.85085,18849.988847,1,2.99999999999994,0.0299999999999997,7.00000000000003,1,2,66,0.5
918,18851.489512,18850.59418,18850.880846,18851.488179,18855.889508,1,NaN,0.00999999999999943,7.00000000000003,0,2,66,0.5
919,18860.703503,18859.627504,18859.99417,18860.65017,18864.202833,1,2.99999999999994,0.0299999999999997,7.00000000000003,1,2,66,0.5
920,18865.987498,18864.933499,18865.228832,18865.934164,18869.608827,0,2.99999999999994,0.0299999999999997,5.99999999999996,2,1,65,0.5
921,18871.294826,18870.41016,18870.70016,18871.241492,18876.427487,0,2.99999999999994,0.0299999999999997,5.99999999999996,2,1,65,0.5
922,18878.123485,18877.192153,18877.496153,18878.120819,18881.923482,0,2.99999999999994,0.0299999999999997,5.99999999999996,2,1,65,0.5
923,18884.034146,18882.896814,18883.276814,18883.980813,18888.278809,1,2.99999999999994,0.0299999999999997,7.00000000000003,1,2,66,0.5
924,18889.583474,18888.924141,18889.059475,18889.583474,18895.674135,1,NaN,0,5.99999999999996,2,1,65,0.5
925,18897.479466,18896.177467,18896.755467,18897.426133,18902.541461,0,2.99999999999994,0.0299999999999997,5.99999999999996,2,1,65,0.5
926,18904.494792,18903.54946,18903.82346,18904.441459,18908.526788,1,2.99999999999994,0.0299999999999997,7.00000000000003,1,2,66,0.5
927,18910.326787,18909.352121,18909.636121,18910.273453,18914.520116,1,2.99999999999994,0.0299999999999997,7.00000000000003,1,2,66,0.5
928,18916.238114,18915.206782,18915.458115,18916.136114,18916.925447,1,NaN,0.00999999999999943,7.00000000000003,0,2,66,0.5
929,18923.404774,18922.229441,18922.607441,18923.402107,18926.482104,1,2.99999999999994,0.0299999999999997,7.00000000000003,1,2,66,0.5
930,18928.200769,18927.18277,18927.533436,18928.200769,18930.5441,1,NaN,0,5.99999999999996,2,1,65,0.5
931,18935.413428,18934.134763,18934.561429,18935.360095,18938.817425,1,2.99999999999994,0.0299999999999997,7.00000000000003,1,2,66,0.5
932,18940.64009,18939.540091,18939.97409,18940.586756,18943.904753,1,2.99999999999994,0.0299999999999997,7.00000000000003,1,2,66,0.5
933,18945.818084,18944.690752,18945.040752,18945.764751,18950.699413,0,2.99999999999994,0.0299999999999997,5.99999999999996,2,1,65,0.5
934,18952.474745,18951.475412,18951.726079,18952.474745,18969.340061,0,NaN,0,7.00000000000003,1,2,66,0.5
935,18970.889393,18969.715394,18970.03806,18970.886726,18973.890056,1,2.99999999999994,0.0299999999999997,7.00000000000003,1,2,66,0.5
936,18976.565387,18975.379388,18975.609388,18976.463387,18977.338053,0,NaN,0.00999999999999943,5.99999999999996,0,1,65,0.5
937,18984.190046,18983.096714,18983.49338,18984.136713,18988.105376,1,2.99999999999994,0.0299999999999997,7.00000000000003,1,2,66,0.5
938,18989.82204,18988.798041,18989.224708,18989.819374,18993.714703,1,2.99999999999994,0.0299999999999997,7.00000000000003,1,2,66,0.5
939,18995.212702,18994.284036,18994.584036,18995.159368,18999.202031,1,2.99999999999994,0.0299999999999997,7.00000000000003,1,2,66,0.5
940,19001.023363,18999.86203,19000.21003,19001.022029,19007.390023,0,NaN,0.00999999999999943,5.99999999999996,0,1,65,0.5
941,19009.094688,19008.090022,19008.370689,19009.092021,19013.700017,1,2.99999999999994,0.0299999999999997,7.00000000000003,1,2,66,0.5
942,19015.376682,19014.363349,19014.740682,19015.376682,19015.726681,1,NaN,0,5.99999999999996,2,1,65,0.5
943,19024.296673,19022.769341,19023.081341,19023.74534,19028.152669,0,NaN,0,5.99999999999996,2,1,65,0.5
944,19032.044665,19030.655333,19031.229999,19031.991332,19034.575329,1,2.99999999999994,0.0299999999999997,7.00000000000003,1,2,66,0.5
945,19036.169327,19035.129995,19035.485995,19036.169327,19041.683322,1,NaN,0,5.99999999999996,2,1,65,0.5
946,19046.729984,19044.463986,19044.795986,19046.729984,19364.344333,1,NaN,0,5.99999999999996,2,1,65,0.5
947,19367.928329,19367.086997,19367.27233,19367.928329,19376.265654,0,NaN,0,7.00000000000003,1,2,66,0.5
948,19378.873651,19377.760986,19378.080319,19378.820318,19383.834313,0,2.99999999999994,0.0299999999999997,5.99999999999996,2,1,65,0.5
949,19386.579644,19385.430312,19385.805645,19386.52631,19389.442308,1,2.99999999999994,0.0299999999999997,7.00000000000003,1,2,66,0.5
950,19391.763639,19390.580306,19390.860973,19391.760972,19393.151639,0,2.99999999999994,0.0299999999999997,5.99999999999996,2,1,65,0.5
951,19395.088969,19393.98297,19394.303636,19395.035635,19398.024299,1,2.99999999999994,0.0299999999999997,7.00000000000003,1,2,66,0.5
952,19399.886297,19398.760965,19399.058298,19399.88363,19403.761627,0,2.99999999999994,0.0299999999999997,5.99999999999996,2,1,65,0.5
953,19405.507625,19404.514959,19404.700959,19405.405625,19411.098286,0,NaN,0.00999999999999943,5.99999999999996,0,1,65,0.5
954,19412.716951,19411.610952,19411.951618,19412.663618,19416.290281,1,2.99999999999994,0.0299999999999997,7.00000000000003,1,2,66,0.5
955,19418.162945,19416.95028,19417.42828,19418.109612,19420.120277,1,2.99999999999994,0.0299999999999997,7.00000000000003,1,2,66,0.5
956,19422.013608,19421.085609,19421.399609,19422.010942,19422.979607,1,2.99999999999994,0.0299999999999997,7.00000000000003,1,2,66,0.5
957,19424.773606,19423.677607,19423.990273,19424.770939,19428.350269,0,2.99999999999994,0.0299999999999997,5.99999999999996,2,1,65,0.5
958,19431.339599,19430.252933,19430.554266,19431.336932,19433.176264,1,2.99999999999994,0.0299999999999997,7.00000000000003,1,2,66,0.5
959,19435.229595,19434.134263,19434.562262,19435.176262,19439.770257,1,2.99999999999994,0.0299999999999997,7.00000000000003,1,2,66,0.5
960,19447.43025,19445.838918,19446.191584,19447.376916,19451.030913,0,2.99999999999994,0.0299999999999997,5.99999999999996,2,1,65,0.5
961,19453.42291,19452.428245,19452.679578,19453.369577,19457.307573,1,2.99999999999994,0.0299999999999997,7.00000000000003,1,2,66,0.5
962,19459.794904,19458.457572,19458.747572,19459.792238,19464.249566,0,2.99999999999994,0.0299999999999997,5.99999999999996,2,1,65,0.5
963,19466.208231,19465.176898,19465.476898,19466.206897,19467.741563,0,NaN,0.00999999999999943,5.99999999999996,0,1,65,0.5
964,19474.802222,19473.96489,19474.142223,19474.748889,19475.344222,0,2.99999999999994,0.0299999999999997,5.99999999999996,2,1,65,0.5
965,19477.596219,19476.160887,19476.431554,19477.596219,19483.908213,1,NaN,0,5.99999999999996,0,1,65,0.5
966,19485.326878,19484.384879,19484.726212,19485.326878,19489.362208,1,NaN,0,5.99999999999996,2,1,65,0.5
967,19491.892205,19490.920206,19491.297539,19491.889538,19495.512868,0,2.99999999999994,0.0299999999999997,5.99999999999996,2,1,65,0.5
968,19496.9642,19496.130201,19496.339534,19496.911533,19502.117528,0,2.99999999999994,0.0299999999999997,5.99999999999996,2,1,65,0.5
969,19504.248193,19503.31686,19503.599527,19504.194859,19509.563521,0,2.99999999999994,0.0299999999999997,5.99999999999996,2,1,65,0.5
970,19511.115519,19510.11352,19510.41752,19511.013519,19527.405503,0,NaN,0.00999999999999943,5.99999999999996,0,1,65,0.5
971,19529.118168,19528.011502,19528.324835,19529.115501,19533.398164,0,2.99999999999994,0.0299999999999997,5.99999999999996,2,1,65,0.5
972,19535.305495,19534.484829,19534.734829,19535.305495,19540.116824,0,NaN,0,7.00000000000003,1,2,66,0.5
973,19542.237488,19541.034823,19541.576155,19542.184155,19544.894819,1,2.99999999999994,0.0299999999999997,7.00000000000003,1,2,66,0.5
974,19546.95415,19545.554151,19545.909485,19546.95415,19550.746146,1,NaN,0,5.99999999999996,2,1,65,0.5
975,19574.468789,19573.47679,19573.72879,19574.415456,19578.247452,0,2.99999999999994,0.0299999999999997,5.99999999999996,2,1,65,0.5
976,19579.826117,19578.762118,19579.145451,19579.82345,19582.523448,1,2.99999999999994,0.0299999999999997,7.00000000000003,1,2,66,0.5
977,19584.456779,19583.390114,19583.703447,19584.403446,19585.415445,0,2.99999999999994,0.0299999999999997,5.99999999999996,2,1,65,0.5
978,19587.326776,19586.198111,19586.526777,19587.273443,19591.779439,0,2.99999999999994,0.0299999999999997,5.99999999999996,2,1,65,0.5
979,19594.039436,19592.958771,19593.23277,19593.986103,19599.452764,1,2.99999999999994,0.0299999999999997,7.00000000000003,1,2,66,0.5
980,19601.094096,19600.10743,19600.392763,19601.091429,19604.793429,0,2.99999999999994,0.0299999999999997,5.99999999999996,2,1,65,0.5
981,19606.824757,19605.830091,19606.084758,19606.824757,19607.100757,0,NaN,0,7.00000000000003,1,2,66,0.5
982,19614.700082,19613.084084,19613.58075,19614.698749,19622.188741,1,NaN,0.00999999999999943,7.00000000000003,0,2,66,0.5
983,19624.735406,19623.242074,19623.826073,19624.682739,19628.312735,1,2.99999999999994,0.0299999999999997,7.00000000000003,1,2,66,0.5
984,19630.0914,19628.973401,19629.343401,19630.038067,19635.261395,1,2.99999999999994,0.0299999999999997,7.00000000000003,1,2,66,0.5
985,19636.84006,19635.874061,19636.230727,19636.786727,19642.110055,1,2.99999999999994,0.0299999999999997,7.00000000000003,1,2,66,0.5
986,19643.730053,19642.773388,19643.071387,19643.67672,19647.436716,1,2.99999999999994,0.0299999999999997,7.00000000000003,1,2,66,0.5
987,19651.629379,19650.488046,19650.75738,19651.576045,19658.184705,0,2.99999999999994,0.0299999999999997,5.99999999999996,2,1,65,0.5
988,19660.28937,19659.177371,19659.494704,19660.236037,19664.074033,1,2.99999999999994,0.0299999999999997,7.00000000000003,1,2,66,0.5
989,19666.504697,19665.466032,19665.793365,19666.50203,19671.651359,1,2.99999999999994,0.0299999999999997,7.00000000000003,1,2,66,0.5
990,19673.327357,19672.308025,19672.657358,19673.274024,19676.733354,1,2.99999999999994,0.0299999999999997,7.00000000000003,1,2,66,0.5
991,19678.552018,19677.36802,19677.754686,19678.498685,19681.475349,0,2.99999999999994,0.0299999999999997,5.99999999999996,2,1,65,0.5
992,19688.109342,19686.505344,19687.20601,19688.106676,19693.987336,1,2.99999999999994,0.0299999999999997,7.00000000000003,1,2,66,0.5
993,19695.828668,19694.824669,19695.130669,19695.826001,19699.727331,1,2.99999999999994,0.0299999999999997,7.00000000000003,1,2,66,0.5
994,19701.451996,19700.463997,19700.79133,19701.451996,19701.927328,1,NaN,0,5.99999999999996,2,1,65,0.5
995,19713.965983,19712.705984,19712.995984,19713.963316,19718.247312,0,2.99999999999994,0.0299999999999997,5.99999999999996,2,1,65,0.5
996,19720.28531,19718.976645,19719.570644,19720.231977,19724.565306,1,2.99999999999994,0.0299999999999997,7.00000000000003,1,2,66,0.5
997,19726.236637,19725.273305,19725.579971,19726.183304,19730.409967,1,2.99999999999994,0.0299999999999997,7.00000000000003,1,2,66,0.5
998,19731.996632,19730.923966,19731.209299,19731.943298,19736.180627,0,2.99999999999994,0.0299999999999997,5.99999999999996,2,1,65,0.5
999,19738.219292,19737.046627,19737.346626,19738.117292,19739.524624,1,NaN,0.00999999999999943,7.00000000000003,0,2,66,0.5
1000,19746.160617,19744.775286,19745.384618,19746.107284,19749.261948,1,2.99999999999994,0.0299999999999997,7.00000000000003,1,2,66,0.5
1001,19752.571944,19751.030613,19751.401946,19752.518611,19756.135941,0,2.99999999999994,0.0299999999999997,5.99999999999996,2,1,65,0.5
1002,19757.845939,19756.83194,19757.170606,19757.844606,19761.654602,0,NaN,0.00999999999999943,5.99999999999996,0,1,65,0.5
1003,19765.297265,19763.2146,19764.0726,19765.295932,19767.483929,1,NaN,0.00999999999999943,7.00000000000003,0,2,66,0.5
1004,19772.565258,19771.021259,19771.715925,19772.511924,19776.125254,1,2.99999999999994,0.0299999999999997,7.00000000000003,1,2,66,0.5
1005,19777.831252,19776.708587,19777.119253,19777.777919,19780.871249,1,2.99999999999994,0.0299999999999997,7.00000000000003,1,2,66,0.5
1006,19782.549914,19781.463249,19781.851915,19782.496581,19786.528577,1,2.99999999999994,0.0299999999999997,7.00000000000003,1,2,66,0.5
1007,19788.129242,19787.046577,19787.38791,19788.075909,19792.776571,0,2.99999999999994,0.0299999999999997,5.99999999999996,2,1,65,0.5
1008,19794.414569,19793.393237,19793.67857,19794.361236,19798.940565,0,2.99999999999994,0.0299999999999997,5.99999999999996,2,1,65,0.5
1009,19800.877229,19799.793897,19800.099897,19800.823896,19804.267893,0,2.99999999999994,0.0299999999999997,5.99999999999996,2,1,65,0.5
1010,19805.919224,19804.793226,19805.121892,19805.916558,19809.401888,1,2.99999999999994,0.0299999999999997,7.00000000000003,1,2,66,0.5
1011,19811.085219,19809.976554,19810.34322,19811.031886,19815.067882,0,2.99999999999994,0.0299999999999997,5.99999999999996,2,1,65,0.5
1012,19817.197213,19816.172547,19816.55988,19817.14388,20867.10283,0,2.99999999999994,0.0299999999999997,5.99999999999996,2,1,65,0.5
1013,20882.896814,20880.938149,20881.311482,20882.895481,20917.414113,0,NaN,0.00999999999999943,5.99999999999996,0,1,65,0.5
1014,20936.368094,20935.294762,20935.640095,20936.314761,20942.226755,0,2.99999999999994,0.0299999999999997,5.99999999999996,2,1,65,0.5
1015,20944.910085,20943.59742,20943.902753,20944.856752,20947.447416,0,2.99999999999994,0.0299999999999997,5.99999999999996,2,1,65,0.5
1016,20949.707414,20948.726748,20948.996081,20949.707414,20955.943408,1,NaN,0,5.99999999999996,2,1,65,0.5
1017,20958.277405,20956.486074,20957.416073,20958.224072,20962.190068,1,2.99999999999994,0.0299999999999997,7.00000000000003,1,2,66,0.5
1018,20963.736733,20962.834734,20963.067401,20963.736733,20968.595395,1,NaN,0,5.99999999999996,2,1,65,0.5
1019,20972.160725,20970.639393,20971.316059,20972.158058,20975.678721,1,2.99999999999994,0.0299999999999997,7.00000000000003,1,2,66,0.5
1020,20977.39672,20976.268054,20976.639387,20977.39672,20982.689381,1,NaN,0,5.99999999999996,2,1,65,0.5
1021,20987.143376,20985.554711,20985.881378,20987.090043,20990.958039,0,2.99999999999994,0.0299999999999997,5.99999999999996,2,1,65,0.5
1022,20993.196704,20991.816038,20992.427371,20993.143371,20996.977367,1,2.99999999999994,0.0299999999999997,7.00000000000003,1,2,66,0.5
1023,20998.905365,20997.745366,20998.070032,20998.902698,21001.952695,0,2.99999999999994,0.0299999999999997,5.99999999999996,2,1,65,0.5
1024,21003.998026,21002.964027,21003.228027,21003.944693,21006.74469,0,2.99999999999994,0.0299999999999997,5.99999999999996,2,1,65,0.5
1025,21008.630688,21007.708023,21007.985356,21008.577355,21013.732017,0,2.99999999999994,0.0299999999999997,5.99999999999996,2,1,65,0.5
1026,21016.716014,21015.408015,21015.778681,21016.66268,21021.084009,1,2.99999999999994,0.0299999999999997,7.00000000000003,1,2,66,0.5
1027,21023.19934,21022.140675,21022.442008,21023.196674,21027.244003,1,2.99999999999994,0.0299999999999997,7.00000000000003,1,2,66,0.5
1028,21029.001335,21027.956002,21028.313335,21028.998668,21032.224665,1,2.99999999999994,0.0299999999999997,7.00000000000003,1,2,66,0.5
1029,21035.197995,21033.98933,21034.313329,21035.195328,21039.313324,0,2.99999999999994,0.0299999999999997,5.99999999999996,2,1,65,0.5
1030,21045.371318,21044.211319,21044.574652,21045.371318,21052.011312,0,NaN,0,7.00000000000003,1,2,66,0.5
1031,21053.715977,21052.591311,21052.967977,21053.662643,21057.35464,1,2.99999999999994,0.0299999999999997,7.00000000000003,1,2,66,0.5
1032,21059.430638,21058.236639,21058.651305,21059.377304,21062.625301,1,2.99999999999994,0.0299999999999997,7.00000000000003,1,2,66,0.5
1033,21066.097298,21064.739299,21065.117965,21066.087964,21081.754615,0,2.99999999999994,0.0299999999999997,5.99999999999996,2,1,65,0.5
1034,21083.979946,21082.628614,21082.988614,21083.97728,21089.961274,0,2.99999999999994,0.0299999999999997,5.99999999999996,2,1,65,0.5
1035,21091.775272,21090.966606,21090.985939,21091.721939,21096.793267,1,2.99999999999994,0.0299999999999997,7.00000000000003,1,2,66,0.5
1036,21099.282598,21098.187932,21098.462599,21099.229264,21101.557262,1,2.99999999999994,0.0299999999999997,7.00000000000003,1,2,66,0.5
1037,21103.240594,21102.269928,21102.585928,21103.18726,21107.111923,1,2.99999999999994,0.0299999999999997,7.00000000000003,1,2,66,0.5
1038,21108.996588,21107.791256,21108.125922,21108.993921,21111.099253,0,2.99999999999994,0.0299999999999997,5.99999999999996,2,1,65,0.5
1039,21113.741917,21112.585251,21112.970584,21113.688583,21116.763247,1,2.99999999999994,0.0299999999999997,7.00000000000003,1,2,66,0.5
1040,21119.414578,21118.425245,21118.673912,21119.411911,21124.827239,1,2.99999999999994,0.0299999999999997,7.00000000000003,1,2,66,0.5
1041,21126.475237,21125.375905,21125.723238,21126.421904,21129.671234,1,2.99999999999994,0.0299999999999997,7.00000000000003,1,2,66,0.5
1042,21131.851898,21130.368567,21130.7279,21131.798565,21136.237227,0,2.99999999999994,0.0299999999999997,5.99999999999996,2,1,65,0.5
1043,21138.555225,21137.488559,21137.841892,21138.501892,21146.73455,0,2.99999999999994,0.0299999999999997,5.99999999999996,2,1,65,0.5
1044,21148.484548,21147.29455,21147.693883,21148.431215,21152.164545,1,2.99999999999994,0.0299999999999997,7.00000000000003,1,2,66,0.5
1045,21153.986543,21152.833877,21153.210544,21153.93321,21158.449872,0,2.99999999999994,0.0299999999999997,5.99999999999996,2,1,65,0.5
1046,21160.473203,21159.427871,21159.670537,21160.470536,21163.968533,0,2.99999999999994,0.0299999999999997,5.99999999999996,2,1,65,0.5
1047,21167.00253,21165.717865,21166.009198,21167.001197,21172.511859,1,NaN,0.00999999999999943,7.00000000000003,0,2,66,0.5
1048,21176.967853,21175.542521,21175.843188,21176.91452,21181.255182,0,2.99999999999994,0.0299999999999997,5.99999999999996,2,1,65,0.5
1049,21183.081181,21181.986515,21182.321848,21183.027847,21187.879176,0,2.99999999999994,0.0299999999999997,5.99999999999996,2,1,65,0.5
1050,21198.836498,21197.467833,21197.831166,21198.833831,21201.822495,1,2.99999999999994,0.0299999999999997,7.00000000000003,1,2,66,0.5
1051,21204.207159,21203.053827,21203.37316,21204.204493,21206.123824,0,NaN,0.00999999999999943,5.99999999999996,0,1,65,0.5
1052,21212.071818,21210.73982,21211.061153,21212.071818,21212.929151,1,NaN,0,5.99999999999996,2,1,65,0.5
1053,21246.033784,21244.813785,21245.120452,21245.980451,21250.078447,1,2.99999999999994,0.0299999999999997,7.00000000000003,1,2,66,0.5
1054,21251.945778,21250.865113,21251.283782,21251.892445,NaN,1,2.99999999999994,0.0299999999999997,7.00000000000003,1,2,66,0.5
