trial,outcome,center_in,center_out,side_in,last_side_out,actions,reward,trial_types,odors,port_side,schedule,odor_name,odor_dur
1,617.34322,616.43072,616.91772,617.34322,622.03872,0,NaN,0,7.00000000000003,1,2,66,0.5
2,627.98972,627.37672,627.50322,627.936721,637.82972,1,2.99999999999994,0.0299999999999997,7.00000000000003,1,2,66,0.5
3,638.70472,638.18922,638.30422,638.70472,645.27622,1,NaN,0,5.99999999999996,2,1,65,0.5
4,647.74372,646.46522,647.18722,647.69122,655.297221,0,2.99999999999994,0.0299999999999997,5.99999999999996,2,1,65,0.5
5,657.01872,656.499221,656.54872,656.96622,659.24322,1,2.99999999999994,0.0299999999999997,7.00000000000003,1,2,66,0.5
6,665.19472,664.51572,664.77972,665.19472,671.69872,1,NaN,0,5.99999999999996,2,1,65,0.5
7,673.71422,672.86272,672.92972,673.66122,685.38172,1,2.99999999999994,0.0299999999999997,7.00000000000003,1,2,66,0.5
8,686.66872,685.84122,686.14672,686.66872,709.41922,1,NaN,0,5.99999999999996,2,1,65,0.5
9,711.02572,710.01722,710.57722,711.02572,716.96072,0,NaN,0,7.00000000000003,1,2,66,0.5
10,722.92272,722.38272,722.49422,722.86972,736.58272,1,2.99999999999994,0.0299999999999997,7.00000000000003,1,2,66,0.5
11,737.58522,736.96222,737.19622,737.55572,740.48372,0,2.99999999999994,0.0299999999999997,5.99999999999996,2,1,65,0.5
12,742.12622,741.55222,741.65622,742.07372,744.62772,0,2.99999999999994,0.0299999999999997,5.99999999999996,2,1,65,0.5
13,747.32572,746.60372,746.82172,747.27272,749.33322,0,2.99999999999994,0.0299999999999997,5.99999999999996,2,1,65,0.5
14,750.58022,750.05822,750.20972,750.58022,755.81972,0,NaN,0,7.00000000000003,1,2,66,0.5
15,757.24872,756.63372,756.68072,757.24872,763.51872,0,NaN,0,7.00000000000003,1,2,66,0.5
16,770.78222,770.08722,770.27822,770.72922,772.50522,1,2.99999999999994,0.0299999999999997,7.00000000000003,1,2,66,0.5
17,774.19322,773.63322,773.78422,774.19322,778.87422,1,NaN,0,5.99999999999996,2,1,65,0.5
18,780.35072,779.76472,779.93572,780.29822,782.72922,1,2.99999999999994,0.0299999999999997,7.00000000000003,1,2,66,0.5
19,784.37172,783.79422,783.94722,784.31922,785.61422,1,2.99999999999994,0.0299999999999997,7.00000000000003,1,2,66,0.5
20,786.86222,786.32572,786.46572,786.86222,793.52772,1,NaN,0,5.99999999999996,2,1,65,0.5
21,794.37422,793.83872,793.91622,794.37422,805.81422,1,NaN,0,5.99999999999996,2,1,65,0.5
22,808.217221,807.63972,807.80872,808.16472,810.32122,1,2.99999999999994,0.0299999999999997,7.00000000000003,1,2,66,0.5
23,811.94522,811.40122,811.51772,811.89172,813.57572,1,2.99999999999994,0.0299999999999997,7.00000000000003,1,2,66,0.5
24,814.76772,814.26872,814.38772,814.76772,820.86022,1,NaN,0,5.99999999999996,2,1,65,0.5
25,821.84972,821.28922,821.45772,821.84972,830.74272,1,NaN,0,5.99999999999996,2,1,65,0.5
26,831.73072,831.19172,831.37222,831.73072,838.17172,1,NaN,0,5.99999999999996,2,1,65,0.5
27,839.68272,839.12122,839.32622,839.68272,865.76522,1,NaN,0,5.99999999999996,2,1,65,0.5
28,872.33172,871.60622,871.85472,872.27872,874.68522,0,2.99999999999994,0.0299999999999997,5.99999999999996,2,1,65,0.5
29,876.59172,875.96872,876.15672,876.54472,878.90672,0,2.99999999999994,0.0299999999999997,5.99999999999996,2,1,65,0.5
30,880.06872,879.48622,879.58172,880.01522,882.05522,0,2.99999999999994,0.0299999999999997,5.99999999999996,2,1,65,0.5
31,883.20322,882.65372,882.75372,883.15022,885.33822,0,2.99999999999994,0.0299999999999997,5.99999999999996,2,1,65,0.5
32,886.457221,885.91822,886.02022,886.40472,890.42272,0,2.99999999999994,0.0299999999999997,5.99999999999996,2,1,65,0.5
33,891.35972,890.82622,890.96472,891.35972,897.18772,0,NaN,0,7.00000000000003,1,2,66,0.5
34,898.15022,897.63322,897.83772,898.15022,903.80222,0,NaN,0,7.00000000000003,1,2,66,0.5
35,904.99472,904.16372,904.34022,904.94172,907.87122,1,2.99999999999994,0.0299999999999997,7.00000000000003,1,2,66,0.5
36,909.53422,908.91222,909.12572,909.52072,916.41672,1,NaN,0.00999999999999943,7.00000000000003,0,2,66,0.5
37,917.26622,916.78922,916.88022,917.21272,920.04822,0,2.99999999999994,0.0299999999999997,5.99999999999996,2,1,65,0.5
38,920.94772,920.51172,920.56672,920.94772,926.60172,0,NaN,0,7.00000000000003,1,2,66,0.5
39,927.74422,927.13672,927.31622,927.69172,929.43472,1,2.99999999999994,0.0299999999999997,7.00000000000003,1,2,66,0.5
40,930.64472,930.02272,930.18522,930.56122,938.77572,1,NaN,0.00999999999999943,7.00000000000003,0,2,66,0.5
41,939.67422,939.13222,939.29572,939.62172,941.49872,1,2.99999999999994,0.0299999999999997,7.00000000000003,1,2,66,0.5
42,943.00622,942.50122,942.64222,943.00622,948.55272,1,NaN,0,5.99999999999996,2,1,65,0.5
43,949.50522,948.93972,949.16572,949.50522,954.28772,0,NaN,0,7.00000000000003,1,2,66,0.5
44,956.75072,956.16972,956.34022,956.69822,958.32172,1,2.99999999999994,0.0299999999999997,7.00000000000003,1,2,66,0.5
45,959.64222,959.06072,959.21422,959.58922,961.27422,1,2.99999999999994,0.0299999999999997,7.00000000000003,1,2,66,0.5
46,962.70522,962.23322,962.32372,962.70522,970.319221,1,NaN,0,5.99999999999996,2,1,65,0.5
47,971.37272,970.82972,970.95522,971.37272,977.41672,1,NaN,0,5.99999999999996,2,1,65,0.5
48,979.28072,978.73272,978.85772,979.22822,980.53422,1,2.99999999999994,0.0299999999999997,7.00000000000003,1,2,66,0.5
49,1011.65622,1010.81272,1011.11472,1011.65622,1019.06422,1,NaN,0,5.99999999999996,2,1,65,0.5
50,1020.13322,1019.537221,1019.70372,1020.13322,1026.48922,1,NaN,0,5.99999999999996,2,1,65,0.5
51,1027.497221,1026.98972,1027.14622,1027.497221,1036.96522,1,NaN,0,5.99999999999996,2,1,65,0.5
52,1041.63822,1040.73222,1040.94222,1041.58622,1044.24022,0,2.99999999999994,0.0299999999999997,5.99999999999996,2,1,65,0.5
53,1046.07972,1045.54172,1045.63972,1046.02772,1048.44622,0,2.99999999999994,0.0299999999999997,5.99999999999996,2,1,65,0.5
54,1049.76272,1049.26472,1049.34572,1049.71022,1053.13622,0,2.99999999999994,0.0299999999999997,5.99999999999996,2,1,65,0.5
55,1054.03122,1053.52872,1053.645221,1054.03122,1060.94872,0,NaN,0,7.00000000000003,1,2,66,0.5
56,1062.615221,1062.05772,1062.17922,1062.56272,1066.14472,1,2.99999999999994,0.0299999999999997,7.00000000000003,1,2,66,0.5
57,1067.32922,1066.77422,1066.87972,1067.32922,1073.21322,1,NaN,0,5.99999999999996,2,1,65,0.5
58,1075.49072,1074.78122,1075.09172,1075.49072,1080.64972,0,NaN,0,7.00000000000003,1,2,66,0.5
59,1081.79172,1081.20822,1081.35572,1081.73872,1108.33972,1,2.99999999999994,0.0299999999999997,7.00000000000003,1,2,66,0.5
60,1110.56322,1109.87322,1110.12722,1110.51072,1112.34522,1,2.99999999999994,0.0299999999999997,7.00000000000003,1,2,66,0.5
61,1113.44572,1112.86222,1112.99672,1113.39322,1115.79372,1,2.99999999999994,0.0299999999999997,7.00000000000003,1,2,66,0.5
62,1118.30822,1117.557221,1117.80772,1118.255221,1123.23972,0,2.99999999999994,0.0299999999999997,5.99999999999996,2,1,65,0.5
63,1124.35822,1123.84372,1123.93772,1124.30572,1126.48422,0,2.99999999999994,0.0299999999999997,5.99999999999996,2,1,65,0.5
64,1127.72672,1127.25722,1127.31272,1127.67422,1131.37622,0,2.99999999999994,0.0299999999999997,5.99999999999996,2,1,65,0.5
65,1132.26572,1131.83172,1131.92522,1132.26572,1138.51572,0,NaN,0,7.00000000000003,0,2,66,0.5
66,1139.75922,1139.21722,1139.36572,1139.75922,1145.32972,1,NaN,0,5.99999999999996,2,1,65,0.5
67,1149.95222,1149.42272,1149.52872,1149.95222,1155.27722,1,NaN,0,5.99999999999996,2,1,65,0.5
68,1156.19072,1155.69372,1155.79472,1156.19072,1161.43972,1,NaN,0,5.99999999999996,2,1,65,0.5
69,1164.18472,1163.57022,1163.73372,1164.08372,1168.81772,1,NaN,0.00999999999999943,7.00000000000003,0,2,66,0.5
70,1171.08372,1170.51322,1170.64022,1170.98222,1174.27022,1,NaN,0.00999999999999943,7.00000000000003,0,2,66,0.5
71,1179.31872,1178.70072,1178.89072,1179.26622,1180.989221,1,2.99999999999994,0.0299999999999997,7.00000000000003,1,2,66,0.5
72,1183.24822,1182.49622,1182.719221,1183.19472,1186.56722,0,2.99999999999994,0.0299999999999997,5.99999999999996,2,1,65,0.5
73,1187.57622,1187.07072,1187.12322,1187.52322,1189.40272,0,2.99999999999994,0.0299999999999997,5.99999999999996,2,1,65,0.5
74,1190.449221,1190.00322,1190.06372,1190.449221,1197.37172,0,NaN,0,7.00000000000003,1,2,66,0.5
75,1198.31372,1197.69072,1197.85372,1198.28072,1200.05222,1,2.99999999999994,0.0299999999999997,7.00000000000003,1,2,66,0.5
76,1201.60872,1200.75122,1200.83222,1201.60872,1206.79022,1,NaN,0,5.99999999999996,2,1,65,0.5
77,1207.89322,1207.41072,1207.55272,1207.89322,1215.39772,0,NaN,0,7.00000000000003,1,2,66,0.5
78,1216.34472,1215.72622,1215.90872,1216.29222,1218.46522,1,2.99999999999994,0.0299999999999997,7.00000000000003,1,2,66,0.5
79,1220.22622,1219.43672,1219.84072,1220.22622,1243.29022,0,NaN,0,7.00000000000003,1,2,66,0.5
80,1244.28772,1243.66622,1243.81872,1244.22472,1250.26622,1,NaN,0.00999999999999943,7.00000000000003,0,2,66,0.5
81,1253.809221,1253.23522,1253.36322,1253.75672,1257.25622,0,2.99999999999994,0.0299999999999997,5.99999999999996,2,1,65,0.5
82,1258.309221,1257.84822,1257.93772,1258.25622,1260.47872,0,2.99999999999994,0.0299999999999997,5.99999999999996,2,1,65,0.5
83,1261.83722,1261.21422,1261.29922,1261.82572,1265.73072,0,2.99999999999994,0.0299999999999997,5.99999999999996,2,1,65,0.5
84,1266.60322,1266.15372,1266.24222,1266.60322,1272.205221,0,NaN,0,7.00000000000003,1,2,66,0.5
85,1273.21972,1272.59922,1272.86822,1273.21972,1279.04572,0,NaN,0,7.00000000000003,1,2,66,0.5
86,1279.93772,1279.42672,1279.51972,1279.88472,1281.99972,1,2.99999999999994,0.0299999999999997,7.00000000000003,1,2,66,0.5
87,1283.09122,1282.52472,1282.61872,1283.09122,1289.98672,1,NaN,0,5.99999999999996,2,1,65,0.5
88,1290.905221,1290.38472,1290.47622,1290.85272,1293.29672,1,2.99999999999994,0.0299999999999997,7.00000000000003,1,2,66,0.5
89,1294.34922,1293.80772,1293.89822,1294.29622,1296.21172,1,2.99999999999994,0.0299999999999997,7.00000000000003,1,2,66,0.5
90,1297.50222,1296.80622,1296.86772,1297.44972,1299.29822,1,2.99999999999994,0.0299999999999997,7.00000000000003,1,2,66,0.5
91,1300.66122,1300.11122,1300.23072,1300.60872,1302.54272,1,2.99999999999994,0.0299999999999997,7.00000000000003,1,2,66,0.5
92,1303.89822,1303.36522,1303.45622,1303.89822,1309.66322,1,NaN,0,5.99999999999996,2,1,65,0.5
93,1310.91522,1310.14122,1310.21922,1310.86222,1312.643721,0,2.99999999999994,0.0299999999999997,5.99999999999996,2,1,65,0.5
94,1313.76822,1313.31722,1313.34622,1313.715221,1316.52022,0,2.99999999999994,0.0299999999999997,5.99999999999996,2,1,65,0.5
95,1317.53272,1317.02372,1317.07422,1317.47972,1319.57072,0,2.99999999999994,0.0299999999999997,5.99999999999996,2,1,65,0.5
96,1320.76822,1320.33372,1320.37622,1320.76822,1324.80972,0,NaN,0,7.00000000000003,1,2,66,0.5
97,1342.36372,1341.68172,1341.78622,1342.36372,1349.97222,0,NaN,0,7.00000000000003,1,2,66,0.5
98,1351.04672,1350.42372,1350.63072,1351.00222,1352.55572,1,2.99999999999994,0.0299999999999997,7.00000000000003,1,2,66,0.5
99,1353.59522,1352.97522,1353.05972,1353.54322,1355.46772,1,2.99999999999994,0.0299999999999997,7.00000000000003,1,2,66,0.5
100,1356.43222,1355.873221,1355.93822,1356.37972,1358.29322,1,2.99999999999994,0.0299999999999997,7.00000000000003,1,2,66,0.5
101,1359.68222,1359.11722,1359.17822,1359.63022,1361.28322,1,2.99999999999994,0.0299999999999997,7.00000000000003,1,2,66,0.5
102,1362.27472,1361.77972,1361.81522,1362.27472,1368.10572,1,NaN,0,5.99999999999996,2,1,65,0.5
103,1368.93072,1368.45472,1368.53372,1368.877221,1372.33572,0,2.99999999999994,0.0299999999999997,5.99999999999996,2,1,65,0.5
104,1373.20072,1372.75272,1372.79272,1373.14772,1376.84672,0,2.99999999999994,0.0299999999999997,5.99999999999996,2,1,65,0.5
105,1377.85172,1377.20622,1377.48822,1377.85172,1384.42272,0,NaN,0,7.00000000000003,1,2,66,0.5
106,1534.95322,1533.94272,1534.32872,1534.95322,1539.18022,1,NaN,0,5.99999999999996,2,1,65,0.5
107,1545.88572,1544.95522,1545.20122,1545.83322,1548.53822,1,2.99999999999994,0.0299999999999997,7.00000000000003,1,2,66,0.5
108,1550.35522,1549.64872,1549.75622,1550.35522,1556.55972,1,NaN,0,5.99999999999996,2,1,65,0.5
109,1557.57872,1557.08572,1557.15122,1557.57872,1563.45272,0,NaN,0,7.00000000000003,1,2,66,0.5
110,1564.387221,1563.84272,1563.955221,1564.33472,1567.70372,1,2.99999999999994,0.0299999999999997,7.00000000000003,1,2,66,0.5
111,1568.63372,1568.13172,1568.17572,1568.63372,1574.911221,1,NaN,0,5.99999999999996,2,1,65,0.5
112,1577.52272,1576.93572,1577.11622,1577.47022,1580.131221,0,2.99999999999994,0.0299999999999997,5.99999999999996,2,1,65,0.5
113,1581.60772,1581.189221,1581.21072,1581.60772,1588.14522,0,NaN,0,7.00000000000003,1,2,66,0.5
114,1589.01272,1588.50022,1588.62422,1588.96022,1590.84472,1,2.99999999999994,0.0299999999999997,7.00000000000003,1,2,66,0.5
115,1591.70272,1591.29172,1591.31522,1591.70272,1641.75972,1,NaN,0,5.99999999999996,2,1,65,0.5
116,1646.39972,1645.68322,1645.79472,1646.34722,1648.26772,1,2.99999999999994,0.0299999999999997,7.00000000000003,1,2,66,0.5
117,1649.54222,1649.02422,1649.12122,1649.54222,1655.33022,1,NaN,0,5.99999999999996,2,1,65,0.5
118,1657.04122,1656.52872,1656.63322,1656.98872,1657.93622,1,2.99999999999994,0.0299999999999997,7.00000000000003,1,2,66,0.5
119,1658.77322,1658.33472,1658.39822,1658.77322,1663.97872,1,NaN,0,5.99999999999996,2,1,65,0.5
120,1665.72222,1664.88372,1665.32372,1665.72222,1670.50622,1,NaN,0,5.99999999999996,2,1,65,0.5
121,1675.05272,1674.47622,1674.60072,1675.00072,1677.43772,0,2.99999999999994,0.0299999999999997,5.99999999999996,2,1,65,0.5
122,1678.47572,1677.91822,1677.99422,1678.47572,1680.83872,0,NaN,0,7.00000000000003,1,2,66,0.5
123,1685.49772,1684.23172,1684.82022,1685.44472,1688.26672,0,2.99999999999994,0.0299999999999997,5.99999999999996,2,1,65,0.5
124,1689.41522,1688.85172,1688.99422,1689.36272,1693.22372,0,2.99999999999994,0.0299999999999997,5.99999999999996,2,1,65,0.5
125,1694.26422,1693.67872,1693.88422,1694.26422,1699.63072,0,NaN,0,7.00000000000003,1,2,66,0.5
126,1700.87222,1700.01622,1700.47672,1700.87222,1701.21872,0,NaN,0,7.00000000000003,1,2,66,0.5
127,1708.15022,1707.149221,1707.53272,1708.15022,1711.33522,0,NaN,0,7.00000000000003,1,2,66,0.5
128,1714.13622,1713.60372,1713.68922,1714.08322,1835.05322,1,2.99999999999994,0.0299999999999997,7.00000000000003,1,2,66,0.5
129,1837.42172,1836.33522,1836.64472,1837.42172,1854.64272,1,NaN,0,5.99999999999996,2,1,65,0.5
130,1856.30872,1855.44672,1855.70972,1856.25622,1859.69422,0,2.99999999999994,0.0299999999999997,5.99999999999996,2,1,65,0.5
131,1861.79322,1861.07372,1861.15422,1861.79322,1869.77372,0,NaN,0,7.00000000000003,1,2,66,0.5
132,1871.78322,1871.05022,1871.23322,1871.73022,1872.68422,1,2.99999999999994,0.0299999999999997,7.00000000000003,1,2,66,0.5
133,1883.26722,1882.57172,1882.70822,1883.21522,1891.35822,0,2.99999999999994,0.0299999999999997,5.99999999999996,2,1,65,0.5
134,1892.44822,1891.78672,1891.92822,1892.44822,1895.26972,0,NaN,0,7.00000000000003,1,2,66,0.5
135,1938.37472,1937.01322,1937.70722,1938.37472,1966.18322,0,NaN,0,7.00000000000003,1,2,66,0.5
136,1968.80422,1968.18922,1968.371221,1968.80422,1973.21022,0,NaN,0,7.00000000000003,1,2,66,0.5
137,1977.381221,1976.63572,1976.79472,1977.32872,1978.62322,1,2.99999999999994,0.0299999999999997,7.00000000000003,1,2,66,0.5
138,1979.87572,1979.11572,1979.19972,1979.82272,1980.87872,1,2.99999999999994,0.0299999999999997,7.00000000000003,1,2,66,0.5
139,1985.94672,1985.24172,1985.39972,1985.89422,1986.75772,1,2.99999999999994,0.0299999999999997,7.00000000000003,1,2,66,0.5
140,1987.77172,1987.15722,1987.26972,1987.71872,1988.745221,1,2.99999999999994,0.0299999999999997,7.00000000000003,1,2,66,0.5
141,1989.92272,1989.32072,1989.48272,1989.92272,1993.283221,1,NaN,0,5.99999999999996,2,1,65,0.5
142,1996.25072,1995.44322,1995.79672,1996.25072,2000.55472,0,NaN,0,7.00000000000003,1,2,66,0.5
143,2002.48472,2001.86222,2002.03972,2002.40522,2177.96972,1,NaN,0.00999999999999943,7.00000000000003,0,2,66,0.5
144,2179.96772,2178.94972,2179.10122,2179.96772,2191.22372,0,NaN,0,7.00000000000003,1,2,66,0.5
145,2192.83872,2192.21522,2192.36522,2192.815221,2195.92022,1,2.99999999999994,0.0299999999999997,7.00000000000003,1,2,66,0.5
146,2198.34622,2197.63672,2197.80772,2198.34622,2204.48722,0,NaN,0,7.00000000000003,1,2,66,0.5
147,2206.10922,2205.34372,2205.59422,2206.05672,2208.11772,0,2.99999999999994,0.0299999999999997,5.99999999999996,2,1,65,0.5
148,2209.32422,2208.75022,2208.89772,2209.32422,2216.329221,0,NaN,0,7.00000000000003,1,2,66,0.5
149,2217.45472,2216.92522,2217.05472,2217.40222,2221.82172,1,2.99999999999994,0.0299999999999997,7.00000000000003,1,2,66,0.5
150,2222.92972,2222.37922,2222.51122,2222.92972,2231.77072,1,NaN,0,5.99999999999996,2,1,65,0.5
151,2233.77122,2233.14772,2233.31322,2233.75722,2236.47922,1,2.99999999999994,0.0299999999999997,7.00000000000003,1,2,66,0.5
152,2237.95172,2237.15472,2237.27722,2237.85072,2246.01722,1,NaN,0.00999999999999943,7.00000000000003,0,2,66,0.5
153,2247.60222,2246.93872,2247.12272,2247.60222,2252.65272,1,NaN,0,5.99999999999996,2,1,65,0.5
154,2253.62072,2253.15622,2253.25422,2253.62072,2279.27672,1,NaN,0,5.99999999999996,2,1,65,0.5
155,2280.61522,2280.00322,2280.10972,2280.61522,2287.31572,1,NaN,0,5.99999999999996,2,1,65,0.5
156,2288.30622,2287.78772,2287.91722,2288.30622,2294.78672,1,NaN,0,5.99999999999996,2,1,65,0.5
157,2296.19622,2295.53022,2295.67572,2296.143221,2297.92672,1,2.99999999999994,0.0299999999999997,7.00000000000003,1,2,66,0.5
158,2299.02122,2298.47572,2298.54222,2299.02122,2307.73972,1,NaN,0,5.99999999999996,2,1,65,0.5
159,2308.77272,2308.24222,2308.36572,2308.77272,2315.87022,1,NaN,0,5.99999999999996,2,1,65,0.5
160,2316.952221,2316.33472,2316.51622,2316.89922,2319.45172,0,2.99999999999994,0.0299999999999997,5.99999999999996,2,1,65,0.5
161,2320.38622,2319.86272,2319.94972,2320.33272,2321.54122,0,2.99999999999994,0.0299999999999997,5.99999999999996,2,1,65,0.5
162,2322.43872,2322.00822,2322.08922,2322.43872,2328.28372,0,NaN,0,7.00000000000003,1,2,66,0.5
163,2329.31722,2328.73772,2328.87872,2329.26472,2330.58522,0,2.99999999999994,0.0299999999999997,5.99999999999996,2,1,65,0.5
164,2331.57622,2331.07872,2331.173221,2331.52372,2335.76222,0,2.99999999999994,0.0299999999999997,5.99999999999996,2,1,65,0.5
165,2336.799221,2336.33222,2336.36122,2336.74672,2339.45322,0,2.99999999999994,0.0299999999999997,5.99999999999996,2,1,65,0.5
166,2340.89372,2340.34072,2340.48922,2340.89372,2346.69422,0,NaN,0,7.00000000000003,1,2,66,0.5
167,2347.723221,2347.14322,2347.27222,2347.67022,2350.153221,0,2.99999999999994,0.0299999999999997,5.99999999999996,2,1,65,0.5
168,2351.32472,2350.87472,2350.90422,2351.32472,2357.10872,0,NaN,0,7.00000000000003,0,2,66,0.5
169,2358.17172,2357.55922,2357.71022,2358.11822,2360.67122,1,2.99999999999994,0.0299999999999997,7.00000000000003,1,2,66,0.5
170,2362.46922,2361.84722,2361.89622,2362.36972,2368.00222,1,NaN,0.00999999999999943,7.00000000000003,0,2,66,0.5
171,2369.18322,2368.63572,2368.70972,2369.18322,2375.03672,1,NaN,0,5.99999999999996,2,1,65,0.5
172,2377.37372,2376.81622,2376.961221,2377.37372,2384.06272,1,NaN,0,5.99999999999996,2,1,65,0.5
173,2385.04972,2384.50372,2384.62672,2385.04972,2392.45472,1,NaN,0,5.99999999999996,2,1,65,0.5
174,2393.48422,2392.99722,2393.08022,2393.48422,2399.91372,0,NaN,0,7.00000000000003,1,2,66,0.5
175,2400.92222,2400.35072,2400.52622,2400.92222,2416.67372,0,NaN,0,7.00000000000003,1,2,66,0.5
176,2425.15072,2423.39172,2424.17972,2425.09772,2428.18572,0,2.99999999999994,0.0299999999999997,5.99999999999996,2,1,65,0.5
177,2429.439221,2428.95022,2428.98922,2429.38722,2433.82822,0,2.99999999999994,0.0299999999999997,5.99999999999996,2,1,65,0.5
178,2434.91272,2434.29922,2434.42172,2434.86022,2437.21322,0,2.99999999999994,0.0299999999999997,5.99999999999996,2,1,65,0.5
179,2438.70472,2438.13972,2438.28372,2438.70472,2445.42872,0,NaN,0,7.00000000000003,1,2,66,0.5
180,2446.75922,2446.22622,2446.30272,2446.70622,2456.21072,1,2.99999999999994,0.0299999999999997,7.00000000000003,1,2,66,0.5
181,2457.29072,2456.79472,2456.82822,2457.23822,2465.75572,1,2.99999999999994,0.0299999999999997,7.00000000000003,1,2,66,0.5
182,2466.87522,2466.39322,2466.477221,2466.87522,2471.81172,1,NaN,0,5.99999999999996,2,1,65,0.5
183,2473.96972,2473.38322,2473.46672,2473.91672,2476.41772,1,2.99999999999994,0.0299999999999997,7.00000000000003,1,2,66,0.5
184,2477.38072,2476.93022,2476.95672,2477.38072,2482.56722,1,NaN,0,5.99999999999996,2,1,65,0.5
185,2483.49422,2482.98222,2483.09972,2483.49422,2498.97272,0,NaN,0,7.00000000000003,1,2,66,0.5
186,2500.84272,2500.38222,2500.45222,2500.84272,2508.21822,1,NaN,0,5.99999999999996,2,1,65,0.5
187,2510.08522,2509.51322,2509.63672,2510.08522,2516.39822,1,NaN,0,5.99999999999996,2,1,65,0.5
188,2518.31222,2517.87772,2517.96672,2518.31222,2523.31722,1,NaN,0,5.99999999999996,2,1,65,0.5
189,2524.50872,2523.81972,2524.05222,2524.45622,2531.08572,0,2.99999999999994,0.0299999999999997,5.99999999999996,2,1,65,0.5
190,2532.12772,2531.67972,2531.74822,2532.12772,2537.72722,0,NaN,0,7.00000000000003,1,2,66,0.5
191,2543.15722,2542.67472,2542.79172,2543.15722,2549.64872,0,NaN,0,7.00000000000003,1,2,66,0.5
192,2550.73322,2550.20722,2550.31572,2550.73322,2558.27422,1,NaN,0,5.99999999999996,2,1,65,0.5
193,2559.40972,2558.84222,2558.95272,2559.35672,2562.65072,1,2.99999999999994,0.0299999999999997,7.00000000000003,1,2,66,0.5
194,2564.43522,2563.92722,2564.00522,2564.38222,2568.52172,1,2.99999999999994,0.0299999999999997,7.00000000000003,1,2,66,0.5
195,2569.66772,2569.21372,2569.26922,2569.66772,2571.96822,1,NaN,0,5.99999999999996,2,1,65,0.5
196,2612.21522,2611.33772,2611.61172,2612.21522,2618.56972,1,NaN,0,5.99999999999996,2,1,65,0.5
197,2620.29672,2619.72572,2619.76572,2620.24322,2622.26022,1,2.99999999999994,0.0299999999999997,7.00000000000003,1,2,66,0.5
198,2625.06922,2624.441221,2624.55072,2625.06922,2638.36822,1,NaN,0,5.99999999999996,2,1,65,0.5
199,2640.15122,2639.52922,2639.58422,2640.06922,2645.843221,1,NaN,0.00999999999999943,7.00000000000003,0,2,66,0.5
200,2647.01572,2646.32172,2646.59672,2646.96272,2650.71922,0,2.99999999999994,0.0299999999999997,5.99999999999996,2,1,65,0.5
201,2651.68172,2651.16172,2651.24372,2651.629221,2654.00022,0,2.99999999999994,0.0299999999999997,5.99999999999996,2,1,65,0.5
202,2655.28322,2654.70172,2654.76822,2655.23072,2659.31372,0,2.99999999999994,0.0299999999999997,5.99999999999996,2,1,65,0.5
203,2660.39972,2659.87122,2659.94972,2660.34722,2664.13122,0,2.99999999999994,0.0299999999999997,5.99999999999996,2,1,65,0.5
204,2665.15972,2664.60772,2664.66372,2665.15972,2671.30072,0,NaN,0,7.00000000000003,1,2,66,0.5
205,2672.70172,2672.24272,2672.31972,2672.70172,2687.67672,0,NaN,0,7.00000000000003,1,2,66,0.5
206,2688.59972,2688.07372,2688.19472,2688.59972,2696.36272,1,NaN,0,5.99999999999996,2,1,65,0.5
207,2697.24422,2696.78022,2696.81472,2697.24422,2706.52972,1,NaN,0,5.99999999999996,2,1,65,0.5
208,2707.42572,2706.92422,2707.04972,2707.42572,2710.22372,1,NaN,0,5.99999999999996,2,1,65,0.5
209,2713.52522,2712.90272,2713.05472,2713.48622,2718.19072,0,NaN,0.00999999999999943,5.99999999999996,0,1,65,0.5
210,2720.18622,2719.50372,2719.76022,2720.18622,2723.58472,0,NaN,0,7.00000000000003,0,2,66,0.5
211,2726.59422,2725.98522,2726.19272,2726.59422,2727.05122,0,NaN,0,7.00000000000003,0,2,66,0.5
212,2733.44122,2732.81772,2732.95022,2733.44122,3191.13472,1,NaN,0,5.99999999999996,2,1,65,0.5
213,3194.00122,3192.90222,3193.35222,3193.94872,3195.38522,1,2.99999999999994,0.0299999999999997,7.00000000000003,1,2,66,0.5
214,3196.86022,3196.04472,3196.20972,3196.75872,3197.40172,1,NaN,0.00999999999999943,7.00000000000003,0,2,66,0.5
215,3213.16872,3212.21622,3212.469221,3213.16872,3221.32322,1,NaN,0,5.99999999999996,2,1,65,0.5
216,3222.93772,3222.28872,3222.37772,3222.93772,3228.44772,1,NaN,0,5.99999999999996,2,1,65,0.5
217,3234.48322,3233.97772,3234.00622,3234.43072,3250.09822,0,2.99999999999994,0.0299999999999997,5.99999999999996,2,1,65,0.5
218,3253.05822,3252.50422,3252.62022,3253.05822,3260.99472,1,NaN,0,5.99999999999996,2,1,65,0.5
219,3262.16872,3261.62672,3261.73322,3262.16872,3286.61872,1,NaN,0,5.99999999999996,2,1,65,0.5
220,3287.75822,3287.08122,3287.284721,3287.75822,3310.67322,1,NaN,0,5.99999999999996,2,1,65,0.5
221,3326.84522,3326.16472,3326.38372,3326.84522,3333.55222,1,NaN,0,5.99999999999996,2,1,65,0.5
222,3334.73622,3334.03772,3334.20972,3334.68322,3336.86372,1,2.99999999999994,0.0299999999999997,7.00000000000003,1,2,66,0.5
223,3338.21272,3337.56422,3337.65422,3338.21272,3342.55022,1,NaN,0,5.99999999999996,2,1,65,0.5
224,3344.49572,3343.87222,3343.98272,3344.451221,3348.72272,0,2.99999999999994,0.0299999999999997,5.99999999999996,2,1,65,0.5
225,3349.71322,3349.24372,3349.32522,3349.71322,3360.14922,0,NaN,0,7.00000000000003,1,2,66,0.5
226,3361.42672,3360.67922,3360.93222,3361.37372,3365.46422,0,2.99999999999994,0.0299999999999997,5.99999999999996,2,1,65,0.5
227,3366.53222,3366.00772,3366.07422,3366.47922,3370.48672,0,2.99999999999994,0.0299999999999997,5.99999999999996,2,1,65,0.5
228,3371.59222,3370.98972,3371.13572,3371.59222,3374.60922,0,NaN,0,7.00000000000003,1,2,66,0.5
229,3378.40322,3377.66322,3377.81222,3378.40322,3383.53572,1,NaN,0,5.99999999999996,2,1,65,0.5
230,3384.70722,3384.08372,3384.18872,3384.69972,3389.50972,0,2.99999999999994,0.0299999999999997,5.99999999999996,2,1,65,0.5
231,3390.45172,3390.01022,3390.03372,3390.39922,3393.32622,0,2.99999999999994,0.0299999999999997,5.99999999999996,2,1,65,0.5
232,3394.71872,3394.17772,3394.28422,3394.66572,3396.82072,0,2.99999999999994,0.0299999999999997,5.99999999999996,2,1,65,0.5
233,3397.98622,3397.57222,3397.60872,3397.98622,3403.47222,0,NaN,0,7.00000000000003,1,2,66,0.5
234,3404.63322,3404.18722,3404.26172,3404.63322,3411.84772,0,NaN,0,7.00000000000003,1,2,66,0.5
235,3412.99022,3412.45722,3412.48022,3412.93772,3416.81922,0,2.99999999999994,0.0299999999999997,5.99999999999996,2,1,65,0.5
236,3417.73822,3417.30122,3417.36922,3417.73822,3429.19022,0,NaN,0,7.00000000000003,1,2,66,0.5
237,3430.187721,3429.74022,3429.79422,3430.187721,3436.95772,0,NaN,0,7.00000000000003,1,2,66,0.5
238,3438.03472,3437.385721,3437.58922,3438.03472,3443.00722,0,NaN,0,7.00000000000003,1,2,66,0.5
239,3444.08972,3443.537221,3443.63572,3444.08972,3447.82922,1,NaN,0,5.99999999999996,2,1,65,0.5
240,3455.75872,3454.909221,3455.07672,3455.75872,3461.02472,0,NaN,0,7.00000000000003,1,2,66,0.5
241,3462.31172,3461.73422,3461.83972,3462.31172,3469.42422,0,NaN,0,7.00000000000003,1,2,66,0.5
242,3470.51372,3469.92572,3470.00222,3470.51372,3480.97322,1,NaN,0,5.99999999999996,2,1,65,0.5
243,3482.08022,3481.49922,3481.60522,3482.02772,3491.90622,1,2.99999999999994,0.0299999999999997,7.00000000000003,1,2,66,0.5
244,3492.98572,3492.39822,3492.511221,3492.98572,3503.57672,1,NaN,0,5.99999999999996,2,1,65,0.5
245,3504.93722,3504.39672,3504.49722,3504.93722,3513.30372,1,NaN,0,5.99999999999996,2,1,65,0.5
246,3515.61572,3515.01572,3515.16422,3515.61572,3521.97172,1,NaN,0,5.99999999999996,2,1,65,0.5
247,3523.01772,3522.41572,3522.58072,3522.96472,3525.81472,0,2.99999999999994,0.0299999999999997,5.99999999999996,2,1,65,0.5
248,3526.81522,3526.24422,3526.43922,3526.81522,3534.71072,0,NaN,0,7.00000000000003,1,2,66,0.5
249,3539.43922,3538.62022,3538.959221,3539.43922,3544.77672,0,NaN,0,7.00000000000003,1,2,66,0.5
250,3545.74872,3545.14322,3545.36922,3545.74872,3554.00922,0,NaN,0,7.00000000000003,1,2,66,0.5
251,3555.83122,3555.30722,3555.41472,3555.83122,3582.45772,1,NaN,0,5.99999999999996,2,1,65,0.5
252,3583.69422,3583.08122,3583.21272,3583.64122,3584.65522,1,2.99999999999994,0.0299999999999997,7.00000000000003,1,2,66,0.5
253,3586.30222,3585.74222,3585.87372,3586.30222,3592.86022,1,NaN,0,5.99999999999996,2,1,65,0.5
254,3593.96672,3593.35272,3593.45522,3593.91372,3597.79122,1,2.99999999999994,0.0299999999999997,7.00000000000003,1,2,66,0.5
255,3598.92022,3598.40372,3598.47272,3598.86772,3606.46372,1,2.99999999999994,0.0299999999999997,7.00000000000003,1,2,66,0.5
256,3607.53722,3606.94472,3607.02822,3607.48472,3612.45222,1,2.99999999999994,0.0299999999999997,7.00000000000003,1,2,66,0.5
257,3613.57622,3613.06372,3613.15672,3613.57622,3618.84022,1,NaN,0,5.99999999999996,2,1,65,0.5
258,3620.44822,3619.95022,3619.984221,3620.44822,3628.06822,1,NaN,0,5.99999999999996,2,1,65,0.5
259,3629.30822,3628.77022,3628.86072,3629.25572,3637.08322,1,2.99999999999994,0.0299999999999997,7.00000000000003,1,2,66,0.5
260,3638.16672,3637.65622,3637.69122,3638.16672,3646.28922,1,NaN,0,5.99999999999996,2,1,65,0.5
261,3647.16822,3646.71622,3646.74172,3647.16822,3652.25972,1,NaN,0,5.99999999999996,2,1,65,0.5
262,3653.55022,3652.97572,3653.09622,3653.49772,3656.57172,0,2.99999999999994,0.0299999999999997,5.99999999999996,2,1,65,0.5
263,3657.45372,3656.97522,3657.12572,3657.45372,3664.23322,0,NaN,0,7.00000000000003,1,2,66,0.5
264,3665.281221,3664.74372,3664.77672,3665.22822,3672.09622,1,2.99999999999994,0.0299999999999997,7.00000000000003,1,2,66,0.5
265,3673.17872,3672.70122,3672.75022,3673.17872,3683.85022,1,NaN,0,5.99999999999996,2,1,65,0.5
266,3684.88772,3684.31072,3684.44522,3684.83472,3692.49372,1,2.99999999999994,0.0299999999999997,7.00000000000003,1,2,66,0.5
267,3693.485221,3693.01172,3693.07222,3693.485221,3710.30822,1,NaN,0,5.99999999999996,2,1,65,0.5
268,3711.76122,3711.13772,3711.23972,3711.71072,3727.31672,1,2.99999999999994,0.0299999999999997,7.00000000000003,1,2,66,0.5
269,3728.28022,3727.79772,3727.82522,3728.28022,3735.17872,1,NaN,0,5.99999999999996,2,1,65,0.5
270,3736.14072,3735.54472,3735.64722,3736.08772,3741.05422,1,2.99999999999994,0.0299999999999997,7.00000000000003,1,2,66,0.5
271,3742.18222,3741.69672,3741.75522,3742.18222,3759.80872,1,NaN,0,5.99999999999996,2,1,65,0.5
272,3761.12022,3760.457221,3760.58522,3761.12022,3772.05422,1,NaN,0,5.99999999999996,2,1,65,0.5
273,3773.01022,3772.53872,3772.62072,3773.01022,3773.56322,1,NaN,0,5.99999999999996,2,1,65,0.5
274,3819.63022,3818.60322,3818.88072,3819.57822,3831.31622,1,2.99999999999994,0.0299999999999997,7.00000000000003,1,2,66,0.5
275,3832.27772,3831.75172,3831.82472,3832.27772,3836.87772,1,NaN,0,5.99999999999996,2,1,65,0.5
276,3839.08722,3838.50522,3838.53922,3838.98572,3847.67472,1,NaN,0.00999999999999943,7.00000000000003,0,2,66,0.5
277,3848.55022,3848.07922,3848.17472,3848.55022,3855.16422,1,NaN,0,5.99999999999996,2,1,65,0.5
278,3856.09972,3855.54472,3855.70122,3856.09972,3860.82622,1,NaN,0,5.99999999999996,2,1,65,0.5
279,3875.18472,3874.63122,3874.78322,3875.18472,3880.38372,1,NaN,0,5.99999999999996,2,1,65,0.5
280,3881.53822,3880.94272,3881.03572,3881.48522,3884.02722,1,2.99999999999994,0.0299999999999997,7.00000000000003,1,2,66,0.5
281,3884.97372,3884.439221,3884.55572,3884.97372,3889.92522,1,NaN,0,5.99999999999996,2,1,65,0.5
282,3890.96072,3890.41522,3890.461221,3890.90872,3900.24022,1,2.99999999999994,0.0299999999999997,7.00000000000003,1,2,66,0.5
283,3901.29672,3900.81822,3900.85622,3901.29672,3906.54322,1,NaN,0,5.99999999999996,2,1,65,0.5
284,3907.57372,3907.02372,3907.16722,3907.57372,3921.08172,1,NaN,0,5.99999999999996,2,1,65,0.5
285,3923.397221,3922.74072,3922.92272,3923.397221,3931.379221,1,NaN,0,5.99999999999996,2,1,65,0.5
286,3932.32372,3931.85172,3931.97622,3932.32372,3935.86672,1,NaN,0,5.99999999999996,2,1,65,0.5
287,3940.97922,3940.38472,3940.48972,3940.92672,3943.59972,0,2.99999999999994,0.0299999999999997,5.99999999999996,2,1,65,0.5
288,3944.65922,3944.07272,3944.22222,3944.60722,3945.88072,0,2.99999999999994,0.0299999999999997,5.99999999999996,2,1,65,0.5
289,3946.91822,3946.437221,3946.48322,3946.86472,3947.72272,0,2.99999999999994,0.0299999999999997,5.99999999999996,2,1,65,0.5
290,3948.72272,3948.25072,3948.28822,3948.67072,3951.19372,0,2.99999999999994,0.0299999999999997,5.99999999999996,2,1,65,0.5
291,3952.18272,3951.59072,3951.755221,3952.13022,3956.35322,0,2.99999999999994,0.0299999999999997,5.99999999999996,2,1,65,0.5
292,3957.36322,3956.84672,3956.99472,3957.36322,3962.57572,0,NaN,0,7.00000000000003,1,2,66,0.5
293,3963.62022,3963.09472,3963.19022,3963.62022,3972.87122,1,NaN,0,5.99999999999996,2,1,65,0.5
294,3974.64272,3974.10672,3974.22172,3974.59072,3979.11022,1,2.99999999999994,0.0299999999999997,7.00000000000003,1,2,66,0.5
295,3983.19872,3982.76172,3982.81022,3983.14622,3988.35022,1,2.99999999999994,0.0299999999999997,7.00000000000003,1,2,66,0.5
296,3989.37622,3988.92722,3988.97522,3989.37622,3999.68972,1,NaN,0,5.99999999999996,2,1,65,0.5
297,4000.63822,4000.10472,4000.19572,4000.58572,4003.49522,0,2.99999999999994,0.0299999999999997,5.99999999999996,2,1,65,0.5
298,4004.50922,4004.101221,4004.13722,4004.50922,4014.29322,0,NaN,0,7.00000000000003,1,2,66,0.5
299,4015.33622,4014.71172,4014.91122,4015.297221,4018.08822,0,2.99999999999994,0.0299999999999997,5.99999999999996,2,1,65,0.5
300,4019.19172,4018.83472,4018.88372,4019.19172,4026.21822,0,NaN,0,7.00000000000003,1,2,66,0.5
301,4027.14372,4026.73872,4026.78522,4027.14372,4032.69272,0,NaN,0,7.00000000000003,1,2,66,0.5
302,4033.60872,4033.11622,4033.23922,4033.60872,4048.84472,0,NaN,0,7.00000000000003,1,2,66,0.5
303,4049.81572,4049.259221,4049.32872,4049.76222,4052.96572,1,2.99999999999994,0.0299999999999997,7.00000000000003,1,2,66,0.5
304,4053.94222,4053.45672,4053.49222,4053.89022,4061.36272,1,2.99999999999994,0.0299999999999997,7.00000000000003,1,2,66,0.5
305,4062.31422,4061.85372,4061.90272,4062.31422,4068.41472,1,NaN,0,5.99999999999996,2,1,65,0.5
306,4069.32372,4068.87372,4068.94622,4069.27122,4071.74372,0,2.99999999999994,0.0299999999999997,5.99999999999996,2,1,65,0.5
307,4072.90022,4072.53422,4072.58522,4072.90022,4081.87772,0,NaN,0,7.00000000000003,1,2,66,0.5
308,4082.76822,4082.25022,4082.32372,4082.71472,4086.69872,0,2.99999999999994,0.0299999999999997,5.99999999999996,2,1,65,0.5
309,4087.65372,4087.14172,4087.25472,4087.60122,4090.43422,0,2.99999999999994,0.0299999999999997,5.99999999999996,2,1,65,0.5
310,4091.64572,4091.27522,4091.335221,4091.64572,4097.06822,0,NaN,0,7.00000000000003,1,2,66,0.5
311,4098.02772,4097.63072,4097.67772,4098.02772,4104.29072,0,NaN,0,7.00000000000003,1,2,66,0.5
312,4105.25472,4104.82922,4104.88172,4105.25472,4110.94722,0,NaN,0,7.00000000000003,1,2,66,0.5
313,4111.81472,4111.36722,4111.44972,4111.81472,4118.40472,0,NaN,0,7.00000000000003,1,2,66,0.5
314,4119.28822,4118.83872,4118.94172,4119.28822,4135.40972,0,NaN,0,7.00000000000003,1,2,66,0.5
315,4136.33322,4135.78822,4135.84372,4136.28072,4140.12172,1,2.99999999999994,0.0299999999999997,7.00000000000003,1,2,66,0.5
316,4141.11722,4140.52022,4140.55072,4141.01572,4147.07222,1,NaN,0.00999999999999943,7.00000000000003,0,2,66,0.5
317,4148.08672,4147.46672,4147.65522,4148.03422,4151.82972,0,2.99999999999994,0.0299999999999997,5.99999999999996,2,1,65,0.5
318,4152.80422,4152.41572,4152.46172,4152.80422,4159.45272,0,NaN,0,7.00000000000003,1,2,66,0.5
319,4160.40672,4159.94972,4159.97922,4160.35372,4162.47222,0,2.99999999999994,0.0299999999999997,5.99999999999996,2,1,65,0.5
320,4163.50222,4163.07372,4163.14022,4163.44972,4167.17222,0,2.99999999999994,0.0299999999999997,5.99999999999996,2,1,65,0.5
321,4168.23572,4167.71622,4167.77772,4168.13472,4177.19422,0,NaN,0.00999999999999943,5.99999999999996,0,1,65,0.5
322,4178.06472,4177.61772,4177.68672,4178.06472,4186.12522,0,NaN,0,7.00000000000003,1,2,66,0.5
323,4187.16022,4186.54072,4186.78572,4187.16022,4193.75622,0,NaN,0,7.00000000000003,1,2,66,0.5
324,4194.74022,4194.20272,4194.36322,4194.74022,4201.02022,0,NaN,0,7.00000000000003,1,2,66,0.5
325,4201.90722,4201.42572,4201.55122,4201.90722,4208.22022,0,NaN,0,7.00000000000003,0,2,66,0.5
326,4209.40422,4209.01972,4209.07472,4209.40422,4213.92472,0,NaN,0,7.00000000000003,1,2,66,0.5
327,4215.85072,4215.06722,4215.30922,4215.79822,4229.72922,1,2.99999999999994,0.0299999999999997,7.00000000000003,1,2,66,0.5
328,4230.83222,4230.28222,4230.44522,4230.77922,4249.17172,1,2.99999999999994,0.0299999999999997,7.00000000000003,1,2,66,0.5
329,4250.12922,4249.60172,4249.69672,4250.07622,4269.09272,1,2.99999999999994,0.0299999999999997,7.00000000000003,1,2,66,0.5
330,4270.04122,4269.41922,4269.55972,4269.96572,4301.74372,1,NaN,0.00999999999999943,7.00000000000003,0,2,66,0.5
331,4305.62222,4304.80872,4304.99722,4305.62222,4317.82522,1,NaN,0,5.99999999999996,2,1,65,0.5
332,4318.71472,4318.23272,4318.31722,4318.71472,4322.69822,1,NaN,0,5.99999999999996,2,1,65,0.5
333,4325.20672,4324.58622,4324.737221,4325.15422,4327.87122,1,2.99999999999994,0.0299999999999997,7.00000000000003,1,2,66,0.5
334,4328.77672,4328.31222,4328.40922,4328.77672,4566.02222,1,NaN,0,5.99999999999996,2,1,65,0.5
335,4569.61322,4568.42422,4568.79172,4569.61322,4908.84422,1,NaN,0,5.99999999999996,2,1,65,0.5
336,4910.88422,4909.96772,4910.37172,4910.88422,4917.46272,1,NaN,0,5.99999999999996,2,1,65,0.5
337,4922.35972,4921.64322,4921.70272,4922.35972,4935.807721,1,NaN,0,5.99999999999996,2,1,65,0.5
338,4939.37522,4938.38272,4938.74622,4939.32322,4943.34772,0,2.99999999999994,0.0299999999999997,5.99999999999996,2,1,65,0.5
339,4944.52222,4943.89922,4944.06022,4944.48022,4948.59572,0,2.99999999999994,0.0299999999999997,5.99999999999996,2,1,65,0.5
340,4949.73672,4949.11322,4949.30622,4949.70022,4954.19672,0,2.99999999999994,0.0299999999999997,5.99999999999996,2,1,65,0.5
341,4955.33272,4954.70922,4954.88022,4955.29022,4959.00872,0,2.99999999999994,0.0299999999999997,5.99999999999996,2,1,65,0.5
342,4960.11472,4959.51472,4959.64722,4960.11472,4960.51722,0,NaN,0,7.00000000000003,1,2,66,0.5
343,4976.39772,4975.42822,4975.58422,4976.345221,4984.12172,1,2.99999999999994,0.0299999999999997,7.00000000000003,1,2,66,0.5
344,4985.27672,4984.71772,4984.79122,4985.22422,4988.99072,1,2.99999999999994,0.0299999999999997,7.00000000000003,1,2,66,0.5
345,4991.11772,4990.71772,4990.77272,4991.11772,5007.16322,1,NaN,0,5.99999999999996,2,1,65,0.5
346,5010.14972,5009.54372,5009.65022,5010.09722,5022.90972,1,2.99999999999994,0.0299999999999997,7.00000000000003,1,2,66,0.5
347,5025.075221,5024.45222,5024.54322,5024.98122,5034.09072,1,NaN,0.00999999999999943,7.00000000000003,0,2,66,0.5
348,5035.10872,5034.58172,5034.63872,5035.05622,5045.31422,0,2.99999999999994,0.0299999999999997,5.99999999999996,2,1,65,0.5
349,5046.35972,5045.80872,5045.90622,5046.30672,5050.26072,0,2.99999999999994,0.0299999999999997,5.99999999999996,2,1,65,0.5
350,5051.28922,5050.75772,5050.83922,5051.23672,5055.20622,0,2.99999999999994,0.0299999999999997,5.99999999999996,2,1,65,0.5
351,5056.13472,5055.68572,5055.75372,5056.13472,5061.92022,0,NaN,0,7.00000000000003,1,2,66,0.5
352,5062.79822,5062.36522,5062.41572,5062.79822,5072.79022,0,NaN,0,7.00000000000003,0,2,66,0.5
353,5074.67672,5074.14722,5074.22972,5074.62422,5089.43372,1,2.99999999999994,0.0299999999999997,7.00000000000003,1,2,66,0.5
354,5090.42422,5089.87722,5090.00772,5090.371221,5096.94222,1,2.99999999999994,0.0299999999999997,7.00000000000003,1,2,66,0.5
355,5100.13022,5099.61322,5099.68122,5100.07772,5105.17772,1,2.99999999999994,0.0299999999999997,7.00000000000003,1,2,66,0.5
356,5106.16422,5105.64172,5105.68872,5106.16422,5115.61022,1,NaN,0,5.99999999999996,2,1,65,0.5
357,5116.53322,5116.02372,5116.15572,5116.53322,5122.89622,0,NaN,0,7.00000000000003,0,2,66,0.5
358,5123.92972,5123.30672,5123.53122,5123.903221,5125.82172,0,2.99999999999994,0.0299999999999997,5.99999999999996,2,1,65,0.5
359,5127.11822,5126.53772,5126.67422,5127.06622,5134.41022,0,2.99999999999994,0.0299999999999997,5.99999999999996,2,1,65,0.5
360,5135.36672,5134.97972,5135.01772,5135.36672,5141.65222,0,NaN,0,7.00000000000003,1,2,66,0.5
361,5142.65572,5142.15822,5142.28872,5142.65572,5164.57422,0,NaN,0,7.00000000000003,1,2,66,0.5
362,5165.58422,5164.96122,5165.09622,5165.48522,5180.65772,1,NaN,0.00999999999999943,7.00000000000003,0,2,66,0.5
363,5182.07822,5181.46372,5181.65022,5182.07822,5187.66172,1,NaN,0,5.99999999999996,2,1,65,0.5
364,5188.84972,5188.28122,5188.35622,5188.79722,5198.57322,1,2.99999999999994,0.0299999999999997,7.00000000000003,1,2,66,0.5
365,5199.75072,5199.23422,5199.32272,5199.75072,5206.71172,1,NaN,0,5.99999999999996,2,1,65,0.5
366,5207.65022,5207.09122,5207.20672,5207.59722,5212.12072,1,2.99999999999994,0.0299999999999997,7.00000000000003,1,2,66,0.5
367,5213.26172,5212.71122,5212.81922,5213.20922,5226.71472,1,2.99999999999994,0.0299999999999997,7.00000000000003,1,2,66,0.5
368,5227.60622,5227.09772,5227.20572,5227.60622,5236.77372,1,NaN,0,5.99999999999996,2,1,65,0.5
369,5238.34922,5237.76522,5237.88272,5238.29622,5251.42722,1,2.99999999999994,0.0299999999999997,7.00000000000003,1,2,66,0.5
370,5252.38572,5251.87772,5251.99522,5252.38572,5258.79722,1,NaN,0,5.99999999999996,2,1,65,0.5
371,5260.73172,5260.22072,5260.289221,5260.67872,5269.98372,1,2.99999999999994,0.0299999999999997,7.00000000000003,1,2,66,0.5
372,5272.00022,5271.507221,5271.58922,5272.00022,5286.16022,1,NaN,0,5.99999999999996,2,1,65,0.5
373,5287.14622,5286.71222,5286.76272,5287.14622,5287.64072,1,NaN,0,5.99999999999996,0,1,65,0.5
374,5300.34322,5299.72572,5299.88772,5300.34322,5304.92222,1,NaN,0,5.99999999999996,2,1,65,0.5
375,5308.00222,5307.48272,5307.63772,5308.00222,5312.30822,1,NaN,0,5.99999999999996,2,1,65,0.5
376,5314.46822,5314.05122,5314.14372,5314.46822,5318.50822,1,NaN,0,5.99999999999996,0,1,65,0.5
377,5322.06172,5321.50472,5321.59972,5322.00922,5325.40422,0,2.99999999999994,0.0299999999999997,5.99999999999996,2,1,65,0.5
378,5326.539221,5325.96122,5326.00822,5326.43722,5335.50022,0,NaN,0.00999999999999943,5.99999999999996,0,1,65,0.5
379,5336.77372,5336.20272,5336.32372,5336.77372,5343.73672,0,NaN,0,7.00000000000003,1,2,66,0.5
380,5344.98122,5344.47622,5344.61272,5344.92822,5348.08872,1,2.99999999999994,0.0299999999999997,7.00000000000003,1,2,66,0.5
381,5349.27672,5348.74722,5348.82122,5349.22372,5351.987721,1,2.99999999999994,0.0299999999999997,7.00000000000003,1,2,66,0.5
382,5353.25222,5352.70572,5352.85522,5353.25222,5359.22372,1,NaN,0,5.99999999999996,2,1,65,0.5
383,5363.14522,5362.56072,5362.68072,5363.14522,5381.97872,1,NaN,0,5.99999999999996,2,1,65,0.5
384,5382.91122,5382.42722,5382.50222,5382.91122,5389.34672,1,NaN,0,5.99999999999996,2,1,65,0.5
385,5390.37122,5389.88322,5389.96672,5390.31872,5401.22322,1,2.99999999999994,0.0299999999999997,7.00000000000003,1,2,66,0.5
386,5402.20472,5401.76272,5401.84572,5402.20472,5412.10822,1,NaN,0,5.99999999999996,2,1,65,0.5
387,5412.893721,5412.48572,5412.58572,5412.893721,5422.06972,1,NaN,0,5.99999999999996,2,1,65,0.5
388,5423.00272,5422.54822,5422.62922,5423.00272,5429.46322,1,NaN,0,5.99999999999996,2,1,65,0.5
389,5430.31372,5429.88572,5429.94772,5430.31372,5435.08572,1,NaN,0,5.99999999999996,2,1,65,0.5
390,5437.21722,5436.71172,5436.83172,5437.21722,5443.84472,1,NaN,0,5.99999999999996,2,1,65,0.5
391,5444.58272,5444.17072,5444.25922,5444.58272,5492.653221,1,NaN,0,5.99999999999996,0,1,65,0.5
392,5494.28322,5493.69622,5493.81872,5494.28322,5507.87672,1,NaN,0,5.99999999999996,0,1,65,0.5
393,5513.53622,5512.79572,5513.03122,5513.53622,5518.26122,1,NaN,0,5.99999999999996,2,1,65,0.5
394,5520.24622,5519.68322,5519.820221,5520.24622,5527.77272,0,NaN,0,7.00000000000003,0,2,66,0.5
395,5531.47872,5530.583221,5530.77072,5531.37772,5534.31872,0,NaN,0.00999999999999943,5.99999999999996,0,1,65,0.5
396,5550.47072,5549.84772,5550.00972,5550.45622,5551.97822,1,2.99999999999994,0.0299999999999997,7.00000000000003,1,2,66,0.5
397,5553.05622,5552.51622,5552.60122,5553.05622,5553.54422,1,NaN,0,5.99999999999996,2,1,65,0.5
398,5576.38322,5575.52272,5575.86172,5576.38322,5584.77972,1,NaN,0,5.99999999999996,2,1,65,0.5
399,5585.72872,5585.19972,5585.32272,5585.72872,5588.683221,1,NaN,0,5.99999999999996,2,1,65,0.5
400,5593.24222,5592.65472,5592.82422,5593.24222,5600.59172,1,NaN,0,5.99999999999996,2,1,65,0.5
401,5601.97472,5601.35572,5601.43272,5601.92172,5605.88422,0,2.99999999999994,0.0299999999999997,5.99999999999996,2,1,65,0.5
402,5607.25422,5606.71922,5606.77572,5607.20122,5610.74772,0,2.99999999999994,0.0299999999999997,5.99999999999996,2,1,65,0.5
403,5613.95872,5613.20422,5613.293221,5613.90572,5619.16972,0,2.99999999999994,0.0299999999999997,5.99999999999996,2,1,65,0.5
404,5620.18572,5619.68422,5619.78522,5620.18572,5628.82922,1,NaN,0,5.99999999999996,2,1,65,0.5
405,5629.73222,5629.25572,5629.31322,5629.73222,5638.49872,1,NaN,0,5.99999999999996,2,1,65,0.5
406,5641.95272,5641.44872,5641.54322,5641.95272,5648.54472,0,NaN,0,7.00000000000003,1,2,66,0.5
407,5649.492221,5648.99622,5649.09322,5649.492221,5668.56122,1,NaN,0,5.99999999999996,0,1,65,0.5
408,5671.43522,5670.98122,5671.01972,5671.43522,6212.62872,0,NaN,0,7.00000000000003,1,2,66,0.5
409,6216.95222,6216.07072,6216.20372,6216.89872,6218.59372,1,2.99999999999994,0.0299999999999997,7.00000000000003,1,2,66,0.5
410,6223.11372,6222.09772,6222.56572,6223.11372,6233.50972,1,NaN,0,5.99999999999996,0,1,65,0.5
411,6234.66872,6234.17372,6234.19922,6234.66872,6249.85122,1,NaN,0,5.99999999999996,2,1,65,0.5
412,6250.87372,6250.34472,6250.41722,6250.82072,6262.35422,1,2.99999999999994,0.0299999999999997,7.00000000000003,1,2,66,0.5
413,6263.29122,6262.785221,6262.89622,6263.29122,6273.22972,1,NaN,0,5.99999999999996,2,1,65,0.5
414,6274.95172,6274.35072,6274.39722,6274.95172,6290.00722,0,NaN,0,7.00000000000003,1,2,66,0.5
415,6290.97672,6290.51222,6290.61872,6290.97672,6308.63772,1,NaN,0,5.99999999999996,0,1,65,0.5
416,6311.78672,6310.02472,6311.16822,6311.73422,6316.44072,0,2.99999999999994,0.0299999999999997,5.99999999999996,2,1,65,0.5
417,6317.70822,6317.08472,6317.23772,6317.68222,6325.05672,0,2.99999999999994,0.0299999999999997,5.99999999999996,2,1,65,0.5
418,6326.11372,6325.49172,6325.62172,6326.09072,6337.09422,0,NaN,0.00999999999999943,5.99999999999996,0,1,65,0.5
419,6339.99722,6339.29772,6339.49222,6339.99722,6355.26222,1,NaN,0,5.99999999999996,2,1,65,0.5
420,6356.52622,6355.90222,6355.92522,6356.50222,6365.64672,0,2.99999999999994,0.0299999999999997,5.99999999999996,2,1,65,0.5
421,6366.69822,6366.15272,6366.19372,6366.64572,6371.74972,0,2.99999999999994,0.0299999999999997,5.99999999999996,2,1,65,0.5
422,6372.86872,6372.33972,6372.39622,6372.81672,6379.90872,0,2.99999999999994,0.0299999999999997,5.99999999999996,2,1,65,0.5
423,6380.90122,6380.42972,6380.45672,6380.90122,6381.17222,0,NaN,0,7.00000000000003,1,2,66,0.5
424,6388.285221,6387.60972,6387.71972,6388.285221,6389.09122,1,NaN,0,5.99999999999996,2,1,65,0.5
425,6398.48322,6397.68872,6397.96622,6398.48322,6406.78422,1,NaN,0,5.99999999999996,2,1,65,0.5
426,6407.86522,6407.30822,6407.45022,6407.81322,6413.31272,0,2.99999999999994,0.0299999999999997,5.99999999999996,2,1,65,0.5
427,6414.33522,6413.86272,6413.93722,6414.33522,6419.18722,0,NaN,0,7.00000000000003,1,2,66,0.5
428,6421.11872,6420.15822,6420.50822,6421.06672,6438.77172,1,2.99999999999994,0.0299999999999997,7.00000000000003,1,2,66,0.5
429,6439.83722,6439.309221,6439.34072,6439.78422,6465.68222,1,2.99999999999994,0.0299999999999997,7.00000000000003,1,2,66,0.5
430,6466.62472,6466.09172,6466.17572,6466.62472,6485.56972,1,NaN,0,5.99999999999996,2,1,65,0.5
431,6486.62322,6486.09572,6486.13972,6486.56972,6501.86072,0,2.99999999999994,0.0299999999999997,5.99999999999996,2,1,65,0.5
432,6503.52222,6502.91722,6502.98222,6503.46922,6524.08122,0,2.99999999999994,0.0299999999999997,5.99999999999996,2,1,65,0.5
433,6525.04572,6524.56872,6524.60222,6524.99322,6527.26172,0,2.99999999999994,0.0299999999999997,5.99999999999996,2,1,65,0.5
434,6528.42872,6528.01422,6528.04272,6528.42872,6544.26872,0,NaN,0,7.00000000000003,1,2,66,0.5
435,6545.20272,6544.76872,6544.80222,6545.20272,6566.37772,0,NaN,0,7.00000000000003,1,2,66,0.5
436,6567.40972,6566.91672,6566.94872,6567.35672,6571.27022,1,2.99999999999994,0.0299999999999997,7.00000000000003,1,2,66,0.5
437,6572.12772,6571.68522,6571.76722,6572.12772,6588.98372,1,NaN,0,5.99999999999996,2,1,65,0.5
438,6589.91022,6589.35172,6589.46722,6589.85722,6596.06822,1,2.99999999999994,0.0299999999999997,7.00000000000003,1,2,66,0.5
439,6596.96972,6596.47122,6596.55872,6596.96972,6602.53822,1,NaN,0,5.99999999999996,2,1,65,0.5
440,6607.04122,6606.54472,6606.62822,6607.04122,6607.68972,1,NaN,0,5.99999999999996,2,1,65,0.5
441,6791.69372,6790.399221,6790.83772,6791.641221,6795.48022,1,2.99999999999994,0.0299999999999997,7.00000000000003,1,2,66,0.5
442,6796.62022,6795.97922,6796.17022,6796.62022,6803.517221,1,NaN,0,5.99999999999996,2,1,65,0.5
443,6804.64622,6804.21022,6804.27172,6804.64622,6809.91472,1,NaN,0,5.99999999999996,2,1,65,0.5
444,6810.97872,6810.43572,6810.45772,6810.92572,6818.07472,0,2.99999999999994,0.0299999999999997,5.99999999999996,2,1,65,0.5
445,6818.98222,6818.59022,6818.63222,6818.98222,6824.94372,0,NaN,0,7.00000000000003,1,2,66,0.5
446,6825.97222,6825.40672,6825.56172,6825.97222,6833.05222,0,NaN,0,7.00000000000003,1,2,66,0.5
447,6834.44272,6833.65172,6833.92822,6834.44272,6837.15372,0,NaN,0,7.00000000000003,1,2,66,0.5
448,6851.58122,6850.78772,6850.94272,6851.52872,6860.38372,1,2.99999999999994,0.0299999999999997,7.00000000000003,1,2,66,0.5
449,6861.543221,6861.07772,6861.16672,6861.543221,6862.18772,1,NaN,0,5.99999999999996,2,1,65,0.5
450,6874.33672,6873.70922,6873.91472,6874.33672,6874.61022,1,NaN,0,5.99999999999996,2,1,65,0.5
451,6881.45872,6880.84972,6880.93622,6881.40572,6887.16522,0,2.99999999999994,0.0299999999999997,5.99999999999996,2,1,65,0.5
452,6887.96472,6887.54272,6887.56522,6887.96472,6894.20372,0,NaN,0,7.00000000000003,1,2,66,0.5
453,6895.11472,6894.62872,6894.71472,6895.11472,6913.48472,0,NaN,0,7.00000000000003,1,2,66,0.5
454,6920.40322,6919.76422,6919.90022,6920.40322,6930.66572,1,NaN,0,5.99999999999996,2,1,65,0.5
455,6931.61122,6931.17072,6931.27222,6931.61122,6940.53572,1,NaN,0,5.99999999999996,2,1,65,0.5
456,6941.62622,6941.08222,6941.16922,6941.62622,6947.58922,1,NaN,0,5.99999999999996,2,1,65,0.5
457,6948.62372,6948.16922,6948.20472,6948.62372,6968.37972,0,NaN,0,7.00000000000003,1,2,66,0.5
458,6969.34822,6968.78522,6968.93672,6969.34822,6974.55422,0,NaN,0,7.00000000000003,1,2,66,0.5
459,6975.46372,6974.96072,6974.99222,6975.41172,7003.22172,1,2.99999999999994,0.0299999999999997,7.00000000000003,1,2,66,0.5
460,7004.47422,7003.920721,7003.967221,7004.42122,7012.96072,1,2.99999999999994,0.0299999999999997,7.00000000000003,1,2,66,0.5
461,7014.34472,7013.80272,7013.82522,7014.34472,7025.45272,1,NaN,0,5.99999999999996,2,1,65,0.5
462,7026.42622,7025.94922,7026.01872,7026.37372,7038.55772,1,2.99999999999994,0.0299999999999997,7.00000000000003,1,2,66,0.5
463,7039.62672,7039.05672,7039.13572,7039.57422,7054.25372,1,2.99999999999994,0.0299999999999997,7.00000000000003,1,2,66,0.5
464,7055.29022,7054.73322,7054.79022,7055.23772,7071.44172,1,2.99999999999994,0.0299999999999997,7.00000000000003,1,2,66,0.5
465,7072.38322,7071.93472,7071.95622,7072.38322,7083.99022,1,NaN,0,5.99999999999996,2,1,65,0.5
466,7084.81822,7084.39322,7084.43672,7084.81822,7093.46872,1,NaN,0,5.99999999999996,2,1,65,0.5
467,7094.52722,7093.97622,7094.09772,7094.52722,7108.07622,1,NaN,0,5.99999999999996,2,1,65,0.5
468,7109.04922,7108.56222,7108.58822,7108.99622,7117.78022,0,2.99999999999994,0.0299999999999997,5.99999999999996,2,1,65,0.5
469,7118.773221,7118.25822,7118.30422,7118.72072,7123.31222,0,2.99999999999994,0.0299999999999997,5.99999999999996,2,1,65,0.5
470,7124.35272,7123.80472,7123.82572,7124.30022,7138.59022,0,2.99999999999994,0.0299999999999997,5.99999999999996,2,1,65,0.5
471,7139.50172,7139.07972,7139.10772,7139.50172,7145.49622,0,NaN,0,7.00000000000003,1,2,66,0.5
472,7146.38472,7145.93372,7145.99422,7146.38472,7154.22672,0,NaN,0,7.00000000000003,1,2,66,0.5
473,7155.089221,7154.66422,7154.73872,7155.089221,7161.43772,0,NaN,0,7.00000000000003,1,2,66,0.5
474,7162.49572,7161.90122,7162.04372,7162.44322,7173.81222,0,2.99999999999994,0.0299999999999997,5.99999999999996,2,1,65,0.5
475,7174.72272,7174.26322,7174.31672,7174.72272,7213.78872,0,NaN,0,7.00000000000003,1,2,66,0.5
476,7214.84672,7214.30072,7214.39622,7214.79322,7218.86722,1,2.99999999999994,0.0299999999999997,7.00000000000003,1,2,66,0.5
477,7219.90422,7219.43322,7219.52122,7219.90422,7229.57972,1,NaN,0,5.99999999999996,2,1,65,0.5
478,7230.46372,7230.03522,7230.12422,7230.46372,7238.81322,0,NaN,0,7.00000000000003,1,2,66,0.5
479,7239.92522,7239.21272,7239.40022,7239.87272,7242.26722,0,2.99999999999994,0.0299999999999997,5.99999999999996,2,1,65,0.5
480,7243.41072,7242.91072,7242.92372,7243.35772,7251.03372,0,2.99999999999994,0.0299999999999997,5.99999999999996,2,1,65,0.5
481,7251.93222,7251.51572,7251.53572,7251.93222,7264.12172,0,NaN,0,7.00000000000003,1,2,66,0.5
482,7265.26622,7264.70672,7264.82122,7265.21322,7269.20972,1,2.99999999999994,0.0299999999999997,7.00000000000003,1,2,66,0.5
483,7270.07222,7269.61172,7269.66522,7270.07222,7275.34472,1,NaN,0,5.99999999999996,2,1,65,0.5
484,7276.35572,7275.78672,7275.95822,7276.30372,7288.82122,0,2.99999999999994,0.0299999999999997,5.99999999999996,2,1,65,0.5
485,7289.77672,7289.30422,7289.33772,7289.72422,7305.68822,0,2.99999999999994,0.0299999999999997,5.99999999999996,2,1,65,0.5
486,7306.57972,7306.12072,7306.19172,7306.52672,7312.14422,0,2.99999999999994,0.0299999999999997,5.99999999999996,2,1,65,0.5
487,7313.11472,7312.73022,7312.77872,7313.11472,7322.00622,0,NaN,0,7.00000000000003,0,2,66,0.5
488,7323.07672,7322.66922,7322.70122,7323.07672,7331.79722,0,NaN,0,7.00000000000003,0,2,66,0.5
489,7332.67422,7332.23472,7332.27572,7332.67422,7342.56722,0,NaN,0,7.00000000000003,0,2,66,0.5
490,7343.55272,7343.04322,7343.09222,7343.49972,7350.76822,0,2.99999999999994,0.0299999999999997,5.99999999999996,2,1,65,0.5
491,7351.63222,7351.24022,7351.26722,7351.63222,7358.81822,0,NaN,0,7.00000000000003,1,2,66,0.5
492,7359.65222,7359.23372,7359.26872,7359.65222,7365.69522,0,NaN,0,7.00000000000003,1,2,66,0.5
493,7366.55972,7366.14322,7366.19072,7366.50722,7377.87472,0,2.99999999999994,0.0299999999999997,5.99999999999996,2,1,65,0.5
494,7378.73422,7378.31872,7378.35022,7378.73422,7384.44172,0,NaN,0,7.00000000000003,1,2,66,0.5
495,7385.40672,7384.92172,7384.94672,7385.40672,7390.165221,0,NaN,0,7.00000000000003,1,2,66,0.5
496,7394.63272,7393.54822,7393.95872,7394.57922,7404.80072,1,2.99999999999994,0.0299999999999997,7.00000000000003,1,2,66,0.5
497,7405.78622,7405.22822,7405.33372,7405.73322,7413.18722,1,2.99999999999994,0.0299999999999997,7.00000000000003,1,2,66,0.5
498,7414.11072,7413.56172,7413.68172,7414.05872,7427.45772,1,2.99999999999994,0.0299999999999997,7.00000000000003,1,2,66,0.5
499,7428.40522,7427.96672,7428.05872,7428.40522,7433.77722,1,NaN,0,5.99999999999996,2,1,65,0.5
500,7434.60922,7434.19222,7434.24172,7434.60922,7441.27172,0,NaN,0,7.00000000000003,1,2,66,0.5
501,7442.13022,7441.67172,7441.73972,7442.13022,7448.41522,0,NaN,0,7.00000000000003,1,2,66,0.5
502,7449.33122,7448.91772,7449.01072,7449.33122,7456.16222,0,NaN,0,7.00000000000003,1,2,66,0.5
503,7457.16172,7456.64122,7456.71272,7457.109221,7462.16472,0,2.99999999999994,0.0299999999999997,5.99999999999996,2,1,65,0.5
504,7463.17072,7462.59072,7462.71322,7463.11822,7466.99422,0,2.99999999999994,0.0299999999999997,5.99999999999996,2,1,65,0.5
505,7467.87272,7467.45372,7467.51072,7467.87272,7472.85022,0,NaN,0,7.00000000000003,1,2,66,0.5
506,7473.68672,7473.26322,7473.29072,7473.68672,7480.33922,0,NaN,0,7.00000000000003,1,2,66,0.5
507,7481.14722,7480.72172,7480.81572,7481.14722,7487.131221,0,NaN,0,7.00000000000003,1,2,66,0.5
508,7488.10422,7487.55422,7487.60922,7488.00272,7494.64722,0,NaN,0.00999999999999943,5.99999999999996,0,1,65,0.5
509,7495.57272,7495.02622,7495.15922,7495.57272,7502.35722,0,NaN,0,7.00000000000003,1,2,66,0.5
510,7511.98022,7511.20722,7511.23522,7511.92772,7526.18622,1,2.99999999999994,0.0299999999999997,7.00000000000003,1,2,66,0.5
511,7527.18872,7526.63922,7526.75622,7527.13572,7542.13972,1,2.99999999999994,0.0299999999999997,7.00000000000003,1,2,66,0.5
512,7543.07922,7542.56272,7542.63622,7543.02672,7552.73722,1,2.99999999999994,0.0299999999999997,7.00000000000003,1,2,66,0.5
513,7553.60872,7553.17872,7553.20822,7553.55622,7572.58422,1,2.99999999999994,0.0299999999999997,7.00000000000003,1,2,66,0.5
514,7573.57672,7572.96472,7573.12222,7573.52422,7580.65172,1,2.99999999999994,0.0299999999999997,7.00000000000003,1,2,66,0.5
515,7581.67722,7581.20522,7581.31022,7581.67722,7587.62072,1,NaN,0,5.99999999999996,2,1,65,0.5
516,7588.46672,7588.02922,7588.137221,7588.46672,7594.30572,0,NaN,0,7.00000000000003,1,2,66,0.5
517,7595.34922,7594.87022,7594.95272,7595.29622,7602.51172,0,2.99999999999994,0.0299999999999997,5.99999999999996,2,1,65,0.5
518,7603.29922,7602.90222,7602.96372,7603.29922,7610.95322,0,NaN,0,7.00000000000003,1,2,66,0.5
519,7611.80822,7611.33972,7611.40272,7611.80822,7618.28722,0,NaN,0,7.00000000000003,1,2,66,0.5
520,7619.23172,7618.68472,7618.78072,7619.17922,7626.16022,0,2.99999999999994,0.0299999999999997,5.99999999999996,2,1,65,0.5
521,7627.10272,7626.70072,7626.73672,7627.10272,7634.01522,0,NaN,0,7.00000000000003,0,2,66,0.5
522,7635.02172,7634.44972,7634.58072,7635.02172,7650.38772,0,NaN,0,7.00000000000003,1,2,66,0.5
523,7651.27822,7650.77022,7650.87672,7651.22572,7665.49722,1,2.99999999999994,0.0299999999999997,7.00000000000003,1,2,66,0.5
524,7666.36072,7665.80022,7665.92422,7666.25972,7851.69272,1,NaN,0.00999999999999943,7.00000000000003,0,2,66,0.5
525,7853.49722,7852.765721,7853.01722,7853.49722,7858.48322,1,NaN,0,5.99999999999996,2,1,65,0.5
526,8059.47522,8058.03022,8058.64022,8059.42272,8061.50072,1,2.99999999999994,0.0299999999999997,7.00000000000003,1,2,66,0.5
527,8063.15522,8062.53272,8062.64872,8063.10272,8069.09922,1,2.99999999999994,0.0299999999999997,7.00000000000003,1,2,66,0.5
528,8070.17522,8069.65722,8069.76672,8070.17522,8075.76822,1,NaN,0,5.99999999999996,2,1,65,0.5
529,8076.93922,8076.36222,8076.42222,8076.88622,8081.30972,0,2.99999999999994,0.0299999999999997,5.99999999999996,2,1,65,0.5
530,8082.53772,8082.03472,8082.09022,8082.53772,8095.68072,0,NaN,0,7.00000000000003,1,2,66,0.5
531,8096.87222,8096.38472,8096.40422,8096.81972,8100.41472,0,2.99999999999994,0.0299999999999997,5.99999999999996,2,1,65,0.5
532,8101.37522,8100.89722,8100.94972,8101.37522,8109.41872,0,NaN,0,7.00000000000003,1,2,66,0.5
533,8110.37172,8109.90872,8110.00072,8110.37172,8436.14372,0,NaN,0,7.00000000000003,1,2,66,0.5
534,8438.42872,8437.62822,8437.77772,8438.37622,8446.45072,1,2.99999999999994,0.0299999999999997,7.00000000000003,1,2,66,0.5
535,8447.60172,8446.89622,8447.05672,8447.54822,8451.15122,1,2.99999999999994,0.0299999999999997,7.00000000000003,1,2,66,0.5
536,8452.19622,8451.57422,8451.65972,8452.10022,8462.79722,1,NaN,0.00999999999999943,7.00000000000003,0,2,66,0.5
537,8464.18872,8463.44372,8463.60922,8464.18872,8475.00022,0,NaN,0,7.00000000000003,1,2,66,0.5
538,8475.91172,8475.38822,8475.53422,8475.91172,8485.33372,1,NaN,0,5.99999999999996,2,1,65,0.5
539,8486.41172,8485.863221,8485.88672,8486.35972,8490.659721,0,2.99999999999994,0.0299999999999997,5.99999999999996,2,1,65,0.5
540,8491.63222,8491.11622,8491.21222,8491.63222,8499.12422,0,NaN,0,7.00000000000003,1,2,66,0.5
541,8500.02222,8499.573221,8499.60572,8500.02222,8505.15222,0,NaN,0,7.00000000000003,1,2,66,0.5
542,8506.34722,8505.835221,8505.89622,8506.34722,8514.241221,0,NaN,0,7.00000000000003,0,2,66,0.5
543,8515.47122,8514.95172,8515.06122,8515.41872,8520.35072,0,2.99999999999994,0.0299999999999997,5.99999999999996,2,1,65,0.5
544,8521.28822,8520.85472,8520.91322,8521.28822,8530.74022,0,NaN,0,7.00000000000003,1,2,66,0.5
545,8531.73372,8531.33422,8531.39172,8531.73372,8534.87822,0,NaN,0,7.00000000000003,1,2,66,0.5
546,8538.17872,8537.58622,8537.63072,8538.17872,8546.699221,0,NaN,0,7.00000000000003,1,2,66,0.5
547,8547.65872,8547.05972,8547.20722,8547.55722,8560.49022,1,NaN,0.00999999999999943,7.00000000000003,0,2,66,0.5
548,8561.61372,8560.99022,8561.16372,8561.56672,8571.29272,1,2.99999999999994,0.0299999999999997,7.00000000000003,1,2,66,0.5
549,8572.27622,8571.75372,8571.85872,8572.22372,8588.94072,1,2.99999999999994,0.0299999999999997,7.00000000000003,1,2,66,0.5
550,8589.85572,8589.37122,8589.46972,8589.85572,8602.55372,1,NaN,0,5.99999999999996,0,1,65,0.5
551,8603.68372,8603.10022,8603.21172,8603.63072,8606.51022,0,2.99999999999994,0.0299999999999997,5.99999999999996,2,1,65,0.5
552,8607.723221,8607.21672,8607.29572,8607.67072,8624.59572,0,2.99999999999994,0.0299999999999997,5.99999999999996,2,1,65,0.5
553,8625.58422,8625.12622,8625.17522,8625.58422,8631.76372,0,NaN,0,7.00000000000003,1,2,66,0.5
554,8632.74222,8632.169221,8632.235221,8632.64022,8642.34922,0,NaN,0.00999999999999943,5.99999999999996,0,1,65,0.5
555,8643.53472,8642.93422,8643.07422,8643.48272,8651.11622,0,2.99999999999994,0.0299999999999997,5.99999999999996,2,1,65,0.5
556,8652.01422,8651.55322,8651.60522,8652.01422,8656.89322,0,NaN,0,7.00000000000003,0,2,66,0.5
557,8662.227221,8661.48622,8661.60672,8662.17472,8679.34972,1,2.99999999999994,0.0299999999999997,7.00000000000003,1,2,66,0.5
558,8680.58722,8680.00572,8680.07172,8680.53522,8700.41172,1,2.99999999999994,0.0299999999999997,7.00000000000003,1,2,66,0.5
559,8701.50472,8700.91622,8701.03422,8701.40322,8708.87522,1,NaN,0.00999999999999943,7.00000000000003,0,2,66,0.5
560,8709.85272,8709.33172,8709.38372,8709.80022,8722.96372,0,2.99999999999994,0.0299999999999997,5.99999999999996,2,1,65,0.5
561,8723.96222,8723.44972,8723.51672,8723.90922,8736.79722,0,2.99999999999994,0.0299999999999997,5.99999999999996,2,1,65,0.5
562,8737.71972,8737.24172,8737.27422,8737.66672,8741.403221,0,2.99999999999994,0.0299999999999997,5.99999999999996,2,1,65,0.5
563,8742.66372,8742.195221,8742.26572,8742.66372,8751.39422,0,NaN,0,7.00000000000003,0,2,66,0.5
564,8752.30272,8751.84772,8751.87622,8752.30272,8761.34822,0,NaN,0,7.00000000000003,1,2,66,0.5
565,8762.32622,8761.72972,8761.92972,8762.32622,8770.77022,0,NaN,0,7.00000000000003,1,2,66,0.5
566,8771.64372,8771.17472,8771.22472,8771.64372,8781.18722,0,NaN,0,7.00000000000003,1,2,66,0.5
567,8782.37172,8781.68472,8781.85972,8782.37172,8787.76222,0,NaN,0,7.00000000000003,1,2,66,0.5
568,8788.71122,8788.18772,8788.32272,8788.71122,8794.06972,0,NaN,0,7.00000000000003,1,2,66,0.5
569,8794.96572,8794.52522,8794.59272,8794.91272,8806.14022,0,2.99999999999994,0.0299999999999997,5.99999999999996,2,1,65,0.5
570,8806.97072,8806.52222,8806.58772,8806.97072,8815.98722,0,NaN,0,7.00000000000003,1,2,66,0.5
571,8816.98022,8816.45172,8816.61622,8816.98022,8825.02772,0,NaN,0,7.00000000000003,1,2,66,0.5
572,8826.01072,8825.46772,8825.53322,8825.95822,8832.48922,0,2.99999999999994,0.0299999999999997,5.99999999999996,2,1,65,0.5
573,8833.39572,8832.96622,8833.02322,8833.39572,8841.79522,0,NaN,0,7.00000000000003,1,2,66,0.5
574,8842.70972,8842.20022,8842.24272,8842.65672,8846.28322,0,2.99999999999994,0.0299999999999997,5.99999999999996,2,1,65,0.5
575,8847.27772,8846.88872,8846.92522,8847.27772,8853.20772,0,NaN,0,7.00000000000003,1,2,66,0.5
576,8854.18272,8853.78922,8853.81272,8854.18272,8863.05872,0,NaN,0,7.00000000000003,1,2,66,0.5
577,8863.98072,8863.50572,8863.57772,8863.98072,8869.26822,0,NaN,0,7.00000000000003,1,2,66,0.5
578,8870.13172,8869.64672,8869.73022,8870.13172,8878.02772,0,NaN,0,7.00000000000003,1,2,66,0.5
579,8878.94172,8878.43222,8878.54022,8878.94172,8884.45772,0,NaN,0,7.00000000000003,1,2,66,0.5
580,8885.25522,8884.80872,8884.86172,8885.25522,8890.58572,0,NaN,0,7.00000000000003,1,2,66,0.5
581,8891.42522,8890.97672,8891.04822,8891.42522,8896.65872,0,NaN,0,7.00000000000003,1,2,66,0.5
582,8897.56422,8897.10622,8897.18472,8897.56422,8903.02172,0,NaN,0,7.00000000000003,1,2,66,0.5
583,8904.18672,8903.58872,8903.70472,8904.18672,8948.38422,1,NaN,0,5.99999999999996,2,1,65,0.5
584,8949.43422,8948.85872,8948.97172,8949.38172,8957.52422,1,2.99999999999994,0.0299999999999997,7.00000000000003,1,2,66,0.5
585,8958.45572,8957.98072,8958.05372,8958.45572,8975.43622,1,NaN,0,5.99999999999996,2,1,65,0.5
586,8976.46072,8975.95872,8976.06222,8976.40772,8983.51072,1,2.99999999999994,0.0299999999999997,7.00000000000003,1,2,66,0.5
587,8984.42672,8983.90972,8984.05672,8984.42672,8993.13272,1,NaN,0,5.99999999999996,2,1,65,0.5
588,8994.10922,8993.56472,8993.64372,8994.05622,8995.36322,1,2.99999999999994,0.0299999999999997,7.00000000000003,1,2,66,0.5
589,8996.68072,8996.17222,8996.27072,8996.68072,9010.48872,1,NaN,0,5.99999999999996,2,1,65,0.5
590,9011.41872,9010.88372,9010.96422,9011.36622,9024.67172,0,2.99999999999994,0.0299999999999997,5.99999999999996,2,1,65,0.5
591,9025.49372,9025.05672,9025.10422,9025.49372,9031.37472,0,NaN,0,7.00000000000003,1,2,66,0.5
592,9032.33972,9031.859221,9031.94072,9032.33772,9043.38422,0,2.99999999999994,0.0299999999999997,5.99999999999996,2,1,65,0.5
593,9044.26222,9043.87622,9043.90122,9044.26222,9050.253221,0,NaN,0,7.00000000000003,1,2,66,0.5
594,9051.04472,9050.669221,9050.70172,9051.04472,9058.61722,0,NaN,0,7.00000000000003,1,2,66,0.5
595,9059.46472,9059.03172,9059.07322,9059.46472,9064.85822,0,NaN,0,7.00000000000003,1,2,66,0.5
596,9065.717221,9065.27522,9065.34022,9065.717221,9074.13272,0,NaN,0,7.00000000000003,1,2,66,0.5
597,9075.09072,9074.61772,9074.68572,9075.03772,9078.31922,1,2.99999999999994,0.0299999999999997,7.00000000000003,1,2,66,0.5
598,9079.21422,9078.68522,9078.78272,9079.16172,9088.03922,1,2.99999999999994,0.0299999999999997,7.00000000000003,1,2,66,0.5
599,9088.917221,9088.43022,9088.52572,9088.917221,9097.92222,1,NaN,0,5.99999999999996,2,1,65,0.5
600,9098.76672,9098.31172,9098.38072,9098.76672,9101.55372,0,NaN,0,7.00000000000003,1,2,66,0.5
601,9105.11022,9104.38272,9104.59722,9105.11022,9112.75922,0,NaN,0,7.00000000000003,1,2,66,0.5
602,9113.63722,9113.08822,9113.23572,9113.58422,9126.59772,1,2.99999999999994,0.0299999999999997,7.00000000000003,1,2,66,0.5
603,9127.59622,9127.08772,9127.13422,9127.54322,9135.78422,1,2.99999999999994,0.0299999999999997,7.00000000000003,1,2,66,0.5
604,9136.74072,9136.29622,9136.39172,9136.74072,9137.49822,1,NaN,0,5.99999999999996,2,1,65,0.5
605,9148.32472,9147.55572,9147.741221,9148.22322,9155.05972,1,NaN,0.00999999999999943,7.00000000000003,0,2,66,0.5
606,9155.94422,9155.41772,9155.46822,9155.89122,9164.33472,0,2.99999999999994,0.0299999999999997,5.99999999999996,2,1,65,0.5
607,9165.24672,9164.79172,9164.81772,9165.19422,9180.83072,0,2.99999999999994,0.0299999999999997,5.99999999999996,2,1,65,0.5
608,9181.65422,9181.19822,9181.30972,9181.65422,9190.68222,0,NaN,0,7.00000000000003,0,2,66,0.5
609,9191.48822,9191.05272,9191.11222,9191.48822,9197.73072,0,NaN,0,7.00000000000003,1,2,66,0.5
610,9198.66022,9198.141221,9198.26622,9198.66022,9204.539221,0,NaN,0,7.00000000000003,0,2,66,0.5
611,9205.39622,9204.89022,9205.00272,9205.34372,9212.00072,0,2.99999999999994,0.0299999999999997,5.99999999999996,2,1,65,0.5
612,9212.83222,9212.37872,9212.42122,9212.83222,9219.67322,0,NaN,0,7.00000000000003,1,2,66,0.5
613,9220.56122,9220.03872,9220.11922,9220.50822,9225.69222,0,2.99999999999994,0.0299999999999997,5.99999999999996,2,1,65,0.5
614,9226.59122,9226.10972,9226.21172,9226.59122,9233.06372,0,NaN,0,7.00000000000003,0,2,66,0.5
615,9233.95622,9233.45572,9233.51872,9233.90322,9239.27422,0,2.99999999999994,0.0299999999999997,5.99999999999996,2,1,65,0.5
616,9240.19772,9239.67372,9239.80422,9240.19772,9245.95472,0,NaN,0,7.00000000000003,0,2,66,0.5
617,9246.81522,9246.41872,9246.45622,9246.81522,9252.54222,0,NaN,0,7.00000000000003,1,2,66,0.5
618,9253.37572,9252.95022,9253.00772,9253.37572,9260.56422,0,NaN,0,7.00000000000003,0,2,66,0.5
619,9261.40722,9260.92172,9261.025221,9261.40722,9268.60372,0,NaN,0,7.00000000000003,1,2,66,0.5
620,9269.52672,9269.02972,9269.08822,9269.47372,9273.63822,0,2.99999999999994,0.0299999999999997,5.99999999999996,2,1,65,0.5
621,9274.70872,9274.27772,9274.33122,9274.70872,9282.25322,0,NaN,0,7.00000000000003,1,2,66,0.5
622,9283.17872,9282.623221,9282.76922,9283.17872,9288.72422,0,NaN,0,7.00000000000003,1,2,66,0.5
623,9289.57322,9289.18122,9289.20322,9289.57322,9297.02572,0,NaN,0,7.00000000000003,1,2,66,0.5
624,9297.95772,9297.43422,9297.58672,9297.95772,9304.15072,0,NaN,0,7.00000000000003,1,2,66,0.5
625,9305.20222,9304.51672,9304.64522,9305.14972,9317.73472,0,2.99999999999994,0.0299999999999997,5.99999999999996,2,1,65,0.5
626,9318.70522,9318.11472,9318.23672,9318.65222,9323.66372,0,2.99999999999994,0.0299999999999997,5.99999999999996,2,1,65,0.5
627,9324.80522,9324.07372,9324.29522,9324.80522,9330.80772,0,NaN,0,7.00000000000003,1,2,66,0.5
628,9331.75922,9331.24472,9331.32722,9331.705721,9335.63522,0,2.99999999999994,0.0299999999999997,5.99999999999996,2,1,65,0.5
629,9336.693721,9336.24922,9336.28722,9336.693721,9343.04572,0,NaN,0,7.00000000000003,1,2,66,0.5
630,9344.02672,9343.48622,9343.54722,9344.02372,9349.17622,0,2.99999999999994,0.0299999999999997,5.99999999999996,2,1,65,0.5
631,9350.20372,9349.64122,9349.78672,9350.20372,9356.03772,0,NaN,0,7.00000000000003,1,2,66,0.5
632,9357.23472,9356.60972,9356.75122,9357.18172,9361.84272,0,2.99999999999994,0.0299999999999997,5.99999999999996,2,1,65,0.5
633,9362.85172,9362.43472,9362.46622,9362.85172,9368.45472,0,NaN,0,7.00000000000003,1,2,66,0.5
634,9369.57222,9369.11072,9369.19422,9369.51972,9376.20672,0,2.99999999999994,0.0299999999999997,5.99999999999996,2,1,65,0.5
635,9377.05872,9376.59072,9376.61222,9377.00572,9390.21072,0,2.99999999999994,0.0299999999999997,5.99999999999996,2,1,65,0.5
636,9391.07822,9390.637221,9390.71472,9391.07822,9396.86472,0,NaN,0,7.00000000000003,1,2,66,0.5
637,9397.73472,9397.29972,9397.38572,9397.73472,9405.21872,0,NaN,0,7.00000000000003,1,2,66,0.5
638,9406.09222,9405.64472,9405.66872,9406.09222,9411.46122,0,NaN,0,7.00000000000003,1,2,66,0.5
639,9412.67072,9412.05072,9412.15772,9412.61822,9417.99872,0,2.99999999999994,0.0299999999999997,5.99999999999996,2,1,65,0.5
640,9418.81772,9418.36472,9418.46972,9418.81772,9424.82472,0,NaN,0,7.00000000000003,1,2,66,0.5
641,9425.61622,9425.20922,9425.231221,9425.61622,9431.39172,0,NaN,0,7.00000000000003,1,2,66,0.5
642,9432.34222,9431.74172,9431.82872,9432.34222,9438.30172,0,NaN,0,7.00000000000003,1,2,66,0.5
643,9439.239221,9438.66822,9438.74422,9439.239221,9444.64272,0,NaN,0,7.00000000000003,0,2,66,0.5
644,9445.795221,9445.00972,9445.16322,9445.74272,9458.15972,1,2.99999999999994,0.0299999999999997,7.00000000000003,1,2,66,0.5
645,9459.02822,9458.56522,9458.63722,9458.97522,9467.02372,1,2.99999999999994,0.0299999999999997,7.00000000000003,1,2,66,0.5
646,9467.86522,9467.50322,9467.52622,9467.86522,9473.56822,1,NaN,0,5.99999999999996,2,1,65,0.5
647,9474.44372,9474.03172,9474.08622,9474.44372,9479.77672,1,NaN,0,5.99999999999996,2,1,65,0.5
648,9480.84972,9480.35822,9480.40222,9480.74822,9486.06122,1,NaN,0.00999999999999943,7.00000000000003,0,2,66,0.5
649,9486.97222,9486.49822,9486.55122,9486.91972,9491.52822,0,2.99999999999994,0.0299999999999997,5.99999999999996,2,1,65,0.5
650,9492.41172,9491.88222,9491.95322,9492.41172,9503.25022,0,NaN,0,7.00000000000003,1,2,66,0.5
651,9504.12222,9503.63372,9503.67672,9504.06922,9508.79472,0,2.99999999999994,0.0299999999999997,5.99999999999996,2,1,65,0.5
652,9509.80122,9509.17172,9509.37822,9509.80122,9517.18522,0,NaN,0,7.00000000000003,1,2,66,0.5
653,9518.06172,9517.58122,9517.64322,9518.06172,9524.06122,0,NaN,0,7.00000000000003,1,2,66,0.5
654,9524.91322,9524.43372,9524.50672,9524.86072,9529.15022,0,2.99999999999994,0.0299999999999997,5.99999999999996,2,1,65,0.5
655,9529.98222,9529.55972,9529.64222,9529.98222,9535.65722,0,NaN,0,7.00000000000003,1,2,66,0.5
656,9536.49522,9536.03622,9536.07472,9536.44322,9541.10872,0,2.99999999999994,0.0299999999999997,5.99999999999996,2,1,65,0.5
657,9542.35022,9541.78472,9541.99772,9542.35022,9549.06172,0,NaN,0,7.00000000000003,1,2,66,0.5
658,9549.90222,9549.47572,9549.51672,9549.90222,9556.54622,0,NaN,0,7.00000000000003,1,2,66,0.5
659,9557.37122,9556.92772,9557.01522,9557.37122,9562.86972,0,NaN,0,7.00000000000003,1,2,66,0.5
660,9563.66722,9563.23222,9563.293221,9563.66722,9569.91122,0,NaN,0,7.00000000000003,1,2,66,0.5
661,9570.96972,9570.30372,9570.37522,9570.96972,9576.92072,0,NaN,0,7.00000000000003,1,2,66,0.5
662,9578.09972,9577.48972,9577.571221,9578.09972,9624.72872,0,NaN,0,7.00000000000003,1,2,66,0.5
663,9625.74422,9625.12122,9625.24672,9625.73972,9628.33072,1,2.99999999999994,0.0299999999999997,7.00000000000003,1,2,66,0.5
664,9629.16872,9628.70072,9628.72872,9629.11572,9637.46772,1,2.99999999999994,0.0299999999999997,7.00000000000003,1,2,66,0.5
665,9638.31372,9637.89172,9637.91672,9638.31372,9642.62822,1,NaN,0,5.99999999999996,2,1,65,0.5
666,9644.67672,9644.14422,9644.24322,9644.67672,9650.86422,0,NaN,0,7.00000000000003,1,2,66,0.5
667,9652.05322,9651.19472,9651.36322,9652.05322,9658.02422,0,NaN,0,7.00000000000003,1,2,66,0.5
668,9658.94772,9658.41922,9658.52322,9658.94772,9664.89772,0,NaN,0,7.00000000000003,1,2,66,0.5
669,9665.95872,9665.38572,9665.50522,9665.90572,9669.43572,0,2.99999999999994,0.0299999999999997,5.99999999999996,2,1,65,0.5
670,9670.50272,9670.06372,9670.14872,9670.50272,9677.47672,0,NaN,0,7.00000000000003,1,2,66,0.5
671,9678.64572,9677.94122,9678.11422,9678.593221,9682.59322,0,2.99999999999994,0.0299999999999997,5.99999999999996,2,1,65,0.5
672,9683.54872,9683.12022,9683.14172,9683.54872,9689.55322,0,NaN,0,7.00000000000003,1,2,66,0.5
673,9690.40722,9689.95272,9690.01322,9690.35472,9697.471221,0,2.99999999999994,0.0299999999999997,5.99999999999996,2,1,65,0.5
674,9698.34472,9697.86072,9697.93372,9698.34472,9704.44272,0,NaN,0,7.00000000000003,1,2,66,0.5
675,9705.48022,9705.04422,9705.07272,9705.48022,9711.46622,0,NaN,0,7.00000000000003,1,2,66,0.5
676,9712.34972,9711.87272,9711.95772,9712.34972,9718.08522,0,NaN,0,7.00000000000003,1,2,66,0.5
677,9718.94172,9718.45472,9718.56322,9718.94172,9724.51422,0,NaN,0,7.00000000000003,1,2,66,0.5
678,9725.34822,9724.87972,9724.96872,9725.34822,9732.50472,0,NaN,0,7.00000000000003,1,2,66,0.5
679,9733.31422,9732.82322,9732.94272,9733.26172,9738.57672,1,2.99999999999994,0.0299999999999997,7.00000000000003,1,2,66,0.5
680,9739.43422,9738.95972,9738.98822,9739.38122,9744.22172,1,2.99999999999994,0.0299999999999997,7.00000000000003,1,2,66,0.5
681,9745.01022,9744.56122,9744.69072,9745.01022,9750.66272,1,NaN,0,5.99999999999996,2,1,65,0.5
682,9751.53072,9751.06222,9751.163221,9751.53072,9757.72522,0,NaN,0,7.00000000000003,1,2,66,0.5
683,9758.62722,9758.11822,9758.21372,9758.57472,9763.52072,0,2.99999999999994,0.0299999999999997,5.99999999999996,2,1,65,0.5
684,9764.30172,9763.84422,9763.95322,9764.30172,9770.353221,0,NaN,0,7.00000000000003,1,2,66,0.5
685,9771.12022,9770.66472,9770.75072,9771.12022,9776.47072,0,NaN,0,7.00000000000003,1,2,66,0.5
686,9777.49072,9776.91122,9777.02972,9777.43772,9786.36472,1,2.99999999999994,0.0299999999999997,7.00000000000003,1,2,66,0.5
687,9787.28822,9786.81122,9786.89572,9787.23472,9794.64572,1,2.99999999999994,0.0299999999999997,7.00000000000003,1,2,66,0.5
688,9795.50172,9795.07172,9795.15572,9795.50172,9801.151221,1,NaN,0,5.99999999999996,2,1,65,0.5
689,9801.95272,9801.50172,9801.58972,9801.95272,9807.43172,0,NaN,0,7.00000000000003,1,2,66,0.5
690,9808.27422,9807.78272,9807.87822,9808.27422,9814.14872,0,NaN,0,7.00000000000003,1,2,66,0.5
691,9814.95672,9814.49272,9814.61772,9814.95672,9821.10072,0,NaN,0,7.00000000000003,1,2,66,0.5
692,9822.740721,9821.44972,9821.60422,9822.68822,9827.83322,0,2.99999999999994,0.0299999999999997,5.99999999999996,2,1,65,0.5
693,9828.69922,9828.22322,9828.30972,9828.69922,9833.72272,0,NaN,0,7.00000000000003,1,2,66,0.5
694,9834.69272,9834.06922,9834.17172,9834.64572,9838.66522,0,2.99999999999994,0.0299999999999997,5.99999999999996,2,1,65,0.5
695,9839.75822,9839.14522,9839.36622,9839.75822,9845.22172,0,NaN,0,7.00000000000003,1,2,66,0.5
696,9846.14672,9845.56672,9845.69172,9846.14672,9851.65872,0,NaN,0,7.00000000000003,1,2,66,0.5
697,9852.86472,9851.99372,9852.10772,9852.81272,9855.99472,0,2.99999999999994,0.0299999999999997,5.99999999999996,2,1,65,0.5
698,9856.85572,9856.44472,9856.51172,9856.85572,9862.77572,0,NaN,0,7.00000000000003,1,2,66,0.5
699,9863.61822,9863.16172,9863.22522,9863.61822,9869.37922,0,NaN,0,7.00000000000003,1,2,66,0.5
700,9870.24272,9869.75272,9869.86272,9870.24272,9876.56622,0,NaN,0,7.00000000000003,1,2,66,0.5
701,9877.44772,9876.96322,9877.04372,9877.44772,9883.09822,0,NaN,0,7.00000000000003,1,2,66,0.5
702,9884.05922,9883.54722,9883.65322,9884.05922,9889.74372,0,NaN,0,7.00000000000003,1,2,66,0.5
703,9890.65972,9890.30822,9890.34922,9890.65972,9906.78672,1,NaN,0,5.99999999999996,2,1,65,0.5
704,9910.01172,9909.34222,9909.49572,9910.01172,9915.91622,1,NaN,0,5.99999999999996,2,1,65,0.5
705,9917.17972,9916.66422,9916.76472,9917.12672,9921.82172,1,2.99999999999994,0.0299999999999997,7.00000000000003,1,2,66,0.5
706,9922.73672,9922.20522,9922.26022,9922.68372,9927.73672,1,2.99999999999994,0.0299999999999997,7.00000000000003,1,2,66,0.5
707,9928.60522,9928.13022,9928.22172,9928.60522,9936.75372,1,NaN,0,5.99999999999996,2,1,65,0.5
708,9937.96572,9937.18572,9937.25322,9937.91272,9942.72772,0,2.99999999999994,0.0299999999999997,5.99999999999996,2,1,65,0.5
709,9943.77122,9943.08772,9943.29472,9943.71822,9946.63122,0,2.99999999999994,0.0299999999999997,5.99999999999996,2,1,65,0.5
710,9947.63072,9947.16672,9947.19422,9947.57772,9952.66122,0,2.99999999999994,0.0299999999999997,5.99999999999996,2,1,65,0.5
711,9953.88372,9953.34622,9953.45822,9953.88372,9959.47372,0,NaN,0,7.00000000000003,0,2,66,0.5
712,9960.29222,9959.857721,9959.89872,9960.29222,9966.60922,0,NaN,0,7.00000000000003,1,2,66,0.5
713,9967.55122,9967.03772,9967.06072,9967.49922,9973.39622,0,2.99999999999994,0.0299999999999997,5.99999999999996,2,1,65,0.5
714,9974.35272,9973.72972,9973.79772,9974.31322,9978.90822,0,2.99999999999994,0.0299999999999997,5.99999999999996,2,1,65,0.5
715,9980.03972,9979.43472,9979.49922,9980.03972,9985.31072,0,NaN,0,7.00000000000003,1,2,66,0.5
716,9986.19622,9985.643221,9985.72172,9986.19622,9993.03422,0,NaN,0,7.00000000000003,1,2,66,0.5
717,9993.97822,9993.38472,9993.46172,9993.97822,10004.63472,0,NaN,0,7.00000000000003,1,2,66,0.5
718,10005.58922,10005.04922,10005.10022,10005.58922,10011.46022,0,NaN,0,7.00000000000003,1,2,66,0.5
719,10012.32772,10011.83222,10011.88322,10012.27522,10018.49522,0,2.99999999999994,0.0299999999999997,5.99999999999996,2,1,65,0.5
720,10019.32622,10018.83372,10018.88222,10019.32622,10025.18222,0,NaN,0,7.00000000000003,1,2,66,0.5
721,10026.45922,10025.58722,10025.63922,10026.40672,10030.97422,0,2.99999999999994,0.0299999999999997,5.99999999999996,2,1,65,0.5
722,10032.86922,10032.36722,10032.40722,10032.86922,10040.49422,0,NaN,0,7.00000000000003,1,2,66,0.5
723,10041.31622,10040.85622,10040.93222,10041.31622,10046.62572,0,NaN,0,7.00000000000003,0,2,66,0.5
724,10047.64472,10047.06722,10047.14172,10047.64472,10053.44622,0,NaN,0,7.00000000000003,0,2,66,0.5
725,10054.48922,10053.84872,10053.90572,10054.48672,10057.76822,0,2.99999999999994,0.0299999999999997,5.99999999999996,2,1,65,0.5
726,10058.85922,10058.34022,10058.41522,10058.85922,10068.10422,0,NaN,0,7.00000000000003,1,2,66,0.5
727,10070.17172,10069.15572,10069.27572,10070.17172,10075.46772,0,NaN,0,7.00000000000003,1,2,66,0.5
728,10076.42522,10075.83822,10075.88772,10076.42522,10084.04422,0,NaN,0,7.00000000000003,1,2,66,0.5
729,10085.11422,10084.42672,10084.49022,10085.11422,10091.13622,0,NaN,0,7.00000000000003,1,2,66,0.5
730,10092.03122,10091.52922,10091.60622,10091.97872,10096.77122,0,2.99999999999994,0.0299999999999997,5.99999999999996,2,1,65,0.5
731,10097.92622,10097.31922,10097.47372,10097.87372,10101.95222,0,2.99999999999994,0.0299999999999997,5.99999999999996,2,1,65,0.5
732,10102.96172,10102.43522,10102.46172,10102.96172,10108.27822,0,NaN,0,7.00000000000003,1,2,66,0.5
733,10110.00422,10108.78822,10108.92522,10109.90272,10118.75922,0,NaN,0.00999999999999943,5.99999999999996,0,1,65,0.5
734,10120.34322,10119.54472,10119.58422,10120.34322,10126.04322,0,NaN,0,7.00000000000003,1,2,66,0.5
735,10127.23322,10126.63872,10126.65872,10127.23322,10133.38972,0,NaN,0,7.00000000000003,1,2,66,0.5
736,10134.44022,10133.78072,10133.83472,10134.44022,10137.43722,0,NaN,0,7.00000000000003,1,2,66,0.5
737,10141.24622,10140.62022,10140.67572,10141.24622,10149.69022,0,NaN,0,7.00000000000003,1,2,66,0.5
738,10150.57022,10150.05372,10150.181721,10150.51772,10156.15522,1,2.99999999999994,0.0299999999999997,7.00000000000003,1,2,66,0.5
739,10156.94372,10156.53472,10156.61422,10156.94372,10166.20872,1,NaN,0,5.99999999999996,0,1,65,0.5
740,10167.071221,10166.53772,10166.60872,10167.071221,10172.91222,0,NaN,0,7.00000000000003,1,2,66,0.5
741,10175.60022,10174.63172,10175.04572,10175.49922,10179.243721,0,NaN,0.00999999999999943,5.99999999999996,0,1,65,0.5
742,10182.06722,10181.41622,10181.54422,10182.06572,10189.85822,0,NaN,0.00999999999999943,5.99999999999996,0,1,65,0.5
743,10190.68372,10190.27772,10190.36622,10190.68372,10198.15622,1,NaN,0,5.99999999999996,2,1,65,0.5
744,10199.00772,10198.51522,10198.60122,10198.95472,10207.69172,1,2.99999999999994,0.0299999999999997,7.00000000000003,1,2,66,0.5
745,10208.54272,10208.10372,10208.17722,10208.49022,10214.42122,1,2.99999999999994,0.0299999999999997,7.00000000000003,1,2,66,0.5
746,10215.35972,10214.83772,10214.99922,10215.35972,10712.44522,1,NaN,0,5.99999999999996,2,1,65,0.5
747,10714.38222,10713.50372,10713.60872,10714.38222,10722.85772,1,NaN,0,5.99999999999996,2,1,65,0.5
748,10725.48172,10724.30922,10724.79172,10725.48172,10732.42672,0,NaN,0,7.00000000000003,1,2,66,0.5
749,10733.79572,10733.08022,10733.16222,10733.74372,10738.55272,0,2.99999999999994,0.0299999999999997,5.99999999999996,2,1,65,0.5
750,10739.93022,10739.26122,10739.427221,10739.93022,10746.55622,0,NaN,0,7.00000000000003,1,2,66,0.5
751,10748.15572,10747.12422,10747.23272,10747.60522,10753.44622,0,NaN,0,5.99999999999996,2,1,65,0.5
752,10754.59272,10753.98472,10754.01272,10754.59272,10761.02322,0,NaN,0,7.00000000000003,1,2,66,0.5
753,10762.48422,10761.86422,10761.97622,10762.48422,10765.77822,0,NaN,0,7.00000000000003,1,2,66,0.5
754,10768.79422,10768.17072,10768.23222,10768.74122,10771.89872,0,2.99999999999994,0.0299999999999997,5.99999999999996,2,1,65,0.5
755,10772.94572,10772.41272,10772.45722,10772.94572,10778.81572,0,NaN,0,7.00000000000003,1,2,66,0.5
756,10779.93122,10779.40222,10779.46522,10779.93122,10785.32172,0,NaN,0,7.00000000000003,1,2,66,0.5
757,10786.18622,10785.75822,10785.84722,10786.18622,10792.44872,0,NaN,0,7.00000000000003,1,2,66,0.5
758,10793.90172,10793.05672,10793.35372,10793.90172,10800.85722,0,NaN,0,7.00000000000003,1,2,66,0.5
759,10802.76572,10801.35972,10801.58772,10802.76572,10809.92522,0,NaN,0,7.00000000000003,1,2,66,0.5
760,10810.85672,10810.28972,10810.44922,10810.80422,10822.80222,1,2.99999999999994,0.0299999999999997,7.00000000000003,1,2,66,0.5
761,10823.86872,10823.27022,10823.43222,10823.86872,10824.49072,1,NaN,0,5.99999999999996,0,1,65,0.5
762,10831.36272,10830.70422,10830.76522,10831.36122,10837.71122,0,NaN,0.00999999999999943,5.99999999999996,0,1,65,0.5
763,10838.76922,10838.14722,10838.16922,10838.73222,10845.59272,0,NaN,0.00999999999999943,5.99999999999996,0,1,65,0.5
764,10846.47722,10845.99122,10846.06922,10846.42472,10853.75472,1,2.99999999999994,0.0299999999999997,7.00000000000003,1,2,66,0.5
765,10854.72922,10854.14072,10854.26272,10854.67672,10860.17572,1,2.99999999999994,0.0299999999999997,7.00000000000003,1,2,66,0.5
766,10861.17772,10860.61422,10860.72322,10861.12522,10864.65472,1,2.99999999999994,0.0299999999999997,7.00000000000003,1,2,66,0.5
767,10865.73422,10865.31772,10865.37322,10865.73422,10874.85472,1,NaN,0,5.99999999999996,2,1,65,0.5
768,10875.76722,10875.28622,10875.36872,10875.76722,10881.31772,0,NaN,0,7.00000000000003,1,2,66,0.5
769,10882.27422,10881.74922,10881.89572,10882.22222,10885.78872,0,2.99999999999994,0.0299999999999997,5.99999999999996,2,1,65,0.5
770,10887.85572,10887.27572,10887.40472,10887.85572,10895.16822,0,NaN,0,7.00000000000003,1,2,66,0.5
771,10896.08372,10895.58122,10895.63072,10896.08372,10908.05022,0,NaN,0,7.00000000000003,1,2,66,0.5
772,10908.96022,10908.44922,10908.55572,10908.90772,10914.32722,1,2.99999999999994,0.0299999999999997,7.00000000000003,1,2,66,0.5
773,10915.231221,10914.72422,10914.83472,10915.17922,10919.23072,1,2.99999999999994,0.0299999999999997,7.00000000000003,1,2,66,0.5
774,10920.20422,10919.65822,10919.73872,10920.15172,10923.91022,1,2.99999999999994,0.0299999999999997,7.00000000000003,1,2,66,0.5
775,10924.82672,10924.29822,10924.38622,10924.77472,10930.60372,1,2.99999999999994,0.0299999999999997,7.00000000000003,1,2,66,0.5
776,10931.47472,10930.95422,10931.04222,10931.47472,10938.35022,1,NaN,0,5.99999999999996,2,1,65,0.5
777,10939.24422,10938.77622,10938.85672,10939.19172,10943.171221,0,2.99999999999994,0.0299999999999997,5.99999999999996,2,1,65,0.5
778,10944.435221,10943.813221,10943.95922,10944.35322,10953.15022,0,NaN,0.00999999999999943,5.99999999999996,0,1,65,0.5
779,10954.42572,10953.68422,10953.90972,10954.37272,10959.51922,0,2.99999999999994,0.0299999999999997,5.99999999999996,2,1,65,0.5
780,10960.62072,10959.99772,10960.09922,10960.59772,10964.78422,0,2.99999999999994,0.0299999999999997,5.99999999999996,2,1,65,0.5
781,10966.05322,10965.27972,10965.299221,10966.00072,10976.48772,0,2.99999999999994,0.0299999999999997,5.99999999999996,2,1,65,0.5
782,10977.49972,10976.92672,10976.97872,10977.49972,10986.61872,0,NaN,0,7.00000000000003,1,2,66,0.5
783,10987.53372,10987.11572,10987.16472,10987.53372,10995.53572,0,NaN,0,7.00000000000003,1,2,66,0.5
784,10997.85072,10996.49022,10996.67872,10997.79772,11005.65022,0,2.99999999999994,0.0299999999999997,5.99999999999996,2,1,65,0.5
785,11007.39372,11006.77122,11006.82322,11007.35772,11011.51672,0,2.99999999999994,0.0299999999999997,5.99999999999996,2,1,65,0.5
786,11012.69922,11012.11772,11012.16372,11012.69922,11020.45672,0,NaN,0,7.00000000000003,1,2,66,0.5
787,11021.75972,11021.03472,11021.13572,11021.75972,11031.26422,0,NaN,0,7.00000000000003,1,2,66,0.5
788,11032.73072,11031.95172,11031.98722,11032.67772,11044.22072,0,2.99999999999994,0.0299999999999997,5.99999999999996,2,1,65,0.5
789,11045.48672,11044.77972,11044.82822,11045.48672,11053.99522,0,NaN,0,7.00000000000003,1,2,66,0.5
790,11055.48472,11054.97272,11055.00772,11055.48472,11060.36622,0,NaN,0,7.00000000000003,1,2,66,0.5
791,11062.04472,11061.22172,11061.356221,11062.04472,11067.60822,0,NaN,0,7.00000000000003,1,2,66,0.5
792,11069.18122,11068.44972,11068.51622,11069.18122,11074.40022,0,NaN,0,7.00000000000003,1,2,66,0.5
793,11075.421221,11074.79772,11074.86622,11075.37372,11078.22572,0,2.99999999999994,0.0299999999999997,5.99999999999996,2,1,65,0.5
794,11079.22072,11078.74122,11078.78022,11079.22072,11084.48172,0,NaN,0,7.00000000000003,1,2,66,0.5
795,11085.99072,11085.29822,11085.39072,11085.99072,11093.02372,0,NaN,0,7.00000000000003,1,2,66,0.5
796,11094.32372,11093.77772,11093.86572,11094.32372,11100.03072,0,NaN,0,7.00000000000003,1,2,66,0.5
797,11101.42072,11100.40872,11100.51872,11101.42072,11107.80322,0,NaN,0,7.00000000000003,1,2,66,0.5
798,11108.813221,11108.30522,11108.37522,11108.76122,11118.96222,1,2.99999999999994,0.0299999999999997,7.00000000000003,1,2,66,0.5
799,11121.29122,11120.49722,11120.76122,11121.19022,11127.20222,1,NaN,0.00999999999999943,7.00000000000003,0,2,66,0.5
800,11128.21022,11127.72322,11127.80022,11128.21022,11133.61922,0,NaN,0,7.00000000000003,1,2,66,0.5
801,11134.74672,11134.07622,11134.18772,11134.74672,11140.82922,0,NaN,0,7.00000000000003,1,2,66,0.5
802,11142.91072,11142.33772,11142.49372,11142.91072,11148.07772,0,NaN,0,7.00000000000003,1,2,66,0.5
803,11149.14872,11148.46722,11148.58872,11149.14672,11152.65672,0,2.99999999999994,0.0299999999999997,5.99999999999996,2,1,65,0.5
804,11153.531221,11153.16372,11153.19172,11153.531221,11158.81372,0,NaN,0,7.00000000000003,1,2,66,0.5
805,11160.18772,11159.53272,11159.59822,11160.18772,11167.84622,0,NaN,0,7.00000000000003,1,2,66,0.5
806,11168.705221,11168.21022,11168.26122,11168.705221,11174.71472,0,NaN,0,7.00000000000003,1,2,66,0.5
807,11176.22972,11175.30272,11175.46022,11176.17722,11179.663221,0,2.99999999999994,0.0299999999999997,5.99999999999996,2,1,65,0.5
808,11180.53872,11180.11422,11180.13422,11180.53872,11187.25422,0,NaN,0,7.00000000000003,1,2,66,0.5
809,11188.71472,11187.68722,11187.98322,11188.71472,11195.00422,0,NaN,0,7.00000000000003,1,2,66,0.5
810,11196.12272,11195.44622,11195.62972,11196.12272,11206.58522,0,NaN,0,7.00000000000003,1,2,66,0.5
811,11207.93122,11207.12422,11207.34572,11207.87872,11209.28672,1,2.99999999999994,0.0299999999999997,7.00000000000003,1,2,66,0.5
812,11210.24122,11209.75772,11209.84972,11210.24122,11216.11722,1,NaN,0,5.99999999999996,2,1,65,0.5
813,11216.95372,11216.513221,11216.54872,11216.95372,11222.51772,0,NaN,0,7.00000000000003,1,2,66,0.5
814,11223.43522,11222.92872,11223.05072,11223.43522,11225.97722,0,NaN,0,7.00000000000003,1,2,66,0.5
815,11232.31772,11231.73972,11231.79922,11232.31772,11253.71172,0,NaN,0,7.00000000000003,1,2,66,0.5
816,11255.249221,11254.16422,11254.29772,11255.249221,11264.09222,1,NaN,0,5.99999999999996,2,1,65,0.5
817,11265.23472,11264.45922,11264.56322,11265.23472,11274.33972,0,NaN,0,7.00000000000003,1,2,66,0.5
818,11275.25422,11274.69872,11274.82072,11275.20222,11287.82272,1,2.99999999999994,0.0299999999999997,7.00000000000003,1,2,66,0.5
819,11288.74622,11288.29772,11288.35022,11288.69372,11295.71222,1,2.99999999999994,0.0299999999999997,7.00000000000003,1,2,66,0.5
820,11296.58022,11296.15822,11296.21772,11296.58022,11303.66472,1,NaN,0,5.99999999999996,2,1,65,0.5
821,11304.86172,11304.10122,11304.18122,11304.80922,11310.08972,0,2.99999999999994,0.0299999999999997,5.99999999999996,2,1,65,0.5
822,11311.05722,11310.57572,11310.63122,11311.05722,11319.63472,0,NaN,0,7.00000000000003,1,2,66,0.5
823,11320.57372,11320.09222,11320.16972,11320.57372,11326.34072,0,NaN,0,7.00000000000003,1,2,66,0.5
824,11327.18222,11326.70372,11326.75522,11327.12922,11332.22722,0,2.99999999999994,0.0299999999999997,5.99999999999996,2,1,65,0.5
825,11334.42222,11333.79772,11333.90522,11334.38322,11339.43522,0,2.99999999999994,0.0299999999999997,5.99999999999996,2,1,65,0.5
826,11340.48722,11339.81222,11339.85372,11340.48722,11347.12022,0,NaN,0,7.00000000000003,1,2,66,0.5
827,11348.07322,11347.54522,11347.64222,11348.02022,11352.49722,0,2.99999999999994,0.0299999999999997,5.99999999999996,2,1,65,0.5
828,11353.81072,11353.01572,11353.17422,11353.81072,11361.90572,0,NaN,0,7.00000000000003,1,2,66,0.5
829,11363.12272,11362.34572,11362.41722,11363.06972,11367.75522,0,2.99999999999994,0.0299999999999997,5.99999999999996,2,1,65,0.5
830,11368.76822,11368.29672,11368.35472,11368.76822,11373.96672,0,NaN,0,7.00000000000003,1,2,66,0.5
831,11375.18472,11374.43672,11374.66272,11375.18472,11382.53722,0,NaN,0,7.00000000000003,1,2,66,0.5
832,11383.51122,11383.04572,11383.08122,11383.51122,11390.82572,0,NaN,0,7.00000000000003,1,2,66,0.5
833,11391.76722,11391.27522,11391.32272,11391.71472,11397.14172,0,2.99999999999994,0.0299999999999997,5.99999999999996,2,1,65,0.5
834,11398.36122,11397.57372,11397.67272,11398.30872,11407.39372,0,2.99999999999994,0.0299999999999997,5.99999999999996,2,1,65,0.5
835,11408.63472,11407.92922,11408.00872,11408.58172,11412.88422,0,2.99999999999994,0.0299999999999997,5.99999999999996,2,1,65,0.5
836,11414.06272,11413.42372,11413.50222,11414.06272,11420.99272,0,NaN,0,7.00000000000003,1,2,66,0.5
837,11422.31672,11421.683221,11421.79172,11422.26422,11428.08222,0,2.99999999999994,0.0299999999999997,5.99999999999996,2,1,65,0.5
838,11429.20172,11428.56722,11428.59822,11429.20172,11440.60972,0,NaN,0,7.00000000000003,1,2,66,0.5
839,11441.80472,11440.99122,11441.05772,11441.80222,11452.59172,0,2.99999999999994,0.0299999999999997,5.99999999999996,2,1,65,0.5
840,11453.84272,11453.28772,11453.40122,11453.84272,11508.99022,0,NaN,0,7.00000000000003,1,2,66,0.5
841,11510.03272,11509.51322,11509.56672,11509.97972,11514.82622,0,2.99999999999994,0.0299999999999997,5.99999999999996,2,1,65,0.5
842,11515.90472,11515.27422,11515.30672,11515.90472,11528.31922,0,NaN,0,7.00000000000003,0,2,66,0.5
843,11529.26422,11528.71022,11528.75622,11529.26422,11534.42472,0,NaN,0,7.00000000000003,1,2,66,0.5
844,11535.44822,11534.77822,11534.81072,11535.44822,11541.85572,0,NaN,0,7.00000000000003,0,2,66,0.5
845,11542.89272,11542.28522,11542.35172,11542.89022,11545.63972,0,2.99999999999994,0.0299999999999997,5.99999999999996,2,1,65,0.5
846,11547.03922,11546.421221,11546.46572,11547.03922,11555.83022,0,NaN,0,7.00000000000003,1,2,66,0.5
847,11556.87622,11556.22672,11556.37722,11556.87622,11562.60122,0,NaN,0,7.00000000000003,1,2,66,0.5
848,11563.62922,11562.98122,11563.10622,11563.62922,11574.19372,0,NaN,0,7.00000000000003,1,2,66,0.5
849,11575.49922,11574.66472,11575.10022,11575.49922,11577.37672,1,NaN,0,5.99999999999996,2,1,65,0.5
850,11588.22422,11587.60072,11587.70772,11588.19422,11591.59922,1,2.99999999999994,0.0299999999999997,7.00000000000003,1,2,66,0.5
851,11592.43572,11592.00222,11592.06422,11592.43572,11599.62522,1,NaN,0,5.99999999999996,2,1,65,0.5
852,11600.69472,11600.00272,11600.02722,11600.64222,11603.41672,0,2.99999999999994,0.0299999999999997,5.99999999999996,2,1,65,0.5
853,11604.39172,11603.91022,11603.99022,11604.39172,11613.90572,0,NaN,0,7.00000000000003,1,2,66,0.5
854,11615.32972,11614.23222,11614.31272,11615.27772,11619.30022,0,2.99999999999994,0.0299999999999997,5.99999999999996,2,1,65,0.5
855,11620.36422,11619.86222,11619.91072,11620.36422,11629.16022,0,NaN,0,7.00000000000003,1,2,66,0.5
856,11630.04672,11629.60872,11629.64622,11630.04672,11637.35522,0,NaN,0,7.00000000000003,1,2,66,0.5
857,11638.32372,11637.70272,11637.75072,11638.32372,11645.51772,0,NaN,0,7.00000000000003,1,2,66,0.5
858,11646.40172,11645.90172,11645.97022,11646.40172,11652.87972,0,NaN,0,7.00000000000003,1,2,66,0.5
859,11653.69822,11653.26622,11653.33472,11653.69822,11660.14022,0,NaN,0,7.00000000000003,1,2,66,0.5
860,11661.24522,11660.58322,11660.68272,11661.24522,11667.06022,0,NaN,0,7.00000000000003,1,2,66,0.5
861,11668.30772,11667.55722,11667.61922,11668.30772,11671.68422,0,NaN,0,7.00000000000003,1,2,66,0.5
862,11838.58272,11828.83922,11829.26522,11838.58272,11843.45172,0,NaN,0,7.00000000000003,1,2,66,0.5
863,11855.62122,11854.49122,11854.74822,11855.61872,11858.237221,1,2.99999999999994,0.0299999999999997,7.00000000000003,1,2,66,0.5
864,11868.60572,11858.90622,11859.14772,11868.60572,11875.733221,1,NaN,0,5.99999999999996,2,1,65,0.5
865,11884.62972,11883.725221,11884.05222,11884.57722,11889.79272,1,2.99999999999994,0.0299999999999997,7.00000000000003,1,2,66,0.5
866,11890.95472,11890.29772,11890.45722,11890.95472,11898.46122,1,NaN,0,5.99999999999996,2,1,65,0.5
867,11900.039221,11899.11272,11899.29072,11900.039221,11907.52022,1,NaN,0,5.99999999999996,0,1,65,0.5
868,11910.17272,11908.33972,11908.55722,11910.17122,11916.13272,0,NaN,0.00999999999999943,5.99999999999996,0,1,65,0.5
869,11918.43772,11917.49272,11917.63822,11918.38472,11923.23922,0,2.99999999999994,0.0299999999999997,5.99999999999996,2,1,65,0.5
870,11924.21922,11923.68522,11923.73922,11924.16672,11929.68372,0,2.99999999999994,0.0299999999999997,5.99999999999996,2,1,65,0.5
871,11930.87622,11930.15172,11930.21372,11930.82372,11934.44922,0,2.99999999999994,0.0299999999999997,5.99999999999996,2,1,65,0.5
872,11935.60572,11935.00022,11935.10022,11935.60572,11944.27022,0,NaN,0,7.00000000000003,0,2,66,0.5
873,11945.39172,11944.66422,11944.76872,11945.39172,11951.45922,0,NaN,0,7.00000000000003,0,2,66,0.5
874,11952.23072,11951.81322,11951.86272,11952.23072,11958.51722,0,NaN,0,7.00000000000003,0,2,66,0.5
875,11959.50072,11958.95672,11959.06572,11959.50072,11966.04272,0,NaN,0,7.00000000000003,1,2,66,0.5
876,11967.21022,11966.52022,11966.55722,11967.21022,11972.64372,0,NaN,0,7.00000000000003,1,2,66,0.5
877,11973.85472,11973.37722,11973.45122,11973.85472,11981.01122,0,NaN,0,7.00000000000003,1,2,66,0.5
878,11981.88222,11981.33022,11981.45772,11981.78072,11985.77422,1,NaN,0.00999999999999943,7.00000000000003,0,2,66,0.5
879,12211.02072,12208.36372,12208.83772,12211.01822,12218.53522,0,2.99999999999994,0.0299999999999997,5.99999999999996,2,1,65,0.5
880,12220.04822,12219.52022,12219.54972,12220.04822,12225.009221,0,NaN,0,7.00000000000003,1,2,66,0.5
881,12231.89372,12231.30622,12231.37972,12231.84122,12233.50322,1,2.99999999999994,0.0299999999999997,7.00000000000003,1,2,66,0.5
882,12234.62522,12234.02572,12234.08772,12234.57172,12243.27622,1,2.99999999999994,0.0299999999999997,7.00000000000003,1,2,66,0.5
883,12244.34122,12243.75072,12243.86222,12244.34122,12257.58772,1,NaN,0,5.99999999999996,2,1,65,0.5
884,12258.45622,12258.03872,12258.07772,12258.40322,12263.85472,0,2.99999999999994,0.0299999999999997,5.99999999999996,2,1,65,0.5
885,12264.98622,12264.29172,12264.38422,12264.98622,12273.36072,0,NaN,0,7.00000000000003,1,2,66,0.5
886,12274.54222,12273.80372,12273.85872,12274.48922,12277.78372,0,2.99999999999994,0.0299999999999997,5.99999999999996,2,1,65,0.5
887,12278.74522,12278.28272,12278.30422,12278.74522,12284.30222,0,NaN,0,7.00000000000003,1,2,66,0.5
888,12285.45572,12284.80872,12284.86122,12285.45572,12292.25872,0,NaN,0,7.00000000000003,1,2,66,0.5
889,12293.60872,12293.13272,12293.15372,12293.60872,12300.47172,0,NaN,0,7.00000000000003,1,2,66,0.5
890,12301.46472,12301.02622,12301.07672,12301.46472,12308.33022,0,NaN,0,7.00000000000003,1,2,66,0.5
891,12309.43922,12308.77372,12308.83372,12309.43672,12313.09622,0,2.99999999999994,0.0299999999999997,5.99999999999996,2,1,65,0.5
892,12314.15072,12313.62072,12313.74822,12314.15072,12322.17772,0,NaN,0,7.00000000000003,1,2,66,0.5
893,12323.38672,12322.68022,12322.74572,12323.38672,12329.28472,0,NaN,0,7.00000000000003,1,2,66,0.5
894,12330.22972,12329.747221,12329.85072,12330.22972,12336.66272,0,NaN,0,7.00000000000003,1,2,66,0.5
895,12339.16622,12338.27172,12338.36822,12339.11322,12342.32322,0,2.99999999999994,0.0299999999999997,5.99999999999996,2,1,65,0.5
896,12343.26022,12342.79872,12342.84572,12343.26022,12351.51272,0,NaN,0,7.00000000000003,1,2,66,0.5
897,12352.49472,12351.97172,12351.99922,12352.49472,12362.61422,0,NaN,0,7.00000000000003,1,2,66,0.5
898,12363.66822,12363.13272,12363.18272,12363.66822,12371.18322,0,NaN,0,7.00000000000003,1,2,66,0.5
899,12372.17972,12371.71872,12371.78472,12372.17972,12379.95872,1,NaN,0,5.99999999999996,2,1,65,0.5
900,12381.14872,12380.36572,12380.39322,12381.14622,12384.33622,0,2.99999999999994,0.0299999999999997,5.99999999999996,2,1,65,0.5
901,12385.67422,12384.88722,12384.91572,12385.57272,12396.55622,0,NaN,0.00999999999999943,5.99999999999996,0,1,65,0.5
902,12397.59372,12397.11372,12397.16872,12397.54072,12403.13072,0,2.99999999999994,0.0299999999999997,5.99999999999996,2,1,65,0.5
903,12404.19072,12403.58222,12403.60872,12404.13822,12411.79672,0,2.99999999999994,0.0299999999999997,5.99999999999996,2,1,65,0.5
904,12412.95972,12412.34472,12412.39022,12412.90722,12425.57272,0,2.99999999999994,0.0299999999999997,5.99999999999996,2,1,65,0.5
905,12426.47872,12425.99872,12426.02722,12426.47872,12439.23422,0,NaN,0,7.00000000000003,1,2,66,0.5
906,12440.50172,12439.73022,12439.75372,12440.44872,12444.37272,0,2.99999999999994,0.0299999999999997,5.99999999999996,2,1,65,0.5
907,12445.66222,12444.82122,12444.84872,12445.66222,12454.86622,0,NaN,0,7.00000000000003,1,2,66,0.5
908,12456.88722,12455.99572,12456.02372,12456.88722,12462.11722,0,NaN,0,7.00000000000003,1,2,66,0.5
909,12463.50272,12462.64622,12462.69672,12463.50272,12469.00522,0,NaN,0,7.00000000000003,1,2,66,0.5
910,12470.19522,12469.42522,12469.48472,12470.19522,12476.03072,0,NaN,0,7.00000000000003,1,2,66,0.5
911,12477.04722,12476.41122,12476.46672,12477.04472,12490.51322,0,2.99999999999994,0.0299999999999997,5.99999999999996,2,1,65,0.5
912,12491.75922,12490.98422,12491.01972,12491.70622,12495.13422,0,2.99999999999994,0.0299999999999997,5.99999999999996,2,1,65,0.5
913,12497.34872,12496.61772,12496.67622,12497.34872,12505.62622,0,NaN,0,7.00000000000003,1,2,66,0.5
914,12506.79372,12506.08222,12506.10372,12506.79372,12511.93022,0,NaN,0,7.00000000000003,1,2,66,0.5
915,12512.81772,12512.32822,12512.38272,12512.81772,12518.54622,0,NaN,0,7.00000000000003,1,2,66,0.5
916,12519.97472,12519.09172,12519.12022,12519.97472,12525.24122,0,NaN,0,7.00000000000003,1,2,66,0.5
917,12526.34722,12525.75922,12525.83472,12526.34722,12531.91472,0,NaN,0,7.00000000000003,1,2,66,0.5
918,12533.05672,12532.30822,12532.46272,12533.05672,12540.84372,0,NaN,0,7.00000000000003,1,2,66,0.5
919,12541.92522,12541.40272,12541.449221,12541.92522,12548.27472,0,NaN,0,7.00000000000003,1,2,66,0.5
920,12549.17022,12548.63222,12548.70522,12549.17022,12554.16072,0,NaN,0,7.00000000000003,1,2,66,0.5
921,12555.66722,12555.04372,12555.15422,12555.62822,12559.75772,1,2.99999999999994,0.0299999999999997,7.00000000000003,1,2,66,0.5
922,12560.65022,12560.11222,12560.26022,12560.59772,12570.91622,1,2.99999999999994,0.0299999999999997,7.00000000000003,1,2,66,0.5
923,12571.80922,12571.28472,12571.35722,12571.75672,12580.23422,1,2.99999999999994,0.0299999999999997,7.00000000000003,1,2,66,0.5
924,12581.85572,12581.14422,12581.41222,12581.80372,12588.44572,1,2.99999999999994,0.0299999999999997,7.00000000000003,1,2,66,0.5
925,12589.28072,12588.84772,12588.92472,12589.28072,12595.14072,1,NaN,0,5.99999999999996,2,1,65,0.5
926,12596.51022,12595.81022,12595.856221,12596.51022,12605.64722,0,NaN,0,7.00000000000003,1,2,66,0.5
927,12606.75822,12606.17972,12606.24872,12606.65722,12616.029221,0,NaN,0.00999999999999943,5.99999999999996,0,1,65,0.5
928,12616.92422,12616.401221,12616.449221,12616.87222,12622.59072,0,2.99999999999994,0.0299999999999997,5.99999999999996,2,1,65,0.5
929,12623.43872,12622.92972,12622.97772,12623.38622,12627.79772,0,2.99999999999994,0.0299999999999997,5.99999999999996,2,1,65,0.5
930,12628.75172,12628.25172,12628.28572,12628.75172,12642.04472,0,NaN,0,7.00000000000003,1,2,66,0.5
931,12643.03772,12642.36522,12642.41472,12643.03772,12649.40772,0,NaN,0,7.00000000000003,1,2,66,0.5
932,12650.40222,12649.91222,12649.94822,12650.34972,12655.677221,0,2.99999999999994,0.0299999999999997,5.99999999999996,2,1,65,0.5
933,12656.64522,12656.08222,12656.21822,12656.64522,12662.003221,0,NaN,0,7.00000000000003,1,2,66,0.5
934,12663.07972,12662.37722,12662.44172,12663.07972,12669.30772,0,NaN,0,7.00000000000003,0,2,66,0.5
935,12670.59772,12669.81072,12669.83672,12670.59772,12674.34622,0,NaN,0,7.00000000000003,1,2,66,0.5
936,12677.44672,12676.89522,12677.08572,12677.44672,12683.06572,0,NaN,0,7.00000000000003,0,2,66,0.5
937,12684.05272,12683.49022,12683.64222,12684.05272,12689.63372,1,NaN,0,5.99999999999996,2,1,65,0.5
938,12690.48372,12690.00822,12690.04572,12690.38222,12696.89172,1,NaN,0.00999999999999943,7.00000000000003,0,2,66,0.5
939,12698.08422,12697.25072,12697.31922,12698.08422,12703.91422,0,NaN,0,7.00000000000003,1,2,66,0.5
940,12705.58922,12704.57172,12704.99372,12705.53672,12709.47922,0,2.99999999999994,0.0299999999999997,5.99999999999996,2,1,65,0.5
941,12710.92872,12709.91422,12709.94522,12710.87572,12716.31772,0,2.99999999999994,0.0299999999999997,5.99999999999996,2,1,65,0.5
942,12717.37422,12716.75972,12716.80272,12717.32222,12721.65072,0,2.99999999999994,0.0299999999999997,5.99999999999996,2,1,65,0.5
943,12722.57622,12722.11572,12722.14572,12722.57622,12730.90422,0,NaN,0,7.00000000000003,1,2,66,0.5
944,12731.74472,12731.26072,12731.289221,12731.74472,12736.88172,0,NaN,0,7.00000000000003,1,2,66,0.5
945,12737.79472,12737.22372,12737.30622,12737.74222,12742.04622,0,2.99999999999994,0.0299999999999997,5.99999999999996,2,1,65,0.5
946,12742.92672,12742.49972,12742.54372,12742.92672,12749.17472,0,NaN,0,7.00000000000003,1,2,66,0.5
947,12750.03922,12749.57972,12749.60372,12749.98622,12754.31372,0,2.99999999999994,0.0299999999999997,5.99999999999996,2,1,65,0.5
948,12755.36922,12754.79822,12754.84422,12755.36922,12766.80222,0,NaN,0,7.00000000000003,0,2,66,0.5
949,12767.52072,12767.12472,12767.16222,12767.52072,12775.42372,0,NaN,0,7.00000000000003,1,2,66,0.5
950,12776.52222,12775.83822,12776.01372,12776.52222,12784.14122,0,NaN,0,7.00000000000003,1,2,66,0.5
951,12785.21072,12784.51122,12784.54672,12785.21072,12790.32372,0,NaN,0,7.00000000000003,1,2,66,0.5
952,12791.53222,12790.68372,12790.741221,12791.53222,12801.01772,0,NaN,0,7.00000000000003,1,2,66,0.5
953,12802.082221,12801.46472,12801.49972,12802.082221,12806.74972,0,NaN,0,7.00000000000003,1,2,66,0.5
954,12812.43972,12811.52572,12811.76222,12812.38672,12822.01072,1,2.99999999999994,0.0299999999999997,7.00000000000003,1,2,66,0.5
955,12822.97322,12822.45622,12822.48172,12822.92072,12832.71122,1,2.99999999999994,0.0299999999999997,7.00000000000003,1,2,66,0.5
956,12833.60472,12833.13022,12833.16472,12833.55272,12840.57922,1,2.99999999999994,0.0299999999999997,7.00000000000003,1,2,66,0.5
957,12841.51972,12841.02472,12841.09672,12841.51972,12853.96022,1,NaN,0,5.99999999999996,2,1,65,0.5
958,12854.83622,12854.38922,12854.43822,12854.83622,12861.13672,1,NaN,0,5.99999999999996,2,1,65,0.5
959,12862.68272,12861.68872,12861.98972,12862.68272,12869.82722,0,NaN,0,7.00000000000003,1,2,66,0.5
960,12872.033221,12871.36322,12871.50872,12872.033221,12877.70072,0,NaN,0,7.00000000000003,1,2,66,0.5
961,12878.49572,12878.06622,12878.09472,12878.49572,12884.26622,0,NaN,0,7.00000000000003,1,2,66,0.5
962,12885.24122,12884.62522,12884.71622,12885.24122,12891.41972,0,NaN,0,7.00000000000003,1,2,66,0.5
963,12892.29272,12891.77422,12891.83772,12892.24022,12896.06022,0,2.99999999999994,0.0299999999999997,5.99999999999996,2,1,65,0.5
964,12897.98772,12897.35872,12897.43972,12897.98772,12902.66772,0,NaN,0,7.00000000000003,1,2,66,0.5
965,12904.71972,12904.10622,12904.21372,12904.71972,12912.32572,0,NaN,0,7.00000000000003,1,2,66,0.5
966,12913.16522,12912.74922,12912.79822,12913.16522,12918.45772,1,NaN,0,5.99999999999996,0,1,65,0.5
967,12919.46372,12918.88822,12919.08472,12919.46372,12922.45122,0,NaN,0,7.00000000000003,1,2,66,0.5
968,12927.29672,12926.00022,12926.10672,12927.195221,12932.28472,0,NaN,0.00999999999999943,5.99999999999996,0,1,65,0.5
969,12934.88022,12933.77072,12934.25472,12934.88022,12940.28822,0,NaN,0,7.00000000000003,0,2,66,0.5
970,12941.20572,12940.69622,12940.79922,12941.15272,12945.65072,1,2.99999999999994,0.0299999999999997,7.00000000000003,1,2,66,0.5
971,12946.549221,12946.09772,12946.13922,12946.44772,13048.94172,1,NaN,0.00999999999999943,7.00000000000003,0,2,66,0.5
972,13049.99772,13049.34772,13049.42722,13049.99772,13054.37272,0,NaN,0,7.00000000000003,1,2,66,0.5
973,13056.949221,13055.98172,13056.16272,13056.949221,13067.00372,0,NaN,0,7.00000000000003,1,2,66,0.5
974,13074.58922,13073.81172,13074.03622,13074.58922,13084.665221,0,NaN,0,7.00000000000003,1,2,66,0.5
975,13086.39072,13085.753221,13085.88022,13086.39072,13094.80522,1,NaN,0,5.99999999999996,2,1,65,0.5
976,13095.95722,13095.37622,13095.46472,13095.95722,13096.45922,1,NaN,0,5.99999999999996,0,1,65,0.5
977,13352.58622,13351.18872,13351.35822,13352.53372,13355.52572,0,2.99999999999994,0.0299999999999997,5.99999999999996,2,1,65,0.5
978,13360.08172,13359.13572,13359.46922,13360.02922,13362.37322,1,2.99999999999994,0.0299999999999997,7.00000000000003,1,2,66,0.5
979,13363.93622,13363.28422,13363.43072,13363.93622,13370.965221,1,NaN,0,5.99999999999996,2,1,65,0.5
980,13372.87022,13371.91022,13372.26322,13372.87022,13379.25122,0,NaN,0,7.00000000000003,1,2,66,0.5
981,13380.36522,13379.79222,13379.81222,13380.26372,13386.00372,0,NaN,0.00999999999999943,5.99999999999996,0,1,65,0.5
982,13387.12672,13386.50272,13386.56622,13387.11172,13390.42422,0,2.99999999999994,0.0299999999999997,5.99999999999996,2,1,65,0.5
983,13392.11972,13391.29922,13391.41322,13392.06722,13402.14922,0,2.99999999999994,0.0299999999999997,5.99999999999996,2,1,65,0.5
984,13403.12722,13402.58572,13402.65822,13403.12722,13409.56272,0,NaN,0,7.00000000000003,1,2,66,0.5
985,13410.37322,13409.91872,13409.94272,13410.37322,13416.41172,0,NaN,0,7.00000000000003,1,2,66,0.5
986,13417.73222,13416.95022,13417.01372,13417.67972,13421.17922,0,2.99999999999994,0.0299999999999997,5.99999999999996,2,1,65,0.5
987,13422.11222,13421.61422,13421.64672,13422.05972,13430.30872,0,2.99999999999994,0.0299999999999997,5.99999999999996,2,1,65,0.5
988,13431.23472,13430.70972,13430.76522,13431.23472,13440.26972,0,NaN,0,7.00000000000003,1,2,66,0.5
989,13441.12272,13440.64872,13440.71072,13441.07072,13447.55772,1,2.99999999999994,0.0299999999999997,7.00000000000003,1,2,66,0.5
990,13448.72572,13448.10222,13448.17972,13448.70072,13455.11122,1,2.99999999999994,0.0299999999999997,7.00000000000003,1,2,66,0.5
991,13455.94172,13455.49372,13455.56022,13455.94172,13466.78772,1,NaN,0,5.99999999999996,2,1,65,0.5
992,13467.99472,13467.21722,13467.26172,13467.94272,13476.72272,0,2.99999999999994,0.0299999999999997,5.99999999999996,2,1,65,0.5
993,13478.18972,13477.58272,13477.66622,13478.13722,13483.27522,0,2.99999999999994,0.0299999999999997,5.99999999999996,2,1,65,0.5
994,13484.45672,13483.85572,13483.95222,13484.45672,13493.74372,0,NaN,0,7.00000000000003,1,2,66,0.5
995,13494.85472,13494.35522,13494.44872,13494.85472,13501.64372,0,NaN,0,7.00000000000003,1,2,66,0.5
996,13502.62522,13502.12022,13502.17972,13502.57272,13507.26422,0,2.99999999999994,0.0299999999999997,5.99999999999996,2,1,65,0.5
997,13508.23172,13507.67122,13507.69122,13508.17872,13514.47372,0,2.99999999999994,0.0299999999999997,5.99999999999996,2,1,65,0.5
998,13515.68222,13515.01272,13515.08722,13515.68222,13523.13272,0,NaN,0,7.00000000000003,1,2,66,0.5
999,13524.46872,13523.75472,13523.81222,13524.46872,13530.26272,0,NaN,0,7.00000000000003,1,2,66,0.5
1000,13531.15272,13530.62222,13530.75122,13531.15272,13534.99672,0,NaN,0,7.00000000000003,1,2,66,0.5
1001,13537.62072,13536.50572,13536.93272,13537.56722,13548.44222,1,2.99999999999994,0.0299999999999997,7.00000000000003,1,2,66,0.5
1002,13549.37172,13548.89622,13548.96172,13549.36972,13552.85972,1,2.99999999999994,0.0299999999999997,7.00000000000003,1,2,66,0.5
1003,13553.97672,13553.54072,13553.64972,13553.97672,13561.95572,1,NaN,0,5.99999999999996,2,1,65,0.5
1004,13562.92372,13562.44622,13562.51672,13562.92372,13568.68972,0,NaN,0,7.00000000000003,1,2,66,0.5
1005,13569.49472,13569.03172,13569.10222,13569.49472,13576.10272,0,NaN,0,7.00000000000003,1,2,66,0.5
1006,13577.14422,13576.44172,13576.53172,13577.14422,13585.89872,0,NaN,0,7.00000000000003,1,2,66,0.5
1007,13586.84572,13586.41922,13586.50372,13586.84572,13596.19922,1,NaN,0,5.99999999999996,2,1,65,0.5
1008,13596.97922,13596.53822,13596.61122,13596.97922,13603.84672,1,NaN,0,5.99999999999996,2,1,65,0.5
1009,13604.66022,13604.18422,13604.25172,13604.66022,13611.98272,0,NaN,0,7.00000000000003,1,2,66,0.5
1010,13613.09122,13612.40322,13612.615221,13613.09122,13623.13672,0,NaN,0,7.00000000000003,1,2,66,0.5
1011,13624.18872,13623.55822,13623.66472,13624.18872,13629.38122,1,NaN,0,5.99999999999996,2,1,65,0.5
1012,13630.57322,13629.78622,13629.961221,13630.52072,13634.95472,0,2.99999999999994,0.0299999999999997,5.99999999999996,2,1,65,0.5
1013,13636.27122,13635.73872,13635.79172,13636.218221,13639.56422,0,2.99999999999994,0.0299999999999997,5.99999999999996,2,1,65,0.5
1014,13640.66222,13640.07472,13640.11222,13640.66222,13645.85522,0,NaN,0,7.00000000000003,1,2,66,0.5
1015,13646.80722,13646.18022,13646.28572,13646.80722,13653.15672,0,NaN,0,7.00000000000003,1,2,66,0.5
1016,13653.95222,13653.513221,13653.57522,13653.95222,13659.76072,1,NaN,0,5.99999999999996,2,1,65,0.5
1017,13661.035221,13660.33772,13660.56372,13661.035221,13671.94872,0,NaN,0,7.00000000000003,1,2,66,0.5
1018,13672.85672,13672.29922,13672.39272,13672.80372,13676.81072,1,2.99999999999994,0.0299999999999997,7.00000000000003,1,2,66,0.5
1019,13677.82622,13677.38122,13677.45472,13677.82622,13678.48172,1,NaN,0,5.99999999999996,2,1,65,0.5
1020,13690.28022,13689.70572,13689.80322,13690.22772,13697.39472,1,2.99999999999994,0.0299999999999997,7.00000000000003,1,2,66,0.5
1021,13698.23422,13697.77772,13697.83022,13698.18122,13704.43272,1,2.99999999999994,0.0299999999999997,7.00000000000003,1,2,66,0.5
1022,13705.402722,13704.84972,13705.00872,13705.40072,13706.54072,1,2.99999999999994,0.0299999999999997,7.00000000000003,1,2,66,0.5
1023,13707.52472,13707.11872,13707.15622,13707.52472,13713.59172,1,NaN,0,5.99999999999996,2,1,65,0.5
1024,13714.69972,13714.07772,13714.19522,13714.63772,13720.63172,0,NaN,0.00999999999999943,5.99999999999996,0,1,65,0.5
1025,13721.69122,13721.05022,13721.17472,13721.69122,13726.57222,0,NaN,0,7.00000000000003,1,2,66,0.5
1026,13727.68322,13727.05222,13727.17922,13727.68322,13737.81722,0,NaN,0,7.00000000000003,1,2,66,0.5
1027,13738.89122,13738.18572,13738.30922,13738.83822,13742.19272,0,2.99999999999994,0.0299999999999997,5.99999999999996,2,1,65,0.5
1028,13743.25672,13742.62072,13742.74472,13743.25422,13747.72922,0,2.99999999999994,0.0299999999999997,5.99999999999996,2,1,65,0.5
1029,13748.85572,13748.29322,13748.38172,13748.85572,13754.55922,0,NaN,0,7.00000000000003,1,2,66,0.5
1030,13755.660721,13754.99772,13755.07522,13755.660721,13761.98722,0,NaN,0,7.00000000000003,1,2,66,0.5
1031,13763.33972,13762.41322,13762.54222,13763.33872,13769.75322,0,NaN,0.00999999999999943,5.99999999999996,0,1,65,0.5
1032,13770.95972,13770.35722,13770.49172,13770.95972,13777.18072,0,NaN,0,7.00000000000003,1,2,66,0.5
1033,13778.09622,13777.68122,13777.70722,13778.04322,13786.68772,1,2.99999999999994,0.0299999999999997,7.00000000000003,1,2,66,0.5
1034,13787.50172,13787.113221,13787.15072,13787.50172,13792.94922,1,NaN,0,5.99999999999996,0,1,65,0.5
1035,13793.91872,13793.42422,13793.45472,13793.86672,13797.68572,0,2.99999999999994,0.0299999999999997,5.99999999999996,2,1,65,0.5
1036,13798.72072,13798.23222,13798.29022,13798.66722,13802.36422,0,2.99999999999994,0.0299999999999997,5.99999999999996,2,1,65,0.5
1037,13803.43972,13802.90022,13803.02572,13803.43972,13809.05072,0,NaN,0,7.00000000000003,1,2,66,0.5
1038,13809.98472,13809.41622,13809.57172,13809.98472,13822.43122,0,NaN,0,7.00000000000003,1,2,66,0.5
1039,13823.263221,13822.79922,13822.90522,13823.263221,13829.93272,1,NaN,0,5.99999999999996,2,1,65,0.5
1040,13830.85972,13830.32322,13830.38972,13830.807221,13834.26572,0,2.99999999999994,0.0299999999999997,5.99999999999996,2,1,65,0.5
1041,13835.18322,13834.72422,13834.80372,13835.18322,13841.77322,0,NaN,0,7.00000000000003,1,2,66,0.5
1042,13842.659221,13842.15772,13842.21272,13842.659221,13845.99172,0,NaN,0,7.00000000000003,1,2,66,0.5
1043,13850.45422,13850.021721,13850.06922,13850.45422,13868.36972,0,NaN,0,7.00000000000003,1,2,66,0.5
1044,13869.22322,13868.74422,13868.77122,13869.17022,13873.59722,1,2.99999999999994,0.0299999999999997,7.00000000000003,1,2,66,0.5
1045,13874.39122,13873.921221,13873.96922,13874.33872,13879.77822,1,2.99999999999994,0.0299999999999997,7.00000000000003,1,2,66,0.5
1046,13880.78422,13880.25922,13880.38122,13880.73122,13889.71322,1,2.99999999999994,0.0299999999999997,7.00000000000003,1,2,66,0.5
1047,13890.67322,13890.12572,13890.23022,13890.62022,13898.95822,1,2.99999999999994,0.0299999999999997,7.00000000000003,1,2,66,0.5
1048,13899.76822,13899.37222,13899.41972,13899.76822,13905.18522,1,NaN,0,5.99999999999996,2,1,65,0.5
1049,13906.051221,13905.57272,13905.60272,13906.051221,13913.17172,0,NaN,0,7.00000000000003,1,2,66,0.5
1050,13914.10072,13913.55622,13913.65172,13914.10072,13928.987221,0,NaN,0,7.00000000000003,1,2,66,0.5
1051,13929.71622,13929.34322,13929.40022,13929.71622,13935.63122,1,NaN,0,5.99999999999996,2,1,65,0.5
1052,13936.68772,13936.08622,13936.23422,13936.68772,13953.75872,0,NaN,0,7.00000000000003,1,2,66,0.5
1053,13955.024221,13954.38272,13954.47372,13955.02222,13963.21922,1,2.99999999999994,0.0299999999999997,7.00000000000003,1,2,66,0.5
1054,13964.07972,13963.599221,13963.64922,13964.02672,13969.66572,1,2.99999999999994,0.0299999999999997,7.00000000000003,1,2,66,0.5
1055,13970.62222,13970.11672,13970.14222,13970.62222,13978.45672,1,NaN,0,5.99999999999996,2,1,65,0.5
1056,13979.34272,13978.77472,13978.81572,13979.34272,13986.45772,0,NaN,0,7.00000000000003,1,2,66,0.5
1057,13988.75672,13988.05372,13988.15472,13988.70372,13997.33722,1,2.99999999999994,0.0299999999999997,7.00000000000003,1,2,66,0.5
1058,13998.17522,13997.69322,13997.75622,13998.17522,14006.32472,1,NaN,0,5.99999999999996,2,1,65,0.5
1059,14007.74472,14006.95872,14007.09972,14007.69222,14010.847221,0,2.99999999999994,0.0299999999999997,5.99999999999996,2,1,65,0.5
1060,14011.88322,14011.36622,14011.42822,14011.83072,14015.36772,0,2.99999999999994,0.0299999999999997,5.99999999999996,2,1,65,0.5
1061,14016.36572,14015.88272,14015.93872,14016.36572,14022.22522,0,NaN,0,7.00000000000003,1,2,66,0.5
1062,14023.19572,14022.59772,14022.68322,14023.14272,14027.85722,0,2.99999999999994,0.0299999999999997,5.99999999999996,2,1,65,0.5
1063,14028.88872,14028.38372,14028.44772,14028.88872,14034.82572,0,NaN,0,7.00000000000003,1,2,66,0.5
1064,14035.71972,14035.22272,14035.26322,14035.71972,14046.96922,0,NaN,0,7.00000000000003,1,2,66,0.5
1065,14047.73072,14047.26872,14047.31472,14047.72772,14050.443221,1,2.99999999999994,0.0299999999999997,7.00000000000003,1,2,66,0.5
1066,14052.02472,14051.453221,14051.57822,14051.97172,14061.09372,1,2.99999999999994,0.0299999999999997,7.00000000000003,1,2,66,0.5
1067,14062.00372,14061.48672,14061.58072,14061.95122,14068.239221,1,2.99999999999994,0.0299999999999997,7.00000000000003,1,2,66,0.5
1068,14069.02522,14068.61372,14068.66922,14069.02522,14075.08272,1,NaN,0,5.99999999999996,2,1,65,0.5
1069,14076.45172,14075.70772,14075.813221,14076.39922,14085.12622,1,2.99999999999994,0.0299999999999997,7.00000000000003,1,2,66,0.5
1070,14086.08472,14085.647221,14085.711221,14086.03172,14092.57122,1,2.99999999999994,0.0299999999999997,7.00000000000003,1,2,66,0.5
1071,14093.53072,14093.04672,14093.14672,14093.53072,14098.97822,1,NaN,0,5.99999999999996,2,1,65,0.5
1072,14099.76472,14099.27022,14099.32422,14099.71172,14107.237221,0,2.99999999999994,0.0299999999999997,5.99999999999996,2,1,65,0.5
1073,14108.14972,14107.69272,14107.73572,14108.14972,14113.81622,0,NaN,0,7.00000000000003,1,2,66,0.5
1074,14114.81372,14114.14872,14114.27572,14114.81372,14120.76672,0,NaN,0,7.00000000000003,0,2,66,0.5
1075,14121.49622,14121.09172,14121.12722,14121.49622,14129.52872,1,NaN,0,5.99999999999996,2,1,65,0.5
1076,14130.37822,14129.95922,14130.02722,14130.37822,14346.17322,0,NaN,0,7.00000000000003,0,2,66,0.5
1077,14347.49022,14346.77072,14346.82372,14347.49022,14363.90722,0,NaN,0,7.00000000000003,1,2,66,0.5
1078,14365.38372,14364.62422,14364.67672,14365.33072,14371.75022,0,2.99999999999994,0.0299999999999997,5.99999999999996,2,1,65,0.5
1079,14372.69722,14372.14722,14372.18122,14372.69472,14378.52972,0,2.99999999999994,0.0299999999999997,5.99999999999996,2,1,65,0.5
1080,14380.53022,14380.03322,14380.10322,14380.477221,14388.64722,0,2.99999999999994,0.0299999999999997,5.99999999999996,2,1,65,0.5
1081,14389.53822,14389.05572,14389.18072,14389.53822,14396.69022,0,NaN,0,7.00000000000003,1,2,66,0.5
1082,14397.76922,14397.20872,14397.32922,14397.71672,14400.31322,1,2.99999999999994,0.0299999999999997,7.00000000000003,1,2,66,0.5
1083,14401.79322,14401.38972,14401.46422,14401.79322,14407.98022,1,NaN,0,5.99999999999996,2,1,65,0.5
1084,14408.95422,14408.38422,14408.44672,14408.85272,14449.23872,1,NaN,0.00999999999999943,7.00000000000003,0,2,66,0.5
1085,14450.32922,14449.64822,14449.71022,14450.27672,14455.29672,1,2.99999999999994,0.0299999999999997,7.00000000000003,1,2,66,0.5
1086,14456.33072,14455.81672,14455.87622,14456.27722,14464.52722,1,2.99999999999994,0.0299999999999997,7.00000000000003,1,2,66,0.5
1087,14465.46122,14465.02222,14465.05422,14465.40872,14471.21472,1,2.99999999999994,0.0299999999999997,7.00000000000003,1,2,66,0.5
1088,14472.09772,14471.65022,14471.69022,14472.09772,14479.12522,1,NaN,0,5.99999999999996,2,1,65,0.5
1089,14480.36372,14479.78172,14479.94222,14480.36372,14620.96172,0,NaN,0,7.00000000000003,0,2,66,0.5
1090,14622.85572,14621.82222,14621.937221,14622.80222,14627.47072,0,2.99999999999994,0.0299999999999997,5.99999999999996,2,1,65,0.5
1091,14628.74822,14628.20272,14628.26822,14628.74822,14645.65722,0,NaN,0,7.00000000000003,1,2,66,0.5
1092,14654.21572,14653.68622,14653.73972,14654.16222,14656.95772,1,2.99999999999994,0.0299999999999997,7.00000000000003,1,2,66,0.5
1093,14657.99322,14657.39422,14657.47672,14657.89172,14670.46372,1,NaN,0.00999999999999943,7.00000000000003,0,2,66,0.5
1094,14671.38322,14670.88122,14670.94372,14671.33022,14674.48722,1,2.99999999999994,0.0299999999999997,7.00000000000003,1,2,66,0.5
1095,14675.345221,14674.85322,14674.98272,14675.29222,14680.74272,1,2.99999999999994,0.0299999999999997,7.00000000000003,1,2,66,0.5
1096,14681.847221,14681.37672,14681.41222,14681.79372,14686.75072,1,2.99999999999994,0.0299999999999997,7.00000000000003,1,2,66,0.5
1097,14687.46222,14687.08322,14687.13622,14687.46222,14696.94222,1,NaN,0,5.99999999999996,2,1,65,0.5
1098,14698.001221,14697.42822,14697.55522,14698.001221,14707.40022,0,NaN,0,7.00000000000003,1,2,66,0.5
1099,14708.59522,14707.78122,14707.94072,14708.59522,14718.10422,0,NaN,0,7.00000000000003,1,2,66,0.5
1100,14718.97222,14718.51222,14718.58072,14718.91972,14726.14122,1,2.99999999999994,0.0299999999999997,7.00000000000003,1,2,66,0.5
1101,14726.91922,14726.47022,14726.51022,14726.86622,14732.94872,1,2.99999999999994,0.0299999999999997,7.00000000000003,1,2,66,0.5
1102,14733.67922,14733.28822,14733.31022,14733.67922,14739.51472,1,NaN,0,5.99999999999996,2,1,65,0.5
1103,14740.54972,14739.92672,14740.01222,14740.51172,14743.59122,0,2.99999999999994,0.0299999999999997,5.99999999999996,2,1,65,0.5
1104,14744.66072,14744.06822,14744.15122,14744.60772,14748.67422,0,2.99999999999994,0.0299999999999997,5.99999999999996,2,1,65,0.5
1105,14749.71422,14749.18122,14749.30772,14749.71422,14756.04972,0,NaN,0,7.00000000000003,1,2,66,0.5
1106,14756.91622,14756.39272,14756.44022,14756.86322,14760.45422,0,2.99999999999994,0.0299999999999997,5.99999999999996,2,1,65,0.5
1107,14761.49122,14760.91822,14761.00872,14761.43872,14764.86172,0,2.99999999999994,0.0299999999999997,5.99999999999996,2,1,65,0.5
1108,14765.83922,14765.33122,14765.38972,14765.78622,14770.62122,0,2.99999999999994,0.0299999999999997,5.99999999999996,2,1,65,0.5
1109,14771.67422,14771.10372,14771.15572,14771.67422,14778.12822,0,NaN,0,7.00000000000003,1,2,66,0.5
1110,14779.08572,14778.62272,14778.69822,14779.08572,14784.93722,0,NaN,0,7.00000000000003,1,2,66,0.5
1111,14785.97322,14785.58722,14785.61322,14785.92022,14793.09472,1,2.99999999999994,0.0299999999999997,7.00000000000003,1,2,66,0.5
1112,14794.23072,14793.52422,14793.68522,14794.17822,14797.36172,1,2.99999999999994,0.0299999999999997,7.00000000000003,1,2,66,0.5
1113,14798.757221,14798.27922,14798.34922,14798.70472,14813.47422,1,2.99999999999994,0.0299999999999997,7.00000000000003,1,2,66,0.5
1114,14814.685221,14814.07172,14814.19572,14814.58372,14820.40022,1,NaN,0.00999999999999943,7.00000000000003,0,2,66,0.5
1115,14821.25622,14820.74272,14820.76822,14821.20322,14824.16772,0,2.99999999999994,0.0299999999999997,5.99999999999996,2,1,65,0.5
1116,14825.21622,14824.63872,14824.67972,14825.16422,14829.20972,0,2.99999999999994,0.0299999999999997,5.99999999999996,2,1,65,0.5
1117,14830.33272,14829.70922,14829.741221,14830.28122,14834.18672,0,2.99999999999994,0.0299999999999997,5.99999999999996,2,1,65,0.5
1118,14835.29222,14834.78522,14834.81622,14835.29222,14840.47472,0,NaN,0,7.00000000000003,1,2,66,0.5
1119,14841.55172,14840.93972,14841.02022,14841.49872,14846.25672,0,2.99999999999994,0.0299999999999997,5.99999999999996,2,1,65,0.5
1120,14847.49522,14846.89372,14846.92872,14847.49522,14853.22572,0,NaN,0,7.00000000000003,1,2,66,0.5
1121,14854.13022,14853.59422,14853.64122,14854.07772,14861.46022,0,2.99999999999994,0.0299999999999997,5.99999999999996,2,1,65,0.5
1122,14862.84772,14862.21222,14862.31422,14862.84772,14870.22472,0,NaN,0,7.00000000000003,1,2,66,0.5
1123,14871.07072,14870.57272,14870.60772,14871.01772,14874.07172,0,2.99999999999994,0.0299999999999997,5.99999999999996,2,1,65,0.5
1124,14874.99522,14874.50322,14874.53072,14874.97372,14880.52672,0,2.99999999999994,0.0299999999999997,5.99999999999996,2,1,65,0.5
1125,14881.73622,14881.219221,14881.27122,14881.73622,14887.78222,0,NaN,0,7.00000000000003,1,2,66,0.5
1126,14889.08022,14888.56322,14888.61772,14889.02772,14892.73722,0,2.99999999999994,0.0299999999999997,5.99999999999996,2,1,65,0.5
1127,14893.61772,14893.18522,14893.21572,14893.61772,14901.42372,0,NaN,0,7.00000000000003,1,2,66,0.5
1128,14902.81722,14901.84822,14901.92472,14902.71622,14909.67822,0,NaN,0.00999999999999943,5.99999999999996,0,1,65,0.5
1129,14910.73772,14910.09822,14910.16022,14910.73772,14921.35872,0,NaN,0,7.00000000000003,1,2,66,0.5
1130,14922.26772,14921.79922,14921.83022,14922.21472,14925.48222,1,2.99999999999994,0.0299999999999997,7.00000000000003,1,2,66,0.5
1131,14926.36722,14925.86822,14925.91122,14926.31472,14939.74122,1,2.99999999999994,0.0299999999999997,7.00000000000003,1,2,66,0.5
1132,14940.52622,14940.13522,14940.18472,14940.52622,14946.67472,1,NaN,0,5.99999999999996,0,1,65,0.5
1133,14947.81522,14947.03922,14947.11972,14947.81522,14958.37572,0,NaN,0,7.00000000000003,1,2,66,0.5
1134,14959.26572,14958.85472,14958.93772,14959.26572,14975.12772,1,NaN,0,5.99999999999996,0,1,65,0.5
1135,14976.11072,14975.65572,14975.71422,14976.05822,14981.14572,1,2.99999999999994,0.0299999999999997,7.00000000000003,1,2,66,0.5
1136,14981.92572,14981.51472,14981.54172,14981.92572,14987.98472,1,NaN,0,5.99999999999996,2,1,65,0.5
1137,14993.98722,14993.45322,14993.55472,14993.98722,15001.061221,1,NaN,0,5.99999999999996,0,1,65,0.5
1138,15002.045221,15001.46972,15001.60622,15001.99222,15004.62772,1,2.99999999999994,0.0299999999999997,7.00000000000003,1,2,66,0.5
1139,15005.91522,15005.46622,15005.513221,15005.91522,15010.84722,1,NaN,0,5.99999999999996,2,1,65,0.5
1140,15012.42472,15011.94272,15012.03672,15012.42472,15018.06822,1,NaN,0,5.99999999999996,0,1,65,0.5
1141,15019.19272,15018.56972,15018.67322,15019.17972,15022.75772,0,2.99999999999994,0.0299999999999997,5.99999999999996,2,1,65,0.5
1142,15023.84722,15023.16872,15023.32472,15023.79422,15029.44222,0,2.99999999999994,0.0299999999999997,5.99999999999996,2,1,65,0.5
1143,15030.84722,15029.94972,15030.11322,15030.74572,15037.81322,0,NaN,0.00999999999999943,5.99999999999996,0,1,65,0.5
1144,15038.58172,15038.15322,15038.22772,15038.58172,15049.62622,1,NaN,0,5.99999999999996,2,1,65,0.5
1145,15059.41272,15058.72322,15058.83722,15059.35972,15063.13872,1,2.99999999999994,0.0299999999999997,7.00000000000003,1,2,66,0.5
1146,15066.19422,15065.57072,15065.70322,15066.19422,15069.06622,1,NaN,0,5.99999999999996,2,1,65,0.5
1147,15072.93372,15072.28172,15072.38672,15072.93372,15080.17322,0,NaN,0,7.00000000000003,1,2,66,0.5
1148,15081.66772,15081.10622,15081.215221,15081.56622,15083.29522,1,NaN,0.00999999999999943,7.00000000000003,0,2,66,0.5
1149,15092.24622,15091.66572,15091.78272,15092.19372,15095.97972,1,2.99999999999994,0.0299999999999997,7.00000000000003,1,2,66,0.5
1150,15096.78822,15096.33422,15096.37372,15096.78822,15100.39972,1,NaN,0,5.99999999999996,2,1,65,0.5
1151,15106.28522,15105.74322,15105.86622,15106.23272,15110.03772,1,2.99999999999994,0.0299999999999997,7.00000000000003,1,2,66,0.5
1152,15110.83622,15110.47672,15110.53072,15110.83622,15117.77722,1,NaN,0,5.99999999999996,2,1,65,0.5
1153,15118.79622,15118.16822,15118.30422,15118.79622,15121.19222,0,NaN,0,7.00000000000003,1,2,66,0.5
1154,15128.190721,15127.73672,15127.81722,15128.190721,15128.41172,1,NaN,0,5.99999999999996,2,1,65,0.5
1155,15135.91072,15135.191221,15135.36222,15135.85772,15141.25422,0,2.99999999999994,0.0299999999999997,5.99999999999996,2,1,65,0.5
1156,15142.36972,15141.77322,15141.82872,15142.36972,15147.00122,0,NaN,0,7.00000000000003,1,2,66,0.5
1157,15150.49772,15148.69272,15148.77472,15150.44572,15153.57922,1,2.99999999999994,0.0299999999999997,7.00000000000003,1,2,66,0.5
1158,15271.821221,15270.78672,15270.95372,15271.71972,15284.72072,1,NaN,0.00999999999999943,7.00000000000003,0,2,66,0.5
1159,15286.55672,15285.80672,15286.06822,15286.50372,15289.15372,1,2.99999999999994,0.0299999999999997,7.00000000000003,1,2,66,0.5
1160,15290.40722,15290.03372,15290.06322,15290.40722,15298.37122,1,NaN,0,5.99999999999996,0,1,65,0.5
1161,15300.82022,15300.37272,15300.41172,15300.76772,15312.28072,1,2.99999999999994,0.0299999999999997,7.00000000000003,1,2,66,0.5
1162,15313.317721,15312.84322,15312.89022,15313.317721,15319.19622,1,NaN,0,5.99999999999996,2,1,65,0.5
1163,15320.09922,15319.61172,15319.64722,15319.99822,15328.62922,0,NaN,0.00999999999999943,5.99999999999996,0,1,65,0.5
1164,15329.36872,15329.00322,15329.03422,15329.36872,15339.17572,1,NaN,0,5.99999999999996,2,1,65,0.5
1165,15340.34922,15339.74322,15339.789221,15340.29672,15343.84772,1,2.99999999999994,0.0299999999999997,7.00000000000003,1,2,66,0.5
1166,15347.58072,15347.14222,15347.22422,15347.58072,15353.34022,1,NaN,0,5.99999999999996,2,1,65,0.5
1167,15354.13522,15353.65922,15353.71872,15354.08272,15358.85222,1,2.99999999999994,0.0299999999999997,7.00000000000003,1,2,66,0.5
1168,15359.56022,15359.20722,15359.23972,15359.56022,15369.36372,1,NaN,0,5.99999999999996,2,1,65,0.5
1169,15370.23872,15369.71922,15369.87872,15370.18572,15372.76222,0,2.99999999999994,0.0299999999999997,5.99999999999996,2,1,65,0.5
1170,15373.86022,15373.23672,15373.35022,15373.81722,15377.46572,0,2.99999999999994,0.0299999999999997,5.99999999999996,2,1,65,0.5
1171,15378.60922,15377.92622,15378.093221,15378.55672,15382.89122,0,2.99999999999994,0.0299999999999997,5.99999999999996,2,1,65,0.5
1172,15384.12772,15383.45222,15383.62422,15384.12772,15390.74072,0,NaN,0,7.00000000000003,1,2,66,0.5
1173,15391.71572,15391.13872,15391.25072,15391.66322,15395.74872,0,2.99999999999994,0.0299999999999997,5.99999999999996,2,1,65,0.5
1174,15396.87772,15396.25822,15396.41822,15396.87772,15403.56222,0,NaN,0,7.00000000000003,1,2,66,0.5
1175,15404.33772,15403.92922,15403.95922,15404.33772,15409.54522,1,NaN,0,5.99999999999996,2,1,65,0.5
1176,15415.77422,15415.22222,15415.30922,15415.72222,15419.48522,1,2.99999999999994,0.0299999999999997,7.00000000000003,1,2,66,0.5
1177,15421.88272,15421.40422,15421.48172,15421.88272,15430.34572,1,NaN,0,5.99999999999996,2,1,65,0.5
1178,15431.29722,15430.81772,15430.89972,15431.29722,15439.78722,0,NaN,0,7.00000000000003,1,2,66,0.5
1179,15440.67272,15440.15372,15440.22272,15440.67272,15448.84072,0,NaN,0,7.00000000000003,1,2,66,0.5
1180,15450.41722,15449.88872,15450.059221,15450.41722,15458.24972,1,NaN,0,5.99999999999996,0,1,65,0.5
1181,15459.43172,15458.699221,15458.86622,15459.33022,15467.11372,0,NaN,0.00999999999999943,5.99999999999996,0,1,65,0.5
1182,15468.39772,15467.79072,15467.81122,15468.39772,15469.391221,0,NaN,0,7.00000000000003,1,2,66,0.5
1183,15485.40322,15484.80522,15484.92872,15485.40322,15487.44272,1,NaN,0,5.99999999999996,0,1,65,0.5
1184,15495.63772,15495.01422,15495.145221,15495.59922,15501.34422,1,2.99999999999994,0.0299999999999997,7.00000000000003,1,2,66,0.5
1185,15504.76972,15504.38572,15504.44972,15504.76972,15541.99072,1,NaN,0,5.99999999999996,2,1,65,0.5
1186,15545.35572,15544.78422,15544.88622,15545.35572,15549.58472,1,NaN,0,5.99999999999996,2,1,65,0.5
1187,15559.27972,15558.73672,15558.87872,15559.27972,15561.41572,1,NaN,0,5.99999999999996,0,1,65,0.5
1188,15569.811221,15568.88322,15569.27222,15569.811221,15570.03622,1,NaN,0,5.99999999999996,2,1,65,0.5
1189,15608.10822,15607.13472,15607.43772,15608.10822,15666.08572,1,NaN,0,5.99999999999996,2,1,65,0.5
1190,15686.65572,15685.41672,15685.95622,15686.60322,15689.05022,1,2.99999999999994,0.0299999999999997,7.00000000000003,1,2,66,0.5
1191,15690.45372,15689.72072,15689.95172,15690.45372,15696.02622,1,NaN,0,5.99999999999996,0,1,65,0.5
1192,15717.10772,15716.11422,15716.347221,15717.10772,15717.78222,0,NaN,0,7.00000000000003,1,2,66,0.5
1193,15727.29372,15726.62622,15726.72572,15727.29372,15727.53072,1,NaN,0,5.99999999999996,2,1,65,0.5
1194,15748.63922,15747.88572,15748.16272,15748.63922,15760.79672,1,NaN,0,5.99999999999996,0,1,65,0.5
1195,15763.95672,15763.30022,15763.37422,15763.95672,15780.00072,1,NaN,0,5.99999999999996,0,1,65,0.5
1196,15784.29222,15783.48022,15783.64622,15784.24022,15786.49272,1,2.99999999999994,0.0299999999999997,7.00000000000003,1,2,66,0.5
1197,15787.806721,15787.28372,15787.385221,15787.75472,15790.69272,1,2.99999999999994,0.0299999999999997,7.00000000000003,1,2,66,0.5
1198,15792.375221,15791.79022,15792.02222,15792.375221,15818.21172,1,NaN,0,5.99999999999996,2,1,65,0.5
1199,15819.31222,15818.77622,15818.84072,15819.31222,15875.49072,1,NaN,0,5.99999999999996,0,1,65,0.5
1200,15894.09572,15893.25772,15893.33972,15893.99372,16195.90422,0,NaN,0.00999999999999943,5.99999999999996,0,1,65,0.5
1201,16197.33972,16196.54522,16196.61472,16197.28722,16203.63972,0,2.99999999999994,0.0299999999999997,5.99999999999996,2,1,65,0.5
1202,16204.91072,16204.24972,16204.29722,16204.91072,16213.96622,0,NaN,0,7.00000000000003,1,2,66,0.5
1203,16214.95622,16214.42822,16214.46122,16214.90372,16219.239221,1,2.99999999999994,0.0299999999999997,7.00000000000003,1,2,66,0.5
1204,16220.19422,16219.74022,16219.815221,16220.14072,16223.883221,1,2.99999999999994,0.0299999999999997,7.00000000000003,1,2,66,0.5
1205,16224.88872,16224.51122,16224.57122,16224.88872,16230.00222,1,NaN,0,5.99999999999996,2,1,65,0.5
1206,16230.90122,16230.51522,16230.61322,16230.90122,16237.60622,0,NaN,0,7.00000000000003,1,2,66,0.5
1207,16238.60772,16238.07922,16238.123221,16238.555221,16242.48672,0,2.99999999999994,0.0299999999999997,5.99999999999996,2,1,65,0.5
1208,16243.48072,16242.92272,16242.96322,16243.42772,16247.17722,0,2.99999999999994,0.0299999999999997,5.99999999999996,2,1,65,0.5
1209,16248.40322,16247.76922,16247.90022,16248.40322,16254.31422,0,NaN,0,7.00000000000003,1,2,66,0.5
1210,16255.34522,16254.76272,16254.90522,16255.34522,16260.95372,0,NaN,0,7.00000000000003,1,2,66,0.5
1211,16265.74172,16265.14622,16265.25322,16265.73972,16273.59022,1,2.99999999999994,0.0299999999999997,7.00000000000003,1,2,66,0.5
1212,16274.51572,16274.01372,16274.09172,16274.51572,16279.74872,1,NaN,0,5.99999999999996,2,1,65,0.5
1213,16280.69622,16280.20072,16280.26322,16280.69622,16286.99522,0,NaN,0,7.00000000000003,1,2,66,0.5
1214,16287.99222,16287.36922,16287.49922,16287.94422,16291.01172,0,2.99999999999994,0.0299999999999997,5.99999999999996,2,1,65,0.5
1215,16292.11722,16291.54022,16291.61622,16292.11722,16298.23322,0,NaN,0,7.00000000000003,1,2,66,0.5
1216,16299.33672,16298.63422,16298.79072,16299.28422,16302.69922,0,2.99999999999994,0.0299999999999997,5.99999999999996,2,1,65,0.5
1217,16303.65122,16303.15122,16303.19522,16303.65122,16310.73222,0,NaN,0,7.00000000000003,1,2,66,0.5
1218,16311.80922,16311.37322,16311.39422,16311.80922,16312.60672,0,NaN,0,7.00000000000003,1,2,66,0.5
1219,16318.07622,16317.17322,16317.59372,16318.02272,16322.12222,1,2.99999999999994,0.0299999999999997,7.00000000000003,1,2,66,0.5
1220,16323.01872,16322.60672,16322.64122,16322.96672,16330.70422,1,2.99999999999994,0.0299999999999997,7.00000000000003,1,2,66,0.5
1221,16331.50472,16331.03272,16331.07122,16331.45222,16334.81572,1,2.99999999999994,0.0299999999999997,7.00000000000003,1,2,66,0.5
1222,16335.94722,16335.47572,16335.57422,16335.89472,16340.21122,1,2.99999999999994,0.0299999999999997,7.00000000000003,1,2,66,0.5
1223,16340.97922,16340.55622,16340.62972,16340.97922,16346.20022,1,NaN,0,5.99999999999996,2,1,65,0.5
1224,16347.15122,16346.62672,16346.73122,16347.15122,16356.64122,0,NaN,0,7.00000000000003,0,2,66,0.5
1225,16357.46422,16357.02222,16357.09172,16357.46422,16359.887221,1,NaN,0,5.99999999999996,0,1,65,0.5
1226,16368.73872,16368.199221,16368.25922,16368.68622,16371.57922,0,2.99999999999994,0.0299999999999997,5.99999999999996,2,1,65,0.5
1227,16372.62672,16372.04372,16372.15622,16372.62672,16378.113221,0,NaN,0,7.00000000000003,1,2,66,0.5
1228,16379.21572,16378.59272,16378.74972,16379.13222,16393.39172,1,NaN,0.00999999999999943,7.00000000000003,0,2,66,0.5
1229,16394.40372,16393.98272,16394.035221,16394.40372,16401.02422,1,NaN,0,5.99999999999996,0,1,65,0.5
1230,16401.87072,16401.40672,16401.50072,16401.81822,16404.38622,1,2.99999999999994,0.0299999999999997,7.00000000000003,1,2,66,0.5
1231,16405.98272,16405.55972,16405.60122,16405.92972,16411.27822,1,2.99999999999994,0.0299999999999997,7.00000000000003,1,2,66,0.5
1232,16412.05972,16411.61022,16411.65222,16412.00672,16415.16872,1,2.99999999999994,0.0299999999999997,7.00000000000003,1,2,66,0.5
1233,16416.67472,16416.22872,16416.32972,16416.67472,16422.98422,1,NaN,0,5.99999999999996,0,1,65,0.5
1234,16423.83372,16423.36622,16423.45172,16423.83372,16424.15672,1,NaN,0,5.99999999999996,2,1,65,0.5
1235,16440.36772,16439.85022,16439.92472,16440.36772,16446.85872,1,NaN,0,5.99999999999996,2,1,65,0.5
1236,16447.90572,16447.28322,16447.377221,16447.85972,16473.54622,0,NaN,0.00999999999999943,5.99999999999996,0,1,65,0.5
1237,16475.27022,16474.49572,16474.55772,16475.27022,16480.89822,0,NaN,0,7.00000000000003,1,2,66,0.5
1238,16482.10572,16481.33222,16481.37822,16482.05272,16485.53872,0,2.99999999999994,0.0299999999999997,5.99999999999996,2,1,65,0.5
1239,16486.62122,16486.01722,16486.11972,16486.62122,16493.03472,0,NaN,0,7.00000000000003,1,2,66,0.5
1240,16494.35272,16493.46372,16493.59672,16494.30022,16498.29222,0,2.99999999999994,0.0299999999999997,5.99999999999996,2,1,65,0.5
1241,16499.38322,16498.80072,16498.85422,16499.33022,16503.29972,0,2.99999999999994,0.0299999999999997,5.99999999999996,2,1,65,0.5
1242,16504.50772,16503.75522,16503.81822,16504.45472,16509.16622,0,2.99999999999994,0.0299999999999997,5.99999999999996,2,1,65,0.5
1243,16510.12172,16509.67272,16509.69622,16510.12172,16515.47722,0,NaN,0,7.00000000000003,1,2,66,0.5
1244,16518.08572,16517.45122,16517.57422,16518.08322,16520.74672,1,2.99999999999994,0.0299999999999997,7.00000000000003,1,2,66,0.5
1245,16521.93522,16521.36022,16521.54122,16521.93522,16527.28072,1,NaN,0,5.99999999999996,2,1,65,0.5
1246,16528.41872,16527.99822,16528.02072,16528.41872,16537.46772,0,NaN,0,7.00000000000003,1,2,66,0.5
1247,16538.35022,16537.88372,16537.97772,16538.29722,16540.92672,1,2.99999999999994,0.0299999999999997,7.00000000000003,1,2,66,0.5
1248,16542.74572,16542.12122,16542.31422,16542.74072,16545.49072,1,2.99999999999994,0.0299999999999997,7.00000000000003,1,2,66,0.5
1249,16546.40472,16545.96772,16546.00472,16546.35272,16550.06972,1,2.99999999999994,0.0299999999999997,7.00000000000003,1,2,66,0.5
1250,16551.29822,16550.66272,16550.81872,16551.29822,16557.64772,1,NaN,0,5.99999999999996,2,1,65,0.5
1251,16558.65022,16558.10422,16558.15022,16558.65022,16562.55472,0,NaN,0,7.00000000000003,1,2,66,0.5
1252,16573.33472,16572.75922,16572.81772,16573.33472,16573.57322,1,NaN,0,5.99999999999996,2,1,65,0.5
1253,16580.03472,16579.063221,16579.26922,16579.98222,16582.62422,1,2.99999999999994,0.0299999999999997,7.00000000000003,1,2,66,0.5
1254,16583.76272,16583.257221,16583.28322,16583.76272,16591.00372,1,NaN,0,5.99999999999996,2,1,65,0.5
1255,16592.07072,16591.44772,16591.51172,16592.04772,16595.52922,0,2.99999999999994,0.0299999999999997,5.99999999999996,2,1,65,0.5
1256,16596.48422,16595.99622,16596.05972,16596.48422,16602.04672,0,NaN,0,7.00000000000003,1,2,66,0.5
1257,16602.99122,16602.56072,16602.61322,16602.99122,16617.48022,0,NaN,0,7.00000000000003,1,2,66,0.5
1258,16618.391221,16617.95222,16618.03972,16618.391221,16628.32822,1,NaN,0,5.99999999999996,2,1,65,0.5
1259,16634.75972,16634.25272,16634.338721,16634.75972,16636.79372,1,NaN,0,5.99999999999996,2,1,65,0.5
1260,16642.68422,16642.14172,16642.28222,16642.68422,16645.72572,1,NaN,0,5.99999999999996,2,1,65,0.5
1261,16686.81472,16686.01622,16686.19722,16686.81472,16687.02922,1,NaN,0,5.99999999999996,2,1,65,0.5
1262,16697.137721,16696.566221,16696.63522,16697.08522,16702.24822,1,2.99999999999994,0.0299999999999997,7.00000000000003,1,2,66,0.5
1263,16703.11772,16702.61772,16702.75222,16703.11772,16709.72372,1,NaN,0,5.99999999999996,2,1,65,0.5
1264,16710.74822,16710.15872,16710.18872,16710.69572,16713.65672,0,2.99999999999994,0.0299999999999997,5.99999999999996,2,1,65,0.5
1265,16714.67072,16714.10372,16714.19022,16714.61822,16718.53722,0,2.99999999999994,0.0299999999999997,5.99999999999996,2,1,65,0.5
1266,16719.56422,16719.03272,16719.09822,16719.56422,16725.58522,0,NaN,0,7.00000000000003,1,2,66,0.5
1267,16726.50072,16725.963221,16726.08222,16726.50072,16734.38472,0,NaN,0,7.00000000000003,1,2,66,0.5
1268,16735.18622,16734.776721,16734.79672,16735.18622,16745.13372,1,NaN,0,5.99999999999996,2,1,65,0.5
1269,16747.94022,16747.46522,16747.53522,16747.94022,16762.10522,1,NaN,0,5.99999999999996,2,1,65,0.5
1270,16763.12972,16762.53672,16762.56472,16763.12972,16763.943221,0,NaN,0,7.00000000000003,1,2,66,0.5
1271,16833.88572,16832.59622,16832.91372,16833.88322,16836.91122,0,2.99999999999994,0.0299999999999997,5.99999999999996,2,1,65,0.5
1272,16838.35372,16837.77972,16837.85272,16838.35372,16844.957221,0,NaN,0,7.00000000000003,1,2,66,0.5
1273,16846.07872,16845.42622,16845.54922,16846.07872,16854.72122,0,NaN,0,7.00000000000003,1,2,66,0.5
1274,16860.28472,16859.58422,16859.76422,16860.23172,16862.09422,1,2.99999999999994,0.0299999999999997,7.00000000000003,1,2,66,0.5
1275,16863.06972,16862.56622,16862.58672,16863.01722,16865.13772,1,2.99999999999994,0.0299999999999997,7.00000000000003,1,2,66,0.5
1276,16866.37822,16865.91572,16866.01122,16866.37822,16874.27072,1,NaN,0,5.99999999999996,0,1,65,0.5
1277,16881.84772,16881.16572,16881.41472,16881.84772,16890.19222,1,NaN,0,5.99999999999996,2,1,65,0.5
1278,16891.67972,16891.00972,16891.17872,16891.67972,16901.38672,0,NaN,0,7.00000000000003,0,2,66,0.5
1279,16908.27122,16907.54622,16907.84422,16908.27122,16909.27222,1,NaN,0,5.99999999999996,2,1,65,0.5
1280,16934.20672,16933.21422,16933.60622,16934.20672,16940.96772,0,NaN,0,7.00000000000003,0,2,66,0.5
1281,16943.20222,16941.83872,16942.10222,16943.149221,16948.16572,0,2.99999999999994,0.0299999999999997,5.99999999999996,2,1,65,0.5
1282,16949.51372,16948.69072,16948.80522,16949.51372,16949.95372,0,NaN,0,7.00000000000003,0,2,66,0.5
1283,16957.12072,16956.35522,16956.51272,16957.01922,16968.82172,1,NaN,0.00999999999999943,7.00000000000003,0,2,66,0.5
1284,16970.18222,16969.48822,16969.65672,16970.18222,16970.31972,1,NaN,0,5.99999999999996,0,1,65,0.5
1285,16977.78522,16976.94072,16977.24022,16977.78522,16980.51072,1,NaN,0,5.99999999999996,2,1,65,0.5
1286,16987.06522,16986.35372,16986.55172,16987.06522,17002.33322,0,NaN,0,7.00000000000003,1,2,66,0.5
1287,17006.64122,17005.81772,17005.90672,17006.58872,17016.05022,0,2.99999999999994,0.0299999999999997,5.99999999999996,2,1,65,0.5
1288,17017.06922,17016.50372,17016.67722,17017.06922,17020.13172,1,NaN,0,5.99999999999996,2,1,65,0.5
1289,17024.93272,17024.09622,17024.29122,17024.87972,17028.63372,1,2.99999999999994,0.0299999999999997,7.00000000000003,1,2,66,0.5
1290,17029.57722,17029.02922,17029.18522,17029.52422,17032.14622,1,2.99999999999994,0.0299999999999997,7.00000000000003,1,2,66,0.5
1291,17033.07472,17032.62522,17032.71572,17033.07472,17041.65672,1,NaN,0,5.99999999999996,2,1,65,0.5
1292,17042.69922,17042.13472,17042.30122,17042.69922,17057.75722,1,NaN,0,5.99999999999996,2,1,65,0.5
1293,17062.66822,17061.74572,17061.82622,17062.66822,17068.46522,0,NaN,0,7.00000000000003,1,2,66,0.5
1294,17071.76072,17071.04622,17071.33472,17071.76072,17072.06222,0,NaN,0,7.00000000000003,1,2,66,0.5
1295,17079.28122,17078.29672,17078.44122,17079.22872,17083.62822,0,2.99999999999994,0.0299999999999997,5.99999999999996,2,1,65,0.5
1296,17085.60622,17085.03772,17085.109221,17085.60622,17095.45672,0,NaN,0,7.00000000000003,1,2,66,0.5
1297,17102.93572,17102.21272,17102.40572,17102.88272,17105.06822,1,2.99999999999994,0.0299999999999997,7.00000000000003,1,2,66,0.5
1298,17106.36822,17105.82922,17105.96622,17106.31572,17113.43272,1,2.99999999999994,0.0299999999999997,7.00000000000003,1,2,66,0.5
1299,17114.563221,17114.09972,17114.15822,17114.51072,17117.92772,1,2.99999999999994,0.0299999999999997,7.00000000000003,1,2,66,0.5
1300,17119.17172,17118.68672,17118.79072,17119.17172,17119.87772,1,NaN,0,5.99999999999996,2,1,65,0.5
1301,17205.56472,17204.48922,17204.56822,17205.51222,17208.77322,0,2.99999999999994,0.0299999999999997,5.99999999999996,2,1,65,0.5
1302,17214.44172,17213.79872,17213.81972,17214.44172,17229.68472,1,NaN,0,5.99999999999996,2,1,65,0.5
1303,17230.67622,17230.12572,17230.18572,17230.62322,17237.80772,1,2.99999999999994,0.0299999999999997,7.00000000000003,1,2,66,0.5
1304,17240.14872,17238.85772,17239.29072,17240.09572,17243.74722,0,2.99999999999994,0.0299999999999997,5.99999999999996,2,1,65,0.5
1305,17244.73322,17244.23722,17244.27322,17244.68072,17248.43322,0,2.99999999999994,0.0299999999999997,5.99999999999996,2,1,65,0.5
1306,17249.39772,17248.88372,17248.92222,17249.34522,17253.95222,0,2.99999999999994,0.0299999999999997,5.99999999999996,2,1,65,0.5
1307,17254.73422,17254.30722,17254.34272,17254.73422,17261.19772,0,NaN,0,7.00000000000003,1,2,66,0.5
1308,17262.11522,17261.64722,17261.76722,17262.11522,17268.10822,0,NaN,0,7.00000000000003,1,2,66,0.5
1309,17269.12972,17268.60322,17268.68122,17269.12972,17277.54872,0,NaN,0,7.00000000000003,1,2,66,0.5
1310,17279.54422,17279.15722,17279.20322,17279.54422,17283.93272,1,NaN,0,5.99999999999996,2,1,65,0.5
1311,17286.41872,17285.00172,17285.89072,17286.36572,17290.23972,1,2.99999999999994,0.0299999999999997,7.00000000000003,1,2,66,0.5
1312,17290.95572,17290.57322,17290.62422,17290.95572,17292.59022,1,NaN,0,5.99999999999996,2,1,65,0.5
1313,17303.80072,17302.87022,17303.09222,17303.80072,17304.26272,0,NaN,0,7.00000000000003,1,2,66,0.5
1314,17316.547221,17316.06372,17316.12072,17316.49422,17318.89622,1,2.99999999999994,0.0299999999999997,7.00000000000003,1,2,66,0.5
1315,17319.87072,17319.46772,17319.55872,17319.87072,17325.43172,1,NaN,0,5.99999999999996,2,1,65,0.5
1316,17326.30022,17325.80522,17325.94372,17326.30022,17327.08222,0,NaN,0,7.00000000000003,1,2,66,0.5
1317,17335.72022,17335.13722,17335.30272,17335.66772,17338.58072,1,2.99999999999994,0.0299999999999997,7.00000000000003,1,2,66,0.5
1318,17339.54022,17339.10272,17339.16172,17339.54022,17357.35722,1,NaN,0,5.99999999999996,2,1,65,0.5
1319,17358.25322,17357.79922,17357.94622,17358.25322,17372.34672,1,NaN,0,5.99999999999996,2,1,65,0.5
1320,17390.429221,17389.93222,17390.03722,17390.429221,17390.63422,1,NaN,0,5.99999999999996,2,1,65,0.5
1321,17406.71822,17405.91222,17406.14322,17406.71822,17407.21922,1,NaN,0,5.99999999999996,2,1,65,0.5
1322,17434.60072,17433.73772,17433.87822,17434.54822,17439.45822,0,2.99999999999994,0.0299999999999997,5.99999999999996,2,1,65,0.5
1323,17440.67622,17439.92922,17440.07522,17440.62372,17445.20072,0,2.99999999999994,0.0299999999999997,5.99999999999996,2,1,65,0.5
1324,17446.53172,17445.70372,17445.80522,17446.53172,17452.83122,0,NaN,0,7.00000000000003,1,2,66,0.5
1325,17454.06672,17453.36922,17453.46322,17454.01372,17457.16472,1,2.99999999999994,0.0299999999999997,7.00000000000003,1,2,66,0.5
1326,17458.47872,17457.79672,17457.959221,17458.42622,17461.67472,1,2.99999999999994,0.0299999999999997,7.00000000000003,1,2,66,0.5
1327,17463.13622,17462.62572,17462.67322,17463.13622,17475.416721,1,NaN,0,5.99999999999996,2,1,65,0.5
1328,17476.79672,17476.18272,17476.26172,17476.74322,17479.81472,0,2.99999999999994,0.0299999999999997,5.99999999999996,2,1,65,0.5
1329,17480.96122,17480.42372,17480.54572,17480.96122,17481.81322,0,NaN,0,7.00000000000003,1,2,66,0.5
1330,17501.18272,17500.25622,17500.48522,17501.18272,17502.09872,1,NaN,0,5.99999999999996,2,1,65,0.5
1331,17521.06672,17520.30972,17520.45522,17521.06672,17526.00022,1,NaN,0,5.99999999999996,2,1,65,0.5
1332,17528.72422,17527.873221,17527.94022,17528.67172,17532.39422,0,2.99999999999994,0.0299999999999997,5.99999999999996,2,1,65,0.5
1333,17533.36922,17532.89422,17532.92722,17533.36922,17550.54422,0,NaN,0,7.00000000000003,1,2,66,0.5
1334,17552.96522,17552.13772,17552.35072,17552.96522,17553.71272,1,NaN,0,5.99999999999996,2,1,65,0.5
1335,17918.19972,17916.96272,17917.32422,17918.19972,17918.54522,1,NaN,0,5.99999999999996,2,1,65,0.5
1336,17931.86572,17930.79422,17931.06972,17931.86572,17943.87872,0,NaN,0,7.00000000000003,1,2,66,0.5
1337,17945.111721,17944.51322,17944.57922,17945.111721,17945.63972,0,NaN,0,7.00000000000003,1,2,66,0.5
1338,17956.18222,17955.56822,17955.70122,17956.12922,17961.81122,1,2.99999999999994,0.0299999999999997,7.00000000000003,1,2,66,0.5
1339,17963.26222,17962.72622,17962.87572,17963.26222,17973.33372,1,NaN,0,5.99999999999996,2,1,65,0.5
1340,17975.55522,17975.03522,17975.17422,17975.55522,17982.31272,1,NaN,0,5.99999999999996,2,1,65,0.5
1341,17991.26772,17990.48622,17990.65572,17991.21522,17994.23622,1,2.99999999999994,0.0299999999999997,7.00000000000003,1,2,66,0.5
1342,17995.69272,17995.06872,17995.28722,17995.69272,17996.00972,1,NaN,0,5.99999999999996,2,1,65,0.5
1343,18003.28422,18002.68272,18002.83122,18003.28422,18014.74472,1,NaN,0,5.99999999999996,2,1,65,0.5
1344,18016.09622,18015.27522,18015.36772,18016.04372,18019.17272,0,2.99999999999994,0.0299999999999997,5.99999999999996,2,1,65,0.5
1345,18020.32022,18019.63972,18019.78522,18020.26722,18023.61222,0,2.99999999999994,0.0299999999999997,5.99999999999996,2,1,65,0.5
1346,18024.79272,18024.10922,18024.27022,18024.73972,18029.33672,0,2.99999999999994,0.0299999999999997,5.99999999999996,2,1,65,0.5
1347,18030.67322,18029.79972,18029.88672,18030.67072,18035.16572,0,2.99999999999994,0.0299999999999997,5.99999999999996,2,1,65,0.5
1348,18036.37272,18035.82072,18035.87672,18036.37272,18056.27972,0,NaN,0,7.00000000000003,1,2,66,0.5
1349,18057.45672,18056.70972,18056.85122,18057.35572,18057.84072,0,NaN,0.00999999999999943,5.99999999999996,0,1,65,0.5
1350,18065.31972,18064.64072,18064.78922,18065.26672,18067.61372,1,2.99999999999994,0.0299999999999997,7.00000000000003,1,2,66,0.5
1351,18068.61172,18068.10072,18068.25922,18068.61172,18068.80872,1,NaN,0,5.99999999999996,0,1,65,0.5
1352,18083.45222,18083.00022,18083.04222,18083.45222,18083.685221,1,NaN,0,5.99999999999996,2,1,65,0.5
1353,18094.39272,18093.86272,18093.94772,18094.34022,18097.22472,1,2.99999999999994,0.0299999999999997,7.00000000000003,1,2,66,0.5
1354,18100.10272,18099.58472,18099.72372,18100.10272,18108.56272,1,NaN,0,5.99999999999996,2,1,65,0.5
1355,18109.54522,18108.99522,18109.12022,18109.49222,18112.18722,0,2.99999999999994,0.0299999999999997,5.99999999999996,2,1,65,0.5
1356,18113.21572,18112.59122,18112.72972,18113.19522,18117.13372,0,2.99999999999994,0.0299999999999997,5.99999999999996,2,1,65,0.5
1357,18118.29872,18117.66872,18117.81122,18118.29872,18119.39722,0,NaN,0,7.00000000000003,1,2,66,0.5
1358,18124.933221,18123.94622,18124.24022,18124.88072,18127.20472,1,2.99999999999994,0.0299999999999997,7.00000000000003,1,2,66,0.5
1359,18128.35472,18127.751221,18127.87622,18128.35472,18135.88872,1,NaN,0,5.99999999999996,2,1,65,0.5
1360,18136.85222,18136.29722,18136.43672,18136.79972,18140.79272,0,2.99999999999994,0.0299999999999997,5.99999999999996,2,1,65,0.5
1361,18141.66072,18141.18472,18141.21672,18141.60722,18145.025221,0,2.99999999999994,0.0299999999999997,5.99999999999996,2,1,65,0.5
1362,18146.26422,18145.46072,18145.64772,18146.26422,18152.98072,0,NaN,0,7.00000000000003,1,2,66,0.5
1363,18154.30072,18153.56272,18153.67572,18154.24822,18157.551221,0,2.99999999999994,0.0299999999999997,5.99999999999996,2,1,65,0.5
1364,18158.54122,18158.06272,18158.11122,18158.48822,18161.73822,0,2.99999999999994,0.0299999999999997,5.99999999999996,2,1,65,0.5
1365,18162.76372,18162.14072,18162.23072,18162.72822,18168.58772,0,2.99999999999994,0.0299999999999997,5.99999999999996,2,1,65,0.5
1366,18169.63022,18168.99822,18169.02972,18169.63022,18175.13422,0,NaN,0,7.00000000000003,1,2,66,0.5
1367,18176.15772,18175.46572,18175.57122,18176.15772,18190.75272,0,NaN,0,7.00000000000003,1,2,66,0.5
1368,18192.20472,18191.46172,18191.49572,18192.15272,18195.21522,0,2.99999999999994,0.0299999999999997,5.99999999999996,2,1,65,0.5
1369,18196.210721,18195.81822,18195.83822,18196.210721,18197.01722,0,NaN,0,7.00000000000003,1,2,66,0.5
1370,18212.20222,18211.16372,18211.20922,18212.14922,18214.60722,1,2.99999999999994,0.0299999999999997,7.00000000000003,1,2,66,0.5
1371,18215.75622,18215.18422,18215.23372,18215.70272,18219.21172,1,2.99999999999994,0.0299999999999997,7.00000000000003,1,2,66,0.5
1372,18220.54072,18220.03372,18220.10372,18220.48872,18230.49872,1,2.99999999999994,0.0299999999999997,7.00000000000003,1,2,66,0.5
1373,18231.50622,18231.02372,18231.06222,18231.45322,18236.56872,1,2.99999999999994,0.0299999999999997,7.00000000000003,1,2,66,0.5
1374,18237.58472,18237.03522,18237.14872,18237.53272,18240.98722,1,2.99999999999994,0.0299999999999997,7.00000000000003,1,2,66,0.5
1375,18242.04972,18241.52622,18241.59322,18242.04972,18249.27972,1,NaN,0,5.99999999999996,2,1,65,0.5
1376,18250.42172,18249.79822,18249.85772,18250.37072,18253.40772,0,2.99999999999994,0.0299999999999997,5.99999999999996,2,1,65,0.5
1377,18255.13572,18254.01272,18254.16272,18255.083221,18258.98272,0,2.99999999999994,0.0299999999999997,5.99999999999996,2,1,65,0.5
1378,18259.92322,18259.41772,18259.44472,18259.92322,18265.15972,0,NaN,0,7.00000000000003,1,2,66,0.5
1379,18266.08172,18265.50772,18265.55972,18266.08172,18272.45222,0,NaN,0,7.00000000000003,1,2,66,0.5
1380,18274.23772,18273.39072,18273.48672,18274.18472,18277.32172,0,2.99999999999994,0.0299999999999997,5.99999999999996,2,1,65,0.5
1381,18278.31472,18277.80872,18277.83072,18278.31472,18285.79372,0,NaN,0,7.00000000000003,1,2,66,0.5
1382,18286.87122,18286.25522,18286.30722,18286.87122,18294.729221,0,NaN,0,7.00000000000003,1,2,66,0.5
1383,18295.65822,18295.23722,18295.27672,18295.65822,18296.04172,1,NaN,0,5.99999999999996,2,1,65,0.5
1384,18304.14472,18303.46622,18303.57672,18304.09172,18306.75272,1,2.99999999999994,0.0299999999999997,7.00000000000003,1,2,66,0.5
1385,18307.82822,18307.37172,18307.42972,18307.775221,18312.35672,1,2.99999999999994,0.0299999999999997,7.00000000000003,1,2,66,0.5
1386,18313.53872,18313.05272,18313.13222,18313.48572,18322.05272,1,2.99999999999994,0.0299999999999997,7.00000000000003,1,2,66,0.5
1387,18322.98422,18322.54072,18322.61072,18322.93122,18326.06172,1,2.99999999999994,0.0299999999999997,7.00000000000003,1,2,66,0.5
1388,18327.00972,18326.57222,18326.60972,18327.00972,18332.77522,1,NaN,0,5.99999999999996,2,1,65,0.5
1389,18333.787221,18333.18622,18333.26022,18333.73472,18336.96272,0,2.99999999999994,0.0299999999999997,5.99999999999996,2,1,65,0.5
1390,18338.07722,18337.49372,18337.52022,18338.03322,18342.11072,0,2.99999999999994,0.0299999999999997,5.99999999999996,2,1,65,0.5
1391,18343.19772,18342.65222,18342.70472,18343.19772,18349.467221,0,NaN,0,7.00000000000003,1,2,66,0.5
1392,18350.54272,18350.01272,18350.06922,18350.54272,18359.84872,0,NaN,0,7.00000000000003,1,2,66,0.5
1393,18360.65622,18360.24572,18360.30422,18360.65622,18366.08622,1,NaN,0,5.99999999999996,2,1,65,0.5
1394,18367.07822,18366.547221,18366.66372,18367.02522,18369.60472,1,2.99999999999994,0.0299999999999997,7.00000000000003,1,2,66,0.5
1395,18370.78722,18370.10822,NaN,18370.78722,18371.23672,1,NaN,0,5.99999999999996,2,1,65,0.5
1396,18377.00022,18376.31472,18376.46072,18376.94772,18379.62022,0,2.99999999999994,0.0299999999999997,5.99999999999996,2,1,65,0.5
1397,18380.56222,18380.07122,18380.12672,18380.56222,18385.66322,0,NaN,0,7.00000000000003,1,2,66,0.5
1398,18386.62422,18386.04522,18386.18172,18386.62422,18393.04772,0,NaN,0,7.00000000000003,1,2,66,0.5
1399,18394.03272,18393.55522,18393.60672,18393.97972,18398.95722,1,2.99999999999994,0.0299999999999997,7.00000000000003,1,2,66,0.5
1400,18399.77572,18399.32022,18399.40022,18399.72272,18404.93022,1,2.99999999999994,0.0299999999999997,7.00000000000003,1,2,66,0.5
1401,18405.71122,18405.30872,18405.34622,18405.65872,18408.71322,1,2.99999999999994,0.0299999999999997,7.00000000000003,1,2,66,0.5
1402,18409.72672,18409.28022,18409.34372,18409.72672,18422.09272,1,NaN,0,5.99999999999996,2,1,65,0.5
1403,18422.89122,18422.48922,18422.57072,18422.89122,18423.18272,1,NaN,0,5.99999999999996,2,1,65,0.5
1404,18447.72772,18447.22222,18447.30072,18447.72772,18456.47922,1,NaN,0,5.99999999999996,2,1,65,0.5
1405,18462.02222,18461.07472,18461.27172,18462.02022,18465.18972,1,2.99999999999994,0.0299999999999997,7.00000000000003,1,2,66,0.5
1406,18467.01622,18466.534221,18466.54172,18466.96272,18471.82822,1,2.99999999999994,0.0299999999999997,7.00000000000003,1,2,66,0.5
1407,18472.69572,18472.26622,18472.30172,18472.69572,18478.08822,1,NaN,0,5.99999999999996,2,1,65,0.5
1408,18479.36772,18478.85772,18478.89922,18479.31522,18486.87872,0,2.99999999999994,0.0299999999999997,5.99999999999996,2,1,65,0.5
1409,18487.80122,18487.29272,18487.41522,18487.80122,18493.03172,0,NaN,0,7.00000000000003,1,2,66,0.5
1410,18495.44172,18495.06422,18495.10222,18495.44172,18501.69072,1,NaN,0,5.99999999999996,2,1,65,0.5
1411,18502.55822,18502.12822,18502.18572,18502.55822,18516.16422,0,NaN,0,7.00000000000003,1,2,66,0.5
1412,18517.12322,18516.71972,18516.76972,18517.12322,18517.55022,1,NaN,0,5.99999999999996,2,1,65,0.5
1413,18530.42472,18529.83022,18529.88422,18530.42472,18530.51022,1,NaN,0,5.99999999999996,2,1,65,0.5
1414,18545.90172,18544.94072,18545.12972,18545.84872,18548.80022,0,2.99999999999994,0.0299999999999997,5.99999999999996,2,1,65,0.5
1415,18549.95122,18549.32822,18549.42272,18549.90122,18553.29572,0,2.99999999999994,0.0299999999999997,5.99999999999996,2,1,65,0.5
1416,18554.43822,18553.87372,18553.93972,18554.43822,18561.187221,0,NaN,0,7.00000000000003,1,2,66,0.5
1417,18562.30072,18561.62522,18561.76422,18562.24822,18564.85972,0,2.99999999999994,0.0299999999999997,5.99999999999996,2,1,65,0.5
1418,18565.78722,18565.30922,18565.36272,18565.78722,18581.86222,0,NaN,0,7.00000000000003,1,2,66,0.5
1419,18582.84772,18582.30422,18582.41772,18582.79522,18585.26922,1,2.99999999999994,0.0299999999999997,7.00000000000003,1,2,66,0.5
1420,18586.34472,18585.84872,18585.97272,18586.29222,18589.07722,1,2.99999999999994,0.0299999999999997,7.00000000000003,1,2,66,0.5
1421,18590.08622,18589.57722,18589.66222,18590.08372,18594.68522,1,2.99999999999994,0.0299999999999997,7.00000000000003,1,2,66,0.5
1422,18595.81322,18595.25922,18595.38072,18595.76022,18599.16222,1,2.99999999999994,0.0299999999999997,7.00000000000003,1,2,66,0.5
1423,18600.24872,18599.76572,18599.81222,18600.24872,18605.37722,1,NaN,0,5.99999999999996,2,1,65,0.5
1424,18606.42322,18605.93322,18605.96722,18606.42322,18616.32972,0,NaN,0,7.00000000000003,1,2,66,0.5
1425,18617.24472,18616.68522,18616.75972,18617.19222,18619.75372,1,2.99999999999994,0.0299999999999997,7.00000000000003,1,2,66,0.5
1426,18620.75622,18620.27322,18620.32022,18620.75622,18622.99822,1,NaN,0,5.99999999999996,2,1,65,0.5
1427,18643.29622,18642.12322,18642.36572,18643.24372,18650.07372,0,2.99999999999994,0.0299999999999997,5.99999999999996,2,1,65,0.5
1428,18651.09522,18650.51872,18650.66272,18651.09522,18656.69872,0,NaN,0,7.00000000000003,1,2,66,0.5
1429,18657.69272,18657.22172,18657.26072,18657.63972,18660.10672,0,2.99999999999994,0.0299999999999997,5.99999999999996,2,1,65,0.5
1430,18661.22772,18660.52472,18660.58872,18661.17472,18665.08272,0,2.99999999999994,0.0299999999999997,5.99999999999996,2,1,65,0.5
1431,18666.11322,18665.53272,18665.55922,18666.11322,18673.60822,0,NaN,0,7.00000000000003,1,2,66,0.5
1432,18674.60472,18674.07272,18674.20072,18674.55172,18677.82872,1,2.99999999999994,0.0299999999999997,7.00000000000003,1,2,66,0.5
1433,18678.69472,18678.19622,18678.27172,18678.64122,18681.85222,1,2.99999999999994,0.0299999999999997,7.00000000000003,1,2,66,0.5
1434,18682.87222,18682.46222,18682.48372,18682.81922,18685.07772,1,2.99999999999994,0.0299999999999997,7.00000000000003,1,2,66,0.5
1435,18686.21872,18685.74522,18685.88472,18686.21872,18687.07172,1,NaN,0,5.99999999999996,2,1,65,0.5
1436,18697.03022,18695.96522,18696.14922,18696.977221,18701.493221,0,2.99999999999994,0.0299999999999997,5.99999999999996,2,1,65,0.5
1437,18702.52072,18701.92272,18702.00222,18702.46822,18705.35972,0,2.99999999999994,0.0299999999999997,5.99999999999996,2,1,65,0.5
1438,18706.37122,18705.81872,18705.93822,18706.37122,18707.56922,0,NaN,0,7.00000000000003,1,2,66,0.5
1439,18745.74172,18745.16472,18745.21772,18745.74172,18754.61222,0,NaN,0,7.00000000000003,1,2,66,0.5
1440,18755.70972,18755.08622,18755.18722,18755.66372,18758.22422,1,2.99999999999994,0.0299999999999997,7.00000000000003,1,2,66,0.5
1441,18759.28472,18758.735221,18758.87022,18759.23222,18761.24072,1,2.99999999999994,0.0299999999999997,7.00000000000003,1,2,66,0.5
1442,18762.235221,18761.70372,18761.83672,18762.235221,18774.14122,1,NaN,0,5.99999999999996,2,1,65,0.5
1443,18775.18972,18774.66672,18774.71272,18775.18972,18781.15222,0,NaN,0,7.00000000000003,1,2,66,0.5
1444,18782.08322,18781.58272,18781.63522,18782.08322,18783.03622,0,NaN,0,7.00000000000003,1,2,66,0.5
1445,18880.31422,18878.48022,18878.77022,18880.261221,18883.66722,1,2.99999999999994,0.0299999999999997,7.00000000000003,1,2,66,0.5
1446,18886.93822,18886.43622,18886.47472,18886.88622,18889.11572,1,2.99999999999994,0.0299999999999997,7.00000000000003,1,2,66,0.5
1447,18890.35472,18889.87922,18889.98372,18890.35472,18896.99722,1,NaN,0,5.99999999999996,2,1,65,0.5
1448,18898.02022,18897.43372,18897.56572,18897.96822,18900.923221,0,2.99999999999994,0.0299999999999997,5.99999999999996,2,1,65,0.5
1449,18902.04022,18901.34172,18901.45672,18901.98722,18905.15772,0,2.99999999999994,0.0299999999999997,5.99999999999996,2,1,65,0.5
1450,18906.10972,18905.61672,18905.64172,18906.10972,18906.99522,0,NaN,0,7.00000000000003,1,2,66,0.5
1451,18915.67172,18914.93172,18914.96822,18915.67172,18936.51822,1,NaN,0,5.99999999999996,2,1,65,0.5
1452,18937.67772,18937.10572,18937.24522,18937.67772,18938.23672,1,NaN,0,5.99999999999996,2,1,65,0.5
1453,18953.07472,18952.48972,18952.59472,18953.07472,18959.78622,1,NaN,0,5.99999999999996,2,1,65,0.5
1454,18961.00072,18960.26772,18960.37972,18961.00072,18986.41472,0,NaN,0,7.00000000000003,1,2,66,0.5
1455,18987.38822,18986.88972,18986.91472,18987.37122,18989.97022,0,2.99999999999994,0.0299999999999997,5.99999999999996,2,1,65,0.5
1456,18991.01072,18990.58472,18990.61172,18991.01072,18996.40072,0,NaN,0,7.00000000000003,1,2,66,0.5
1457,18997.32622,18996.79872,18996.86822,18997.32622,19005.43022,0,NaN,0,7.00000000000003,1,2,66,0.5
1458,19006.52072,19005.79672,19005.94922,19006.46872,19008.87722,0,2.99999999999994,0.0299999999999997,5.99999999999996,2,1,65,0.5
1459,19009.77172,19009.24272,19009.28222,19009.77172,19011.87322,0,NaN,0,7.00000000000003,1,2,66,0.5
1460,19016.14272,19015.55422,19015.70022,19016.08922,19017.53472,1,2.99999999999994,0.0299999999999997,7.00000000000003,1,2,66,0.5
1461,19018.67472,19018.10522,19018.17272,19018.57322,19026.43072,1,NaN,0.00999999999999943,7.00000000000003,0,2,66,0.5
1462,19027.45622,19026.89672,19026.93522,19027.45622,19027.86022,0,NaN,0,7.00000000000003,1,2,66,0.5
1463,19042.46872,19041.73522,19041.812721,19042.41622,19045.36922,1,2.99999999999994,0.0299999999999997,7.00000000000003,1,2,66,0.5
1464,19046.59222,19045.99522,19046.05322,19046.59222,19046.92472,1,NaN,0,5.99999999999996,2,1,65,0.5
1465,19056.04372,19055.20972,19055.34572,19055.99172,19058.35372,0,2.99999999999994,0.0299999999999997,5.99999999999996,2,1,65,0.5
1466,19059.401221,19058.87872,19058.97472,19059.34872,19062.60822,0,2.99999999999994,0.0299999999999997,5.99999999999996,2,1,65,0.5
1467,19063.47122,19063.05922,19063.10422,19063.47122,19069.92172,0,NaN,0,7.00000000000003,1,2,66,0.5
1468,19070.86722,19070.34272,19070.41172,19070.81422,19074.50072,0,2.99999999999994,0.0299999999999997,5.99999999999996,2,1,65,0.5
1469,19075.55222,19074.99972,19075.04972,19075.55222,19081.69222,0,NaN,0,7.00000000000003,1,2,66,0.5
1470,19082.53872,19082.11072,19082.14222,19082.53872,19088.43672,0,NaN,0,7.00000000000003,1,2,66,0.5
1471,19089.54772,19089.03872,19089.13022,19089.49472,19092.06222,1,2.99999999999994,0.0299999999999997,7.00000000000003,1,2,66,0.5
1472,19093.11622,19092.70372,19092.77672,19093.06322,19096.11572,1,2.99999999999994,0.0299999999999997,7.00000000000003,1,2,66,0.5
1473,19096.975221,19096.54222,19096.61172,19096.92272,19100.123221,1,2.99999999999994,0.0299999999999997,7.00000000000003,1,2,66,0.5
1474,19101.14022,19100.61722,19100.77222,19101.14022,19101.54522,1,NaN,0,5.99999999999996,2,1,65,0.5
1475,19112.48922,19111.86522,19111.94172,19112.47472,19114.83772,0,2.99999999999994,0.0299999999999997,5.99999999999996,2,1,65,0.5
1476,19115.909221,19115.29472,19115.40472,19115.909221,19121.49622,0,NaN,0,7.00000000000003,1,2,66,0.5
1477,19122.62322,19122.05122,19122.11122,19122.62322,19142.91722,0,NaN,0,7.00000000000003,0,2,66,0.5
1478,19143.95622,19143.32272,19143.34622,19143.95622,19151.04722,0,NaN,0,7.00000000000003,1,2,66,0.5
1479,19151.984721,19151.48272,19151.59372,19151.93222,19156.99622,1,2.99999999999994,0.0299999999999997,7.00000000000003,1,2,66,0.5
1480,19157.98822,19157.56672,19157.59672,19157.935221,19161.07622,1,2.99999999999994,0.0299999999999997,7.00000000000003,1,2,66,0.5
1481,19162.06372,19161.56122,19161.61272,19162.01122,19164.05022,1,2.99999999999994,0.0299999999999997,7.00000000000003,1,2,66,0.5
1482,19165.00372,19164.53222,19164.63522,19165.00372,19173.70272,1,NaN,0,5.99999999999996,2,1,65,0.5
1483,19174.82222,19174.27272,19174.39672,19174.76972,19177.76922,0,2.99999999999994,0.0299999999999997,5.99999999999996,2,1,65,0.5
1484,19178.87222,19178.31672,19178.41622,19178.87222,19194.53172,0,NaN,0,7.00000000000003,1,2,66,0.5
1485,19195.78022,19195.15572,19195.18422,19195.76722,19198.94272,0,2.99999999999994,0.0299999999999997,5.99999999999996,2,1,65,0.5
1486,19199.92122,19199.46122,19199.48572,19199.92122,19205.10922,0,NaN,0,7.00000000000003,1,2,66,0.5
1487,19206.11022,19205.54872,19205.63522,19206.11022,19213.25572,0,NaN,0,7.00000000000003,0,2,66,0.5
1488,19214.32872,19213.82122,19213.89572,19214.32872,19221.57522,0,NaN,0,7.00000000000003,0,2,66,0.5
1489,19222.46572,19222.03022,19222.06622,19222.41222,19224.50872,1,2.99999999999994,0.0299999999999997,7.00000000000003,1,2,66,0.5
1490,19225.59172,19224.98522,19225.099221,19225.49022,19232.39322,1,NaN,0.00999999999999943,7.00000000000003,0,2,66,0.5
1491,19233.32422,19232.81372,19232.88172,19233.27122,19235.33422,1,2.99999999999994,0.0299999999999997,7.00000000000003,1,2,66,0.5
1492,19236.19522,19235.78222,19235.84922,19236.19522,19246.96772,1,NaN,0,5.99999999999996,2,1,65,0.5
1493,19248.07522,19247.53122,19247.66322,19248.02272,19250.45122,1,2.99999999999994,0.0299999999999997,7.00000000000003,1,2,66,0.5
1494,19251.429221,19251.03922,19251.10222,19251.429221,19257.45772,1,NaN,0,5.99999999999996,2,1,65,0.5
1495,19258.57872,19258.15322,19258.18622,19258.57872,19258.95172,0,NaN,0,7.00000000000003,1,2,66,0.5
1496,19270.12572,19269.57572,19269.69222,19270.12572,19270.35522,1,NaN,0,5.99999999999996,2,1,65,0.5
1497,19297.75372,19297.75372,19296.59372,NaN,19298.57522,NaN,NaN,0,7.00000000000003,1,2,66,0.5
1498,19308.66422,19307.78522,19307.85472,19308.61172,19311.92872,0,2.99999999999994,0.0299999999999997,5.99999999999996,2,1,65,0.5
1499,19313.17022,19312.52672,19312.73872,19313.17022,19313.57222,0,NaN,0,7.00000000000003,0,2,66,0.5
1500,19322.23222,19321.50572,19321.68072,19322.13122,19322.34272,1,NaN,0.00999999999999943,7.00000000000003,0,2,66,0.5
1501,19343.80522,19343.06822,19343.25522,19343.80522,19344.73272,1,NaN,0,5.99999999999996,2,1,65,0.5
1502,19350.40572,19349.84872,19349.99572,19350.40572,19357.56972,1,NaN,0,5.99999999999996,2,1,65,0.5
1503,19358.73072,19358.21422,19358.32522,19358.67872,19360.90872,1,2.99999999999994,0.0299999999999997,7.00000000000003,1,2,66,0.5
1504,19362.12972,19361.71422,19361.79422,19362.12972,19370.63472,1,NaN,0,5.99999999999996,2,1,65,0.5
1505,19371.67572,19371.05222,19371.15722,19371.65722,19374.15572,0,2.99999999999994,0.0299999999999997,5.99999999999996,2,1,65,0.5
1506,19375.21872,19374.59572,19374.72222,19375.18172,19378.66922,0,2.99999999999994,0.0299999999999997,5.99999999999996,2,1,65,0.5
1507,19379.86572,19379.187221,19379.30872,19379.86572,19386.395221,0,NaN,0,7.00000000000003,1,2,66,0.5
1508,19387.67622,19387.05672,19387.16772,19387.67622,19394.079221,0,NaN,0,7.00000000000003,1,2,66,0.5
1509,19395.15572,19394.67622,19394.73472,19395.15572,19402.53072,0,NaN,0,7.00000000000003,1,2,66,0.5
1510,19403.62622,19403.12872,19403.21472,19403.62622,19404.88772,1,NaN,0,5.99999999999996,2,1,65,0.5
1511,19414.68172,19414.07472,19414.17622,19414.62872,19417.03022,1,2.99999999999994,0.0299999999999997,7.00000000000003,1,2,66,0.5
1512,19418.15672,19417.70072,19417.74772,19418.10422,19420.67322,1,2.99999999999994,0.0299999999999997,7.00000000000003,1,2,66,0.5
1513,19421.73222,19421.18772,19421.34522,19421.73222,19422.38722,1,NaN,0,5.99999999999996,2,1,65,0.5
1514,19787.85722,19786.60972,19786.64372,19787.84522,19791.01422,1,2.99999999999994,0.0299999999999997,7.00000000000003,1,2,66,0.5
1515,19793.80622,19793.18922,19793.32372,19793.80622,19804.66672,1,NaN,0,5.99999999999996,2,1,65,0.5
1516,19806.06572,19805.15422,19805.27972,19806.06572,19812.46372,0,NaN,0,7.00000000000003,1,2,66,0.5
1517,19813.61222,19812.83572,19813.01022,19813.55972,19815.913221,0,2.99999999999994,0.0299999999999997,5.99999999999996,2,1,65,0.5
1518,19816.91572,19816.38222,19816.51622,19816.91572,19821.06672,0,NaN,0,7.00000000000003,1,2,66,0.5
1519,19825.69322,19825.12122,19825.21272,19825.64072,19827.79072,1,2.99999999999994,0.0299999999999997,7.00000000000003,1,2,66,0.5
1520,19828.91322,19828.46222,19828.54672,19828.91322,19829.12372,1,NaN,0,5.99999999999996,0,1,65,0.5
1521,19836.69672,19836.14972,19836.28872,19836.69672,19838.18922,1,NaN,0,5.99999999999996,2,1,65,0.5
1522,19846.38672,19845.84072,19845.87572,19846.33372,19849.78222,0,2.99999999999994,0.0299999999999997,5.99999999999996,2,1,65,0.5
1523,19850.83622,19850.27172,19850.40272,19850.78372,19852.93722,0,2.99999999999994,0.0299999999999997,5.99999999999996,2,1,65,0.5
1524,19853.97222,19853.42572,19853.51022,19853.97222,19855.31472,0,NaN,0,7.00000000000003,0,2,66,0.5
1525,19859.96272,19859.37622,19859.50472,19859.96272,19865.08672,1,NaN,0,5.99999999999996,0,1,65,0.5
1526,19868.21722,19867.79172,19867.86972,19868.21722,19869.51722,1,NaN,0,5.99999999999996,2,1,65,0.5
1527,19876.26522,19875.52922,19875.76872,19876.16372,19895.79172,1,NaN,0.00999999999999943,7.00000000000003,0,2,66,0.5
1528,19896.793221,19896.23122,19896.34122,19896.793221,19897.82172,0,NaN,0,7.00000000000003,1,2,66,0.5
1529,19924.52622,19923.52322,19923.677221,19924.52622,19931.047221,1,NaN,0,5.99999999999996,2,1,65,0.5
1530,19931.967221,19931.37122,19931.52472,19931.86622,19936.69572,1,NaN,0.00999999999999943,7.00000000000003,0,2,66,0.5
1531,19938.059221,19937.46822,19937.52722,19938.00672,19940.95272,0,2.99999999999994,0.0299999999999997,5.99999999999996,2,1,65,0.5
1532,19942.02472,19941.41572,19941.46272,19942.02472,19952.19922,0,NaN,0,7.00000000000003,1,2,66,0.5
1533,19953.26822,19952.60972,19952.73222,19953.26822,19963.08422,0,NaN,0,7.00000000000003,1,2,66,0.5
1534,19964.83072,19963.85172,19964.33872,19964.83072,19970.15672,0,NaN,0,7.00000000000003,1,2,66,0.5
1535,19971.51622,19970.77922,19970.93172,19971.51622,19976.42472,0,NaN,0,7.00000000000003,1,2,66,0.5
1536,19978.91322,19977.635221,19978.35672,19978.91322,19983.49672,1,NaN,0,5.99999999999996,2,1,65,0.5
1537,19986.13672,19985.47222,19985.63622,19986.13672,19992.917221,1,NaN,0,5.99999999999996,2,1,65,0.5
1538,19993.92272,19993.32422,19993.42072,19993.86972,19996.20072,0,2.99999999999994,0.0299999999999997,5.99999999999996,2,1,65,0.5
1539,19997.24522,19996.62572,19996.77822,19997.24522,20053.62572,0,NaN,0,7.00000000000003,1,2,66,0.5
1540,20054.83622,20054.10322,20054.26122,20054.83622,20086.269221,1,NaN,0,5.99999999999996,2,1,65,0.5
1541,20087.21822,20086.71222,20086.81072,20087.21822,20100.001221,1,NaN,0,5.99999999999996,0,1,65,0.5
1542,20101.75672,20101.03072,20101.23772,20101.75672,20104.11122,0,NaN,0,7.00000000000003,1,2,66,0.5
1543,20136.04272,20135.126221,20135.43672,20136.04272,20147.76422,1,NaN,0,5.99999999999996,2,1,65,0.5
1544,20148.89322,20148.32072,20148.45372,20148.89322,20154.92822,1,NaN,0,5.99999999999996,2,1,65,0.5
1545,20156.14222,20155.36772,20155.51672,20156.08872,20158.94672,0,2.99999999999994,0.0299999999999997,5.99999999999996,2,1,65,0.5
1546,20160.19622,20159.47572,20159.57772,20160.19622,20165.51672,0,NaN,0,7.00000000000003,1,2,66,0.5
1547,20166.64272,20166.03122,20166.05322,20166.58972,20170.14372,0,2.99999999999994,0.0299999999999997,5.99999999999996,2,1,65,0.5
1548,20171.20772,20170.68872,20170.75672,20171.20772,20178.14072,0,NaN,0,7.00000000000003,1,2,66,0.5
1549,20179.34622,20178.64222,20178.72722,20179.29322,20182.02172,0,2.99999999999994,0.0299999999999997,5.99999999999996,2,1,65,0.5
1550,20183.17472,20182.62572,20182.68672,20183.12222,20186.62722,0,2.99999999999994,0.0299999999999997,5.99999999999996,2,1,65,0.5
1551,20187.70022,20187.18972,20187.26322,20187.70022,20193.27172,0,NaN,0,7.00000000000003,1,2,66,0.5
1552,20194.37872,20193.75522,20193.88822,20194.34622,20197.34622,0,2.99999999999994,0.0299999999999997,5.99999999999996,2,1,65,0.5
1553,20198.60172,20197.89522,20198.02672,20198.60172,20204.28172,0,NaN,0,7.00000000000003,1,2,66,0.5
1554,20205.70072,20204.88222,20204.97872,20205.64772,20208.64772,0,2.99999999999994,0.0299999999999997,5.99999999999996,2,1,65,0.5
1555,20209.86172,20209.27372,20209.33172,20209.86172,20262.62772,0,NaN,0,7.00000000000003,1,2,66,0.5
1556,20263.94322,20263.39522,20263.46822,20263.94322,20269.34622,0,NaN,0,7.00000000000003,1,2,66,0.5
1557,20270.37822,20269.83222,20269.92172,20270.37822,20278.62272,0,NaN,0,7.00000000000003,1,2,66,0.5
1558,20279.71872,20279.17522,20279.29672,20279.66622,20280.86422,1,2.99999999999994,0.0299999999999997,7.00000000000003,1,2,66,0.5
1559,20281.88922,20281.33572,20281.47072,20281.83672,20283.83572,1,2.99999999999994,0.0299999999999997,7.00000000000003,1,2,66,0.5
1560,20284.79872,20284.30272,20284.42222,20284.74572,20287.10422,1,2.99999999999994,0.0299999999999997,7.00000000000003,1,2,66,0.5
1561,20288.28672,20287.76522,20287.84972,20288.23422,20291.11372,1,2.99999999999994,0.0299999999999997,7.00000000000003,1,2,66,0.5
1562,20292.13422,20291.60722,20291.64622,20292.08172,20294.68822,1,2.99999999999994,0.0299999999999997,7.00000000000003,1,2,66,0.5
1563,20295.76372,20295.21972,20295.35522,20295.76372,20303.61122,1,NaN,0,5.99999999999996,2,1,65,0.5
1564,20304.70972,20304.02922,20304.16022,20304.65722,20307.36572,0,2.99999999999994,0.0299999999999997,5.99999999999996,2,1,65,0.5
1565,20308.39122,20307.85322,20307.91772,20308.39122,20314.51872,0,NaN,0,7.00000000000003,1,2,66,0.5
1566,20315.70672,20315.00172,20315.10572,20315.70672,20322.82522,0,NaN,0,7.00000000000003,1,2,66,0.5
1567,20323.77572,20323.21472,20323.35722,20323.72322,20326.25972,1,2.99999999999994,0.0299999999999997,7.00000000000003,1,2,66,0.5
1568,20327.41872,20326.93172,20327.045221,20327.36572,20329.23122,1,2.99999999999994,0.0299999999999997,7.00000000000003,1,2,66,0.5
1569,20330.35122,20329.84122,20329.91772,20330.24972,20337.87272,1,NaN,0.00999999999999943,7.00000000000003,0,2,66,0.5
1570,20338.71672,20338.25072,20338.34572,20338.66372,20341.57822,1,2.99999999999994,0.0299999999999997,7.00000000000003,1,2,66,0.5
1571,20342.65022,20342.03972,20342.19822,20342.59772,20345.14772,1,2.99999999999994,0.0299999999999997,7.00000000000003,1,2,66,0.5
1572,20346.11722,20345.67672,20345.79522,20346.11722,20346.787221,1,NaN,0,5.99999999999996,2,1,65,0.5
1573,20352.26472,20351.80622,20351.85722,20352.26472,20353.78472,1,NaN,0,5.99999999999996,2,1,65,0.5
1574,20365.26872,20364.53572,20364.64822,20365.21622,20367.72372,1,2.99999999999994,0.0299999999999997,7.00000000000003,1,2,66,0.5
1575,20368.83622,20368.24522,20368.40572,20368.78372,20371.63822,1,2.99999999999994,0.0299999999999997,7.00000000000003,1,2,66,0.5
1576,20372.63772,20372.21572,20372.32022,20372.63772,20373.46822,1,NaN,0,5.99999999999996,2,1,65,0.5
1577,20387.78922,20387.37522,20387.41822,20387.78922,20403.86772,1,NaN,0,5.99999999999996,2,1,65,0.5
1578,20408.16722,20407.56172,20407.74072,20408.16722,20413.77372,1,NaN,0,5.99999999999996,2,1,65,0.5
1579,20414.65522,20414.12472,20414.20672,20414.65522,20422.25172,0,NaN,0,7.00000000000003,1,2,66,0.5
1580,20423.17922,20422.74172,20422.78922,20423.12622,20425.07022,1,2.99999999999994,0.0299999999999997,7.00000000000003,1,2,66,0.5
1581,20425.93622,20425.48172,20425.56572,20425.93622,20429.19172,1,NaN,0,5.99999999999996,2,1,65,0.5
1582,20438.46572,20437.92722,20438.06722,20438.46572,20453.87822,1,NaN,0,5.99999999999996,2,1,65,0.5
1583,20455.11872,20454.39572,20454.52522,20455.11872,20458.96322,1,NaN,0,5.99999999999996,2,1,65,0.5
1584,20465.85172,20465.00622,20465.31122,20465.85172,20781.14672,1,NaN,0,5.99999999999996,2,1,65,0.5
1585,20782.18222,20781.64372,20781.675221,20782.12922,20792.90672,1,2.99999999999994,0.0299999999999997,7.00000000000003,1,2,66,0.5
1586,20794.85122,20794.07572,20794.11122,20794.79872,20797.87172,0,2.99999999999994,0.0299999999999997,5.99999999999996,2,1,65,0.5
1587,20799.08572,20798.56522,20798.60322,20799.08572,20819.42522,0,NaN,0,7.00000000000003,1,2,66,0.5
1588,20820.81872,20820.00822,20820.14972,20820.81872,20825.29772,1,NaN,0,5.99999999999996,2,1,65,0.5
1589,20827.27122,20826.43422,20826.48372,20827.21872,20830.71972,0,2.99999999999994,0.0299999999999997,5.99999999999996,2,1,65,0.5
1590,20831.87772,20831.28822,20831.35822,20831.87772,20837.05372,0,NaN,0,7.00000000000003,1,2,66,0.5
1591,20838.22122,20837.51772,20837.66272,20838.22122,20844.74022,0,NaN,0,7.00000000000003,1,2,66,0.5
1592,20845.87872,20845.24572,20845.39522,20845.87872,20846.63472,0,NaN,0,7.00000000000003,1,2,66,0.5
1593,20861.43022,20860.94622,20861.07022,20861.43022,20866.63472,1,NaN,0,5.99999999999996,2,1,65,0.5
1594,20867.47622,20867.07272,20867.09772,20867.47622,20873.48922,1,NaN,0,5.99999999999996,2,1,65,0.5
1595,20874.58022,20873.98472,20874.051221,20874.58022,20879.85772,0,NaN,0,7.00000000000003,1,2,66,0.5
1596,20881.18222,20880.27422,20880.66722,20881.18222,20887.67322,0,NaN,0,7.00000000000003,1,2,66,0.5
1597,20889.45772,20888.50772,20888.81822,20889.40522,20892.64672,0,2.99999999999994,0.0299999999999997,5.99999999999996,2,1,65,0.5
1598,20893.77422,20893.15172,20893.22622,20893.74722,20898.90072,0,2.99999999999994,0.0299999999999997,5.99999999999996,2,1,65,0.5
1599,20899.90322,20899.33372,20899.42322,20899.90322,20905.70172,0,NaN,0,7.00000000000003,1,2,66,0.5
1600,20906.67422,20906.13822,20906.20622,20906.67422,20911.82122,0,NaN,0,7.00000000000003,1,2,66,0.5
1601,20912.67422,20912.25472,20912.29572,20912.67422,20921.49522,1,NaN,0,5.99999999999996,2,1,65,0.5
1602,20922.42822,20921.86972,20921.97922,20922.37522,20924.77172,1,2.99999999999994,0.0299999999999997,7.00000000000003,1,2,66,0.5
1603,20925.75322,20925.29572,20925.32722,20925.70072,20927.87272,1,2.99999999999994,0.0299999999999997,7.00000000000003,1,2,66,0.5
1604,20929.175221,20928.69772,20928.80522,20929.12222,20930.60522,1,2.99999999999994,0.0299999999999997,7.00000000000003,1,2,66,0.5
1605,20931.62672,20931.19672,20931.31072,20931.62672,20941.05522,1,NaN,0,5.99999999999996,2,1,65,0.5
1606,20950.71722,20950.22922,20950.31972,20950.71722,20950.84572,1,NaN,0,5.99999999999996,2,1,65,0.5
1607,20965.84372,20964.89872,20965.213221,20965.79072,20968.55572,0,2.99999999999994,0.0299999999999997,5.99999999999996,2,1,65,0.5
1608,20969.61372,20968.99022,20969.04472,20969.56622,20974.67772,0,2.99999999999994,0.0299999999999997,5.99999999999996,2,1,65,0.5
1609,20975.70622,20975.16522,20975.24272,20975.65322,20978.27922,0,2.99999999999994,0.0299999999999997,5.99999999999996,2,1,65,0.5
1610,20979.40772,20978.81222,20978.91422,20979.40772,20984.60872,0,NaN,0,7.00000000000003,1,2,66,0.5
1611,20985.553221,20985.02272,20985.10272,20985.50022,20988.43422,0,2.99999999999994,0.0299999999999997,5.99999999999996,2,1,65,0.5
1612,20989.66172,20989.05772,20989.16522,20989.66172,20995.43022,0,NaN,0,7.00000000000003,1,2,66,0.5
1613,20997.18722,20996.51272,20996.62022,20997.18722,20998.16672,0,NaN,0,7.00000000000003,1,2,66,0.5
1614,21007.14872,21006.143221,21006.47272,21007.09622,21011.56972,0,2.99999999999994,0.0299999999999997,5.99999999999996,2,1,65,0.5
1615,21013.03672,21012.36572,21012.46022,21012.98422,21015.84722,0,2.99999999999994,0.0299999999999997,5.99999999999996,2,1,65,0.5
1616,21016.86972,21016.36272,21016.39222,21016.86972,21022.20822,0,NaN,0,7.00000000000003,0,2,66,0.5
1617,21023.20972,21022.62572,21022.70622,21023.20972,21029.60472,0,NaN,0,7.00000000000003,0,2,66,0.5
1618,21030.52072,21030.03172,21030.09622,21030.52072,21054.22472,0,NaN,0,7.00000000000003,1,2,66,0.5
1619,21056.52572,21055.97822,21056.03722,21056.52572,21056.63822,0,NaN,0,7.00000000000003,1,2,66,0.5
1620,21066.48272,21065.60572,21065.96672,21066.48272,21072.53322,0,NaN,0,7.00000000000003,0,2,66,0.5
1621,21073.63172,21073.12622,21073.187221,21073.57922,21075.94822,1,2.99999999999994,0.0299999999999997,7.00000000000003,1,2,66,0.5
1622,21077.14672,21076.58122,21076.69722,21077.09472,21079.99172,1,2.99999999999994,0.0299999999999997,7.00000000000003,1,2,66,0.5
1623,21081.07272,21080.49572,21080.61022,21080.97072,21081.57872,1,NaN,0.00999999999999943,7.00000000000003,0,2,66,0.5
1624,21089.87072,21089.09422,21089.21422,21089.86772,21092.60022,1,2.99999999999994,0.0299999999999997,7.00000000000003,1,2,66,0.5
1625,21093.65422,21093.06622,21093.13422,21093.65172,21096.50272,1,2.99999999999994,0.0299999999999997,7.00000000000003,1,2,66,0.5
1626,21097.50722,21097.06022,21097.11222,21097.45422,21100.69672,1,2.99999999999994,0.0299999999999997,7.00000000000003,1,2,66,0.5
1627,21101.65872,21101.24422,21101.27472,21101.60572,21104.94422,1,2.99999999999994,0.0299999999999997,7.00000000000003,1,2,66,0.5
1628,21105.90172,21105.43772,21105.54172,21105.90172,21113.17872,1,NaN,0,5.99999999999996,2,1,65,0.5
1629,21114.15822,21113.68822,21113.73172,21114.10472,21118.71272,1,2.99999999999994,0.0299999999999997,7.00000000000003,1,2,66,0.5
1630,21119.65172,21119.24622,21119.30922,21119.65172,21138.91522,1,NaN,0,5.99999999999996,2,1,65,0.5
1631,21139.864721,21139.40472,21139.45772,21139.81172,21143.96122,1,2.99999999999994,0.0299999999999997,7.00000000000003,1,2,66,0.5
1632,21144.80972,21144.34972,21144.41722,21144.80972,21151.20272,1,NaN,0,5.99999999999996,2,1,65,0.5
1633,21152.22022,21151.66722,21151.74772,21152.22022,21158.61472,0,NaN,0,7.00000000000003,1,2,66,0.5
1634,21159.70072,21159.08222,21159.16972,21159.70072,21165.497221,0,NaN,0,7.00000000000003,1,2,66,0.5
1635,21167.04522,21166.41622,21166.51322,21167.04522,21173.26322,0,NaN,0,7.00000000000003,1,2,66,0.5
1636,21174.15022,21173.67122,21173.78022,21174.15022,21176.61972,1,NaN,0,5.99999999999996,2,1,65,0.5
1637,21186.809221,21186.29122,21186.32822,21186.809221,21187.40672,0,NaN,0,7.00000000000003,1,2,66,0.5
1638,21323.09322,21321.69372,21322.08822,21323.09322,21323.28872,1,NaN,0,5.99999999999996,2,1,65,0.5
1639,21332.12172,21331.30422,21331.36372,21332.12172,21332.53322,0,NaN,0,7.00000000000003,1,2,66,0.5
1640,21341.18022,21340.65722,21340.72872,21341.12772,21343.52872,1,2.99999999999994,0.0299999999999997,7.00000000000003,1,2,66,0.5
1641,21345.85772,21345.35472,21345.43222,21345.80422,21347.58122,1,2.99999999999994,0.0299999999999997,7.00000000000003,1,2,66,0.5
1642,21348.85322,21348.36922,21348.47572,21348.85322,21349.13022,1,NaN,0,5.99999999999996,2,1,65,0.5
1643,21359.05822,21358.35022,21358.41872,21359.05822,21365.13322,0,NaN,0,7.00000000000003,1,2,66,0.5
1644,21366.19222,21365.49922,21365.56122,21366.19022,21368.991221,0,2.99999999999994,0.0299999999999997,5.99999999999996,2,1,65,0.5
1645,21370.16322,21369.49322,21369.53322,21370.11022,21374.05972,0,2.99999999999994,0.0299999999999997,5.99999999999996,2,1,65,0.5
1646,21375.01172,21374.54822,21374.578721,21375.01172,NaN,0,NaN,0,7.00000000000003,1,2,66,0.5
