trial,outcome,center_in,center_out,side_in,last_side_out,actions,reward,trial_types,odors,port_side,schedule,odor_name,odor_dur
1,1051.179214,1050.152714,1050.227214,1051.126714,1088.111714,0,2.99999999999994,0.0299999999999997,5.99999999999996,2,1,65,0.5
2,1091.110714,1090.054714,1090.598714,1091.110714,1097.174714,0,NaN,0,7.00000000000003,1,2,66,0.5
3,1110.880214,1109.945714,1110.362214,1110.827714,1116.056714,1,2.99999999999994,0.0299999999999997,7.00000000000003,1,2,66,0.5
4,1118.332214,1117.286214,1117.795214,1118.279714,1120.315214,0,2.99999999999994,0.0299999999999997,5.99999999999996,2,1,65,0.5
5,1122.684714,1121.743714,1121.994714,1122.631714,1130.733714,1,2.99999999999994,0.0299999999999997,7.00000000000003,1,2,66,0.5
6,1153.356714,1152.556714,1152.814714,1153.356714,1161.642714,1,NaN,0,5.99999999999996,2,1,65,0.5
7,1162.966214,1162.356714,1162.501714,1162.966214,1168.262214,1,NaN,0,5.99999999999996,2,1,65,0.5
8,1171.943214,1171.100714,1171.149714,1171.941214,1187.975714,1,2.99999999999994,0.0299999999999997,7.00000000000003,1,2,66,0.5
9,1189.062714,1188.544214,1188.618214,1189.062714,1192.624714,1,NaN,0,5.99999999999996,2,1,65,0.5
10,1196.861714,1195.763714,1196.293714,1196.809214,1198.107714,0,2.99999999999994,0.0299999999999997,5.99999999999996,2,1,65,0.5
11,1201.097214,1200.278714,1200.488714,1201.044214,1203.899714,1,2.99999999999994,0.0299999999999997,7.00000000000003,1,2,66,0.5
12,1206.380714,1205.503714,1205.833714,1206.380714,1209.269214,0,NaN,0,7.00000000000003,1,2,66,0.5
13,1219.257714,1218.343214,1218.682214,1219.257714,1224.068714,1,NaN,0,5.99999999999996,2,1,65,0.5
14,1227.132214,1226.148714,1226.600214,1227.132214,1229.727214,0,NaN,0,7.00000000000003,1,2,66,0.5
15,1243.618214,1233.814214,1234.367214,1243.618214,1243.735214,0,NaN,0,7.00000000000003,1,2,66,0.5
16,1264.310214,1263.317214,1263.609214,1264.257214,1274.216214,1,2.99999999999994,0.0299999999999997,7.00000000000003,1,2,66,0.5
17,1281.270214,1280.296214,1280.807714,1281.270214,1287.604714,0,NaN,0,7.00000000000003,1,2,66,0.5
18,1300.765214,1299.856714,1300.236214,1300.765214,1308.070714,0,NaN,0,7.00000000000003,1,2,66,0.5
19,1309.770714,1308.878714,1309.251214,1309.770714,1310.010714,0,NaN,0,7.00000000000003,1,2,66,0.5
20,1327.738214,1326.711714,1326.936214,1327.685214,1333.892214,1,2.99999999999994,0.0299999999999997,7.00000000000003,1,2,66,0.5
21,1338.397714,1336.533714,1336.849214,1338.395714,1350.003714,1,2.99999999999994,0.0299999999999997,7.00000000000003,1,2,66,0.5
22,1351.867714,1350.918714,1351.035714,1351.865714,1356.523214,1,2.99999999999994,0.0299999999999997,7.00000000000003,1,2,66,0.5
23,1359.234714,1358.291714,1358.594214,1359.181714,1433.525214,1,2.99999999999994,0.0299999999999997,7.00000000000003,1,2,66,0.5
24,1435.418714,1434.384214,1434.417714,1435.365714,1441.697214,1,2.99999999999994,0.0299999999999997,7.00000000000003,1,2,66,0.5
25,1443.571214,1442.581214,1442.902714,1443.571214,1534.869714,0,NaN,0,7.00000000000003,1,2,66,0.5
26,1540.212714,1539.216714,1539.276714,1540.212714,1581.037214,1,NaN,0,5.99999999999996,2,1,65,0.5
27,1582.694714,1581.625714,1582.080714,1582.692214,1583.873714,0,2.99999999999994,0.0299999999999997,5.99999999999996,2,1,65,0.5
28,1586.915214,1586.176714,1586.352714,1586.912714,1590.150214,1,2.99999999999994,0.0299999999999997,7.00000000000003,1,2,66,0.5
29,1594.106714,1592.800214,1593.273714,1594.106714,1597.730214,1,NaN,0,5.99999999999996,2,1,65,0.5
30,1604.898214,1604.163214,1604.251714,1604.895214,1607.776714,1,2.99999999999994,0.0299999999999997,7.00000000000003,1,2,66,0.5
31,1610.815714,1609.108714,1609.701214,1610.815714,1618.160214,1,NaN,0,5.99999999999996,2,1,65,0.5
32,1625.422214,1624.423214,1624.766214,1625.422214,1634.680214,1,NaN,0,5.99999999999996,2,1,65,0.5
33,1636.669714,1635.578714,1635.990214,1636.667214,1642.187714,1,2.99999999999994,0.0299999999999997,7.00000000000003,1,2,66,0.5
34,1645.261214,1644.027214,1644.548714,1645.258714,1646.613214,0,2.99999999999994,0.0299999999999997,5.99999999999996,2,1,65,0.5
35,1652.243214,1651.028214,1651.273214,1652.243214,1658.446214,1,NaN,0,5.99999999999996,2,1,65,0.5
36,1701.425714,1700.347714,1700.512214,1701.425714,1701.688214,1,NaN,0,5.99999999999996,2,1,65,0.5
37,1711.290214,1710.201214,1710.477214,1711.290214,1719.382714,1,NaN,0,5.99999999999996,2,1,65,0.5
38,1727.138214,1725.977214,1726.305214,1727.138214,1736.508714,1,NaN,0,5.99999999999996,2,1,65,0.5
39,1738.939214,1737.636214,1738.128214,1738.886214,1747.031214,1,2.99999999999994,0.0299999999999997,7.00000000000003,1,2,66,0.5
40,1748.806214,1747.670214,1748.176214,1748.806214,1755.437714,1,NaN,0,5.99999999999996,2,1,65,0.5
41,1760.096214,1759.407214,1759.686714,1760.096214,1776.760214,1,NaN,0,5.99999999999996,2,1,65,0.5
42,1787.248714,1786.280714,1786.546214,1787.248714,1793.667714,1,NaN,0,5.99999999999996,2,1,65,0.5
43,1795.166714,1794.410214,1794.658714,1795.166714,1810.690714,1,NaN,0,5.99999999999996,2,1,65,0.5
44,1821.662714,1820.783714,1820.990214,1821.660214,1824.400714,1,2.99999999999994,0.0299999999999997,7.00000000000003,1,2,66,0.5
45,1830.246214,1829.489714,1829.704214,1830.246214,1835.351714,1,NaN,0,5.99999999999996,2,1,65,0.5
46,1839.620714,1838.690714,1838.945714,1839.519214,1849.634214,1,NaN,0.00999999999999943,7.00000000000003,0,2,66,0.5
47,1854.221214,1852.980714,1853.504214,1854.168214,1855.553214,0,2.99999999999994,0.0299999999999997,5.99999999999996,2,1,65,0.5
48,1858.861714,1857.944214,1858.313214,1858.861714,1904.523714,1,NaN,0,5.99999999999996,2,1,65,0.5
49,1928.696214,1921.686214,1921.967214,1928.696214,1942.925214,1,NaN,0,5.99999999999996,2,1,65,0.5
50,2157.347214,2155.588214,2155.949714,2157.347214,2277.055714,1,NaN,0,5.99999999999996,2,1,65,0.5
51,2283.286714,2281.630714,2282.090714,2283.286714,2292.634714,1,NaN,0,5.99999999999996,2,1,65,0.5
52,2296.491214,2295.169714,2295.733214,2296.438214,2297.989214,0,2.99999999999994,0.0299999999999997,5.99999999999996,2,1,65,0.5
53,2300.231714,2298.780714,2299.385714,2300.178714,2302.819214,1,2.99999999999994,0.0299999999999997,7.00000000000003,1,2,66,0.5
54,2305.316714,2303.863214,2304.528714,2305.264214,2306.751714,0,2.99999999999994,0.0299999999999997,5.99999999999996,2,1,65,0.5
55,2313.411714,2312.637714,2312.667714,2313.411714,2313.655214,1,NaN,0,5.99999999999996,2,1,65,0.5
56,2329.080714,2327.481714,2328.126214,2329.028214,2333.631714,1,2.99999999999994,0.0299999999999997,7.00000000000003,1,2,66,0.5
57,2337.054714,2335.696214,2336.124214,2337.054714,2343.358214,1,NaN,0,5.99999999999996,2,1,65,0.5
58,2346.508714,2345.280214,2345.721714,2346.506214,2347.596714,0,2.99999999999994,0.0299999999999997,5.99999999999996,2,1,65,0.5
59,2349.853214,2348.729214,2349.175714,2349.800214,2352.627714,1,2.99999999999994,0.0299999999999997,7.00000000000003,1,2,66,0.5
60,2364.095714,2363.266214,2363.399714,2364.095714,2365.023714,1,NaN,0,5.99999999999996,2,1,65,0.5
61,2379.607214,2378.956214,2379.062214,2379.607214,2384.836714,1,NaN,0,5.99999999999996,2,1,65,0.5
62,2390.841714,2390.099214,2390.164714,2390.841714,2400.836214,1,NaN,0,5.99999999999996,2,1,65,0.5
63,2405.673214,2404.512214,2404.965214,2405.673214,2406.068214,0,NaN,0,7.00000000000003,1,2,66,0.5
64,2421.948214,2421.042214,2421.112214,2421.894714,2425.306714,1,2.99999999999994,0.0299999999999997,7.00000000000003,1,2,66,0.5
65,2427.896214,2426.584214,2426.970714,2427.896214,2435.009714,1,NaN,0,5.99999999999996,2,1,65,0.5
66,2437.462714,2435.586714,2436.091714,2437.460214,2443.768714,0,2.99999999999994,0.0299999999999997,5.99999999999996,2,1,65,0.5
67,2445.591714,2444.601714,2444.794714,2445.489714,2453.227214,1,NaN,0.00999999999999943,7.00000000000003,0,2,66,0.5
68,2454.832214,2453.894214,2454.117714,2454.779714,2459.701214,1,2.99999999999994,0.0299999999999997,7.00000000000003,1,2,66,0.5
69,2462.109714,2460.729214,2461.151714,2462.109714,2471.607714,1,NaN,0,5.99999999999996,2,1,65,0.5
70,2474.810214,2473.965214,2474.097714,2474.757214,2481.575214,1,2.99999999999994,0.0299999999999997,7.00000000000003,1,2,66,0.5
71,2485.717214,2484.639214,2484.745214,2485.717214,2498.191214,1,NaN,0,5.99999999999996,2,1,65,0.5
72,2499.869214,2499.096214,2499.200214,2499.869214,2504.063714,1,NaN,0,5.99999999999996,2,1,65,0.5
73,2508.922714,2508.070714,2508.165214,2508.870214,2514.571214,1,2.99999999999994,0.0299999999999997,7.00000000000003,1,2,66,0.5
74,2516.960714,2515.972214,2516.323714,2516.960714,2521.894214,1,NaN,0,5.99999999999996,2,1,65,0.5
75,2525.367214,2524.528714,2524.685714,2525.265714,2531.587214,1,NaN,0.00999999999999943,7.00000000000003,0,2,66,0.5
76,2628.788714,2627.278714,2627.597714,2628.788714,2648.303214,1,NaN,0,5.99999999999996,2,1,65,0.5
77,2650.477714,2649.058714,2649.362714,2650.476214,2656.375214,1,NaN,0.00999999999999943,7.00000000000003,0,2,66,0.5
78,2657.738214,2656.903714,2657.120714,2657.738214,2658.014714,1,NaN,0,5.99999999999996,2,1,65,0.5
79,2667.694714,2666.668714,2666.842214,2667.693214,2673.649714,1,NaN,0.00999999999999943,7.00000000000003,0,2,66,0.5
80,2675.485714,2674.777714,2674.840214,2675.485714,2684.523714,1,NaN,0,5.99999999999996,2,1,65,0.5
81,2686.267714,2685.124214,2685.649214,2686.267714,2689.606214,1,NaN,0,5.99999999999996,2,1,65,0.5
82,2703.471214,2702.603214,2702.921714,2703.418714,2706.573714,1,2.99999999999994,0.0299999999999997,7.00000000000003,1,2,66,0.5
83,2710.394714,2709.737714,2709.781214,2710.394714,2711.379714,1,NaN,0,5.99999999999996,2,1,65,0.5
84,2718.247714,2716.999214,2717.533714,2718.195214,2721.192214,0,2.99999999999994,0.0299999999999997,5.99999999999996,2,1,65,0.5
85,2723.126714,2722.233214,2722.469714,2723.074214,2731.033714,1,2.99999999999994,0.0299999999999997,7.00000000000003,1,2,66,0.5
86,2733.192714,2731.894214,2732.305714,2733.191714,2733.930214,1,NaN,0.00999999999999943,7.00000000000003,0,2,66,0.5
87,2741.072714,2740.207214,2740.426714,2741.072714,2748.325214,1,NaN,0,5.99999999999996,2,1,65,0.5
88,2749.786714,2748.896214,2749.134714,2749.733214,2755.307714,1,2.99999999999994,0.0299999999999997,7.00000000000003,1,2,66,0.5
89,2757.274714,2756.265214,2756.655214,2757.274714,2765.461714,0,NaN,0,7.00000000000003,1,2,66,0.5
90,2767.864714,2766.963714,2767.331214,2767.864714,2773.158214,1,NaN,0,5.99999999999996,2,1,65,0.5
91,2779.602714,2778.615714,2778.860214,2779.600214,2783.608214,1,2.99999999999994,0.0299999999999997,7.00000000000003,1,2,66,0.5
92,2786.177714,2785.020214,2785.395714,2786.177714,2792.695714,1,NaN,0,5.99999999999996,0,1,65,0.5
93,2800.506214,2799.381714,2799.692714,2800.506214,2800.693214,1,NaN,0,5.99999999999996,2,1,65,0.5
94,2812.529214,2811.411714,2811.738214,2812.529214,2812.871214,0,NaN,0,7.00000000000003,1,2,66,0.5
95,2821.411214,2820.392214,2820.812214,2821.411214,2829.920214,0,NaN,0,7.00000000000003,1,2,66,0.5
96,2836.175214,2835.319714,2835.543214,2836.122214,2846.759214,1,2.99999999999994,0.0299999999999997,7.00000000000003,1,2,66,0.5
97,2849.473214,2848.191714,2848.652714,2849.420714,2853.064714,0,2.99999999999994,0.0299999999999997,5.99999999999996,2,1,65,0.5
98,2855.073714,2853.986714,2854.275214,2855.071214,2859.430714,1,2.99999999999994,0.0299999999999997,7.00000000000003,1,2,66,0.5
99,2863.540214,2862.179214,2862.515214,2863.540214,2864.439214,1,NaN,0,5.99999999999996,2,1,65,0.5
100,2908.070214,2907.027714,2907.367714,2908.070214,2908.308714,1,NaN,0,5.99999999999996,2,1,65,0.5
101,2919.973214,2919.267714,2919.338714,2919.973214,2920.210214,1,NaN,0,5.99999999999996,2,1,65,0.5
102,2936.848714,2935.737714,2936.049714,2936.848714,2940.779714,1,NaN,0,5.99999999999996,2,1,65,0.5
103,2972.908214,2971.914214,2972.182214,2972.908214,2973.290714,1,NaN,0,5.99999999999996,2,1,65,0.5
104,2981.583714,2980.648214,2980.890714,2981.583714,2987.062214,1,NaN,0,5.99999999999996,2,1,65,0.5
105,2990.737714,2989.922714,2989.966214,2990.737714,2990.845214,1,NaN,0,5.99999999999996,2,1,65,0.5
106,3004.374714,3002.986214,3003.318214,3004.373214,3004.409214,1,NaN,0.00999999999999943,7.00000000000003,0,2,66,0.5
107,3031.307714,3030.413714,3030.661214,3031.307714,3031.666714,1,NaN,0,5.99999999999996,2,1,65,0.5
108,3039.625214,3038.546714,3038.920214,3039.625214,3042.940714,1,NaN,0,5.99999999999996,2,1,65,0.5
109,3074.828214,3073.141214,3073.490214,3074.828214,3074.888214,1,NaN,0,5.99999999999996,2,1,65,0.5
110,3088.303214,3087.162214,3087.561214,3088.303214,3094.716714,1,NaN,0,5.99999999999996,2,1,65,0.5
111,3097.994214,3097.236214,3097.293714,3097.994214,3106.008714,1,NaN,0,5.99999999999996,2,1,65,0.5
112,3107.959214,3106.950714,3107.444214,3107.959214,3113.549714,1,NaN,0,5.99999999999996,2,1,65,0.5
113,3117.419214,3116.180714,3116.625214,3117.416714,3120.824714,0,2.99999999999994,0.0299999999999997,5.99999999999996,2,1,65,0.5
114,3122.532714,3121.656714,3121.831214,3122.532714,3131.802714,1,NaN,0,5.99999999999996,2,1,65,0.5
115,3140.294714,3139.049714,3139.405214,3140.193214,3140.692714,1,NaN,0.00999999999999943,7.00000000000003,0,2,66,0.5
116,3176.141214,3174.876714,3175.312214,3176.141214,3394.480714,1,NaN,0,5.99999999999996,2,1,65,0.5
117,3398.922214,3395.932714,3395.953714,3398.322214,NaN,0,NaN,0.00999999999999943,5.99999999999996,0,1,65,0.5
118,3406.444714,3405.564714,3405.708214,3406.444714,3423.749714,1,NaN,0,5.99999999999996,2,1,65,0.5
119,3427.246214,3425.982214,3426.464714,3427.193714,3429.823214,0,2.99999999999994,0.0299999999999997,5.99999999999996,2,1,65,0.5
120,3433.108214,3432.031714,3432.208214,3433.108214,3433.319714,1,NaN,0,5.99999999999996,2,1,65,0.5
121,3451.432214,3450.258214,3450.513714,3451.432214,3451.690714,1,NaN,0,5.99999999999996,2,1,65,0.5
122,3459.946214,3459.063214,3459.260214,3459.946214,3469.877714,1,NaN,0,5.99999999999996,2,1,65,0.5
123,3471.086714,3470.468214,3470.535714,3471.086714,3481.028214,1,NaN,0,5.99999999999996,2,1,65,0.5
124,3482.701214,3481.659214,3481.736714,3482.700214,3490.413714,1,NaN,0.00999999999999943,7.00000000000003,0,2,66,0.5
125,3492.236714,3491.022214,3491.661214,3492.236714,3503.394214,1,NaN,0,5.99999999999996,2,1,65,0.5
126,3505.001214,3504.097214,3504.547714,3505.001214,3507.835714,1,NaN,0,5.99999999999996,0,1,65,0.5
127,3519.976714,3518.675714,3519.033214,3519.973714,3530.304214,1,2.99999999999994,0.0299999999999997,7.00000000000003,1,2,66,0.5
128,3532.221214,3531.048214,3531.538714,3532.168714,3536.639214,0,2.99999999999994,0.0299999999999997,5.99999999999996,2,1,65,0.5
129,3538.084214,3537.325714,3537.530214,3538.084214,3542.632714,1,NaN,0,5.99999999999996,2,1,65,0.5
130,3547.899714,3546.259214,3547.280714,3547.899714,3562.537214,1,NaN,0,5.99999999999996,2,1,65,0.5
131,3611.697714,3610.473714,3610.963714,3611.697714,3616.935214,1,NaN,0,5.99999999999996,0,1,65,0.5
132,3662.212714,3661.188214,3661.567714,3662.212714,3662.787214,1,NaN,0,5.99999999999996,2,1,65,0.5
133,3681.179214,3679.992714,3680.270214,3681.179214,3685.551214,1,NaN,0,5.99999999999996,2,1,65,0.5
134,3689.927214,3689.361714,3689.421714,3689.927214,3699.746714,1,NaN,0,5.99999999999996,2,1,65,0.5
135,3704.427714,3703.795714,3703.895714,3704.427714,3711.397214,1,NaN,0,5.99999999999996,2,1,65,0.5
136,3714.747714,3713.441214,3713.974214,3714.695214,3717.770714,0,2.99999999999994,0.0299999999999997,5.99999999999996,2,1,65,0.5
137,3719.497714,3718.453214,3718.869714,3719.495214,3722.996214,1,2.99999999999994,0.0299999999999997,7.00000000000003,1,2,66,0.5
138,3725.080214,3724.367214,3724.395214,3725.026714,3729.041714,0,2.99999999999994,0.0299999999999997,5.99999999999996,2,1,65,0.5
139,3730.610214,3729.740214,3729.943714,3730.610214,3737.331214,1,NaN,0,5.99999999999996,2,1,65,0.5
140,3739.861714,3738.692214,3739.177714,3739.859214,3742.828214,1,2.99999999999994,0.0299999999999997,7.00000000000003,1,2,66,0.5
141,3745.994214,3745.329714,3745.360714,3745.941714,3749.646214,0,2.99999999999994,0.0299999999999997,5.99999999999996,2,1,65,0.5
142,3751.671714,3750.596714,3750.945214,3751.618714,3754.596214,1,2.99999999999994,0.0299999999999997,7.00000000000003,1,2,66,0.5
143,3756.704714,3755.751214,3755.887714,3756.651714,3761.583714,0,2.99999999999994,0.0299999999999997,5.99999999999996,2,1,65,0.5
144,3763.242214,3762.315714,3762.693214,3763.242214,3764.944214,1,NaN,0,5.99999999999996,2,1,65,0.5
145,3771.267214,3769.659214,3770.091714,3771.267214,3778.332214,0,NaN,0,7.00000000000003,1,2,66,0.5
146,3780.602714,3779.573214,3780.010714,3780.602714,3785.438214,0,NaN,0,7.00000000000003,1,2,66,0.5
147,3795.251214,3794.531214,3794.598714,3795.251214,3796.349214,1,NaN,0,5.99999999999996,2,1,65,0.5
148,3808.804714,3807.490214,3807.978214,3808.803714,3813.983214,1,NaN,0.00999999999999943,7.00000000000003,0,2,66,0.5
149,3816.202214,3815.621714,3815.650714,3816.202214,3823.777214,1,NaN,0,5.99999999999996,2,1,65,0.5
150,3825.307214,3824.316214,3824.793214,3825.288214,3827.681714,1,2.99999999999994,0.0299999999999997,7.00000000000003,1,2,66,0.5
151,3831.318214,3829.811714,3830.473714,3831.318214,3832.487714,1,NaN,0,5.99999999999996,2,1,65,0.5
152,3839.469714,3838.098714,3838.700214,3839.467714,3842.825214,0,2.99999999999994,0.0299999999999997,5.99999999999996,2,1,65,0.5
153,3844.768214,3843.477714,3843.850714,3844.766714,3864.682214,1,NaN,0.00999999999999943,7.00000000000003,0,2,66,0.5
154,3869.295214,3868.088214,3868.515214,3869.242214,3872.501214,0,2.99999999999994,0.0299999999999997,5.99999999999996,2,1,65,0.5
155,3874.985214,3873.801714,3874.035714,3874.932214,3877.783714,1,2.99999999999994,0.0299999999999997,7.00000000000003,1,2,66,0.5
156,3879.919714,3878.974714,3879.307714,3879.919714,3881.034214,1,NaN,0,5.99999999999996,2,1,65,0.5
157,3887.094214,3885.721214,3886.284214,3887.094214,3895.146714,1,NaN,0,5.99999999999996,2,1,65,0.5
158,3897.373714,3895.815214,3896.769714,3897.373714,3901.198714,1,NaN,0,5.99999999999996,2,1,65,0.5
159,3909.511714,3908.683214,3908.882214,3909.511714,3909.626214,1,NaN,0,5.99999999999996,2,1,65,0.5
160,3932.877714,3932.081214,3932.280214,3932.877714,3944.429714,1,NaN,0,5.99999999999996,2,1,65,0.5
161,3945.866714,3945.030714,3945.340214,3945.866714,4183.193714,1,NaN,0,5.99999999999996,2,1,65,0.5
162,4194.496214,4193.488214,4193.795214,4194.496214,4194.866714,1,NaN,0,5.99999999999996,2,1,65,0.5
163,4208.077714,4205.893214,4206.382214,4208.075214,4212.625714,1,2.99999999999994,0.0299999999999997,7.00000000000003,1,2,66,0.5
164,4218.202214,4214.130714,4214.616714,4218.149214,4224.481714,0,2.99999999999994,0.0299999999999997,5.99999999999996,2,1,65,0.5
165,4230.132214,4228.963714,4229.100214,4230.132214,4297.668714,1,NaN,0,5.99999999999996,2,1,65,0.5
166,4303.234714,4301.997714,4302.373714,4303.234714,4304.225714,0,NaN,0,7.00000000000003,1,2,66,0.5
167,4310.153714,4309.123214,4309.396214,4310.100714,4311.793214,1,2.99999999999994,0.0299999999999997,7.00000000000003,1,2,66,0.5
168,4316.770714,4315.813214,4316.116214,4316.770714,4316.918214,0,NaN,0,7.00000000000003,0,2,66,0.5
169,4332.935214,4331.568214,4331.863214,4332.882214,4335.940214,1,2.99999999999994,0.0299999999999997,7.00000000000003,1,2,66,0.5
170,4339.424714,4338.288714,4338.644214,4339.424714,4339.716714,0,NaN,0,7.00000000000003,1,2,66,0.5
171,4347.113714,4346.039214,4346.500714,4347.113714,4347.997214,1,NaN,0,5.99999999999996,2,1,65,0.5
172,4354.549714,4353.775214,4353.874214,4354.549714,4358.131714,1,NaN,0,5.99999999999996,2,1,65,0.5
173,4361.897214,4361.376214,4361.412214,4361.897214,4362.475714,1,NaN,0,5.99999999999996,2,1,65,0.5
174,4368.869714,4368.059214,4368.355214,4368.867214,4373.213214,1,2.99999999999994,0.0299999999999997,7.00000000000003,1,2,66,0.5
175,4375.716214,4374.294714,4374.979214,4375.663714,4378.622214,0,2.99999999999994,0.0299999999999997,5.99999999999996,2,1,65,0.5
176,4380.441714,4379.626214,4379.878714,4380.441714,4380.943214,1,NaN,0,5.99999999999996,2,1,65,0.5
177,4401.582714,4400.694714,4400.850214,4401.530214,4418.191714,1,2.99999999999994,0.0299999999999997,7.00000000000003,1,2,66,0.5
178,4420.601214,4419.561714,4419.988714,4420.601214,4431.534214,0,NaN,0,7.00000000000003,1,2,66,0.5
179,4436.310214,4435.428214,4435.707714,4436.258214,4440.071714,1,2.99999999999994,0.0299999999999997,7.00000000000003,1,2,66,0.5
180,4442.184214,4441.205214,4441.498714,4442.132214,4445.717714,1,2.99999999999994,0.0299999999999997,7.00000000000003,1,2,66,0.5
181,4447.926214,4446.580214,4446.904214,4447.924214,4451.922714,1,2.99999999999994,0.0299999999999997,7.00000000000003,1,2,66,0.5
182,4454.710714,4453.428714,4453.708714,4454.710714,4456.012714,1,NaN,0,5.99999999999996,2,1,65,0.5
183,4475.932714,4474.873214,4475.253714,4475.932714,4476.402714,1,NaN,0,5.99999999999996,2,1,65,0.5
184,4487.374714,4486.276714,4486.640214,4487.322714,4491.073214,0,2.99999999999994,0.0299999999999997,5.99999999999996,2,1,65,0.5
185,4494.370214,4493.195714,4493.545714,4494.370214,4498.766214,1,NaN,0,5.99999999999996,2,1,65,0.5
186,4515.066214,4513.929714,4514.120214,4515.063714,4519.694714,1,2.99999999999994,0.0299999999999997,7.00000000000003,1,2,66,0.5
187,4522.212714,4520.833714,4521.359714,4522.160214,4526.810214,0,2.99999999999994,0.0299999999999997,5.99999999999996,2,1,65,0.5
188,4528.402714,4527.457214,4527.688714,4528.402714,4534.282214,1,NaN,0,5.99999999999996,2,1,65,0.5
189,4537.372214,4536.215714,4536.704714,4537.372214,4538.437714,1,NaN,0,5.99999999999996,2,1,65,0.5
190,4546.860214,4545.998714,4546.123214,4546.860214,4752.569714,1,NaN,0,5.99999999999996,2,1,65,0.5
191,4755.462714,4753.630714,4753.846714,4755.409714,4757.315214,1,2.99999999999994,0.0299999999999997,7.00000000000003,1,2,66,0.5
192,4762.819214,4761.751714,4761.828214,4762.766214,4770.691214,0,2.99999999999994,0.0299999999999997,5.99999999999996,2,1,65,0.5
193,4773.032714,4771.363714,4771.648714,4773.031714,4774.351214,1,NaN,0.00999999999999943,7.00000000000003,0,2,66,0.5
194,4786.438714,4785.395714,4785.524214,4786.436714,4790.458214,1,2.99999999999994,0.0299999999999997,7.00000000000003,1,2,66,0.5
195,4793.767214,4792.662214,4792.977714,4793.767214,4800.421714,0,NaN,0,7.00000000000003,1,2,66,0.5
196,4809.557214,4808.653214,4808.899714,4809.557214,4812.047714,0,NaN,0,7.00000000000003,1,2,66,0.5
197,4815.965714,4815.210714,4815.276214,4815.965714,4822.725714,1,NaN,0,5.99999999999996,2,1,65,0.5
198,4827.148714,4826.041214,4826.468714,4827.096214,4830.484714,0,2.99999999999994,0.0299999999999997,5.99999999999996,2,1,65,0.5
199,4832.300714,4831.176214,4831.471214,4832.247714,4837.730214,1,2.99999999999994,0.0299999999999997,7.00000000000003,1,2,66,0.5
200,4839.844214,4838.638714,4839.146214,4839.791714,4842.766714,0,2.99999999999994,0.0299999999999997,5.99999999999996,2,1,65,0.5
201,4844.891214,4843.675214,4843.965714,4844.838214,4849.384714,1,2.99999999999994,0.0299999999999997,7.00000000000003,1,2,66,0.5
202,4851.535214,4850.228214,4850.607214,4851.482214,4855.527214,0,2.99999999999994,0.0299999999999997,5.99999999999996,2,1,65,0.5
203,4857.109714,4856.124214,4856.359214,4857.109714,4858.075714,1,NaN,0,5.99999999999996,2,1,65,0.5
204,4865.906714,4864.711714,4865.142214,4865.854214,4870.182214,0,2.99999999999994,0.0299999999999997,5.99999999999996,2,1,65,0.5
205,4872.850714,4871.103214,4871.401714,4872.850714,4878.892714,1,NaN,0,5.99999999999996,2,1,65,0.5
206,4881.627214,4880.553214,4881.062214,4881.627214,4890.410714,1,NaN,0,5.99999999999996,2,1,65,0.5
207,4892.277714,4891.070214,4891.471214,4892.277714,4893.291714,1,NaN,0,5.99999999999996,2,1,65,0.5
208,4909.348714,4907.975714,4908.181214,4909.348714,4911.918214,1,NaN,0,5.99999999999996,2,1,65,0.5
209,4918.217214,4916.900214,4917.420214,4918.217214,4918.753714,1,NaN,0,5.99999999999996,2,1,65,0.5
210,4925.716714,4924.575714,4925.147214,4925.663714,4931.807714,1,2.99999999999994,0.0299999999999997,7.00000000000003,1,2,66,0.5
211,4934.435714,4933.110214,4933.414714,4934.435714,4939.475714,1,NaN,0,5.99999999999996,2,1,65,0.5
212,4942.700714,4940.956214,4941.476214,4942.698214,4949.107714,1,2.99999999999994,0.0299999999999997,7.00000000000003,1,2,66,0.5
213,4951.070714,4949.630214,4950.172714,4951.068714,4954.151714,0,2.99999999999994,0.0299999999999997,5.99999999999996,2,1,65,0.5
214,4956.470214,4955.214214,4955.493714,4956.467714,4962.009714,1,2.99999999999994,0.0299999999999997,7.00000000000003,1,2,66,0.5
215,4964.169714,4962.876214,4963.324214,4964.169714,5263.716214,1,NaN,0,5.99999999999996,2,1,65,0.5
216,5269.827214,5267.961214,5268.435214,5269.824714,5275.484714,1,2.99999999999994,0.0299999999999997,7.00000000000003,1,2,66,0.5
217,5280.018214,5278.229714,5278.708714,5279.965214,5283.398214,0,2.99999999999994,0.0299999999999997,5.99999999999996,2,1,65,0.5
218,5288.593714,5287.222214,5287.516214,5288.593714,5295.163714,1,NaN,0,5.99999999999996,2,1,65,0.5
219,5297.413214,5295.996714,5296.496714,5297.360714,5301.376214,0,2.99999999999994,0.0299999999999997,5.99999999999996,2,1,65,0.5
220,5303.027214,5301.995714,5302.301714,5303.027214,5307.510714,1,NaN,0,5.99999999999996,2,1,65,0.5
221,5310.548214,5309.135714,5309.596714,5310.548214,5310.959714,1,NaN,0,5.99999999999996,0,1,65,0.5
222,5318.207214,5316.889214,5317.224214,5318.207214,5339.609214,1,NaN,0,5.99999999999996,2,1,65,0.5
223,5342.238214,5341.013714,5341.344714,5342.185714,5345.905214,1,2.99999999999994,0.0299999999999997,7.00000000000003,1,2,66,0.5
224,5348.456714,5347.122214,5347.668714,5348.454214,5351.784214,0,2.99999999999994,0.0299999999999997,5.99999999999996,2,1,65,0.5
225,5353.627214,5352.766214,5353.031714,5353.627214,5354.152214,1,NaN,0,5.99999999999996,0,1,65,0.5
226,5362.861714,5361.676714,5362.102714,5362.861714,5371.009714,1,NaN,0,5.99999999999996,2,1,65,0.5
227,5377.893714,5376.844214,5377.186714,5377.893714,5380.628214,1,NaN,0,5.99999999999996,2,1,65,0.5
228,5385.552214,5384.688714,5384.923714,5385.552214,5389.279214,1,NaN,0,5.99999999999996,0,1,65,0.5
229,5393.369214,5392.655214,5392.877214,5393.369214,5397.606714,1,NaN,0,5.99999999999996,2,1,65,0.5
230,5404.409214,5402.995214,5403.533714,5404.407214,5408.541714,1,2.99999999999994,0.0299999999999997,7.00000000000003,1,2,66,0.5
231,5410.575214,5409.363714,5409.822214,5410.572714,5414.987214,0,2.99999999999994,0.0299999999999997,5.99999999999996,2,1,65,0.5
232,5416.701714,5415.629214,5416.039714,5416.701714,5417.582714,1,NaN,0,5.99999999999996,2,1,65,0.5
233,5424.692714,5423.528714,5423.947214,5424.640214,5427.903214,0,2.99999999999994,0.0299999999999997,5.99999999999996,2,1,65,0.5
234,5429.936214,5428.964214,5429.320714,5429.936214,5434.709214,1,NaN,0,5.99999999999996,2,1,65,0.5
235,5442.386714,5440.508214,5440.836214,5442.386714,5636.927214,0,NaN,0,7.00000000000003,1,2,66,0.5
236,5727.661714,5726.052714,5726.356714,5727.609214,5730.313214,1,2.99999999999994,0.0299999999999997,7.00000000000003,1,2,66,0.5
237,5734.138214,5733.017714,5733.368714,5734.085214,5736.912214,1,2.99999999999994,0.0299999999999997,7.00000000000003,1,2,66,0.5
238,5740.586214,5739.887214,5739.936714,5740.586214,5750.999714,1,NaN,0,5.99999999999996,2,1,65,0.5
239,5752.774214,5751.734214,5751.933214,5752.720714,5758.073214,1,2.99999999999994,0.0299999999999997,7.00000000000003,1,2,66,0.5
240,5760.598714,5759.283714,5759.796214,5760.546214,5763.844714,0,2.99999999999994,0.0299999999999997,5.99999999999996,2,1,65,0.5
241,5766.794714,5765.642714,5765.984214,5766.794714,5767.289214,1,NaN,0,5.99999999999996,2,1,65,0.5
242,5775.530714,5774.304214,5774.681714,5775.477714,5778.282214,0,2.99999999999994,0.0299999999999997,5.99999999999996,2,1,65,0.5
243,5780.358214,5779.195214,5779.426214,5780.355714,5783.252714,1,2.99999999999994,0.0299999999999997,7.00000000000003,1,2,66,0.5
244,5786.191214,5785.093714,5785.162714,5786.191214,5795.993714,1,NaN,0,5.99999999999996,2,1,65,0.5
245,5798.374214,5797.230714,5797.575714,5798.374214,5806.389214,1,NaN,0,5.99999999999996,2,1,65,0.5
246,5807.932714,5807.150714,5807.205714,5807.930214,5811.544214,1,2.99999999999994,0.0299999999999997,7.00000000000003,1,2,66,0.5
247,5813.617214,5812.356714,5812.818714,5813.614714,5817.209714,0,2.99999999999994,0.0299999999999997,5.99999999999996,2,1,65,0.5
248,5819.351214,5818.432214,5818.711714,5819.351214,5824.580714,1,NaN,0,5.99999999999996,2,1,65,0.5
249,5826.880714,5826.093714,5826.122214,5826.880714,5858.942214,1,NaN,0,5.99999999999996,2,1,65,0.5
250,5871.709714,5870.378714,5870.487714,5871.657214,5875.073214,1,2.99999999999994,0.0299999999999997,7.00000000000003,1,2,66,0.5
251,5877.049214,5875.856714,5876.334214,5877.049214,5878.354214,1,NaN,0,5.99999999999996,2,1,65,0.5
252,5884.573714,5883.384714,5883.767714,5884.573714,5885.103214,1,NaN,0,5.99999999999996,2,1,65,0.5
253,5897.466214,5896.468714,5896.861214,5897.466214,5917.664714,0,NaN,0,7.00000000000003,1,2,66,0.5
254,5926.258714,5925.172214,5925.449214,5926.258714,5926.501214,1,NaN,0,5.99999999999996,2,1,65,0.5
255,5943.176214,5942.179214,5942.398214,5943.124214,5945.880714,0,2.99999999999994,0.0299999999999997,5.99999999999996,2,1,65,0.5
256,5947.807214,5946.748214,5947.025214,5947.754714,5952.931214,1,2.99999999999994,0.0299999999999997,7.00000000000003,1,2,66,0.5
257,5955.077714,5954.225714,5954.317214,5955.025714,5958.187714,0,2.99999999999994,0.0299999999999997,5.99999999999996,2,1,65,0.5
258,5960.233714,5959.134714,5959.340714,5960.180214,5963.761214,1,2.99999999999994,0.0299999999999997,7.00000000000003,1,2,66,0.5
259,5965.688214,5964.599214,5964.939714,5965.635214,5969.817714,1,2.99999999999994,0.0299999999999997,7.00000000000003,1,2,66,0.5
260,5971.921214,5970.538714,5971.066714,5971.819714,5973.996214,0,NaN,0.00999999999999943,5.99999999999996,0,1,65,0.5
261,5981.480714,5980.320214,5980.604214,5981.480714,5985.794714,1,NaN,0,5.99999999999996,2,1,65,0.5
262,5990.317714,5989.012214,5989.527214,5990.264714,5993.658214,0,2.99999999999994,0.0299999999999997,5.99999999999996,2,1,65,0.5
263,5995.783214,5994.451714,5994.988714,5995.780714,5999.900714,1,2.99999999999994,0.0299999999999997,7.00000000000003,1,2,66,0.5
264,6002.210214,6000.997714,6001.402714,6002.207714,6005.463714,0,2.99999999999994,0.0299999999999997,5.99999999999996,2,1,65,0.5
265,6007.314714,6006.291214,6006.587714,6007.314714,6017.354714,1,NaN,0,5.99999999999996,2,1,65,0.5
266,6019.856714,6018.747214,6019.156714,6019.804214,6022.608714,0,2.99999999999994,0.0299999999999997,5.99999999999996,2,1,65,0.5
267,6024.363214,6023.272714,6023.659714,6024.361214,6028.324714,1,2.99999999999994,0.0299999999999997,7.00000000000003,1,2,66,0.5
268,6030.389714,6029.076214,6029.587714,6030.336714,6033.166714,0,2.99999999999994,0.0299999999999997,5.99999999999996,2,1,65,0.5
269,6035.366714,6034.300214,6034.501214,6035.313714,6039.435714,1,2.99999999999994,0.0299999999999997,7.00000000000003,1,2,66,0.5
270,6041.295714,6040.179214,6040.577214,6041.295714,6048.073214,0,NaN,0,7.00000000000003,1,2,66,0.5
271,6050.891214,6049.753214,6050.184714,6050.891214,6058.100214,0,NaN,0,7.00000000000003,1,2,66,0.5
272,6059.991714,6058.752214,6058.998214,6059.990214,6071.950214,1,NaN,0.00999999999999943,7.00000000000003,0,2,66,0.5
273,6073.448214,6072.423214,6072.760714,6073.395214,6077.293214,1,2.99999999999994,0.0299999999999997,7.00000000000003,1,2,66,0.5
274,6079.337214,6078.167714,6078.649214,6079.284714,6084.121714,1,2.99999999999994,0.0299999999999997,7.00000000000003,1,2,66,0.5
275,6085.833214,6084.812214,6085.213714,6085.833214,6089.568214,0,NaN,0,7.00000000000003,1,2,66,0.5
276,6093.840714,6092.375714,6093.049214,6093.788214,6097.178714,0,2.99999999999994,0.0299999999999997,5.99999999999996,2,1,65,0.5
277,6098.862214,6097.912214,6098.166714,6098.862214,6106.124214,1,NaN,0,5.99999999999996,2,1,65,0.5
278,6109.294214,6108.368714,6108.806214,6109.294214,6114.318214,1,NaN,0,5.99999999999996,2,1,65,0.5
279,6115.606214,6114.882214,6115.107214,6115.606214,6122.707214,1,NaN,0,5.99999999999996,2,1,65,0.5
280,6126.005714,6124.674214,6125.174214,6125.952714,6128.782714,0,2.99999999999994,0.0299999999999997,5.99999999999996,2,1,65,0.5
281,6130.226214,6129.399714,6129.601714,6130.226214,6136.754214,1,NaN,0,5.99999999999996,2,1,65,0.5
282,6138.771214,6137.466714,6138.076214,6138.771214,6146.451214,1,NaN,0,5.99999999999996,2,1,65,0.5
283,6148.486214,6147.070214,6147.772214,6148.433714,6151.481714,0,2.99999999999994,0.0299999999999997,5.99999999999996,2,1,65,0.5
284,6153.385714,6152.420214,6152.730214,6153.385714,6156.935714,1,NaN,0,5.99999999999996,2,1,65,0.5
285,6160.830714,6159.245214,6159.971214,6160.728714,6161.099214,0,NaN,0.00999999999999943,5.99999999999996,0,1,65,0.5
286,6167.699214,6166.741714,6167.167714,6167.699214,6168.601714,1,NaN,0,5.99999999999996,2,1,65,0.5
287,6175.363714,6174.588714,6174.819214,6175.363714,6181.644214,1,NaN,0,5.99999999999996,2,1,65,0.5
288,6185.197714,6183.542714,6184.375214,6185.145214,6189.311214,1,2.99999999999994,0.0299999999999997,7.00000000000003,1,2,66,0.5
289,6191.192214,6190.101214,6190.565214,6191.192214,6198.064214,0,NaN,0,7.00000000000003,1,2,66,0.5
290,6201.887714,6200.789714,6201.212714,6201.887714,6208.957214,1,NaN,0,5.99999999999996,2,1,65,0.5
291,6211.695214,6211.014214,6211.055714,6211.695214,6212.186214,1,NaN,0,5.99999999999996,2,1,65,0.5
292,6221.918714,6220.838214,6221.116714,6221.916714,6226.425714,1,2.99999999999994,0.0299999999999997,7.00000000000003,1,2,66,0.5
293,6228.143714,6227.030214,6227.490214,6228.126714,6230.200214,0,2.99999999999994,0.0299999999999997,5.99999999999996,2,1,65,0.5
294,6231.831214,6230.916714,6231.255214,6231.831214,6236.553214,1,NaN,0,5.99999999999996,2,1,65,0.5
295,6240.781214,6240.076214,6240.237714,6240.781214,6244.428714,1,NaN,0,5.99999999999996,2,1,65,0.5
296,6248.961214,6248.173714,6248.358714,6248.961214,6252.824714,1,NaN,0,5.99999999999996,2,1,65,0.5
297,6257.910714,6256.965714,6257.238214,6257.910714,6258.206214,1,NaN,0,5.99999999999996,2,1,65,0.5
298,6265.137214,6264.319714,6264.639714,6265.137214,6273.452714,1,NaN,0,5.99999999999996,2,1,65,0.5
299,6274.880214,6274.026714,6274.257214,6274.880214,6520.189714,1,NaN,0,5.99999999999996,2,1,65,0.5
300,6522.668714,6521.591714,6521.774214,6522.668714,6523.401714,1,NaN,0,5.99999999999996,2,1,65,0.5
301,6531.957214,6531.096714,6531.271714,6531.957214,6545.381214,1,NaN,0,5.99999999999996,2,1,65,0.5
302,6546.865214,6545.999214,6546.169214,6546.865214,6547.593714,1,NaN,0,5.99999999999996,2,1,65,0.5
303,6559.069714,6558.208214,6558.438714,6559.069714,6565.158214,1,NaN,0,5.99999999999996,2,1,65,0.5
304,6568.283714,6567.295214,6567.599214,6568.283714,6574.147714,1,NaN,0,5.99999999999996,2,1,65,0.5
305,6575.760714,6574.693214,6575.083714,6575.758214,6578.784214,0,2.99999999999994,0.0299999999999997,5.99999999999996,2,1,65,0.5
306,6581.867714,6580.672214,6580.821214,6581.866714,6589.109714,1,NaN,0.00999999999999943,7.00000000000003,0,2,66,0.5
307,6590.729714,6589.643214,6590.074714,6590.677214,6592.748214,0,2.99999999999994,0.0299999999999997,5.99999999999996,2,1,65,0.5
308,6594.386714,6593.493714,6593.851714,6594.386714,6594.925214,1,NaN,0,5.99999999999996,0,1,65,0.5
309,6614.771214,6613.698214,6613.945214,6614.768714,6620.029714,1,2.99999999999994,0.0299999999999997,7.00000000000003,1,2,66,0.5
310,6621.713214,6620.590714,6620.953214,6621.660714,6625.648214,1,2.99999999999994,0.0299999999999997,7.00000000000003,1,2,66,0.5
311,6627.647214,6626.674214,6626.987214,6627.647214,6628.556214,1,NaN,0,5.99999999999996,2,1,65,0.5
312,6637.360214,6635.979714,6636.494214,6637.360214,6650.295714,1,NaN,0,5.99999999999996,0,1,65,0.5
313,6651.822214,6650.850214,6651.069214,6651.822214,6652.363714,1,NaN,0,5.99999999999996,2,1,65,0.5
314,6661.311214,6660.598214,6660.797714,6661.311214,6661.747714,1,NaN,0,5.99999999999996,0,1,65,0.5
315,6671.322714,6670.327714,6670.692214,6671.322714,6677.859714,1,NaN,0,5.99999999999996,0,1,65,0.5
316,6699.722714,6698.966714,6699.056214,6699.722714,6721.013714,1,NaN,0,5.99999999999996,2,1,65,0.5
317,6723.038214,6721.976214,6722.378214,6722.985714,6726.216714,0,2.99999999999994,0.0299999999999997,5.99999999999996,2,1,65,0.5
318,6728.427714,6727.610714,6727.803714,6728.427714,6729.264714,1,NaN,0,5.99999999999996,0,1,65,0.5
319,6737.720214,6736.181714,6736.653714,6737.618214,6744.905714,0,NaN,0.00999999999999943,5.99999999999996,0,1,65,0.5
320,6746.583714,6745.707714,6745.956214,6746.583714,6747.112214,1,NaN,0,5.99999999999996,2,1,65,0.5
321,6756.670714,6755.898714,6755.938714,6756.617714,6759.650214,1,2.99999999999994,0.0299999999999997,7.00000000000003,1,2,66,0.5
322,6762.106714,6760.796714,6761.313714,6762.100214,6762.518214,0,NaN,0.00999999999999943,5.99999999999996,0,1,65,0.5
323,6770.619214,6769.582214,6769.983714,6770.567214,6772.820214,0,2.99999999999994,0.0299999999999997,5.99999999999996,2,1,65,0.5
324,6774.570714,6773.507714,6773.900214,6774.518214,6778.856214,1,2.99999999999994,0.0299999999999997,7.00000000000003,1,2,66,0.5
325,6781.069214,6779.507714,6780.012214,6781.016214,6784.961714,1,2.99999999999994,0.0299999999999997,7.00000000000003,1,2,66,0.5
326,6787.037214,6786.098714,6786.136714,6787.036214,6788.195214,1,NaN,0.00999999999999943,7.00000000000003,0,2,66,0.5
327,6838.666214,6837.498714,6837.921714,6838.666214,6839.467714,1,NaN,0,5.99999999999996,2,1,65,0.5
328,6852.560214,6851.626214,6851.786714,6852.560214,6853.379214,1,NaN,0,5.99999999999996,2,1,65,0.5
329,6859.660214,6858.709214,6859.019214,6859.660214,6869.691714,1,NaN,0,5.99999999999996,2,1,65,0.5
330,6871.966714,6870.658214,6871.093214,6871.913714,6874.430714,0,2.99999999999994,0.0299999999999997,5.99999999999996,2,1,65,0.5
331,6876.222714,6875.346214,6875.691214,6876.222714,6885.157214,1,NaN,0,5.99999999999996,0,1,65,0.5
332,6886.790214,6885.749214,6886.156214,6886.737714,6888.692214,0,2.99999999999994,0.0299999999999997,5.99999999999996,2,1,65,0.5
333,6890.308214,6889.479214,6889.730714,6890.308214,6896.509714,1,NaN,0,5.99999999999996,2,1,65,0.5
334,6898.222714,6897.043714,6897.446714,6898.222714,6898.676714,0,NaN,0,7.00000000000003,1,2,66,0.5
335,6910.028714,6908.884214,6909.290714,6909.927214,6918.446214,0,NaN,0.00999999999999943,5.99999999999996,0,1,65,0.5
336,6920.399214,6919.305214,6919.742714,6920.346714,6922.931714,0,2.99999999999994,0.0299999999999997,5.99999999999996,2,1,65,0.5
337,6924.741714,6923.962714,6924.205214,6924.741714,6925.811714,1,NaN,0,5.99999999999996,2,1,65,0.5
338,6935.946714,6935.113214,6935.387214,6935.946714,6936.433214,1,NaN,0,5.99999999999996,2,1,65,0.5
339,6943.312214,6942.385214,6942.716214,6943.259714,6947.308214,1,2.99999999999994,0.0299999999999997,7.00000000000003,1,2,66,0.5
340,6949.004214,6948.070714,6948.409714,6948.951214,6952.189214,1,2.99999999999994,0.0299999999999997,7.00000000000003,1,2,66,0.5
341,6954.585714,6953.063214,6953.477214,6954.585714,6955.557714,1,NaN,0,5.99999999999996,2,1,65,0.5
342,6971.620214,6970.770214,6970.870214,6971.567214,6975.116714,1,2.99999999999994,0.0299999999999997,7.00000000000003,1,2,66,0.5
343,6977.056714,6975.840214,6976.327214,6977.004214,6980.229714,0,2.99999999999994,0.0299999999999997,5.99999999999996,2,1,65,0.5
344,6982.374714,6981.323714,6981.531714,6982.374714,6987.840214,1,NaN,0,5.99999999999996,2,1,65,0.5
345,6990.291714,6989.367214,6989.791214,6990.291714,6990.649214,1,NaN,0,5.99999999999996,2,1,65,0.5
346,6998.454714,6997.659214,6997.818214,6998.454714,6998.777214,1,NaN,0,5.99999999999996,2,1,65,0.5
347,7188.538714,7187.415714,7187.735714,7188.538714,7188.807214,0,NaN,0,7.00000000000003,1,2,66,0.5
348,7198.561214,7197.384714,7197.461714,7198.508214,7201.472214,1,2.99999999999994,0.0299999999999997,7.00000000000003,1,2,66,0.5
349,7203.206214,7202.110714,7202.423214,7203.154214,7206.370714,1,2.99999999999994,0.0299999999999997,7.00000000000003,1,2,66,0.5
350,7208.477214,7207.040714,7207.399214,7208.477214,7209.830214,1,NaN,0,5.99999999999996,2,1,65,0.5
351,7221.064714,7220.000214,7220.146714,7221.064714,7223.831214,1,NaN,0,5.99999999999996,2,1,65,0.5
352,7230.403714,7229.518214,7229.684714,7230.401214,7233.313714,0,2.99999999999994,0.0299999999999997,5.99999999999996,2,1,65,0.5
353,7234.997714,7234.118714,7234.321714,7234.944214,7238.221714,1,2.99999999999994,0.0299999999999997,7.00000000000003,1,2,66,0.5
354,7240.251214,7239.257714,7239.536714,7240.250214,7240.597714,1,NaN,0.00999999999999943,7.00000000000003,0,2,66,0.5
355,7249.728714,7248.573214,7248.885214,7249.728714,7250.341214,0,NaN,0,7.00000000000003,1,2,66,0.5
356,7258.959714,7257.919214,7258.312714,7258.959714,7259.499714,1,NaN,0,5.99999999999996,2,1,65,0.5
357,7266.196214,7264.790214,7265.202214,7266.195214,7274.830714,0,NaN,0.00999999999999943,5.99999999999996,0,1,65,0.5
358,7279.484714,7278.753214,7278.951714,7279.431714,7282.691214,1,2.99999999999994,0.0299999999999997,7.00000000000003,1,2,66,0.5
359,7284.666214,7283.321714,7283.660714,7284.666214,7288.640714,1,NaN,0,5.99999999999996,2,1,65,0.5
360,7293.285714,7292.470714,7292.776714,7293.233714,7297.047214,1,2.99999999999994,0.0299999999999997,7.00000000000003,1,2,66,0.5
361,7298.822714,7297.679714,7298.167714,7298.769714,7302.078714,0,2.99999999999994,0.0299999999999997,5.99999999999996,2,1,65,0.5
362,7304.165714,7303.034714,7303.295714,7304.163714,7308.352714,1,2.99999999999994,0.0299999999999997,7.00000000000003,1,2,66,0.5
363,7310.678714,7309.223214,7309.655214,7310.626214,7313.494214,0,2.99999999999994,0.0299999999999997,5.99999999999996,2,1,65,0.5
364,7315.353714,7314.354714,7314.549214,7315.353714,7321.758214,1,NaN,0,5.99999999999996,2,1,65,0.5
365,7325.261214,7323.648714,7324.139714,7325.261214,7326.766214,1,NaN,0,5.99999999999996,2,1,65,0.5
366,7332.564714,7331.255214,7331.676714,7332.564714,7340.551214,0,NaN,0,7.00000000000003,1,2,66,0.5
367,7342.340714,7341.029214,7341.626214,7342.288214,7346.617214,0,2.99999999999994,0.0299999999999997,5.99999999999996,2,1,65,0.5
368,7348.164214,7347.268714,7347.584714,7348.164214,7358.010714,1,NaN,0,5.99999999999996,2,1,65,0.5
369,7361.729714,7360.952214,7361.162214,7361.729714,7362.280714,1,NaN,0,5.99999999999996,2,1,65,0.5
370,7372.462714,7371.581714,7371.836214,7372.462714,7373.728714,0,NaN,0,7.00000000000003,1,2,66,0.5
371,7383.802214,7382.782714,7383.185714,7383.802214,7384.243714,0,NaN,0,7.00000000000003,1,2,66,0.5
372,7391.613714,7390.514214,7390.917214,7391.560714,7394.742214,0,2.99999999999994,0.0299999999999997,5.99999999999996,2,1,65,0.5
373,7396.146214,7395.220214,7395.522714,7396.093714,7399.405714,1,2.99999999999994,0.0299999999999997,7.00000000000003,1,2,66,0.5
374,7401.236214,7400.079214,7400.411214,7401.236214,7409.902714,1,NaN,0,5.99999999999996,2,1,65,0.5
375,7411.648714,7410.395714,7410.991714,7411.596214,7414.161214,0,2.99999999999994,0.0299999999999997,5.99999999999996,2,1,65,0.5
376,7415.868714,7414.969714,7415.164714,7415.815714,7420.000214,1,2.99999999999994,0.0299999999999997,7.00000000000003,1,2,66,0.5
377,7421.783714,7420.685214,7421.127714,7421.731214,7424.890214,0,2.99999999999994,0.0299999999999997,5.99999999999996,2,1,65,0.5
378,7426.376714,7425.568714,7425.758214,7426.376714,7427.429214,1,NaN,0,5.99999999999996,2,1,65,0.5
379,7436.514214,7434.647214,7435.199214,7436.461714,7440.907214,1,2.99999999999994,0.0299999999999997,7.00000000000003,1,2,66,0.5
380,7442.840714,7441.599214,7441.997214,7442.840714,7444.286714,0,NaN,0,7.00000000000003,1,2,66,0.5
381,7451.311714,7450.521214,7450.743214,7451.311714,7451.889214,1,NaN,0,5.99999999999996,2,1,65,0.5
382,7460.975714,7459.689214,7459.811214,7460.923714,7465.534714,1,2.99999999999994,0.0299999999999997,7.00000000000003,1,2,66,0.5
383,7467.780714,7466.657714,7467.009214,7467.728214,7471.777714,1,2.99999999999994,0.0299999999999997,7.00000000000003,1,2,66,0.5
384,7473.626714,7472.414714,7472.853214,7473.626714,7475.164214,1,NaN,0,5.99999999999996,2,1,65,0.5
385,7482.295714,7481.204214,7481.441714,7482.243214,7486.569214,1,2.99999999999994,0.0299999999999997,7.00000000000003,1,2,66,0.5
386,7489.506714,7488.351214,7488.764714,7489.453214,7492.187714,0,2.99999999999994,0.0299999999999997,5.99999999999996,2,1,65,0.5
387,7493.784214,7492.852214,7493.121214,7493.731714,7497.888714,1,2.99999999999994,0.0299999999999997,7.00000000000003,1,2,66,0.5
388,7499.624714,7498.524214,7498.866714,7499.572214,7502.396214,0,2.99999999999994,0.0299999999999997,5.99999999999996,2,1,65,0.5
389,7504.217214,7503.280714,7503.483714,7504.165214,7508.901714,1,2.99999999999994,0.0299999999999997,7.00000000000003,1,2,66,0.5
390,7511.079214,7509.899714,7510.273714,7511.076714,7513.943214,0,2.99999999999994,0.0299999999999997,5.99999999999996,2,1,65,0.5
391,7515.339214,7514.505214,7514.683714,7515.285714,7520.347214,1,2.99999999999994,0.0299999999999997,7.00000000000003,1,2,66,0.5
392,7522.284214,7521.420214,7521.504214,7522.284214,7525.898714,1,NaN,0,5.99999999999996,2,1,65,0.5
393,7529.463214,7528.730214,7528.753214,7529.463214,7533.214714,1,NaN,0,5.99999999999996,2,1,65,0.5
394,7550.842714,7538.220714,7538.665214,NaN,NaN,NaN,NaN,0,7.00000000000003,0,2,66,0.5
395,7569.538214,7568.308214,7568.747214,7569.538214,7569.847714,0,NaN,0,7.00000000000003,0,2,66,0.5
396,7576.880714,7575.543214,7576.035214,7576.827214,7579.624714,0,2.99999999999994,0.0299999999999997,5.99999999999996,2,1,65,0.5
397,7582.472714,7581.554214,7581.762714,7582.472714,7587.567214,1,NaN,0,5.99999999999996,2,1,65,0.5
398,7593.661714,7592.746215,7592.801214,7593.660214,7599.053714,1,NaN,0.00999999999999943,7.00000000000003,0,2,66,0.5
399,7603.543214,7602.920714,7603.007714,7603.527714,7614.318714,1,NaN,0.00999999999999943,7.00000000000003,0,2,66,0.5
400,7616.738214,7615.779714,7616.160714,7616.738214,7617.174214,0,NaN,0,7.00000000000003,1,2,66,0.5
401,7623.204714,7622.176714,7622.525714,7623.204714,7623.518714,0,NaN,0,7.00000000000003,1,2,66,0.5
402,7629.952714,7628.927214,7629.278214,7629.950714,7636.853214,1,2.99999999999994,0.0299999999999997,7.00000000000003,1,2,66,0.5
403,7638.624714,7637.456214,7638.001214,7638.621714,7641.059714,0,2.99999999999994,0.0299999999999997,5.99999999999996,2,1,65,0.5
404,7643.135214,7642.283214,7642.470714,7643.135214,7643.473214,1,NaN,0,5.99999999999996,2,1,65,0.5
405,7653.331714,7652.330714,7652.559714,7653.329714,7657.970714,1,2.99999999999994,0.0299999999999997,7.00000000000003,1,2,66,0.5
406,7660.216714,7659.472214,7659.519714,7660.216714,7661.080214,1,NaN,0,5.99999999999996,2,1,65,0.5
407,7668.183214,7667.252714,7667.474714,7668.183214,7674.106214,1,NaN,0,5.99999999999996,2,1,65,0.5
408,7677.162714,7676.128714,7676.538214,7677.110214,7679.958714,0,2.99999999999994,0.0299999999999997,5.99999999999996,2,1,65,0.5
409,7681.566214,7680.625714,7680.924714,7681.514214,7685.779714,1,2.99999999999994,0.0299999999999997,7.00000000000003,1,2,66,0.5
410,7687.364714,7686.326214,7686.696214,7687.362214,7690.524714,0,2.99999999999994,0.0299999999999997,5.99999999999996,2,1,65,0.5
411,7692.011214,7691.095714,7691.376714,7692.011214,7692.903214,1,NaN,0,5.99999999999996,2,1,65,0.5
412,7700.799214,7699.559214,7699.999714,7700.746214,7703.632714,0,2.99999999999994,0.0299999999999997,5.99999999999996,2,1,65,0.5
413,7705.477714,7704.535714,7704.719214,7705.425714,7709.859214,1,2.99999999999994,0.0299999999999997,7.00000000000003,1,2,66,0.5
414,7711.919714,7710.699714,7711.061714,7711.866714,7714.517714,0,2.99999999999994,0.0299999999999997,5.99999999999996,2,1,65,0.5
415,7716.240714,7715.375714,7715.578214,7716.188214,7720.672214,1,2.99999999999994,0.0299999999999997,7.00000000000003,1,2,66,0.5
416,7722.616714,7721.285214,7721.586214,7722.616714,7729.044214,1,NaN,0,5.99999999999996,2,1,65,0.5
417,7730.685214,7729.716214,7729.946214,7730.685214,7735.819714,1,NaN,0,5.99999999999996,2,1,65,0.5
418,7737.455214,7736.463214,7736.973714,7737.455214,7745.187714,1,NaN,0,5.99999999999996,2,1,65,0.5
419,7748.506214,7747.438714,7747.907714,7748.453714,7752.057714,0,2.99999999999994,0.0299999999999997,5.99999999999996,2,1,65,0.5
420,7753.609714,7752.720214,7753.017714,7753.609714,7759.821714,1,NaN,0,5.99999999999996,2,1,65,0.5
421,7761.227714,7760.579714,7760.646214,7761.175214,7765.457714,1,2.99999999999994,0.0299999999999997,7.00000000000003,1,2,66,0.5
422,7766.972714,7766.023714,7766.418214,7766.972714,7767.888214,0,NaN,0,7.00000000000003,1,2,66,0.5
423,7774.490214,7773.475714,7773.896714,7774.490214,7781.327214,0,NaN,0,7.00000000000003,1,2,66,0.5
424,7785.444714,7784.271214,7784.706714,7785.392714,7787.794714,0,2.99999999999994,0.0299999999999997,5.99999999999996,2,1,65,0.5
425,7789.332714,7788.375214,7788.569214,7789.280214,7793.016714,1,2.99999999999994,0.0299999999999997,7.00000000000003,1,2,66,0.5
426,7794.645714,7793.586714,7793.970214,7794.592714,7797.473714,0,2.99999999999994,0.0299999999999997,5.99999999999996,2,1,65,0.5
427,7798.898714,7798.124214,7798.315214,7798.898714,7807.085714,1,NaN,0,5.99999999999996,2,1,65,0.5
428,7811.296714,7810.055214,7810.582214,7811.296714,7819.299714,1,NaN,0,5.99999999999996,2,1,65,0.5
429,7820.913214,7819.830714,7820.262214,7820.913214,7824.382714,0,NaN,0,7.00000000000003,1,2,66,0.5
430,7870.951714,7869.641714,7869.688714,7870.951714,7907.414714,1,NaN,0,5.99999999999996,2,1,65,0.5
431,7926.023214,7925.202714,7925.238214,7926.023214,7926.111214,1,NaN,0,5.99999999999996,2,1,65,0.5
432,8194.413714,8193.206214,8193.676214,8194.413714,8197.678214,1,NaN,0,5.99999999999996,2,1,65,0.5
433,8204.016214,8202.933714,8203.270214,8204.016214,8204.678714,1,NaN,0,5.99999999999996,2,1,65,0.5
434,8215.910714,8214.778714,8215.097214,8215.858214,8221.471214,0,2.99999999999994,0.0299999999999997,5.99999999999996,2,1,65,0.5
435,8223.412214,8222.164714,8222.712714,8223.360214,8225.746714,0,2.99999999999994,0.0299999999999997,5.99999999999996,2,1,65,0.5
436,8228.337714,8227.423214,8227.572714,8228.285214,8231.587214,1,2.99999999999994,0.0299999999999997,7.00000000000003,1,2,66,0.5
437,8234.164714,8233.100214,8233.453214,8234.112714,8237.458214,0,2.99999999999994,0.0299999999999997,5.99999999999996,2,1,65,0.5
438,8239.300214,8238.329714,8238.514214,8239.247214,8242.630214,1,2.99999999999994,0.0299999999999997,7.00000000000003,1,2,66,0.5
439,8244.860714,8243.513214,8243.838714,8244.860714,8245.177214,1,NaN,0,5.99999999999996,2,1,65,0.5
440,8252.805214,8251.761714,8252.054214,8252.805214,8263.734714,1,NaN,0,5.99999999999996,2,1,65,0.5
441,8265.438714,8264.342214,8264.835214,8265.385214,8267.284714,0,2.99999999999994,0.0299999999999997,5.99999999999996,2,1,65,0.5
442,8268.999214,8268.070714,8268.307214,8268.999214,8269.633714,1,NaN,0,5.99999999999996,0,1,65,0.5
443,8276.890714,8275.962714,8276.027214,8276.837714,8280.341214,1,2.99999999999994,0.0299999999999997,7.00000000000003,1,2,66,0.5
444,8282.305214,8281.082714,8281.482714,8282.304214,8283.154714,0,NaN,0.00999999999999943,5.99999999999996,0,1,65,0.5
445,8292.842214,8292.075214,8292.262714,8292.842214,8299.287714,1,NaN,0,5.99999999999996,0,1,65,0.5
446,8307.422714,8306.140214,8306.370214,8307.369714,8311.725714,1,2.99999999999994,0.0299999999999997,7.00000000000003,1,2,66,0.5
447,8313.546214,8312.266714,8312.679714,8313.493714,8316.346214,1,2.99999999999994,0.0299999999999997,7.00000000000003,1,2,66,0.5
448,8318.622714,8317.203214,8317.579714,8318.621214,8319.945214,0,NaN,0.00999999999999943,5.99999999999996,0,1,65,0.5
449,8325.175714,8324.254214,8324.667214,8325.175714,8327.841214,0,NaN,0,7.00000000000003,1,2,66,0.5
450,8333.827214,8332.779214,8333.154214,8333.775214,8337.203714,0,2.99999999999994,0.0299999999999997,5.99999999999996,2,1,65,0.5
451,8338.969214,8337.983714,8338.269714,8338.916714,8342.940714,1,2.99999999999994,0.0299999999999997,7.00000000000003,1,2,66,0.5
452,8345.355714,8343.573214,8344.333214,8345.352214,8348.756214,1,2.99999999999994,0.0299999999999997,7.00000000000003,1,2,66,0.5
453,8350.829214,8349.747714,8349.796714,8350.727714,8351.814714,1,NaN,0.00999999999999943,7.00000000000003,0,2,66,0.5
454,8359.689214,8358.847714,8359.006214,8359.636714,8363.808214,1,2.99999999999994,0.0299999999999997,7.00000000000003,1,2,66,0.5
455,8365.534714,8364.504214,8364.879714,8365.482714,8369.139214,1,2.99999999999994,0.0299999999999997,7.00000000000003,1,2,66,0.5
456,8371.251214,8369.766214,8370.117214,8371.198714,8375.753714,1,2.99999999999994,0.0299999999999997,7.00000000000003,1,2,66,0.5
457,8377.677214,8376.397714,8376.823714,8377.624214,8380.087714,0,2.99999999999994,0.0299999999999997,5.99999999999996,2,1,65,0.5
458,8381.750214,8380.859214,8380.964214,8381.697214,8385.966714,1,2.99999999999994,0.0299999999999997,7.00000000000003,1,2,66,0.5
459,8387.693214,8386.729214,8387.121214,8387.693214,8423.388214,0,NaN,0,7.00000000000003,0,2,66,0.5
460,8429.125714,8427.265714,8427.649214,8428.575214,8435.574714,1,NaN,0,7.00000000000003,1,2,66,0.5
461,8439.554214,8438.421714,8438.881214,8439.554214,8464.514214,0,NaN,0,7.00000000000003,1,2,66,0.5
462,8465.864714,8465.176214,8465.213714,8465.812714,8469.679714,1,2.99999999999994,0.0299999999999997,7.00000000000003,1,2,66,0.5
463,8471.375714,8470.306214,8470.776714,8471.375714,8478.628214,1,NaN,0,5.99999999999996,2,1,65,0.5
464,8483.676214,8482.901214,8482.960714,8483.673714,8488.002214,1,2.99999999999994,0.0299999999999997,7.00000000000003,1,2,66,0.5
465,8489.663214,8488.749714,8489.113214,8489.663214,8490.616714,1,NaN,0,5.99999999999996,2,1,65,0.5
466,8498.108214,8497.270214,8497.475214,8498.108214,8498.665214,1,NaN,0,5.99999999999996,2,1,65,0.5
467,8506.603714,8505.950214,8505.998714,8506.603714,8516.167214,1,NaN,0,5.99999999999996,2,1,65,0.5
468,8518.017214,8516.904214,8517.368214,8517.965214,8520.743214,0,2.99999999999994,0.0299999999999997,5.99999999999996,2,1,65,0.5
469,8522.257214,8521.578214,8521.645214,8522.204714,8526.254214,1,2.99999999999994,0.0299999999999997,7.00000000000003,1,2,66,0.5
470,8527.780714,8526.913714,8527.274714,8527.780714,8528.262714,0,NaN,0,7.00000000000003,1,2,66,0.5
471,8534.676214,8533.804714,8534.152214,8534.676214,8540.405214,0,NaN,0,7.00000000000003,1,2,66,0.5
472,8544.121214,8543.055714,8543.539714,8544.068214,8546.051714,0,2.99999999999994,0.0299999999999997,5.99999999999996,2,1,65,0.5
473,8547.447214,8546.834714,8546.855714,8547.447214,8548.231714,1,NaN,0,5.99999999999996,2,1,65,0.5
474,8556.766714,8555.725714,8556.123214,8556.713214,8559.267214,0,2.99999999999994,0.0299999999999997,5.99999999999996,2,1,65,0.5
475,8560.883714,8560.059714,8560.307714,8560.830214,8564.206714,1,2.99999999999994,0.0299999999999997,7.00000000000003,1,2,66,0.5
476,8565.954714,8564.788214,8565.245214,8565.954714,8572.584214,1,NaN,0,5.99999999999996,2,1,65,0.5
477,8575.643214,8574.535214,8574.988714,8575.590214,8577.692214,0,2.99999999999994,0.0299999999999997,5.99999999999996,2,1,65,0.5
478,8579.499714,8578.689714,8578.726214,8579.497214,8583.354214,1,2.99999999999994,0.0299999999999997,7.00000000000003,1,2,66,0.5
479,8585.045214,8583.940214,8584.272714,8585.045214,8590.854714,1,NaN,0,5.99999999999996,2,1,65,0.5
480,8594.056714,8593.225214,8593.515714,8594.056714,8602.254714,1,NaN,0,5.99999999999996,2,1,65,0.5
481,8603.804214,8602.706214,8603.132714,8603.751214,8606.045714,0,2.99999999999994,0.0299999999999997,5.99999999999996,2,1,65,0.5
482,8607.386714,8606.763214,8606.793714,8607.368214,8610.965214,1,2.99999999999994,0.0299999999999997,7.00000000000003,1,2,66,0.5
483,8612.912714,8611.807714,8612.167714,8612.860214,8616.562214,0,2.99999999999994,0.0299999999999997,5.99999999999996,2,1,65,0.5
484,8618.057214,8617.178714,8617.442214,8618.004214,8622.614214,1,2.99999999999994,0.0299999999999997,7.00000000000003,1,2,66,0.5
485,8624.193214,8623.147214,8623.480214,8624.193214,8631.745214,1,NaN,0,5.99999999999996,2,1,65,0.5
486,8634.213714,8633.244714,8633.683214,8634.213714,8634.593214,0,NaN,0,7.00000000000003,1,2,66,0.5
487,8641.579214,8640.147214,8640.664214,8641.526714,8644.524214,1,2.99999999999994,0.0299999999999997,7.00000000000003,1,2,66,0.5
488,8646.556714,8645.265214,8645.604714,8646.503214,8650.752714,1,2.99999999999994,0.0299999999999997,7.00000000000003,1,2,66,0.5
489,8652.436214,8651.326714,8651.806714,8652.433714,8658.061214,0,2.99999999999994,0.0299999999999997,5.99999999999996,2,1,65,0.5
490,8659.569214,8658.553714,8658.971714,8659.569214,8664.766214,0,NaN,0,7.00000000000003,1,2,66,0.5
491,8667.503214,8666.443714,8666.904714,8667.450714,8669.719714,0,2.99999999999994,0.0299999999999997,5.99999999999996,2,1,65,0.5
492,8671.234714,8670.386214,8670.691214,8671.230214,8674.598714,1,2.99999999999994,0.0299999999999997,7.00000000000003,1,2,66,0.5
493,8676.355714,8675.373714,8675.707714,8676.355714,8680.043214,0,NaN,0,7.00000000000003,1,2,66,0.5
494,8685.016714,8683.756714,8684.255714,8684.963214,8688.048714,0,2.99999999999994,0.0299999999999997,5.99999999999996,2,1,65,0.5
495,8689.367714,8688.644214,8688.741714,8689.315714,8693.161714,1,2.99999999999994,0.0299999999999997,7.00000000000003,1,2,66,0.5
496,8695.071714,8693.876214,8694.196214,8695.071714,8701.641214,1,NaN,0,5.99999999999996,2,1,65,0.5
497,8702.983714,8702.103714,8702.494714,8702.983714,8706.910714,0,NaN,0,7.00000000000003,1,2,66,0.5
498,8709.665714,8708.775714,8709.152214,8709.665714,8716.858714,0,NaN,0,7.00000000000003,1,2,66,0.5
499,8718.837714,8717.979214,8718.236714,8718.837714,8725.373714,0,NaN,0,7.00000000000003,1,2,66,0.5
500,8728.429714,8727.094214,8727.772714,8728.429714,8728.787714,0,NaN,0,7.00000000000003,1,2,66,0.5
501,8930.878714,8929.689214,8929.989214,8930.826214,8937.083714,1,2.99999999999994,0.0299999999999997,7.00000000000003,1,2,66,0.5
502,8938.764214,8937.776214,8938.048714,8938.711714,8941.628214,1,2.99999999999994,0.0299999999999997,7.00000000000003,1,2,66,0.5
503,8943.367214,8942.212214,8942.472714,8943.364714,8945.743714,1,2.99999999999994,0.0299999999999997,7.00000000000003,1,2,66,0.5
504,8947.522214,8946.575714,8946.790714,8947.514214,8950.513714,1,2.99999999999994,0.0299999999999997,7.00000000000003,1,2,66,0.5
505,8953.072214,8952.043714,8952.326214,8953.069214,8955.884214,1,2.99999999999994,0.0299999999999997,7.00000000000003,1,2,66,0.5
506,8958.275214,8956.884715,8957.393714,8958.275214,8959.264214,1,NaN,0,5.99999999999996,2,1,65,0.5
507,8968.035714,8967.315214,8967.429214,8967.982714,8972.237214,1,2.99999999999994,0.0299999999999997,7.00000000000003,1,2,66,0.5
508,8973.867214,8972.851214,8973.106214,8973.864714,8976.998714,1,2.99999999999994,0.0299999999999997,7.00000000000003,1,2,66,0.5
509,8978.845214,8977.739714,8978.179214,8978.845214,8982.319214,1,NaN,0,5.99999999999996,2,1,65,0.5
510,8986.617714,8985.901214,8985.965214,8986.617714,8992.942214,1,NaN,0,5.99999999999996,2,1,65,0.5
511,8997.552214,8996.814214,8996.884214,8997.549714,9001.862714,1,2.99999999999994,0.0299999999999997,7.00000000000003,1,2,66,0.5
512,9003.454214,9002.501714,9002.901214,9003.454214,9004.510214,1,NaN,0,5.99999999999996,2,1,65,0.5
513,9010.778714,9009.830714,9010.151714,9010.778714,9011.100214,1,NaN,0,5.99999999999996,2,1,65,0.5
514,9017.878214,9017.127714,9017.155714,9017.878214,9018.435714,1,NaN,0,5.99999999999996,2,1,65,0.5
515,9026.982214,9025.958214,9026.379214,9026.982214,9027.240214,0,NaN,0,7.00000000000003,1,2,66,0.5
516,9040.957214,9039.829214,9039.929714,9040.904714,9045.867714,1,2.99999999999994,0.0299999999999997,7.00000000000003,1,2,66,0.5
517,9047.731714,9046.520714,9047.059214,9047.728714,9050.295214,0,2.99999999999994,0.0299999999999997,5.99999999999996,2,1,65,0.5
518,9052.149214,9051.327714,9051.367214,9052.149214,9055.656714,1,NaN,0,5.99999999999996,0,1,65,0.5
519,9061.093214,9060.245714,9060.603214,9061.093214,9061.578714,0,NaN,0,7.00000000000003,1,2,66,0.5
520,9069.131714,9068.178214,9068.600714,9069.131714,9075.745714,0,NaN,0,7.00000000000003,1,2,66,0.5
521,9079.073714,9077.808714,9078.379714,9079.020714,9083.145214,0,2.99999999999994,0.0299999999999997,5.99999999999996,2,1,65,0.5
522,9084.838214,9084.122714,9084.179214,9084.838214,9091.452214,1,NaN,0,5.99999999999996,0,1,65,0.5
523,9094.193714,9093.186714,9093.616214,9094.193714,9094.726214,0,NaN,0,7.00000000000003,1,2,66,0.5
524,9101.140714,9100.255214,9100.630714,9101.140714,9101.437214,0,NaN,0,7.00000000000003,1,2,66,0.5
525,9108.267714,9107.433714,9107.652214,9108.215214,9111.211214,1,2.99999999999994,0.0299999999999997,7.00000000000003,1,2,66,0.5
526,9113.029714,9111.930214,9112.233214,9113.027214,9118.070214,1,2.99999999999994,0.0299999999999997,7.00000000000003,1,2,66,0.5
527,9119.594714,9118.766714,9119.125714,9119.594714,9120.042714,0,NaN,0,7.00000000000003,1,2,66,0.5
528,9128.942214,9128.103214,9128.310714,9128.942214,9129.473714,1,NaN,0,5.99999999999996,2,1,65,0.5
529,9137.037214,9136.315214,9136.430714,9137.037214,9137.540214,1,NaN,0,5.99999999999996,2,1,65,0.5
530,9146.789214,9146.052214,9146.144214,9146.789214,9147.779714,1,NaN,0,5.99999999999996,2,1,65,0.5
531,9155.240214,9153.790714,9154.408214,9155.187714,9157.102714,0,2.99999999999994,0.0299999999999997,5.99999999999996,2,1,65,0.5
532,9158.658714,9157.911714,9157.964214,9158.605214,9161.822214,1,2.99999999999994,0.0299999999999997,7.00000000000003,1,2,66,0.5
533,9163.758214,9162.893714,9163.240714,9163.758214,9170.797214,0,NaN,0,7.00000000000003,1,2,66,0.5
534,9173.884214,9172.737214,9173.253214,9173.881714,9176.692714,0,2.99999999999994,0.0299999999999997,5.99999999999996,2,1,65,0.5
535,9178.477214,9177.677214,9177.732214,9178.424714,9182.638214,1,2.99999999999994,0.0299999999999997,7.00000000000003,1,2,66,0.5
536,9184.373214,9183.235714,9183.658214,9184.370714,9186.788214,0,2.99999999999994,0.0299999999999997,5.99999999999996,2,1,65,0.5
537,9188.122214,9187.458714,9187.478214,9188.069714,9191.052214,1,2.99999999999994,0.0299999999999997,7.00000000000003,1,2,66,0.5
538,9192.552214,9191.795714,9192.045714,9192.552214,9193.577214,1,NaN,0,5.99999999999996,2,1,65,0.5
539,9199.793214,9198.663214,9199.118214,9199.740714,9205.269714,0,2.99999999999994,0.0299999999999997,5.99999999999996,2,1,65,0.5
540,9207.176714,9205.931214,9206.490714,9207.176714,9210.297714,0,NaN,0,7.00000000000003,1,2,66,0.5
541,9213.898214,9212.952214,9213.411714,9213.898214,9218.666214,0,NaN,0,7.00000000000003,1,2,66,0.5
542,9221.781714,9220.644714,9221.092214,9221.779214,9224.334214,0,2.99999999999994,0.0299999999999997,5.99999999999996,2,1,65,0.5
543,9225.794714,9225.152214,9225.198214,9225.794714,9233.727714,1,NaN,0,5.99999999999996,2,1,65,0.5
544,9235.323214,9234.201214,9234.677714,9235.271214,9238.173714,0,2.99999999999994,0.0299999999999997,5.99999999999996,2,1,65,0.5
545,9239.718214,9238.756714,9238.813714,9239.715714,9243.356714,1,2.99999999999994,0.0299999999999997,7.00000000000003,1,2,66,0.5
546,9245.098714,9243.998214,9244.311214,9245.096714,9249.043214,1,2.99999999999994,0.0299999999999997,7.00000000000003,1,2,66,0.5
547,9251.001214,9249.675214,9250.002214,9250.998714,9256.079214,1,2.99999999999994,0.0299999999999997,7.00000000000003,1,2,66,0.5
548,9257.831214,9256.694714,9257.073214,9257.814214,9261.706714,0,NaN,0.00999999999999943,5.99999999999996,0,1,65,0.5
549,9314.100714,9312.976714,9313.362714,9314.100714,9354.534214,1,NaN,0,5.99999999999996,2,1,65,0.5
550,9355.926214,9355.302214,9355.347714,9355.883214,9358.908214,1,2.99999999999994,0.0299999999999997,7.00000000000003,1,2,66,0.5
551,9360.722714,9359.653714,9359.864714,9360.719714,9364.392214,1,2.99999999999994,0.0299999999999997,7.00000000000003,1,2,66,0.5
552,9367.606214,9366.711714,9366.990214,9367.553214,9370.455714,1,2.99999999999994,0.0299999999999997,7.00000000000003,1,2,66,0.5
553,9372.038214,9371.141714,9371.361714,9372.038214,9383.379714,1,NaN,0,5.99999999999996,2,1,65,0.5
554,9384.696714,9383.850714,9384.158214,9384.696714,9392.274214,1,NaN,0,5.99999999999996,2,1,65,0.5
555,9393.548214,9392.766214,9393.005714,9393.548214,9398.812714,1,NaN,0,5.99999999999996,2,1,65,0.5
556,9401.015714,9399.918714,9400.390214,9400.963214,9403.451214,0,2.99999999999994,0.0299999999999997,5.99999999999996,2,1,65,0.5
557,9404.874214,9404.153714,9404.235214,9404.874214,9405.403714,1,NaN,0,5.99999999999996,2,1,65,0.5
558,9414.542714,9413.986714,9414.040214,9414.542714,9417.087214,1,NaN,0,5.99999999999996,2,1,65,0.5
559,9421.586214,9420.876714,9420.974214,9421.586214,9427.808714,1,NaN,0,5.99999999999996,2,1,65,0.5
560,9433.358714,9432.524714,9432.770214,9433.356714,9436.351214,1,2.99999999999994,0.0299999999999997,7.00000000000003,1,2,66,0.5
561,9437.890714,9436.955714,9437.311214,9437.838214,9439.900214,0,2.99999999999994,0.0299999999999997,5.99999999999996,2,1,65,0.5
562,9441.363214,9440.622214,9440.644214,9441.363214,9450.094214,1,NaN,0,5.99999999999996,2,1,65,0.5
563,9451.598214,9450.527214,9450.906214,9451.545214,9454.914714,0,2.99999999999994,0.0299999999999997,5.99999999999996,2,1,65,0.5
564,9456.304714,9455.741714,9455.763714,9456.252714,9460.263214,1,2.99999999999994,0.0299999999999997,7.00000000000003,1,2,66,0.5
565,9461.802214,9460.926214,9461.168714,9461.802214,9463.023214,1,NaN,0,5.99999999999996,2,1,65,0.5
566,9469.589214,9468.507714,9468.939714,9469.536214,9473.999214,0,2.99999999999994,0.0299999999999997,5.99999999999996,2,1,65,0.5
567,9475.624714,9474.519714,9474.988214,9475.572214,9478.291714,0,2.99999999999994,0.0299999999999997,5.99999999999996,2,1,65,0.5
568,9480.099214,9479.117214,9479.386714,9480.097214,9483.799214,1,2.99999999999994,0.0299999999999997,7.00000000000003,1,2,66,0.5
569,9485.431714,9484.382214,9484.762214,9485.431714,9486.637714,1,NaN,0,5.99999999999996,2,1,65,0.5
570,9491.869714,9491.152714,9491.406714,9491.869714,9498.063714,1,NaN,0,5.99999999999996,2,1,65,0.5
571,9501.054214,9499.947214,9500.397714,9501.001214,9503.003214,0,2.99999999999994,0.0299999999999997,5.99999999999996,2,1,65,0.5
572,9504.684714,9503.778214,9504.045714,9504.632214,9508.951714,1,2.99999999999994,0.0299999999999997,7.00000000000003,1,2,66,0.5
573,9510.614714,9509.522714,9509.900714,9510.614714,9517.064714,1,NaN,0,5.99999999999996,2,1,65,0.5
574,9519.305214,9518.247714,9518.730214,9519.302714,9522.602214,0,2.99999999999994,0.0299999999999997,5.99999999999996,2,1,65,0.5
575,9524.117214,9523.346214,9523.548714,9524.064714,9527.672714,1,2.99999999999994,0.0299999999999997,7.00000000000003,1,2,66,0.5
576,9529.786214,9528.563214,9528.956214,9529.733714,9532.178214,0,2.99999999999994,0.0299999999999997,5.99999999999996,2,1,65,0.5
577,9533.667214,9532.889214,9533.064714,9533.667214,9539.666214,1,NaN,0,5.99999999999996,2,1,65,0.5
578,9541.773714,9540.640214,9541.097714,9541.720214,9543.847214,0,2.99999999999994,0.0299999999999997,5.99999999999996,2,1,65,0.5
579,9545.430714,9544.488714,9544.673214,9545.378214,9549.054714,1,2.99999999999994,0.0299999999999997,7.00000000000003,1,2,66,0.5
580,9550.556714,9549.573714,9549.901714,9550.504214,9553.228714,0,2.99999999999994,0.0299999999999997,5.99999999999996,2,1,65,0.5
581,9554.841714,9554.076714,9554.283714,9554.841714,9560.303214,1,NaN,0,5.99999999999996,0,1,65,0.5
582,9562.444714,9561.220714,9561.646714,9562.442214,9566.956214,0,2.99999999999994,0.0299999999999997,5.99999999999996,2,1,65,0.5
583,9568.347214,9567.579714,9567.782214,9568.347214,9574.809214,1,NaN,0,5.99999999999996,2,1,65,0.5
584,9576.379714,9575.300214,9575.718214,9576.327214,9579.856714,1,2.99999999999994,0.0299999999999997,7.00000000000003,1,2,66,0.5
585,9581.461214,9580.444214,9580.813214,9581.408214,9584.463214,0,2.99999999999994,0.0299999999999997,5.99999999999996,2,1,65,0.5
586,9585.770214,9585.024214,9585.238714,9585.770214,9591.217214,1,NaN,0,5.99999999999996,2,1,65,0.5
587,9593.198714,9591.958214,9592.387214,9593.197714,9597.735214,0,NaN,0.00999999999999943,5.99999999999996,0,1,65,0.5
588,9599.565214,9598.712214,9599.051714,9599.565214,9603.148714,0,NaN,0,7.00000000000003,0,2,66,0.5
589,9607.101214,9606.151214,9606.606214,9607.101214,9619.562714,0,NaN,0,7.00000000000003,0,2,66,0.5
590,9621.012714,9620.060214,9620.486714,9621.012714,9621.741714,0,NaN,0,7.00000000000003,0,2,66,0.5
591,9628.343214,9627.404214,9627.838214,9628.343214,9628.579714,0,NaN,0,7.00000000000003,0,2,66,0.5
592,9635.040214,9634.133714,9634.540714,9635.040214,9638.865214,0,NaN,0,7.00000000000003,0,2,66,0.5
593,9644.439714,9643.344214,9643.861714,9644.439714,9644.791714,0,NaN,0,7.00000000000003,0,2,66,0.5
594,9656.862214,9656.090214,9656.271714,9656.861214,9657.124714,1,NaN,0.00999999999999943,7.00000000000003,0,2,66,0.5
595,9664.199214,9663.120214,9663.446714,9664.198214,9795.674214,1,NaN,0.00999999999999943,7.00000000000003,0,2,66,0.5
596,9800.821214,9799.775214,9800.135214,9800.768714,9807.078214,0,2.99999999999994,0.0299999999999997,5.99999999999996,2,1,65,0.5
597,9810.080214,9809.250214,9809.478714,9810.080214,9815.362714,0,NaN,0,7.00000000000003,1,2,66,0.5
598,9819.876714,9819.240214,9819.369214,9819.875714,9820.133214,1,NaN,0.00999999999999943,7.00000000000003,0,2,66,0.5
599,9840.804214,9839.640214,9839.880214,9840.751214,9843.072714,1,2.99999999999994,0.0299999999999997,7.00000000000003,1,2,66,0.5
600,9844.795714,9843.900214,9844.160214,9844.795714,9845.248714,0,NaN,0,7.00000000000003,1,2,66,0.5
601,9851.694714,9850.596714,9850.923214,9851.692214,9854.716214,1,2.99999999999994,0.0299999999999997,7.00000000000003,1,2,66,0.5
602,9856.348714,9855.285714,9855.709714,9856.296214,9858.847714,0,2.99999999999994,0.0299999999999997,5.99999999999996,2,1,65,0.5
603,9860.565214,9859.759214,9859.781214,9860.562714,9864.427714,1,2.99999999999994,0.0299999999999997,7.00000000000003,1,2,66,0.5
604,9865.939214,9864.981714,9865.219714,9865.886714,9869.832214,1,2.99999999999994,0.0299999999999997,7.00000000000003,1,2,66,0.5
605,9871.221714,9870.403214,9870.607714,9871.221714,9887.609214,1,NaN,0,5.99999999999996,2,1,65,0.5
606,9889.101214,9888.222714,9888.458714,9889.099214,9892.241214,1,2.99999999999994,0.0299999999999997,7.00000000000003,1,2,66,0.5
607,9894.035714,9892.877714,9893.120714,9894.035714,9901.428214,1,NaN,0,5.99999999999996,2,1,65,0.5
608,9903.750214,9902.680214,9903.081214,9903.697214,9906.343214,0,2.99999999999994,0.0299999999999997,5.99999999999996,2,1,65,0.5
609,9909.319714,9908.396714,9908.678214,9909.319714,9915.079214,1,NaN,0,5.99999999999996,2,1,65,0.5
610,9919.843714,9919.116714,9919.235214,9919.843714,9924.561214,1,NaN,0,5.99999999999996,2,1,65,0.5
611,9926.663714,9925.702214,9926.248214,9926.663714,9932.654714,1,NaN,0,5.99999999999996,2,1,65,0.5
612,9934.596714,9933.183714,9933.890714,9934.543714,9937.603214,0,2.99999999999994,0.0299999999999997,5.99999999999996,2,1,65,0.5
613,9939.254714,9938.528714,9938.697714,9939.254714,9943.981214,1,NaN,0,5.99999999999996,0,1,65,0.5
614,9950.855714,9949.736714,9950.262714,9950.855714,9960.525214,1,NaN,0,5.99999999999996,2,1,65,0.5
615,9962.055214,9961.002714,9961.424714,9962.002214,9963.846214,0,2.99999999999994,0.0299999999999997,5.99999999999996,2,1,65,0.5
616,9965.554214,9964.552214,9964.844714,9965.502214,9968.073214,1,2.99999999999994,0.0299999999999997,7.00000000000003,1,2,66,0.5
617,9970.283714,9968.988714,9969.337214,9970.282714,9976.082714,0,NaN,0.00999999999999943,5.99999999999996,0,1,65,0.5
618,9978.219214,9977.119714,9977.560214,9978.166214,9981.370214,0,2.99999999999994,0.0299999999999997,5.99999999999996,2,1,65,0.5
619,9982.802214,9982.080714,9982.272714,9982.802214,9988.972214,1,NaN,0,5.99999999999996,2,1,65,0.5
620,9990.346714,9989.472714,9989.783214,9990.294214,9993.127214,1,2.99999999999994,0.0299999999999997,7.00000000000003,1,2,66,0.5
621,9994.895214,9993.850714,9994.206714,9994.895214,9995.886714,0,NaN,0,7.00000000000003,1,2,66,0.5
622,10002.529714,10001.559714,10001.962714,10002.529714,10004.940214,0,NaN,0,7.00000000000003,1,2,66,0.5
623,10010.347214,10009.307714,10009.718214,10010.347214,10016.714214,0,NaN,0,7.00000000000003,1,2,66,0.5
624,10018.595214,10017.404214,10017.889714,10018.542714,10020.808214,0,2.99999999999994,0.0299999999999997,5.99999999999996,2,1,65,0.5
625,10022.457714,10021.425214,10021.579214,10022.455214,10026.708714,1,2.99999999999994,0.0299999999999997,7.00000000000003,1,2,66,0.5
626,10028.379214,10027.219714,10027.594714,10028.377714,10034.374214,1,NaN,0.00999999999999943,7.00000000000003,0,2,66,0.5
627,10037.031714,10036.024214,10036.522214,10037.031714,10043.232714,0,NaN,0,7.00000000000003,1,2,66,0.5
628,10044.773714,10044.023714,10044.197214,10044.773714,10048.475714,1,NaN,0,5.99999999999996,2,1,65,0.5
629,10051.401714,10050.452214,10050.851714,10051.401714,10123.350214,0,NaN,0,7.00000000000003,1,2,66,0.5
630,10135.722214,10134.891714,10134.950714,10135.722214,10149.271714,1,NaN,0,5.99999999999996,2,1,65,0.5
631,10150.986714,10149.907714,10150.358714,10150.934214,10154.428714,1,2.99999999999994,0.0299999999999997,7.00000000000003,1,2,66,0.5
632,10157.109714,10156.089214,10156.438714,10157.109714,10184.727714,1,NaN,0,5.99999999999996,2,1,65,0.5
633,10190.779214,10189.731714,10190.195714,10190.779214,10191.077714,0,NaN,0,7.00000000000003,1,2,66,0.5
634,10367.297214,10366.565714,10366.689214,10367.297214,10367.650714,1,NaN,0,5.99999999999996,2,1,65,0.5
635,10379.760714,10378.849714,10378.931214,10379.760714,10379.794714,1,NaN,0,5.99999999999996,2,1,65,0.5
636,10389.816214,10388.807714,10389.170714,10389.816214,10390.071214,0,NaN,0,7.00000000000003,1,2,66,0.5
637,10397.204214,10396.424214,10396.700214,10397.204214,10403.600714,0,NaN,0,7.00000000000003,0,2,66,0.5
638,10406.220714,10405.204214,10405.555214,10406.168714,10408.457714,0,2.99999999999994,0.0299999999999997,5.99999999999996,2,1,65,0.5
639,10409.776214,10409.051714,10409.167214,10409.776214,10410.162714,1,NaN,0,5.99999999999996,2,1,65,0.5
640,10430.910214,10430.091214,10430.244714,10430.909214,10431.016214,1,NaN,0.00999999999999943,7.00000000000003,0,2,66,0.5
641,10440.910714,10439.904714,10440.137714,10440.908714,10444.061714,1,2.99999999999994,0.0299999999999997,7.00000000000003,1,2,66,0.5
642,10445.697214,10444.860214,10445.087714,10445.697214,10457.363714,1,NaN,0,5.99999999999996,2,1,65,0.5
643,10458.892714,10458.117214,10458.369714,10458.892714,10459.406714,1,NaN,0,5.99999999999996,2,1,65,0.5
644,10465.987214,10465.391214,10465.484714,10465.987214,10468.683714,1,NaN,0,5.99999999999996,2,1,65,0.5
645,10474.418714,10473.628214,10473.638214,10474.416214,10477.435714,1,2.99999999999994,0.0299999999999997,7.00000000000003,1,2,66,0.5
646,10479.064214,10478.203214,10478.500214,10479.011714,10481.828214,0,2.99999999999994,0.0299999999999997,5.99999999999996,2,1,65,0.5
647,10483.285214,10482.515714,10482.636714,10483.232714,10485.965214,1,2.99999999999994,0.0299999999999997,7.00000000000003,1,2,66,0.5
648,10487.910714,10486.827214,10487.116214,10487.858214,10491.420714,0,2.99999999999994,0.0299999999999997,5.99999999999996,2,1,65,0.5
649,10493.230214,10492.282714,10492.458214,10493.230214,10493.547214,1,NaN,0,5.99999999999996,2,1,65,0.5
650,10500.049214,10498.939714,10499.336714,10500.049214,10500.896714,1,NaN,0,5.99999999999996,2,1,65,0.5
651,10512.812714,10511.710714,10512.089214,10512.811214,10513.051214,0,NaN,0.00999999999999943,5.99999999999996,0,1,65,0.5
652,10525.065714,10524.055214,10524.267214,10525.012714,10528.890214,1,2.99999999999994,0.0299999999999997,7.00000000000003,1,2,66,0.5
653,10530.395714,10529.489714,10529.783714,10530.395714,10536.756714,1,NaN,0,5.99999999999996,2,1,65,0.5
654,10540.993714,10540.116714,10540.425214,10540.941214,10544.310714,1,2.99999999999994,0.0299999999999997,7.00000000000003,1,2,66,0.5
655,10546.322214,10544.925214,10545.330714,10546.322214,10554.720714,1,NaN,0,5.99999999999996,2,1,65,0.5
656,10556.168214,10555.170714,10555.604714,10556.115714,10559.200714,0,2.99999999999994,0.0299999999999997,5.99999999999996,2,1,65,0.5
657,10560.861714,10560.142214,10560.356714,10560.861714,10567.307714,1,NaN,0,5.99999999999996,2,1,65,0.5
658,10568.938714,10568.034214,10568.460214,10568.938714,10575.604214,1,NaN,0,5.99999999999996,2,1,65,0.5
659,10577.943714,10576.836214,10577.298214,10577.891214,10582.236714,0,2.99999999999994,0.0299999999999997,5.99999999999996,2,1,65,0.5
660,10678.490214,10677.483214,10677.652714,10678.490214,10678.892714,1,NaN,0,5.99999999999996,2,1,65,0.5
661,10786.198214,10782.232214,10782.700714,10786.198214,10804.370714,1,NaN,0,5.99999999999996,2,1,65,0.5
662,10815.264714,10806.640714,10806.940714,10815.211714,10817.200714,1,2.99999999999994,0.0299999999999997,7.00000000000003,1,2,66,0.5
663,10819.544714,10818.242214,10818.502214,10819.492714,10822.159214,0,2.99999999999994,0.0299999999999997,5.99999999999996,2,1,65,0.5
664,10835.612714,10834.383714,10834.669714,10835.560214,10841.111714,0,2.99999999999994,0.0299999999999997,5.99999999999996,2,1,65,0.5
665,10843.426714,10842.075214,10842.538214,10843.374214,10846.162714,0,2.99999999999994,0.0299999999999997,5.99999999999996,2,1,65,0.5
666,10848.189214,10846.916214,10847.213714,10848.186714,10851.063214,1,2.99999999999994,0.0299999999999997,7.00000000000003,1,2,66,0.5
667,10853.954214,10852.760214,10853.127714,10853.901214,10857.162214,0,2.99999999999994,0.0299999999999997,5.99999999999996,2,1,65,0.5
668,10859.827714,10858.957214,10859.203214,10859.827714,10864.324714,1,NaN,0,5.99999999999996,2,1,65,0.5
669,10866.994714,10865.751714,10866.120714,10866.994714,10873.737214,0,NaN,0,7.00000000000003,1,2,66,0.5
670,10876.870214,10875.212714,10875.897214,10876.870214,10877.071214,0,NaN,0,7.00000000000003,1,2,66,0.5
671,10885.271714,10883.504214,10883.998214,10885.271714,10885.534714,0,NaN,0,7.00000000000003,1,2,66,0.5
672,10896.791214,10895.668214,10896.103214,10896.789714,10897.492714,0,NaN,0.00999999999999943,5.99999999999996,0,1,65,0.5
673,10911.645714,10910.529714,10910.688714,10911.643214,10914.617714,1,2.99999999999994,0.0299999999999997,7.00000000000003,1,2,66,0.5
674,10916.310214,10915.412714,10915.761714,10916.310214,10916.794714,1,NaN,0,5.99999999999996,2,1,65,0.5
675,10923.065714,10922.075214,10922.430214,10923.012714,10926.664714,0,2.99999999999994,0.0299999999999997,5.99999999999996,2,1,65,0.5
676,10927.918714,10927.191714,10927.410214,10927.918714,10937.587214,1,NaN,0,5.99999999999996,2,1,65,0.5
677,10939.339714,10938.287214,10938.714714,10939.339714,10939.861714,0,NaN,0,7.00000000000003,1,2,66,0.5
678,10963.806714,10962.821714,10963.098714,10963.753714,10967.667714,1,2.99999999999994,0.0299999999999997,7.00000000000003,1,2,66,0.5
679,10969.627714,10968.586714,10968.853714,10969.575214,10973.765214,1,2.99999999999994,0.0299999999999997,7.00000000000003,1,2,66,0.5
680,10975.532214,10974.371714,10974.803714,10975.478714,10978.940214,0,2.99999999999994,0.0299999999999997,5.99999999999996,2,1,65,0.5
681,10980.198714,10979.476214,10979.697714,10980.198714,10991.235214,1,NaN,0,5.99999999999996,2,1,65,0.5
682,10993.117214,10992.237714,10992.281214,10993.114714,10995.647714,1,2.99999999999994,0.0299999999999997,7.00000000000003,1,2,66,0.5
683,10998.522214,10997.368214,10997.769714,10998.520214,11001.561214,0,2.99999999999994,0.0299999999999997,5.99999999999996,2,1,65,0.5
684,11003.602214,11002.686214,11002.861714,11003.549714,11006.856214,1,2.99999999999994,0.0299999999999997,7.00000000000003,1,2,66,0.5
685,11008.828714,11007.651214,11007.993714,11008.828714,11013.797714,1,NaN,0,5.99999999999996,2,1,65,0.5
686,11018.100714,11016.960714,11017.372714,11018.098714,11020.864714,0,2.99999999999994,0.0299999999999997,5.99999999999996,2,1,65,0.5
687,11022.095214,11021.439714,11021.594714,11022.095214,11028.208714,1,NaN,0,5.99999999999996,2,1,65,0.5
688,11029.664214,11028.732214,11029.160714,11029.664214,11031.278714,0,NaN,0,7.00000000000003,1,2,66,0.5
689,11039.807214,11038.844214,11039.126214,11039.754214,11044.610714,1,2.99999999999994,0.0299999999999997,7.00000000000003,1,2,66,0.5
690,11046.540714,11045.124214,11045.457714,11046.538714,11050.381214,1,2.99999999999994,0.0299999999999997,7.00000000000003,1,2,66,0.5
691,11051.949214,11050.965714,11051.326214,11051.932714,11055.214714,0,2.99999999999994,0.0299999999999997,5.99999999999996,2,1,65,0.5
692,11056.950714,11056.157214,11056.343214,11056.950714,11057.675214,1,NaN,0,5.99999999999996,2,1,65,0.5
693,11064.838214,11063.842214,11064.188714,11064.836214,11067.865214,0,2.99999999999994,0.0299999999999997,5.99999999999996,2,1,65,0.5
694,11069.582714,11068.677214,11068.865214,11069.582714,11074.950214,1,NaN,0,5.99999999999996,2,1,65,0.5
695,11076.660714,11075.499714,11075.952214,11076.660714,11085.482714,0,NaN,0,7.00000000000003,1,2,66,0.5
696,11088.912214,11088.016714,11088.350214,11088.912214,11089.402714,1,NaN,0,5.99999999999996,2,1,65,0.5
697,11100.772214,11099.908714,11100.179714,11100.772214,11106.723714,1,NaN,0,5.99999999999996,2,1,65,0.5
698,11109.637214,11108.568214,11108.979214,11109.634714,11112.193714,0,2.99999999999994,0.0299999999999997,5.99999999999996,2,1,65,0.5
699,11114.100714,11113.174714,11113.380214,11114.048214,11116.614714,1,2.99999999999994,0.0299999999999997,7.00000000000003,1,2,66,0.5
700,11118.019214,11117.183214,11117.494714,11118.019214,11123.259214,0,NaN,0,7.00000000000003,1,2,66,0.5
701,11126.064214,11125.007214,11125.446714,11126.011214,11128.305214,0,2.99999999999994,0.0299999999999997,5.99999999999996,2,1,65,0.5
702,11129.700214,11128.918714,11129.121714,11129.700214,11130.458214,1,NaN,0,5.99999999999996,2,1,65,0.5
703,11136.198214,11135.238714,11135.690214,11136.198214,11136.650714,0,NaN,0,7.00000000000003,1,2,66,0.5
704,11147.421714,11146.276714,11146.735714,11147.419214,11150.420214,0,2.99999999999994,0.0299999999999997,5.99999999999996,2,1,65,0.5
705,11151.915714,11151.173214,11151.336214,11151.915714,11158.597214,1,NaN,0,5.99999999999996,2,1,65,0.5
706,11160.104214,11159.218714,11159.609714,11160.104214,11166.518214,0,NaN,0,7.00000000000003,1,2,66,0.5
707,11169.915714,11169.014214,11169.387714,11169.915714,11179.551214,0,NaN,0,7.00000000000003,1,2,66,0.5
708,11180.857714,11180.050714,11180.222214,11180.805214,11184.770214,1,2.99999999999994,0.0299999999999997,7.00000000000003,1,2,66,0.5
709,11187.298214,11186.054214,11186.468714,11187.297214,11466.450714,0,NaN,0.00999999999999943,5.99999999999996,0,1,65,0.5
710,11469.123714,11468.167214,11468.496714,11469.123714,11491.258214,1,NaN,0,5.99999999999996,2,1,65,0.5
711,11493.013714,11491.904714,11492.300214,11493.013714,11493.282714,0,NaN,0,7.00000000000003,1,2,66,0.5
712,11504.958214,11504.241714,11504.267214,11504.956214,11507.679214,1,2.99999999999994,0.0299999999999997,7.00000000000003,1,2,66,0.5
713,11509.516214,11508.778714,11508.988214,11509.516214,11515.900214,0,NaN,0,7.00000000000003,0,2,66,0.5
714,11517.814214,11516.949714,11517.211214,11517.814214,11525.021214,0,NaN,0,7.00000000000003,1,2,66,0.5
715,11526.426714,11525.742714,11525.791714,11526.426714,11527.107714,1,NaN,0,5.99999999999996,2,1,65,0.5
716,11535.108714,11534.167214,11534.632714,11535.108714,11535.557214,0,NaN,0,7.00000000000003,0,2,66,0.5
717,11548.247214,11547.359714,11547.423714,11548.244214,11551.685214,1,2.99999999999994,0.0299999999999997,7.00000000000003,1,2,66,0.5
718,11553.107714,11552.288214,11552.623214,11553.107714,11553.607714,1,NaN,0,5.99999999999996,2,1,65,0.5
719,11561.537714,11560.768214,11560.834714,11561.537714,11569.469214,1,NaN,0,5.99999999999996,2,1,65,0.5
720,11587.055714,11586.010214,11586.309714,11587.055714,11587.348214,1,NaN,0,5.99999999999996,2,1,65,0.5
721,11594.255714,11593.446714,11593.659714,11594.255714,11600.406714,0,NaN,0,7.00000000000003,0,2,66,0.5
722,11602.888714,11601.785214,11602.212214,11602.886714,11605.982214,0,2.99999999999994,0.0299999999999997,5.99999999999996,2,1,65,0.5
723,11607.601214,11606.805214,11607.004714,11607.601214,11621.268714,1,NaN,0,5.99999999999996,2,1,65,0.5
724,11623.008214,11621.949714,11622.364714,11623.008214,11631.659214,0,NaN,0,7.00000000000003,0,2,66,0.5
725,11633.169214,11632.135214,11632.559714,11633.116714,11635.832214,0,2.99999999999994,0.0299999999999997,5.99999999999996,2,1,65,0.5
726,11637.456214,11636.673214,11636.857214,11637.456214,11645.830214,1,NaN,0,5.99999999999996,2,1,65,0.5
727,11647.139714,11646.548214,11646.637714,11647.139714,11649.983714,1,NaN,0,5.99999999999996,2,1,65,0.5
728,11653.909214,11653.287214,11653.404714,11653.888214,11656.777214,1,NaN,0.00999999999999943,7.00000000000003,0,2,66,0.5
729,11663.303214,11662.239214,11662.630714,11663.300714,11665.455714,0,2.99999999999994,0.0299999999999997,5.99999999999996,2,1,65,0.5
730,11666.932214,11666.115214,11666.288714,11666.932214,11675.285214,1,NaN,0,5.99999999999996,2,1,65,0.5
731,11676.846214,11675.740714,11676.097214,11676.843714,11679.094714,0,2.99999999999994,0.0299999999999997,5.99999999999996,2,1,65,0.5
732,11681.240214,11680.513714,11680.633214,11681.240214,11683.644214,1,NaN,0,5.99999999999996,2,1,65,0.5
733,11690.464714,11689.640214,11689.679714,11690.412214,11695.172714,0,2.99999999999994,0.0299999999999997,5.99999999999996,2,1,65,0.5
734,11699.332214,11698.209214,11698.600214,11699.280214,11702.103214,0,2.99999999999994,0.0299999999999997,5.99999999999996,2,1,65,0.5
735,11703.876214,11703.033714,11703.205214,11703.876214,11706.489714,1,NaN,0,5.99999999999996,2,1,65,0.5
736,11712.966214,11711.960714,11712.316214,11712.966214,11713.262714,1,NaN,0,5.99999999999996,2,1,65,0.5
737,11720.648714,11719.988714,11720.068714,11720.646214,11723.734214,1,2.99999999999994,0.0299999999999997,7.00000000000003,1,2,66,0.5
738,11725.553715,11724.522214,11724.840214,11725.501214,11729.099714,0,2.99999999999994,0.0299999999999997,5.99999999999996,2,1,65,0.5
739,11730.499714,11729.705214,11729.912214,11730.499714,11737.088214,1,NaN,0,5.99999999999996,2,1,65,0.5
740,11739.083214,11737.923214,11738.401714,11739.030714,11741.911714,0,2.99999999999994,0.0299999999999997,5.99999999999996,2,1,65,0.5
741,11744.238714,11743.432214,11743.651214,11744.238714,11750.254714,1,NaN,0,5.99999999999996,2,1,65,0.5
742,11752.736214,11751.621714,11752.047214,11752.733714,11755.281714,0,2.99999999999994,0.0299999999999997,5.99999999999996,2,1,65,0.5
743,11757.085714,11756.175714,11756.501214,11757.085714,11763.206714,1,NaN,0,5.99999999999996,2,1,65,0.5
744,11766.038714,11765.416214,11765.464214,11766.009714,11769.495214,1,2.99999999999994,0.0299999999999997,7.00000000000003,1,2,66,0.5
745,11771.260714,11770.256714,11770.581714,11771.208714,11773.744714,0,2.99999999999994,0.0299999999999997,5.99999999999996,2,1,65,0.5
746,11775.711714,11774.648214,11774.826214,11775.708714,11779.657214,1,2.99999999999994,0.0299999999999997,7.00000000000003,1,2,66,0.5
747,11781.774214,11780.297214,11780.576214,11781.721214,11785.204714,1,2.99999999999994,0.0299999999999997,7.00000000000003,1,2,66,0.5
748,11787.134214,11786.034714,11786.268714,11787.131714,11791.184214,1,2.99999999999994,0.0299999999999997,7.00000000000003,1,2,66,0.5
749,11792.975714,11791.763714,11792.125714,11792.923214,11796.583714,0,2.99999999999994,0.0299999999999997,5.99999999999996,2,1,65,0.5
750,11798.360214,11797.531214,11797.590714,11798.360214,12130.285214,1,NaN,0,5.99999999999996,0,1,65,0.5
751,12134.493714,12133.546214,12133.880714,12134.493714,12134.904214,1,NaN,0,5.99999999999996,2,1,65,0.5
752,12142.896714,12141.768214,12141.929214,12142.893714,12145.593714,1,2.99999999999994,0.0299999999999997,7.00000000000003,1,2,66,0.5
753,12149.310714,12148.637214,12148.697214,12149.310714,12158.340214,1,NaN,0,5.99999999999996,0,1,65,0.5
754,12159.890214,12159.001214,12159.058714,12159.836714,12162.778214,1,2.99999999999994,0.0299999999999997,7.00000000000003,1,2,66,0.5
755,12166.117714,12165.070214,12165.439714,12166.117714,12179.487214,1,NaN,0,5.99999999999996,0,1,65,0.5
756,12181.532714,12180.355214,12180.653214,12181.430714,12187.908214,0,NaN,0.00999999999999943,5.99999999999996,0,1,65,0.5
757,12189.575214,12188.618214,12189.093714,12189.575214,12195.094214,0,NaN,0,7.00000000000003,1,2,66,0.5
758,12201.585714,12200.617714,12200.940214,12201.585714,12201.837214,1,NaN,0,5.99999999999996,2,1,65,0.5
759,12219.306714,12218.354714,12218.678714,12219.306714,12228.367714,1,NaN,0,5.99999999999996,2,1,65,0.5
760,12229.945714,12228.951214,12229.339714,12229.943214,12234.514714,0,2.99999999999994,0.0299999999999997,5.99999999999996,2,1,65,0.5
761,12235.857714,12234.988714,12235.366214,12235.857714,12239.969714,0,NaN,0,7.00000000000003,1,2,66,0.5
762,12243.746714,12243.123214,12243.154714,12243.696214,12246.602714,1,2.99999999999994,0.0299999999999997,7.00000000000003,1,2,66,0.5
763,12248.237714,12247.271714,12247.551714,12248.184714,12250.322214,1,2.99999999999994,0.0299999999999997,7.00000000000003,1,2,66,0.5
764,12252.148714,12251.021214,12251.248214,12252.148714,12252.444714,1,NaN,0,5.99999999999996,2,1,65,0.5
765,12259.951214,12259.430214,12259.489214,12259.951214,12260.433714,1,NaN,0,5.99999999999996,2,1,65,0.5
766,12266.959214,12266.196714,12266.476714,12266.959214,12273.978214,1,NaN,0,5.99999999999996,2,1,65,0.5
767,12275.587214,12274.485214,12274.870714,12275.534714,12309.331214,0,2.99999999999994,0.0299999999999997,5.99999999999996,2,1,65,0.5
768,12311.209214,12310.106214,12310.563714,12311.155714,12315.770714,0,2.99999999999994,0.0299999999999997,5.99999999999996,2,1,65,0.5
769,12317.475714,12316.462214,12316.828214,12317.422214,12319.942714,0,2.99999999999994,0.0299999999999997,5.99999999999996,2,1,65,0.5
770,12321.706214,12321.026214,12321.211214,12321.706214,12324.079714,1,NaN,0,5.99999999999996,2,1,65,0.5
771,12330.561714,12329.621214,12330.080714,12330.561714,12331.036214,0,NaN,0,7.00000000000003,1,2,66,0.5
772,12339.889714,12338.760714,12339.247714,12339.836714,12342.095214,0,2.99999999999994,0.0299999999999997,5.99999999999996,2,1,65,0.5
773,12343.981214,12342.936714,12342.998714,12343.980214,12344.014214,1,NaN,0.00999999999999943,7.00000000000003,0,2,66,0.5
774,12352.387214,12351.404714,12351.849714,12352.387214,12352.723214,0,NaN,0,7.00000000000003,1,2,66,0.5
775,12361.222714,12360.295214,12360.679714,12361.222714,12361.562714,0,NaN,0,7.00000000000003,1,2,66,0.5
776,12369.979714,12369.166214,12369.358714,12369.927714,12372.808214,1,2.99999999999994,0.0299999999999997,7.00000000000003,1,2,66,0.5
777,12374.470214,12373.389214,12373.706714,12374.468214,12377.577214,1,2.99999999999994,0.0299999999999997,7.00000000000003,1,2,66,0.5
778,12379.438714,12378.516214,12378.845714,12379.438714,12379.822714,0,NaN,0,7.00000000000003,0,2,66,0.5
779,12393.134214,12392.157714,12392.293714,12393.081714,12395.971714,1,2.99999999999994,0.0299999999999997,7.00000000000003,1,2,66,0.5
780,12397.763214,12396.796214,12397.194214,12397.763214,12401.519214,1,NaN,0,5.99999999999996,2,1,65,0.5
781,12404.777714,12403.675214,12404.139714,12404.725714,12407.520214,0,2.99999999999994,0.0299999999999997,5.99999999999996,2,1,65,0.5
782,12408.878214,12408.167214,12408.341214,12408.878214,12416.043214,1,NaN,0,5.99999999999996,2,1,65,0.5
783,12417.643714,12416.506714,12416.983214,12417.641714,12422.660714,0,2.99999999999994,0.0299999999999997,5.99999999999996,2,1,65,0.5
784,12424.260214,12423.242714,12423.660714,12424.207714,12428.456714,0,2.99999999999994,0.0299999999999997,5.99999999999996,2,1,65,0.5
785,12429.915714,12429.075714,12429.297214,12429.915714,12435.824714,1,NaN,0,5.99999999999996,2,1,65,0.5
786,12437.351214,12436.294714,12436.694714,12437.297714,12439.755714,0,2.99999999999994,0.0299999999999997,5.99999999999996,2,1,65,0.5
787,12441.348714,12440.504214,12440.833714,12441.329714,12443.978214,1,2.99999999999994,0.0299999999999997,7.00000000000003,1,2,66,0.5
788,12445.836214,12444.799714,12445.074214,12445.836214,12446.176214,0,NaN,0,7.00000000000003,1,2,66,0.5
789,12453.921714,12452.936214,12453.283214,12453.868214,12456.476714,0,2.99999999999994,0.0299999999999997,5.99999999999996,2,1,65,0.5
790,12458.078214,12457.139714,12457.402714,12458.024714,12461.132714,1,2.99999999999994,0.0299999999999997,7.00000000000003,1,2,66,0.5
791,12462.628714,12461.680214,12462.024714,12462.628714,12471.301714,0,NaN,0,7.00000000000003,1,2,66,0.5
792,12473.703714,12472.686714,12473.100714,12473.701214,12476.557714,1,2.99999999999994,0.0299999999999997,7.00000000000003,1,2,66,0.5
793,12478.298214,12477.299714,12477.714714,12478.284714,12481.793714,1,2.99999999999994,0.0299999999999997,7.00000000000003,1,2,66,0.5
794,12483.877714,12482.522214,12482.962214,12483.776214,12488.749714,1,NaN,0.00999999999999943,7.00000000000003,0,2,66,0.5
795,12490.670214,12489.629214,12490.052714,12490.617214,12494.134214,0,2.99999999999994,0.0299999999999997,5.99999999999996,2,1,65,0.5
796,12495.612714,12494.845714,12495.079214,12495.560214,12498.918714,1,2.99999999999994,0.0299999999999997,7.00000000000003,1,2,66,0.5
797,12500.615714,12499.636214,12499.998714,12500.615714,12502.813714,0,NaN,0,7.00000000000003,1,2,66,0.5
798,12508.166714,12507.114714,12507.523714,12508.114214,12511.141214,0,2.99999999999994,0.0299999999999997,5.99999999999996,2,1,65,0.5
799,12512.779714,12511.780714,12512.060214,12512.779714,12517.639714,1,NaN,0,5.99999999999996,2,1,65,0.5
800,12520.334714,12518.685714,12519.512214,12520.332214,12523.421214,0,2.99999999999994,0.0299999999999997,5.99999999999996,2,1,65,0.5
801,12525.128214,12524.365714,12524.520214,12525.125714,12527.842714,1,2.99999999999994,0.0299999999999997,7.00000000000003,1,2,66,0.5
802,12529.665214,12528.559714,12528.995714,12529.612214,12535.424214,0,2.99999999999994,0.0299999999999997,5.99999999999996,2,1,65,0.5
803,12537.007214,12535.869214,12536.295214,12537.004714,12540.669214,0,2.99999999999994,0.0299999999999997,5.99999999999996,2,1,65,0.5
804,12542.200214,12541.513214,12541.700214,12542.200214,12547.084214,1,NaN,0,5.99999999999996,2,1,65,0.5
805,12548.822214,12547.788214,12548.183214,12548.820214,12551.960214,0,2.99999999999994,0.0299999999999997,5.99999999999996,2,1,65,0.5
806,12553.431214,12552.528714,12552.692714,12553.431214,12555.929714,1,NaN,0,5.99999999999996,2,1,65,0.5
807,12560.349214,12559.223214,12559.643214,12560.296214,12563.411214,0,2.99999999999994,0.0299999999999997,5.99999999999996,2,1,65,0.5
808,12565.386714,12564.171714,12564.483214,12565.386714,12570.246714,1,NaN,0,5.99999999999996,2,1,65,0.5
809,12573.939214,12573.014214,12573.376714,12573.939214,12583.430214,1,NaN,0,5.99999999999996,2,1,65,0.5
810,12584.957214,12583.911714,12584.301214,12584.904714,12587.741214,0,2.99999999999994,0.0299999999999997,5.99999999999996,2,1,65,0.5
811,12589.103214,12588.313214,12588.535714,12589.103214,12797.379214,1,NaN,0,5.99999999999996,2,1,65,0.5
812,12886.841714,12885.660714,12885.926214,12886.841714,12887.030214,1,NaN,0,5.99999999999996,2,1,65,0.5
813,12898.798214,12898.003214,12898.082714,12898.798214,12899.007214,1,NaN,0,5.99999999999996,2,1,65,0.5
814,12913.621714,12912.349714,12912.499714,12913.569214,12915.821214,1,2.99999999999994,0.0299999999999997,7.00000000000003,1,2,66,0.5
815,12918.518714,12917.204214,12917.533714,12918.466214,12921.353214,1,2.99999999999994,0.0299999999999997,7.00000000000003,1,2,66,0.5
816,12923.137714,12922.331714,12922.609714,12923.137714,12923.492714,0,NaN,0,7.00000000000003,0,2,66,0.5
817,12931.552714,12930.758214,12931.025714,12931.552714,12937.475214,0,NaN,0,7.00000000000003,1,2,66,0.5
818,12940.496214,12939.475714,12939.902214,12940.494214,12942.603714,0,2.99999999999994,0.0299999999999997,5.99999999999996,2,1,65,0.5
819,12944.189214,12943.331214,12943.504214,12944.136714,12946.423714,1,2.99999999999994,0.0299999999999997,7.00000000000003,1,2,66,0.5
820,12948.118714,12947.237714,12947.568714,12948.065714,12951.138214,0,2.99999999999994,0.0299999999999997,5.99999999999996,2,1,65,0.5
821,12952.751714,12951.822214,12952.008214,12952.750214,12953.011714,1,NaN,0.00999999999999943,7.00000000000003,0,2,66,0.5
822,12985.771714,12985.028714,12985.157714,12985.771714,12989.572214,1,NaN,0,5.99999999999996,2,1,65,0.5
823,12992.230714,12991.365714,12991.644714,12992.178214,12995.800714,1,2.99999999999994,0.0299999999999997,7.00000000000003,1,2,66,0.5
824,12997.416714,12996.374714,12996.674714,12997.414214,13000.720214,1,2.99999999999994,0.0299999999999997,7.00000000000003,1,2,66,0.5
825,13002.517214,13001.511714,13001.782714,13002.514714,13005.636214,1,2.99999999999994,0.0299999999999997,7.00000000000003,1,2,66,0.5
826,13007.340714,13006.326214,13006.783214,13007.340714,13012.642714,1,NaN,0,5.99999999999996,2,1,65,0.5
827,13013.762714,13013.067714,13013.116714,13013.762714,13020.090214,1,NaN,0,5.99999999999996,2,1,65,0.5
828,13023.538714,13022.922714,13023.015714,13023.538714,13025.348214,1,NaN,0,5.99999999999996,2,1,65,0.5
829,13030.464214,13029.596214,13029.778714,13030.464214,13033.023714,1,NaN,0,5.99999999999996,0,1,65,0.5
830,13069.205714,13068.306214,13068.568214,13069.205714,13254.097714,1,NaN,0,5.99999999999996,2,1,65,0.5
831,13265.879714,13265.100714,13265.156214,13265.879714,13266.103214,1,NaN,0,5.99999999999996,2,1,65,0.5
832,13281.987714,13280.912214,13281.069214,13281.935214,13283.926714,1,2.99999999999994,0.0299999999999997,7.00000000000003,1,2,66,0.5
833,13286.058714,13285.232214,13285.331214,13286.058714,13292.586214,1,NaN,0,5.99999999999996,0,1,65,0.5
834,13294.405214,13293.438714,13293.791214,13294.403214,13297.247214,0,2.99999999999994,0.0299999999999997,5.99999999999996,2,1,65,0.5
835,13299.465714,13298.808714,13299.006214,13299.465714,13304.546214,1,NaN,0,5.99999999999996,2,1,65,0.5
836,13310.390214,13309.380714,13309.490714,13310.337214,13311.845714,0,2.99999999999994,0.0299999999999997,5.99999999999996,2,1,65,0.5
837,13313.379714,13312.583214,13312.676714,13313.379714,13315.402714,1,NaN,0,5.99999999999996,0,1,65,0.5
838,13322.057214,13321.522214,13321.553714,13322.057214,13326.800714,1,NaN,0,5.99999999999996,2,1,65,0.5
839,13328.202214,13327.606214,13327.834214,13328.202214,13334.548214,1,NaN,0,5.99999999999996,2,1,65,0.5
840,13335.967714,13335.003714,13335.355714,13335.914714,13338.304714,0,2.99999999999994,0.0299999999999997,5.99999999999996,2,1,65,0.5
841,13339.719714,13338.858214,13339.151714,13339.666714,13342.789714,1,2.99999999999994,0.0299999999999997,7.00000000000003,1,2,66,0.5
842,13344.424714,13343.456714,13343.767714,13344.323714,13350.952714,0,NaN,0.00999999999999943,5.99999999999996,0,1,65,0.5
843,13352.618714,13351.565714,13351.973214,13352.616214,13355.310714,0,2.99999999999994,0.0299999999999997,5.99999999999996,2,1,65,0.5
844,13356.828214,13355.928714,13356.161714,13356.828214,13364.024214,1,NaN,0,5.99999999999996,2,1,65,0.5
845,13365.593714,13364.526214,13364.988214,13365.536714,13379.627714,0,NaN,0.00999999999999943,5.99999999999996,0,1,65,0.5
846,13381.032714,13380.102714,13380.474214,13381.032714,13381.270214,1,NaN,0,5.99999999999996,2,1,65,0.5
847,13387.651714,13386.668714,13387.064714,13387.651714,13392.783714,0,NaN,0,7.00000000000003,1,2,66,0.5
848,13394.859714,13393.577714,13393.935714,13394.758214,13395.175714,0,NaN,0.00999999999999943,5.99999999999996,0,1,65,0.5
849,13401.557214,13400.597714,13401.001214,13401.557214,13405.914714,1,NaN,0,5.99999999999996,2,1,65,0.5
850,13407.896214,13406.960714,13407.376714,13407.891214,13411.016214,0,2.99999999999994,0.0299999999999997,5.99999999999996,2,1,65,0.5
851,13412.460714,13411.634214,13411.817214,13412.458214,13415.361714,1,2.99999999999994,0.0299999999999997,7.00000000000003,1,2,66,0.5
852,13417.068214,13416.121214,13416.377714,13417.005714,13423.331714,1,NaN,0.00999999999999943,7.00000000000003,0,2,66,0.5
853,13425.333714,13424.394714,13424.824214,13425.333714,13425.705714,0,NaN,0,7.00000000000003,1,2,66,0.5
854,13435.055214,13434.052714,13434.485714,13435.055214,13435.276714,0,NaN,0,7.00000000000003,1,2,66,0.5
855,13447.525714,13446.510714,13446.840214,13447.525714,13476.282214,1,NaN,0,5.99999999999996,2,1,65,0.5
856,13478.574714,13477.471714,13477.973214,13478.521714,13481.079214,0,2.99999999999994,0.0299999999999997,5.99999999999996,2,1,65,0.5
857,13482.533214,13481.718214,13481.921714,13482.481214,13485.467214,1,2.99999999999994,0.0299999999999997,7.00000000000003,1,2,66,0.5
858,13487.338714,13486.337214,13486.607714,13487.285714,13489.814714,1,2.99999999999994,0.0299999999999997,7.00000000000003,1,2,66,0.5
859,13491.658714,13490.487214,13490.954214,13491.605714,13494.787214,0,2.99999999999994,0.0299999999999997,5.99999999999996,2,1,65,0.5
860,13498.284714,13497.314214,13497.599714,13498.284714,13502.619214,1,NaN,0,5.99999999999996,2,1,65,0.5
861,13505.766714,13504.995714,13505.196714,13505.766714,13515.688714,1,NaN,0,5.99999999999996,2,1,65,0.5
862,13517.114214,13516.185714,13516.557714,13517.114214,13519.995714,0,NaN,0,7.00000000000003,1,2,66,0.5
863,13526.061214,13525.035714,13525.403714,13526.061214,13526.331214,1,NaN,0,5.99999999999996,2,1,65,0.5
864,13544.472714,13543.605714,13543.908214,13544.472714,13544.771214,1,NaN,0,5.99999999999996,2,1,65,0.5
865,13559.685214,13558.686714,13558.999714,13559.632214,13562.705214,1,2.99999999999994,0.0299999999999997,7.00000000000003,1,2,66,0.5
866,13564.150214,13563.250214,13563.506214,13564.147214,13567.200714,1,2.99999999999994,0.0299999999999997,7.00000000000003,1,2,66,0.5
867,13569.220214,13568.206214,13568.553214,13569.167214,13572.145714,0,2.99999999999994,0.0299999999999997,5.99999999999996,2,1,65,0.5
868,13573.757214,13573.005714,13573.152214,13573.757214,13574.088214,1,NaN,0,5.99999999999996,2,1,65,0.5
869,13592.636214,13591.580714,13591.911714,13592.583714,13595.717714,1,2.99999999999994,0.0299999999999997,7.00000000000003,1,2,66,0.5
870,13597.578214,13596.544714,13596.892214,13597.578214,13602.233214,1,NaN,0,5.99999999999996,2,1,65,0.5
871,13603.851714,13603.258714,13603.278214,13603.851714,13610.063214,1,NaN,0,5.99999999999996,0,1,65,0.5
872,13612.664714,13611.862214,13612.057214,13612.664714,13612.918714,1,NaN,0,5.99999999999996,2,1,65,0.5
873,13619.014714,13618.390214,13618.463214,13619.014714,13622.826714,1,NaN,0,5.99999999999996,0,1,65,0.5
874,13629.970214,13629.301214,13629.361714,13629.970214,13632.030714,1,NaN,0,5.99999999999996,2,1,65,0.5
875,13644.726714,13643.640714,13644.054214,13644.724714,13647.780214,0,2.99999999999994,0.0299999999999997,5.99999999999996,2,1,65,0.5
876,13650.255714,13649.269214,13649.554714,13650.255714,13650.473714,1,NaN,0,5.99999999999996,2,1,65,0.5
877,13665.514714,13664.522714,13664.762214,13665.461714,13668.226214,1,2.99999999999994,0.0299999999999997,7.00000000000003,1,2,66,0.5
878,13670.191714,13669.005214,13669.431214,13670.191714,13676.966714,1,NaN,0,5.99999999999996,2,1,65,0.5
879,13678.506214,13677.400214,13677.875214,13678.452714,13680.858714,0,2.99999999999994,0.0299999999999997,5.99999999999996,2,1,65,0.5
880,13682.574714,13681.874214,13682.068714,13682.574714,13682.761214,1,NaN,0,5.99999999999996,2,1,65,0.5
881,13691.005714,13689.915214,13690.313714,13690.953214,13693.499214,0,2.99999999999994,0.0299999999999997,5.99999999999996,2,1,65,0.5
882,13695.058214,13694.368214,13694.533214,13695.058214,13695.339214,1,NaN,0,5.99999999999996,2,1,65,0.5
883,13703.160714,13701.859714,13702.252214,13703.107714,13706.917714,0,2.99999999999994,0.0299999999999997,5.99999999999996,2,1,65,0.5
884,13708.286214,13707.569214,13707.775214,13708.286214,13718.544714,1,NaN,0,5.99999999999996,2,1,65,0.5
885,13720.135714,13719.052214,13719.557714,13720.135714,13721.021214,0,NaN,0,7.00000000000003,1,2,66,0.5
886,13731.548714,13730.499714,13730.932714,13731.496214,13734.723714,0,2.99999999999994,0.0299999999999997,5.99999999999996,2,1,65,0.5
887,13736.266714,13735.550714,13735.714214,13736.266714,13742.525714,1,NaN,0,5.99999999999996,0,1,65,0.5
888,13744.515214,13743.486214,13743.906714,13744.413714,13745.008214,0,NaN,0.00999999999999943,5.99999999999996,0,1,65,0.5
889,13752.185714,13751.138214,13751.567714,13752.183214,13754.541214,0,2.99999999999994,0.0299999999999997,5.99999999999996,2,1,65,0.5
890,13756.060214,13755.281214,13755.395714,13756.060214,13760.244714,1,NaN,0,5.99999999999996,2,1,65,0.5
891,13763.856214,13762.653714,13763.067714,13763.803714,13766.574714,0,2.99999999999994,0.0299999999999997,5.99999999999996,2,1,65,0.5
892,13768.593714,13767.731714,13767.926714,13768.541714,13771.398214,1,2.99999999999994,0.0299999999999997,7.00000000000003,1,2,66,0.5
893,13773.595214,13772.302214,13772.755714,13773.595214,13781.856714,1,NaN,0,5.99999999999996,2,1,65,0.5
894,13783.796214,13782.754714,13783.152714,13783.743214,13786.734714,0,2.99999999999994,0.0299999999999997,5.99999999999996,2,1,65,0.5
895,13788.320714,13787.495714,13787.677214,13788.320714,13788.543714,1,NaN,0,5.99999999999996,2,1,65,0.5
896,13796.708214,13795.493214,13795.921214,13796.706214,13800.107214,0,2.99999999999994,0.0299999999999997,5.99999999999996,2,1,65,0.5
897,13803.040214,13802.256714,13802.447714,13802.987214,13805.763714,1,2.99999999999994,0.0299999999999997,7.00000000000003,1,2,66,0.5
898,13807.950714,13806.665714,13807.011714,13807.948714,13811.017214,0,2.99999999999994,0.0299999999999997,5.99999999999996,2,1,65,0.5
899,13812.755214,13811.903214,13812.088714,13812.755214,13917.168214,1,NaN,0,5.99999999999996,2,1,65,0.5
900,13920.319714,13918.933714,13919.516714,13920.319714,13927.708214,1,NaN,0,5.99999999999996,2,1,65,0.5
901,13936.922214,13935.897714,13936.042714,13936.922214,13937.976214,0,NaN,0,7.00000000000003,1,2,66,0.5
902,14029.610214,14027.578214,14028.136214,14029.610214,14030.173214,1,NaN,0,5.99999999999996,2,1,65,0.5
903,14046.792714,14044.719214,14045.280714,14046.792714,14063.781714,1,NaN,0,5.99999999999996,2,1,65,0.5
904,14094.864714,14093.871214,14094.063214,14094.812714,14098.063214,1,2.99999999999994,0.0299999999999997,7.00000000000003,1,2,66,0.5
905,14100.636714,14099.281214,14099.798714,14100.584214,14114.249714,0,2.99999999999994,0.0299999999999997,5.99999999999996,2,1,65,0.5
906,14116.046714,14114.960214,14115.462714,14116.046714,14122.597214,0,NaN,0,7.00000000000003,1,2,66,0.5
907,14124.668214,14123.482714,14123.859714,14124.616214,14126.719714,0,2.99999999999994,0.0299999999999997,5.99999999999996,2,1,65,0.5
908,14128.673214,14127.678214,14128.051714,14128.620714,14131.415214,1,2.99999999999994,0.0299999999999997,7.00000000000003,1,2,66,0.5
909,14133.288714,14132.240714,14132.607714,14133.288714,14141.694714,0,NaN,0,7.00000000000003,1,2,66,0.5
910,14143.240214,14142.166714,14142.597214,14143.240214,14143.868714,0,NaN,0,7.00000000000003,1,2,66,0.5
911,14150.380214,14149.190214,14149.648714,14150.380214,14154.808214,0,NaN,0,7.00000000000003,1,2,66,0.5
912,14158.539714,14157.213714,14157.721214,14158.538714,14251.669214,0,NaN,0.00999999999999943,5.99999999999996,0,1,65,0.5
913,14271.226714,14269.319714,14269.374214,14270.675714,NaN,1,NaN,0,7.00000000000003,1,2,66,0.5
914,14312.102214,14310.929214,14311.050214,14312.102214,14312.332714,1,NaN,0,5.99999999999996,2,1,65,0.5
915,14318.886214,14317.907714,14318.342214,14318.886214,14319.317714,0,NaN,0,7.00000000000003,1,2,66,0.5
916,14330.686714,14329.797714,14329.974714,14330.686714,14330.702214,1,NaN,0,5.99999999999996,2,1,65,0.5
917,14338.878714,14337.884714,14338.269214,14338.877714,14342.517214,1,NaN,0.00999999999999943,7.00000000000003,0,2,66,0.5
918,14346.639714,14345.482714,14345.910714,14346.586214,14349.581714,0,2.99999999999994,0.0299999999999997,5.99999999999996,2,1,65,0.5
919,14353.307714,14352.496214,14352.596214,14353.255214,14355.432714,1,2.99999999999994,0.0299999999999997,7.00000000000003,1,2,66,0.5
920,14357.171214,14356.037714,14356.350214,14357.118714,14359.658214,1,2.99999999999994,0.0299999999999997,7.00000000000003,1,2,66,0.5
921,14361.602714,14360.460714,14360.765714,14361.600714,14725.064214,1,2.99999999999994,0.0299999999999997,7.00000000000003,1,2,66,0.5
922,14734.415714,14732.616214,14733.414214,14734.413214,14743.202714,0,2.99999999999994,0.0299999999999997,5.99999999999996,2,1,65,0.5
923,14745.625714,14744.396214,14744.993714,14745.625714,14753.290714,0,NaN,0,7.00000000000003,1,2,66,0.5
924,14756.183214,14755.255214,14755.364214,14756.130714,14758.700714,1,2.99999999999994,0.0299999999999997,7.00000000000003,1,2,66,0.5
925,14760.553214,14759.387214,14759.766214,14760.500214,14762.952714,0,2.99999999999994,0.0299999999999997,5.99999999999996,2,1,65,0.5
926,14764.804714,14763.944714,14764.006214,14764.751714,14767.345714,1,2.99999999999994,0.0299999999999997,7.00000000000003,1,2,66,0.5
927,14769.388714,14768.263714,14768.629214,14769.336214,14772.696714,1,2.99999999999994,0.0299999999999997,7.00000000000003,1,2,66,0.5
928,14777.648214,14776.504714,14776.865214,14777.648214,14851.682214,1,NaN,0,5.99999999999996,2,1,65,0.5
929,14853.669214,14852.514214,14852.961214,14853.616714,14855.735214,1,2.99999999999994,0.0299999999999997,7.00000000000003,1,2,66,0.5
930,14857.934714,14856.763214,14857.099714,14857.934714,14875.381714,1,NaN,0,5.99999999999996,2,1,65,0.5
931,14877.535214,14876.190214,14876.714714,14877.535214,14888.061214,1,NaN,0,5.99999999999996,2,1,65,0.5
932,14889.274214,14888.761214,14888.825214,14889.274214,14899.985214,1,NaN,0,5.99999999999996,2,1,65,0.5
933,14901.644714,14900.452714,14900.888214,14901.591714,14903.368714,0,2.99999999999994,0.0299999999999997,5.99999999999996,2,1,65,0.5
934,14909.168214,14908.484214,14908.542714,14909.168214,14930.960214,1,NaN,0,5.99999999999996,2,1,65,0.5
935,14936.747214,14935.588714,14936.017214,14936.745214,14939.552214,0,2.99999999999994,0.0299999999999997,5.99999999999996,2,1,65,0.5
936,14941.714214,14941.143214,14941.197714,14941.714214,14956.944714,1,NaN,0,5.99999999999996,2,1,65,0.5
937,14959.935214,14958.656714,14959.097214,14959.933214,14962.581214,0,2.99999999999994,0.0299999999999997,5.99999999999996,2,1,65,0.5
938,14965.700214,14964.956714,14965.076714,14965.700214,14970.124214,1,NaN,0,5.99999999999996,2,1,65,0.5
939,14972.455214,14971.513714,14971.897714,14972.455214,14975.848214,1,NaN,0,5.99999999999996,2,1,65,0.5
940,14979.291214,14978.451714,14978.705714,14979.291214,14981.742214,1,NaN,0,5.99999999999996,2,1,65,0.5
941,14990.222214,14989.143214,14989.569214,14990.169214,14993.232214,0,2.99999999999994,0.0299999999999997,5.99999999999996,2,1,65,0.5
942,14994.530214,14993.782714,14993.931714,14994.530214,15000.416214,1,NaN,0,5.99999999999996,2,1,65,0.5
943,15002.279214,15001.168714,15001.647714,15002.226714,15005.588714,0,2.99999999999994,0.0299999999999997,5.99999999999996,2,1,65,0.5
944,15007.290214,15006.275214,15006.457214,15007.290214,15017.164714,1,NaN,0,5.99999999999996,2,1,65,0.5
945,15019.752714,15018.751714,15019.122214,15019.752714,15047.914714,1,NaN,0,5.99999999999996,2,1,65,0.5
946,15049.933214,15048.592714,15049.037714,15049.933214,15054.627214,1,NaN,0,5.99999999999996,2,1,65,0.5
947,15065.758714,15065.038714,15065.104714,15065.758714,15070.754214,1,NaN,0,5.99999999999996,2,1,65,0.5
948,15076.801214,15075.700214,15076.046714,15076.798714,15079.553214,0,2.99999999999994,0.0299999999999997,5.99999999999996,2,1,65,0.5
949,15083.761714,15082.724214,15083.120714,15083.761714,15097.814214,1,NaN,0,5.99999999999996,2,1,65,0.5
950,15099.338214,15098.276714,15098.711714,15099.285214,15101.760714,0,2.99999999999994,0.0299999999999997,5.99999999999996,2,1,65,0.5
951,15104.002214,15102.735714,15103.230214,15103.949214,15106.591214,1,2.99999999999994,0.0299999999999997,7.00000000000003,1,2,66,0.5
952,15108.527214,15107.518714,15107.890714,15108.527214,15109.611214,0,NaN,0,7.00000000000003,1,2,66,0.5
953,15115.526714,15114.350214,15114.747714,15115.473714,15118.668214,0,2.99999999999994,0.0299999999999997,5.99999999999996,2,1,65,0.5
954,15120.219714,15119.305214,15119.588714,15120.166714,15123.851214,1,2.99999999999994,0.0299999999999997,7.00000000000003,1,2,66,0.5
955,15125.651714,15124.489714,15124.910214,15125.598714,15128.489214,1,2.99999999999994,0.0299999999999997,7.00000000000003,1,2,66,0.5
956,15130.740714,15129.688214,15130.029214,15130.740714,15136.197214,0,NaN,0,7.00000000000003,1,2,66,0.5
957,15137.980714,15136.970214,15137.395214,15137.980714,15144.148714,0,NaN,0,7.00000000000003,1,2,66,0.5
958,15146.377714,15145.103214,15145.667714,15146.324714,15149.342714,0,2.99999999999994,0.0299999999999997,5.99999999999996,2,1,65,0.5
959,15150.865214,15150.024214,15150.227214,15150.812714,15153.654714,1,2.99999999999994,0.0299999999999997,7.00000000000003,1,2,66,0.5
960,15156.001214,15154.485214,15154.950214,15155.998714,15159.004214,0,2.99999999999994,0.0299999999999997,5.99999999999996,2,1,65,0.5
961,15160.790714,15159.913214,15160.093714,15160.737714,15163.800214,1,2.99999999999994,0.0299999999999997,7.00000000000003,1,2,66,0.5
962,15166.088714,15164.690714,15165.178214,15166.088714,15171.821714,1,NaN,0,5.99999999999996,0,1,65,0.5
963,15174.444714,15172.992714,15173.662714,15174.392214,15177.735714,0,2.99999999999994,0.0299999999999997,5.99999999999996,2,1,65,0.5
964,15179.474214,15178.606214,15178.809214,15179.474214,15184.971214,1,NaN,0,5.99999999999996,0,1,65,0.5
965,15187.198714,15185.580214,15186.210214,15187.146214,15190.273214,1,2.99999999999994,0.0299999999999997,7.00000000000003,1,2,66,0.5
966,15192.529214,15191.130214,15191.594214,15192.527714,15199.314214,0,NaN,0.00999999999999943,5.99999999999996,0,1,65,0.5
967,15201.113214,15199.928714,15200.527214,15201.113214,15202.139714,1,NaN,0,5.99999999999996,2,1,65,0.5
968,15208.885214,15207.710714,15208.163214,15208.832714,15213.278714,0,2.99999999999994,0.0299999999999997,5.99999999999996,2,1,65,0.5
969,15214.810714,15214.007714,15214.228214,15214.810714,15215.077214,1,NaN,0,5.99999999999996,0,1,65,0.5
970,15223.945714,15222.617714,15223.068714,15223.944714,15229.769214,0,NaN,0.00999999999999943,5.99999999999996,0,1,65,0.5
971,15231.860714,15230.424714,15230.989714,15231.857714,15234.786714,0,2.99999999999994,0.0299999999999997,5.99999999999996,2,1,65,0.5
972,15236.361714,15235.608214,15235.778714,15236.361714,15236.731214,1,NaN,0,5.99999999999996,2,1,65,0.5
973,15244.251214,15242.924214,15243.337214,15244.199214,15247.873714,1,2.99999999999994,0.0299999999999997,7.00000000000003,1,2,66,0.5
974,15249.664214,15248.578714,15248.973714,15249.664214,15256.252214,1,NaN,0,5.99999999999996,2,1,65,0.5
975,15257.922214,15256.869214,15257.219214,15257.922214,15259.097714,0,NaN,0,7.00000000000003,1,2,66,0.5
976,15265.363214,15263.917214,15264.620714,15265.311214,15269.541714,0,2.99999999999994,0.0299999999999997,5.99999999999996,2,1,65,0.5
977,15271.242714,15270.378214,15270.567214,15271.242714,15277.625714,1,NaN,0,5.99999999999996,2,1,65,0.5
978,15279.388714,15278.168714,15278.597214,15279.335714,15283.163214,0,2.99999999999994,0.0299999999999997,5.99999999999996,2,1,65,0.5
979,15284.629214,15283.681714,15284.035714,15284.576214,15288.060214,1,2.99999999999994,0.0299999999999997,7.00000000000003,1,2,66,0.5
980,15290.049714,15288.813214,15289.185714,15289.996714,15293.602714,0,2.99999999999994,0.0299999999999997,5.99999999999996,2,1,65,0.5
981,15295.119714,15294.202714,15294.396214,15295.116714,15298.580714,1,2.99999999999994,0.0299999999999997,7.00000000000003,1,2,66,0.5
982,15301.160214,15299.690714,15300.091714,15301.159214,15306.447714,0,NaN,0.00999999999999943,5.99999999999996,0,1,65,0.5
983,15308.004214,15307.001214,15307.411714,15307.952214,15311.010214,1,2.99999999999994,0.0299999999999997,7.00000000000003,1,2,66,0.5
984,15313.004714,15311.801214,15312.161214,15312.952214,15316.441714,0,2.99999999999994,0.0299999999999997,5.99999999999996,2,1,65,0.5
985,15317.982714,15317.043714,15317.307214,15317.930214,15321.083714,1,2.99999999999994,0.0299999999999997,7.00000000000003,1,2,66,0.5
986,15323.157214,15321.927214,15322.306714,15323.157214,15330.289214,0,NaN,0,7.00000000000003,1,2,66,0.5
987,15332.518714,15331.308214,15331.733214,15332.518714,15336.223214,0,NaN,0,7.00000000000003,1,2,66,0.5
988,15339.279714,15338.075714,15338.512214,15339.178214,15341.865214,0,NaN,0.00999999999999943,5.99999999999996,0,1,65,0.5
989,15346.811214,15345.531214,15346.068714,15346.758714,15350.538214,0,2.99999999999994,0.0299999999999997,5.99999999999996,2,1,65,0.5
990,15352.050714,15351.087714,15351.403714,15352.050714,15352.166714,1,NaN,0,5.99999999999996,2,1,65,0.5
991,15360.879214,15359.296714,15359.710714,15360.826714,15365.069714,1,2.99999999999994,0.0299999999999997,7.00000000000003,1,2,66,0.5
992,15372.292714,15371.444214,15371.509214,15372.191214,15412.142714,1,NaN,0.00999999999999943,7.00000000000003,0,2,66,0.5
993,15415.451214,15414.253714,15414.691714,15415.451214,15415.507214,1,NaN,0,5.99999999999996,2,1,65,0.5
994,15434.339714,15433.369214,15433.552214,15434.339714,15441.811714,1,NaN,0,5.99999999999996,2,1,65,0.5
995,15450.990714,15450.077214,15450.189214,15450.937714,15454.231714,1,2.99999999999994,0.0299999999999997,7.00000000000003,1,2,66,0.5
996,15457.188714,15456.149714,15456.510214,15457.188714,15463.984714,1,NaN,0,5.99999999999996,2,1,65,0.5
997,15466.060714,15464.803714,15465.250714,15466.007714,15473.239214,0,2.99999999999994,0.0299999999999997,5.99999999999996,2,1,65,0.5
998,15475.503214,15474.221214,15474.671214,15475.450714,15478.405714,0,2.99999999999994,0.0299999999999997,5.99999999999996,2,1,65,0.5
999,15481.002214,15480.427714,15480.453714,15481.002214,15487.738714,1,NaN,0,5.99999999999996,2,1,65,0.5
1000,15490.083714,15488.932714,15489.370714,15490.083714,15741.289714,1,NaN,0,5.99999999999996,2,1,65,0.5
1001,15748.391714,15746.935214,15747.283714,15748.391714,15771.491214,1,NaN,0,5.99999999999996,2,1,65,0.5
1002,15777.251214,15774.899714,15775.483714,15777.198714,15816.327214,0,2.99999999999994,0.0299999999999997,5.99999999999996,2,1,65,0.5
1003,15825.752714,15824.295714,15824.764714,15825.700214,15839.283714,0,2.99999999999994,0.0299999999999997,5.99999999999996,2,1,65,0.5
1004,15841.545714,15840.060714,15840.708214,15841.545714,15841.893214,1,NaN,0,5.99999999999996,2,1,65,0.5
1005,15853.500714,15852.322214,15852.543214,15853.500714,15861.563714,1,NaN,0,5.99999999999996,2,1,65,0.5
1006,15877.844214,15876.815714,15877.178214,15877.844214,15878.171714,1,NaN,0,5.99999999999996,2,1,65,0.5
1007,15892.393214,15891.509714,15891.621214,15892.393214,15897.917214,1,NaN,0,5.99999999999996,2,1,65,0.5
1008,15899.700714,15898.557214,15898.967214,15899.698714,15902.399714,0,2.99999999999994,0.0299999999999997,5.99999999999996,2,1,65,0.5
1009,15903.967214,15903.120214,15903.228714,15903.967214,15909.299714,1,NaN,0,5.99999999999996,2,1,65,0.5
1010,15912.540214,15911.286714,15911.822214,15912.438714,15925.884214,1,NaN,0.00999999999999943,7.00000000000003,0,2,66,0.5
1011,15927.486714,15926.696214,15926.831714,15927.486714,15934.805714,1,NaN,0,5.99999999999996,2,1,65,0.5
1012,15936.517714,15935.369214,15935.883214,15936.517714,15941.661714,1,NaN,0,5.99999999999996,2,1,65,0.5
1013,15944.474714,15942.195714,15942.819714,15944.422214,15947.503714,0,2.99999999999994,0.0299999999999997,5.99999999999996,2,1,65,0.5
1014,15949.297714,15948.188214,15948.536214,15949.295214,15952.572214,1,2.99999999999994,0.0299999999999997,7.00000000000003,1,2,66,0.5
1015,15954.752214,15953.514214,15953.882214,15954.699214,15958.461214,1,2.99999999999994,0.0299999999999997,7.00000000000003,1,2,66,0.5
1016,15960.403214,15959.171214,15959.606714,15960.351214,15963.484714,0,2.99999999999994,0.0299999999999997,5.99999999999996,2,1,65,0.5
1017,15965.072214,15964.275714,15964.454714,15965.072214,15971.508714,1,NaN,0,5.99999999999996,2,1,65,0.5
1018,15973.281714,15972.164214,15972.553214,15973.279214,15976.774214,0,2.99999999999994,0.0299999999999997,5.99999999999996,2,1,65,0.5
1019,15978.573714,15977.560714,15977.827214,15978.573714,15981.217714,1,NaN,0,5.99999999999996,2,1,65,0.5
1020,15985.536214,15984.400214,15984.857214,15985.483714,15989.284214,0,2.99999999999994,0.0299999999999997,5.99999999999996,2,1,65,0.5
1021,15990.952714,15989.921214,15990.145214,15990.952714,15993.631214,1,NaN,0,5.99999999999996,2,1,65,0.5
1022,15998.436714,15997.329714,15997.732714,15998.436714,16000.462214,0,NaN,0,7.00000000000003,1,2,66,0.5
1023,16005.260714,16004.037714,16004.534714,16005.207714,16009.249714,0,2.99999999999994,0.0299999999999997,5.99999999999996,2,1,65,0.5
1024,16010.851714,16009.854214,16010.140214,16010.851714,16015.692214,1,NaN,0,5.99999999999996,2,1,65,0.5
1025,16018.676714,16017.431214,16017.892214,16018.623714,16022.126714,0,2.99999999999994,0.0299999999999997,5.99999999999996,2,1,65,0.5
1026,16023.722714,16022.807714,16023.025714,16023.722714,16032.386714,1,NaN,0,5.99999999999996,2,1,65,0.5
1027,16034.186214,16033.064714,16033.590714,16034.134214,16037.657214,1,2.99999999999994,0.0299999999999997,7.00000000000003,1,2,66,0.5
1028,16039.493714,16038.391214,16038.866214,16039.493714,16045.056714,0,NaN,0,7.00000000000003,1,2,66,0.5
1029,16047.271214,16045.985214,16046.462214,16047.218714,16050.356214,0,2.99999999999994,0.0299999999999997,5.99999999999996,2,1,65,0.5
1030,16051.946714,16051.108214,16051.354214,16051.946714,16057.167714,1,NaN,0,5.99999999999996,2,1,65,0.5
1031,16059.519714,16057.840714,16058.663214,16059.467214,16062.404714,0,2.99999999999994,0.0299999999999997,5.99999999999996,2,1,65,0.5
1032,16064.650714,16063.345714,16063.828214,16064.648214,16068.706214,1,2.99999999999994,0.0299999999999997,7.00000000000003,1,2,66,0.5
1033,16070.669714,16069.385714,16069.773714,16070.669714,16072.184714,0,NaN,0,7.00000000000003,1,2,66,0.5
1034,16079.879214,16079.041714,16079.105714,16079.879214,16085.747714,1,NaN,0,5.99999999999996,2,1,65,0.5
1035,16087.661714,16086.613714,16087.103214,16087.661714,16094.461214,0,NaN,0,7.00000000000003,1,2,66,0.5
1036,16096.210214,16094.995214,16095.451714,16096.207214,16098.808714,1,2.99999999999994,0.0299999999999997,7.00000000000003,1,2,66,0.5
1037,16100.746714,16099.525214,16099.910714,16100.694214,16104.078714,1,2.99999999999994,0.0299999999999997,7.00000000000003,1,2,66,0.5
1038,16105.727714,16104.653214,16105.017714,16105.727714,16413.691714,0,NaN,0,7.00000000000003,1,2,66,0.5
1039,16433.637214,16431.954714,16432.290714,16433.637214,16434.227714,1,NaN,0,5.99999999999996,0,1,65,0.5
1040,16479.939714,16474.228714,16474.410214,NaN,16511.026714,NaN,NaN,0,5.99999999999996,2,1,65,0.5
1041,16518.308214,16517.292214,16517.382214,16518.308214,16522.794214,1,NaN,0,5.99999999999996,0,1,65,0.5
1042,16535.952714,16534.298214,16534.912714,16535.851214,16540.853714,0,NaN,0.00999999999999943,5.99999999999996,0,1,65,0.5
1043,16544.969214,16543.904214,16544.357214,16544.916214,16547.445714,0,2.99999999999994,0.0299999999999997,5.99999999999996,2,1,65,0.5
1044,16549.065714,16548.177714,16548.337714,16549.065714,16555.041214,1,NaN,0,5.99999999999996,2,1,65,0.5
1045,16559.193714,16558.165214,16558.609214,16559.141214,16562.017714,1,2.99999999999994,0.0299999999999997,7.00000000000003,1,2,66,0.5
1046,16563.942714,16562.771214,16563.147714,16563.940714,16569.284714,0,NaN,0.00999999999999943,5.99999999999996,0,1,65,0.5
1047,16570.712214,16569.779214,16570.163714,16570.712214,16571.241214,0,NaN,0,7.00000000000003,1,2,66,0.5
1048,16577.718214,16576.368714,16577.002714,16577.665214,16580.306714,0,2.99999999999994,0.0299999999999997,5.99999999999996,2,1,65,0.5
1049,16583.187714,16582.144214,16582.484714,16583.135214,16586.146714,1,2.99999999999994,0.0299999999999997,7.00000000000003,1,2,66,0.5
1050,16588.196714,16587.034714,16587.321714,16588.196714,16594.734714,1,NaN,0,5.99999999999996,2,1,65,0.5
1051,16596.574214,16595.381714,16595.853214,16596.574214,16597.811214,0,NaN,0,7.00000000000003,1,2,66,0.5
1052,16603.635214,16602.398214,16602.911214,16603.635214,16608.742214,0,NaN,0,7.00000000000003,1,2,66,0.5
1053,16610.906714,16609.514214,16610.146214,16610.904214,16613.528214,0,2.99999999999994,0.0299999999999997,5.99999999999996,2,1,65,0.5
1054,16615.000714,16614.052714,16614.415214,16615.000714,16620.564214,1,NaN,0,5.99999999999996,2,1,65,0.5
1055,16622.249714,16621.069214,16621.540214,16622.148214,16623.933714,0,NaN,0.00999999999999943,5.99999999999996,0,1,65,0.5
1056,16851.607214,16849.480714,16850.342214,16851.604714,16858.036714,0,2.99999999999994,0.0299999999999997,5.99999999999996,2,1,65,0.5
1057,16860.073714,16858.707714,16859.272214,16860.021714,16863.088214,0,2.99999999999994,0.0299999999999997,5.99999999999996,2,1,65,0.5
1058,16868.105714,16867.113714,16867.145714,16868.053214,16871.398214,1,2.99999999999994,0.0299999999999997,7.00000000000003,1,2,66,0.5
1059,16873.366214,16872.404714,16872.729214,16873.366214,16877.927214,1,NaN,0,5.99999999999996,2,1,65,0.5
1060,16879.867714,16878.732214,16879.182714,16879.867714,17007.818214,0,NaN,0,7.00000000000003,1,2,66,0.5
1061,17022.087714,17018.541714,17018.683214,17021.537214,17069.170714,1,NaN,0,7.00000000000003,1,2,66,0.5
1062,17071.550214,17070.320214,17070.675214,17071.497214,17074.622714,1,2.99999999999994,0.0299999999999997,7.00000000000003,1,2,66,0.5
1063,17078.848214,17077.667214,17078.079214,17078.848214,17079.536214,1,NaN,0,5.99999999999996,2,1,65,0.5
1064,17085.768214,17084.555214,17084.954714,17085.768214,17097.784214,0,NaN,0,7.00000000000003,0,2,66,0.5
1065,17121.594214,17120.148714,17120.559714,17121.594214,17124.531714,1,NaN,0,5.99999999999996,2,1,65,0.5
1066,17158.364714,17156.809714,17156.960714,17158.364714,17158.410214,1,NaN,0,5.99999999999996,2,1,65,0.5
1067,17312.867714,17311.799714,17311.978714,17312.865714,17315.401214,1,2.99999999999994,0.0299999999999997,7.00000000000003,1,2,66,0.5
1068,17318.870214,17317.497214,17318.104214,17318.817214,17322.980714,0,2.99999999999994,0.0299999999999997,5.99999999999996,2,1,65,0.5
1069,17324.518714,17323.555714,17323.637714,17324.517714,17329.962714,1,NaN,0.00999999999999943,7.00000000000003,0,2,66,0.5
1070,17331.777714,17330.559214,17330.981214,17331.772214,17333.289714,0,NaN,0.00999999999999943,5.99999999999996,0,1,65,0.5
1071,17339.718214,17338.567714,17339.055714,17339.718214,17348.798714,1,NaN,0,5.99999999999996,2,1,65,0.5
1072,17350.759214,17349.710214,17350.128714,17350.706714,17353.247714,0,2.99999999999994,0.0299999999999997,5.99999999999996,2,1,65,0.5
1073,17354.810714,17353.960714,17354.088214,17354.758214,17357.899214,1,2.99999999999994,0.0299999999999997,7.00000000000003,1,2,66,0.5
1074,17359.504714,17358.436714,17358.708214,17359.504714,17359.837714,1,NaN,0,5.99999999999996,2,1,65,0.5
1075,17366.630714,17365.477714,17365.901714,17366.578214,17369.893214,0,2.99999999999994,0.0299999999999997,5.99999999999996,2,1,65,0.5
1076,17371.979714,17371.089214,17371.203714,17371.979714,17378.878214,1,NaN,0,5.99999999999996,2,1,65,0.5
1077,17380.794214,17379.696214,17380.180214,17380.794214,17382.247214,0,NaN,0,7.00000000000003,1,2,66,0.5
1078,17392.042714,17391.231714,17391.300714,17392.042714,17394.152714,1,NaN,0,5.99999999999996,2,1,65,0.5
1079,17400.185714,17399.155214,17399.536214,17400.185714,17401.893714,0,NaN,0,7.00000000000003,1,2,66,0.5
1080,17408.400714,17407.159214,17407.618214,17408.347714,17411.713714,0,2.99999999999994,0.0299999999999997,5.99999999999996,2,1,65,0.5
1081,17413.387714,17412.503714,17412.724714,17413.335214,17417.042714,1,2.99999999999994,0.0299999999999997,7.00000000000003,1,2,66,0.5
1082,17419.000214,17417.905214,17418.238714,17418.997714,17420.680214,1,2.99999999999994,0.0299999999999997,7.00000000000003,1,2,66,0.5
1083,17422.935714,17421.716214,17422.092214,17422.882714,17425.031714,1,2.99999999999994,0.0299999999999997,7.00000000000003,1,2,66,0.5
1084,17426.521714,17425.582214,17425.756714,17426.469214,17431.214214,1,2.99999999999994,0.0299999999999997,7.00000000000003,1,2,66,0.5
1085,17433.005714,17431.906214,17432.318214,17432.953214,17437.097714,0,2.99999999999994,0.0299999999999997,5.99999999999996,2,1,65,0.5
1086,17438.914714,17437.875714,17437.974214,17438.914714,17445.337714,1,NaN,0,5.99999999999996,2,1,65,0.5
1087,17447.358714,17446.131714,17446.614714,17447.305214,17451.344214,0,2.99999999999994,0.0299999999999997,5.99999999999996,2,1,65,0.5
1088,17453.154214,17452.181714,17452.455214,17453.101214,17456.496714,1,2.99999999999994,0.0299999999999997,7.00000000000003,1,2,66,0.5
1089,17458.906714,17457.677214,17457.998714,17458.906714,17465.610714,1,NaN,0,5.99999999999996,2,1,65,0.5
1090,17467.637214,17466.359214,17466.867214,17467.585214,17470.730714,0,2.99999999999994,0.0299999999999997,5.99999999999996,2,1,65,0.5
1091,17472.877714,17471.807214,17472.052714,17472.877714,17479.971714,1,NaN,0,5.99999999999996,2,1,65,0.5
1092,17481.682214,17480.518714,17480.958714,17481.629214,17484.768214,0,2.99999999999994,0.0299999999999997,5.99999999999996,2,1,65,0.5
1093,17486.756214,17485.566214,17485.895714,17486.756214,17492.967714,1,NaN,0,5.99999999999996,2,1,65,0.5
1094,17495.376714,17494.113714,17494.660214,17495.323714,17499.296214,1,2.99999999999994,0.0299999999999997,7.00000000000003,1,2,66,0.5
1095,17501.654714,17500.112714,17500.502214,17501.601714,17504.800714,0,2.99999999999994,0.0299999999999997,5.99999999999996,2,1,65,0.5
1096,17506.969214,17505.928214,17506.252214,17506.916214,17510.091714,1,2.99999999999994,0.0299999999999997,7.00000000000003,1,2,66,0.5
1097,17512.097214,17511.032214,17511.381214,17512.097214,17517.308214,0,NaN,0,7.00000000000003,1,2,66,0.5
1098,17519.767714,17517.955714,17518.488214,17519.767714,17522.605714,0,NaN,0,7.00000000000003,1,2,66,0.5
1099,17527.036214,17525.655714,17526.253714,17526.983714,17530.577214,0,2.99999999999994,0.0299999999999997,5.99999999999996,2,1,65,0.5
1100,17532.597714,17531.346214,17531.677214,17532.595214,17536.177714,1,2.99999999999994,0.0299999999999997,7.00000000000003,1,2,66,0.5
1101,17538.284714,17536.995714,17537.499714,17538.232714,17541.954714,0,2.99999999999994,0.0299999999999997,5.99999999999996,2,1,65,0.5
1102,17544.125714,17542.893714,17543.251214,17544.122214,17547.466214,1,2.99999999999994,0.0299999999999997,7.00000000000003,1,2,66,0.5
1103,17549.336214,17548.367714,17548.697214,17549.283714,17552.506714,1,2.99999999999994,0.0299999999999997,7.00000000000003,1,2,66,0.5
1104,17554.559714,17553.313714,17553.768714,17554.506714,17557.462214,0,2.99999999999994,0.0299999999999997,5.99999999999996,2,1,65,0.5
1105,17559.233714,17558.233214,17558.485714,17559.181214,17562.813214,1,2.99999999999994,0.0299999999999997,7.00000000000003,1,2,66,0.5
1106,17565.007214,17563.742714,17564.123714,17564.954214,17568.741714,0,2.99999999999994,0.0299999999999997,5.99999999999996,2,1,65,0.5
1107,17570.357714,17569.389214,17569.613214,17570.357714,17575.479714,1,NaN,0,5.99999999999996,0,1,65,0.5
1108,17577.545714,17576.281714,17576.869214,17577.545714,17582.444214,0,NaN,0,7.00000000000003,1,2,66,0.5
1109,17584.316714,17583.046214,17583.582214,17584.316714,17590.772714,0,NaN,0,7.00000000000003,1,2,66,0.5
1110,17592.758214,17591.521714,17592.102214,17592.758214,17598.747714,0,NaN,0,7.00000000000003,1,2,66,0.5
1111,17600.426214,17599.273214,17599.781214,17600.373214,17603.394214,1,2.99999999999994,0.0299999999999997,7.00000000000003,1,2,66,0.5
1112,17605.700714,17604.463714,17604.884214,17605.700714,17612.430214,0,NaN,0,7.00000000000003,1,2,66,0.5
1113,17622.449714,17621.440214,17621.898214,17622.449714,17636.046214,1,NaN,0,5.99999999999996,2,1,65,0.5
1114,17637.780714,17636.576714,17637.093714,17637.768714,17641.085214,0,2.99999999999994,0.0299999999999997,5.99999999999996,2,1,65,0.5
1115,17643.179714,17642.201714,17642.384214,17643.179714,17647.410214,1,NaN,0,5.99999999999996,2,1,65,0.5
1116,17655.946714,17655.059214,17655.091214,17655.893714,17659.341714,1,2.99999999999994,0.0299999999999997,7.00000000000003,1,2,66,0.5
1117,17661.361714,17660.204214,17660.584214,17661.359214,17665.312714,1,2.99999999999994,0.0299999999999997,7.00000000000003,1,2,66,0.5
1118,17667.328714,17666.150214,17666.494714,17667.328714,17672.593714,1,NaN,0,5.99999999999996,2,1,65,0.5
1119,17674.683214,17673.399214,17673.842714,17674.630714,17677.413714,0,2.99999999999994,0.0299999999999997,5.99999999999996,2,1,65,0.5
1120,17679.209214,17678.181714,17678.509214,17679.209214,17684.518714,1,NaN,0,5.99999999999996,2,1,65,0.5
1121,17686.202714,17685.074214,17685.531214,17686.150714,17689.072714,0,2.99999999999994,0.0299999999999997,5.99999999999996,2,1,65,0.5
1122,17690.872714,17689.684214,17690.036214,17690.872714,17693.336714,1,NaN,0,5.99999999999996,2,1,65,0.5
1123,17697.900714,17696.729714,17697.213714,17697.900714,17703.506214,0,NaN,0,7.00000000000003,1,2,66,0.5
1124,17705.411714,17704.099714,17704.565714,17705.411714,17709.036714,0,NaN,0,7.00000000000003,1,2,66,0.5
1125,17713.617214,17712.255214,17712.825214,17713.564214,17716.428714,0,2.99999999999994,0.0299999999999997,5.99999999999996,2,1,65,0.5
1126,17718.070714,17717.115214,17717.308214,17718.017214,17721.576714,1,2.99999999999994,0.0299999999999997,7.00000000000003,1,2,66,0.5
1127,17723.863214,17722.503214,17722.897214,17723.860714,17726.974214,1,2.99999999999994,0.0299999999999997,7.00000000000003,1,2,66,0.5
1128,17728.961714,17727.865214,17728.342714,17728.908714,17733.346214,1,2.99999999999994,0.0299999999999997,7.00000000000003,1,2,66,0.5
1129,17735.244214,17734.051214,17734.495214,17735.191214,17738.453214,0,2.99999999999994,0.0299999999999997,5.99999999999996,2,1,65,0.5
1130,17740.171214,17739.253714,17739.464214,17740.171214,17742.948214,1,NaN,0,5.99999999999996,0,1,65,0.5
1131,17748.364214,17747.181214,17747.678714,17748.362214,17752.122714,0,2.99999999999994,0.0299999999999997,5.99999999999996,2,1,65,0.5
1132,17753.722214,17752.871714,17753.109214,17753.722214,17761.894714,1,NaN,0,5.99999999999996,2,1,65,0.5
1133,17763.944214,17762.768714,17763.314214,17763.944214,17769.033714,1,NaN,0,5.99999999999996,0,1,65,0.5
1134,17770.700214,17769.504214,17770.001214,17770.700214,17773.307714,0,NaN,0,7.00000000000003,1,2,66,0.5
1135,18113.870714,18111.878714,18112.711214,18113.869714,18123.242214,1,NaN,0.00999999999999943,7.00000000000003,0,2,66,0.5
1136,18147.504714,18146.044714,18146.681714,18147.451214,18153.071214,0,2.99999999999994,0.0299999999999997,5.99999999999996,2,1,65,0.5
1137,18154.939214,18153.651714,18154.080214,18154.837714,18155.122714,0,NaN,0.00999999999999943,5.99999999999996,0,1,65,0.5
1138,18163.849214,18162.835714,18163.146714,18163.849214,18164.186214,1,NaN,0,5.99999999999996,2,1,65,0.5
1139,18175.938214,18175.110714,18175.246214,18175.938214,18180.576714,1,NaN,0,5.99999999999996,2,1,65,0.5
1140,18182.696214,18181.544714,18181.613714,18182.642714,18185.913214,1,2.99999999999994,0.0299999999999997,7.00000000000003,1,2,66,0.5
1141,18187.997214,18186.813214,18187.250714,18187.944714,18190.675714,0,2.99999999999994,0.0299999999999997,5.99999999999996,2,1,65,0.5
1142,18192.722214,18191.721714,18191.762214,18192.722214,18198.321214,1,NaN,0,5.99999999999996,2,1,65,0.5
1143,18200.868214,18199.779714,18200.222714,18200.815214,18203.703214,1,2.99999999999994,0.0299999999999997,7.00000000000003,1,2,66,0.5
1144,18205.492714,18204.299214,18204.798714,18205.492714,18211.378214,0,NaN,0,7.00000000000003,1,2,66,0.5
1145,18213.630214,18211.950714,18212.776714,18213.628214,18216.234214,0,2.99999999999994,0.0299999999999997,5.99999999999996,2,1,65,0.5
1146,18218.055214,18217.135714,18217.386714,18218.055214,18222.715714,1,NaN,0,5.99999999999996,2,1,65,0.5
1147,18224.770714,18223.595214,18224.047214,18224.717714,18227.512214,0,2.99999999999994,0.0299999999999997,5.99999999999996,2,1,65,0.5
1148,18229.285214,18228.265714,18228.450214,18229.232714,18232.266214,1,2.99999999999994,0.0299999999999997,7.00000000000003,1,2,66,0.5
1149,18235.378214,18234.132714,18234.566214,18235.375714,18237.730214,0,2.99999999999994,0.0299999999999997,5.99999999999996,2,1,65,0.5
1150,18239.548714,18238.601714,18238.869214,18239.548714,18244.588214,1,NaN,0,5.99999999999996,2,1,65,0.5
1151,18247.171714,18245.352714,18246.220714,18247.168714,18249.951714,0,2.99999999999994,0.0299999999999997,5.99999999999996,2,1,65,0.5
1152,18251.702214,18250.707214,18251.048214,18251.702214,18257.473214,1,NaN,0,5.99999999999996,0,1,65,0.5
1153,18259.281214,18258.099714,18258.605214,18259.281214,18265.478214,1,NaN,0,5.99999999999996,2,1,65,0.5
1154,18267.664214,18266.591714,18266.728214,18267.611714,18270.555214,1,2.99999999999994,0.0299999999999997,7.00000000000003,1,2,66,0.5
1155,18272.697714,18271.315214,18271.736214,18272.695714,18275.451214,0,2.99999999999994,0.0299999999999997,5.99999999999996,2,1,65,0.5
1156,18277.321714,18276.287214,18276.526214,18277.319214,18280.395214,1,2.99999999999994,0.0299999999999997,7.00000000000003,1,2,66,0.5
1157,18282.326714,18281.113214,18281.464214,18282.225714,18289.387714,0,NaN,0.00999999999999943,5.99999999999996,0,1,65,0.5
1158,18291.385214,18290.034214,18290.516214,18291.332214,18294.055714,1,2.99999999999994,0.0299999999999997,7.00000000000003,1,2,66,0.5
1159,18296.115214,18294.806714,18295.246214,18296.061714,18298.897714,0,2.99999999999994,0.0299999999999997,5.99999999999996,2,1,65,0.5
1160,18300.557214,18299.703714,18299.931714,18300.557214,18305.580714,1,NaN,0,5.99999999999996,2,1,65,0.5
1161,18307.424714,18306.159714,18306.625714,18307.372214,18310.791214,0,2.99999999999994,0.0299999999999997,5.99999999999996,2,1,65,0.5
1162,18312.709214,18311.681214,18312.050214,18312.709214,18315.158214,1,NaN,0,5.99999999999996,2,1,65,0.5
1163,18319.271714,18318.078714,18318.568714,18319.271714,18320.333214,0,NaN,0,7.00000000000003,1,2,66,0.5
1164,18326.264714,18325.092214,18325.588214,18326.264714,18328.760214,0,NaN,0,7.00000000000003,1,2,66,0.5
1165,18334.170214,18332.636214,18333.219714,18334.168214,18337.216714,0,2.99999999999994,0.0299999999999997,5.99999999999996,2,1,65,0.5
1166,18339.126214,18338.038214,18338.413714,18339.073714,18342.025714,1,2.99999999999994,0.0299999999999997,7.00000000000003,1,2,66,0.5
1167,18344.046214,18342.884714,18343.301714,18344.046214,18349.200214,0,NaN,0,7.00000000000003,1,2,66,0.5
1168,18351.161214,18349.875714,18350.324214,18351.158714,18354.539714,1,2.99999999999994,0.0299999999999997,7.00000000000003,1,2,66,0.5
1169,18356.425214,18355.350714,18355.742714,18356.372714,18359.362214,1,2.99999999999994,0.0299999999999997,7.00000000000003,1,2,66,0.5
1170,18361.371714,18360.244214,18360.658214,18361.318214,18364.369714,1,2.99999999999994,0.0299999999999997,7.00000000000003,1,2,66,0.5
1171,18368.024714,18366.423714,18367.197714,18368.024714,18373.182714,0,NaN,0,7.00000000000003,1,2,66,0.5
1172,18375.155714,18373.733714,18374.307214,18375.153214,18377.648214,0,2.99999999999994,0.0299999999999997,5.99999999999996,2,1,65,0.5
1173,18379.307214,18378.452214,18378.661214,18379.254714,18382.424214,1,2.99999999999994,0.0299999999999997,7.00000000000003,1,2,66,0.5
1174,18384.645714,18383.462714,18383.781714,18384.645714,18389.499714,1,NaN,0,5.99999999999996,0,1,65,0.5
1175,18391.643214,18390.346214,18390.864714,18391.643214,18394.347714,0,NaN,0,7.00000000000003,1,2,66,0.5
1176,18401.880214,18400.555214,18401.127714,18401.880214,18407.592714,1,NaN,0,5.99999999999996,0,1,65,0.5
1177,18410.173714,18408.698214,18409.430714,18410.173714,18412.691214,0,NaN,0,7.00000000000003,0,2,66,0.5
1178,18417.920214,18416.618714,18417.093714,18417.867214,18420.838714,0,2.99999999999994,0.0299999999999997,5.99999999999996,2,1,65,0.5
1179,18422.285214,18421.453714,18421.655214,18422.285214,18422.666214,1,NaN,0,5.99999999999996,0,1,65,0.5
1180,18430.163214,18428.925214,18429.433214,18430.163214,18432.224714,0,NaN,0,7.00000000000003,0,2,66,0.5
1181,18438.737214,18437.331714,18437.932214,18438.736214,18444.462714,1,NaN,0.00999999999999943,7.00000000000003,0,2,66,0.5
1182,18447.567214,18446.346714,18446.895214,18447.567214,18448.180214,0,NaN,0,7.00000000000003,0,2,66,0.5
1183,18463.695714,18462.489214,18462.897214,18463.695714,18463.796214,1,NaN,0,5.99999999999996,2,1,65,0.5
1184,18487.913214,18486.907714,18487.039214,18487.912214,18498.908214,1,NaN,0.00999999999999943,7.00000000000003,0,2,66,0.5
1185,18504.918714,18503.929214,18504.015714,18504.918714,18509.787714,1,NaN,0,5.99999999999996,2,1,65,0.5
1186,18515.133714,18514.143214,18514.318214,18515.132714,18517.314714,1,NaN,0.00999999999999943,7.00000000000003,0,2,66,0.5
1187,18522.538714,18521.465214,18521.786714,18522.485714,18525.534714,1,2.99999999999994,0.0299999999999997,7.00000000000003,1,2,66,0.5
1188,18527.373714,18526.308714,18526.700714,18527.373714,18532.292214,1,NaN,0,5.99999999999996,2,1,65,0.5
1189,18536.085714,18534.266714,18535.148214,18536.083214,18539.488214,0,2.99999999999994,0.0299999999999997,5.99999999999996,2,1,65,0.5
1190,18553.562714,18552.662714,18552.879714,18553.559714,18556.815214,1,2.99999999999994,0.0299999999999997,7.00000000000003,1,2,66,0.5
1191,18559.089214,18557.774714,18558.125714,18559.054714,18562.357714,1,NaN,0.00999999999999943,7.00000000000003,0,2,66,0.5
1192,18568.404714,18567.507714,18567.560214,18568.351714,18571.464214,0,2.99999999999994,0.0299999999999997,5.99999999999996,2,1,65,0.5
1193,18573.230714,18572.251714,18572.576714,18573.230714,18579.659214,1,NaN,0,5.99999999999996,2,1,65,0.5
1194,18581.311714,18580.114714,18580.593714,18581.311714,18581.517714,1,NaN,0,5.99999999999996,2,1,65,0.5
1195,18589.805214,18588.542214,18589.055714,18589.752714,18592.683214,0,2.99999999999994,0.0299999999999997,5.99999999999996,2,1,65,0.5
1196,18594.468714,18593.619214,18593.833214,18594.468714,18599.285214,1,NaN,0,5.99999999999996,2,1,65,0.5
1197,18601.102214,18599.999214,18600.434714,18601.102214,18608.050714,0,NaN,0,7.00000000000003,1,2,66,0.5
1198,18609.780714,18608.563714,18608.968214,18609.728214,18612.696214,1,2.99999999999994,0.0299999999999997,7.00000000000003,1,2,66,0.5
1199,18614.885714,18613.560714,18613.967214,18614.832714,18617.476714,1,2.99999999999994,0.0299999999999997,7.00000000000003,1,2,66,0.5
1200,18620.212714,18618.528214,18618.993214,18620.210214,18623.368214,0,2.99999999999994,0.0299999999999997,5.99999999999996,2,1,65,0.5
1201,18625.100214,18624.293214,18624.492714,18625.100214,18628.568714,1,NaN,0,5.99999999999996,2,1,65,0.5
1202,18634.668714,18633.127714,18633.769214,18634.616714,18637.701714,0,2.99999999999994,0.0299999999999997,5.99999999999996,2,1,65,0.5
1203,18640.455214,18638.773214,18638.994214,18640.402714,18644.662214,1,2.99999999999994,0.0299999999999997,7.00000000000003,1,2,66,0.5
1204,18646.592714,18645.377714,18645.749714,18646.592714,18652.540714,1,NaN,0,5.99999999999996,0,1,65,0.5
1205,18654.427714,18653.120714,18653.593214,18654.375214,18657.453714,1,2.99999999999994,0.0299999999999997,7.00000000000003,1,2,66,0.5
1206,18659.707214,18658.441714,18658.864214,18659.705714,18665.648214,0,NaN,0.00999999999999943,5.99999999999996,0,1,65,0.5
1207,18668.065214,18666.603714,18667.196214,18668.012214,18671.693714,0,2.99999999999994,0.0299999999999997,5.99999999999996,2,1,65,0.5
1208,18673.567714,18672.454214,18672.647214,18673.564714,18676.282714,1,2.99999999999994,0.0299999999999997,7.00000000000003,1,2,66,0.5
1209,18678.455714,18677.402214,18677.833714,18678.452714,18682.066714,1,2.99999999999994,0.0299999999999997,7.00000000000003,1,2,66,0.5
1210,18684.017214,18682.703714,18683.102214,18683.915714,18690.125214,1,NaN,0.00999999999999943,7.00000000000003,0,2,66,0.5
1211,18692.345214,18691.006214,18691.517214,18692.292714,18695.227714,0,2.99999999999994,0.0299999999999997,5.99999999999996,2,1,65,0.5
1212,18697.113214,18696.082714,18696.296214,18697.113214,18703.133214,1,NaN,0,5.99999999999996,2,1,65,0.5
1213,18704.985714,18703.843714,18704.277714,18704.985714,18710.210714,0,NaN,0,7.00000000000003,1,2,66,0.5
1214,18712.230214,18710.989714,18711.478714,18712.230214,18717.742214,0,NaN,0,7.00000000000003,1,2,66,0.5
1215,18720.882214,18719.644714,18720.201714,18720.882214,18723.727714,0,NaN,0,7.00000000000003,1,2,66,0.5
1216,18727.656714,18726.365214,18726.916214,18727.603714,18731.614714,0,2.99999999999994,0.0299999999999997,5.99999999999996,2,1,65,0.5
1217,18733.107714,18732.257714,18732.458714,18733.055214,18736.820714,1,2.99999999999994,0.0299999999999997,7.00000000000003,1,2,66,0.5
1218,18739.013214,18738.042214,18738.150214,18738.959714,18743.043214,0,2.99999999999994,0.0299999999999997,5.99999999999996,2,1,65,0.5
1219,18744.742714,18743.767214,18743.978714,18744.689714,18748.011214,1,2.99999999999994,0.0299999999999997,7.00000000000003,1,2,66,0.5
1220,18749.913714,18748.601714,18748.960714,18749.911214,18753.613214,1,2.99999999999994,0.0299999999999997,7.00000000000003,1,2,66,0.5
1221,18755.611714,18754.430214,18754.769714,18755.609214,18758.199714,1,2.99999999999994,0.0299999999999997,7.00000000000003,1,2,66,0.5
1222,18760.241214,18759.199214,18759.669214,18760.241214,18766.469714,1,NaN,0,5.99999999999996,2,1,65,0.5
1223,18768.333214,18767.096714,18767.571714,18768.331214,18771.354714,0,2.99999999999994,0.0299999999999997,5.99999999999996,2,1,65,0.5
1224,18773.475214,18772.475714,18772.682714,18773.475214,18776.002714,1,NaN,0,5.99999999999996,2,1,65,0.5
1225,19015.907714,19013.632714,19014.665214,19015.905214,19019.229214,1,2.99999999999994,0.0299999999999997,7.00000000000003,1,2,66,0.5
1226,19023.468714,19022.155214,19022.599714,19023.416214,19031.966214,0,2.99999999999994,0.0299999999999997,5.99999999999996,2,1,65,0.5
1227,19045.481214,19044.528714,19044.575714,19045.481214,19501.800714,1,NaN,0,5.99999999999996,2,1,65,0.5
1228,19505.235214,19504.239214,19504.699214,19505.235214,19506.020214,0,NaN,0,7.00000000000003,1,2,66,0.5
1229,19512.649214,19511.579214,19511.835714,19512.596214,19515.089214,1,2.99999999999994,0.0299999999999997,7.00000000000003,1,2,66,0.5
1230,19517.574714,19516.547214,19516.916214,19517.574714,19524.457214,0,NaN,0,7.00000000000003,0,2,66,0.5
1231,19526.356714,19525.166214,19525.659714,19526.354214,19529.105714,0,2.99999999999994,0.0299999999999997,5.99999999999996,2,1,65,0.5
1232,19532.543714,19531.549714,19531.813714,19532.491214,19535.457714,1,2.99999999999994,0.0299999999999997,7.00000000000003,1,2,66,0.5
1233,19537.301214,19536.256214,19536.574714,19537.199714,19537.642214,1,NaN,0.00999999999999943,7.00000000000003,0,2,66,0.5
1234,19544.574714,19543.163214,19543.784714,19544.522714,19547.635714,0,2.99999999999994,0.0299999999999997,5.99999999999996,2,1,65,0.5
1235,19549.380214,19548.452714,19548.719714,19549.279214,19556.074714,1,NaN,0.00999999999999943,7.00000000000003,0,2,66,0.5
1236,19557.726214,19556.603714,19557.011714,19557.726214,19558.079714,0,NaN,0,7.00000000000003,1,2,66,0.5
1237,19564.895214,19563.827714,19564.290214,19564.842714,19567.966214,1,2.99999999999994,0.0299999999999997,7.00000000000003,1,2,66,0.5
1238,19570.149214,19568.768214,19569.423714,19570.047714,19574.799714,0,NaN,0.00999999999999943,5.99999999999996,0,1,65,0.5
1239,19578.003214,19576.751214,19577.331214,19578.000714,19581.164214,0,2.99999999999994,0.0299999999999997,5.99999999999996,2,1,65,0.5
1240,19587.513714,19586.589714,19586.959214,19587.513714,19592.952714,1,NaN,0,5.99999999999996,2,1,65,0.5
1241,19594.898714,19593.631214,19594.101214,19594.846214,19597.045214,1,2.99999999999994,0.0299999999999997,7.00000000000003,1,2,66,0.5
1242,19599.160714,19597.838714,19598.486714,19599.107714,19602.825214,0,2.99999999999994,0.0299999999999997,5.99999999999996,2,1,65,0.5
1243,19607.654214,19606.831214,19607.066714,19607.601214,19611.080214,1,2.99999999999994,0.0299999999999997,7.00000000000003,1,2,66,0.5
1244,19613.173214,19611.835214,19612.182714,19613.173214,19613.573714,1,NaN,0,5.99999999999996,2,1,65,0.5
1245,19677.362214,19676.230214,19676.651714,19677.362214,19677.645714,1,NaN,0,5.99999999999996,2,1,65,0.5
1246,19707.669214,19706.452714,19706.708714,19707.669214,19708.302214,1,NaN,0,5.99999999999996,2,1,65,0.5
1247,19735.231714,19733.894714,19734.226214,19735.178714,19737.776714,1,2.99999999999994,0.0299999999999997,7.00000000000003,1,2,66,0.5
1248,19877.180214,19876.084214,19876.206214,19877.180214,19881.443214,1,NaN,0,5.99999999999996,2,1,65,0.5
1249,19884.809714,19883.764714,19883.901214,19884.809714,19887.200214,1,NaN,0,5.99999999999996,2,1,65,0.5
1250,19893.391214,19892.026214,19892.633714,19893.391214,19895.686714,1,NaN,0,5.99999999999996,2,1,65,0.5
1251,19902.981214,19902.109714,19902.132714,19902.981214,19909.444714,1,NaN,0,5.99999999999996,2,1,65,0.5
1252,19911.192214,19910.036714,19910.528714,19911.192214,19912.612214,0,NaN,0,7.00000000000003,1,2,66,0.5
1253,19918.936214,19917.582714,19918.144214,19918.933214,19921.904214,0,2.99999999999994,0.0299999999999997,5.99999999999996,2,1,65,0.5
1254,19925.961214,19924.612714,19925.109714,19925.908214,19928.528714,0,2.99999999999994,0.0299999999999997,5.99999999999996,2,1,65,0.5
1255,19930.481714,19929.424714,19929.661714,19930.429214,19932.963214,1,2.99999999999994,0.0299999999999997,7.00000000000003,1,2,66,0.5
1256,19934.934714,19933.795214,19934.180714,19934.882214,19937.568714,1,2.99999999999994,0.0299999999999997,7.00000000000003,1,2,66,0.5
1257,19939.701714,19938.418714,19938.805714,19939.698714,19942.331714,1,2.99999999999994,0.0299999999999997,7.00000000000003,1,2,66,0.5
1258,19944.429214,19943.257714,19943.623714,19944.376714,19947.615214,1,2.99999999999994,0.0299999999999997,7.00000000000003,1,2,66,0.5
1259,19949.617214,19948.492214,19948.862214,19949.614714,19953.178214,0,2.99999999999994,0.0299999999999997,5.99999999999996,2,1,65,0.5
1260,19956.013214,19954.707214,19954.975214,19955.960214,19959.419714,1,2.99999999999994,0.0299999999999997,7.00000000000003,1,2,66,0.5
1261,19961.561214,19960.388214,19960.780214,19961.460214,19967.885714,0,NaN,0.00999999999999943,5.99999999999996,0,1,65,0.5
1262,19969.720214,19968.614714,19969.052214,19969.720214,19974.454214,0,NaN,0,7.00000000000003,1,2,66,0.5
1263,19976.400214,19975.127214,19975.596214,19976.347214,19978.591714,1,2.99999999999994,0.0299999999999997,7.00000000000003,1,2,66,0.5
1264,19980.652714,19979.522214,19979.804214,19980.599214,19983.576214,1,2.99999999999994,0.0299999999999997,7.00000000000003,1,2,66,0.5
1265,19985.848714,19984.430214,19984.924714,19985.747214,19992.495714,0,NaN,0.00999999999999943,5.99999999999996,0,1,65,0.5
1266,19994.687714,19993.326214,19993.766714,19994.634714,19997.934214,1,2.99999999999994,0.0299999999999997,7.00000000000003,1,2,66,0.5
1267,19999.861214,19998.750214,19999.173214,19999.808214,20003.509714,1,2.99999999999994,0.0299999999999997,7.00000000000003,1,2,66,0.5
1268,20005.399714,20004.153214,20004.407214,20005.346714,20008.420214,1,2.99999999999994,0.0299999999999997,7.00000000000003,1,2,66,0.5
1269,20010.313714,20009.309714,20009.688714,20010.260714,20013.095214,1,2.99999999999994,0.0299999999999997,7.00000000000003,1,2,66,0.5
1270,20015.248214,20014.269714,20014.556214,20015.195214,20018.175214,1,2.99999999999994,0.0299999999999997,7.00000000000003,1,2,66,0.5
1271,20020.272214,20019.174214,20019.647714,20020.272214,20025.932214,1,NaN,0,5.99999999999996,2,1,65,0.5
1272,20028.315714,20027.058714,20027.611714,20028.315714,20031.488714,0,NaN,0,7.00000000000003,1,2,66,0.5
1273,20036.152714,20034.799714,20035.250214,20036.150214,20040.305214,1,2.99999999999994,0.0299999999999997,7.00000000000003,1,2,66,0.5
1274,20042.022214,20040.991714,20041.365214,20041.969214,20045.772214,1,2.99999999999994,0.0299999999999997,7.00000000000003,1,2,66,0.5
1275,20047.756214,20046.517214,20046.970714,20047.703214,20050.992714,0,2.99999999999994,0.0299999999999997,5.99999999999996,2,1,65,0.5
1276,20052.694714,20051.896214,20051.996214,20052.694714,20053.255214,1,NaN,0,5.99999999999996,2,1,65,0.5
1277,20059.863714,20058.815714,20059.236214,20059.863714,20065.424214,1,NaN,0,5.99999999999996,2,1,65,0.5
1278,20067.608714,20066.285214,20066.857214,20067.556214,20071.466714,0,2.99999999999994,0.0299999999999997,5.99999999999996,2,1,65,0.5
1279,20073.470714,20072.446214,20072.667214,20073.470714,20076.520214,1,NaN,0,5.99999999999996,2,1,65,0.5
1280,20081.270714,20079.891214,20080.405714,20081.218714,20084.306214,0,2.99999999999994,0.0299999999999997,5.99999999999996,2,1,65,0.5
1281,20086.159714,20085.296714,20085.541714,20086.159714,20091.176714,1,NaN,0,5.99999999999996,0,1,65,0.5
1282,20093.264214,20092.058714,20092.581714,20093.264214,20099.522714,0,NaN,0,7.00000000000003,1,2,66,0.5
1283,20101.720214,20100.266714,20100.930214,20101.618714,20103.095714,0,NaN,0.00999999999999943,5.99999999999996,0,1,65,0.5
1284,20108.763714,20107.455214,20108.075214,20108.763714,20109.365214,0,NaN,0,7.00000000000003,1,2,66,0.5
1285,20121.139214,20119.565714,20120.343214,20121.087214,20124.426214,0,2.99999999999994,0.0299999999999997,5.99999999999996,2,1,65,0.5
1286,20126.394214,20125.407714,20125.556214,20126.393214,20132.744714,1,NaN,0.00999999999999943,7.00000000000003,0,2,66,0.5
1287,20134.954714,20133.471714,20134.045714,20134.953714,20135.430714,0,NaN,0.00999999999999943,5.99999999999996,0,1,65,0.5
1288,20144.991714,20143.834714,20143.910214,20144.939214,20148.083214,1,2.99999999999994,0.0299999999999997,7.00000000000003,1,2,66,0.5
1289,20150.292714,20148.992214,20149.330214,20150.239714,20164.507214,1,2.99999999999994,0.0299999999999997,7.00000000000003,1,2,66,0.5
1290,20166.349214,20165.128214,20165.485214,20166.349214,20171.532714,1,NaN,0,5.99999999999996,2,1,65,0.5
1291,20174.141714,20172.718214,20173.271214,20174.141714,20174.702714,0,NaN,0,7.00000000000003,1,2,66,0.5
1292,20183.582714,20182.315214,20182.783214,20183.582714,20188.438714,1,NaN,0,5.99999999999996,2,1,65,0.5
1293,20190.520714,20189.202714,20189.744714,20190.517714,20193.371214,0,2.99999999999994,0.0299999999999997,5.99999999999996,2,1,65,0.5
1294,20195.440714,20194.432214,20194.643214,20195.440714,20200.847714,1,NaN,0,5.99999999999996,2,1,65,0.5
1295,20202.852214,20201.711214,20202.207714,20202.852214,20210.270214,0,NaN,0,7.00000000000003,0,2,66,0.5
1296,20212.135214,20210.757214,20211.316714,20212.082714,20215.027714,0,2.99999999999994,0.0299999999999997,5.99999999999996,2,1,65,0.5
1297,20216.905714,20215.825714,20216.181714,20216.871214,20222.960714,1,NaN,0.00999999999999943,7.00000000000003,0,2,66,0.5
1298,20225.673214,20224.240714,20224.891714,20225.670214,20229.139714,0,2.99999999999994,0.0299999999999997,5.99999999999996,2,1,65,0.5
1299,20230.909214,20229.967714,20230.169214,20230.909214,20237.380714,1,NaN,0,5.99999999999996,2,1,65,0.5
1300,20239.634714,20238.158714,20238.816214,20239.581714,20242.963714,0,2.99999999999994,0.0299999999999997,5.99999999999996,2,1,65,0.5
1301,20244.982714,20243.853214,20244.270714,20244.929714,20248.341714,1,2.99999999999994,0.0299999999999997,7.00000000000003,1,2,66,0.5
1302,20250.320214,20249.017714,20249.415214,20250.267714,20253.219714,1,2.99999999999994,0.0299999999999997,7.00000000000003,1,2,66,0.5
1303,20255.123214,20254.106714,20254.476714,20255.123214,20261.223214,1,NaN,0,5.99999999999996,2,1,65,0.5
1304,20263.310714,20261.873214,20262.505214,20263.310714,20266.534214,1,NaN,0,5.99999999999996,2,1,65,0.5
1305,20271.243714,20269.858214,20270.491714,20271.191214,20274.340714,0,2.99999999999994,0.0299999999999997,5.99999999999996,2,1,65,0.5
1306,20276.367214,20275.229714,20275.569714,20276.364714,20279.035714,1,2.99999999999994,0.0299999999999997,7.00000000000003,1,2,66,0.5
1307,20281.296714,20280.161714,20280.559714,20281.294714,20284.269214,1,2.99999999999994,0.0299999999999997,7.00000000000003,1,2,66,0.5
1308,20286.492714,20285.203714,20285.544714,20286.492714,20291.921214,1,NaN,0,5.99999999999996,2,1,65,0.5
1309,20294.042214,20292.674714,20293.189714,20294.042214,20297.064714,0,NaN,0,7.00000000000003,1,2,66,0.5
1310,20310.020214,20308.646714,20309.098214,20310.020214,20317.347714,1,NaN,0,5.99999999999996,2,1,65,0.5
1311,20320.471214,20318.886714,20319.448714,20320.471214,20326.592714,0,NaN,0,7.00000000000003,1,2,66,0.5
1312,20328.979214,20327.466714,20327.974714,20328.926714,20332.805714,0,2.99999999999994,0.0299999999999997,5.99999999999996,2,1,65,0.5
1313,20334.689214,20333.521714,20333.853214,20334.689214,20343.194214,1,NaN,0,5.99999999999996,2,1,65,0.5
1314,20346.631714,20344.713714,20345.073214,20346.579214,20349.253714,0,2.99999999999994,0.0299999999999997,5.99999999999996,2,1,65,0.5
1315,20351.403714,20350.003714,20350.346714,20351.403714,20358.748714,1,NaN,0,5.99999999999996,0,1,65,0.5
1316,20360.686714,20359.361714,20359.948214,20360.686714,20367.075214,0,NaN,0,7.00000000000003,1,2,66,0.5
1317,20369.224214,20367.834714,20368.439214,20369.171214,20372.241214,0,2.99999999999994,0.0299999999999997,5.99999999999996,2,1,65,0.5
1318,20373.936214,20373.026714,20373.280214,20373.936214,20374.595214,1,NaN,0,5.99999999999996,2,1,65,0.5
1319,20382.185714,20380.692714,20381.285714,20382.183214,20385.572714,0,2.99999999999994,0.0299999999999997,5.99999999999996,2,1,65,0.5
1320,20387.800214,20386.716714,20386.957214,20387.797714,20391.028714,1,2.99999999999994,0.0299999999999997,7.00000000000003,1,2,66,0.5
1321,20392.969214,20391.929214,20392.277714,20392.969214,20399.390714,1,NaN,0,5.99999999999996,2,1,65,0.5
1322,20401.406214,20400.130714,20400.708714,20401.406214,20402.713214,0,NaN,0,7.00000000000003,1,2,66,0.5
1323,20797.065214,20787.821714,20788.053714,20797.065214,20797.068214,0,NaN,0,7.00000000000003,1,2,66,0.5
1324,20812.517714,20811.088214,20811.622714,20812.465714,20820.710214,0,2.99999999999994,0.0299999999999997,5.99999999999996,2,1,65,0.5
1325,20823.213714,20821.906214,20822.245214,20823.211214,20827.057214,1,2.99999999999994,0.0299999999999997,7.00000000000003,1,2,66,0.5
1326,20829.163714,20827.990714,20828.401714,20829.111214,20861.342214,0,2.99999999999994,0.0299999999999997,5.99999999999996,2,1,65,0.5
1327,20863.234714,20862.131714,20862.463214,20863.182714,20866.157714,1,2.99999999999994,0.0299999999999997,7.00000000000003,1,2,66,0.5
1328,20869.075714,20867.148214,20867.556714,20868.525214,20875.711714,1,NaN,0,7.00000000000003,1,2,66,0.5
1329,20877.545714,20876.403714,20876.829214,20877.545714,NaN,1,NaN,0,5.99999999999996,2,1,65,0.5
