trial,outcome,center_in,center_out,side_in,last_side_out,actions,reward,trial_types,odors,port_side,schedule,odor_name,odor_dur
1,644.853158,643.721159,644.240492,644.799824,655.045814,0,2.99999999999994,0.0299999999999997,5.99999999999996,2,1,65,0.5
2,656.247813,655.483147,655.75048,656.19448,664.747138,0,1.99999999999996,0.0200000000000003,5.99999999999996,2,1,65,0.5
3,666.109803,665.218471,665.51447,666.107136,688.994447,0,1.99999999999996,0.0200000000000003,5.99999999999996,2,1,65,0.5
4,692.10511,691.029778,691.508444,692.10511,700.022436,0,NaN,0,7.00000000000003,1,2,66,0.5
5,701.793101,700.968435,701.350434,701.793101,715.611087,0,NaN,0,7.00000000000003,1,2,66,0.5
6,720.360415,719.573083,719.915749,720.360415,758.181044,0,NaN,0,7.00000000000003,1,2,66,0.5
7,760.576375,759.753043,760.046376,760.576375,785.875683,0,NaN,0,7.00000000000003,1,2,66,0.5
8,789.27768,788.339681,788.665014,789.224347,796.660339,1,1.99999999999996,0.0200000000000003,7.00000000000003,1,2,66,0.5
9,800.445002,798.867004,799.225003,800.442335,813.344989,1,1.99999999999996,0.0200000000000003,7.00000000000003,1,2,66,0.5
10,814.786321,813.946989,814.139655,814.783654,834.835634,1,1.99999999999996,0.0200000000000003,7.00000000000003,1,2,66,0.5
11,836.620299,835.818967,836.047633,836.617633,842.934293,0,1.99999999999996,0.0200000000000003,5.99999999999996,2,1,65,0.5
12,844.900958,844.076292,844.256292,844.900958,861.842941,0,NaN,0,7.00000000000003,1,2,66,0.5
13,864.140272,863.275606,863.547606,864.140272,898.558237,1,NaN,0,5.99999999999996,2,1,65,0.5
14,899.938903,899.114903,899.298237,899.936236,901.388234,0,1.99999999999996,0.0200000000000003,5.99999999999996,2,1,65,0.5
15,903.100233,902.183567,902.4509,903.097566,907.172229,1,1.99999999999996,0.0200000000000003,7.00000000000003,1,2,66,0.5
16,909.378893,908.564227,908.742894,909.378893,909.398226,0,NaN,0,7.00000000000003,1,2,66,0.5
17,931.454204,930.547539,930.876205,931.454204,931.530871,1,NaN,0,5.99999999999996,2,1,65,0.5
18,944.370858,939.494863,939.815529,944.317525,948.550187,1,1.99999999999996,0.0200000000000003,7.00000000000003,1,2,66,0.5
19,950.782852,949.887519,950.197519,950.782852,954.690848,0,NaN,0,7.00000000000003,1,2,66,0.5
20,966.532836,965.545504,965.84417,966.479503,971.279498,1,1.99999999999996,0.0200000000000003,7.00000000000003,1,2,66,0.5
21,974.648828,973.658162,973.919495,974.648828,974.673494,0,NaN,0,7.00000000000003,1,2,66,0.5
22,983.668819,982.113487,982.78882,983.666152,986.924149,0,1.99999999999996,0.0200000000000003,5.99999999999996,2,1,65,0.5
23,989.944813,989.052147,989.150813,989.942146,994.811474,1,1.99999999999996,0.0200000000000003,7.00000000000003,1,2,66,0.5
24,999.996136,999.17147,999.42947,999.942803,1004.267465,1,1.99999999999996,0.0200000000000003,7.00000000000003,1,2,66,0.5
25,1011.912791,1010.858792,1011.290125,1011.859457,1014.086122,0,1.99999999999996,0.0200000000000003,5.99999999999996,2,1,65,0.5
26,1015.761453,1014.828121,1015.121454,1015.758787,1019.168117,1,1.99999999999996,0.0200000000000003,7.00000000000003,1,2,66,0.5
27,1023.444112,1022.136114,1022.307447,1023.444112,1026.03211,0,NaN,0,7.00000000000003,1,2,66,0.5
28,1030.177439,1029.500106,1029.51944,1030.124106,1033.549436,0,1.99999999999996,0.0200000000000003,5.99999999999996,2,1,65,0.5
29,1035.564767,1034.175435,1034.781435,1035.5621,1039.818096,0,1.99999999999996,0.0200000000000003,5.99999999999996,2,1,65,0.5
30,1045.966757,1045.003424,1045.257424,1045.913423,1050.884085,1,1.99999999999996,0.0200000000000003,7.00000000000003,1,2,66,0.5
31,1055.181414,1054.228748,1054.447415,1055.181414,1062.77674,0,NaN,0,7.00000000000003,1,2,66,0.5
32,1067.255402,1066.420736,1066.523403,1067.255402,1067.471402,1,NaN,0,5.99999999999996,2,1,65,0.5
33,1074.132728,1073.138063,1073.455396,1074.130062,1079.52739,1,1.99999999999996,0.0200000000000003,7.00000000000003,1,2,66,0.5
34,1085.171384,1083.922052,1084.371385,1085.118051,1089.510713,0,1.99999999999996,0.0200000000000003,5.99999999999996,2,1,65,0.5
35,1091.102045,1090.145379,1090.515379,1091.048711,1095.202041,1,1.99999999999996,0.0200000000000003,7.00000000000003,1,2,66,0.5
36,1098.448704,1097.394038,1097.696038,1098.446037,1102.7167,0,1.99999999999996,0.0200000000000003,5.99999999999996,2,1,65,0.5
37,1104.706698,1103.915365,1104.134698,1104.704031,1108.559361,1,1.99999999999996,0.0200000000000003,7.00000000000003,1,2,66,0.5
38,1111.661357,1110.656025,1110.967358,1111.661357,1124.604678,0,NaN,0,7.00000000000003,1,2,66,0.5
39,1126.945342,1126.055343,1126.316009,1126.942676,1167.925301,1,1.99999999999996,0.0200000000000003,7.00000000000003,1,2,66,0.5
40,1169.554633,1168.551967,1168.8993,1169.5013,1173.294629,0,1.99999999999996,0.0200000000000003,5.99999999999996,2,1,65,0.5
41,1176.153293,1175.076627,1175.527294,1176.09996,1179.006623,0,1.99999999999996,0.0200000000000003,5.99999999999996,2,1,65,0.5
42,1180.611289,1179.689956,1179.980623,1180.608622,1187.450615,1,1.99999999999996,0.0200000000000003,7.00000000000003,1,2,66,0.5
43,1189.656613,1188.743947,1189.083947,1189.653946,1194.775941,1,1.99999999999996,0.0200000000000003,7.00000000000003,1,2,66,0.5
44,1206.103263,1205.37793,1205.597264,1206.103263,1229.662573,0,NaN,0,7.00000000000003,1,2,66,0.5
45,1231.789237,1230.724572,1231.074571,1231.735904,1270.631865,0,1.99999999999996,0.0200000000000003,5.99999999999996,2,1,65,0.5
46,1272.80653,1271.624531,1272.16653,1272.753196,1276.145193,0,1.99999999999996,0.0200000000000003,5.99999999999996,2,1,65,0.5
47,1282.595187,1281.573188,1281.883854,1282.541853,1285.717183,1,1.99999999999996,0.0200000000000003,7.00000000000003,1,2,66,0.5
48,1286.995182,1286.391849,1286.469849,1286.995182,1304.683164,0,NaN,0,7.00000000000003,1,2,66,0.5
49,1310.925825,1310.123159,1310.268492,1310.925825,1311.192491,1,NaN,0,5.99999999999996,2,1,65,0.5
50,1319.726483,1318.80515,1319.282483,1319.726483,1322.369147,1,NaN,0,5.99999999999996,2,1,65,0.5
51,1342.859126,1339.701129,1340.267129,NaN,NaN,NaN,NaN,0,5.99999999999996,2,1,65,0.5
52,1355.588447,1354.778448,1355.099114,1355.588447,1411.701057,1,NaN,0,5.99999999999996,2,1,65,0.5
53,1417.253052,1415.789053,1416.03572,1417.250385,1423.788379,0,1.99999999999996,0.0200000000000003,5.99999999999996,2,1,65,0.5
54,1429.798373,1428.74904,1429.108373,1429.745039,1435.745033,1,1.99999999999996,0.0200000000000003,7.00000000000003,1,2,66,0.5
55,1438.857697,1437.724365,1438.059031,1438.85503,1440.357029,0,1.99999999999996,0.0200000000000003,5.99999999999996,2,1,65,0.5
56,1442.155694,1441.063695,1441.431028,1442.102361,1444.177692,0,1.99999999999996,0.0200000000000003,5.99999999999996,2,1,65,0.5
57,1445.90769,1445.050357,1445.113024,1445.854357,1448.864354,0,1.99999999999996,0.0200000000000003,5.99999999999996,2,1,65,0.5
58,1450.392352,1449.45902,1449.811019,1450.392352,1451.168351,0,NaN,0,7.00000000000003,1,2,66,0.5
59,1463.819672,1462.771673,1462.94634,1463.766339,1470.860332,0,1.99999999999996,0.0200000000000003,5.99999999999996,2,1,65,0.5
60,1472.62833,1471.742331,1471.929664,1472.62833,1480.661655,1,NaN,0,5.99999999999996,2,1,65,0.5
61,1484.734318,1481.510988,1481.764321,1484.680984,1491.717644,0,1.99999999999996,0.0200000000000003,5.99999999999996,2,1,65,0.5
62,1494.661641,1493.772309,1493.974975,1494.661641,1530.284939,0,NaN,0,7.00000000000003,1,2,66,0.5
63,1539.454263,1538.461597,1538.604931,1539.454263,1539.663596,1,NaN,0,5.99999999999996,2,1,65,0.5
64,1547.552255,1546.469589,1546.908922,1547.498922,1551.468918,1,1.99999999999996,0.0200000000000003,7.00000000000003,1,2,66,0.5
65,1553.392249,1552.488917,1552.591583,1553.389583,1557.610912,0,1.99999999999996,0.0200000000000003,5.99999999999996,2,1,65,0.5
66,1559.346243,1558.204244,1558.651577,1559.293577,1563.039573,0,1.99999999999996,0.0200000000000003,5.99999999999996,2,1,65,0.5
67,1564.548905,1563.863572,1563.894905,1564.548905,1569.750899,0,NaN,0,7.00000000000003,1,2,66,0.5
68,1597.558872,1596.366873,1596.550873,1597.558872,1600.321536,1,NaN,0,5.99999999999996,2,1,65,0.5
69,1611.022858,1610.243526,1610.396859,1611.022858,1621.671514,1,NaN,0,5.99999999999996,2,1,65,0.5
70,1628.754174,1627.697508,1627.730175,1628.751507,1630.430839,0,1.99999999999996,0.0200000000000003,5.99999999999996,2,1,65,0.5
71,1632.480837,1631.638838,1631.855504,1632.480837,1655.060814,0,NaN,0,7.00000000000003,1,2,66,0.5
72,1667.497468,1666.452803,1666.707469,1667.494802,1692.766776,0,1.99999999999996,0.0200000000000003,5.99999999999996,2,1,65,0.5
73,1698.162104,1697.395438,1697.482105,1698.162104,1708.771427,0,NaN,0,7.00000000000003,1,2,66,0.5
74,1720.794082,1719.721416,1719.896749,1720.740748,1727.285409,1,1.99999999999996,0.0200000000000003,7.00000000000003,1,2,66,0.5
75,1787.713348,1785.508017,1785.612684,1787.713348,1810.375325,0,NaN,0,7.00000000000003,1,2,66,0.5
76,1814.444655,1813.242656,1813.383989,1814.441988,1827.575975,1,1.99999999999996,0.0200000000000003,7.00000000000003,1,2,66,0.5
77,1839.954629,1838.86863,1839.26863,1839.901296,1848.327287,1,1.99999999999996,0.0200000000000003,7.00000000000003,1,2,66,0.5
78,1849.996619,1849.011953,1849.44062,1849.996619,1851.953284,0,NaN,0,7.00000000000003,1,2,66,0.5
79,1921.988547,1921.042548,1921.215881,1921.935214,1942.83186,1,1.99999999999996,0.0200000000000003,7.00000000000003,1,2,66,0.5
80,1954.248515,1953.380516,1953.742515,1954.248515,1969.687833,1,NaN,0,5.99999999999996,2,1,65,0.5
81,1975.294494,1974.443161,1974.728494,1975.294494,1983.101819,0,NaN,0,7.00000000000003,1,2,66,0.5
82,1984.837818,1983.835152,1984.138485,1984.837818,2041.475761,1,NaN,0,5.99999999999996,2,1,65,0.5
83,2066.30107,2065.330404,2065.575737,2066.30107,2066.365069,1,NaN,0,5.99999999999996,2,1,65,0.5
84,2080.655722,2079.16639,2079.273057,2080.655722,2089.719046,1,NaN,0,5.99999999999996,2,1,65,0.5
85,2092.386377,2091.090378,2091.234378,2092.386377,2092.71371,0,NaN,0,7.00000000000003,1,2,66,0.5
86,2148.306321,2147.449655,2147.496322,2148.306321,2170.810298,1,NaN,0,5.99999999999996,2,1,65,0.5
87,2172.416963,2171.633631,2171.794964,2172.416963,2191.866277,1,NaN,0,5.99999999999996,2,1,65,0.5
88,2193.239609,2192.586943,2192.792943,2193.239609,2206.541596,1,NaN,0,5.99999999999996,2,1,65,0.5
89,2209.39026,2208.358927,2208.606261,2209.336926,2213.846255,0,1.99999999999996,0.0200000000000003,5.99999999999996,2,1,65,0.5
90,2215.732253,2214.712921,2215.005587,2215.67892,2219.766916,0,1.99999999999996,0.0200000000000003,5.99999999999996,2,1,65,0.5
91,2221.592248,2220.491582,2220.964915,2221.538914,2227.924241,1,1.99999999999996,0.0200000000000003,7.00000000000003,1,2,66,0.5
92,2239.093563,2238.310231,2238.428231,2239.04023,2256.143546,1,1.99999999999996,0.0200000000000003,7.00000000000003,1,2,66,0.5
93,2311.440824,2298.81817,2298.959504,NaN,NaN,NaN,NaN,0,5.99999999999996,2,1,65,0.5
94,2344.598125,2343.446792,2343.578792,2344.544791,2346.779456,0,1.99999999999996,0.0200000000000003,5.99999999999996,2,1,65,0.5
95,2349.010787,2348.164788,2348.334787,2349.010787,2350.090119,1,NaN,0,5.99999999999996,2,1,65,0.5
96,2503.462632,2502.490633,2502.612633,2503.462632,2510.311292,0,NaN,0,7.00000000000003,1,2,66,0.5
97,2513.203956,2511.605958,2512.49729,2513.150623,2515.45062,0,1.99999999999996,0.0200000000000003,5.99999999999996,2,1,65,0.5
98,2517.266619,2515.987953,2516.631953,2517.263952,2522.387947,1,1.99999999999996,0.0200000000000003,7.00000000000003,1,2,66,0.5
99,2525.47661,2524.656611,2524.895278,2525.47661,2590.734545,0,NaN,0,7.00000000000003,1,2,66,0.5
100,2592.927876,2591.887877,2592.045877,2592.927876,2596.744539,0,NaN,0,7.00000000000003,1,2,66,0.5
101,2601.180535,2599.600536,2600.385202,2601.180535,2623.511846,0,NaN,0,7.00000000000003,1,2,66,0.5
102,2626.370509,2625.45851,2625.727843,2626.370509,2661.805807,0,NaN,0,7.00000000000003,1,2,66,0.5
103,2667.959135,2666.690469,2667.287135,2667.959135,2811.194325,0,NaN,0,7.00000000000003,1,2,66,0.5
104,2873.393596,2872.304264,2872.69693,2873.390929,2878.208924,1,1.99999999999996,0.0200000000000003,7.00000000000003,1,2,66,0.5
105,2900.974902,2899.910236,2900.060236,2900.921568,2903.070899,1,1.99999999999996,0.0200000000000003,7.00000000000003,1,2,66,0.5
106,2909.973559,2908.93356,2909.18356,2909.970893,2911.924891,0,1.99999999999996,0.0200000000000003,5.99999999999996,2,1,65,0.5
107,2913.677555,2912.73089,2913.108223,2913.624889,2919.652883,1,1.99999999999996,0.0200000000000003,7.00000000000003,1,2,66,0.5
108,2933.683535,2926.380209,2927.760208,NaN,2939.470196,NaN,NaN,0,7.00000000000003,1,2,66,0.5
109,2946.362856,2945.39219,2945.840857,2946.309523,2951.150851,1,1.99999999999996,0.0200000000000003,7.00000000000003,1,2,66,0.5
110,2958.410844,2957.357512,2957.724178,2958.410844,2962.705506,0,NaN,0,7.00000000000003,1,2,66,0.5
111,3001.558134,3000.473469,3000.725468,3001.558134,3041.038761,1,NaN,0,5.99999999999996,2,1,65,0.5
112,3047.453422,3046.420756,3046.658089,3047.450755,3088.145381,1,1.99999999999996,0.0200000000000003,7.00000000000003,1,2,66,0.5
113,3097.896038,3096.526039,3096.565373,3097.842705,3102.320033,0,1.99999999999996,0.0200000000000003,5.99999999999996,2,1,65,0.5
114,3104.004698,3103.154033,3103.323366,3104.004698,3105.363364,0,NaN,0,7.00000000000003,1,2,66,0.5
115,3126.844676,3125.816677,3125.897343,3126.844676,3144.202659,0,NaN,0,7.00000000000003,1,2,66,0.5
116,3146.870656,3145.625324,3145.886657,3146.870656,3151.777984,0,NaN,0,7.00000000000003,1,2,66,0.5
117,3382.069087,3380.815088,3381.105088,3382.06642,3384.703084,1,1.99999999999996,0.0200000000000003,7.00000000000003,1,2,66,0.5
118,3392.693076,3391.622411,3391.971744,3392.639743,3495.902973,1,1.99999999999996,0.0200000000000003,7.00000000000003,1,2,66,0.5
119,3497.612305,3496.500973,3496.864306,3497.558972,3503.697632,1,1.99999999999996,0.0200000000000003,7.00000000000003,1,2,66,0.5
120,3517.098952,3515.92962,3516.426286,3517.098952,3519.706949,0,NaN,0,7.00000000000003,1,2,66,0.5
121,3560.042242,3558.883577,3559.275577,3559.988909,3570.427565,1,1.99999999999996,0.0200000000000003,7.00000000000003,1,2,66,0.5
122,3573.231563,3572.48823,3572.764897,3573.231563,3588.95088,1,NaN,0,5.99999999999996,2,1,65,0.5
123,3592.486211,3591.427544,3591.799544,3592.432877,3594.260208,0,1.99999999999996,0.0200000000000003,5.99999999999996,2,1,65,0.5
124,3595.866207,3594.914874,3595.248207,3595.866207,3796.25734,0,NaN,0,7.00000000000003,1,2,66,0.5
125,3826.799976,3822.281314,3822.309313,3826.746642,3832.919303,0,1.99999999999996,0.0200000000000003,5.99999999999996,2,1,65,0.5
126,3835.693967,3834.241302,3834.320635,3835.693967,3910.619892,0,NaN,0,7.00000000000003,1,2,66,0.5
127,3942.48786,3940.899862,3941.021861,3942.48786,3946.20719,1,NaN,0,5.99999999999996,2,1,65,0.5
128,3955.44118,3954.392515,3954.795181,3955.387847,3959.745176,1,1.99999999999996,0.0200000000000003,7.00000000000003,1,2,66,0.5
129,3973.087829,3972.18383,3972.243164,3973.034496,4042.517093,1,1.99999999999996,0.0200000000000003,7.00000000000003,1,2,66,0.5
130,4044.331091,4043.413759,4043.663092,4044.277758,4049.647086,1,1.99999999999996,0.0200000000000003,7.00000000000003,1,2,66,0.5
131,4059.187743,4057.931745,4058.185078,4059.13441,4079.775056,1,1.99999999999996,0.0200000000000003,7.00000000000003,1,2,66,0.5
132,4082.248387,4081.034388,4081.392388,4082.248387,4082.64572,1,NaN,0,5.99999999999996,2,1,65,0.5
133,4090.869045,4089.57838,4090.275046,4090.869045,4091.524378,1,NaN,0,5.99999999999996,2,1,65,0.5
134,4110.091026,4108.481694,4108.67036,4110.037693,4113.672355,0,1.99999999999996,0.0200000000000003,5.99999999999996,2,1,65,0.5
135,4115.466354,4114.326355,4114.863688,4115.466354,4165.242971,1,NaN,0,5.99999999999996,2,1,65,0.5
136,4178.262291,4176.896292,4177.358958,4178.262291,4178.424957,1,NaN,0,5.99999999999996,2,1,65,0.5
137,4191.620278,4190.365612,4190.530279,4191.566944,4718.021751,0,1.99999999999996,0.0200000000000003,5.99999999999996,2,1,65,0.5
138,4736.125066,4732.631737,4733.000403,NaN,4773.293696,NaN,NaN,0,5.99999999999996,2,1,65,0.5
139,4784.894351,4783.859685,4784.011018,4784.841018,4789.872346,0,1.99999999999996,0.0200000000000003,5.99999999999996,2,1,65,0.5
140,4793.295676,4792.112344,4792.402343,4793.242343,4798.735004,0,1.99999999999996,0.0200000000000003,5.99999999999996,2,1,65,0.5
141,4801.610334,4800.786335,4800.856335,4801.607668,4809.39166,0,1.99999999999996,0.0200000000000003,5.99999999999996,2,1,65,0.5
142,4811.817657,4810.396325,4810.892992,4811.764324,4828.278975,1,1.99999999999996,0.0200000000000003,7.00000000000003,1,2,66,0.5
143,4833.490969,4832.30297,4832.55097,4833.490969,4833.834969,0,NaN,0,7.00000000000003,1,2,66,0.5
144,4849.961619,4848.118954,4848.283621,4849.958953,4853.954949,0,1.99999999999996,0.0200000000000003,5.99999999999996,2,1,65,0.5
145,4856.03228,4854.942281,4855.172947,4855.978946,4860.255609,0,1.99999999999996,0.0200000000000003,5.99999999999996,2,1,65,0.5
146,4862.873606,4861.822274,4862.185607,4862.873606,4865.281604,0,NaN,0,7.00000000000003,1,2,66,0.5
147,4870.392265,4868.866934,4869.646266,4870.338932,4876.525593,1,1.99999999999996,0.0200000000000003,7.00000000000003,1,2,66,0.5
148,4888.776914,4887.732915,4887.980914,4888.776914,4899.330903,1,NaN,0,5.99999999999996,2,1,65,0.5
149,4901.999567,4900.758235,4901.116901,4901.999567,4902.3229,1,NaN,0,5.99999999999996,2,1,65,0.5
150,4920.394215,4907.771561,4908.008228,NaN,NaN,NaN,NaN,0,7.00000000000003,1,2,66,0.5
151,5025.183444,5023.932112,5024.215445,5025.130111,5030.606772,1,1.99999999999996,0.0200000000000003,7.00000000000003,1,2,66,0.5
152,5033.814102,5032.552103,5032.987436,5033.811435,5036.190766,0,1.99999999999996,0.0200000000000003,5.99999999999996,2,1,65,0.5
153,5039.10343,5037.868098,5038.410764,5039.100764,5043.008759,1,1.99999999999996,0.0200000000000003,7.00000000000003,1,2,66,0.5
154,5046.195423,5044.894758,5045.084091,5046.14209,5050.874752,0,1.99999999999996,0.0200000000000003,5.99999999999996,2,1,65,0.5
155,5052.908083,5051.722084,5052.070084,5052.908083,5060.844075,0,NaN,0,7.00000000000003,1,2,66,0.5
156,5063.154739,5062.339407,5062.534073,5063.101406,5068.7354,1,1.99999999999996,0.0200000000000003,7.00000000000003,1,2,66,0.5
157,5076.676726,5075.192061,5075.86406,5076.623393,5128.092008,1,1.99999999999996,0.0200000000000003,7.00000000000003,1,2,66,0.5
158,5131.590004,5130.468005,5130.676672,5131.590004,5141.416661,0,NaN,0,7.00000000000003,1,2,66,0.5
159,5147.313988,5146.410656,5146.816656,5147.313988,5149.701319,1,NaN,0,5.99999999999996,2,1,65,0.5
160,5160.199309,5158.975977,5159.254643,5160.145976,5163.791305,0,1.99999999999996,0.0200000000000003,5.99999999999996,2,1,65,0.5
161,5165.683303,5164.684638,5165.081304,5165.62997,5168.982633,1,1.99999999999996,0.0200000000000003,7.00000000000003,1,2,66,0.5
162,5171.489964,5170.199299,5170.594632,5171.436631,5176.553293,0,1.99999999999996,0.0200000000000003,5.99999999999996,2,1,65,0.5
163,5179.12929,5178.236624,5178.283291,5179.12929,5185.651284,1,NaN,0,5.99999999999996,2,1,65,0.5
164,5187.750615,5186.663282,5186.742616,5187.750615,5193.092609,0,NaN,0,7.00000000000003,1,2,66,0.5
165,5196.749272,5194.971941,5195.255941,5196.749272,5203.742599,1,NaN,0,5.99999999999996,2,1,65,0.5
166,5228.628574,5227.630575,5227.843908,5228.575241,5235.368567,1,1.99999999999996,0.0200000000000003,7.00000000000003,1,2,66,0.5
167,5244.707224,5243.079226,5243.269226,5244.707224,5244.998557,1,NaN,0,5.99999999999996,2,1,65,0.5
168,5262.899206,5261.473208,5261.670541,5262.845873,5266.806536,0,1.99999999999996,0.0200000000000003,5.99999999999996,2,1,65,0.5
169,5269.270533,5268.209868,5268.599201,5269.2172,5275.646527,1,1.99999999999996,0.0200000000000003,7.00000000000003,1,2,66,0.5
170,5278.752524,5277.009859,5277.275192,5278.752524,5302.4345,0,NaN,0,7.00000000000003,1,2,66,0.5
171,5471.766997,5470.183666,5470.471665,5471.764331,5478.314324,0,1.99999999999996,0.0200000000000003,5.99999999999996,2,1,65,0.5
172,5484.616318,5483.680985,5483.766985,5484.616318,5490.457645,0,NaN,0,7.00000000000003,1,2,66,0.5
173,5503.020299,5501.866301,5501.981634,5503.020299,5551.684917,1,NaN,0,5.99999999999996,2,1,65,0.5
174,5560.910908,5559.738909,5559.859576,5560.908242,5562.88224,0,1.99999999999996,0.0200000000000003,5.99999999999996,2,1,65,0.5
175,5567.670901,5563.906239,5564.096905,5567.617568,5571.314898,0,1.99999999999996,0.0200000000000003,5.99999999999996,2,1,65,0.5
176,5573.244229,5572.132897,5572.499563,5573.244229,5574.899561,0,NaN,0,7.00000000000003,1,2,66,0.5
177,5583.654885,5582.459553,5582.693553,5583.652219,5588.573547,0,1.99999999999996,0.0200000000000003,5.99999999999996,2,1,65,0.5
178,5590.450212,5589.670879,5589.816213,5590.450212,5592.249549,0,NaN,0,7.00000000000003,1,2,66,0.5
179,5599.686869,5598.528204,5598.93687,5599.686869,5620.413515,0,NaN,0,7.00000000000003,1,2,66,0.5
180,5624.480178,5623.266846,5623.362179,5624.480178,5655.840147,0,NaN,0,7.00000000000003,1,2,66,0.5
181,5666.29947,5664.906138,5664.929471,5666.246136,5669.3948,0,1.99999999999996,0.0200000000000003,5.99999999999996,2,1,65,0.5
182,5671.376131,5670.280799,5670.615465,5671.322798,5679.498123,1,1.99999999999996,0.0200000000000003,7.00000000000003,1,2,66,0.5
183,5683.561452,5682.347453,5682.56412,5683.508119,5688.552114,0,1.99999999999996,0.0200000000000003,5.99999999999996,2,1,65,0.5
184,5690.151446,5689.27478,5689.46078,5690.148779,5694.699441,0,1.99999999999996,0.0200000000000003,5.99999999999996,2,1,65,0.5
185,5696.393439,5695.418107,5695.74144,5696.393439,5702.806766,0,NaN,0,7.00000000000003,1,2,66,0.5
186,5705.81143,5704.700764,5704.914098,5705.808763,5709.670759,0,1.99999999999996,0.0200000000000003,5.99999999999996,2,1,65,0.5
187,5711.860091,5710.584759,5711.193425,5711.806757,5716.878752,1,1.99999999999996,0.0200000000000003,7.00000000000003,1,2,66,0.5
188,5721.036081,5719.660083,5719.875416,5720.982748,5727.948741,0,1.99999999999996,0.0200000000000003,5.99999999999996,2,1,65,0.5
189,5730.252739,5729.136073,5729.41274,5730.199406,5736.824066,1,1.99999999999996,0.0200000000000003,7.00000000000003,1,2,66,0.5
190,5739.069397,5737.756065,5738.077398,5739.069397,5746.671389,0,NaN,0,7.00000000000003,1,2,66,0.5
191,5748.432721,5747.310055,5747.825388,5748.432721,5748.84272,0,NaN,0,7.00000000000003,1,2,66,0.5
192,6219.512916,6206.890262,6207.100262,NaN,6225.426244,NaN,NaN,0,5.99999999999996,2,1,65,0.5
193,6237.424232,6236.258233,6236.619566,6237.424232,6381.588088,0,NaN,0,7.00000000000003,1,2,66,0.5
194,6391.506078,6390.430079,6390.755412,6391.503411,6395.087407,1,1.99999999999996,0.0200000000000003,7.00000000000003,1,2,66,0.5
195,6402.786733,6397.828071,6398.233404,6402.786733,6409.34406,0,NaN,0,7.00000000000003,1,2,66,0.5
196,6413.182056,6411.538058,6412.382723,6413.128723,6415.321387,0,1.99999999999996,0.0200000000000003,5.99999999999996,2,1,65,0.5
197,6417.774718,6416.632053,6416.965386,6417.774718,6418.160051,0,NaN,0,7.00000000000003,1,2,66,0.5
198,6431.352038,6429.682706,6429.942039,6431.352038,6490.839978,0,NaN,0,7.00000000000003,1,2,66,0.5
199,6493.243309,6492.224644,6492.529977,6493.189976,7719.080083,1,1.99999999999996,0.0200000000000003,7.00000000000003,1,2,66,0.5
200,7727.404076,7726.21741,7726.417409,7727.404076,7729.553412,1,NaN,0,5.99999999999996,2,1,65,0.5
201,7737.035399,7735.5754,7736.000733,7736.982065,7739.260063,1,1.99999999999996,0.0200000000000003,7.00000000000003,1,2,66,0.5
202,7745.58539,7744.058725,7744.612725,7745.532057,7749.603386,0,1.99999999999996,0.0200000000000003,5.99999999999996,2,1,65,0.5
203,7760.969375,7759.704043,7760.018709,7760.916042,7816.611319,1,1.99999999999996,0.0200000000000003,7.00000000000003,1,2,66,0.5
204,7831.571971,7818.949317,7819.253317,NaN,7836.763299,NaN,NaN,0,5.99999999999996,2,1,65,0.5
205,7849.093954,7847.480622,7847.527288,7849.04062,7854.930614,0,1.99999999999996,0.0200000000000003,5.99999999999996,2,1,65,0.5
206,7857.971278,7856.754612,7857.129279,7857.917945,7864.889938,0,1.99999999999996,0.0200000000000003,5.99999999999996,2,1,65,0.5
207,7867.183935,7866.075936,7866.166603,7867.130602,7870.453932,0,1.99999999999996,0.0200000000000003,5.99999999999996,2,1,65,0.5
208,7874.589261,7873.543929,7873.927262,7874.589261,7881.983254,0,NaN,0,7.00000000000003,1,2,66,0.5
209,7905.56123,7903.873232,7904.085898,7905.56123,7905.78123,0,NaN,0,7.00000000000003,1,2,66,0.5
210,7913.247223,7912.31989,7912.478557,7913.247223,7914.917888,0,NaN,0,7.00000000000003,1,2,66,0.5
211,7943.657192,7931.034538,7931.071205,NaN,7950.594519,NaN,NaN,0,5.99999999999996,2,1,65,0.5
212,7957.765178,7956.24718,7956.649846,7957.762511,7966.752502,1,1.99999999999996,0.0200000000000003,7.00000000000003,1,2,66,0.5
213,7976.406493,7975.46716,7975.53716,7976.403826,7981.018488,0,1.99999999999996,0.0200000000000003,5.99999999999996,2,1,65,0.5
214,8002.6698,7990.055146,7990.283146,8002.6698,8002.973799,1,NaN,0,5.99999999999996,2,1,65,0.5
215,8020.002449,8018.72045,8018.894451,8020.002449,8024.247778,0,NaN,0,7.00000000000003,1,2,66,0.5
216,8027.769775,8026.689776,8026.798442,8027.767108,8032.59177,0,1.99999999999996,0.0200000000000003,5.99999999999996,2,1,65,0.5
217,8034.203768,8033.412436,8033.514436,8034.150435,8042.21576,0,1.99999999999996,0.0200000000000003,5.99999999999996,2,1,65,0.5
218,8044.724424,8043.401092,8043.442426,8044.671091,8058.484411,1,1.99999999999996,0.0200000000000003,7.00000000000003,1,2,66,0.5
219,8082.77172,8080.577055,8080.716388,8082.718386,8087.064382,0,1.99999999999996,0.0200000000000003,5.99999999999996,2,1,65,0.5
220,8090.243046,8089.199047,8089.571713,8090.189712,8096.468373,1,1.99999999999996,0.0200000000000003,7.00000000000003,1,2,66,0.5
221,8099.557703,8098.307704,8098.425704,8099.555036,8111.165025,0,1.99999999999996,0.0200000000000003,5.99999999999996,2,1,65,0.5
222,8113.858355,8112.36969,8112.515023,8113.805022,8119.970349,0,1.99999999999996,0.0200000000000003,5.99999999999996,2,1,65,0.5
223,8122.545013,8121.569681,8121.711014,8122.545013,8123.248346,0,NaN,0,7.00000000000003,1,2,66,0.5
224,8137.880998,8136.851666,8137.046999,8137.827665,8144.320325,1,1.99999999999996,0.0200000000000003,7.00000000000003,1,2,66,0.5
225,8147.329655,8145.85499,8145.957657,8147.329655,8156.11698,0,NaN,0,7.00000000000003,1,2,66,0.5
226,8163.264973,8162.386973,8162.464307,8163.264973,8163.621639,0,NaN,0,7.00000000000003,1,2,66,0.5
227,8174.308962,8173.384296,8173.484962,8174.255628,8179.248957,0,1.99999999999996,0.0200000000000003,5.99999999999996,2,1,65,0.5
228,8181.624288,8180.810955,8180.976288,8181.624288,8188.362281,0,NaN,0,7.00000000000003,1,2,66,0.5
229,8207.820261,8207.157595,8207.262262,NaN,8209.051593,NaN,NaN,0,7.00000000000003,1,2,66,0.5
230,8238.683564,8237.964898,8238.057564,8238.63023,8244.227558,1,1.99999999999996,0.0200000000000003,7.00000000000003,1,2,66,0.5
231,8248.026221,8246.741556,8246.854889,8247.972888,8256.156213,0,1.99999999999996,0.0200000000000003,5.99999999999996,2,1,65,0.5
232,8258.034878,8257.127545,8257.193545,8258.034878,8275.50486,0,NaN,0,7.00000000000003,1,2,66,0.5
233,8277.799525,8276.446859,8276.646193,8277.799525,8278.878191,0,NaN,0,7.00000000000003,1,2,66,0.5
234,8287.770848,8286.740182,8287.061515,8287.717515,8292.756176,1,1.99999999999996,0.0200000000000003,7.00000000000003,1,2,66,0.5
235,8296.532839,8295.020841,8295.243507,8296.532839,8344.265458,0,NaN,0,7.00000000000003,1,2,66,0.5
236,8370.182099,8369.0081,8369.158767,8370.128766,8377.594759,1,1.99999999999996,0.0200000000000003,7.00000000000003,1,2,66,0.5
237,8385.774751,8384.146752,8384.318751,8385.772083,8395.092074,1,1.99999999999996,0.0200000000000003,7.00000000000003,1,2,66,0.5
238,8397.446072,8396.27074,8396.495406,8397.443405,8406.172063,0,1.99999999999996,0.0200000000000003,5.99999999999996,2,1,65,0.5
239,8408.323394,8407.237395,8407.525395,8408.323394,8412.294057,0,NaN,0,7.00000000000003,1,2,66,0.5
240,8417.074052,8415.439387,8415.529387,8417.020719,8425.566044,0,1.99999999999996,0.0200000000000003,5.99999999999996,2,1,65,0.5
241,8428.632041,8427.570708,8427.956708,8428.578707,8435.3907,1,1.99999999999996,0.0200000000000003,7.00000000000003,1,2,66,0.5
242,8438.948697,8437.477365,8437.630698,8438.94603,8445.392024,0,1.99999999999996,0.0200000000000003,5.99999999999996,2,1,65,0.5
243,8449.02002,8447.995355,8448.339354,8448.966687,8454.712681,1,1.99999999999996,0.0200000000000003,7.00000000000003,1,2,66,0.5
244,8461.541341,8457.799345,8457.946678,8461.541341,8462.904006,0,NaN,0,7.00000000000003,1,2,66,0.5
245,8472.02933,8470.905998,8471.090665,8472.02933,8476.637326,0,NaN,0,7.00000000000003,1,2,66,0.5
246,8507.587962,8506.720629,8506.853296,8507.587962,8508.161961,1,NaN,0,5.99999999999996,2,1,65,0.5
247,8514.980621,8514.289288,8514.459955,8514.966621,8519.51795,0,1.99999999999996,0.0200000000000003,5.99999999999996,2,1,65,0.5
248,8524.574611,8523.215946,8523.302613,8524.521278,8528.299941,0,1.99999999999996,0.0200000000000003,5.99999999999996,2,1,65,0.5
249,8530.321272,8529.489273,8529.558606,8530.321272,8531.246605,0,NaN,0,7.00000000000003,1,2,66,0.5
250,8537.388598,8536.289266,8536.794599,8537.335265,8542.35926,1,1.99999999999996,0.0200000000000003,7.00000000000003,1,2,66,0.5
251,8546.824589,8545.265924,8545.501924,8546.771256,8560.520575,0,1.99999999999996,0.0200000000000003,5.99999999999996,2,1,65,0.5
252,8564.909904,8563.746572,8563.831239,8564.907238,8686.139116,1,1.99999999999996,0.0200000000000003,7.00000000000003,1,2,66,0.5
253,8693.957108,8692.659776,8693.064443,8693.957108,8694.199775,0,NaN,0,7.00000000000003,1,2,66,0.5
254,8702.487767,8701.414434,8701.431101,8702.487767,8719.815749,0,NaN,0,7.00000000000003,1,2,66,0.5
255,8885.38025,8883.916919,8884.407585,8885.38025,8890.546245,0,NaN,0,7.00000000000003,1,2,66,0.5
256,8895.36624,8894.330241,8894.741574,8895.312907,8898.492904,1,1.99999999999996,0.0200000000000003,7.00000000000003,1,2,66,0.5
257,8901.9869,8900.734235,8901.103568,8901.9869,8902.209567,0,NaN,0,7.00000000000003,1,2,66,0.5
258,8951.177518,8950.192186,8950.420852,8951.174851,8963.796172,1,1.99999999999996,0.0200000000000003,7.00000000000003,1,2,66,0.5
259,8969.012833,8968.028834,8968.184834,8969.012833,9030.736105,0,NaN,0,7.00000000000003,1,2,66,0.5
260,9052.887416,9051.99275,9052.07075,9052.887416,9059.738076,0,NaN,0,7.00000000000003,1,2,66,0.5
261,9076.375393,9075.32806,9075.442727,9076.375393,9076.449393,0,NaN,0,7.00000000000003,1,2,66,0.5
262,9086.040716,9085.092051,9085.148717,9086.040716,9407.504395,0,NaN,0,7.00000000000003,1,2,66,0.5
263,9410.673725,9409.372393,9409.498393,9410.620392,9416.045053,1,1.99999999999996,0.0200000000000003,7.00000000000003,1,2,66,0.5
264,9421.507714,9419.061717,9419.355716,9421.505048,9425.631044,1,1.99999999999996,0.0200000000000003,7.00000000000003,1,2,66,0.5
265,9446.173023,9445.055024,9445.323024,9446.11969,9450.511685,1,1.99999999999996,0.0200000000000003,7.00000000000003,1,2,66,0.5
266,9453.495682,9452.051684,9452.679016,9453.493016,9455.712347,0,1.99999999999996,0.0200000000000003,5.99999999999996,2,1,65,0.5
267,9457.639012,9456.640346,9456.945679,9457.585678,9461.773008,1,1.99999999999996,0.0200000000000003,7.00000000000003,1,2,66,0.5
268,9464.524338,9463.382339,9463.585672,9464.521671,9471.834331,0,1.99999999999996,0.0200000000000003,5.99999999999996,2,1,65,0.5
269,9474.127662,9473.228996,9473.317662,9474.127662,9474.473661,0,NaN,0,7.00000000000003,1,2,66,0.5
270,9487.566982,9486.849649,9486.931649,9487.566982,9489.018313,1,NaN,0,5.99999999999996,2,1,65,0.5
271,9498.258971,9496.994972,9497.126972,9498.205638,9502.797633,0,1.99999999999996,0.0200000000000003,5.99999999999996,2,1,65,0.5
272,9505.110297,9503.951632,9504.013632,9505.110297,9509.256961,1,NaN,0,5.99999999999996,2,1,65,0.5
273,9512.25029,9511.276291,9511.502958,9512.247624,9515.994953,0,1.99999999999996,0.0200000000000003,5.99999999999996,2,1,65,0.5
274,9517.938285,9517.004285,9517.092285,9517.884951,9522.58828,0,1.99999999999996,0.0200000000000003,5.99999999999996,2,1,65,0.5
275,9525.004277,9523.897612,9524.282945,9525.001611,9530.946272,1,1.99999999999996,0.0200000000000003,7.00000000000003,1,2,66,0.5
276,9533.295603,9532.007604,9532.181604,9533.295603,9537.678265,0,NaN,0,7.00000000000003,1,2,66,0.5
277,9542.879593,9541.864927,9541.948261,9542.879593,9551.544918,0,NaN,0,7.00000000000003,1,2,66,0.5
278,9553.684915,9552.71825,9552.802916,9553.631582,9557.050245,0,1.99999999999996,0.0200000000000003,5.99999999999996,2,1,65,0.5
279,9558.99291,9557.948245,9558.213578,9558.990243,9564.062238,0,1.99999999999996,0.0200000000000003,5.99999999999996,2,1,65,0.5
280,9565.918237,9565.026237,9565.175571,9565.918237,9566.895569,0,NaN,0,7.00000000000003,1,2,66,0.5
281,9573.176896,9572.153564,9572.432897,9573.174229,9588.124881,1,1.99999999999996,0.0200000000000003,7.00000000000003,1,2,66,0.5
282,9590.078212,9588.86088,9588.968213,9590.025546,9593.830209,0,1.99999999999996,0.0200000000000003,5.99999999999996,2,1,65,0.5
283,9596.164873,9595.350207,9595.478207,9596.164873,9596.622873,0,NaN,0,7.00000000000003,1,2,66,0.5
284,9603.137533,9602.372867,9602.417533,9603.084199,9606.933529,0,1.99999999999996,0.0200000000000003,5.99999999999996,2,1,65,0.5
285,9609.268193,9608.185528,9608.386861,9609.268193,9613.961522,0,NaN,0,7.00000000000003,1,2,66,0.5
286,9617.414185,9616.531519,9616.563519,9617.360852,9621.616847,1,1.99999999999996,0.0200000000000003,7.00000000000003,1,2,66,0.5
287,9625.75151,9624.098178,9624.229512,9625.698177,9630.052839,0,1.99999999999996,0.0200000000000003,5.99999999999996,2,1,65,0.5
288,9631.902171,9631.014838,9631.196839,9631.902171,9634.265502,0,NaN,0,7.00000000000003,1,2,66,0.5
289,9639.50683,9638.526164,9638.592164,9639.50683,9659.194143,0,NaN,0,7.00000000000003,1,2,66,0.5
290,9662.376807,9661.104808,9661.275475,9662.376807,9668.719467,1,NaN,0,5.99999999999996,2,1,65,0.5
291,9672.172797,9670.911465,9671.316131,9672.172797,9683.753452,0,NaN,0,7.00000000000003,1,2,66,0.5
292,9689.746113,9687.778115,9687.953448,9689.743446,9693.637442,0,1.99999999999996,0.0200000000000003,5.99999999999996,2,1,65,0.5
293,9695.584774,9694.536775,9694.645441,9695.53144,9700.461435,0,1.99999999999996,0.0200000000000003,5.99999999999996,2,1,65,0.5
294,9702.505433,9701.338768,9701.406768,9702.505433,9760.368042,0,NaN,0,7.00000000000003,1,2,66,0.5
295,9764.269372,9763.078706,9763.217373,9764.266705,9767.930701,1,1.99999999999996,0.0200000000000003,7.00000000000003,1,2,66,0.5
296,9771.349364,9769.866699,9769.956033,9771.296031,9780.770022,0,1.99999999999996,0.0200000000000003,5.99999999999996,2,1,65,0.5
297,9782.874686,9781.684021,9782.16002,9782.821353,9790.904678,1,1.99999999999996,0.0200000000000003,7.00000000000003,1,2,66,0.5
298,9793.210009,9791.832011,9792.122677,9793.156676,9797.436672,0,1.99999999999996,0.0200000000000003,5.99999999999996,2,1,65,0.5
299,9800.003336,9798.94467,9799.15267,9799.950003,9805.216664,0,1.99999999999996,0.0200000000000003,5.99999999999996,2,1,65,0.5
300,9807.172662,9806.060663,9806.130663,9807.172662,9813.536656,0,NaN,0,7.00000000000003,1,2,66,0.5
301,9822.007314,9820.796648,9820.912648,9821.953981,9827.770641,0,1.99999999999996,0.0200000000000003,5.99999999999996,2,1,65,0.5
302,9831.651304,9830.643972,9830.800638,9831.651304,9832.046637,0,NaN,0,7.00000000000003,1,2,66,0.5
303,9843.741959,9842.674626,9842.921293,9843.688625,10111.734357,1,1.99999999999996,0.0200000000000003,7.00000000000003,1,2,66,0.5
304,10114.041022,10112.702356,10112.818356,10114.038355,10129.791673,1,1.99999999999996,0.0200000000000003,7.00000000000003,1,2,66,0.5
305,10133.761002,10130.797672,10131.125671,10133.707669,10138.535664,0,1.99999999999996,0.0200000000000003,5.99999999999996,2,1,65,0.5
306,10152.49965,10139.876996,10140.075662,NaN,NaN,NaN,NaN,0,7.00000000000003,1,2,66,0.5
307,10502.676633,10501.630634,10501.779301,10502.676633,10514.505288,1,NaN,0,5.99999999999996,2,1,65,0.5
308,10518.325951,10515.77862,10515.937287,10518.272618,10523.343279,0,1.99999999999996,0.0200000000000003,5.99999999999996,2,1,65,0.5
309,10525.303944,10524.275945,10524.432611,10525.303944,10564.088572,0,NaN,0,7.00000000000003,1,2,66,0.5
310,10579.357223,10578.142558,10578.354557,10579.30389,10582.87522,0,1.99999999999996,0.0200000000000003,5.99999999999996,2,1,65,0.5
311,10586.433883,10585.177884,10585.379217,10586.433883,10607.405862,0,NaN,0,7.00000000000003,1,2,66,0.5
312,10609.640526,10608.513861,10608.77186,10609.587193,10613.845189,1,1.99999999999996,0.0200000000000003,7.00000000000003,1,2,66,0.5
313,10617.527852,10616.347853,10616.399853,10617.527852,10637.073165,0,NaN,0,7.00000000000003,1,2,66,0.5
314,10644.201825,10642.90116,10643.062493,10644.201825,10644.277158,0,NaN,0,7.00000000000003,1,2,66,0.5
315,10657.280479,10655.88448,10655.98848,10657.280479,10658.289811,0,NaN,0,7.00000000000003,1,2,66,0.5
316,10672.57313,10671.289131,10671.359131,10672.570463,10706.362429,1,1.99999999999996,0.0200000000000003,7.00000000000003,1,2,66,0.5
317,10731.548404,10729.891739,10730.021072,10731.495071,13336.406466,1,1.99999999999996,0.0200000000000003,7.00000000000003,1,2,66,0.5
318,13381.434421,13370.454432,13370.563765,NaN,13605.036197,NaN,NaN,0,7.00000000000003,1,2,66,0.5
319,13621.512848,13620.143516,13620.581515,13621.459514,13629.44684,0,1.99999999999996,0.0200000000000003,5.99999999999996,2,1,65,0.5
320,13632.155504,13630.865505,13631.097505,13632.155504,13648.804156,0,NaN,0,7.00000000000003,1,2,66,0.5
321,13670.792132,13669.554133,13669.689466,13670.738798,13678.84079,1,1.99999999999996,0.0200000000000003,7.00000000000003,1,2,66,0.5
322,13683.080786,13681.103455,13681.251455,13683.027453,13697.978771,0,1.99999999999996,0.0200000000000003,5.99999999999996,2,1,65,0.5
323,13713.669422,13712.74209,13712.77809,13713.616089,13718.336084,1,1.99999999999996,0.0200000000000003,7.00000000000003,1,2,66,0.5
324,13725.406077,13724.224078,13724.369411,13725.352744,13745.063391,0,1.99999999999996,0.0200000000000003,5.99999999999996,2,1,65,0.5
325,13746.870056,13745.994723,13746.23139,13746.870056,13755.68738,0,NaN,0,7.00000000000003,1,2,66,0.5
326,13763.744039,13762.78604,13762.920706,13763.744039,13775.362694,0,NaN,0,7.00000000000003,1,2,66,0.5
327,13780.066022,13778.709357,13778.83469,13780.066022,13789.406013,0,NaN,0,7.00000000000003,1,2,66,0.5
328,13791.958011,13790.406679,13790.429345,13791.958011,13794.174675,0,NaN,0,7.00000000000003,1,2,66,0.5
329,13802.332667,13801.417334,13801.666001,13802.279334,13805.72133,1,1.99999999999996,0.0200000000000003,7.00000000000003,1,2,66,0.5
330,13809.741993,13808.406661,13808.607327,13809.741993,13863.003273,0,NaN,0,7.00000000000003,1,2,66,0.5
331,13865.52927,13864.303272,13864.471271,13865.52927,13865.957937,0,NaN,0,7.00000000000003,1,2,66,0.5
332,13877.429258,13876.415926,13876.703926,13877.426592,13880.751922,1,1.99999999999996,0.0200000000000003,7.00000000000003,1,2,66,0.5
333,13904.997897,13904.008565,13904.197232,13904.995231,13914.871221,1,1.99999999999996,0.0200000000000003,7.00000000000003,1,2,66,0.5
334,13917.785885,13916.551219,13916.930552,13917.732551,13921.443881,0,1.99999999999996,0.0200000000000003,5.99999999999996,2,1,65,0.5
335,13923.270546,13922.314547,13922.513213,13923.217213,13929.47654,0,1.99999999999996,0.0200000000000003,5.99999999999996,2,1,65,0.5
336,13933.369202,13931.819204,13932.001204,13933.366536,13939.846529,0,1.99999999999996,0.0200000000000003,5.99999999999996,2,1,65,0.5
337,13942.575194,13941.361194,13941.464528,13942.575194,13952.00985,0,NaN,0,7.00000000000003,1,2,66,0.5
338,13954.072515,13952.87585,13953.043849,13954.072515,13954.124515,0,NaN,0,7.00000000000003,1,2,66,0.5
339,13975.007827,13974.079162,13974.299828,13974.954494,13983.874485,1,1.99999999999996,0.0200000000000003,7.00000000000003,1,2,66,0.5
340,13987.651148,13986.30515,13986.474483,13987.648481,13992.987143,0,1.99999999999996,0.0200000000000003,5.99999999999996,2,1,65,0.5
341,13995.095807,13994.222475,13994.308475,13995.042474,14001.804467,0,1.99999999999996,0.0200000000000003,5.99999999999996,2,1,65,0.5
342,14004.743798,14003.839799,14003.981132,14004.743798,14009.051127,0,NaN,0,7.00000000000003,1,2,66,0.5
343,14011.746457,14010.735792,14010.870458,14011.743791,14019.109783,1,1.99999999999996,0.0200000000000003,7.00000000000003,1,2,66,0.5
344,14023.848445,14022.486447,14022.65778,14023.795112,14036.664432,0,1.99999999999996,0.0200000000000003,5.99999999999996,2,1,65,0.5
345,14038.76043,14037.521765,14037.688431,14038.76043,14039.623763,0,NaN,0,7.00000000000003,1,2,66,0.5
346,14049.25042,14048.356421,14048.380421,14049.25042,14132.433004,1,NaN,0,5.99999999999996,2,1,65,0.5
347,14134.759001,14133.615669,14133.745669,14134.705668,14140.805662,1,1.99999999999996,0.0200000000000003,7.00000000000003,1,2,66,0.5
348,14152.096317,14150.776318,14150.856318,14152.042984,14156.597646,0,1.99999999999996,0.0200000000000003,5.99999999999996,2,1,65,0.5
349,14158.384977,14157.442312,14157.550978,14158.331644,14165.052304,0,1.99999999999996,0.0200000000000003,5.99999999999996,2,1,65,0.5
350,14168.381634,14167.350302,14167.428968,14168.328301,14174.308962,0,1.99999999999996,0.0200000000000003,5.99999999999996,2,1,65,0.5
351,14176.978959,14175.753627,14175.895627,14176.925626,14183.989618,0,1.99999999999996,0.0200000000000003,5.99999999999996,2,1,65,0.5
352,14186.214283,14185.46895,14185.538284,14186.214283,14193.012943,0,NaN,0,7.00000000000003,1,2,66,0.5
353,14209.180927,14207.912928,14208.055595,14209.127593,14213.948255,0,1.99999999999996,0.0200000000000003,5.99999999999996,2,1,65,0.5
354,14216.01892,14215.059587,14215.142921,14216.01892,14219.512916,0,NaN,0,7.00000000000003,1,2,66,0.5
355,14222.800913,14221.762247,14222.078914,14222.74758,14237.490898,1,1.99999999999996,0.0200000000000003,7.00000000000003,1,2,66,0.5
356,14240.398895,14239.223563,14239.320896,14240.398895,14245.198224,0,NaN,0,7.00000000000003,1,2,66,0.5
357,14256.041546,14249.094887,14249.354886,14256.041546,14256.380213,0,NaN,0,7.00000000000003,1,2,66,0.5
358,14281.682187,14280.682188,14280.926188,14281.679521,14293.151509,1,1.99999999999996,0.0200000000000003,7.00000000000003,1,2,66,0.5
359,14295.261507,14293.948842,14294.301508,14295.261507,14298.649504,1,NaN,0,5.99999999999996,2,1,65,0.5
360,14303.853499,14302.8035,14302.8435,14303.800165,14308.159494,0,1.99999999999996,0.0200000000000003,5.99999999999996,2,1,65,0.5
361,14314.112822,14309.092827,14309.208827,14314.059488,14320.180149,0,1.99999999999996,0.0200000000000003,5.99999999999996,2,1,65,0.5
362,14322.472147,14321.629481,14321.652814,14322.472147,14325.455477,0,NaN,0,7.00000000000003,1,2,66,0.5
363,14339.57213,14338.548131,14338.669464,14339.57213,14342.518127,1,NaN,0,5.99999999999996,2,1,65,0.5
364,14349.932119,14348.969454,14349.026787,14349.878786,14355.985446,0,1.99999999999996,0.0200000000000003,5.99999999999996,2,1,65,0.5
365,14358.382111,14357.449445,14357.588112,14358.382111,14359.763443,0,NaN,0,7.00000000000003,1,2,66,0.5
366,14365.653437,14364.653438,14364.748104,14365.600104,14370.878765,0,1.99999999999996,0.0200000000000003,5.99999999999996,2,1,65,0.5
367,14373.312762,14372.01943,14372.208097,14373.312762,14386.848082,0,NaN,0,7.00000000000003,1,2,66,0.5
368,14734.847068,14733.513069,14733.691735,14734.793734,14746.473723,0,1.99999999999996,0.0200000000000003,5.99999999999996,2,1,65,0.5
369,14753.109049,14751.884384,14751.941051,14753.109049,14753.160383,0,NaN,0,7.00000000000003,1,2,66,0.5
370,14765.399037,14763.251706,14763.425706,14765.345704,14772.835696,0,1.99999999999996,0.0200000000000003,5.99999999999996,2,1,65,0.5
371,14775.73036,14774.570361,14774.680361,14775.677027,14780.238356,0,1.99999999999996,0.0200000000000003,5.99999999999996,2,1,65,0.5
372,14782.666353,14781.690354,14781.733025,14782.663686,14786.426349,1,1.99999999999996,0.0200000000000003,7.00000000000003,1,2,66,0.5
373,14790.162346,14788.637681,14788.81768,14790.162346,14795.417674,0,NaN,0,7.00000000000003,1,2,66,0.5
374,14798.612337,14797.834338,14797.880338,14798.612337,14823.162979,0,NaN,0,7.00000000000003,1,2,66,0.5
375,14834.070968,14832.92697,14833.012969,14834.017635,14840.478295,0,1.99999999999996,0.0200000000000003,5.99999999999996,2,1,65,0.5
376,14842.651626,14841.624961,14841.724961,14842.651626,14842.826293,0,NaN,0,7.00000000000003,1,2,66,0.5
377,14863.048273,14861.941607,14861.960274,14862.994939,14867.098935,1,1.99999999999996,0.0200000000000003,7.00000000000003,1,2,66,0.5
378,14870.988931,14869.202933,14869.5016,14870.988931,14896.578906,0,NaN,0,7.00000000000003,1,2,66,0.5
379,14899.741569,14898.75557,14898.832237,14899.741569,14900.268902,0,NaN,0,7.00000000000003,1,2,66,0.5
380,14912.31289,14910.903558,14911.108891,14912.259557,14919.39955,1,1.99999999999996,0.0200000000000003,7.00000000000003,1,2,66,0.5
381,14924.746211,14923.370212,14923.611546,14924.743544,15072.931396,0,1.99999999999996,0.0200000000000003,5.99999999999996,2,1,65,0.5
382,15084.014052,15082.138054,15082.26872,15084.014052,15084.666051,0,NaN,0,7.00000000000003,1,2,66,0.5
383,15091.514711,15090.293379,15090.362045,15091.514711,15100.688035,0,NaN,0,7.00000000000003,1,2,66,0.5
384,15128.304007,15127.224009,15127.398008,15128.250674,15135.245334,1,1.99999999999996,0.0200000000000003,7.00000000000003,1,2,66,0.5
385,15138.464664,15137.208665,15137.580665,15138.464664,15285.190517,0,NaN,0,7.00000000000003,1,2,66,0.5
386,15288.183848,15287.229182,15287.346515,15288.130514,15292.563177,1,1.99999999999996,0.0200000000000003,7.00000000000003,1,2,66,0.5
387,15361.075775,15360.047109,15360.317109,15361.073108,15369.738433,1,1.99999999999996,0.0200000000000003,7.00000000000003,1,2,66,0.5
388,15383.775752,15374.308428,15375.317094,NaN,15384.480418,NaN,NaN,0,7.00000000000003,1,2,66,0.5
389,15566.470236,15565.546237,15565.680237,15566.470236,15580.314222,1,NaN,0,5.99999999999996,2,1,65,0.5
390,15586.898882,15581.696221,15581.882221,15586.845549,15592.669543,1,1.99999999999996,0.0200000000000003,7.00000000000003,1,2,66,0.5
391,15597.318205,15595.63354,15596.02754,15597.315538,15601.475534,0,1.99999999999996,0.0200000000000003,5.99999999999996,2,1,65,0.5
392,15606.450196,15602.778866,15603.070866,15606.450196,15606.905529,0,NaN,0,7.00000000000003,1,2,66,0.5
393,15815.222654,15813.914655,15814.004655,15815.169321,15819.345983,1,1.99999999999996,0.0200000000000003,7.00000000000003,1,2,66,0.5
394,15827.461975,15825.557977,15825.78731,15827.408642,15831.045971,0,1.99999999999996,0.0200000000000003,5.99999999999996,2,1,65,0.5
395,15835.338634,15833.151303,15833.180636,15835.335967,15847.219289,1,1.99999999999996,0.0200000000000003,7.00000000000003,1,2,66,0.5
396,16154.172315,16152.760983,16152.906316,16154.172315,16183.712285,1,NaN,0,5.99999999999996,2,1,65,0.5
397,16188.248948,16186.355616,16186.51895,16188.195614,16264.088205,1,1.99999999999996,0.0200000000000003,7.00000000000003,1,2,66,0.5
398,16492.335977,16490.143312,16490.371979,16492.33331,16501.771301,1,1.99999999999996,0.0200000000000003,7.00000000000003,1,2,66,0.5
399,16504.493298,16503.173966,16503.612632,16504.493298,16563.437239,1,NaN,0,5.99999999999996,2,1,65,0.5
400,16566.27257,16564.619905,16564.755238,16566.27257,16576.701226,1,NaN,0,5.99999999999996,2,1,65,0.5
401,16580.335889,16579.263223,16579.530556,16580.335889,18093.599709,1,NaN,0,5.99999999999996,2,1,65,0.5
402,18096.789039,18094.954374,18095.271041,18096.789039,18106.802362,1,NaN,0,5.99999999999996,2,1,65,0.5
403,18120.434349,18107.811695,18108.259028,NaN,18908.378894,NaN,NaN,0,7.00000000000003,1,2,66,0.5
404,18910.930225,18909.386893,18909.655559,18910.930225,19106.926029,1,NaN,0,5.99999999999996,2,1,65,0.5
405,19131.503338,19130.150006,19130.366005,19131.450004,19142.83466,1,1.99999999999996,0.0200000000000003,7.00000000000003,1,2,66,0.5
406,19146.329989,19144.904658,19144.963991,19146.276656,19156.842646,1,1.99999999999996,0.0200000000000003,7.00000000000003,1,2,66,0.5
407,19162.461973,19159.707309,19159.993976,19162.409307,19171.123965,0,1.99999999999996,0.0200000000000003,5.99999999999996,2,1,65,0.5
408,19176.09196,19174.265295,19174.791961,19176.09196,19181.178621,1,NaN,0,5.99999999999996,2,1,65,0.5
409,19184.762618,19182.871953,19183.295952,19184.709284,19190.449279,0,1.99999999999996,0.0200000000000003,5.99999999999996,2,1,65,0.5
410,19194.509275,19193.266609,19193.370609,19194.455941,19200.739935,0,1.99999999999996,0.0200000000000003,5.99999999999996,2,1,65,0.5
411,19204.421931,19203.354599,19203.482599,19204.368598,19213.537922,0,1.99999999999996,0.0200000000000003,5.99999999999996,2,1,65,0.5
412,19218.856584,19214.819255,19215.187921,19218.856584,19250.921885,1,NaN,0,5.99999999999996,2,1,65,0.5
413,19264.234538,19262.677873,19262.769206,19264.231872,19272.56853,0,1.99999999999996,0.0200000000000003,5.99999999999996,2,1,65,0.5
414,19275.151861,19274.193195,19274.423861,19275.151861,19291.227178,0,NaN,0,7.00000000000003,1,2,66,0.5
415,19296.184506,19294.257842,19294.358508,19296.13184,19304.373831,0,1.99999999999996,0.0200000000000003,5.99999999999996,2,1,65,0.5
416,19307.397828,19306.08583,19306.21983,19307.395162,19311.193158,1,1.99999999999996,0.0200000000000003,7.00000000000003,1,2,66,0.5
417,19315.368487,19313.801155,19314.273822,19315.36582,19320.545815,0,1.99999999999996,0.0200000000000003,5.99999999999996,2,1,65,0.5
418,19323.209813,19321.851814,19321.961814,19323.209813,19342.56446,0,NaN,0,7.00000000000003,1,2,66,0.5
419,19347.124455,19345.98779,19346.284456,19347.071122,19355.51978,1,1.99999999999996,0.0200000000000003,7.00000000000003,1,2,66,0.5
420,19359.08311,19357.142445,19357.657111,19359.08311,19455.315014,0,NaN,0,7.00000000000003,1,2,66,0.5
421,19458.164344,19456.741679,19456.771679,19458.161678,19600.981535,0,1.99999999999996,0.0200000000000003,5.99999999999996,2,1,65,0.5
422,19605.35153,19603.635532,19604.071532,19605.35153,21482.623653,0,NaN,0,7.00000000000003,1,2,66,0.5
423,21486.23365,21483.956318,21484.116985,21486.180316,21487.551648,1,1.99999999999996,0.0200000000000003,7.00000000000003,1,2,66,0.5
424,22144.256325,22141.900994,22142.06766,22144.256325,22144.969658,1,NaN,0,5.99999999999996,2,1,65,0.5
425,22169.0443,22167.932301,22168.261634,NaN,22187.035615,NaN,NaN,0,7.00000000000003,1,2,66,0.5
426,22216.122253,22214.331588,22214.404921,22216.06892,22219.001583,0,1.99999999999996,0.0200000000000003,5.99999999999996,2,1,65,0.5
427,22264.728204,22263.778205,22263.990205,22264.674871,22271.668864,1,1.99999999999996,0.0200000000000003,7.00000000000003,1,2,66,0.5
428,22279.201523,22277.900858,22278.317524,22279.14819,22287.044849,1,1.99999999999996,0.0200000000000003,7.00000000000003,1,2,66,0.5
429,22303.806165,22291.183511,22291.228178,NaN,22806.585663,NaN,NaN,0,7.00000000000003,1,2,66,0.5
430,22817.122319,22816.148986,22816.20632,22817.068985,22832.19297,0,1.99999999999996,0.0200000000000003,5.99999999999996,2,1,65,0.5
431,22835.350967,22834.189635,22834.546968,22835.3483,22853.281616,0,1.99999999999996,0.0200000000000003,5.99999999999996,2,1,65,0.5
432,22855.558947,22854.590948,22854.864281,22855.505614,22858.934277,0,1.99999999999996,0.0200000000000003,5.99999999999996,2,1,65,0.5
433,22871.044931,22869.4736,22869.6096,22871.044931,22871.083598,0,NaN,0,7.00000000000003,1,2,66,0.5
434,22877.553592,22876.644926,22876.845592,22877.500258,22882.973586,1,1.99999999999996,0.0200000000000003,7.00000000000003,1,2,66,0.5
435,22918.96355,22918.022218,22918.220884,22918.910217,22922.496213,1,1.99999999999996,0.0200000000000003,7.00000000000003,1,2,66,0.5
436,22946.09219,22945.35419,22945.42419,22946.09219,22970.338165,1,NaN,0,5.99999999999996,2,1,65,0.5
437,22977.901491,22976.965492,22977.173492,22977.848158,23022.59678,1,1.99999999999996,0.0200000000000003,7.00000000000003,1,2,66,0.5
438,23027.840775,23026.175443,23026.571443,23027.787441,23031.232105,0,1.99999999999996,0.0200000000000003,5.99999999999996,2,1,65,0.5
439,23033.532769,23032.134104,23032.32077,23033.530102,23038.456097,0,1.99999999999996,0.0200000000000003,5.99999999999996,2,1,65,0.5
440,23043.256759,23042.06476,23042.243427,23043.256759,23067.300069,0,NaN,0,7.00000000000003,1,2,66,0.5
441,23071.010065,23069.774733,23070.094732,23070.956731,23075.310727,0,1.99999999999996,0.0200000000000003,5.99999999999996,2,1,65,0.5
442,23079.692056,23078.236058,23078.520724,23079.140723,NaN,0,NaN,0,5.99999999999996,2,1,65,0.5
443,23092.96671,23092.074044,23092.36671,23092.96671,23095.254707,1,NaN,0,5.99999999999996,2,1,65,0.5
444,23104.991364,23103.584699,23103.735365,23104.938031,23110.582025,0,1.99999999999996,0.0200000000000003,5.99999999999996,2,1,65,0.5
445,23117.409352,23113.389356,23113.754689,23117.406685,23127.515342,0,1.99999999999996,0.0200000000000003,5.99999999999996,2,1,65,0.5
446,23136.988665,23134.738668,23135.050667,23136.988665,23156.307313,0,NaN,0,7.00000000000003,1,2,66,0.5
447,23165.60397,23163.475306,23163.531972,23165.60397,23174.025295,1,NaN,0,5.99999999999996,2,1,65,0.5
448,23193.751942,23192.533943,23192.553943,23193.698609,23198.692604,0,1.99999999999996,0.0200000000000003,5.99999999999996,2,1,65,0.5
449,23212.56459,23202.379933,23202.6286,NaN,23223.459246,NaN,NaN,0,5.99999999999996,2,1,65,0.5
450,23225.861243,23224.197912,23224.489911,23225.861243,23226.23791,0,NaN,0,7.00000000000003,1,2,66,0.5
451,23254.814548,23253.237216,23253.352549,23254.761214,23260.361875,0,1.99999999999996,0.0200000000000003,5.99999999999996,2,1,65,0.5
452,23262.739207,23261.471208,23261.541208,23262.739207,23262.765206,0,NaN,0,7.00000000000003,1,2,66,0.5
453,23452.08235,23450.409019,23450.477019,23452.08235,23452.655683,0,NaN,0,7.00000000000003,1,2,66,0.5
454,23462.62434,23461.442341,23461.491008,23462.571007,23481.032321,1,1.99999999999996,0.0200000000000003,7.00000000000003,1,2,66,0.5
455,23485.810984,23485.061651,23485.096984,23485.75765,23717.626085,1,1.99999999999996,0.0200000000000003,7.00000000000003,1,2,66,0.5
456,23728.079408,23726.790742,23727.042075,23728.026074,23747.151389,1,1.99999999999996,0.0200000000000003,7.00000000000003,1,2,66,0.5
457,23753.493382,23751.932717,23752.014717,23753.490716,23756.128713,1,1.99999999999996,0.0200000000000003,7.00000000000003,1,2,66,0.5
458,23774.178695,23773.402029,23773.467362,23774.176028,23779.200023,1,1.99999999999996,0.0200000000000003,7.00000000000003,1,2,66,0.5
459,23787.369348,23786.156683,23786.429349,23787.366682,23821.055315,1,1.99999999999996,0.0200000000000003,7.00000000000003,1,2,66,0.5
460,23829.613973,23828.587974,23828.667307,23829.56064,23837.444632,0,1.99999999999996,0.0200000000000003,5.99999999999996,2,1,65,0.5
461,23867.615935,23866.903936,23866.967269,23867.615935,23872.318597,1,NaN,0,5.99999999999996,2,1,65,0.5
462,23875.988593,23875.271927,23875.406594,23875.988593,23876.18526,1,NaN,0,5.99999999999996,2,1,65,0.5
463,23889.784579,23888.428581,23888.555247,23889.731246,23894.807241,0,1.99999999999996,0.0200000000000003,5.99999999999996,2,1,65,0.5
464,23896.851239,23895.784573,23896.077906,23896.797906,23902.600567,1,1.99999999999996,0.0200000000000003,7.00000000000003,1,2,66,0.5
465,23910.301225,23908.995227,23909.029893,23910.301225,23914.614555,0,NaN,0,7.00000000000003,1,2,66,0.5
466,23917.837885,23916.697886,23916.938552,23917.784551,23923.279213,0,1.99999999999996,0.0200000000000003,5.99999999999996,2,1,65,0.5
467,23927.787875,23926.452543,23926.578543,23927.785208,23940.479862,0,1.99999999999996,0.0200000000000003,5.99999999999996,2,1,65,0.5
468,23947.129189,23945.74719,23945.968523,23947.129189,23993.660475,0,NaN,0,7.00000000000003,1,2,66,0.5
469,23999.961802,23999.021803,23999.08447,23999.959136,24019.657783,1,1.99999999999996,0.0200000000000003,7.00000000000003,1,2,66,0.5
470,24022.328447,24021.418448,24021.491114,24022.275114,24028.074441,1,1.99999999999996,0.0200000000000003,7.00000000000003,1,2,66,0.5
471,24031.009771,24029.898439,24030.134439,24030.956438,24037.678431,0,1.99999999999996,0.0200000000000003,5.99999999999996,2,1,65,0.5
472,24040.649762,24039.029097,24039.251764,24040.649762,24097.119705,0,NaN,0,7.00000000000003,1,2,66,0.5
473,24099.939036,24098.585704,24099.08237,24099.885703,24103.951032,0,1.99999999999996,0.0200000000000003,5.99999999999996,2,1,65,0.5
474,24110.623025,24109.755693,24109.830359,24110.569692,24116.48902,1,1.99999999999996,0.0200000000000003,7.00000000000003,1,2,66,0.5
475,24119.35435,24118.030351,24118.438351,24119.351683,24126.14901,0,1.99999999999996,0.0200000000000003,5.99999999999996,2,1,65,0.5
476,24129.425006,24128.394341,24128.75634,24129.371673,24140.210329,1,1.99999999999996,0.0200000000000003,7.00000000000003,1,2,66,0.5
477,24147.316322,24145.876323,24146.458989,24147.262989,24153.733649,1,1.99999999999996,0.0200000000000003,7.00000000000003,1,2,66,0.5
478,24170.295632,24169.175633,24169.364966,24170.242299,24175.240961,0,1.99999999999996,0.0200000000000003,5.99999999999996,2,1,65,0.5
479,24177.688958,24176.914959,24177.099625,24177.688958,24186.390283,1,NaN,0,5.99999999999996,2,1,65,0.5
480,24190.768278,24189.939613,24189.973612,24190.768278,24221.312914,1,NaN,0,5.99999999999996,2,1,65,0.5
481,24226.475576,24223.900912,24224.325578,24226.422243,24237.125565,1,1.99999999999996,0.0200000000000003,7.00000000000003,1,2,66,0.5
482,24240.932895,24239.642229,24240.065562,24240.879562,24248.044221,0,1.99999999999996,0.0200000000000003,5.99999999999996,2,1,65,0.5
483,24257.254879,24256.346213,24256.441546,24257.201545,24264.402871,1,1.99999999999996,0.0200000000000003,7.00000000000003,1,2,66,0.5
484,24267.255535,24266.14487,24266.424869,24267.202202,24275.481527,0,1.99999999999996,0.0200000000000003,5.99999999999996,2,1,65,0.5
485,24278.695524,24277.797525,24278.009524,24278.695524,24283.696852,1,NaN,0,5.99999999999996,2,1,65,0.5
486,24299.291503,24298.232838,24298.448171,24299.23817,24308.462161,1,1.99999999999996,0.0200000000000003,7.00000000000003,1,2,66,0.5
487,24312.122157,24311.003491,24311.269491,24312.11949,24331.400138,1,1.99999999999996,0.0200000000000003,7.00000000000003,1,2,66,0.5
488,24337.773465,24336.726132,24336.982799,24337.773465,24338.096131,1,NaN,0,5.99999999999996,2,1,65,0.5
489,24346.095456,24344.372791,24344.483458,24346.04279,24354.470781,0,1.99999999999996,0.0200000000000003,5.99999999999996,2,1,65,0.5
490,24356.898112,24355.501447,24355.760113,24356.844779,24367.135435,0,1.99999999999996,0.0200000000000003,5.99999999999996,2,1,65,0.5
491,24369.489433,24368.245434,24368.580101,24369.4361,24376.830759,0,1.99999999999996,0.0200000000000003,5.99999999999996,2,1,65,0.5
492,24382.164087,24381.016088,24381.302754,24382.110754,24747.079722,1,1.99999999999996,0.0200000000000003,7.00000000000003,1,2,66,0.5
493,24931.94887,24930.761538,24930.788872,24931.94887,24932.301537,1,NaN,0,5.99999999999996,2,1,65,0.5
494,24950.728852,24949.772853,24949.824186,24950.675518,24955.197514,1,1.99999999999996,0.0200000000000003,7.00000000000003,1,2,66,0.5
495,24963.010839,24961.367508,24961.724174,24962.957506,24965.93617,0,1.99999999999996,0.0200000000000003,5.99999999999996,2,1,65,0.5
496,24969.566166,24967.083502,24967.320168,24969.512833,24974.412161,1,1.99999999999996,0.0200000000000003,7.00000000000003,1,2,66,0.5
497,24983.340152,24982.293488,24982.601487,24983.286819,24986.918816,1,1.99999999999996,0.0200000000000003,7.00000000000003,1,2,66,0.5
498,24993.471476,24991.076811,24992.12281,24993.418142,24998.334137,0,1.99999999999996,0.0200000000000003,5.99999999999996,2,1,65,0.5
499,25000.930135,24999.915469,25000.155469,25000.930135,25001.403468,1,NaN,0,5.99999999999996,2,1,65,0.5
500,25011.939457,25011.048125,25011.183458,25011.939457,25012.47879,1,NaN,0,5.99999999999996,2,1,65,0.5
501,25065.204071,25055.573414,25055.73008,NaN,NaN,NaN,NaN,0,5.99999999999996,2,1,65,0.5
502,25077.609392,25076.740726,25076.880726,25077.609392,25081.799387,1,NaN,0,5.99999999999996,2,1,65,0.5
503,25100.725369,25099.831369,25099.996702,25100.722702,25107.126029,1,1.99999999999996,0.0200000000000003,7.00000000000003,1,2,66,0.5
504,25109.916693,25108.440027,25108.752027,25109.863359,25115.841353,0,1.99999999999996,0.0200000000000003,5.99999999999996,2,1,65,0.5
505,25118.306684,25117.308018,25117.585352,25118.306684,25118.80535,1,NaN,0,5.99999999999996,2,1,65,0.5
506,25128.042674,25127.057342,25127.337342,25127.989341,25132.86267,1,1.99999999999996,0.0200000000000003,7.00000000000003,1,2,66,0.5
507,25137.980664,25136.867332,25137.138665,25137.927331,25167.051302,1,1.99999999999996,0.0200000000000003,7.00000000000003,1,2,66,0.5
508,25175.743293,25173.528629,25173.772629,25175.68996,25200.419269,1,1.99999999999996,0.0200000000000003,7.00000000000003,1,2,66,0.5
509,25212.465257,25211.355258,25211.681257,25212.465257,25212.767923,1,NaN,0,5.99999999999996,2,1,65,0.5
510,25227.637908,25225.57391,25225.912577,25227.584575,25230.705238,0,1.99999999999996,0.0200000000000003,5.99999999999996,2,1,65,0.5
511,25237.495232,25236.669899,25236.727899,25237.495232,25237.664565,1,NaN,0,5.99999999999996,2,1,65,0.5
512,25248.893887,25245.562557,25245.757223,25248.840554,25254.061882,0,1.99999999999996,0.0200000000000003,5.99999999999996,2,1,65,0.5
513,25256.432546,25255.286547,25255.741213,25256.379213,25333.558469,1,1.99999999999996,0.0200000000000003,7.00000000000003,1,2,66,0.5
514,25337.011799,25335.580467,25335.973133,25337.009132,25340.031796,0,1.99999999999996,0.0200000000000003,5.99999999999996,2,1,65,0.5
515,25346.063123,25344.349791,25344.393791,25346.063123,25347.160455,0,NaN,0,7.00000000000003,1,2,66,0.5
516,25622.462847,25617.000185,25617.196185,25622.462847,25622.516847,0,NaN,0,7.00000000000003,1,2,66,0.5
517,25647.314822,25644.426825,25644.548825,25647.314822,25689.080113,1,NaN,0,5.99999999999996,2,1,65,0.5
518,25731.948071,25729.399406,25729.673406,25731.948071,25777.145359,0,NaN,0,7.00000000000003,1,2,66,0.5
519,25781.706021,25779.45869,25779.666023,25781.652687,25796.358673,1,1.99999999999996,0.0200000000000003,7.00000000000003,1,2,66,0.5
520,25815.891987,25811.620657,25812.00399,25815.838653,25819.259317,0,1.99999999999996,0.0200000000000003,5.99999999999996,2,1,65,0.5
521,25823.387979,25822.096647,25822.376647,25823.334646,25827.261309,0,1.99999999999996,0.0200000000000003,5.99999999999996,2,1,65,0.5
522,25829.727306,25828.633974,25828.92864,25829.724639,25834.693968,1,1.99999999999996,0.0200000000000003,7.00000000000003,1,2,66,0.5
523,25840.437295,25839.563296,25839.685296,25840.383962,25846.06729,1,1.99999999999996,0.0200000000000003,7.00000000000003,1,2,66,0.5
524,25861.167275,25858.921277,25859.171277,25861.113941,25866.089936,1,1.99999999999996,0.0200000000000003,7.00000000000003,1,2,66,0.5
525,25871.005265,25868.957267,25869.0846,25870.951932,25876.470593,0,1.99999999999996,0.0200000000000003,5.99999999999996,2,1,65,0.5
526,25880.338589,25879.317923,25879.617256,25880.285256,25885.777917,1,1.99999999999996,0.0200000000000003,7.00000000000003,1,2,66,0.5
527,25889.973912,25888.641247,25888.791247,25889.920579,25894.953908,0,1.99999999999996,0.0200000000000003,5.99999999999996,2,1,65,0.5
528,25899.693903,25898.72857,25899.017237,25899.640569,25907.893228,1,1.99999999999996,0.0200000000000003,7.00000000000003,1,2,66,0.5
529,25912.612556,25910.313892,25910.549225,25912.612556,25913.267223,0,NaN,0,7.00000000000003,1,2,66,0.5
530,25925.057211,25924.097878,25924.186545,25925.054544,25945.567857,1,1.99999999999996,0.0200000000000003,7.00000000000003,1,2,66,0.5
531,25955.776513,25952.430517,25953.025849,25955.773847,25960.825175,1,1.99999999999996,0.0200000000000003,7.00000000000003,1,2,66,0.5
532,25967.175169,25965.551837,25965.883837,25967.121835,25972.430497,0,1.99999999999996,0.0200000000000003,5.99999999999996,2,1,65,0.5
533,25977.097159,25975.764493,25976.182493,25977.043825,25983.373819,0,1.99999999999996,0.0200000000000003,5.99999999999996,2,1,65,0.5
534,25986.411149,25985.165151,25985.54115,25986.411149,25989.31648,1,NaN,0,5.99999999999996,2,1,65,0.5
535,26008.365127,26007.013795,26007.560462,26008.311794,26018.426451,1,1.99999999999996,0.0200000000000003,7.00000000000003,1,2,66,0.5
536,26021.115115,26019.193117,26019.449116,26021.061781,26027.437108,1,1.99999999999996,0.0200000000000003,7.00000000000003,1,2,66,0.5
537,26031.336438,26029.751106,26030.243772,26031.283105,26036.961766,0,1.99999999999996,0.0200000000000003,5.99999999999996,2,1,65,0.5
538,26040.591762,26039.181763,26039.449763,26040.538429,26047.204422,0,1.99999999999996,0.0200000000000003,5.99999999999996,2,1,65,0.5
539,26051.571084,26050.489752,26050.531085,26051.571084,26052.467083,0,NaN,0,7.00000000000003,1,2,66,0.5
540,26058.427078,26057.317745,26057.469745,26058.373744,26084.870384,1,1.99999999999996,0.0200000000000003,7.00000000000003,1,2,66,0.5
541,26094.011708,26092.945043,26093.141043,26093.958375,26098.66037,1,1.99999999999996,0.0200000000000003,7.00000000000003,1,2,66,0.5
542,26103.587032,26101.672367,26101.956367,26103.587032,26104.591031,0,NaN,0,7.00000000000003,1,2,66,0.5
543,26116.321686,26115.378354,26115.483687,26116.321686,26122.19968,1,NaN,0,5.99999999999996,2,1,65,0.5
544,26127.154342,26125.93501,26126.095676,26127.101009,26132.229004,1,1.99999999999996,0.0200000000000003,7.00000000000003,1,2,66,0.5
545,26149.692986,26145.428324,26145.47299,26149.692986,26149.982319,1,NaN,0,5.99999999999996,2,1,65,0.5
546,26159.302976,26157.784978,26157.898311,26159.249643,26162.318307,0,1.99999999999996,0.0200000000000003,5.99999999999996,2,1,65,0.5
547,26166.970969,26165.768303,26166.046303,26166.970969,26168.177634,0,NaN,0,7.00000000000003,1,2,66,0.5
548,26175.473627,26174.540295,26174.852294,26175.420294,26179.692956,1,1.99999999999996,0.0200000000000003,7.00000000000003,1,2,66,0.5
549,26183.270286,26182.302287,26182.57162,26183.216953,26405.403397,1,1.99999999999996,0.0200000000000003,7.00000000000003,1,2,66,0.5
550,26418.80205,26417.577385,26417.664718,26418.748717,26423.073379,1,1.99999999999996,0.0200000000000003,7.00000000000003,1,2,66,0.5
551,26442.410027,26441.378694,26441.629361,26442.410027,26446.390023,1,NaN,0,5.99999999999996,2,1,65,0.5
552,26471.670664,26470.094666,26470.322665,26471.617331,26475.163994,0,1.99999999999996,0.0200000000000003,5.99999999999996,2,1,65,0.5
553,26478.245324,26477.131992,26477.447992,26478.191991,26482.522653,1,1.99999999999996,0.0200000000000003,7.00000000000003,1,2,66,0.5
554,26485.581317,26484.153318,26484.544651,26485.527984,26488.666647,0,1.99999999999996,0.0200000000000003,5.99999999999996,2,1,65,0.5
555,26492.549977,26490.635312,26490.692645,26492.496643,26497.056639,0,1.99999999999996,0.0200000000000003,5.99999999999996,2,1,65,0.5
556,26500.657968,26498.756637,26499.062637,26500.657968,26506.752629,0,NaN,0,7.00000000000003,1,2,66,0.5
557,26510.057292,26508.249294,26508.520627,26510.054626,26514.339288,1,1.99999999999996,0.0200000000000003,7.00000000000003,1,2,66,0.5
558,26518.81995,26517.502618,26517.549285,26518.766617,26523.165946,0,1.99999999999996,0.0200000000000003,5.99999999999996,2,1,65,0.5
559,26526.348609,26524.385278,26524.581945,26526.348609,26526.481276,0,NaN,0,7.00000000000003,1,2,66,0.5
560,26535.563934,26534.503268,26534.554601,26535.563934,26535.807933,1,NaN,0,5.99999999999996,2,1,65,0.5
561,26560.947242,26559.826576,26559.863909,26560.947242,26561.579241,0,NaN,0,7.00000000000003,1,2,66,0.5
562,26568.576567,26567.106569,26567.205902,26568.523234,26572.585897,0,1.99999999999996,0.0200000000000003,5.99999999999996,2,1,65,0.5
563,26574.929228,26573.432562,26573.517896,26574.929228,26685.287784,0,NaN,0,7.00000000000003,1,2,66,0.5
564,26694.411108,26692.382443,26692.895776,26694.357775,26703.065099,0,1.99999999999996,0.0200000000000003,5.99999999999996,2,1,65,0.5
565,26709.365093,26708.487761,26708.638427,26709.362426,26713.364422,1,1.99999999999996,0.0200000000000003,7.00000000000003,1,2,66,0.5
566,26716.341087,26714.849754,26715.181754,26716.287753,26722.132414,1,1.99999999999996,0.0200000000000003,7.00000000000003,1,2,66,0.5
567,26726.719742,26725.995743,26726.04041,26726.717076,26731.757071,1,1.99999999999996,0.0200000000000003,7.00000000000003,1,2,66,0.5
568,26734.757068,26733.516402,26733.839735,26734.703734,26740.135729,1,1.99999999999996,0.0200000000000003,7.00000000000003,1,2,66,0.5
569,26744.819058,26742.37306,26742.519727,26744.765724,26754.103715,0,1.99999999999996,0.0200000000000003,5.99999999999996,2,1,65,0.5
570,26756.349713,26755.40838,26755.60438,26756.296379,26762.68704,1,1.99999999999996,0.0200000000000003,7.00000000000003,1,2,66,0.5
571,26767.128369,26765.637703,26766.157703,26767.075035,26770.999031,0,1.99999999999996,0.0200000000000003,5.99999999999996,2,1,65,0.5
572,26773.649029,26772.581698,26772.92703,26773.623695,26779.036357,1,1.99999999999996,0.0200000000000003,7.00000000000003,1,2,66,0.5
573,26782.858353,26781.392354,26781.813021,26782.80502,26789.522346,0,1.99999999999996,0.0200000000000003,5.99999999999996,2,1,65,0.5
574,26792.476343,26790.860345,26791.502344,26792.42301,26797.901006,0,1.99999999999996,0.0200000000000003,5.99999999999996,2,1,65,0.5
575,26800.983001,26799.987002,26800.174336,26800.929668,26806.610329,0,1.99999999999996,0.0200000000000003,5.99999999999996,2,1,65,0.5
576,26813.308989,26811.172991,26811.449658,26813.255656,27179.277957,1,1.99999999999996,0.0200000000000003,7.00000000000003,1,2,66,0.5
577,27187.067282,27185.730617,27186.221283,27187.067282,27187.208615,1,NaN,0,5.99999999999996,2,1,65,0.5
578,27204.285265,27202.8686,27203.000599,27204.285265,27209.731926,0,NaN,0,7.00000000000003,1,2,66,0.5
579,27213.951255,27212.189257,27212.405257,27213.897922,27217.361252,0,1.99999999999996,0.0200000000000003,5.99999999999996,2,1,65,0.5
580,27220.253916,27218.141918,27218.486584,27220.200582,27224.075245,0,1.99999999999996,0.0200000000000003,5.99999999999996,2,1,65,0.5
581,27229.031907,27226.559243,27226.973909,27228.978573,27232.18257,0,1.99999999999996,0.0200000000000003,5.99999999999996,2,1,65,0.5
582,27235.7819,27234.501901,27234.654568,27235.7819,27236.1679,0,NaN,0,7.00000000000003,1,2,66,0.5
583,27243.489892,27241.939894,27242.25456,27243.436559,27247.052555,0,1.99999999999996,0.0200000000000003,5.99999999999996,2,1,65,0.5
584,27249.513886,27248.284554,27248.589887,27249.460553,27252.679216,1,1.99999999999996,0.0200000000000003,7.00000000000003,1,2,66,0.5
585,27257.573212,27256.754546,27256.960546,27257.519878,27260.513209,1,1.99999999999996,0.0200000000000003,7.00000000000003,1,2,66,0.5
586,27327.684475,27325.003811,27325.257144,27327.133142,27363.522439,0,NaN,0,5.99999999999996,2,1,65,0.5
587,27372.201764,27371.148431,27371.446431,27372.199097,27380.867088,1,1.99999999999996,0.0200000000000003,7.00000000000003,1,2,66,0.5
588,27383.235086,27382.51442,27382.615087,27383.181753,27386.811082,1,1.99999999999996,0.0200000000000003,7.00000000000003,1,2,66,0.5
589,27391.019078,27389.838413,27390.099746,27390.965745,27394.330408,0,1.99999999999996,0.0200000000000003,5.99999999999996,2,1,65,0.5
590,27398.96107,27397.432405,27397.496405,27398.907737,27401.909067,0,1.99999999999996,0.0200000000000003,5.99999999999996,2,1,65,0.5
591,27404.121732,27403.162399,27403.396399,27404.068398,27407.805728,1,1.99999999999996,0.0200000000000003,7.00000000000003,1,2,66,0.5
592,27410.615059,27409.677726,27409.866393,27410.615059,27411.036391,1,NaN,0,5.99999999999996,2,1,65,0.5
593,27422.571047,27420.320382,27420.835048,27422.517713,27435.433034,0,1.99999999999996,0.0200000000000003,5.99999999999996,2,1,65,0.5
594,27437.939031,27436.266366,27436.309033,27437.885698,27508.78896,0,1.99999999999996,0.0200000000000003,5.99999999999996,2,1,65,0.5
595,27512.03429,27510.614292,27510.775625,27512.03429,27512.977623,1,NaN,0,5.99999999999996,2,1,65,0.5
596,27519.337616,27518.013618,27518.110284,27519.284283,27522.43228,0,1.99999999999996,0.0200000000000003,5.99999999999996,2,1,65,0.5
597,27526.082276,27525.056944,27525.189611,27526.07961,27531.114938,1,1.99999999999996,0.0200000000000003,7.00000000000003,1,2,66,0.5
598,27533.983602,27533.153603,27533.300269,27533.930269,27537.645598,1,1.99999999999996,0.0200000000000003,7.00000000000003,1,2,66,0.5
599,27541.093595,27539.732263,27539.969596,27541.040261,27545.90759,0,1.99999999999996,0.0200000000000003,5.99999999999996,2,1,65,0.5
600,27550.263586,27549.36892,27549.61092,27550.263586,27561.829574,1,NaN,0,5.99999999999996,2,1,65,0.5
601,27563.996905,27562.700906,27562.905573,27563.943572,27567.803568,0,1.99999999999996,0.0200000000000003,5.99999999999996,2,1,65,0.5
602,27570.877565,27569.235567,27569.2989,27570.877565,27587.052215,0,NaN,0,7.00000000000003,1,2,66,0.5
603,27592.671543,27591.388878,27591.710211,27592.61821,27597.776871,0,1.99999999999996,0.0200000000000003,5.99999999999996,2,1,65,0.5
604,27602.072867,27600.586869,27600.810868,27602.0702,27606.846196,0,1.99999999999996,0.0200000000000003,5.99999999999996,2,1,65,0.5
605,27609.410193,27608.252861,27608.457527,27609.35686,27613.074856,0,1.99999999999996,0.0200000000000003,5.99999999999996,2,1,65,0.5
606,27616.482186,27614.806188,27615.074854,27616.482186,27616.768186,0,NaN,0,7.00000000000003,1,2,66,0.5
607,27625.76551,27623.400846,27623.531512,27625.76551,27641.854827,0,NaN,0,7.00000000000003,1,2,66,0.5
608,27651.867484,27650.280152,27650.572819,27651.867484,27655.73348,0,NaN,0,7.00000000000003,1,2,66,0.5
609,27671.006798,27669.540133,27669.616133,27671.006798,27671.632131,0,NaN,0,7.00000000000003,1,2,66,0.5
610,27679.954789,27678.331457,27678.470791,27679.954789,27863.641272,0,NaN,0,7.00000000000003,1,2,66,0.5
611,27869.3966,27868.319267,27868.7166,27869.393933,27873.671262,1,1.99999999999996,0.0200000000000003,7.00000000000003,1,2,66,0.5
612,27879.175257,27878.047258,27878.087924,27879.175257,27879.25259,0,NaN,0,7.00000000000003,1,2,66,0.5
613,27887.749915,27886.753916,27887.025249,27887.696581,27892.642576,1,1.99999999999996,0.0200000000000003,7.00000000000003,1,2,66,0.5
614,27895.592574,27894.109242,27894.239908,27895.53924,27899.019237,0,1.99999999999996,0.0200000000000003,5.99999999999996,2,1,65,0.5
615,27904.440565,27903.490566,27903.711899,27904.387231,27909.22856,1,1.99999999999996,0.0200000000000003,7.00000000000003,1,2,66,0.5
616,28175.048961,28162.426307,28162.61164,NaN,NaN,NaN,NaN,0,5.99999999999996,2,1,65,0.5
617,28205.228264,28204.447598,28204.472265,28205.228264,28205.290264,1,NaN,0,5.99999999999996,2,1,65,0.5
618,28234.480901,28233.513569,28233.699569,28234.478235,28252.15155,1,1.99999999999996,0.0200000000000003,7.00000000000003,1,2,66,0.5
619,28262.05954,28260.859542,28260.912208,28262.006207,28264.996204,0,1.99999999999996,0.0200000000000003,5.99999999999996,2,1,65,0.5
620,28311.336824,28309.924159,28310.266159,28311.283491,28314.646154,0,1.99999999999996,0.0200000000000003,5.99999999999996,2,1,65,0.5
621,28317.313485,28316.237486,28316.306819,28317.260152,28320.697482,0,1.99999999999996,0.0200000000000003,5.99999999999996,2,1,65,0.5
622,28324.360811,28323.459479,28323.503479,28324.307478,28329.731473,0,1.99999999999996,0.0200000000000003,5.99999999999996,2,1,65,0.5
623,28334.340802,28333.274803,28333.497469,28334.340802,28334.619468,1,NaN,0,5.99999999999996,2,1,65,0.5
624,28343.800797,28342.946793,28343.061459,28343.798125,28350.940118,1,1.99999999999996,0.0200000000000003,7.00000000000003,1,2,66,0.5
625,28354.450781,28352.980116,28353.208783,28354.397448,28358.270111,0,1.99999999999996,0.0200000000000003,5.99999999999996,2,1,65,0.5
626,28360.358775,28359.194777,28359.470776,28360.305442,28364.434771,0,1.99999999999996,0.0200000000000003,5.99999999999996,2,1,65,0.5
627,28367.502768,28366.10877,28366.536103,28367.502768,28371.204765,0,NaN,0,7.00000000000003,1,2,66,0.5
628,28377.040092,28375.614094,28375.722093,28376.986759,28385.552084,0,1.99999999999996,0.0200000000000003,5.99999999999996,2,1,65,0.5
629,28387.340082,28386.355416,28386.569416,28387.286748,28391.359411,1,1.99999999999996,0.0200000000000003,7.00000000000003,1,2,66,0.5
630,28395.60274,28393.963408,28394.270078,28395.60274,28395.720073,0,NaN,0,7.00000000000003,1,2,66,0.5
631,28407.253395,28405.51473,28405.549397,28407.200062,28414.032055,0,1.99999999999996,0.0200000000000003,5.99999999999996,2,1,65,0.5
632,28415.94272,28414.818721,28415.042721,28415.940053,28419.961383,1,1.99999999999996,0.0200000000000003,7.00000000000003,1,2,66,0.5
633,28423.176713,28421.316714,28421.545381,28423.123379,28431.481371,0,1.99999999999996,0.0200000000000003,5.99999999999996,2,1,65,0.5
634,28433.852702,28433.012703,28433.094036,28433.850035,28437.951365,1,1.99999999999996,0.0200000000000003,7.00000000000003,1,2,66,0.5
635,28441.530694,28440.494029,28440.770695,28441.477361,28445.952023,1,1.99999999999996,0.0200000000000003,7.00000000000003,1,2,66,0.5
636,28449.905353,28448.907354,28449.165353,28449.852019,28456.952679,1,1.99999999999996,0.0200000000000003,7.00000000000003,1,2,66,0.5
637,28460.102676,28458.589344,28458.630677,28460.049342,28465.900003,0,1.99999999999996,0.0200000000000003,5.99999999999996,2,1,65,0.5
638,28468.312667,28466.984002,28467.272002,28468.259334,28472.157997,0,1.99999999999996,0.0200000000000003,5.99999999999996,2,1,65,0.5
639,28477.635992,28476.653326,28476.685326,28477.633325,28483.241986,1,1.99999999999996,0.0200000000000003,7.00000000000003,1,2,66,0.5
640,28486.147316,28484.497985,28484.714651,28486.093983,28490.657978,0,1.99999999999996,0.0200000000000003,5.99999999999996,2,1,65,0.5
641,28495.36864,28494.318641,28494.473975,28495.315307,28499.869969,1,1.99999999999996,0.0200000000000003,7.00000000000003,1,2,66,0.5
642,28506.861296,28504.442631,28504.684631,28506.861296,28510.720625,0,NaN,0,7.00000000000003,1,2,66,0.5
643,28515.286621,28514.363288,28514.569955,28515.233287,28519.864616,1,1.99999999999996,0.0200000000000003,7.00000000000003,1,2,66,0.5
644,28524.528611,28523.105946,28523.142613,28524.475278,28529.410606,1,1.99999999999996,0.0200000000000003,7.00000000000003,1,2,66,0.5
645,28534.503268,28533.045936,28533.215936,28534.449935,28538.485264,0,1.99999999999996,0.0200000000000003,5.99999999999996,2,1,65,0.5
646,28541.243928,28539.673929,28539.963929,28541.190595,28678.527791,0,1.99999999999996,0.0200000000000003,5.99999999999996,2,1,65,0.5
647,28688.452447,28681.054455,28681.420454,28688.449781,28721.324414,1,1.99999999999996,0.0200000000000003,7.00000000000003,1,2,66,0.5
648,28728.121074,28727.071075,28727.251742,28728.118408,28738.512397,1,1.99999999999996,0.0200000000000003,7.00000000000003,1,2,66,0.5
649,28752.102384,28751.194385,28751.315718,28752.099717,28755.577047,1,1.99999999999996,0.0200000000000003,7.00000000000003,1,2,66,0.5
650,28760.808375,28759.157043,28759.614376,28760.755042,28763.894372,0,1.99999999999996,0.0200000000000003,5.99999999999996,2,1,65,0.5
651,28767.504368,28766.302369,28766.580369,28767.451035,28772.755696,1,1.99999999999996,0.0200000000000003,7.00000000000003,1,2,66,0.5
652,28776.047026,28774.617694,28774.913028,28775.993693,28781.029688,0,1.99999999999996,0.0200000000000003,5.99999999999996,2,1,65,0.5
653,28783.468352,28782.578353,28782.747686,28783.468352,28783.999685,1,NaN,0,5.99999999999996,2,1,65,0.5
654,28799.159003,28796.617006,28796.785006,28799.10567,28802.543,1,1.99999999999996,0.0200000000000003,7.00000000000003,1,2,66,0.5
655,28808.220994,28807.129662,28807.238329,28808.167661,28811.674324,0,1.99999999999996,0.0200000000000003,5.99999999999996,2,1,65,0.5
656,28817.951656,28816.594986,28816.899652,28817.898318,28822.803646,0,1.99999999999996,0.0200000000000003,5.99999999999996,2,1,65,0.5
657,28844.458291,28843.366959,28843.581626,28844.458291,28845.022957,1,NaN,0,5.99999999999996,2,1,65,0.5
658,28855.85028,28854.824281,28855.037614,28855.847613,28860.217609,1,1.99999999999996,0.0200000000000003,7.00000000000003,1,2,66,0.5
659,28863.788272,28862.31294,28862.59094,28863.734939,28867.427602,0,1.99999999999996,0.0200000000000003,5.99999999999996,2,1,65,0.5
660,28869.946266,28868.554267,28868.7516,28869.892933,28873.953595,0,1.99999999999996,0.0200000000000003,5.99999999999996,2,1,65,0.5
661,28877.189592,28875.94226,28876.27026,28877.136259,28881.796921,0,1.99999999999996,0.0200000000000003,5.99999999999996,2,1,65,0.5
662,28884.236918,28883.125586,28883.306252,28884.183585,28889.880913,1,1.99999999999996,0.0200000000000003,7.00000000000003,1,2,66,0.5
663,28893.847575,28892.797577,28892.999576,28893.794242,28902.726233,1,1.99999999999996,0.0200000000000003,7.00000000000003,1,2,66,0.5
664,28906.21023,28904.294231,28904.504898,28906.156896,28913.431556,0,1.99999999999996,0.0200000000000003,5.99999999999996,2,1,65,0.5
665,28916.162886,28914.984887,28915.109554,28916.162886,28916.202886,0,NaN,0,7.00000000000003,1,2,66,0.5
666,28943.493526,28941.929527,28941.98886,28943.493526,28943.568192,0,NaN,0,7.00000000000003,1,2,66,0.5
667,28952.346183,28951.064185,28951.184185,28952.346183,28995.636807,0,NaN,0,7.00000000000003,1,2,66,0.5
668,29000.541469,28999.02947,28999.16747,29000.488135,29004.814798,0,1.99999999999996,0.0200000000000003,5.99999999999996,2,1,65,0.5
669,29011.128125,29010.186792,29010.370125,29011.128125,29274.300528,1,NaN,0,5.99999999999996,2,1,65,0.5
670,29293.879175,29291.467844,29293.183176,29293.825842,29308.609827,1,1.99999999999996,0.0200000000000003,7.00000000000003,1,2,66,0.5
671,29317.871151,29316.536486,29316.750486,29317.817818,29320.847148,0,1.99999999999996,0.0200000000000003,5.99999999999996,2,1,65,0.5
672,29322.763146,29321.851814,29322.095147,29322.709813,29325.88781,1,1.99999999999996,0.0200000000000003,7.00000000000003,1,2,66,0.5
673,29329.227807,29327.454475,29327.663141,29329.174473,29332.479803,1,1.99999999999996,0.0200000000000003,7.00000000000003,1,2,66,0.5
674,29385.824417,29385.103751,29385.197751,29385.824417,29386.435749,1,NaN,0,5.99999999999996,2,1,65,0.5
675,29396.202406,29394.978407,29395.096407,29396.202406,29419.326383,0,NaN,0,7.00000000000003,1,2,66,0.5
676,29423.372379,29422.053714,29422.269047,29423.372379,29432.169037,0,NaN,0,7.00000000000003,1,2,66,0.5
677,29434.514368,29433.679702,29433.893035,29434.461035,29437.597698,1,1.99999999999996,0.0200000000000003,7.00000000000003,1,2,66,0.5
678,29440.959028,29439.802363,29440.028362,29440.905695,29444.509025,0,1.99999999999996,0.0200000000000003,5.99999999999996,2,1,65,0.5
679,29450.718352,29449.851686,29450.008352,29450.713685,29458.395011,1,1.99999999999996,0.0200000000000003,7.00000000000003,1,2,66,0.5
680,29461.819674,29460.880342,29461.083008,29461.766341,29466.24967,1,1.99999999999996,0.0200000000000003,7.00000000000003,1,2,66,0.5
681,29470.598999,29468.253668,29468.710334,29470.545665,29480.134989,1,1.99999999999996,0.0200000000000003,7.00000000000003,1,2,66,0.5
682,29482.396987,29480.917655,29481.130321,29482.39432,29486.12965,0,1.99999999999996,0.0200000000000003,5.99999999999996,2,1,65,0.5
683,29488.317647,29487.151649,29487.627648,29488.317647,29491.259645,1,NaN,0,5.99999999999996,2,1,65,0.5
684,29495.410307,29494.243642,29494.530308,29495.356974,29500.824302,0,1.99999999999996,0.0200000000000003,5.99999999999996,2,1,65,0.5
685,29503.208966,29501.9743,29502.161634,29503.208966,29506.921629,0,NaN,0,7.00000000000003,1,2,66,0.5
686,29510.369625,29508.867627,29509.071627,29510.316292,29514.440955,1,1.99999999999996,0.0200000000000003,7.00000000000003,1,2,66,0.5
687,29526.27961,29525.062277,29525.358277,29526.27961,29528.512941,1,NaN,0,5.99999999999996,2,1,65,0.5
688,29547.685588,29535.062934,29535.3176,NaN,29572.67223,NaN,NaN,0,5.99999999999996,2,1,65,0.5
689,29581.570888,29579.886223,29579.928223,29581.568221,29584.961551,0,1.99999999999996,0.0200000000000003,5.99999999999996,2,1,65,0.5
690,29591.044878,29589.892879,29590.069546,29590.991545,29594.448875,1,1.99999999999996,0.0200000000000003,7.00000000000003,1,2,66,0.5
691,29598.312204,29596.531539,29596.571539,29598.309537,29602.8082,0,1.99999999999996,0.0200000000000003,5.99999999999996,2,1,65,0.5
692,29610.104859,29604.500865,29604.547531,29610.051526,29616.886852,1,1.99999999999996,0.0200000000000003,7.00000000000003,1,2,66,0.5
693,29619.37885,29618.399517,29618.545517,29619.325516,29622.612847,0,1.99999999999996,0.0200000000000003,5.99999999999996,2,1,65,0.5
694,29625.224844,29624.176845,29624.501511,29625.171511,29628.075508,1,1.99999999999996,0.0200000000000003,7.00000000000003,1,2,66,0.5
695,29631.995504,29631.069505,29631.205505,29631.942171,29636.340833,1,1.99999999999996,0.0200000000000003,7.00000000000003,1,2,66,0.5
696,29640.046829,29638.200164,29638.850164,29640.044162,29643.562826,0,1.99999999999996,0.0200000000000003,5.99999999999996,2,1,65,0.5
697,29646.01349,29645.031491,29645.259491,29646.01349,29879.441923,1,NaN,0,5.99999999999996,2,1,65,0.5
698,29900.311235,29899.277237,29899.56857,29900.257902,29903.381232,1,1.99999999999996,0.0200000000000003,7.00000000000003,1,2,66,0.5
699,29906.973229,29904.943898,29905.203231,29906.919896,29909.40456,0,1.99999999999996,0.0200000000000003,5.99999999999996,2,1,65,0.5
700,29913.737889,29910.852558,29911.075225,29913.684555,29917.681218,0,1.99999999999996,0.0200000000000003,5.99999999999996,2,1,65,0.5
701,29920.179216,29918.765884,29919.189883,29920.125882,29923.885212,0,1.99999999999996,0.0200000000000003,5.99999999999996,2,1,65,0.5
702,29926.558543,29925.525877,29925.724543,29926.555876,29931.105205,1,1.99999999999996,0.0200000000000003,7.00000000000003,1,2,66,0.5
703,29937.337865,29934.372535,29934.405201,29937.284532,29940.859195,1,1.99999999999996,0.0200000000000003,7.00000000000003,1,2,66,0.5
704,29944.308525,29942.591193,29942.848526,29944.255192,29947.529188,0,1.99999999999996,0.0200000000000003,5.99999999999996,2,1,65,0.5
705,29950.636518,29948.731854,29948.891854,29950.636518,29954.029182,0,NaN,0,7.00000000000003,1,2,66,0.5
706,29958.913844,29957.905178,29958.124511,29958.86051,29963.091839,1,1.99999999999996,0.0200000000000003,7.00000000000003,1,2,66,0.5
707,29979.301823,29966.679169,29966.926502,NaN,29986.874482,NaN,NaN,0,7.00000000000003,1,2,66,0.5
708,29999.970469,29999.037137,29999.263137,29999.917136,30003.158466,1,1.99999999999996,0.0200000000000003,7.00000000000003,1,2,66,0.5
709,30006.829796,30005.216464,30005.449797,30006.827129,30009.711793,0,1.99999999999996,0.0200000000000003,5.99999999999996,2,1,65,0.5
710,30011.892457,30010.799792,30011.089791,30011.839124,30016.036453,1,1.99999999999996,0.0200000000000003,7.00000000000003,1,2,66,0.5
711,30030.879105,30018.256451,30018.475117,NaN,NaN,NaN,NaN,0,7.00000000000003,1,2,66,0.5
712,30050.611085,30048.539754,30048.595754,30050.611085,30050.855752,0,NaN,0,7.00000000000003,1,2,66,0.5
713,30062.36774,30061.423741,30061.480408,30062.365073,30067.694402,1,1.99999999999996,0.0200000000000003,7.00000000000003,1,2,66,0.5
714,30072.731063,30069.6104,30069.928399,30072.731063,30072.847063,0,NaN,0,7.00000000000003,1,2,66,0.5
715,30344.848791,30342.160794,30342.316793,30344.795458,30508.250628,1,1.99999999999996,0.0200000000000003,7.00000000000003,1,2,66,0.5
716,30538.389931,30525.767277,30525.941943,NaN,NaN,NaN,NaN,0,7.00000000000003,1,2,66,0.5
717,30559.667243,30558.094578,30558.235244,30559.613909,30564.396571,1,1.99999999999996,0.0200000000000003,7.00000000000003,1,2,66,0.5
718,30570.811898,30569.1319,30569.387233,30570.809232,30572.547897,0,1.99999999999996,0.0200000000000003,5.99999999999996,2,1,65,0.5
719,30579.385223,30576.565226,30576.964559,30579.33189,30583.144553,0,1.99999999999996,0.0200000000000003,5.99999999999996,2,1,65,0.5
720,30589.462546,30588.119214,30588.249881,30589.462546,30596.009873,0,NaN,0,7.00000000000003,1,2,66,0.5
721,30599.309203,30597.569872,30597.994538,30599.25587,30603.223199,1,1.99999999999996,0.0200000000000003,7.00000000000003,1,2,66,0.5
722,30606.24653,30604.372531,30604.477865,30606.193196,30609.46586,0,1.99999999999996,0.0200000000000003,5.99999999999996,2,1,65,0.5
723,30611.635858,30610.536525,30610.704525,30611.582524,30615.58852,1,1.99999999999996,0.0200000000000003,7.00000000000003,1,2,66,0.5
724,30618.93585,30617.033185,30617.255852,30618.93585,30623.614512,0,NaN,0,7.00000000000003,1,2,66,0.5
725,30663.441139,30661.424474,30661.481141,30663.438472,30670.397132,1,1.99999999999996,0.0200000000000003,7.00000000000003,1,2,66,0.5
726,30673.334462,30671.323131,30671.567131,30673.281129,30678.037124,1,1.99999999999996,0.0200000000000003,7.00000000000003,1,2,66,0.5
727,30680.864455,30679.423123,30679.56379,30680.861788,30683.890452,0,1.99999999999996,0.0200000000000003,5.99999999999996,2,1,65,0.5
728,30686.243783,30685.175117,30685.427784,30686.241116,30690.692445,1,1.99999999999996,0.0200000000000003,7.00000000000003,1,2,66,0.5
729,30693.888442,30692.26711,30692.497777,30693.835109,30698.221104,0,1.99999999999996,0.0200000000000003,5.99999999999996,2,1,65,0.5
730,30700.614435,30699.59377,30699.865103,30700.561102,30705.265764,1,1.99999999999996,0.0200000000000003,7.00000000000003,1,2,66,0.5
731,30708.549094,30707.580428,30707.811761,30708.495761,30712.258424,1,1.99999999999996,0.0200000000000003,7.00000000000003,1,2,66,0.5
732,30718.80175,30717.267085,30717.601752,30718.748417,30722.640413,0,1.99999999999996,0.0200000000000003,5.99999999999996,2,1,65,0.5
733,30724.764411,30723.638412,30723.905079,30724.764411,30767.433702,1,NaN,0,5.99999999999996,2,1,65,0.5
734,30781.745021,30780.867688,30780.911022,30781.745021,30782.33702,1,NaN,0,5.99999999999996,2,1,65,0.5
735,30791.130345,30789.781013,30790.021679,30791.077011,30793.781675,0,1.99999999999996,0.0200000000000003,5.99999999999996,2,1,65,0.5
736,30796.159006,30794.751674,30795.025007,30796.15634,30799.741003,0,1.99999999999996,0.0200000000000003,5.99999999999996,2,1,65,0.5
737,30804.294998,30800.797002,30801.015001,30804.292332,30807.898328,0,1.99999999999996,0.0200000000000003,5.99999999999996,2,1,65,0.5
738,30812.463657,30811.338324,30811.634991,30812.410323,30816.17432,1,1.99999999999996,0.0200000000000003,7.00000000000003,1,2,66,0.5
739,30819.564983,30818.260984,30818.476317,30819.562316,30823.680312,0,1.99999999999996,0.0200000000000003,5.99999999999996,2,1,65,0.5
740,30829.964972,30826.854309,30827.063642,30829.911639,30833.650969,0,1.99999999999996,0.0200000000000003,5.99999999999996,2,1,65,0.5
741,30836.839632,30835.7603,30835.9043,30836.786299,30840.976961,0,1.99999999999996,0.0200000000000003,5.99999999999996,2,1,65,0.5
742,30845.754957,30844.330958,30844.458291,30845.754957,30850.371619,0,NaN,0,7.00000000000003,1,2,66,0.5
743,30854.894281,30851.854284,30852.047617,30854.840948,30858.620277,1,1.99999999999996,0.0200000000000003,7.00000000000003,1,2,66,0.5
744,30864.112938,30862.157607,30862.214274,30864.059605,30868.182934,0,1.99999999999996,0.0200000000000003,5.99999999999996,2,1,65,0.5
745,30870.493599,30869.608933,30869.678933,30870.440265,30874.458928,1,1.99999999999996,0.0200000000000003,7.00000000000003,1,2,66,0.5
746,30877.496258,30875.98226,30876.127593,30877.496258,30878.440257,0,NaN,0,7.00000000000003,1,2,66,0.5
747,30892.262244,30891.277578,30891.299578,30892.20891,31234.351901,1,1.99999999999996,0.0200000000000003,7.00000000000003,1,2,66,0.5
748,31250.705218,31247.867221,31248.061888,31250.651885,31253.625215,0,1.99999999999996,0.0200000000000003,5.99999999999996,2,1,65,0.5
749,31271.659197,31270.059866,31270.081199,31271.659197,31284.899184,0,NaN,0,7.00000000000003,1,2,66,0.5
750,31298.414504,31287.707181,31288.057181,NaN,31308.85116,NaN,NaN,0,7.00000000000003,1,2,66,0.5
751,31311.292491,31310.100492,31310.208492,31311.289824,31314.652488,0,1.99999999999996,0.0200000000000003,5.99999999999996,2,1,65,0.5
752,31318.69115,31316.423819,31316.489153,31318.637817,31321.525148,0,1.99999999999996,0.0200000000000003,5.99999999999996,2,1,65,0.5
753,31325.017811,31324.079145,31324.368478,31324.964477,31328.702474,1,1.99999999999996,0.0200000000000003,7.00000000000003,1,2,66,0.5
754,31332.009137,31330.291805,31330.497805,31331.955804,31336.127133,1,1.99999999999996,0.0200000000000003,7.00000000000003,1,2,66,0.5
755,31338.708464,31337.180465,31337.577132,31338.65513,31342.239127,0,1.99999999999996,0.0200000000000003,5.99999999999996,2,1,65,0.5
756,31344.402458,31343.349792,31343.631792,31344.349125,31348.497121,1,1.99999999999996,0.0200000000000003,7.00000000000003,1,2,66,0.5
757,31351.355118,31349.947119,31350.229786,31351.301784,31355.701113,0,1.99999999999996,0.0200000000000003,5.99999999999996,2,1,65,0.5
758,31359.714443,31356.973112,31357.359778,31359.661109,31363.617105,0,1.99999999999996,0.0200000000000003,5.99999999999996,2,1,65,0.5
759,31365.830437,31364.805771,31364.999104,31365.777103,31370.003099,0,1.99999999999996,0.0200000000000003,5.99999999999996,2,1,65,0.5
760,31372.873763,31371.724431,31372.057764,31372.873763,31373.092429,0,NaN,0,7.00000000000003,1,2,66,0.5
761,31423.504379,31422.501047,31422.76438,31423.451046,31426.457043,1,1.99999999999996,0.0200000000000003,7.00000000000003,1,2,66,0.5
762,31429.768373,31427.961708,31428.289041,31429.715039,31434.307035,1,1.99999999999996,0.0200000000000003,7.00000000000003,1,2,66,0.5
763,31452.159684,31451.309018,31451.543018,31452.10635,31456.543679,1,1.99999999999996,0.0200000000000003,7.00000000000003,1,2,66,0.5
764,31461.427008,31460.128342,31460.483009,31461.424341,31464.331005,0,1.99999999999996,0.0200000000000003,5.99999999999996,2,1,65,0.5
765,31466.570336,31465.526337,31465.88167,31466.567669,31471.028331,1,1.99999999999996,0.0200000000000003,7.00000000000003,1,2,66,0.5
766,31473.513662,31472.27433,31472.514997,31473.460329,31476.984992,0,1.99999999999996,0.0200000000000003,5.99999999999996,2,1,65,0.5
767,31479.065657,31478.192324,31478.276324,31479.012323,31483.223653,0,1.99999999999996,0.0200000000000003,5.99999999999996,2,1,65,0.5
768,31485.600317,31484.697651,31484.912984,31485.546984,31491.565644,1,1.99999999999996,0.0200000000000003,7.00000000000003,1,2,66,0.5
769,31493.971642,31492.643643,31492.900976,31493.968975,31498.021638,0,1.99999999999996,0.0200000000000003,5.99999999999996,2,1,65,0.5
770,31499.962302,31498.956303,31499.100303,31499.908969,31503.936299,1,1.99999999999996,0.0200000000000003,7.00000000000003,1,2,66,0.5
771,31509.12296,31508.212294,31508.285627,31509.120293,31514.480955,1,1.99999999999996,0.0200000000000003,7.00000000000003,1,2,66,0.5
772,31518.228951,31517.273618,31517.472285,31518.226284,31522.77628,1,1.99999999999996,0.0200000000000003,7.00000000000003,1,2,66,0.5
773,31525.830943,31524.212278,31524.430945,31525.828277,31529.724939,0,1.99999999999996,0.0200000000000003,5.99999999999996,2,1,65,0.5
774,31532.178937,31531.173605,31531.216938,31532.125604,31535.476267,0,1.99999999999996,0.0200000000000003,5.99999999999996,2,1,65,0.5
775,31538.650264,31537.586932,31537.902931,31538.647597,31542.763593,1,1.99999999999996,0.0200000000000003,7.00000000000003,1,2,66,0.5
776,31545.93759,31544.444258,31544.570258,31545.884257,31549.901586,0,1.99999999999996,0.0200000000000003,5.99999999999996,2,1,65,0.5
777,31552.23225,31551.025585,31551.192251,31552.23225,31949.805186,0,NaN,0,7.00000000000003,1,2,66,0.5
778,31961.339174,31960.075176,31960.513842,31961.336508,31964.422505,1,1.99999999999996,0.0200000000000003,7.00000000000003,1,2,66,0.5
779,31968.6485,31967.591168,31967.939835,31968.595167,31970.921165,0,1.99999999999996,0.0200000000000003,5.99999999999996,2,1,65,0.5
780,31974.070495,31973.109829,31973.487162,31974.017828,31977.212492,1,1.99999999999996,0.0200000000000003,7.00000000000003,1,2,66,0.5
781,31980.839822,31979.724489,31979.793823,31980.839822,31981.99782,1,NaN,0,5.99999999999996,2,1,65,0.5
782,32019.521783,32018.659784,32018.829117,32019.46845,32022.866446,1,1.99999999999996,0.0200000000000003,7.00000000000003,1,2,66,0.5
783,32068.689067,32067.741735,32067.965068,32068.635734,32071.804397,1,1.99999999999996,0.0200000000000003,7.00000000000003,1,2,66,0.5
784,32079.133723,32078.015058,32078.283058,32079.08039,32082.216387,0,1.99999999999996,0.0200000000000003,5.99999999999996,2,1,65,0.5
785,32088.717047,32087.664381,32087.750381,32088.663714,32109.587026,0,1.99999999999996,0.0200000000000003,5.99999999999996,2,1,65,0.5
786,32137.101665,32135.985,32136.190333,32137.048332,32142.074994,0,1.99999999999996,0.0200000000000003,5.99999999999996,2,1,65,0.5
787,32143.624992,32142.73766,32143.040993,32143.571659,32146.351656,1,1.99999999999996,0.0200000000000003,7.00000000000003,1,2,66,0.5
788,32149.11632,32147.561655,32147.635655,32149.113653,32152.108984,1,1.99999999999996,0.0200000000000003,7.00000000000003,1,2,66,0.5
789,32155.314314,32154.150982,32154.323648,32155.311647,32159.095643,0,1.99999999999996,0.0200000000000003,5.99999999999996,2,1,65,0.5
790,32161.776307,32160.857642,32161.062308,32161.773641,32186.769616,1,1.99999999999996,0.0200000000000003,7.00000000000003,1,2,66,0.5
791,32191.322944,32190.530945,32190.717612,32191.269611,32194.073608,1,1.99999999999996,0.0200000000000003,7.00000000000003,1,2,66,0.5
792,32198.369604,32197.035605,32197.518938,32198.369604,32205.74893,0,NaN,0,7.00000000000003,1,2,66,0.5
793,32207.768928,32206.593596,32206.861596,32207.715595,32210.467592,0,1.99999999999996,0.0200000000000003,5.99999999999996,2,1,65,0.5
794,32212.10759,32211.308258,32211.550258,32212.054257,32215.127587,1,1.99999999999996,0.0200000000000003,7.00000000000003,1,2,66,0.5
795,32217.798251,32216.565586,32216.770919,32217.783585,32220.621582,0,1.99999999999996,0.0200000000000003,5.99999999999996,2,1,65,0.5
796,32222.454247,32221.607581,32221.806247,32222.400913,32224.887578,1,1.99999999999996,0.0200000000000003,7.00000000000003,1,2,66,0.5
797,32230.540905,32229.467573,32229.744906,32230.487572,32233.577569,0,1.99999999999996,0.0200000000000003,5.99999999999996,2,1,65,0.5
798,32237.492898,32234.447568,32234.680901,32236.941566,32247.194889,0,NaN,0,5.99999999999996,2,1,65,0.5
799,32250.164219,32249.25622,32249.57822,32250.110886,32254.042215,1,1.99999999999996,0.0200000000000003,7.00000000000003,1,2,66,0.5
800,32256.189546,32255.361547,32255.421547,32256.136213,32259.720876,0,1.99999999999996,0.0200000000000003,5.99999999999996,2,1,65,0.5
801,32261.406874,32260.468875,32260.753542,32261.353541,32264.876204,1,1.99999999999996,0.0200000000000003,7.00000000000003,1,2,66,0.5
802,32269.010867,32266.105536,32266.301536,32268.957534,32272.74553,1,1.99999999999996,0.0200000000000003,7.00000000000003,1,2,66,0.5
803,32277.830191,32276.606193,32276.979525,32277.776858,32281.302854,0,1.99999999999996,0.0200000000000003,5.99999999999996,2,1,65,0.5
804,32283.128186,32282.14152,32282.504853,32283.128186,32288.83218,1,NaN,0,5.99999999999996,2,1,65,0.5
805,32293.124843,32292.404177,32292.52351,32293.124843,32293.142177,1,NaN,0,5.99999999999996,2,1,65,0.5
806,32307.438162,32305.092831,32305.120164,32307.438162,32325.68081,0,NaN,0,7.00000000000003,1,2,66,0.5
807,32332.09747,32331.035471,32331.260805,32332.094804,32335.049467,0,1.99999999999996,0.0200000000000003,5.99999999999996,2,1,65,0.5
808,32336.800799,32335.8708,32336.140133,32336.747466,32340.088129,1,1.99999999999996,0.0200000000000003,7.00000000000003,1,2,66,0.5
809,32342.056794,32340.923462,32341.100128,32342.00346,32345.150124,0,1.99999999999996,0.0200000000000003,5.99999999999996,2,1,65,0.5
810,32348.222788,32346.245456,32346.479456,32348.220121,32351.553451,0,1.99999999999996,0.0200000000000003,5.99999999999996,2,1,65,0.5
811,32354.042115,32353.005449,32353.218783,32353.988782,32357.516778,0,1.99999999999996,0.0200000000000003,5.99999999999996,2,1,65,0.5
812,32359.43811,32358.396777,32358.65211,32359.384776,32362.956773,0,1.99999999999996,0.0200000000000003,5.99999999999996,2,1,65,0.5
813,32368.893434,32367.926768,32368.234101,32368.8401,32416.608719,1,1.99999999999996,0.0200000000000003,7.00000000000003,1,2,66,0.5
814,32431.212705,32430.517372,32430.681372,32431.212705,32434.003368,1,NaN,0,5.99999999999996,2,1,65,0.5
815,32442.220027,32441.633361,32441.681361,32442.220027,32442.34136,1,NaN,0,5.99999999999996,2,1,65,0.5
816,32490.070646,32489.28398,32489.447313,32490.017312,32505.33863,1,1.99999999999996,0.0200000000000003,7.00000000000003,1,2,66,0.5
817,32833.477636,32832.762303,32832.900303,32833.477636,32839.60563,1,NaN,0,5.99999999999996,2,1,65,0.5
818,32877.125592,32876.144926,32876.546259,32877.072259,32880.266922,1,1.99999999999996,0.0200000000000003,7.00000000000003,1,2,66,0.5
819,32882.682253,32881.279588,32881.536921,32882.679586,32884.670251,0,1.99999999999996,0.0200000000000003,5.99999999999996,2,1,65,0.5
820,32898.726904,32886.10425,32886.203583,NaN,32958.948177,NaN,NaN,0,5.99999999999996,2,1,65,0.5
821,32967.065502,32965.97417,32966.444836,32967.065502,32987.494815,1,NaN,0,5.99999999999996,2,1,65,0.5
822,32988.762147,32988.072814,32988.135481,32988.708814,32991.764144,1,1.99999999999996,0.0200000000000003,7.00000000000003,1,2,66,0.5
823,32994.028142,32992.843476,32993.147476,32994.025475,32996.576139,0,1.99999999999996,0.0200000000000003,5.99999999999996,2,1,65,0.5
824,32998.62947,32997.421472,32997.763471,32998.576137,33002.311467,0,1.99999999999996,0.0200000000000003,5.99999999999996,2,1,65,0.5
825,33004.163465,33003.264799,33003.488799,33004.163465,33006.717462,1,NaN,0,5.99999999999996,2,1,65,0.5
826,33102.876033,33102.242034,33102.3207,33102.876033,33115.223354,1,NaN,0,5.99999999999996,2,1,65,0.5
827,33118.252687,33117.308018,33117.406685,33118.252687,33181.575954,0,NaN,0,7.00000000000003,1,2,66,0.5
828,33188.85728,33187.654615,33188.049281,33188.803947,33191.289278,0,1.99999999999996,0.0200000000000003,5.99999999999996,2,1,65,0.5
829,33193.134609,33192.33261,33192.51061,33193.081276,33197.578605,1,1.99999999999996,0.0200000000000003,7.00000000000003,1,2,66,0.5
830,33201.098601,33199.809936,33199.919936,33201.045268,33205.383264,0,1.99999999999996,0.0200000000000003,5.99999999999996,2,1,65,0.5
831,33208.856594,33208.088594,33208.354594,33208.856594,33211.019258,1,NaN,0,5.99999999999996,2,1,65,0.5
832,33217.059252,33215.76792,33216.333919,33217.005919,33220.648582,0,1.99999999999996,0.0200000000000003,5.99999999999996,2,1,65,0.5
833,33222.581247,33221.419248,33221.697247,33222.57858,33225.095911,0,1.99999999999996,0.0200000000000003,5.99999999999996,2,1,65,0.5
834,33227.815241,33226.937242,33227.143242,33227.761908,33231.892571,1,1.99999999999996,0.0200000000000003,7.00000000000003,1,2,66,0.5
835,33233.971235,33233.151236,33233.172569,33233.917902,33237.527232,0,1.99999999999996,0.0200000000000003,5.99999999999996,2,1,65,0.5
836,33239.853229,33239.11323,33239.295896,33239.853229,33240.440562,1,NaN,0,5.99999999999996,2,1,65,0.5
837,33250.493885,33249.47922,33249.570553,33250.440552,33255.993213,0,1.99999999999996,0.0200000000000003,5.99999999999996,2,1,65,0.5
838,33259.509876,33256.863879,33257.119212,33259.456543,33263.469872,0,1.99999999999996,0.0200000000000003,5.99999999999996,2,1,65,0.5
839,33265.417204,33264.435871,33264.827871,33265.36387,33331.735137,1,1.99999999999996,0.0200000000000003,7.00000000000003,1,2,66,0.5
840,33340.174462,33339.219797,33339.451796,33340.174462,33340.239796,1,NaN,0,5.99999999999996,2,1,65,0.5
841,33359.871109,33353.789782,33354.105782,33359.871109,33371.777764,1,NaN,0,5.99999999999996,2,1,65,0.5
842,33380.002422,33375.942426,33376.489093,33379.999756,33402.591067,1,1.99999999999996,0.0200000000000003,7.00000000000003,1,2,66,0.5
843,33407.179729,33406.23773,33406.452396,33407.177062,33409.274393,0,1.99999999999996,0.0200000000000003,5.99999999999996,2,1,65,0.5
844,33415.668387,33414.889054,33415.155054,33415.668387,33435.104367,1,NaN,0,5.99999999999996,2,1,65,0.5
845,33437.427032,33436.183033,33436.439033,33437.373698,33439.783029,0,1.99999999999996,0.0200000000000003,5.99999999999996,2,1,65,0.5
846,33445.117691,33443.874359,33444.088358,33445.117691,33445.29369,1,NaN,0,5.99999999999996,2,1,65,0.5
847,33500.230969,33499.142303,33499.308303,33500.228302,33503.814965,1,1.99999999999996,0.0200000000000003,7.00000000000003,1,2,66,0.5
848,33511.830291,33511.026291,33511.307624,33511.776957,33628.079508,1,1.99999999999996,0.0200000000000003,7.00000000000003,1,2,66,0.5
849,33650.270819,33649.36682,33649.577486,33650.217486,33676.915459,0,1.99999999999996,0.0200000000000003,5.99999999999996,2,1,65,0.5
850,33691.166778,33690.502779,33690.655445,33691.166778,33744.108058,1,NaN,0,5.99999999999996,2,1,65,0.5
851,33749.032053,33747.982721,33748.285388,33748.97872,33756.953379,0,1.99999999999996,0.0200000000000003,5.99999999999996,2,1,65,0.5
852,33761.669374,33760.542042,33760.898708,33761.666707,33765.370704,0,1.99999999999996,0.0200000000000003,5.99999999999996,2,1,65,0.5
853,33769.079367,33768.184701,33768.446034,33769.0767,33771.772031,1,1.99999999999996,0.0200000000000003,7.00000000000003,1,2,66,0.5
854,33786.731349,33784.504685,33784.552018,33786.731349,33787.094015,1,NaN,0,5.99999999999996,2,1,65,0.5
855,33800.849335,33800.120669,33800.312669,33800.849335,33806.841329,1,NaN,0,5.99999999999996,2,1,65,0.5
856,33900.316569,33891.768577,33892.13791,NaN,NaN,NaN,NaN,0,7.00000000000003,1,2,66,0.5
857,33972.506497,33971.674497,33972.01783,33972.503831,34021.985114,1,1.99999999999996,0.0200000000000003,7.00000000000003,1,2,66,0.5
858,34023.831779,34022.547113,34022.630446,34023.829112,34028.859774,1,1.99999999999996,0.0200000000000003,7.00000000000003,1,2,66,0.5
859,34039.289763,34038.511764,34038.729764,34039.23643,34042.838426,1,1.99999999999996,0.0200000000000003,7.00000000000003,1,2,66,0.5
860,34045.928423,34044.694424,34044.935758,34045.87509,34048.104421,0,1.99999999999996,0.0200000000000003,5.99999999999996,2,1,65,0.5
861,34051.659084,34050.839752,34051.047751,34051.659084,34052.03175,1,NaN,0,5.99999999999996,2,1,65,0.5
862,34085.617717,34084.757718,34084.970384,34085.56505,34088.693047,1,1.99999999999996,0.0200000000000003,7.00000000000003,1,2,66,0.5
863,34091.158378,34090.313712,34090.501045,34091.155711,34094.499041,1,1.99999999999996,0.0200000000000003,7.00000000000003,1,2,66,0.5
864,34096.497706,34095.65304,34095.731707,34096.444373,34099.658369,1,1.99999999999996,0.0200000000000003,7.00000000000003,1,2,66,0.5
865,34102.286367,34100.888368,34101.029035,34102.233034,34105.612363,0,1.99999999999996,0.0200000000000003,5.99999999999996,2,1,65,0.5
866,34112.34569,34111.593024,34111.801024,34112.34569,34118.518351,1,NaN,0,5.99999999999996,2,1,65,0.5
867,34126.165677,34125.124344,34125.287677,34126.112343,34128.96234,0,1.99999999999996,0.0200000000000003,5.99999999999996,2,1,65,0.5
868,34335.076801,34334.058802,34334.189468,34335.023467,34338.80813,1,1.99999999999996,0.0200000000000003,7.00000000000003,1,2,66,0.5
869,34353.382116,34352.358783,34352.518783,34353.379449,34356.217446,1,1.99999999999996,0.0200000000000003,7.00000000000003,1,2,66,0.5
870,34366.980769,34365.64477,34365.854103,34366.978102,34369.015433,0,1.99999999999996,0.0200000000000003,5.99999999999996,2,1,65,0.5
871,34375.736093,34374.568095,34374.680094,34375.733427,34379.701423,0,1.99999999999996,0.0200000000000003,5.99999999999996,2,1,65,0.5
872,34382.38342,34381.486754,34381.730754,34382.330087,34386.048083,1,1.99999999999996,0.0200000000000003,7.00000000000003,1,2,66,0.5
873,34393.736742,34392.828743,34393.032076,34393.736742,34394.087408,1,NaN,0,5.99999999999996,2,1,65,0.5
874,34419.966716,34418.584717,34418.942051,34419.966716,34420.028716,0,NaN,0,7.00000000000003,1,2,66,0.5
875,34468.317334,34466.721336,34467.027335,34468.264001,34609.895859,0,1.99999999999996,0.0200000000000003,5.99999999999996,2,1,65,0.5
876,34615.171854,34613.398522,34614.512521,34615.118521,34954.502181,1,1.99999999999996,0.0200000000000003,7.00000000000003,1,2,66,0.5
877,34972.731496,34960.108843,34960.370842,NaN,34989.55348,NaN,NaN,0,5.99999999999996,2,1,65,0.5
878,34999.23347,34998.169471,34998.480804,34999.230803,35015.879453,1,1.99999999999996,0.0200000000000003,7.00000000000003,1,2,66,0.5
879,35026.352776,35024.604779,35024.770111,35026.299443,35028.191441,0,1.99999999999996,0.0200000000000003,5.99999999999996,2,1,65,0.5
880,35035.487434,35033.839435,35034.066768,35035.4341,35038.371431,0,1.99999999999996,0.0200000000000003,5.99999999999996,2,1,65,0.5
881,35046.018756,35045.078091,35045.326757,35045.965423,35050.916752,0,1.99999999999996,0.0200000000000003,5.99999999999996,2,1,65,0.5
882,35052.80475,35051.772751,35052.043417,35052.751416,35056.491413,0,1.99999999999996,0.0200000000000003,5.99999999999996,2,1,65,0.5
883,35058.556077,35057.458745,35057.824078,35058.556077,35058.628744,1,NaN,0,5.99999999999996,2,1,65,0.5
884,35066.657402,35065.653403,35066.006737,35066.657402,35066.710069,1,NaN,0,5.99999999999996,2,1,65,0.5
885,35075.116727,35073.562062,35073.757395,35075.063394,35078.123391,0,1.99999999999996,0.0200000000000003,5.99999999999996,2,1,65,0.5
886,35080.382722,35079.29739,35079.376723,35080.380055,35083.428052,0,1.99999999999996,0.0200000000000003,5.99999999999996,2,1,65,0.5
887,35086.255383,35085.172051,35085.270051,35086.255383,35097.407372,0,NaN,0,7.00000000000003,1,2,66,0.5
888,35104.862698,35103.906699,35104.186032,35104.809364,35108.63336,1,1.99999999999996,0.0200000000000003,7.00000000000003,1,2,66,0.5
889,35111.030025,35109.735359,35109.974026,35111.027358,35113.984688,0,1.99999999999996,0.0200000000000003,5.99999999999996,2,1,65,0.5
890,35117.420685,35116.472686,35116.741352,35117.367352,35121.436681,1,1.99999999999996,0.0200000000000003,7.00000000000003,1,2,66,0.5
891,35123.977345,35122.986679,35123.260679,35123.924012,35128.038674,1,1.99999999999996,0.0200000000000003,7.00000000000003,1,2,66,0.5
892,35130.634672,35129.26134,35129.53334,35130.581339,35134.719334,0,1.99999999999996,0.0200000000000003,5.99999999999996,2,1,65,0.5
893,35139.413996,35136.725332,35136.963332,35139.360663,35142.287327,0,1.99999999999996,0.0200000000000003,5.99999999999996,2,1,65,0.5
894,35144.223325,35143.151326,35143.383992,35144.169992,35150.017986,0,1.99999999999996,0.0200000000000003,5.99999999999996,2,1,65,0.5
895,35151.773984,35150.798652,35151.066651,35151.720651,35155.134647,1,1.99999999999996,0.0200000000000003,7.00000000000003,1,2,66,0.5
896,35157.618645,35156.516646,35156.696646,35157.618645,35165.215971,0,NaN,0,7.00000000000003,1,2,66,0.5
897,35174.018628,35173.073296,35173.330629,35173.965295,35177.988624,1,1.99999999999996,0.0200000000000003,7.00000000000003,1,2,66,0.5
898,35180.340622,35178.990623,35179.371956,35180.287289,35183.807952,0,1.99999999999996,0.0200000000000003,5.99999999999996,2,1,65,0.5
899,35187.699948,35184.903951,35185.161284,35187.646615,35192.960609,0,1.99999999999996,0.0200000000000003,5.99999999999996,2,1,65,0.5
900,35194.930608,35193.854609,35194.106608,35194.877274,35198.494604,0,1.99999999999996,0.0200000000000003,5.99999999999996,2,1,65,0.5
901,35203.015933,35202.087267,35202.121934,35203.015933,35209.871926,0,NaN,0,7.00000000000003,1,2,66,0.5
902,35216.25592,35214.068588,35214.183255,35216.202586,35219.790583,0,1.99999999999996,0.0200000000000003,5.99999999999996,2,1,65,0.5
903,35223.679245,35222.521913,35222.897913,35223.625912,35226.766576,1,1.99999999999996,0.0200000000000003,7.00000000000003,1,2,66,0.5
904,35229.791239,35228.104574,35228.187908,35229.737906,35233.477902,0,1.99999999999996,0.0200000000000003,5.99999999999996,2,1,65,0.5
905,35235.439234,35234.485235,35234.730568,35235.3859,35239.934563,1,1.99999999999996,0.0200000000000003,7.00000000000003,1,2,66,0.5
906,35242.879893,35241.175228,35241.330561,35242.877226,35246.273224,0,1.99999999999996,0.0200000000000003,5.99999999999996,2,1,65,0.5
907,35250.719885,35248.167221,35248.219221,35250.666552,35278.611191,0,1.99999999999996,0.0200000000000003,5.99999999999996,2,1,65,0.5
908,35284.838518,35282.963186,35283.342519,35284.838518,35284.878518,0,NaN,0,7.00000000000003,1,2,66,0.5
909,35295.842507,35294.765174,35294.955841,35295.789173,35301.123835,0,1.99999999999996,0.0200000000000003,5.99999999999996,2,1,65,0.5
910,35303.110499,35301.859834,35302.065834,35303.110499,35303.705165,0,NaN,0,7.00000000000003,1,2,66,0.5
911,35328.001141,35326.725809,35326.936476,35327.947808,35332.72447,0,1.99999999999996,0.0200000000000003,5.99999999999996,2,1,65,0.5
912,35335.217134,35333.745802,35333.830469,35335.217134,35335.372467,1,NaN,0,5.99999999999996,2,1,65,0.5
913,35481.411654,35480.350989,35480.596989,35481.358321,35510.996291,1,1.99999999999996,0.0200000000000003,7.00000000000003,1,2,66,0.5
914,35513.067623,35511.802291,35512.136957,35513.014289,35515.88562,0,1.99999999999996,0.0200000000000003,5.99999999999996,2,1,65,0.5
915,35520.850282,35519.912283,35520.160282,35520.796948,35523.872279,1,1.99999999999996,0.0200000000000003,7.00000000000003,1,2,66,0.5
916,35526.793609,35525.692943,35525.882943,35526.740276,35532.263604,0,1.99999999999996,0.0200000000000003,5.99999999999996,2,1,65,0.5
917,35534.490935,35533.410269,35533.503602,35534.488268,35537.314932,0,1.99999999999996,0.0200000000000003,5.99999999999996,2,1,65,0.5
918,35540.028929,35539.04493,35539.421596,35540.028929,35760.426042,1,NaN,0,5.99999999999996,2,1,65,0.5
919,35837.213965,35836.379299,35836.457966,35837.160632,35838.647964,1,1.99999999999996,0.0200000000000003,7.00000000000003,1,2,66,0.5
920,35848.150621,35847.116622,35847.193289,35848.097288,35850.003286,0,1.99999999999996,0.0200000000000003,5.99999999999996,2,1,65,0.5
921,35853.464616,35851.485284,35851.709951,35853.411282,35903.487899,0,1.99999999999996,0.0200000000000003,5.99999999999996,2,1,65,0.5
922,35904.956564,35904.077232,35904.255232,35904.903231,35906.775229,1,1.99999999999996,0.0200000000000003,7.00000000000003,1,2,66,0.5
923,35908.633227,35907.558562,35907.796561,35908.579894,35911.455891,0,1.99999999999996,0.0200000000000003,5.99999999999996,2,1,65,0.5
924,35913.801222,35912.87789,35913.155223,35913.747889,35917.665218,1,1.99999999999996,0.0200000000000003,7.00000000000003,1,2,66,0.5
925,35920.18055,35919.151217,35919.289216,35920.127216,35924.931211,0,1.99999999999996,0.0200000000000003,5.99999999999996,2,1,65,0.5
926,35927.117209,35926.02921,35926.306543,35927.064545,35935.162534,1,1.99999999999996,0.0200000000000003,7.00000000000003,1,2,66,0.5
927,35937.180532,35936.176533,35936.413866,35937.180532,35941.035861,1,NaN,0,5.99999999999996,2,1,65,0.5
928,35945.399857,35942.645193,35942.913193,35945.346524,35948.527854,0,1.99999999999996,0.0200000000000003,5.99999999999996,2,1,65,0.5
929,35952.28185,35950.133186,35950.325852,35952.279183,35969.129833,0,1.99999999999996,0.0200000000000003,5.99999999999996,2,1,65,0.5
930,35983.135153,35970.512499,35970.670498,NaN,NaN,NaN,NaN,0,5.99999999999996,2,1,65,0.5
931,36069.177733,36056.555079,36056.616412,NaN,36214.853588,NaN,NaN,0,5.99999999999996,2,1,65,0.5
932,36224.348245,36223.303579,36223.724245,36224.295578,36228.108908,1,1.99999999999996,0.0200000000000003,7.00000000000003,1,2,66,0.5
933,36231.105571,36229.892906,36230.066906,36231.052238,36233.496902,0,1.99999999999996,0.0200000000000003,5.99999999999996,2,1,65,0.5
934,36235.611567,36234.469568,36234.748234,36235.611567,36555.099914,1,NaN,0,5.99999999999996,2,1,65,0.5
935,36560.699908,36559.47791,36559.783909,36560.697242,36815.171654,0,1.99999999999996,0.0200000000000003,5.99999999999996,2,1,65,0.5
936,36830.502972,36827.744308,36828.189641,36830.502972,36830.584972,0,NaN,0,7.00000000000003,1,2,66,0.5
937,36841.582294,36838.373631,36838.658297,36841.528961,36845.285624,0,1.99999999999996,0.0200000000000003,5.99999999999996,2,1,65,0.5
938,36964.210172,36963.057506,36963.252839,36964.207505,36969.442166,0,1.99999999999996,0.0200000000000003,5.99999999999996,2,1,65,0.5
939,36978.548157,36976.822826,36977.248825,36978.548157,36985.894817,0,NaN,0,7.00000000000003,1,2,66,0.5
940,36997.713471,36995.852807,36996.099473,36997.660138,37001.140135,0,1.99999999999996,0.0200000000000003,5.99999999999996,2,1,65,0.5
941,37003.040133,37002.063467,37002.3488,37002.986799,37005.782797,1,1.99999999999996,0.0200000000000003,7.00000000000003,1,2,66,0.5
942,37008.603461,37006.986795,37007.322128,37008.603461,37008.844127,0,NaN,0,7.00000000000003,1,2,66,0.5
943,37021.260781,37019.430783,37019.710783,37021.258115,37023.996112,0,1.99999999999996,0.0200000000000003,5.99999999999996,2,1,65,0.5
944,37027.178109,37025.094111,37025.398777,37027.175442,37082.227387,0,1.99999999999996,0.0200000000000003,5.99999999999996,2,1,65,0.5
945,37166.746636,37165.580637,37165.633303,37166.693302,37191.007278,1,1.99999999999996,0.0200000000000003,7.00000000000003,1,2,66,0.5
946,37213.863922,37212.625923,37212.75859,37213.863922,37214.136588,0,NaN,0,7.00000000000003,1,2,66,0.5
947,37246.641889,37245.233891,37245.300557,37246.588556,37248.561887,0,1.99999999999996,0.0200000000000003,5.99999999999996,2,1,65,0.5
948,37250.487219,37249.47122,37249.814553,37250.433885,39393.433076,1,1.99999999999996,0.0200000000000003,7.00000000000003,1,2,66,0.5
949,39399.915069,39398.891737,39399.17507,39399.861736,39401.197735,1,1.99999999999996,0.0200000000000003,7.00000000000003,1,2,66,0.5
950,39546.401589,39533.778935,39534.073602,NaN,39619.33685,NaN,NaN,0,7.00000000000003,1,2,66,0.5
951,39622.477513,39620.926848,39621.205515,39622.474847,39623.974178,0,1.99999999999996,0.0200000000000003,5.99999999999996,2,1,65,0.5
952,39629.632839,39628.75084,39628.94284,39629.579506,39631.478171,1,1.99999999999996,0.0200000000000003,7.00000000000003,1,2,66,0.5
953,39639.317496,39637.818831,39638.172164,39639.264163,39642.015494,0,1.99999999999996,0.0200000000000003,5.99999999999996,2,1,65,0.5
954,39665.206804,39664.042138,39664.065472,39665.206804,39665.29547,1,NaN,0,5.99999999999996,2,1,65,0.5
955,39675.452127,39673.482796,39673.612129,39675.44946,39678.971457,0,1.99999999999996,0.0200000000000003,5.99999999999996,2,1,65,0.5
956,39681.558788,39680.545455,39680.863455,39681.505454,39686.09145,1,1.99999999999996,0.0200000000000003,7.00000000000003,1,2,66,0.5
957,39702.845433,39701.787434,39702.029434,39702.7921,39706.002763,0,1.99999999999996,0.0200000000000003,5.99999999999996,2,1,65,0.5
958,39711.133425,39709.818093,39710.078759,39711.080091,39716.659419,0,1.99999999999996,0.0200000000000003,5.99999999999996,2,1,65,0.5
959,39720.413415,39719.173417,39719.572083,39720.360082,39723.852079,0,1.99999999999996,0.0200000000000003,5.99999999999996,2,1,65,0.5
960,39726.324076,39725.204077,39725.586744,39726.270743,39730.132739,1,1.99999999999996,0.0200000000000003,7.00000000000003,1,2,66,0.5
961,39733.059403,39732.231404,39732.383403,39733.006069,39737.093399,1,1.99999999999996,0.0200000000000003,7.00000000000003,1,2,66,0.5
962,39742.295393,39740.705395,39740.738728,39742.24206,39746.620722,1,1.99999999999996,0.0200000000000003,7.00000000000003,1,2,66,0.5
963,39751.479384,39749.758053,39749.842719,39751.476718,39756.180713,0,1.99999999999996,0.0200000000000003,5.99999999999996,2,1,65,0.5
964,39764.698704,39764.034705,39764.096705,39764.698704,39769.213367,1,NaN,0,5.99999999999996,2,1,65,0.5
965,39773.892029,39772.781363,39772.952696,39773.838695,39776.477359,0,1.99999999999996,0.0200000000000003,5.99999999999996,2,1,65,0.5
966,39779.644689,39778.662024,39778.887357,39779.644689,39789.47268,0,NaN,0,7.00000000000003,1,2,66,0.5
967,39803.149999,39790.527345,39790.664012,NaN,NaN,NaN,NaN,0,7.00000000000003,1,2,66,0.5
968,39818.74265,39817.845985,39818.007318,39818.74265,39824.405311,0,NaN,0,7.00000000000003,1,2,66,0.5
969,39840.006629,39827.383975,39827.811975,NaN,NaN,NaN,NaN,0,7.00000000000003,1,2,66,0.5
970,39868.437267,39866.578603,39866.908602,39868.437267,39887.553248,0,NaN,0,7.00000000000003,1,2,66,0.5
971,40197.484938,40196.480939,40196.842274,40197.431605,40201.151601,1,1.99999999999996,0.0200000000000003,7.00000000000003,1,2,66,0.5
972,40204.422265,40203.662932,40203.778932,40204.368931,40209.48626,1,1.99999999999996,0.0200000000000003,7.00000000000003,1,2,66,0.5
973,40214.874921,40213.243589,40213.678922,40214.874921,40215.028254,0,NaN,0,7.00000000000003,1,2,66,0.5
974,40228.226908,40225.931577,40226.14691,40228.173574,40233.193569,1,1.99999999999996,0.0200000000000003,7.00000000000003,1,2,66,0.5
975,40290.792178,40289.826179,40290.013512,40290.738845,40294.243508,1,1.99999999999996,0.0200000000000003,7.00000000000003,1,2,66,0.5
976,40298.266171,40296.22684,40296.432173,40298.212838,40302.580833,0,1.99999999999996,0.0200000000000003,5.99999999999996,2,1,65,0.5
977,40305.482164,40303.985498,40304.131498,40305.42883,40311.069491,1,1.99999999999996,0.0200000000000003,7.00000000000003,1,2,66,0.5
978,40315.69082,40314.713488,40314.816154,40315.637487,40323.805479,1,1.99999999999996,0.0200000000000003,7.00000000000003,1,2,66,0.5
979,40327.863475,40326.142143,40326.510143,40327.810141,40332.586803,0,1.99999999999996,0.0200000000000003,5.99999999999996,2,1,65,0.5
980,40336.388133,40335.022134,40335.258801,40336.334799,40340.902795,0,1.99999999999996,0.0200000000000003,5.99999999999996,2,1,65,0.5
981,40344.085458,40342.314127,40342.544127,40344.032125,40350.118119,0,1.99999999999996,0.0200000000000003,5.99999999999996,2,1,65,0.5
982,40355.792113,40354.266115,40354.398781,40355.792113,40362.19544,0,NaN,0,7.00000000000003,1,2,66,0.5
983,40365.276104,40364.189438,40364.472105,40365.222771,40395.192741,1,1.99999999999996,0.0200000000000003,7.00000000000003,1,2,66,0.5
984,40397.535405,40396.105406,40396.371406,40397.482072,40400.222736,0,1.99999999999996,0.0200000000000003,5.99999999999996,2,1,65,0.5
985,40406.328063,40403.799399,40404.223398,40406.27473,40410.656058,0,1.99999999999996,0.0200000000000003,5.99999999999996,2,1,65,0.5
986,40413.446722,40412.410057,40412.68739,40413.446722,40416.731386,0,NaN,0,7.00000000000003,1,2,66,0.5
987,40573.593896,40560.971241,40561.216575,NaN,NaN,NaN,NaN,0,7.00000000000003,1,2,66,0.5
988,40581.070555,40579.916556,40580.186556,40581.067888,40585.039884,1,1.99999999999996,0.0200000000000003,7.00000000000003,1,2,66,0.5
989,40590.930545,40588.80988,40588.94788,40590.877212,40594.087875,1,1.99999999999996,0.0200000000000003,7.00000000000003,1,2,66,0.5
990,40597.531872,40595.659207,40596.04054,40597.478538,40601.549201,1,1.99999999999996,0.0200000000000003,7.00000000000003,1,2,66,0.5
991,40609.338526,40607.683861,40607.797861,40609.285193,40613.433856,1,1.99999999999996,0.0200000000000003,7.00000000000003,1,2,66,0.5
992,40616.539186,40615.157854,40615.397854,40616.485853,40620.117182,0,1.99999999999996,0.0200000000000003,5.99999999999996,2,1,65,0.5
993,40629.003173,40627.813175,40627.912508,40628.94984,40633.189836,0,1.99999999999996,0.0200000000000003,5.99999999999996,2,1,65,0.5
994,40637.739831,40636.771832,40637.067832,40637.686498,40970.438165,1,1.99999999999996,0.0200000000000003,7.00000000000003,1,2,66,0.5
995,40973.372829,40971.767497,40972.13083,40973.319496,40975.896827,0,1.99999999999996,0.0200000000000003,5.99999999999996,2,1,65,0.5
996,40979.120823,40977.836825,40977.906158,40979.06749,40983.440152,0,1.99999999999996,0.0200000000000003,5.99999999999996,2,1,65,0.5
997,40985.953483,40985.043484,40985.172817,40985.953483,40986.043483,1,NaN,0,5.99999999999996,2,1,65,0.5
998,41002.466133,41001.368134,41001.554134,41002.466133,41011.354791,0,NaN,0,7.00000000000003,1,2,66,0.5
999,41018.326117,41016.881452,41017.042119,41018.272784,41021.767447,0,1.99999999999996,0.0200000000000003,5.99999999999996,2,1,65,0.5
1000,41023.845445,41022.721446,41022.82678,41023.845445,41024.795444,0,NaN,0,7.00000000000003,1,2,66,0.5
1001,41030.767438,41029.664773,41029.784106,41030.767438,41345.977123,1,NaN,0,5.99999999999996,2,1,65,0.5
1002,41360.081109,41347.458455,41347.500455,NaN,NaN,NaN,NaN,0,5.99999999999996,2,1,65,0.5
1003,41453.953682,41452.27035,41452.323683,41453.953682,41494.089642,1,NaN,0,5.99999999999996,2,1,65,0.5
1004,41498.365637,41497.608971,41497.724305,41498.365637,41498.642304,1,NaN,0,5.99999999999996,2,1,65,0.5
1005,41742.519393,41741.032061,41741.266062,41742.516727,41746.244056,0,1.99999999999996,0.0200000000000003,5.99999999999996,2,1,65,0.5
1006,41749.964053,41748.64072,41748.764054,41749.961386,41753.142049,0,1.99999999999996,0.0200000000000003,5.99999999999996,2,1,65,0.5
1007,41756.824712,41754.304048,41754.454715,41756.771379,41760.744708,0,1.99999999999996,0.0200000000000003,5.99999999999996,2,1,65,0.5
1008,41763.172706,41761.913374,41762.383373,41763.119373,41768.014034,1,1.99999999999996,0.0200000000000003,7.00000000000003,1,2,66,0.5
1009,41774.196695,41772.764696,41773.072696,41774.143362,41778.728024,1,1.99999999999996,0.0200000000000003,7.00000000000003,1,2,66,0.5
1010,41795.742007,41794.990674,41795.028674,41795.742007,41796.072006,1,NaN,0,5.99999999999996,2,1,65,0.5
1011,41806.505996,41805.362664,41805.463997,41806.505996,41807.073329,0,NaN,0,7.00000000000003,1,2,66,0.5
1012,41841.501961,41840.651962,41840.704628,41841.501961,41844.104625,1,NaN,0,5.99999999999996,2,1,65,0.5
1013,41850.341952,41849.131953,41849.177954,41850.288619,41853.801949,0,1.99999999999996,0.0200000000000003,5.99999999999996,2,1,65,0.5
1014,41857.152612,41855.894613,41856.25928,41857.099279,41860.745275,0,1.99999999999996,0.0200000000000003,5.99999999999996,2,1,65,0.5
1015,41863.127273,41861.855941,41862.208608,41863.073939,41868.733934,0,1.99999999999996,0.0200000000000003,5.99999999999996,2,1,65,0.5
1016,41872.24793,41870.374599,41870.465265,41872.194597,41877.835925,1,1.99999999999996,0.0200000000000003,7.00000000000003,1,2,66,0.5
1017,41881.111921,41879.35459,41879.721923,41881.058588,41886.448583,1,1.99999999999996,0.0200000000000003,7.00000000000003,1,2,66,0.5
1018,41890.413912,41889.41258,41889.56658,41890.413912,41897.153239,1,NaN,0,5.99999999999996,2,1,65,0.5
1019,41900.900568,41899.755903,41899.913236,41900.847236,41906.014563,1,1.99999999999996,0.0200000000000003,7.00000000000003,1,2,66,0.5
1020,42770.427032,42768.742367,42769.4397,42770.427032,42779.921023,1,NaN,0,5.99999999999996,2,1,65,0.5
1021,42784.376351,42781.436354,42783.438352,42784.323018,42804.312998,1,1.99999999999996,0.0200000000000003,7.00000000000003,1,2,66,0.5
1022,42826.348309,42813.725655,42814.062988,NaN,42863.102939,NaN,NaN,0,7.00000000000003,1,2,66,0.5
1023,42936.345533,42935.449534,42935.6702,42936.292199,42939.882863,1,1.99999999999996,0.0200000000000003,7.00000000000003,1,2,66,0.5
1024,42943.482192,42942.15286,42942.497527,42943.479526,42950.411519,0,1.99999999999996,0.0200000000000003,5.99999999999996,2,1,65,0.5
1025,42997.865471,42996.427473,42996.753472,42997.812138,43000.293469,0,1.99999999999996,0.0200000000000003,5.99999999999996,2,1,65,0.5
1026,43009.094127,43006.349463,43006.672796,43009.040793,43012.31879,0,1.99999999999996,0.0200000000000003,5.99999999999996,2,1,65,0.5
1027,43045.343424,43044.277425,43044.498758,43045.29009,43052.311417,1,1.99999999999996,0.0200000000000003,7.00000000000003,1,2,66,0.5
1028,43056.343413,43055.254747,43055.521414,43056.290079,43059.198743,0,1.99999999999996,0.0200000000000003,5.99999999999996,2,1,65,0.5
1029,43076.765392,43075.372727,43075.480727,43076.712059,43079.05139,0,1.99999999999996,0.0200000000000003,5.99999999999996,2,1,65,0.5
1030,43103.476699,43102.438033,43102.4667,43103.474032,43112.411357,0,1.99999999999996,0.0200000000000003,5.99999999999996,2,1,65,0.5
1031,43114.704021,43113.428689,43113.747355,43114.704021,43150.194652,0,NaN,0,7.00000000000003,1,2,66,0.5
1032,43153.237316,43152.347983,43152.687316,43153.183983,43157.529978,1,1.99999999999996,0.0200000000000003,7.00000000000003,1,2,66,0.5
1033,43160.428642,43159.51731,43159.763309,43160.375309,43166.295303,1,1.99999999999996,0.0200000000000003,7.00000000000003,1,2,66,0.5
1034,43171.633297,43170.623298,43170.749965,43171.579964,43176.624626,0,1.99999999999996,0.0200000000000003,5.99999999999996,2,1,65,0.5
1035,43183.026619,43182.161287,43182.34462,43182.973286,43186.215283,1,1.99999999999996,0.0200000000000003,7.00000000000003,1,2,66,0.5
1036,43193.867275,43191.637277,43192.06461,43193.813942,43203.187266,0,1.99999999999996,0.0200000000000003,5.99999999999996,2,1,65,0.5
1037,43204.913931,43203.780599,43204.102598,43204.860598,43207.933261,0,1.99999999999996,0.0200000000000003,5.99999999999996,2,1,65,0.5
1038,43211.248591,43210.332592,43210.603258,43211.195258,43215.47792,1,1.99999999999996,0.0200000000000003,7.00000000000003,1,2,66,0.5
1039,43218.86725,43217.615251,43218.151251,43218.813917,43223.545912,0,1.99999999999996,0.0200000000000003,5.99999999999996,2,1,65,0.5
1040,43225.773243,43224.791911,43225.018577,43225.770577,43230.482572,1,1.99999999999996,0.0200000000000003,7.00000000000003,1,2,66,0.5
1041,43234.867901,43233.620569,43233.820569,43234.867901,43235.576567,0,NaN,0,7.00000000000003,1,2,66,0.5
1042,43251.617884,43249.269886,43249.637219,43251.564551,43254.635214,1,1.99999999999996,0.0200000000000003,7.00000000000003,1,2,66,0.5
1043,43259.20721,43257.862545,43258.225878,43259.204543,43262.019874,0,1.99999999999996,0.0200000000000003,5.99999999999996,2,1,65,0.5
1044,43345.014457,43344.245792,43344.400458,NaN,43345.835123,NaN,NaN,0,7.00000000000003,1,2,66,0.5
1045,43357.909111,43355.052447,43355.43978,43357.855778,43359.782443,0,1.99999999999996,0.0200000000000003,5.99999999999996,2,1,65,0.5
1046,43364.809104,43363.528439,43363.732439,43364.806438,43369.009767,0,1.99999999999996,0.0200000000000003,5.99999999999996,2,1,65,0.5
1047,43372.395763,43371.583098,43371.768431,43372.34243,43376.546426,1,1.99999999999996,0.0200000000000003,7.00000000000003,1,2,66,0.5
1048,43378.580424,43377.483758,43377.729758,43378.580424,43378.620424,0,NaN,0,7.00000000000003,1,2,66,0.5
1049,43397.923738,43397.107072,43397.417738,43397.870405,43403.244399,1,1.99999999999996,0.0200000000000003,7.00000000000003,1,2,66,0.5
1050,43405.46573,43404.257732,43404.462398,43405.412397,43408.996393,0,1.99999999999996,0.0200000000000003,5.99999999999996,2,1,65,0.5
1051,43411.302391,43410.435059,43410.661725,43411.249058,43414.001055,1,1.99999999999996,0.0200000000000003,7.00000000000003,1,2,66,0.5
1052,43416.509053,43414.926388,43415.119721,43416.509053,43424.985044,0,NaN,0,7.00000000000003,1,2,66,0.5
1053,43427.879708,43427.143709,43427.237709,43427.826375,43431.116371,1,1.99999999999996,0.0200000000000003,7.00000000000003,1,2,66,0.5
1054,43433.923702,43433.079036,43433.153703,43433.921035,43437.137699,0,1.99999999999996,0.0200000000000003,5.99999999999996,2,1,65,0.5
1055,43438.994363,43438.089698,43438.333031,43438.94103,43442.343693,1,1.99999999999996,0.0200000000000003,7.00000000000003,1,2,66,0.5
1056,43588.654214,43587.556882,43587.853548,43588.600881,43592.097544,1,1.99999999999996,0.0200000000000003,7.00000000000003,1,2,66,0.5
1057,43599.237537,43597.672871,43598.360204,43599.23487,43603.281532,1,1.99999999999996,0.0200000000000003,7.00000000000003,1,2,66,0.5
1058,43614.641521,43613.410189,43613.605522,43614.588188,43617.594185,0,1.99999999999996,0.0200000000000003,5.99999999999996,2,1,65,0.5
1059,43620.290849,43619.414183,43619.642183,43620.237516,43623.498846,1,1.99999999999996,0.0200000000000003,7.00000000000003,1,2,66,0.5
1060,43627.435508,43625.708843,43625.81551,43627.432842,43630.35884,0,1.99999999999996,0.0200000000000003,5.99999999999996,2,1,65,0.5
1061,43633.578169,43632.622836,43632.753503,43633.578169,43673.584129,1,NaN,0,5.99999999999996,2,1,65,0.5
1062,43675.676793,43674.762794,43674.901461,43675.62346,43680.602122,1,1.99999999999996,0.0200000000000003,7.00000000000003,1,2,66,0.5
1063,43682.980786,43681.722121,43681.892121,43682.927458,43686.426116,0,1.99999999999996,0.0200000000000003,5.99999999999996,2,1,65,0.5
1064,43688.308114,43687.381448,43687.596782,43688.254781,43691.204111,1,1.99999999999996,0.0200000000000003,7.00000000000003,1,2,66,0.5
1065,43695.126774,43693.753442,43693.950775,43695.124107,43699.400103,0,1.99999999999996,0.0200000000000003,5.99999999999996,2,1,65,0.5
1066,43701.376768,43700.418769,43700.632768,43701.323434,43705.820763,1,1.99999999999996,0.0200000000000003,7.00000000000003,1,2,66,0.5
1067,43708.277427,43707.032095,43707.326762,43708.224094,43712.590757,0,1.99999999999996,0.0200000000000003,5.99999999999996,2,1,65,0.5
1068,43715.080087,43713.682755,43714.072755,43715.026754,43720.339415,0,1.99999999999996,0.0200000000000003,5.99999999999996,2,1,65,0.5
1069,43722.758746,43721.730747,43721.933414,43722.705413,43727.503408,1,1.99999999999996,0.0200000000000003,7.00000000000003,1,2,66,0.5
1070,43730.214739,43728.81474,43728.958741,43730.212072,43735.2834,0,1.99999999999996,0.0200000000000003,5.99999999999996,2,1,65,0.5
1071,43737.641398,43736.408733,43736.486733,43737.588065,43742.110727,0,1.99999999999996,0.0200000000000003,5.99999999999996,2,1,65,0.5
1072,43744.698058,43743.256726,43743.306059,43744.698058,43751.278051,0,NaN,0,7.00000000000003,1,2,66,0.5
1073,43753.937382,43752.900716,43753.160716,43753.884049,43758.867377,1,1.99999999999996,0.0200000000000003,7.00000000000003,1,2,66,0.5
1074,43763.866039,43760.894042,43761.188708,43763.812705,43767.882035,1,1.99999999999996,0.0200000000000003,7.00000000000003,1,2,66,0.5
1075,43773.177363,43771.148031,43771.215365,43773.177363,43778.936024,1,NaN,0,5.99999999999996,2,1,65,0.5
1076,44261.397541,44260.309542,44260.487542,44261.394874,44264.387538,1,1.99999999999996,0.0200000000000003,7.00000000000003,1,2,66,0.5
1077,44266.854869,44265.95887,44266.017536,44266.854869,44268.101534,1,NaN,0,5.99999999999996,2,1,65,0.5
1078,44274.314195,44273.199529,44273.251529,44274.314195,44277.746191,1,NaN,0,5.99999999999996,2,1,65,0.5
1079,44288.297514,44286.662182,44286.856849,44288.297514,44288.426181,0,NaN,0,7.00000000000003,1,2,66,0.5
1080,44302.444167,44301.516834,44301.754167,44302.444167,46742.836393,1,NaN,0,5.99999999999996,2,1,65,0.5
1081,46744.770391,46743.929059,46744.024392,46744.717058,46992.228144,1,1.99999999999996,0.0200000000000003,7.00000000000003,1,2,66,0.5
1082,47003.384799,47002.0608,47002.333467,47003.331466,47005.078131,0,1.99999999999996,0.0200000000000003,5.99999999999996,2,1,65,0.5
1083,47042.43076,47040.815428,47041.002095,47042.377427,47045.605423,0,1.99999999999996,0.0200000000000003,5.99999999999996,2,1,65,0.5
1084,47062.344073,47061.307408,47061.517408,47062.344073,47062.60474,0,NaN,0,7.00000000000003,1,2,66,0.5
1085,47098.142038,47097.228039,47097.518705,47098.139371,47099.932703,1,1.99999999999996,0.0200000000000003,7.00000000000003,1,2,66,0.5
1086,47103.786032,47100.640035,47100.848702,47103.732699,47108.214028,0,1.99999999999996,0.0200000000000003,5.99999999999996,2,1,65,0.5
1087,47112.052691,47110.664025,47110.893358,47112.052691,47116.674686,0,NaN,0,7.00000000000003,1,2,66,0.5
1088,47127.174009,47125.978676,47126.365343,47127.171342,47131.710671,0,1.99999999999996,0.0200000000000003,5.99999999999996,2,1,65,0.5
1089,47134.933334,47133.988668,47134.300668,47134.880001,47147.747321,1,1.99999999999996,0.0200000000000003,7.00000000000003,1,2,66,0.5
1090,47150.556652,47148.596654,47148.854654,47150.556652,47155.85798,0,NaN,0,7.00000000000003,1,2,66,0.5
1091,47157.783311,47156.575979,47156.801312,47157.729978,47165.910637,0,1.99999999999996,0.0200000000000003,5.99999999999996,2,1,65,0.5
1092,47168.198634,47166.918636,47167.315302,47168.195968,47173.421296,1,1.99999999999996,0.0200000000000003,7.00000000000003,1,2,66,0.5
1093,47177.496625,47175.969293,47176.210626,47177.496625,47184.394618,0,NaN,0,7.00000000000003,1,2,66,0.5
1094,47187.715948,47185.127284,47185.855283,47187.713281,47192.37861,1,1.99999999999996,0.0200000000000003,7.00000000000003,1,2,66,0.5
1095,47197.598605,47196.557939,47196.633272,47197.598605,47522.270947,1,NaN,0,5.99999999999996,2,1,65,0.5
1096,47532.377603,47531.007605,47531.190938,47532.377603,NaN,0,NaN,0,7.00000000000003,1,2,66,0.5
