trial,outcome,center_in,center_out,side_in,last_side_out,actions,reward,trial_types,odors,port_side,schedule,odor_name,odor_dur
1,225.393735,224.192735,224.662735,225.393735,234.380235,0,NaN,0,7.00000000000003,1,2,66,0.5
2,241.596235,235.156735,235.501735,241.543235,248.813235,0,2.99999999999994,0.0299999999999997,5.99999999999996,2,1,65,0.5
3,250.055235,249.309735,249.479735,250.055235,289.739735,0,NaN,0,7.00000000000003,1,2,66,0.5
4,291.528735,290.504735,290.961235,291.476235,303.799735,1,2.99999999999994,0.0299999999999997,7.00000000000003,1,2,66,0.5
5,305.039735,304.316235,304.586735,305.039735,313.925735,0,NaN,0,7.00000000000003,1,2,66,0.5
6,315.006235,314.323735,314.441735,314.953735,317.606735,1,2.99999999999994,0.0299999999999997,7.00000000000003,1,2,66,0.5
7,320.696235,319.767735,320.075235,320.684235,322.799235,0,2.99999999999994,0.0299999999999997,5.99999999999996,2,1,65,0.5
8,325.712235,325.199235,325.265735,325.659735,327.515235,1,2.99999999999994,0.0299999999999997,7.00000000000003,1,2,66,0.5
9,329.683235,328.972235,329.219735,329.630735,337.557235,0,2.99999999999994,0.0299999999999997,5.99999999999996,2,1,65,0.5
10,339.303735,338.698235,338.856235,339.303735,361.985735,0,NaN,0,7.00000000000003,1,2,66,0.5
11,363.273235,362.481235,362.777235,363.220235,367.571235,1,2.99999999999994,0.0299999999999997,7.00000000000003,1,2,66,0.5
12,368.691735,368.073735,368.242235,368.691735,385.485735,0,NaN,0,7.00000000000003,1,2,66,0.5
13,386.572735,385.920235,386.166735,386.572735,396.576235,1,NaN,0,5.99999999999996,2,1,65,0.5
14,398.076235,397.358735,397.630735,398.076235,447.413235,1,NaN,0,5.99999999999996,2,1,65,0.5
15,452.659235,451.243735,451.658735,452.659235,457.619735,0,NaN,0,7.00000000000003,1,2,66,0.5
16,459.281735,458.538235,458.753735,459.228235,462.587735,0,2.99999999999994,0.0299999999999997,5.99999999999996,2,1,65,0.5
17,463.838735,463.118735,463.401235,463.838735,470.892735,1,NaN,0,5.99999999999996,2,1,65,0.5
18,474.436235,473.538235,473.754235,474.436235,482.791735,1,NaN,0,5.99999999999996,2,1,65,0.5
19,490.285735,487.673735,489.471735,490.233235,496.568735,0,2.99999999999994,0.0299999999999997,5.99999999999996,2,1,65,0.5
20,500.563235,499.848235,499.854735,500.563235,521.526735,0,NaN,0,7.00000000000003,1,2,66,0.5
21,523.155735,522.056735,522.678235,523.155735,529.812735,0,NaN,0,7.00000000000003,1,2,66,0.5
22,532.081235,530.501735,530.825735,532.029235,598.145235,0,2.99999999999994,0.0299999999999997,5.99999999999996,2,1,65,0.5
23,606.078735,605.031235,605.325235,606.078735,611.227735,1,NaN,0,5.99999999999996,2,1,65,0.5
24,616.173235,614.525735,614.929235,616.173235,704.417735,1,NaN,0,5.99999999999996,2,1,65,0.5
25,706.844235,706.069735,706.399235,706.844235,736.481235,1,NaN,0,5.99999999999996,2,1,65,0.5
26,750.302235,737.901735,737.732235,NaN,758.705235,NaN,NaN,0,7.00000000000003,1,2,66,0.5
27,760.931235,759.660735,760.284735,760.931235,761.960235,1,NaN,0,5.99999999999996,2,1,65,0.5
28,773.933735,773.092735,773.266235,773.933735,779.243735,1,NaN,0,5.99999999999996,2,1,65,0.5
29,783.731235,782.940735,783.009735,783.731235,789.602235,0,NaN,0,7.00000000000003,1,2,66,0.5
30,790.925735,790.195235,790.444735,790.925735,796.193735,1,NaN,0,5.99999999999996,2,1,65,0.5
31,797.990735,797.273235,797.423235,797.938235,811.278235,0,2.99999999999994,0.0299999999999997,5.99999999999996,2,1,65,0.5
32,814.993235,814.283235,814.536235,814.993235,824.241235,1,NaN,0,5.99999999999996,2,1,65,0.5
33,827.450235,826.597235,826.875235,827.450235,833.903735,1,NaN,0,5.99999999999996,2,1,65,0.5
34,837.250235,835.290235,836.702735,837.196735,840.036235,1,2.99999999999994,0.0299999999999997,7.00000000000003,1,2,66,0.5
35,843.020735,841.855735,842.350235,842.967735,845.764235,0,2.99999999999994,0.0299999999999997,5.99999999999996,2,1,65,0.5
36,848.739235,847.888235,848.196735,848.739235,880.279735,1,NaN,0,5.99999999999996,2,1,65,0.5
37,881.511235,880.937735,880.978235,881.511235,881.930735,1,NaN,0,5.99999999999996,2,1,65,0.5
38,910.590735,906.202235,909.775235,910.590735,917.033235,0,NaN,0,7.00000000000003,1,2,66,0.5
39,920.663235,917.874735,920.037735,920.663235,927.820735,0,NaN,0,7.00000000000003,1,2,66,0.5
40,929.206235,928.339735,928.692735,929.152735,932.979235,0,2.99999999999994,0.0299999999999997,5.99999999999996,2,1,65,0.5
41,935.241235,933.670735,934.670235,935.188735,937.406235,1,2.99999999999994,0.0299999999999997,7.00000000000003,1,2,66,0.5
42,939.959735,939.116735,939.416235,939.907235,941.612735,0,2.99999999999994,0.0299999999999997,5.99999999999996,2,1,65,0.5
43,943.215235,942.555735,942.755235,943.215235,948.938735,1,NaN,0,5.99999999999996,2,1,65,0.5
44,950.563735,949.714235,949.804235,950.510235,953.187235,1,2.99999999999994,0.0299999999999997,7.00000000000003,1,2,66,0.5
45,954.537735,953.922235,953.960235,954.485235,958.124735,0,2.99999999999994,0.0299999999999997,5.99999999999996,2,1,65,0.5
46,959.812735,959.100235,959.234735,959.760235,965.220735,1,2.99999999999994,0.0299999999999997,7.00000000000003,1,2,66,0.5
47,966.813735,966.106735,966.195235,966.761235,968.929735,0,2.99999999999994,0.0299999999999997,5.99999999999996,2,1,65,0.5
48,970.759735,969.876235,969.896735,970.759735,975.888235,1,NaN,0,5.99999999999996,2,1,65,0.5
49,978.534235,977.594735,978.074235,978.534235,983.744235,0,NaN,0,7.00000000000003,1,2,66,0.5
50,985.499735,984.784735,984.985235,985.447235,987.438235,0,2.99999999999994,0.0299999999999997,5.99999999999996,2,1,65,0.5
51,989.225735,988.605735,988.769735,989.172735,994.067235,1,2.99999999999994,0.0299999999999997,7.00000000000003,1,2,66,0.5
52,995.412235,994.713735,995.021735,995.412235,1003.307235,1,NaN,0,5.99999999999996,2,1,65,0.5
53,1004.598735,1003.975235,1004.126235,1004.570735,1006.598735,0,2.99999999999994,0.0299999999999997,5.99999999999996,2,1,65,0.5
54,1008.191235,1007.559735,1007.734735,1008.191235,1013.683735,1,NaN,0,5.99999999999996,2,1,65,0.5
55,1014.878735,1014.132235,1014.378735,1014.825735,1018.157235,0,2.99999999999994,0.0299999999999997,5.99999999999996,2,1,65,0.5
56,1019.624235,1018.917235,1018.978735,1019.570735,1022.041735,1,2.99999999999994,0.0299999999999997,7.00000000000003,1,2,66,0.5
57,1023.154735,1022.589735,1022.634235,1023.154735,1027.931735,0,NaN,0,7.00000000000003,1,2,66,0.5
58,1029.266735,1028.590235,1028.784735,1029.266735,1035.722235,0,NaN,0,7.00000000000003,1,2,66,0.5
59,1036.973235,1036.271235,1036.527235,1036.973235,1043.665235,1,NaN,0,5.99999999999996,2,1,65,0.5
60,1045.193235,1044.568735,1044.733735,1045.146235,1047.056235,0,2.99999999999994,0.0299999999999997,5.99999999999996,2,1,65,0.5
61,1049.554735,1048.689735,1048.966235,1049.501735,1051.701235,1,2.99999999999994,0.0299999999999997,7.00000000000003,1,2,66,0.5
62,1053.963735,1053.211735,1053.478735,1053.910735,1058.547235,0,2.99999999999994,0.0299999999999997,5.99999999999996,2,1,65,0.5
63,1059.792735,1059.087735,1059.286735,1059.739235,1062.156235,1,2.99999999999994,0.0299999999999997,7.00000000000003,1,2,66,0.5
64,1063.673235,1063.065235,1063.134735,1063.620235,1065.485735,0,2.99999999999994,0.0299999999999997,5.99999999999996,2,1,65,0.5
65,1067.340735,1066.584735,1066.701735,1067.340735,1074.593735,1,NaN,0,5.99999999999996,2,1,65,0.5
66,1076.839235,1075.578735,1076.366735,1076.839235,1082.064735,0,NaN,0,7.00000000000003,1,2,66,0.5
67,1083.509735,1082.697735,1083.037235,1083.456735,1087.860735,1,2.99999999999994,0.0299999999999997,7.00000000000003,1,2,66,0.5
68,1089.969235,1089.056235,1089.395735,1089.916235,1092.265735,0,2.99999999999994,0.0299999999999997,5.99999999999996,2,1,65,0.5
69,1094.667235,1094.105735,1094.123735,1094.614735,1096.170735,1,2.99999999999994,0.0299999999999997,7.00000000000003,1,2,66,0.5
70,1098.191735,1097.403735,1097.747235,1098.191735,1103.898735,0,NaN,0,7.00000000000003,1,2,66,0.5
71,1105.146235,1104.522735,1104.700735,1105.101735,1107.073235,1,2.99999999999994,0.0299999999999997,7.00000000000003,1,2,66,0.5
72,1108.489735,1107.881735,1107.915235,1108.436235,1110.653735,0,2.99999999999994,0.0299999999999997,5.99999999999996,2,1,65,0.5
73,1112.392735,1111.507735,1111.913735,1112.340235,1116.975735,1,2.99999999999994,0.0299999999999997,7.00000000000003,1,2,66,0.5
74,1118.545735,1117.691735,1118.058235,1118.539735,1120.396235,1,2.99999999999994,0.0299999999999997,7.00000000000003,1,2,66,0.5
75,1122.540735,1121.727735,1122.086235,1122.540735,1128.806735,0,NaN,0,7.00000000000003,1,2,66,0.5
76,1129.960735,1129.346235,1129.568235,1129.960735,1150.335235,1,NaN,0,5.99999999999996,2,1,65,0.5
77,1151.769735,1150.713235,1151.289235,1151.716735,1154.355735,1,2.99999999999994,0.0299999999999997,7.00000000000003,1,2,66,0.5
78,1157.098735,1156.278235,1156.645735,1157.098735,1162.784235,0,NaN,0,7.00000000000003,1,2,66,0.5
79,1164.313735,1163.690235,1163.885235,1164.289735,1166.136735,1,2.99999999999994,0.0299999999999997,7.00000000000003,1,2,66,0.5
80,1168.093235,1167.363735,1167.548735,1168.040235,1169.914735,0,2.99999999999994,0.0299999999999997,5.99999999999996,2,1,65,0.5
81,1171.134735,1170.418735,1170.710735,1171.134735,1180.199235,1,NaN,0,5.99999999999996,2,1,65,0.5
82,1181.573735,1180.591235,1181.067235,1181.520735,1183.394735,1,2.99999999999994,0.0299999999999997,7.00000000000003,1,2,66,0.5
83,1184.774735,1184.059735,1184.292735,1184.721735,1186.654735,0,2.99999999999994,0.0299999999999997,5.99999999999996,2,1,65,0.5
84,1188.077235,1187.480735,1187.622235,1188.077235,1194.168235,1,NaN,0,5.99999999999996,2,1,65,0.5
85,1195.503235,1194.732735,1195.004235,1195.450735,1197.500235,0,2.99999999999994,0.0299999999999997,5.99999999999996,2,1,65,0.5
86,1199.126235,1198.046235,1198.619735,1199.073735,1200.758735,1,2.99999999999994,0.0299999999999997,7.00000000000003,1,2,66,0.5
87,1202.537235,1201.438735,1202.015235,1202.537235,1207.443735,0,NaN,0,7.00000000000003,1,2,66,0.5
88,1216.301235,1215.475735,1215.826735,1216.301235,1222.126235,1,NaN,0,5.99999999999996,2,1,65,0.5
89,1223.623235,1222.708735,1223.037735,1223.570235,1225.572735,0,2.99999999999994,0.0299999999999997,5.99999999999996,2,1,65,0.5
90,1227.493735,1226.698735,1226.934235,1227.441235,1229.811735,1,2.99999999999994,0.0299999999999997,7.00000000000003,1,2,66,0.5
91,1231.155235,1230.477735,1230.626235,1231.155235,1237.160735,0,NaN,0,7.00000000000003,1,2,66,0.5
92,1238.420235,1237.599735,1237.934735,1238.420235,1244.073735,0,NaN,0,7.00000000000003,1,2,66,0.5
93,1245.212735,1244.553735,1244.791235,1245.212735,1250.241235,1,NaN,0,5.99999999999996,2,1,65,0.5
94,1253.050735,1251.818735,1252.182735,1252.998735,1255.054235,1,2.99999999999994,0.0299999999999997,7.00000000000003,1,2,66,0.5
95,1256.721235,1255.661735,1256.098735,1256.668735,1258.582735,0,2.99999999999994,0.0299999999999997,5.99999999999996,2,1,65,0.5
96,1261.196735,1260.405235,1260.700235,1261.144235,1264.138735,1,2.99999999999994,0.0299999999999997,7.00000000000003,1,2,66,0.5
97,1266.263235,1265.558235,1265.767735,1266.210735,1279.952235,0,2.99999999999994,0.0299999999999997,5.99999999999996,2,1,65,0.5
98,1281.063735,1280.355235,1280.574735,1281.063735,1294.169735,1,NaN,0,5.99999999999996,2,1,65,0.5
99,1302.050735,1300.338735,1301.523735,1301.997735,1308.164235,1,2.99999999999994,0.0299999999999997,7.00000000000003,1,2,66,0.5
100,1309.455735,1308.768235,1308.969735,1309.403235,1311.736235,0,2.99999999999994,0.0299999999999997,5.99999999999996,2,1,65,0.5
101,1313.697735,1312.862235,1312.965235,1313.697735,1318.646735,1,NaN,0,5.99999999999996,2,1,65,0.5
102,1320.917235,1320.047235,1320.497235,1320.917235,1328.279735,1,NaN,0,5.99999999999996,2,1,65,0.5
103,1329.685735,1328.828235,1329.199235,1329.633235,1331.334235,0,2.99999999999994,0.0299999999999997,5.99999999999996,2,1,65,0.5
104,1335.683235,1334.784235,1335.227735,1335.683235,1340.995735,1,NaN,0,5.99999999999996,2,1,65,0.5
105,1342.380235,1341.502735,1341.872235,1342.327735,1348.867235,0,2.99999999999994,0.0299999999999997,5.99999999999996,2,1,65,0.5
106,1350.664735,1349.387735,1350.068235,1350.612235,1354.439235,1,2.99999999999994,0.0299999999999997,7.00000000000003,1,2,66,0.5
107,1356.168735,1355.126735,1355.642235,1356.168735,1362.389735,0,NaN,0,7.00000000000003,1,2,66,0.5
108,1363.395735,1362.796735,1362.980235,1363.395735,1369.094735,0,NaN,0,7.00000000000003,1,2,66,0.5
109,1371.151735,1370.264735,1370.614735,1371.151735,1378.193735,1,NaN,0,5.99999999999996,2,1,65,0.5
110,1379.931235,1378.763735,1379.395235,1379.877735,1382.007735,1,2.99999999999994,0.0299999999999997,7.00000000000003,1,2,66,0.5
111,1383.671735,1382.903235,1383.137235,1383.619735,1384.630235,0,2.99999999999994,0.0299999999999997,5.99999999999996,2,1,65,0.5
112,1386.092235,1385.167235,1385.558235,1386.039235,1388.759735,1,2.99999999999994,0.0299999999999997,7.00000000000003,1,2,66,0.5
113,1390.623235,1389.990235,1390.171235,1390.623235,1395.608735,0,NaN,0,7.00000000000003,1,2,66,0.5
114,1525.950235,1520.774235,1521.177735,1525.897235,1669.897735,0,2.99999999999994,0.0299999999999997,5.99999999999996,2,1,65,0.5
115,1673.947235,1670.666235,1671.818235,1673.894735,1759.388235,1,2.99999999999994,0.0299999999999997,7.00000000000003,1,2,66,0.5
116,1763.535735,1762.083735,1762.908735,1763.482735,1773.444735,1,2.99999999999994,0.0299999999999997,7.00000000000003,1,2,66,0.5
117,1774.860235,1774.000735,1774.224235,1774.807735,1794.852235,0,2.99999999999994,0.0299999999999997,5.99999999999996,2,1,65,0.5
118,1798.152235,1797.256735,1797.450735,1798.152235,1804.525235,1,NaN,0,5.99999999999996,2,1,65,0.5
119,1807.136735,1806.127735,1806.629735,1807.084235,1811.119235,1,2.99999999999994,0.0299999999999997,7.00000000000003,1,2,66,0.5
120,1813.692735,1813.013735,1813.065735,1813.692735,1817.535735,0,NaN,0,7.00000000000003,1,2,66,0.5
121,1820.380735,1818.986735,1819.677235,1820.380735,1827.522235,0,NaN,0,7.00000000000003,1,2,66,0.5
122,1829.342235,1828.026735,1828.709235,1829.342235,1834.935235,0,NaN,0,7.00000000000003,1,2,66,0.5
123,1837.129735,1835.763735,1836.608235,1837.077235,1840.301235,1,2.99999999999994,0.0299999999999997,7.00000000000003,1,2,66,0.5
124,1842.956235,1842.030735,1842.393735,1842.903735,1846.805735,0,2.99999999999994,0.0299999999999997,5.99999999999996,2,1,65,0.5
125,1848.026235,1847.287235,1847.556735,1847.973735,1850.264235,1,2.99999999999994,0.0299999999999997,7.00000000000003,1,2,66,0.5
126,1852.604735,1851.684235,1852.039235,1852.552735,1854.583735,0,2.99999999999994,0.0299999999999997,5.99999999999996,2,1,65,0.5
127,1856.257235,1855.346235,1855.769735,1856.257235,1861.744235,1,NaN,0,5.99999999999996,2,1,65,0.5
128,1863.039735,1862.254735,1862.510235,1863.039735,1867.915735,0,NaN,0,7.00000000000003,1,2,66,0.5
129,1870.015735,1869.030735,1869.457235,1869.962735,1872.434735,1,2.99999999999994,0.0299999999999997,7.00000000000003,1,2,66,0.5
130,1874.609735,1873.783735,1874.078735,1874.557235,1876.495735,0,2.99999999999994,0.0299999999999997,5.99999999999996,2,1,65,0.5
131,1878.313235,1877.580735,1877.897235,1878.313235,1888.739735,1,NaN,0,5.99999999999996,2,1,65,0.5
132,1890.252735,1889.173735,1889.706735,1890.200735,1892.153235,1,2.99999999999994,0.0299999999999997,7.00000000000003,1,2,66,0.5
133,1894.187735,1893.308235,1893.679235,1894.187735,1900.678735,0,NaN,0,7.00000000000003,1,2,66,0.5
134,1902.091235,1901.239235,1901.544235,1902.038735,1905.620235,1,2.99999999999994,0.0299999999999997,7.00000000000003,1,2,66,0.5
135,1907.301735,1906.540735,1906.759735,1907.249235,1909.505235,0,2.99999999999994,0.0299999999999997,5.99999999999996,2,1,65,0.5
136,1910.902235,1910.213735,1910.412735,1910.902235,1917.309735,1,NaN,0,5.99999999999996,2,1,65,0.5
137,1918.795235,1917.789235,1918.172735,1918.742735,1921.413735,1,2.99999999999994,0.0299999999999997,7.00000000000003,1,2,66,0.5
138,1923.014235,1922.143735,1922.364235,1923.014235,1929.037235,0,NaN,0,7.00000000000003,1,2,66,0.5
139,1930.696235,1929.588735,1930.183235,1930.643235,1933.825735,1,2.99999999999994,0.0299999999999997,7.00000000000003,1,2,66,0.5
140,1935.741235,1934.718735,1935.236735,1935.741235,1942.283735,0,NaN,0,7.00000000000003,1,2,66,0.5
141,1944.045235,1943.124735,1943.497735,1943.992735,1946.513235,0,2.99999999999994,0.0299999999999997,5.99999999999996,2,1,65,0.5
142,1948.098735,1947.333235,1947.548235,1948.046735,1950.206235,1,2.99999999999994,0.0299999999999997,7.00000000000003,1,2,66,0.5
143,1952.006735,1951.257235,1951.496235,1952.006735,1980.094235,0,NaN,0,7.00000000000003,1,2,66,0.5
144,1982.277235,1981.063735,1981.533735,1982.277235,1987.431235,0,NaN,0,7.00000000000003,1,2,66,0.5
145,1989.071735,1988.176735,1988.470235,1989.071735,1994.261735,0,NaN,0,7.00000000000003,1,2,66,0.5
146,1996.105235,1994.827235,1995.362235,1996.105235,2001.804235,0,NaN,0,7.00000000000003,1,2,66,0.5
147,2003.389735,2002.322735,2002.789235,2003.336735,2005.339235,1,2.99999999999994,0.0299999999999997,7.00000000000003,1,2,66,0.5
148,2006.488235,2005.819735,2006.030235,2006.488235,2011.517235,0,NaN,0,7.00000000000003,1,2,66,0.5
149,2013.036235,2011.974235,2012.433235,2012.983735,2015.372735,1,2.99999999999994,0.0299999999999997,7.00000000000003,1,2,66,0.5
150,2016.971735,2016.414235,2016.513735,2016.971735,2022.777735,0,NaN,0,7.00000000000003,1,2,66,0.5
151,2023.816735,2023.242735,2023.420735,2023.816735,2028.707735,0,NaN,0,7.00000000000003,1,2,66,0.5
152,2030.082735,2029.295235,2029.541235,2030.030235,2032.063735,0,2.99999999999994,0.0299999999999997,5.99999999999996,2,1,65,0.5
153,2033.747235,2032.775735,2033.254735,2033.694735,2036.105735,1,2.99999999999994,0.0299999999999997,7.00000000000003,1,2,66,0.5
154,2038.338735,2037.522235,2037.822735,2038.338735,2042.978735,0,NaN,0,7.00000000000003,1,2,66,0.5
155,2045.300235,2044.420735,2044.816735,2045.300235,2049.357235,0,NaN,0,7.00000000000003,1,2,66,0.5
156,2051.744235,2050.830735,2051.230735,2051.692235,2053.688235,0,2.99999999999994,0.0299999999999997,5.99999999999996,2,1,65,0.5
157,2055.253735,2054.316235,2054.710235,2055.200735,2057.690235,1,2.99999999999994,0.0299999999999997,7.00000000000003,1,2,66,0.5
158,2059.121735,2058.370735,2058.566735,2059.121735,2065.686735,0,NaN,0,7.00000000000003,1,2,66,0.5
159,2067.981735,2066.798235,2067.468735,2067.981735,2073.633235,0,NaN,0,7.00000000000003,1,2,66,0.5
160,2075.389235,2074.200235,2074.726735,2075.335735,2077.693235,0,2.99999999999994,0.0299999999999997,5.99999999999996,2,1,65,0.5
161,2081.132735,2080.168235,2080.560235,2081.079735,2083.121735,1,2.99999999999994,0.0299999999999997,7.00000000000003,1,2,66,0.5
162,2085.088235,2084.464735,2084.640235,2085.079735,2087.522735,0,2.99999999999994,0.0299999999999997,5.99999999999996,2,1,65,0.5
163,2091.121235,2090.487735,2090.527235,2091.068235,2093.293735,1,2.99999999999994,0.0299999999999997,7.00000000000003,1,2,66,0.5
164,2094.534735,2093.817735,2093.969735,2094.481735,2096.344235,0,2.99999999999994,0.0299999999999997,5.99999999999996,2,1,65,0.5
165,2097.616735,2096.862235,2097.135735,2097.616735,2103.618235,1,NaN,0,5.99999999999996,2,1,65,0.5
166,2104.731235,2104.058735,2104.254235,2104.731235,2110.229235,0,NaN,0,7.00000000000003,1,2,66,0.5
167,2112.006735,2111.017735,2111.475735,2112.006735,2118.104735,0,NaN,0,7.00000000000003,1,2,66,0.5
168,2119.948735,2119.175235,2119.490735,2119.948735,2127.866235,1,NaN,0,5.99999999999996,2,1,65,0.5
169,2132.781235,2131.921735,2132.324235,2132.781235,2133.417235,0,NaN,0,7.00000000000003,1,2,66,0.5
170,2142.478235,2141.371735,2141.912235,2142.476235,2144.905735,0,2.99999999999994,0.0299999999999997,5.99999999999996,2,1,65,0.5
171,2147.348235,2146.168735,2146.811735,2147.295235,2149.848735,1,2.99999999999994,0.0299999999999997,7.00000000000003,1,2,66,0.5
172,2151.148235,2150.404735,2150.647735,2151.148235,2159.186235,0,NaN,0,7.00000000000003,1,2,66,0.5
173,2160.462735,2159.707735,2159.884735,2160.409735,2162.612735,0,2.99999999999994,0.0299999999999997,5.99999999999996,2,1,65,0.5
174,2163.946735,2163.281735,2163.489735,2163.946735,2170.929735,1,NaN,0,5.99999999999996,2,1,65,0.5
175,2173.013235,2171.916235,2172.452735,2172.960235,2175.098235,1,2.99999999999994,0.0299999999999997,7.00000000000003,1,2,66,0.5
176,2176.568235,2175.817735,2176.019735,2176.568235,2182.876235,0,NaN,0,7.00000000000003,1,2,66,0.5
177,2184.682235,2183.941735,2184.165735,2184.682235,2190.139735,0,NaN,0,7.00000000000003,1,2,66,0.5
178,2191.507735,2190.630735,2191.049735,2191.507735,2196.955735,1,NaN,0,5.99999999999996,2,1,65,0.5
179,2198.540235,2197.379235,2198.028735,2198.540235,2207.410235,0,NaN,0,7.00000000000003,1,2,66,0.5
180,2209.806235,2208.848735,2209.315235,2209.806235,2214.597235,0,NaN,0,7.00000000000003,1,2,66,0.5
181,2216.633235,2215.079735,2216.106235,2216.580735,2219.381235,1,2.99999999999994,0.0299999999999997,7.00000000000003,1,2,66,0.5
182,2221.129735,2220.374735,2220.610735,2221.129735,2226.430235,0,NaN,0,7.00000000000003,1,2,66,0.5
183,2230.959235,2230.116735,2230.379235,2230.906735,2241.069735,0,2.99999999999994,0.0299999999999997,5.99999999999996,2,1,65,0.5
184,2340.821735,2339.470735,2340.129235,2340.768735,2353.841235,1,2.99999999999994,0.0299999999999997,7.00000000000003,1,2,66,0.5
185,2372.750735,2371.694235,2372.141735,2372.697735,2374.789235,1,2.99999999999994,0.0299999999999997,7.00000000000003,1,2,66,0.5
186,2376.405735,2375.365735,2375.675735,2376.353235,2378.938735,0,2.99999999999994,0.0299999999999997,5.99999999999996,2,1,65,0.5
187,2381.673735,2380.240235,2381.102235,2381.621235,2385.584235,1,2.99999999999994,0.0299999999999997,7.00000000000003,1,2,66,0.5
188,2386.972235,2386.155235,2386.338735,2386.919235,2389.994735,0,2.99999999999994,0.0299999999999997,5.99999999999996,2,1,65,0.5
189,2391.658735,2390.704735,2391.055735,2391.606235,2394.877735,1,2.99999999999994,0.0299999999999997,7.00000000000003,1,2,66,0.5
190,2396.304235,2395.500235,2395.710235,2396.250735,2400.750735,0,2.99999999999994,0.0299999999999997,5.99999999999996,2,1,65,0.5
191,2402.212235,2401.305735,2401.623735,2402.160235,2406.643735,1,2.99999999999994,0.0299999999999997,7.00000000000003,1,2,66,0.5
192,2408.044235,2407.230235,2407.416735,2408.044235,2413.536735,1,NaN,0,5.99999999999996,2,1,65,0.5
193,2414.634735,2413.962235,2414.116235,2414.634735,2421.653735,0,NaN,0,7.00000000000003,1,2,66,0.5
194,2423.272235,2422.501235,2422.814235,2423.272235,2428.851735,1,NaN,0,5.99999999999996,2,1,65,0.5
195,2430.065735,2429.380235,2429.540235,2430.012735,2432.271735,0,2.99999999999994,0.0299999999999997,5.99999999999996,2,1,65,0.5
196,2434.503235,2433.727235,2433.886235,2434.450735,2436.867735,1,2.99999999999994,0.0299999999999997,7.00000000000003,1,2,66,0.5
197,2439.033735,2438.162235,2438.441235,2439.033735,2446.717235,0,NaN,0,7.00000000000003,1,2,66,0.5
198,2448.045235,2447.242735,2447.383735,2447.992735,2450.180235,0,2.99999999999994,0.0299999999999997,5.99999999999996,2,1,65,0.5
199,2451.562235,2450.847735,2451.064735,2451.562235,2459.432235,1,NaN,0,5.99999999999996,2,1,65,0.5
200,2461.159735,2460.072735,2460.475235,2461.159735,2466.621235,1,NaN,0,5.99999999999996,2,1,65,0.5
201,2468.365235,2467.096235,2467.607235,2468.312735,2471.592735,0,2.99999999999994,0.0299999999999997,5.99999999999996,2,1,65,0.5
202,2474.143235,2473.176735,2473.591735,2474.090735,2477.411235,1,2.99999999999994,0.0299999999999997,7.00000000000003,1,2,66,0.5
203,2478.862235,2478.261735,2478.361235,2478.862235,2485.456735,0,NaN,0,7.00000000000003,1,2,66,0.5
204,2488.115735,2486.815735,2487.515735,2488.063735,2491.382235,1,2.99999999999994,0.0299999999999997,7.00000000000003,1,2,66,0.5
205,2493.176735,2492.610235,2492.638735,2493.176735,2501.207235,0,NaN,0,7.00000000000003,1,2,66,0.5
206,2502.623235,2501.866735,2502.013235,2502.570235,2505.206735,0,2.99999999999994,0.0299999999999997,5.99999999999996,2,1,65,0.5
207,2506.822735,2506.093735,2506.366235,2506.822735,2512.866735,1,NaN,0,5.99999999999996,2,1,65,0.5
208,2514.623235,2513.794735,2514.004735,2514.570235,2516.801735,0,2.99999999999994,0.0299999999999997,5.99999999999996,2,1,65,0.5
209,2519.264735,2518.672735,2518.784735,2519.264735,2524.931235,1,NaN,0,5.99999999999996,2,1,65,0.5
210,2526.306735,2525.501735,2525.691735,2526.253735,2528.709735,0,2.99999999999994,0.0299999999999997,5.99999999999996,2,1,65,0.5
211,2531.243735,2529.739735,2529.898235,2531.191735,2533.351235,0,2.99999999999994,0.0299999999999997,5.99999999999996,2,1,65,0.5
212,2534.720235,2534.040235,2534.243235,2534.720235,2540.902735,1,NaN,0,5.99999999999996,2,1,65,0.5
213,2541.932235,2541.290235,2541.453735,2541.932235,2547.688735,0,NaN,0,7.00000000000003,1,2,66,0.5
214,2549.179235,2548.208235,2548.616735,2549.179235,2555.418235,1,NaN,0,5.99999999999996,2,1,65,0.5
215,2556.869735,2555.795735,2556.267235,2556.816735,2559.790735,0,2.99999999999994,0.0299999999999997,5.99999999999996,2,1,65,0.5
216,2563.379235,2562.625735,2562.890735,2563.379235,2569.518735,1,NaN,0,5.99999999999996,2,1,65,0.5
217,2571.588735,2569.975735,2570.992235,2571.588735,2578.797235,0,NaN,0,7.00000000000003,1,2,66,0.5
218,2580.142235,2579.223235,2579.582235,2580.089735,2582.441735,0,2.99999999999994,0.0299999999999997,5.99999999999996,2,1,65,0.5
219,2584.964235,2583.666235,2584.377735,2584.910735,2587.242735,1,2.99999999999994,0.0299999999999997,7.00000000000003,1,2,66,0.5
220,2589.148735,2588.555735,2588.674235,2589.148735,2594.043735,0,NaN,0,7.00000000000003,1,2,66,0.5
221,2597.047735,2596.250735,2596.521735,2597.047735,2603.869235,0,NaN,0,7.00000000000003,1,2,66,0.5
222,2605.670735,2604.382235,2605.168735,2605.670735,2610.919235,0,NaN,0,7.00000000000003,1,2,66,0.5
223,2612.719235,2611.755735,2612.299735,2612.719235,2617.975235,1,NaN,0,5.99999999999996,2,1,65,0.5
224,2620.899735,2619.186735,2620.401235,2620.899735,2626.405735,0,NaN,0,7.00000000000003,1,2,66,0.5
225,2628.904235,2626.973735,2628.402235,2628.904235,2630.552235,0,NaN,0,7.00000000000003,1,2,66,0.5
226,2638.393235,2637.387735,2637.772235,2638.393235,2647.651735,0,NaN,0,7.00000000000003,1,2,66,0.5
227,2649.752235,2648.753735,2649.152235,2649.699235,2652.921735,1,2.99999999999994,0.0299999999999997,7.00000000000003,1,2,66,0.5
228,2654.857235,2654.071735,2654.374735,2654.857235,2660.590735,0,NaN,0,7.00000000000003,1,2,66,0.5
229,2663.602235,2662.251235,2663.084235,2663.549735,2665.776735,1,2.99999999999994,0.0299999999999997,7.00000000000003,1,2,66,0.5
230,2667.318735,2666.485735,2666.779735,2667.318735,2675.240735,0,NaN,0,7.00000000000003,1,2,66,0.5
231,2679.356235,2677.314235,2678.863235,2679.356235,2697.965735,1,NaN,0,5.99999999999996,2,1,65,0.5
232,2700.048735,2698.548735,2699.455735,2699.995735,2714.178735,1,2.99999999999994,0.0299999999999997,7.00000000000003,1,2,66,0.5
233,2716.665235,2715.651735,2716.077235,2716.665235,2721.315735,0,NaN,0,7.00000000000003,1,2,66,0.5
234,2722.828235,2722.008735,2722.356235,2722.775235,2727.785235,1,2.99999999999994,0.0299999999999997,7.00000000000003,1,2,66,0.5
235,2729.207735,2728.584235,2728.701235,2729.173235,2732.175235,0,2.99999999999994,0.0299999999999997,5.99999999999996,2,1,65,0.5
236,2733.872735,2733.226235,2733.414735,2733.872735,2740.910235,1,NaN,0,5.99999999999996,2,1,65,0.5
237,2742.476235,2741.511235,2741.853735,2742.476235,2747.634735,1,NaN,0,5.99999999999996,2,1,65,0.5
238,2748.927735,2748.160735,2748.422235,2748.927735,2755.463235,1,NaN,0,5.99999999999996,2,1,65,0.5
239,2756.887235,2755.987735,2756.327235,2756.833735,2759.572235,0,2.99999999999994,0.0299999999999997,5.99999999999996,2,1,65,0.5
240,2762.715735,2761.761735,2762.208735,2762.715735,2767.869735,1,NaN,0,5.99999999999996,2,1,65,0.5
241,2769.882735,2768.970735,2769.316235,2769.830735,2772.620235,0,2.99999999999994,0.0299999999999997,5.99999999999996,2,1,65,0.5
242,2774.467235,2773.467735,2773.815235,2774.467235,2777.455735,1,NaN,0,5.99999999999996,2,1,65,0.5
243,2781.776235,2780.652235,2781.196235,2781.776235,2786.556735,1,NaN,0,5.99999999999996,2,1,65,0.5
244,2788.592735,2787.717235,2788.090735,2788.592735,2796.495235,1,NaN,0,5.99999999999996,2,1,65,0.5
245,2798.114235,2797.580735,2797.671235,2798.114235,2804.544735,1,NaN,0,5.99999999999996,2,1,65,0.5
246,2806.764235,2805.087235,2806.265735,2806.711235,2809.258235,1,2.99999999999994,0.0299999999999997,7.00000000000003,1,2,66,0.5
247,2810.729235,2809.919735,2810.170735,2810.676735,2812.999735,0,2.99999999999994,0.0299999999999997,5.99999999999996,2,1,65,0.5
248,2814.796735,2813.661735,2814.308735,2814.796735,2820.822235,1,NaN,0,5.99999999999996,2,1,65,0.5
249,2822.586735,2821.429235,2822.085235,2822.586735,2829.629735,1,NaN,0,5.99999999999996,2,1,65,0.5
250,2831.872735,2831.147235,2831.367235,2831.819735,2834.965235,0,2.99999999999994,0.0299999999999997,5.99999999999996,2,1,65,0.5
251,2837.490235,2836.304735,2836.382235,2837.437235,2839.457235,0,2.99999999999994,0.0299999999999997,5.99999999999996,2,1,65,0.5
252,2841.216235,2840.025735,2840.618735,2841.163235,2843.991235,1,2.99999999999994,0.0299999999999997,7.00000000000003,1,2,66,0.5
253,2845.593735,2844.688235,2845.010235,2845.541235,2847.604235,0,2.99999999999994,0.0299999999999997,5.99999999999996,2,1,65,0.5
254,2850.350735,2849.046235,2849.706735,2850.297735,2853.405235,1,2.99999999999994,0.0299999999999997,7.00000000000003,1,2,66,0.5
255,2854.734735,2854.114235,2854.133235,2854.734735,2859.772735,0,NaN,0,7.00000000000003,1,2,66,0.5
256,2861.248235,2860.508235,2860.804735,2861.248235,2869.687735,1,NaN,0,5.99999999999996,2,1,65,0.5
257,2871.473235,2870.193235,2870.986235,2871.473235,2877.614235,1,NaN,0,5.99999999999996,2,1,65,0.5
258,2879.482735,2878.247735,2878.883235,2879.430235,2881.770235,0,2.99999999999994,0.0299999999999997,5.99999999999996,2,1,65,0.5
259,2883.618235,2882.561235,2883.067735,2883.565735,2886.548735,1,2.99999999999994,0.0299999999999997,7.00000000000003,1,2,66,0.5
260,2888.114235,2887.019735,2887.484235,2888.062235,2890.789235,0,2.99999999999994,0.0299999999999997,5.99999999999996,2,1,65,0.5
261,2892.472735,2891.941235,2891.974235,2892.472735,2897.808735,1,NaN,0,5.99999999999996,2,1,65,0.5
262,2898.977235,2898.204235,2898.384235,2898.924235,2901.330235,0,2.99999999999994,0.0299999999999997,5.99999999999996,2,1,65,0.5
263,2902.918235,2902.081735,2902.437735,2902.918235,2909.325735,1,NaN,0,5.99999999999996,2,1,65,0.5
264,2911.592735,2909.928235,2910.990735,2911.540235,2913.699735,1,2.99999999999994,0.0299999999999997,7.00000000000003,1,2,66,0.5
265,2915.219735,2914.315235,2914.694735,2915.167235,2917.449735,0,2.99999999999994,0.0299999999999997,5.99999999999996,2,1,65,0.5
266,2919.009735,2918.505735,2918.530735,2919.009735,2925.608735,1,NaN,0,5.99999999999996,2,1,65,0.5
267,2927.115235,2926.046735,2926.652735,2927.115235,2933.696735,1,NaN,0,5.99999999999996,2,1,65,0.5
268,2935.404235,2934.157735,2934.908235,2935.404235,2940.517235,1,NaN,0,5.99999999999996,2,1,65,0.5
269,2942.608235,2941.673235,2942.080735,2942.555735,2944.940735,0,2.99999999999994,0.0299999999999997,5.99999999999996,2,1,65,0.5
270,2946.711735,2945.597735,2946.239235,2946.711735,2952.567235,1,NaN,0,5.99999999999996,2,1,65,0.5
271,2953.785235,2953.023235,2953.281235,2953.732235,2955.628735,0,2.99999999999994,0.0299999999999997,5.99999999999996,2,1,65,0.5
272,2961.894235,2960.553235,2961.203235,2961.841735,2964.273235,1,2.99999999999994,0.0299999999999997,7.00000000000003,1,2,66,0.5
273,2965.768235,2964.834235,2965.091735,2965.715735,2969.013735,0,2.99999999999994,0.0299999999999997,5.99999999999996,2,1,65,0.5
274,2970.333735,2969.567735,2969.826235,2970.333735,2972.722735,1,NaN,0,5.99999999999996,2,1,65,0.5
275,2977.751735,2976.523735,2976.923235,2977.698735,2979.896235,0,2.99999999999994,0.0299999999999997,5.99999999999996,2,1,65,0.5
276,2981.171235,2980.408735,2980.662235,2981.171235,2987.286735,1,NaN,0,5.99999999999996,2,1,65,0.5
277,2989.017235,2988.224735,2988.504235,2989.017235,2995.411235,1,NaN,0,5.99999999999996,2,1,65,0.5
278,3004.202235,3003.067235,3003.521735,3004.149235,3006.434235,0,2.99999999999994,0.0299999999999997,5.99999999999996,2,1,65,0.5
279,3007.902735,3007.054735,3007.421235,3007.902735,3387.934235,1,NaN,0,5.99999999999996,2,1,65,0.5
280,3391.171235,3389.433735,3390.077235,3391.171235,3397.453735,1,NaN,0,5.99999999999996,2,1,65,0.5
281,3399.797735,3398.149235,3398.886235,3399.744735,3403.544235,1,2.99999999999994,0.0299999999999997,7.00000000000003,1,2,66,0.5
282,3406.355735,3405.362735,3405.476735,3406.302735,3410.394735,0,2.99999999999994,0.0299999999999997,5.99999999999996,2,1,65,0.5
283,3411.960735,3411.063235,3411.406735,3411.960735,3425.735235,1,NaN,0,5.99999999999996,2,1,65,0.5
284,3427.869735,3426.500235,3427.052235,3427.817235,3431.327235,0,2.99999999999994,0.0299999999999997,5.99999999999996,2,1,65,0.5
285,3435.785735,3434.428235,3434.822235,3435.782735,3437.545735,0,2.99999999999994,0.0299999999999997,5.99999999999996,2,1,65,0.5
286,3439.084735,3438.239235,3438.523735,3439.084735,3441.526735,1,NaN,0,5.99999999999996,2,1,65,0.5
287,3446.863735,3445.813735,3446.136235,3446.863735,3452.657235,0,NaN,0,7.00000000000003,1,2,66,0.5
288,3454.420735,3453.315235,3453.835235,3454.420735,3459.147735,1,NaN,0,5.99999999999996,2,1,65,0.5
289,3461.422735,3459.711235,3460.562735,3461.369735,3463.913735,0,2.99999999999994,0.0299999999999997,5.99999999999996,2,1,65,0.5
290,3465.761235,3464.531735,3465.160735,3465.708735,3467.945735,1,2.99999999999994,0.0299999999999997,7.00000000000003,1,2,66,0.5
291,3469.805735,3468.512235,3469.197235,3469.805735,3475.197235,0,NaN,0,7.00000000000003,1,2,66,0.5
292,3477.777235,3475.750735,3477.109235,3477.724735,3480.271735,1,2.99999999999994,0.0299999999999997,7.00000000000003,1,2,66,0.5
293,3481.906235,3481.065735,3481.303735,3481.853735,3484.390235,0,2.99999999999994,0.0299999999999997,5.99999999999996,2,1,65,0.5
294,3486.494235,3485.177735,3485.844235,3486.441235,3487.254235,1,2.99999999999994,0.0299999999999997,7.00000000000003,1,2,66,0.5
295,3488.834735,3487.982235,3488.234235,3488.782235,3490.803235,0,2.99999999999994,0.0299999999999997,5.99999999999996,2,1,65,0.5
296,3502.349735,3500.884735,3501.385735,3502.349735,3507.718235,0,NaN,0,7.00000000000003,1,2,66,0.5
297,3510.567235,3509.330735,3509.957735,3510.514735,3512.948735,1,2.99999999999994,0.0299999999999997,7.00000000000003,1,2,66,0.5
298,3514.911735,3513.672735,3514.298235,3514.911735,3521.400235,0,NaN,0,7.00000000000003,1,2,66,0.5
299,3523.875235,3522.702735,3523.324735,3523.875235,3529.623735,0,NaN,0,7.00000000000003,1,2,66,0.5
300,3532.067235,3530.786735,3531.511235,3532.067235,3538.409235,0,NaN,0,7.00000000000003,1,2,66,0.5
301,3541.047235,3539.962235,3540.575735,3541.047235,3541.725735,1,NaN,0,5.99999999999996,2,1,65,0.5
302,3549.360735,3548.404235,3548.847235,3549.360735,3549.782735,0,NaN,0,7.00000000000003,1,2,66,0.5
303,3576.100735,3575.102735,3575.555235,3576.047735,3579.997735,1,2.99999999999994,0.0299999999999997,7.00000000000003,1,2,66,0.5
304,3581.429735,3580.702235,3580.926235,3581.429735,3585.973235,0,NaN,0,7.00000000000003,1,2,66,0.5
305,3594.206235,3593.336235,3593.648235,3594.153235,3596.320735,0,2.99999999999994,0.0299999999999997,5.99999999999996,2,1,65,0.5
306,3600.304735,3599.235735,3599.805235,3600.251735,3602.240735,1,2.99999999999994,0.0299999999999997,7.00000000000003,1,2,66,0.5
307,3604.086735,3603.331235,3603.563735,3604.086735,3610.305735,0,NaN,0,7.00000000000003,1,2,66,0.5
308,3613.718735,3612.251235,3613.174735,3613.666735,3616.331235,1,2.99999999999994,0.0299999999999997,7.00000000000003,1,2,66,0.5
309,3618.773235,3617.696735,3618.242735,3618.773235,3621.718735,0,NaN,0,7.00000000000003,1,2,66,0.5
310,3627.907235,3626.848735,3627.378235,3627.853735,3630.809235,0,2.99999999999994,0.0299999999999997,5.99999999999996,2,1,65,0.5
311,3632.829735,3631.865235,3632.404735,3632.829735,3637.716735,1,NaN,0,5.99999999999996,2,1,65,0.5
312,3640.606235,3639.385235,3639.970235,3640.606235,3648.611735,1,NaN,0,5.99999999999996,2,1,65,0.5
313,3652.694235,3650.730235,3651.625735,3652.641235,3655.064735,1,2.99999999999994,0.0299999999999997,7.00000000000003,1,2,66,0.5
314,3656.567735,3655.656235,3656.080235,3656.567735,3662.851735,0,NaN,0,7.00000000000003,1,2,66,0.5
315,3667.643235,3666.111235,3666.752735,3667.590235,3669.727735,0,2.99999999999994,0.0299999999999997,5.99999999999996,2,1,65,0.5
316,3671.602735,3670.318735,3670.945735,3671.587735,3673.567235,1,2.99999999999994,0.0299999999999997,7.00000000000003,1,2,66,0.5
317,3675.009735,3674.159235,3674.466235,3675.009735,3680.694735,0,NaN,0,7.00000000000003,1,2,66,0.5
318,3683.577735,3681.897735,3683.045235,3683.577735,3688.201235,0,NaN,0,7.00000000000003,1,2,66,0.5
319,3690.811235,3689.255735,3690.274735,3690.811235,3696.757735,0,NaN,0,7.00000000000003,1,2,66,0.5
320,3699.828735,3698.746235,3699.072235,3699.775735,3702.543235,1,2.99999999999994,0.0299999999999997,7.00000000000003,1,2,66,0.5
321,3704.879735,3703.872235,3704.384735,3704.879735,3709.989735,0,NaN,0,7.00000000000003,1,2,66,0.5
322,3725.702735,3724.528235,3724.946235,3725.699735,3727.929235,1,2.99999999999994,0.0299999999999997,7.00000000000003,1,2,66,0.5
323,3729.936735,3728.836235,3729.353235,3729.936735,3731.935235,0,NaN,0,7.00000000000003,1,2,66,0.5
324,3744.942735,3743.553735,3744.129235,3744.940235,3748.120235,1,2.99999999999994,0.0299999999999997,7.00000000000003,1,2,66,0.5
325,3749.609735,3748.738235,3749.100235,3749.609735,3755.401235,0,NaN,0,7.00000000000003,1,2,66,0.5
326,3762.315735,3761.419235,3761.711235,3762.263235,3764.765735,1,2.99999999999994,0.0299999999999997,7.00000000000003,1,2,66,0.5
327,3766.485235,3765.744235,3765.925235,3766.432235,3768.400235,0,2.99999999999994,0.0299999999999997,5.99999999999996,2,1,65,0.5
328,3773.521235,3772.634735,3772.973235,3773.469235,3775.680235,1,2.99999999999994,0.0299999999999997,7.00000000000003,1,2,66,0.5
329,3777.426735,3776.543735,3776.925735,3777.426735,3780.970735,0,NaN,0,7.00000000000003,1,2,66,0.5
330,3784.809235,3783.718235,3784.173235,3784.809235,3791.347235,0,NaN,0,7.00000000000003,1,2,66,0.5
331,3793.337735,3792.292235,3792.740235,3793.284735,3795.854735,0,2.99999999999994,0.0299999999999997,5.99999999999996,2,1,65,0.5
332,3797.714735,3796.879235,3797.104235,3797.661735,3801.729235,1,2.99999999999994,0.0299999999999997,7.00000000000003,1,2,66,0.5
333,3803.322235,3802.291735,3802.808235,3803.322235,3804.837235,0,NaN,0,7.00000000000003,1,2,66,0.5
334,4054.466735,4053.249735,4053.419235,4054.413735,4058.858235,1,2.99999999999994,0.0299999999999997,7.00000000000003,1,2,66,0.5
335,4060.465235,4059.554235,4059.677235,4060.411735,4062.897735,0,2.99999999999994,0.0299999999999997,5.99999999999996,2,1,65,0.5
336,4066.711235,4065.350735,4066.021235,4066.659235,4070.404735,1,2.99999999999994,0.0299999999999997,7.00000000000003,1,2,66,0.5
337,4072.108735,4071.145235,4071.336235,4072.108735,4076.512235,0,NaN,0,7.00000000000003,1,2,66,0.5
338,4085.368235,4083.816735,4084.419735,4085.315235,4087.716235,1,2.99999999999994,0.0299999999999997,7.00000000000003,1,2,66,0.5
339,4090.536235,4089.115735,4089.358735,4090.484235,4092.963735,0,2.99999999999994,0.0299999999999997,5.99999999999996,2,1,65,0.5
340,4097.533735,4095.973735,4096.445735,4097.480735,4103.688735,1,2.99999999999994,0.0299999999999997,7.00000000000003,1,2,66,0.5
341,4108.296235,4107.061735,4107.541235,4108.243235,4110.428235,1,2.99999999999994,0.0299999999999997,7.00000000000003,1,2,66,0.5
342,4112.084735,4111.292735,4111.455235,4112.084735,4118.095235,0,NaN,0,7.00000000000003,1,2,66,0.5
343,4120.203735,4118.874735,4119.602235,4120.203735,4126.260735,1,NaN,0,5.99999999999996,2,1,65,0.5
344,4127.904735,4126.850735,4127.256235,4127.904735,4134.559235,1,NaN,0,5.99999999999996,2,1,65,0.5
345,4137.320735,4136.095735,4136.682235,4137.268235,4139.468235,1,2.99999999999994,0.0299999999999997,7.00000000000003,1,2,66,0.5
346,4141.706735,4140.836735,4141.018235,4141.653735,4144.160735,0,2.99999999999994,0.0299999999999997,5.99999999999996,2,1,65,0.5
347,4145.715235,4144.905235,4145.186235,4145.715235,4151.006235,1,NaN,0,5.99999999999996,2,1,65,0.5
348,4152.717735,4151.807735,4152.036235,4152.665235,4154.675735,0,2.99999999999994,0.0299999999999997,5.99999999999996,2,1,65,0.5
349,4156.061235,4155.257735,4155.535235,4156.061235,4160.737735,1,NaN,0,5.99999999999996,2,1,65,0.5
350,4163.483735,4162.215735,4162.860235,4163.483735,4164.070735,0,NaN,0,7.00000000000003,1,2,66,0.5
351,4445.250235,4444.069235,4444.373735,4445.197235,4447.698735,0,2.99999999999994,0.0299999999999997,5.99999999999996,2,1,65,0.5
352,4449.911235,4448.681735,4449.291235,4449.858235,4451.804235,1,2.99999999999994,0.0299999999999997,7.00000000000003,1,2,66,0.5
353,4454.043235,4453.273735,4453.495235,4454.043235,4454.623235,0,NaN,0,7.00000000000003,1,2,66,0.5
354,4471.444235,4470.508235,4470.790735,4471.392235,4476.841735,1,2.99999999999994,0.0299999999999997,7.00000000000003,1,2,66,0.5
355,4480.512735,4479.256735,4479.863735,4480.459735,4482.846235,1,2.99999999999994,0.0299999999999997,7.00000000000003,1,2,66,0.5
356,4484.778235,4483.944235,4484.091235,4484.775735,4487.340235,0,2.99999999999994,0.0299999999999997,5.99999999999996,2,1,65,0.5
357,4489.333235,4488.238235,4488.725235,4489.280735,4492.687235,1,2.99999999999994,0.0299999999999997,7.00000000000003,1,2,66,0.5
358,4494.271735,4493.517735,4493.749235,4494.271735,4499.692735,0,NaN,0,7.00000000000003,1,2,66,0.5
359,4502.143235,4500.258735,4501.546235,4502.143235,4511.273735,1,NaN,0,5.99999999999996,2,1,65,0.5
360,4513.136735,4512.131735,4512.423735,4513.083735,4515.902735,0,2.99999999999994,0.0299999999999997,5.99999999999996,2,1,65,0.5
361,4518.110235,4517.305735,4517.563235,4518.057235,4520.095235,1,2.99999999999994,0.0299999999999997,7.00000000000003,1,2,66,0.5
362,4522.072235,4521.192235,4521.505735,4522.019735,4524.688735,0,2.99999999999994,0.0299999999999997,5.99999999999996,2,1,65,0.5
363,4526.641235,4525.534735,4526.077235,4526.588735,4528.916735,1,2.99999999999994,0.0299999999999997,7.00000000000003,1,2,66,0.5
364,4530.674235,4529.671735,4530.150235,4530.674235,4537.113235,0,NaN,0,7.00000000000003,1,2,66,0.5
365,4538.631235,4537.602235,4538.097735,4538.631235,4544.925735,1,NaN,0,5.99999999999996,2,1,65,0.5
366,4547.233235,4545.724735,4546.621735,4547.180735,4550.010235,1,2.99999999999994,0.0299999999999997,7.00000000000003,1,2,66,0.5
367,4551.567235,4550.767735,4550.941735,4551.567235,4558.943235,0,NaN,0,7.00000000000003,1,2,66,0.5
368,4560.534735,4559.393735,4559.890735,4560.481735,4563.572235,1,2.99999999999994,0.0299999999999997,7.00000000000003,1,2,66,0.5
369,4565.201735,4564.150735,4564.353735,4565.198735,4567.156735,0,2.99999999999994,0.0299999999999997,5.99999999999996,2,1,65,0.5
370,4568.883735,4567.725235,4568.232235,4568.831735,4570.925735,1,2.99999999999994,0.0299999999999997,7.00000000000003,1,2,66,0.5
371,4572.308235,4571.541235,4571.747735,4572.308235,4577.240735,0,NaN,0,7.00000000000003,1,2,66,0.5
372,4579.182235,4577.883735,4578.646735,4579.182235,4585.265735,1,NaN,0,5.99999999999996,2,1,65,0.5
373,4586.852235,4585.846235,4586.349235,4586.852235,4592.636735,1,NaN,0,5.99999999999996,2,1,65,0.5
374,4595.992735,4594.930235,4595.541235,4595.992735,4602.799735,0,NaN,0,7.00000000000003,1,2,66,0.5
375,4604.382235,4603.294735,4603.826735,4604.329735,4606.931235,0,2.99999999999994,0.0299999999999997,5.99999999999996,2,1,65,0.5
376,4608.714735,4607.576735,4608.145235,4608.662235,4611.233735,1,2.99999999999994,0.0299999999999997,7.00000000000003,1,2,66,0.5
377,4612.815735,4611.800735,4612.237235,4612.815735,4616.785735,0,NaN,0,7.00000000000003,1,2,66,0.5
378,4622.509235,4621.532235,4621.882235,4622.455735,4625.076235,0,2.99999999999994,0.0299999999999997,5.99999999999996,2,1,65,0.5
379,4626.661735,4625.600735,4626.092735,4626.609235,4628.974735,1,2.99999999999994,0.0299999999999997,7.00000000000003,1,2,66,0.5
380,4630.843235,4629.885235,4630.301735,4630.843235,4635.280735,0,NaN,0,7.00000000000003,1,2,66,0.5
381,4639.519735,4638.631735,4639.010735,4639.519735,4644.457735,1,NaN,0,5.99999999999996,2,1,65,0.5
382,4659.091235,4658.173235,4658.548235,4659.038235,4661.930735,1,2.99999999999994,0.0299999999999997,7.00000000000003,1,2,66,0.5
383,4663.114235,4662.330735,4662.577735,4663.114235,4668.118235,0,NaN,0,7.00000000000003,1,2,66,0.5
384,4670.718735,4669.615735,4670.093735,4670.665735,4673.016235,1,2.99999999999994,0.0299999999999997,7.00000000000003,1,2,66,0.5
385,4674.554735,4673.523235,4673.863235,4674.552735,4677.148735,0,2.99999999999994,0.0299999999999997,5.99999999999996,2,1,65,0.5
386,4678.702235,4677.913235,4678.111235,4678.649235,4680.834235,1,2.99999999999994,0.0299999999999997,7.00000000000003,1,2,66,0.5
387,4683.116735,4682.388235,4682.600235,4683.116735,4688.361735,0,NaN,0,7.00000000000003,1,2,66,0.5
388,4690.839735,4689.561735,4690.273235,4690.839735,4696.644235,1,NaN,0,5.99999999999996,2,1,65,0.5
389,4699.222735,4698.480735,4698.661235,4699.169235,4702.160235,0,2.99999999999994,0.0299999999999997,5.99999999999996,2,1,65,0.5
390,4703.820235,4702.784735,4703.265235,4703.767735,4705.897735,1,2.99999999999994,0.0299999999999997,7.00000000000003,1,2,66,0.5
391,4707.723735,4706.590735,4707.082235,4707.671235,4710.154235,0,2.99999999999994,0.0299999999999997,5.99999999999996,2,1,65,0.5
392,4712.080235,4711.020735,4711.535235,4712.027235,4714.103735,1,2.99999999999994,0.0299999999999997,7.00000000000003,1,2,66,0.5
393,4716.217735,4714.914735,4715.281235,4716.217735,4722.766235,0,NaN,0,7.00000000000003,1,2,66,0.5
394,4724.744735,4723.656235,4724.120735,4724.691735,4726.583735,0,2.99999999999994,0.0299999999999997,5.99999999999996,2,1,65,0.5
395,4728.318235,4727.625735,4727.863735,4728.318235,4745.966735,1,NaN,0,5.99999999999996,2,1,65,0.5
396,4747.798735,4746.928735,4747.215235,4747.798735,4754.156735,1,NaN,0,5.99999999999996,2,1,65,0.5
397,4756.497235,4754.788735,4755.892735,4756.444235,4758.528735,1,2.99999999999994,0.0299999999999997,7.00000000000003,1,2,66,0.5
398,4759.923735,4759.049235,4759.254235,4759.870735,4762.109235,0,2.99999999999994,0.0299999999999997,5.99999999999996,2,1,65,0.5
399,4763.470735,4762.683235,4762.996235,4763.470735,4770.155235,1,NaN,0,5.99999999999996,2,1,65,0.5
400,4772.764235,4771.222235,4772.186735,4772.711235,4774.640235,1,2.99999999999994,0.0299999999999997,7.00000000000003,1,2,66,0.5
401,4776.298735,4775.300735,4775.629735,4776.296235,4778.227735,0,2.99999999999994,0.0299999999999997,5.99999999999996,2,1,65,0.5
402,4779.667735,4778.881235,4779.175235,4779.667735,4785.251235,1,NaN,0,5.99999999999996,2,1,65,0.5
403,4786.912735,4786.023735,4786.427235,4786.912735,4853.804735,1,NaN,0,5.99999999999996,2,1,65,0.5
404,4869.685235,4868.441735,4868.849235,4869.632735,4883.109235,1,2.99999999999994,0.0299999999999997,7.00000000000003,1,2,66,0.5
405,4886.040735,4885.199235,4885.535735,4886.040735,4902.262735,1,NaN,0,5.99999999999996,2,1,65,0.5
406,4913.002735,4912.129235,4912.515735,4913.002735,4934.871735,1,NaN,0,5.99999999999996,2,1,65,0.5
407,4939.012735,4938.011235,4938.500735,4938.959235,4941.180235,1,2.99999999999994,0.0299999999999997,7.00000000000003,1,2,66,0.5
408,4943.041735,4941.798235,4942.001235,4943.038735,4947.462735,0,2.99999999999994,0.0299999999999997,5.99999999999996,2,1,65,0.5
409,4948.733235,4947.942735,4948.280235,4948.733235,4953.965235,1,NaN,0,5.99999999999996,2,1,65,0.5
410,4956.117235,4955.176735,4955.584235,4956.064235,4960.391735,0,2.99999999999994,0.0299999999999997,5.99999999999996,2,1,65,0.5
411,4962.696735,4961.624735,4962.142735,4962.643735,4964.935735,1,2.99999999999994,0.0299999999999997,7.00000000000003,1,2,66,0.5
412,4966.643735,4965.721235,4966.073735,4966.643735,4967.156235,0,NaN,0,7.00000000000003,1,2,66,0.5
413,4974.066235,4973.159235,4973.538735,4974.066235,4979.271235,1,NaN,0,5.99999999999996,2,1,65,0.5
414,4981.176235,4979.800735,4980.576735,4981.176235,4989.281735,0,NaN,0,7.00000000000003,1,2,66,0.5
415,4991.717235,4990.448735,4991.178735,4991.717235,4997.386735,0,NaN,0,7.00000000000003,1,2,66,0.5
416,4999.607735,4998.328735,4999.063735,4999.554735,5002.625235,1,2.99999999999994,0.0299999999999997,7.00000000000003,1,2,66,0.5
417,5004.346735,5003.260235,5003.762735,5004.346735,5010.228735,0,NaN,0,7.00000000000003,1,2,66,0.5
418,5012.349235,5010.846735,5011.755735,5012.296735,5014.452235,1,2.99999999999994,0.0299999999999997,7.00000000000003,1,2,66,0.5
419,5016.460235,5015.143735,5015.911735,5016.460235,5022.081735,0,NaN,0,7.00000000000003,1,2,66,0.5
420,5024.170735,5022.842735,5023.549235,5024.117235,5026.529235,1,2.99999999999994,0.0299999999999997,7.00000000000003,1,2,66,0.5
421,5034.116235,5032.456235,5033.226735,5034.062735,5037.267735,1,2.99999999999994,0.0299999999999997,7.00000000000003,1,2,66,0.5
422,5038.838235,5037.934735,5038.266235,5038.838235,5047.796235,0,NaN,0,7.00000000000003,1,2,66,0.5
423,5049.574235,5048.280735,5048.956235,5049.574235,5055.339735,1,NaN,0,5.99999999999996,2,1,65,0.5
424,5057.783235,5055.937735,5057.038735,5057.780735,5060.039235,1,2.99999999999994,0.0299999999999997,7.00000000000003,1,2,66,0.5
425,5061.866235,5060.736235,5061.220735,5061.813235,5066.208235,0,2.99999999999994,0.0299999999999997,5.99999999999996,2,1,65,0.5
426,5067.549735,5066.530235,5066.963735,5067.496735,5069.745735,0,2.99999999999994,0.0299999999999997,5.99999999999996,2,1,65,0.5
427,5071.497735,5070.448235,5070.888735,5071.445235,5073.725235,1,2.99999999999994,0.0299999999999997,7.00000000000003,1,2,66,0.5
428,5075.342735,5074.364735,5074.797235,5075.342735,5079.789235,0,NaN,0,7.00000000000003,1,2,66,0.5
429,5082.756235,5081.532235,5082.213735,5082.756235,5089.227235,1,NaN,0,5.99999999999996,2,1,65,0.5
430,5091.818735,5090.553235,5091.206235,5091.765735,5094.415235,1,2.99999999999994,0.0299999999999997,7.00000000000003,1,2,66,0.5
431,5096.118735,5094.919235,5095.530735,5096.118735,5101.640735,0,NaN,0,7.00000000000003,1,2,66,0.5
432,5103.949735,5102.072735,5103.069235,5103.896735,5106.071235,1,2.99999999999994,0.0299999999999997,7.00000000000003,1,2,66,0.5
433,5107.622735,5106.691235,5107.007235,5107.570235,5109.255735,0,2.99999999999994,0.0299999999999997,5.99999999999996,2,1,65,0.5
434,5110.864235,5109.819235,5110.225235,5110.861235,5113.429735,1,2.99999999999994,0.0299999999999997,7.00000000000003,1,2,66,0.5
435,5115.083735,5114.081735,5114.385235,5115.030735,5116.774235,0,2.99999999999994,0.0299999999999997,5.99999999999996,2,1,65,0.5
436,5118.870235,5117.408735,5118.334735,5118.870235,5125.924735,1,NaN,0,5.99999999999996,2,1,65,0.5
437,5127.529235,5126.608235,5127.022235,5127.529235,5133.653735,1,NaN,0,5.99999999999996,2,1,65,0.5
438,5136.448235,5135.164235,5135.835235,5136.448235,5144.137735,1,NaN,0,5.99999999999996,2,1,65,0.5
439,5145.393735,5144.547735,5144.884735,5145.393735,5152.030735,1,NaN,0,5.99999999999996,2,1,65,0.5
440,5154.381735,5153.258735,5153.953235,5154.381735,5157.422235,1,NaN,0,5.99999999999996,2,1,65,0.5
441,5161.785735,5160.826735,5161.289735,5161.785735,5167.314735,1,NaN,0,5.99999999999996,2,1,65,0.5
442,5169.792735,5168.063735,5169.031735,5169.739735,5172.092735,1,2.99999999999994,0.0299999999999997,7.00000000000003,1,2,66,0.5
443,5173.526235,5172.544735,5172.900735,5173.473735,5175.230235,0,2.99999999999994,0.0299999999999997,5.99999999999996,2,1,65,0.5
444,5176.613235,5175.777235,5176.138235,5176.613235,5180.629235,1,NaN,0,5.99999999999996,2,1,65,0.5
445,5183.107735,5182.244235,5182.666235,5183.107735,5189.230235,1,NaN,0,5.99999999999996,2,1,65,0.5
446,5191.124735,5189.940235,5190.587735,5191.071735,5192.897235,0,2.99999999999994,0.0299999999999997,5.99999999999996,2,1,65,0.5
447,5194.794235,5193.548735,5194.187235,5194.741235,5196.880735,1,2.99999999999994,0.0299999999999997,7.00000000000003,1,2,66,0.5
448,5198.444735,5197.484735,5197.851235,5198.391735,5200.676235,0,2.99999999999994,0.0299999999999997,5.99999999999996,2,1,65,0.5
449,5202.088735,5201.198235,5201.606235,5202.088735,5207.500235,1,NaN,0,5.99999999999996,2,1,65,0.5
450,5208.904235,5207.925235,5208.414735,5208.904235,5214.621235,1,NaN,0,5.99999999999996,2,1,65,0.5
451,5216.300735,5215.074235,5215.839235,5216.300735,5222.971735,1,NaN,0,5.99999999999996,2,1,65,0.5
452,5225.624735,5224.015235,5225.093735,5225.624735,5230.513735,0,NaN,0,7.00000000000003,1,2,66,0.5
453,5232.479735,5230.977735,5231.936735,5232.426735,5234.777735,0,2.99999999999994,0.0299999999999997,5.99999999999996,2,1,65,0.5
454,5237.759735,5237.128735,5237.295735,5237.759735,5244.155735,1,NaN,0,5.99999999999996,2,1,65,0.5
455,5246.514735,5244.631735,5246.010735,5246.514735,5253.113235,0,NaN,0,7.00000000000003,1,2,66,0.5
456,5255.433735,5253.521735,5254.817735,5255.380735,5257.655735,1,2.99999999999994,0.0299999999999997,7.00000000000003,1,2,66,0.5
457,5259.645735,5258.409735,5259.068235,5259.645735,5266.149235,0,NaN,0,7.00000000000003,1,2,66,0.5
458,5271.416735,5270.715735,5270.962235,5271.416735,5286.769235,1,NaN,0,5.99999999999996,2,1,65,0.5
459,5288.065235,5287.200735,5287.612235,5288.065235,5291.068235,1,NaN,0,5.99999999999996,2,1,65,0.5
460,5295.861735,5294.755735,5295.162735,5295.859235,5297.946735,0,2.99999999999994,0.0299999999999997,5.99999999999996,2,1,65,0.5
461,5299.969235,5298.745735,5299.439235,5299.916235,5301.915735,1,2.99999999999994,0.0299999999999997,7.00000000000003,1,2,66,0.5
462,5303.572735,5302.501235,5302.818235,5303.520735,5305.582235,0,2.99999999999994,0.0299999999999997,5.99999999999996,2,1,65,0.5
463,5307.207735,5306.321735,5306.734235,5307.207735,5313.359735,1,NaN,0,5.99999999999996,2,1,65,0.5
464,5315.253735,5314.446735,5314.827735,5315.253735,5320.415735,1,NaN,0,5.99999999999996,2,1,65,0.5
465,5323.764235,5322.962735,5323.299735,5323.710735,5325.896235,0,2.99999999999994,0.0299999999999997,5.99999999999996,2,1,65,0.5
466,5327.469735,5326.620735,5327.001235,5327.469735,5524.234735,1,NaN,0,5.99999999999996,2,1,65,0.5
467,5526.418735,5525.044235,5525.465735,5526.365735,5531.309735,0,2.99999999999994,0.0299999999999997,5.99999999999996,2,1,65,0.5
468,5535.428235,5534.622235,5535.068235,5535.428235,5541.217735,0,NaN,0,7.00000000000003,1,2,66,0.5
469,5546.790735,5544.838235,5545.253235,5546.737235,5548.756235,0,2.99999999999994,0.0299999999999997,5.99999999999996,2,1,65,0.5
470,5550.918735,5549.640235,5550.144235,5550.866235,5554.310735,1,2.99999999999994,0.0299999999999997,7.00000000000003,1,2,66,0.5
471,5556.392235,5555.606235,5555.780735,5556.338735,5558.927735,0,2.99999999999994,0.0299999999999997,5.99999999999996,2,1,65,0.5
472,5562.099235,5561.200735,5561.485235,5562.099235,5563.138735,1,NaN,0,5.99999999999996,2,1,65,0.5
473,5575.897735,5573.901235,5574.246235,5575.844735,5578.490735,1,2.99999999999994,0.0299999999999997,7.00000000000003,1,2,66,0.5
474,5580.445735,5579.302235,5579.684735,5580.445735,5584.435735,0,NaN,0,7.00000000000003,1,2,66,0.5
475,5591.401235,5589.965735,5590.588235,5591.348735,5593.949735,1,2.99999999999994,0.0299999999999997,7.00000000000003,1,2,66,0.5
476,5595.345735,5594.472735,5594.697235,5595.343235,5597.817235,0,2.99999999999994,0.0299999999999997,5.99999999999996,2,1,65,0.5
477,5599.484735,5598.714735,5598.966235,5599.484735,5604.489235,1,NaN,0,5.99999999999996,2,1,65,0.5
478,5607.962735,5607.081735,5607.309735,5607.962735,5614.442735,0,NaN,0,7.00000000000003,1,2,66,0.5
479,5616.804235,5615.540235,5616.046735,5616.801735,5619.120235,0,2.99999999999994,0.0299999999999997,5.99999999999996,2,1,65,0.5
480,5621.038235,5619.915735,5620.405235,5620.985735,5622.980735,1,2.99999999999994,0.0299999999999997,7.00000000000003,1,2,66,0.5
481,5624.611235,5623.748235,5624.023735,5624.611235,5628.416735,0,NaN,0,7.00000000000003,1,2,66,0.5
482,5631.954735,5630.986235,5631.422735,5631.954735,5637.540735,1,NaN,0,5.99999999999996,2,1,65,0.5
483,5639.608235,5638.298735,5639.037735,5639.608235,5644.915735,0,NaN,0,7.00000000000003,1,2,66,0.5
484,5646.628735,5645.367235,5646.142235,5646.628735,5651.450735,1,NaN,0,5.99999999999996,2,1,65,0.5
485,5655.153735,5654.311735,5654.649735,5655.153735,5662.599735,1,NaN,0,5.99999999999996,2,1,65,0.5
486,5665.633735,5664.801735,5665.052235,5665.580235,5668.768735,0,2.99999999999994,0.0299999999999997,5.99999999999996,2,1,65,0.5
487,5671.119735,5670.102735,5670.624235,5671.119735,5677.602235,1,NaN,0,5.99999999999996,2,1,65,0.5
488,5683.029235,5682.170735,5682.461735,5682.976235,5685.438735,0,2.99999999999994,0.0299999999999997,5.99999999999996,2,1,65,0.5
489,5686.945735,5686.104235,5686.498735,5686.945735,5697.008735,1,NaN,0,5.99999999999996,2,1,65,0.5
490,5699.035235,5698.095235,5698.485235,5698.982235,5700.851235,0,2.99999999999994,0.0299999999999997,5.99999999999996,2,1,65,0.5
491,5703.404235,5702.093235,5702.553735,5703.351235,5705.712735,1,2.99999999999994,0.0299999999999997,7.00000000000003,1,2,66,0.5
492,5708.095735,5707.301735,5707.524235,5708.095735,5709.405235,0,NaN,0,7.00000000000003,1,2,66,0.5
493,5714.462235,5713.748235,5713.943735,5714.462235,5720.657735,0,NaN,0,7.00000000000003,1,2,66,0.5
494,5722.176735,5721.169235,5721.641235,5722.176735,5731.686235,1,NaN,0,5.99999999999996,2,1,65,0.5
495,5733.556235,5732.577735,5732.983235,5733.503735,5735.597235,1,2.99999999999994,0.0299999999999997,7.00000000000003,1,2,66,0.5
496,5737.354235,5736.157235,5736.784735,5737.354235,5745.839735,0,NaN,0,7.00000000000003,1,2,66,0.5
497,5747.490735,5746.441735,5746.686235,5747.437235,5749.351235,0,2.99999999999994,0.0299999999999997,5.99999999999996,2,1,65,0.5
498,5751.425235,5750.379235,5750.863735,5751.372235,5753.445735,1,2.99999999999994,0.0299999999999997,7.00000000000003,1,2,66,0.5
499,5755.155735,5754.155735,5754.580235,5755.155735,5765.999735,0,NaN,0,7.00000000000003,1,2,66,0.5
500,5767.752235,5766.447735,5766.944235,5767.699235,5770.102235,1,2.99999999999994,0.0299999999999997,7.00000000000003,1,2,66,0.5
501,5772.138235,5770.779735,5770.997235,5772.138235,5778.924735,0,NaN,0,7.00000000000003,1,2,66,0.5
502,5780.588235,5779.302235,5779.801735,5780.586235,5783.666735,0,2.99999999999994,0.0299999999999997,5.99999999999996,2,1,65,0.5
503,5785.650235,5784.616235,5785.052735,5785.596735,5787.778235,1,2.99999999999994,0.0299999999999997,7.00000000000003,1,2,66,0.5
504,5789.441735,5788.362235,5788.869235,5789.441735,5795.133235,0,NaN,0,7.00000000000003,1,2,66,0.5
505,5796.686735,5795.616735,5796.065735,5796.634735,5798.654735,0,2.99999999999994,0.0299999999999997,5.99999999999996,2,1,65,0.5
506,5800.425735,5799.339235,5799.841735,5800.373735,5802.953735,1,2.99999999999994,0.0299999999999997,7.00000000000003,1,2,66,0.5
507,5804.319235,5803.516235,5803.742735,5804.266235,5811.236735,0,2.99999999999994,0.0299999999999997,5.99999999999996,2,1,65,0.5
508,5812.491235,5811.735735,5812.004735,5812.491235,5814.394735,1,NaN,0,5.99999999999996,2,1,65,0.5
509,6062.485235,6061.478735,6061.805235,6062.485235,6065.806235,1,NaN,0,5.99999999999996,2,1,65,0.5
510,6071.888235,6070.228735,6070.746235,6071.888235,6081.450735,0,NaN,0,7.00000000000003,1,2,66,0.5
511,6084.421235,6082.741735,6083.599235,6084.368235,6090.089735,1,2.99999999999994,0.0299999999999997,7.00000000000003,1,2,66,0.5
512,6092.371735,6090.841735,6091.341735,6092.371735,6095.202735,1,NaN,0,5.99999999999996,2,1,65,0.5
513,6102.486235,6101.487235,6101.969235,6102.486235,6110.820735,1,NaN,0,5.99999999999996,2,1,65,0.5
514,6115.278235,6114.579735,6114.637735,6115.225735,6118.885235,1,2.99999999999994,0.0299999999999997,7.00000000000003,1,2,66,0.5
515,6120.893235,6119.563735,6120.030235,6120.840735,6122.584735,1,2.99999999999994,0.0299999999999997,7.00000000000003,1,2,66,0.5
516,6124.878735,6123.389235,6123.717235,6124.826735,6128.298735,0,2.99999999999994,0.0299999999999997,5.99999999999996,2,1,65,0.5
517,6130.205235,6129.131735,6129.578735,6130.152735,6132.796235,1,2.99999999999994,0.0299999999999997,7.00000000000003,1,2,66,0.5
518,6134.309735,6133.455735,6133.635735,6134.257235,6138.347735,0,2.99999999999994,0.0299999999999997,5.99999999999996,2,1,65,0.5
519,6139.868735,6139.002235,6139.282235,6139.868735,6146.302235,1,NaN,0,5.99999999999996,2,1,65,0.5
520,6147.933735,6146.839235,6147.411735,6147.933735,6150.023235,1,NaN,0,5.99999999999996,2,1,65,0.5
521,6156.147735,6155.134735,6155.424235,6156.095235,6159.208235,1,2.99999999999994,0.0299999999999997,7.00000000000003,1,2,66,0.5
522,6161.338235,6159.885735,6160.192235,6161.285735,6164.629735,0,2.99999999999994,0.0299999999999997,5.99999999999996,2,1,65,0.5
523,6166.634235,6165.424235,6165.995235,6166.581735,6169.039735,1,2.99999999999994,0.0299999999999997,7.00000000000003,1,2,66,0.5
524,6171.152235,6170.253235,6170.521235,6171.099235,6172.986235,0,2.99999999999994,0.0299999999999997,5.99999999999996,2,1,65,0.5
525,6174.530735,6173.607735,6173.867235,6174.530735,6180.324735,1,NaN,0,5.99999999999996,2,1,65,0.5
526,6181.892235,6180.740735,6181.226735,6181.839235,6183.989235,1,2.99999999999994,0.0299999999999997,7.00000000000003,1,2,66,0.5
527,6186.105235,6184.915235,6185.346235,6186.053235,6189.275735,1,2.99999999999994,0.0299999999999997,7.00000000000003,1,2,66,0.5
528,6191.021235,6190.022235,6190.291735,6190.968235,6193.604735,0,2.99999999999994,0.0299999999999997,5.99999999999996,2,1,65,0.5
529,6195.415735,6194.494235,6194.847735,6195.415735,6197.700735,1,NaN,0,5.99999999999996,2,1,65,0.5
530,6205.454735,6204.590735,6204.830235,6205.454735,6208.473235,1,NaN,0,5.99999999999996,2,1,65,0.5
531,6213.312735,6211.730735,6212.191735,6213.312735,6220.051235,1,NaN,0,5.99999999999996,2,1,65,0.5
532,6222.234735,6220.699235,6221.294735,6222.182235,6225.763235,0,2.99999999999994,0.0299999999999997,5.99999999999996,2,1,65,0.5
533,6227.431735,6226.385735,6226.829735,6227.431735,6234.406235,1,NaN,0,5.99999999999996,2,1,65,0.5
534,6236.074735,6234.886235,6235.515235,6236.074735,6239.588235,1,NaN,0,5.99999999999996,2,1,65,0.5
535,6242.565735,6241.499235,6242.067735,6242.565735,6247.726735,1,NaN,0,5.99999999999996,2,1,65,0.5
536,6250.139735,6249.143235,6249.714735,6250.139735,6259.293235,1,NaN,0,5.99999999999996,2,1,65,0.5
537,6262.723735,6261.764735,6262.091735,6262.723735,6269.258235,1,NaN,0,5.99999999999996,2,1,65,0.5
538,6272.711235,6271.591735,6271.971235,6272.711235,6275.370235,1,NaN,0,5.99999999999996,2,1,65,0.5
539,6280.239235,6279.259735,6279.566235,6280.186235,6282.933235,0,2.99999999999994,0.0299999999999997,5.99999999999996,2,1,65,0.5
540,6284.744235,6283.685735,6284.138735,6284.744235,6290.837235,1,NaN,0,5.99999999999996,2,1,65,0.5
541,6292.323235,6291.283735,6291.735235,6292.323235,6296.942235,1,NaN,0,5.99999999999996,2,1,65,0.5
542,6299.675235,6297.975235,6299.016235,6299.622235,6301.765235,1,2.99999999999994,0.0299999999999997,7.00000000000003,1,2,66,0.5
543,6303.644735,6302.400735,6302.826235,6303.592235,6305.858235,1,2.99999999999994,0.0299999999999997,7.00000000000003,1,2,66,0.5
544,6307.496235,6306.454735,6306.652735,6307.493735,6309.327735,0,2.99999999999994,0.0299999999999997,5.99999999999996,2,1,65,0.5
545,6310.814235,6309.909735,6310.246735,6310.814235,6316.314235,1,NaN,0,5.99999999999996,2,1,65,0.5
546,6317.982735,6316.950235,6317.335735,6317.982735,6323.428735,1,NaN,0,5.99999999999996,2,1,65,0.5
547,6326.099235,6325.073735,6325.476735,6326.099235,6331.592235,1,NaN,0,5.99999999999996,2,1,65,0.5
548,6334.848235,6333.690735,6334.208735,6334.795235,6337.476735,1,2.99999999999994,0.0299999999999997,7.00000000000003,1,2,66,0.5
549,6339.093235,6338.008735,6338.448235,6339.093235,6346.041735,0,NaN,0,7.00000000000003,1,2,66,0.5
550,6348.016735,6347.189235,6347.415735,6347.964235,6349.912735,1,2.99999999999994,0.0299999999999997,7.00000000000003,1,2,66,0.5
551,6351.612735,6350.634735,6350.959235,6351.559735,6353.561735,0,2.99999999999994,0.0299999999999997,5.99999999999996,2,1,65,0.5
552,6355.489235,6354.350235,6354.847735,6355.436735,6360.501735,1,2.99999999999994,0.0299999999999997,7.00000000000003,1,2,66,0.5
553,6362.100735,6360.977735,6361.344235,6362.100735,6365.641735,1,NaN,0,5.99999999999996,2,1,65,0.5
554,6369.067735,6368.095235,6368.576735,6369.067735,6374.500235,1,NaN,0,5.99999999999996,2,1,65,0.5
555,6376.801735,6375.048735,6376.233735,6376.801735,6381.826735,1,NaN,0,5.99999999999996,2,1,65,0.5
556,6385.898235,6384.849735,6385.303235,6385.845235,6387.840235,1,2.99999999999994,0.0299999999999997,7.00000000000003,1,2,66,0.5
557,6389.455735,6388.434235,6388.711735,6389.403235,6391.496235,0,2.99999999999994,0.0299999999999997,5.99999999999996,2,1,65,0.5
558,6393.042235,6392.093735,6392.399235,6393.042235,6395.134235,1,NaN,0,5.99999999999996,2,1,65,0.5
559,6399.832235,6398.716735,6399.265235,6399.832235,6403.752735,1,NaN,0,5.99999999999996,2,1,65,0.5
560,6407.371235,6405.861735,6406.897235,6407.371235,6412.706735,1,NaN,0,5.99999999999996,2,1,65,0.5
561,6414.416235,6413.200735,6413.807735,6414.363735,6416.704735,1,2.99999999999994,0.0299999999999997,7.00000000000003,1,2,66,0.5
562,6418.341735,6417.327235,6417.644235,6418.289235,6420.339235,0,2.99999999999994,0.0299999999999997,5.99999999999996,2,1,65,0.5
563,6421.844235,6420.937235,6421.305235,6421.844235,6423.675735,1,NaN,0,5.99999999999996,2,1,65,0.5
564,6429.026235,6427.914235,6428.489235,6429.026235,6433.049735,1,NaN,0,5.99999999999996,2,1,65,0.5
565,6436.728735,6435.769735,6436.262735,6436.728735,6441.481235,1,NaN,0,5.99999999999996,2,1,65,0.5
566,6444.740735,6443.609235,6444.142235,6444.687735,6447.027735,1,2.99999999999994,0.0299999999999997,7.00000000000003,1,2,66,0.5
567,6448.849235,6447.676735,6448.179735,6448.797235,6450.587735,1,2.99999999999994,0.0299999999999997,7.00000000000003,1,2,66,0.5
568,6456.414735,6455.540735,6455.823735,6456.361235,6458.425735,0,2.99999999999994,0.0299999999999997,5.99999999999996,2,1,65,0.5
569,6460.171235,6459.093735,6459.613235,6460.171235,6462.290735,1,NaN,0,5.99999999999996,2,1,65,0.5
570,6467.197735,6465.949735,6466.511235,6467.195235,6468.875235,0,2.99999999999994,0.0299999999999997,5.99999999999996,2,1,65,0.5
571,6470.886735,6469.547235,6470.239235,6470.875735,6473.002235,1,2.99999999999994,0.0299999999999997,7.00000000000003,1,2,66,0.5
572,6474.661735,6473.651735,6474.027735,6474.609235,6476.748735,0,2.99999999999994,0.0299999999999997,5.99999999999996,2,1,65,0.5
573,6478.226735,6477.337735,6477.654235,6478.226735,6483.450235,1,NaN,0,5.99999999999996,2,1,65,0.5
574,6485.780235,6483.994235,6485.246235,6485.780235,6489.845235,1,NaN,0,5.99999999999996,2,1,65,0.5
575,6492.187735,6491.398735,6491.546735,6492.134735,6498.081235,1,2.99999999999994,0.0299999999999997,7.00000000000003,1,2,66,0.5
576,6500.022235,6498.723735,6499.194235,6500.022235,6504.618735,1,NaN,0,5.99999999999996,2,1,65,0.5
577,6508.571735,6507.562735,6508.004235,6508.571735,6519.797235,1,NaN,0,5.99999999999996,2,1,65,0.5
578,6521.205735,6520.169235,6520.629235,6521.205735,6523.654735,1,NaN,0,5.99999999999996,2,1,65,0.5
579,6529.751735,6528.558735,6529.074235,6529.698735,6537.144235,1,2.99999999999994,0.0299999999999997,7.00000000000003,1,2,66,0.5
580,6538.819235,6537.778235,6538.142735,6538.767235,6540.682235,0,2.99999999999994,0.0299999999999997,5.99999999999996,2,1,65,0.5
581,6542.877235,6542.000235,6542.318235,6542.877235,6548.810735,1,NaN,0,5.99999999999996,2,1,65,0.5
582,6551.019735,6550.005735,6550.430235,6551.019735,6557.572735,1,NaN,0,5.99999999999996,2,1,65,0.5
583,6561.413735,6560.230735,6560.590735,6561.411235,6648.104735,0,2.99999999999994,0.0299999999999997,5.99999999999996,2,1,65,0.5
584,6649.688735,6648.817235,6649.167735,6649.688735,6652.583235,1,NaN,0,5.99999999999996,2,1,65,0.5
585,6658.872735,6657.831235,6658.166735,6658.872735,6660.924735,1,NaN,0,5.99999999999996,2,1,65,0.5
586,6665.931735,6664.502235,6664.981235,6665.879235,6669.710735,0,2.99999999999994,0.0299999999999997,5.99999999999996,2,1,65,0.5
587,6671.360235,6670.213235,6670.684735,6671.307735,6675.416735,1,2.99999999999994,0.0299999999999997,7.00000000000003,1,2,66,0.5
588,6677.466735,6676.001735,6676.471735,6677.413735,6681.154735,1,2.99999999999994,0.0299999999999997,7.00000000000003,1,2,66,0.5
589,6682.756235,6681.732235,6682.058235,6682.756235,6684.930735,1,NaN,0,5.99999999999996,2,1,65,0.5
590,6690.120735,6688.739735,6689.363235,6690.068235,6691.956235,1,2.99999999999994,0.0299999999999997,7.00000000000003,1,2,66,0.5
591,6693.641735,6692.645235,6692.991735,6693.588735,6695.798735,0,2.99999999999994,0.0299999999999997,5.99999999999996,2,1,65,0.5
592,6697.849235,6696.797235,6697.252235,6697.796235,6700.351735,1,2.99999999999994,0.0299999999999997,7.00000000000003,1,2,66,0.5
593,6701.891235,6701.060235,6701.255235,6701.838235,6705.990235,0,2.99999999999994,0.0299999999999997,5.99999999999996,2,1,65,0.5
594,6707.629235,6706.601235,6707.036735,6707.576735,6709.656235,1,2.99999999999994,0.0299999999999997,7.00000000000003,1,2,66,0.5
595,6711.123735,6710.255735,6710.500235,6711.071235,6713.429235,0,2.99999999999994,0.0299999999999997,5.99999999999996,2,1,65,0.5
596,6715.244235,6714.139735,6714.597735,6715.191735,6717.356235,1,2.99999999999994,0.0299999999999997,7.00000000000003,1,2,66,0.5
597,6719.109235,6718.136735,6718.479735,6719.057235,6720.811735,0,2.99999999999994,0.0299999999999997,5.99999999999996,2,1,65,0.5
598,6722.391235,6721.469235,6721.813735,6722.391235,6724.016235,1,NaN,0,5.99999999999996,2,1,65,0.5
599,6728.796235,6727.724735,6728.250735,6728.796235,6735.480735,1,NaN,0,5.99999999999996,2,1,65,0.5
600,6737.112235,6735.915235,6736.435735,6737.060235,6739.704735,1,2.99999999999994,0.0299999999999997,7.00000000000003,1,2,66,0.5
601,6741.494235,6740.384235,6740.765735,6741.441235,6743.551735,0,2.99999999999994,0.0299999999999997,5.99999999999996,2,1,65,0.5
602,6745.028735,6744.110735,6744.468735,6745.028735,6750.121235,1,NaN,0,5.99999999999996,2,1,65,0.5
603,6752.068235,6750.641235,6751.475235,6752.068235,6756.409235,1,NaN,0,5.99999999999996,2,1,65,0.5
604,6758.849735,6757.544235,6758.133735,6758.796735,6761.851235,0,2.99999999999994,0.0299999999999997,5.99999999999996,2,1,65,0.5
605,6763.408235,6762.339235,6762.864735,6763.408235,6769.870235,1,NaN,0,5.99999999999996,2,1,65,0.5
606,6771.522735,6770.304735,6771.005735,6771.522735,6777.634735,1,NaN,0,5.99999999999996,2,1,65,0.5
607,6782.453735,6781.300735,6781.838735,6782.401235,6784.602735,0,2.99999999999994,0.0299999999999997,5.99999999999996,2,1,65,0.5
608,6786.617735,6785.452735,6785.978235,6786.564735,6788.451735,1,2.99999999999994,0.0299999999999997,7.00000000000003,1,2,66,0.5
609,6790.093235,6789.061735,6789.468235,6790.039735,6792.565235,1,2.99999999999994,0.0299999999999997,7.00000000000003,1,2,66,0.5
610,6794.081235,6793.120235,6793.441235,6794.028235,6796.015235,0,2.99999999999994,0.0299999999999997,5.99999999999996,2,1,65,0.5
611,6797.401735,6796.575735,6796.894735,6797.401735,6799.406735,1,NaN,0,5.99999999999996,2,1,65,0.5
612,6805.248735,6803.945735,6804.540735,6805.196235,6807.514235,1,2.99999999999994,0.0299999999999997,7.00000000000003,1,2,66,0.5
613,6809.197235,6808.117735,6808.492235,6809.144235,6811.305235,0,2.99999999999994,0.0299999999999997,5.99999999999996,2,1,65,0.5
614,6812.837735,6811.879735,6812.227735,6812.837735,6821.823735,1,NaN,0,5.99999999999996,2,1,65,0.5
615,6823.623235,6822.322235,6822.933735,6823.570735,6825.711735,1,2.99999999999994,0.0299999999999997,7.00000000000003,1,2,66,0.5
616,6827.877235,6826.447235,6826.936235,6827.874735,6829.441735,0,2.99999999999994,0.0299999999999997,5.99999999999996,2,1,65,0.5
617,6831.413235,6830.239735,6830.721735,6831.360735,6833.655235,1,2.99999999999994,0.0299999999999997,7.00000000000003,1,2,66,0.5
618,6835.198235,6834.231235,6834.532235,6835.145735,6837.874735,0,2.99999999999994,0.0299999999999997,5.99999999999996,2,1,65,0.5
619,6839.357735,6838.446735,6838.826735,6839.357735,6845.045235,1,NaN,0,5.99999999999996,2,1,65,0.5
620,6847.895735,6846.675235,6847.204735,6847.843235,6849.538235,0,2.99999999999994,0.0299999999999997,5.99999999999996,2,1,65,0.5
621,6851.241735,6850.154235,6850.621735,6851.188735,6853.100235,1,2.99999999999994,0.0299999999999997,7.00000000000003,1,2,66,0.5
622,6854.701735,6853.598735,6854.078235,6854.648735,6856.754235,1,2.99999999999994,0.0299999999999997,7.00000000000003,1,2,66,0.5
623,6858.905735,6857.429235,6857.840235,6858.852735,6860.871735,1,2.99999999999994,0.0299999999999997,7.00000000000003,1,2,66,0.5
624,6862.533735,6861.508235,6861.864735,6862.480735,6865.088735,0,2.99999999999994,0.0299999999999997,5.99999999999996,2,1,65,0.5
625,6866.675735,6865.671735,6866.093735,6866.622735,6868.670235,1,2.99999999999994,0.0299999999999997,7.00000000000003,1,2,66,0.5
626,6870.468235,6869.272735,6869.579235,6870.415235,6872.510735,0,2.99999999999994,0.0299999999999997,5.99999999999996,2,1,65,0.5
627,6875.371735,6874.502235,6874.813235,6875.371735,6881.212235,1,NaN,0,5.99999999999996,2,1,65,0.5
628,6883.301735,6882.595235,6882.704735,6883.248235,6885.477735,0,2.99999999999994,0.0299999999999997,5.99999999999996,2,1,65,0.5
629,6887.122735,6886.048235,6886.496235,6887.069235,6889.472235,1,2.99999999999994,0.0299999999999997,7.00000000000003,1,2,66,0.5
630,6890.992735,6889.975735,6890.341735,6890.940235,6892.806735,0,2.99999999999994,0.0299999999999997,5.99999999999996,2,1,65,0.5
631,6894.237735,6893.324735,6893.676235,6894.237735,6899.344235,1,NaN,0,5.99999999999996,2,1,65,0.5
632,6902.504235,6901.423735,6901.879735,6902.504235,6908.987735,1,NaN,0,5.99999999999996,2,1,65,0.5
633,6910.843735,6910.083235,6910.274735,6910.843735,6916.884235,1,NaN,0,5.99999999999996,2,1,65,0.5
634,6918.666735,6917.263735,6918.018735,6918.613735,6921.184735,0,2.99999999999994,0.0299999999999997,5.99999999999996,2,1,65,0.5
635,6923.465235,6922.690735,6922.904735,6923.465235,6929.377735,1,NaN,0,5.99999999999996,2,1,65,0.5
636,6931.873735,6930.683735,6931.376235,6931.873735,6935.726735,1,NaN,0,5.99999999999996,2,1,65,0.5
637,6939.435235,6938.098735,6938.873235,6939.382235,6941.406235,1,2.99999999999994,0.0299999999999997,7.00000000000003,1,2,66,0.5
638,6945.528235,6943.472735,6943.884735,6945.518235,6947.975235,1,2.99999999999994,0.0299999999999997,7.00000000000003,1,2,66,0.5
639,6950.202235,6949.339735,6949.557735,6950.149735,6951.721735,0,2.99999999999994,0.0299999999999997,5.99999999999996,2,1,65,0.5
640,6953.317235,6952.246735,6952.736235,6953.264735,6954.924235,1,2.99999999999994,0.0299999999999997,7.00000000000003,1,2,66,0.5
641,6956.568735,6955.410735,6955.898235,6956.515735,6958.193735,0,2.99999999999994,0.0299999999999997,5.99999999999996,2,1,65,0.5
642,6959.913235,6958.874735,6959.219235,6959.913235,6965.506735,1,NaN,0,5.99999999999996,2,1,65,0.5
643,6966.837235,6965.831235,6966.337735,6966.837235,6973.258735,1,NaN,0,5.99999999999996,2,1,65,0.5
644,6974.597735,6973.665235,6974.131735,6974.597735,6984.195235,1,NaN,0,5.99999999999996,2,1,65,0.5
645,6985.642735,6984.717235,6984.951235,6985.589735,6987.512235,0,2.99999999999994,0.0299999999999997,5.99999999999996,2,1,65,0.5
646,6989.113735,6988.030235,6988.476735,6989.060735,6991.154735,1,2.99999999999994,0.0299999999999997,7.00000000000003,1,2,66,0.5
647,6992.524235,6991.667235,6991.896735,6992.472235,6994.200235,0,2.99999999999994,0.0299999999999997,5.99999999999996,2,1,65,0.5
648,6995.830735,6994.849735,6995.241735,6995.830735,6997.437735,1,NaN,0,5.99999999999996,2,1,65,0.5
649,7003.699235,7002.533735,7003.098235,7003.646735,7005.651735,1,2.99999999999994,0.0299999999999997,7.00000000000003,1,2,66,0.5
650,7007.367235,7006.217735,7006.666235,7007.313735,7008.913235,0,2.99999999999994,0.0299999999999997,5.99999999999996,2,1,65,0.5
651,7010.628235,7009.586235,7010.034735,7010.575735,7012.523735,1,2.99999999999994,0.0299999999999997,7.00000000000003,1,2,66,0.5
652,7013.983235,7013.062735,7013.397735,7013.929735,7015.971235,0,2.99999999999994,0.0299999999999997,5.99999999999996,2,1,65,0.5
653,7017.424735,7016.540735,7016.886235,7017.424735,7019.399235,1,NaN,0,5.99999999999996,2,1,65,0.5
654,7024.068235,7022.935735,7023.474235,7024.015735,7026.046235,1,2.99999999999994,0.0299999999999997,7.00000000000003,1,2,66,0.5
655,7027.688235,7026.568235,7027.007735,7027.685235,7029.708735,1,2.99999999999994,0.0299999999999997,7.00000000000003,1,2,66,0.5
656,7031.210735,7030.254235,7030.542735,7031.158235,7032.917235,0,2.99999999999994,0.0299999999999997,5.99999999999996,2,1,65,0.5
657,7034.569235,7033.566735,7033.987735,7034.569235,7040.977235,1,NaN,0,5.99999999999996,2,1,65,0.5
658,7042.984235,7041.825735,7042.335235,7042.931235,7044.850235,0,2.99999999999994,0.0299999999999997,5.99999999999996,2,1,65,0.5
659,7046.550235,7045.473735,7045.985235,7046.550235,7051.359735,1,NaN,0,5.99999999999996,2,1,65,0.5
660,7053.548235,7052.308235,7052.952235,7053.494735,7056.677735,0,2.99999999999994,0.0299999999999997,5.99999999999996,2,1,65,0.5
661,7058.187235,7057.173735,7057.569735,7058.134735,7059.990735,1,2.99999999999994,0.0299999999999997,7.00000000000003,1,2,66,0.5
662,7061.630235,7060.516235,7060.950235,7061.577235,7063.925235,0,2.99999999999994,0.0299999999999997,5.99999999999996,2,1,65,0.5
663,7065.450735,7064.431235,7064.868235,7065.397735,7067.104235,1,2.99999999999994,0.0299999999999997,7.00000000000003,1,2,66,0.5
664,7068.589735,7067.632235,7067.942235,7068.537235,7070.626735,0,2.99999999999994,0.0299999999999997,5.99999999999996,2,1,65,0.5
665,7072.248235,7071.198735,7071.655735,7072.195235,7074.038235,1,2.99999999999994,0.0299999999999997,7.00000000000003,1,2,66,0.5
666,7075.642735,7074.640235,7075.043235,7075.589235,7078.556235,1,2.99999999999994,0.0299999999999997,7.00000000000003,1,2,66,0.5
667,7080.248235,7079.053235,7079.501235,7080.195235,7082.112735,1,2.99999999999994,0.0299999999999997,7.00000000000003,1,2,66,0.5
668,7083.640235,7082.694235,7083.008735,7083.586735,7086.706735,0,2.99999999999994,0.0299999999999997,5.99999999999996,2,1,65,0.5
669,7088.160235,7087.172235,7087.589735,7088.106735,7089.957735,1,2.99999999999994,0.0299999999999997,7.00000000000003,1,2,66,0.5
670,7091.381235,7090.467735,7090.755735,7091.328235,7093.407735,0,2.99999999999994,0.0299999999999997,5.99999999999996,2,1,65,0.5
671,7094.851735,7093.929235,7094.292235,7094.851735,7101.221735,1,NaN,0,5.99999999999996,2,1,65,0.5
672,7102.530735,7101.642735,7102.011735,7102.530735,7108.916235,1,NaN,0,5.99999999999996,2,1,65,0.5
673,7111.084735,7109.983235,7110.384735,7111.032235,7113.008235,0,2.99999999999994,0.0299999999999997,5.99999999999996,2,1,65,0.5
674,7114.631735,7113.606735,7114.021735,7114.578735,7117.668235,1,2.99999999999994,0.0299999999999997,7.00000000000003,1,2,66,0.5
675,7119.279235,7118.247735,7118.637235,7119.225735,7122.289235,0,2.99999999999994,0.0299999999999997,5.99999999999996,2,1,65,0.5
676,7123.689735,7122.748735,7123.116735,7123.689735,7125.290735,1,NaN,0,5.99999999999996,2,1,65,0.5
677,7130.472735,7129.305235,7129.879735,7130.419735,7132.388735,1,2.99999999999994,0.0299999999999997,7.00000000000003,1,2,66,0.5
678,7134.136235,7132.951735,7133.425735,7134.083735,7136.127235,1,2.99999999999994,0.0299999999999997,7.00000000000003,1,2,66,0.5
679,7137.738235,7136.778735,7137.064235,7137.685735,7139.878235,0,2.99999999999994,0.0299999999999997,5.99999999999996,2,1,65,0.5
680,7143.869735,7142.645735,7143.057735,7143.816735,7145.839235,0,2.99999999999994,0.0299999999999997,5.99999999999996,2,1,65,0.5
681,7147.861735,7146.517735,7147.104735,7147.808735,7150.310735,1,2.99999999999994,0.0299999999999997,7.00000000000003,1,2,66,0.5
682,7151.799735,7150.796235,7151.215235,7151.747735,7153.678735,1,2.99999999999994,0.0299999999999997,7.00000000000003,1,2,66,0.5
683,7155.270235,7154.270735,7154.607235,7155.217235,7157.011735,0,2.99999999999994,0.0299999999999997,5.99999999999996,2,1,65,0.5
684,7158.534235,7157.605735,7157.962235,7158.534235,7164.721235,1,NaN,0,5.99999999999996,2,1,65,0.5
685,7168.709735,7167.548735,7168.084235,7168.656735,7171.181235,1,2.99999999999994,0.0299999999999997,7.00000000000003,1,2,66,0.5
686,7172.678735,7171.637735,7172.075235,7172.626235,7174.349235,1,2.99999999999994,0.0299999999999997,7.00000000000003,1,2,66,0.5
687,7175.947735,7174.859235,7175.307235,7175.895235,7178.192235,1,2.99999999999994,0.0299999999999997,7.00000000000003,1,2,66,0.5
688,7179.645235,7178.678735,7178.989235,7179.592735,7181.245235,0,2.99999999999994,0.0299999999999997,5.99999999999996,2,1,65,0.5
689,7182.954235,7182.075735,7182.382735,7182.954235,7183.213735,1,NaN,0,5.99999999999996,2,1,65,0.5
690,7189.718235,7188.650735,7189.192735,7189.718235,7196.291235,1,NaN,0,5.99999999999996,2,1,65,0.5
691,7198.313235,7197.303735,7197.803235,7198.313235,7200.448735,1,NaN,0,5.99999999999996,2,1,65,0.5
692,7205.570235,7204.399735,7205.099735,7205.570235,7205.719735,1,NaN,0,5.99999999999996,2,1,65,0.5
693,7213.787735,7212.708235,7213.186735,7213.734735,7216.432235,0,2.99999999999994,0.0299999999999997,5.99999999999996,2,1,65,0.5
694,7217.921235,7217.005735,7217.398235,7217.921235,7218.225235,1,NaN,0,5.99999999999996,2,1,65,0.5
695,7225.428235,7224.643735,7224.922235,7225.428235,7227.117735,1,NaN,0,5.99999999999996,2,1,65,0.5
696,7232.666235,7231.496735,7232.130735,7232.614235,7234.735235,1,2.99999999999994,0.0299999999999997,7.00000000000003,1,2,66,0.5
697,7236.283735,7235.285235,7235.622735,7236.230735,7238.099735,0,2.99999999999994,0.0299999999999997,5.99999999999996,2,1,65,0.5
698,7240.422735,7238.607735,7239.050735,7240.369735,7242.608235,0,2.99999999999994,0.0299999999999997,5.99999999999996,2,1,65,0.5
699,7245.651235,7244.672235,7244.972235,7245.598735,7255.363235,0,2.99999999999994,0.0299999999999997,5.99999999999996,2,1,65,0.5
700,7256.895235,7255.849735,7256.305235,7256.842235,7258.654235,1,2.99999999999994,0.0299999999999997,7.00000000000003,1,2,66,0.5
701,7260.231735,7259.218235,7259.610735,7260.178735,7262.315235,1,2.99999999999994,0.0299999999999997,7.00000000000003,1,2,66,0.5
702,7263.748735,7262.815235,7263.182235,7263.695735,7265.884235,1,2.99999999999994,0.0299999999999997,7.00000000000003,1,2,66,0.5
703,7267.335235,7266.375735,7266.662235,7267.282235,7269.165735,0,2.99999999999994,0.0299999999999997,5.99999999999996,2,1,65,0.5
704,7270.808235,7269.686735,7270.175235,7270.755735,7272.689235,1,2.99999999999994,0.0299999999999997,7.00000000000003,1,2,66,0.5
705,7274.059235,7273.452235,7273.513235,7274.006235,7276.014235,1,2.99999999999994,0.0299999999999997,7.00000000000003,1,2,66,0.5
706,7277.874235,7276.864235,7276.909235,7277.874235,7282.570735,1,NaN,0,5.99999999999996,2,1,65,0.5
707,7288.871235,7288.056235,7288.343735,7288.818235,7298.639235,0,2.99999999999994,0.0299999999999997,5.99999999999996,2,1,65,0.5
708,7300.796235,7299.343735,7299.771735,7300.796235,7303.819735,1,NaN,0,5.99999999999996,2,1,65,0.5
709,7307.393735,7306.352235,7306.801735,7307.390735,7309.817735,1,2.99999999999994,0.0299999999999997,7.00000000000003,1,2,66,0.5
710,7311.288735,7310.337235,7310.564235,7311.288735,7323.345735,1,NaN,0,5.99999999999996,2,1,65,0.5
711,7327.957235,7326.915235,7327.365235,7327.957235,7328.099235,1,NaN,0,5.99999999999996,2,1,65,0.5
712,7336.920235,7336.060735,7336.322735,7336.867735,7338.678235,0,2.99999999999994,0.0299999999999997,5.99999999999996,2,1,65,0.5
713,7340.253735,7339.236235,7339.658735,7340.253735,7347.081735,1,NaN,0,5.99999999999996,2,1,65,0.5
714,7349.785235,7348.584735,7349.067235,7349.732735,7351.790735,1,2.99999999999994,0.0299999999999997,7.00000000000003,1,2,66,0.5
715,7353.229235,7352.300235,7352.630735,7353.176235,7355.386735,0,2.99999999999994,0.0299999999999997,5.99999999999996,2,1,65,0.5
716,7356.961735,7355.985235,7356.369735,7356.908735,7358.862235,1,2.99999999999994,0.0299999999999997,7.00000000000003,1,2,66,0.5
717,7360.253735,7359.403235,7359.630735,7360.200735,7362.321735,0,2.99999999999994,0.0299999999999997,5.99999999999996,2,1,65,0.5
718,7364.084235,7362.820735,7363.177735,7364.084235,7366.071735,1,NaN,0,5.99999999999996,2,1,65,0.5
719,7371.219235,7369.876235,7370.471735,7371.166735,7375.639735,0,2.99999999999994,0.0299999999999997,5.99999999999996,2,1,65,0.5
720,7377.296235,7376.160235,7376.636235,7377.296235,7380.160735,1,NaN,0,5.99999999999996,2,1,65,0.5
721,7383.537235,7382.675235,7383.105735,7383.537235,7394.961235,1,NaN,0,5.99999999999996,2,1,65,0.5
722,7396.190235,7395.369235,7395.642235,7396.137735,7398.743735,0,2.99999999999994,0.0299999999999997,5.99999999999996,2,1,65,0.5
723,7400.329235,7399.237235,7399.706735,7400.276235,7402.868735,1,2.99999999999994,0.0299999999999997,7.00000000000003,1,2,66,0.5
724,7404.336235,7403.382235,7403.719235,7404.284235,7406.612235,0,2.99999999999994,0.0299999999999997,5.99999999999996,2,1,65,0.5
725,7408.660235,7407.769235,7408.150735,7408.660235,7411.577735,1,NaN,0,5.99999999999996,2,1,65,0.5
726,7843.291735,7841.128235,7841.562735,7843.291735,7847.954735,1,NaN,0,5.99999999999996,2,1,65,0.5
727,7851.452235,7850.382735,7850.571735,7851.399735,7855.995735,1,2.99999999999994,0.0299999999999997,7.00000000000003,1,2,66,0.5
728,7858.325735,7857.422235,7857.468735,7858.273235,7860.914735,0,2.99999999999994,0.0299999999999997,5.99999999999996,2,1,65,0.5
729,7863.738235,7861.950235,7862.357735,7863.685735,7866.225235,0,2.99999999999994,0.0299999999999997,5.99999999999996,2,1,65,0.5
730,7880.016235,7867.395235,7867.764235,NaN,7911.822735,NaN,NaN,0,5.99999999999996,2,1,65,0.5
731,7913.638735,7912.149735,7912.791235,7913.636235,7917.087235,1,2.99999999999994,0.0299999999999997,7.00000000000003,1,2,66,0.5
732,7918.856235,7917.849235,7918.248235,7918.802735,7921.590735,1,2.99999999999994,0.0299999999999997,7.00000000000003,1,2,66,0.5
733,7923.252735,7922.133235,7922.520735,7923.199735,7925.826235,0,2.99999999999994,0.0299999999999997,5.99999999999996,2,1,65,0.5
734,7929.062235,7928.065735,7928.430735,7929.062235,7934.262235,1,NaN,0,5.99999999999996,2,1,65,0.5
735,7939.036235,7937.978735,7938.323235,7938.983735,7941.597235,0,2.99999999999994,0.0299999999999997,5.99999999999996,2,1,65,0.5
736,7943.697235,7942.565735,7942.831235,7943.697235,7954.685235,1,NaN,0,5.99999999999996,2,1,65,0.5
737,7961.295735,7960.070735,7960.374235,7961.242735,7963.277735,0,2.99999999999994,0.0299999999999997,5.99999999999996,2,1,65,0.5
738,7966.962235,7964.606235,7964.966235,7966.909235,7969.516735,0,2.99999999999994,0.0299999999999997,5.99999999999996,2,1,65,0.5
739,7972.052235,7970.105735,7970.459735,7971.998735,7974.034235,0,2.99999999999994,0.0299999999999997,5.99999999999996,2,1,65,0.5
740,7978.124735,7976.965235,7977.478735,7978.072235,7979.988735,1,2.99999999999994,0.0299999999999997,7.00000000000003,1,2,66,0.5
741,7982.679235,7981.521235,7981.944235,7982.626735,7985.078735,1,2.99999999999994,0.0299999999999997,7.00000000000003,1,2,66,0.5
742,7986.922735,7985.936735,7986.231235,7986.870235,7988.856735,1,2.99999999999994,0.0299999999999997,7.00000000000003,1,2,66,0.5
743,7990.580735,7989.832735,7989.954235,7990.527735,7992.453735,0,2.99999999999994,0.0299999999999997,5.99999999999996,2,1,65,0.5
744,7994.720235,7993.806735,7994.150735,7994.720235,8000.635735,1,NaN,0,5.99999999999996,2,1,65,0.5
745,8002.221235,8001.288735,8001.704735,8002.221235,8007.000735,1,NaN,0,5.99999999999996,2,1,65,0.5
746,8009.796735,8008.680235,8009.241235,8009.744235,8013.300235,1,2.99999999999994,0.0299999999999997,7.00000000000003,1,2,66,0.5
747,8015.717235,8014.458235,8014.937735,8015.717235,8016.919735,0,NaN,0,7.00000000000003,1,2,66,0.5
748,8035.839735,8023.218235,8023.607235,NaN,8048.502735,NaN,NaN,0,5.99999999999996,2,1,65,0.5
749,8050.364235,8049.739235,8049.862235,8050.357235,8052.848735,0,2.99999999999994,0.0299999999999997,5.99999999999996,2,1,65,0.5
750,8055.257235,8053.693735,8053.976735,8055.204235,8057.112235,0,2.99999999999994,0.0299999999999997,5.99999999999996,2,1,65,0.5
751,8058.818735,8057.636235,8058.079735,8058.766735,8061.093235,1,2.99999999999994,0.0299999999999997,7.00000000000003,1,2,66,0.5
752,8062.431735,8061.652735,8061.841235,8062.379235,8064.039735,0,2.99999999999994,0.0299999999999997,5.99999999999996,2,1,65,0.5
753,8065.778235,8064.717735,8065.172735,8065.725235,8067.630735,1,2.99999999999994,0.0299999999999997,7.00000000000003,1,2,66,0.5
754,8069.142735,8068.176235,8068.533235,8069.089235,8071.110235,1,2.99999999999994,0.0299999999999997,7.00000000000003,1,2,66,0.5
755,8072.597235,8071.700735,8071.911235,8072.544235,8074.188735,0,2.99999999999994,0.0299999999999997,5.99999999999996,2,1,65,0.5
756,8076.086735,8074.948235,8075.442735,8076.034235,8078.098235,1,2.99999999999994,0.0299999999999997,7.00000000000003,1,2,66,0.5
757,8079.460235,8078.673735,8078.943735,8079.460235,8085.387235,1,NaN,0,5.99999999999996,2,1,65,0.5
758,8088.047235,8086.922235,8087.547235,8088.047235,8094.054735,1,NaN,0,5.99999999999996,2,1,65,0.5
759,8095.430235,8094.578235,8094.944235,8095.430235,8102.652735,1,NaN,0,5.99999999999996,2,1,65,0.5
760,8104.298735,8103.371735,8103.830735,8104.298735,8104.413735,1,NaN,0,5.99999999999996,2,1,65,0.5
761,8163.101735,8155.706735,8156.117235,8163.048735,8167.688235,0,2.99999999999994,0.0299999999999997,5.99999999999996,2,1,65,0.5
762,8185.138735,8183.766735,8184.180735,8185.086735,8188.721235,1,2.99999999999994,0.0299999999999997,7.00000000000003,1,2,66,0.5
763,8191.974735,8190.776235,8190.997735,8191.922235,8195.495235,0,2.99999999999994,0.0299999999999997,5.99999999999996,2,1,65,0.5
764,8197.822735,8196.034235,8196.948235,8197.769735,8201.751735,1,2.99999999999994,0.0299999999999997,7.00000000000003,1,2,66,0.5
765,8203.473735,8202.354735,8202.761235,8203.473735,8213.094235,1,NaN,0,5.99999999999996,2,1,65,0.5
766,8218.451735,8217.377235,8217.803235,8218.451735,8222.833735,1,NaN,0,5.99999999999996,2,1,65,0.5
767,8225.394235,8224.317735,8224.791235,8225.341235,8227.602235,1,2.99999999999994,0.0299999999999997,7.00000000000003,1,2,66,0.5
768,8229.237235,8228.189735,8228.601735,8229.237235,8233.507735,1,NaN,0,5.99999999999996,2,1,65,0.5
769,8236.392735,8235.245235,8235.741235,8236.339735,8238.599735,1,2.99999999999994,0.0299999999999997,7.00000000000003,1,2,66,0.5
770,8240.202735,8239.174735,8239.527735,8240.149735,8242.852235,0,2.99999999999994,0.0299999999999997,5.99999999999996,2,1,65,0.5
771,8246.023735,8244.918735,8245.271735,8245.971235,8248.180235,1,2.99999999999994,0.0299999999999997,7.00000000000003,1,2,66,0.5
772,8249.543235,8248.695235,8249.004735,8249.543235,8256.526235,1,NaN,0,5.99999999999996,2,1,65,0.5
773,8262.800735,8260.073235,8261.758735,8262.747735,8265.418235,0,2.99999999999994,0.0299999999999997,5.99999999999996,2,1,65,0.5
774,8267.589235,8266.672235,8266.927735,8267.535735,8269.377735,1,2.99999999999994,0.0299999999999997,7.00000000000003,1,2,66,0.5
775,8270.945235,8269.878235,8270.353235,8270.931235,8272.702235,1,2.99999999999994,0.0299999999999997,7.00000000000003,1,2,66,0.5
776,8274.322735,8273.294735,8273.685735,8274.269235,8276.193235,1,2.99999999999994,0.0299999999999997,7.00000000000003,1,2,66,0.5
777,8277.740235,8276.688235,8277.045235,8277.687735,8280.036235,0,2.99999999999994,0.0299999999999997,5.99999999999996,2,1,65,0.5
778,8282.752235,8281.308735,8282.045235,8282.699735,8284.802735,1,2.99999999999994,0.0299999999999997,7.00000000000003,1,2,66,0.5
779,8286.313235,8285.361735,8285.678735,8286.313235,8288.526735,1,NaN,0,5.99999999999996,2,1,65,0.5
780,8293.870235,8292.723235,8293.326235,8293.870235,8299.499235,1,NaN,0,5.99999999999996,2,1,65,0.5
781,8305.281735,8302.273235,8302.639235,8305.281735,8320.272735,1,NaN,0,5.99999999999996,2,1,65,0.5
782,8326.339735,8325.126735,8325.618735,8326.286735,8331.235235,0,2.99999999999994,0.0299999999999997,5.99999999999996,2,1,65,0.5
783,8382.269235,8377.340735,8377.703235,8382.269235,8382.452735,1,NaN,0,5.99999999999996,2,1,65,0.5
784,8391.186735,8388.770235,8389.259735,8391.133735,8398.447735,1,2.99999999999994,0.0299999999999997,7.00000000000003,1,2,66,0.5
785,8402.602235,8401.252235,8401.632735,8402.602235,8405.757235,1,NaN,0,5.99999999999996,2,1,65,0.5
786,8429.533235,8428.253735,8428.642735,8429.480735,8431.282235,0,2.99999999999994,0.0299999999999997,5.99999999999996,2,1,65,0.5
787,8433.599735,8432.193735,8432.928235,8433.546235,8436.048235,1,2.99999999999994,0.0299999999999997,7.00000000000003,1,2,66,0.5
788,8437.421735,8436.557235,8436.856235,8437.421735,8439.261735,1,NaN,0,5.99999999999996,2,1,65,0.5
789,8445.939235,8444.920235,8445.244235,8445.936735,8448.718235,0,2.99999999999994,0.0299999999999997,5.99999999999996,2,1,65,0.5
790,8450.713235,8449.480235,8450.077735,8450.660235,8453.707235,1,2.99999999999994,0.0299999999999997,7.00000000000003,1,2,66,0.5
791,8455.354735,8454.341735,8454.701235,8455.301735,8456.680735,0,2.99999999999994,0.0299999999999997,5.99999999999996,2,1,65,0.5
792,8458.361235,8457.272735,8457.609735,8458.308735,8461.083735,0,2.99999999999994,0.0299999999999997,5.99999999999996,2,1,65,0.5
793,8466.710235,8464.984735,8465.386735,8466.710235,8482.651235,1,NaN,0,5.99999999999996,2,1,65,0.5
794,8486.994735,8486.080235,8486.418735,8486.994735,8487.241235,1,NaN,0,5.99999999999996,2,1,65,0.5
795,8493.692235,8492.855735,8493.144235,8493.639735,8496.254735,0,2.99999999999994,0.0299999999999997,5.99999999999996,2,1,65,0.5
796,8497.941235,8496.846735,8497.303735,8497.888235,8499.459235,1,2.99999999999994,0.0299999999999997,7.00000000000003,1,2,66,0.5
797,8500.832735,8499.931735,8500.229235,8500.780235,8502.862735,0,2.99999999999994,0.0299999999999997,5.99999999999996,2,1,65,0.5
798,8504.641235,8503.947235,8503.999735,8504.589235,8506.750735,1,2.99999999999994,0.0299999999999997,7.00000000000003,1,2,66,0.5
799,8508.395235,8507.394235,8507.743735,8508.342735,8511.213235,0,2.99999999999994,0.0299999999999997,5.99999999999996,2,1,65,0.5
800,8514.489235,8513.284735,8513.800235,8514.489235,8517.437235,1,NaN,0,5.99999999999996,2,1,65,0.5
801,8522.503735,8520.825235,8521.240235,8522.450735,8526.321235,0,2.99999999999994,0.0299999999999997,5.99999999999996,2,1,65,0.5
802,8527.995235,8526.856735,8527.365235,8527.942235,8533.791735,1,2.99999999999994,0.0299999999999997,7.00000000000003,1,2,66,0.5
803,8535.385735,8534.354735,8534.733735,8535.333235,8537.843735,0,2.99999999999994,0.0299999999999997,5.99999999999996,2,1,65,0.5
804,8539.746735,8538.544235,8539.100235,8539.693735,8541.438235,1,2.99999999999994,0.0299999999999997,7.00000000000003,1,2,66,0.5
805,8542.835735,8541.928735,8542.167235,8542.783235,8544.930235,0,2.99999999999994,0.0299999999999997,5.99999999999996,2,1,65,0.5
806,8546.555235,8545.564735,8545.948735,8546.555235,8553.389235,1,NaN,0,5.99999999999996,2,1,65,0.5
807,8554.894735,8553.882235,8554.213235,8554.842235,8557.376735,0,2.99999999999994,0.0299999999999997,5.99999999999996,2,1,65,0.5
808,8558.957735,8557.867735,8558.351735,8558.904735,8560.767735,1,2.99999999999994,0.0299999999999997,7.00000000000003,1,2,66,0.5
809,8562.146235,8561.242735,8561.555735,8562.094235,8564.221735,0,2.99999999999994,0.0299999999999997,5.99999999999996,2,1,65,0.5
810,8577.306735,8565.444735,8565.665735,NaN,8588.677735,NaN,NaN,0,5.99999999999996,2,1,65,0.5
811,8590.388235,8589.236735,8589.711235,8590.335735,8592.317235,1,2.99999999999994,0.0299999999999997,7.00000000000003,1,2,66,0.5
812,8593.725235,8592.915235,8593.103235,8593.672735,8596.152235,0,2.99999999999994,0.0299999999999997,5.99999999999996,2,1,65,0.5
813,8597.741235,8596.707735,8597.126235,8597.687735,8599.483235,1,2.99999999999994,0.0299999999999997,7.00000000000003,1,2,66,0.5
814,8600.920735,8600.025235,8600.307735,8600.867735,8603.445235,0,2.99999999999994,0.0299999999999997,5.99999999999996,2,1,65,0.5
815,8605.039235,8603.909735,8604.403735,8604.985735,8606.871235,1,2.99999999999994,0.0299999999999997,7.00000000000003,1,2,66,0.5
816,8608.215735,8607.380735,8607.633235,8608.163235,8609.453735,1,2.99999999999994,0.0299999999999997,7.00000000000003,1,2,66,0.5
817,8611.022235,8610.029235,8610.413235,8610.969235,8613.059735,1,2.99999999999994,0.0299999999999997,7.00000000000003,1,2,66,0.5
818,8614.703735,8613.721235,8614.032235,8614.651235,8616.789735,0,2.99999999999994,0.0299999999999997,5.99999999999996,2,1,65,0.5
819,8618.406235,8617.331735,8617.714235,8618.353735,8620.422735,1,2.99999999999994,0.0299999999999997,7.00000000000003,1,2,66,0.5
820,8621.615235,8620.868735,8621.092735,8621.615235,8624.735235,1,NaN,0,5.99999999999996,2,1,65,0.5
821,8628.647235,8627.477735,8628.119235,8628.647235,8634.427235,1,NaN,0,5.99999999999996,2,1,65,0.5
822,8636.285735,8635.594735,8635.635735,8636.232735,8640.682235,0,2.99999999999994,0.0299999999999997,5.99999999999996,2,1,65,0.5
823,8642.216735,8641.192235,8641.613235,8642.163735,8644.008235,1,2.99999999999994,0.0299999999999997,7.00000000000003,1,2,66,0.5
824,8645.333735,8644.492235,8644.816735,8645.333735,8650.451735,1,NaN,0,5.99999999999996,2,1,65,0.5
825,8652.491235,8651.624735,8651.909235,8652.491235,8658.078235,1,NaN,0,5.99999999999996,2,1,65,0.5
826,8661.594735,8659.550735,8659.742235,8661.541235,8664.196235,0,2.99999999999994,0.0299999999999997,5.99999999999996,2,1,65,0.5
827,8666.053235,8664.676735,8665.151235,8666.000735,8667.985235,0,2.99999999999994,0.0299999999999997,5.99999999999996,2,1,65,0.5
828,8669.520735,8668.466735,8668.891235,8669.468235,8671.543235,0,2.99999999999994,0.0299999999999997,5.99999999999996,2,1,65,0.5
829,8673.666235,8672.868235,8673.019735,8673.613235,8675.439235,1,2.99999999999994,0.0299999999999997,7.00000000000003,1,2,66,0.5
830,8676.802235,8675.914235,8676.273735,8676.749235,8678.673735,1,2.99999999999994,0.0299999999999997,7.00000000000003,1,2,66,0.5
831,8680.117735,8679.207235,8679.538735,8680.115235,8682.047235,1,2.99999999999994,0.0299999999999997,7.00000000000003,1,2,66,0.5
832,8683.603235,8682.524235,8682.892735,8683.550235,8685.947235,0,2.99999999999994,0.0299999999999997,5.99999999999996,2,1,65,0.5
833,8687.615235,8686.454235,8686.876235,8687.562735,8689.629735,0,2.99999999999994,0.0299999999999997,5.99999999999996,2,1,65,0.5
834,8691.312735,8690.109235,8690.650735,8691.259735,8693.200735,1,2.99999999999994,0.0299999999999997,7.00000000000003,1,2,66,0.5
835,8694.466235,8693.655735,8693.879735,8694.414235,8696.619735,1,2.99999999999994,0.0299999999999997,7.00000000000003,1,2,66,0.5
836,8698.185235,8697.247735,8697.517235,8698.132735,8699.959235,0,2.99999999999994,0.0299999999999997,5.99999999999996,2,1,65,0.5
837,8701.787735,8700.532735,8700.959735,8701.735235,8703.576235,1,2.99999999999994,0.0299999999999997,7.00000000000003,1,2,66,0.5
838,8705.029235,8704.101235,8704.425235,8704.976735,8706.872735,1,2.99999999999994,0.0299999999999997,7.00000000000003,1,2,66,0.5
839,8708.439735,8707.439735,8707.750235,8708.386735,8710.110735,0,2.99999999999994,0.0299999999999997,5.99999999999996,2,1,65,0.5
840,8711.838735,8710.758735,8711.169735,8711.785735,8713.590235,1,2.99999999999994,0.0299999999999997,7.00000000000003,1,2,66,0.5
841,8715.067735,8714.166235,8714.413235,8715.014735,8717.040235,0,2.99999999999994,0.0299999999999997,5.99999999999996,2,1,65,0.5
842,8718.869235,8717.547235,8717.922735,8718.816235,8720.743235,0,2.99999999999994,0.0299999999999997,5.99999999999996,2,1,65,0.5
843,8725.371235,8724.360235,8724.744735,8725.317735,8727.059235,1,2.99999999999994,0.0299999999999997,7.00000000000003,1,2,66,0.5
844,8728.309735,8727.536235,8727.770235,8728.257235,8730.112235,1,2.99999999999994,0.0299999999999997,7.00000000000003,1,2,66,0.5
845,8731.465235,8730.664735,8730.931235,8731.412735,8733.268735,1,2.99999999999994,0.0299999999999997,7.00000000000003,1,2,66,0.5
846,8734.724735,8733.775235,8734.030735,8734.671735,8736.134235,0,2.99999999999994,0.0299999999999997,5.99999999999996,2,1,65,0.5
847,8737.867735,8736.732235,8737.096235,8737.814735,8740.281735,0,2.99999999999994,0.0299999999999997,5.99999999999996,2,1,65,0.5
848,8741.756235,8740.751235,8741.124735,8741.703735,8743.461235,1,2.99999999999994,0.0299999999999997,7.00000000000003,1,2,66,0.5
849,8744.777735,8743.943235,8744.263735,8744.724735,8746.996735,1,2.99999999999994,0.0299999999999997,7.00000000000003,1,2,66,0.5
850,8748.515735,8747.596235,8747.949735,8748.462735,8750.663235,1,2.99999999999994,0.0299999999999997,7.00000000000003,1,2,66,0.5
851,8751.903735,8751.210735,8751.406235,8751.903735,8757.619235,1,NaN,0,5.99999999999996,2,1,65,0.5
852,8759.135735,8758.055235,8758.499735,8759.082235,8761.019735,1,2.99999999999994,0.0299999999999997,7.00000000000003,1,2,66,0.5
853,8762.261735,8761.444235,8761.689235,8762.261735,8769.234235,1,NaN,0,5.99999999999996,2,1,65,0.5
854,8770.740735,8769.608235,8770.136235,8770.740735,8776.361235,1,NaN,0,5.99999999999996,2,1,65,0.5
855,8778.029235,8776.711735,8777.373735,8777.976735,8781.036735,0,2.99999999999994,0.0299999999999997,5.99999999999996,2,1,65,0.5
856,8782.501735,8781.470235,8781.902735,8782.448735,8784.178235,1,2.99999999999994,0.0299999999999997,7.00000000000003,1,2,66,0.5
857,8785.669735,8784.621735,8784.985235,8785.616735,8787.264235,0,2.99999999999994,0.0299999999999997,5.99999999999996,2,1,65,0.5
858,8788.808735,8787.785735,8788.186735,8788.755735,8790.457735,1,2.99999999999994,0.0299999999999997,7.00000000000003,1,2,66,0.5
859,8791.665735,8790.886235,8791.153735,8791.665735,8795.896735,1,NaN,0,5.99999999999996,2,1,65,0.5
860,8798.478735,8797.417735,8797.907235,8798.425735,8800.269235,1,2.99999999999994,0.0299999999999997,7.00000000000003,1,2,66,0.5
861,8801.658235,8800.671735,8801.000235,8801.605235,8803.596735,0,2.99999999999994,0.0299999999999997,5.99999999999996,2,1,65,0.5
862,8805.608235,8804.073735,8804.897235,8805.605735,8807.428735,0,2.99999999999994,0.0299999999999997,5.99999999999996,2,1,65,0.5
863,8808.996735,8808.024235,8808.449235,8808.944235,8811.127735,0,2.99999999999994,0.0299999999999997,5.99999999999996,2,1,65,0.5
864,8813.482735,8812.524735,8812.764235,8813.429735,8814.961235,1,2.99999999999994,0.0299999999999997,7.00000000000003,1,2,66,0.5
865,8816.338735,8815.516235,8815.832235,8816.286235,8818.102735,1,2.99999999999994,0.0299999999999997,7.00000000000003,1,2,66,0.5
866,8819.619235,8818.682235,8818.969235,8819.566735,8821.335235,0,2.99999999999994,0.0299999999999997,5.99999999999996,2,1,65,0.5
867,8823.090735,8821.966235,8822.447735,8823.037235,8825.244735,1,2.99999999999994,0.0299999999999997,7.00000000000003,1,2,66,0.5
868,8826.512235,8825.655735,8825.958735,8826.459235,8828.448235,1,2.99999999999994,0.0299999999999997,7.00000000000003,1,2,66,0.5
869,8829.896735,8828.936735,8829.261735,8829.843735,8831.776235,1,2.99999999999994,0.0299999999999997,7.00000000000003,1,2,66,0.5
870,8833.193735,8832.505235,8832.529735,8833.141235,8834.932235,0,2.99999999999994,0.0299999999999997,5.99999999999996,2,1,65,0.5
871,8836.504235,8835.470735,8835.858735,8836.451235,8838.446235,1,2.99999999999994,0.0299999999999997,7.00000000000003,1,2,66,0.5
872,8840.608235,8839.656735,8839.912235,8840.555735,8842.658735,0,2.99999999999994,0.0299999999999997,5.99999999999996,2,1,65,0.5
873,8844.246735,8843.174235,8843.621235,8844.193235,8845.775735,1,2.99999999999994,0.0299999999999997,7.00000000000003,1,2,66,0.5
874,8847.143735,8846.284735,8846.606235,8847.090235,8848.983735,1,2.99999999999994,0.0299999999999997,7.00000000000003,1,2,66,0.5
875,8850.459235,8849.513735,8849.905735,8850.406735,8852.732235,1,2.99999999999994,0.0299999999999997,7.00000000000003,1,2,66,0.5
876,8854.402735,8853.347235,8853.643735,8854.350235,8855.985735,0,2.99999999999994,0.0299999999999997,5.99999999999996,2,1,65,0.5
877,8857.641735,8856.614735,8856.942235,8857.589235,8859.323235,0,2.99999999999994,0.0299999999999997,5.99999999999996,2,1,65,0.5
878,8860.844735,8859.802235,8860.215735,8860.792235,8862.475735,1,2.99999999999994,0.0299999999999997,7.00000000000003,1,2,66,0.5
879,8863.838735,8863.024735,8863.283735,8863.786235,8865.810235,1,2.99999999999994,0.0299999999999997,7.00000000000003,1,2,66,0.5
880,8867.200235,8866.356735,8866.602735,8867.200235,8872.691735,1,NaN,0,5.99999999999996,2,1,65,0.5
881,8874.059235,8873.070735,8873.545235,8874.059235,8879.949735,1,NaN,0,5.99999999999996,2,1,65,0.5
882,8883.373735,8882.396735,8882.765235,8883.320235,8885.722235,0,2.99999999999994,0.0299999999999997,5.99999999999996,2,1,65,0.5
883,8887.452235,8886.333735,8886.824235,8887.399235,8889.079235,1,2.99999999999994,0.0299999999999997,7.00000000000003,1,2,66,0.5
884,8890.398235,8889.512735,8889.799235,8890.398235,8897.052735,1,NaN,0,5.99999999999996,2,1,65,0.5
885,8898.664235,8897.446235,8897.968735,8898.611735,8901.293735,0,2.99999999999994,0.0299999999999997,5.99999999999996,2,1,65,0.5
886,8902.832235,8901.820735,8902.242735,8902.779235,8904.723235,0,2.99999999999994,0.0299999999999997,5.99999999999996,2,1,65,0.5
887,8908.271735,8907.416235,8907.689735,8908.219235,8909.960735,0,2.99999999999994,0.0299999999999997,5.99999999999996,2,1,65,0.5
888,8911.575735,8910.499735,8910.953235,8911.522235,8913.719735,1,2.99999999999994,0.0299999999999997,7.00000000000003,1,2,66,0.5
889,8915.187735,8914.168235,8914.398735,8915.185235,8916.747235,0,2.99999999999994,0.0299999999999997,5.99999999999996,2,1,65,0.5
890,8918.173235,8917.271235,8917.558235,8918.121235,8919.869235,0,2.99999999999994,0.0299999999999997,5.99999999999996,2,1,65,0.5
891,8921.486235,8920.364735,8920.858735,8921.433735,8923.105735,1,2.99999999999994,0.0299999999999997,7.00000000000003,1,2,66,0.5
892,8924.491235,8923.546235,8923.854235,8924.491235,8926.494735,1,NaN,0,5.99999999999996,2,1,65,0.5
893,9087.231735,9086.012735,9086.286235,NaN,9092.883735,NaN,NaN,0,7.00000000000003,1,2,66,0.5
894,9106.259735,9093.637735,9094.034735,NaN,9115.353735,NaN,NaN,0,5.99999999999996,2,1,65,0.5
895,9117.324735,9115.917735,9116.610235,9117.322235,9120.218735,1,2.99999999999994,0.0299999999999997,7.00000000000003,1,2,66,0.5
896,9121.954235,9120.862735,9121.027235,9121.901235,9124.062735,0,2.99999999999994,0.0299999999999997,5.99999999999996,2,1,65,0.5
897,9129.292735,9127.549235,9127.882235,9129.240235,9160.738735,0,2.99999999999994,0.0299999999999997,5.99999999999996,2,1,65,0.5
898,9162.988735,9162.021235,9162.107235,9162.988735,9177.229735,0,NaN,0,7.00000000000003,1,2,66,0.5
899,9184.515735,9183.579235,9183.710235,9184.462735,9190.180235,0,2.99999999999994,0.0299999999999997,5.99999999999996,2,1,65,0.5
900,9223.818235,9223.054735,9223.194735,9223.818235,9224.477735,0,NaN,0,7.00000000000003,1,2,66,0.5
901,9230.874735,9229.808235,9229.902235,9230.874735,9399.411235,0,NaN,0,7.00000000000003,1,2,66,0.5
902,9401.124235,9400.269235,9400.611235,9401.124235,9549.212235,1,NaN,0,5.99999999999996,2,1,65,0.5
903,9577.720235,9575.285735,9576.161235,9577.717735,9581.928235,1,2.99999999999994,0.0299999999999997,7.00000000000003,1,2,66,0.5
904,9583.762735,9582.587235,9583.093735,9583.762735,9592.959235,0,NaN,0,7.00000000000003,1,2,66,0.5
905,9594.855735,9593.386735,9593.729735,9594.802735,9596.916235,0,2.99999999999994,0.0299999999999997,5.99999999999996,2,1,65,0.5
906,9598.681735,9597.738735,9598.005735,9598.629235,9600.828235,0,2.99999999999994,0.0299999999999997,5.99999999999996,2,1,65,0.5
907,9602.845235,9601.727235,9602.241735,9602.792235,9604.728735,1,2.99999999999994,0.0299999999999997,7.00000000000003,1,2,66,0.5
908,9606.347235,9605.418735,9605.725735,9606.293735,9608.665735,0,2.99999999999994,0.0299999999999997,5.99999999999996,2,1,65,0.5
909,9610.873235,9609.646235,9610.205235,9610.820235,9612.665735,1,2.99999999999994,0.0299999999999997,7.00000000000003,1,2,66,0.5
910,9614.287735,9613.265235,9613.517735,9614.234735,9616.161735,0,2.99999999999994,0.0299999999999997,5.99999999999996,2,1,65,0.5
911,9617.640235,9616.773235,9617.070735,9617.587735,9619.295235,0,2.99999999999994,0.0299999999999997,5.99999999999996,2,1,65,0.5
912,9620.875735,9619.820235,9620.232235,9620.822735,9622.705735,1,2.99999999999994,0.0299999999999997,7.00000000000003,1,2,66,0.5
913,9624.460235,9623.486235,9623.850735,9624.460235,9626.553235,0,NaN,0,7.00000000000003,1,2,66,0.5
914,9802.800235,9801.233235,9801.643735,9802.746735,9804.532235,0,2.99999999999994,0.0299999999999997,5.99999999999996,2,1,65,0.5
915,9807.195735,9805.706235,9806.185735,9807.195735,9842.332235,0,NaN,0,7.00000000000003,1,2,66,0.5
916,9907.673235,9895.052235,9895.373235,NaN,9950.491235,NaN,NaN,0,5.99999999999996,2,1,65,0.5
917,9960.740235,9959.728235,9960.107735,9960.736235,9963.437735,0,2.99999999999994,0.0299999999999997,5.99999999999996,2,1,65,0.5
918,9970.885235,9969.689735,9970.205735,9970.885235,9976.021235,0,NaN,0,7.00000000000003,1,2,66,0.5
919,9977.713235,9976.576235,9977.061735,9977.713235,9980.365235,0,NaN,0,7.00000000000003,1,2,66,0.5
920,9989.806735,9987.712235,9987.954235,9989.804235,9992.393235,0,2.99999999999994,0.0299999999999997,5.99999999999996,2,1,65,0.5
921,9995.782735,9994.767235,9995.234735,9995.729235,9998.768235,1,2.99999999999994,0.0299999999999997,7.00000000000003,1,2,66,0.5
922,10000.379235,9999.330735,9999.663235,10000.326735,10002.232235,1,2.99999999999994,0.0299999999999997,7.00000000000003,1,2,66,0.5
923,10004.060235,10002.975735,10003.409735,10004.007235,10006.593235,1,2.99999999999994,0.0299999999999997,7.00000000000003,1,2,66,0.5
924,10008.486235,10007.269735,10007.591235,10008.433235,10010.395735,0,2.99999999999994,0.0299999999999997,5.99999999999996,2,1,65,0.5
925,10011.960235,10010.943235,10011.355235,10011.907735,10014.002235,1,2.99999999999994,0.0299999999999997,7.00000000000003,1,2,66,0.5
926,10015.431235,10014.521235,10014.856735,10015.378735,10018.853235,1,2.99999999999994,0.0299999999999997,7.00000000000003,1,2,66,0.5
927,10020.461735,10019.449735,10019.747735,10020.408235,10022.204235,0,2.99999999999994,0.0299999999999997,5.99999999999996,2,1,65,0.5
928,10023.594735,10022.689235,10023.009235,10023.542235,10025.420235,0,2.99999999999994,0.0299999999999997,5.99999999999996,2,1,65,0.5
929,10026.879235,10026.071735,10026.327235,10026.826735,10029.189235,0,2.99999999999994,0.0299999999999997,5.99999999999996,2,1,65,0.5
930,10031.009735,10029.902235,10030.279235,10030.956235,10032.682735,1,2.99999999999994,0.0299999999999997,7.00000000000003,1,2,66,0.5
931,10034.220735,10033.346735,10033.626235,10034.168235,10036.424735,1,2.99999999999994,0.0299999999999997,7.00000000000003,1,2,66,0.5
932,10037.771235,10036.961235,10037.147235,10037.718235,10040.272735,1,2.99999999999994,0.0299999999999997,7.00000000000003,1,2,66,0.5
933,10042.013735,10040.911735,10041.191235,10041.961735,10043.566235,0,2.99999999999994,0.0299999999999997,5.99999999999996,2,1,65,0.5
934,10044.904235,10044.051735,10044.305735,10044.851235,10046.770235,0,2.99999999999994,0.0299999999999997,5.99999999999996,2,1,65,0.5
935,10048.125235,10047.323735,10047.557235,10048.072735,10050.051235,0,2.99999999999994,0.0299999999999997,5.99999999999996,2,1,65,0.5
936,10051.569735,10050.565235,10050.939735,10051.569735,10115.560235,0,NaN,0,7.00000000000003,1,2,66,0.5
937,10170.107735,10157.486735,10157.952735,NaN,NaN,NaN,NaN,0,5.99999999999996,2,1,65,0.5
938,10177.387235,10176.599235,10176.698735,10177.387235,10189.837235,0,NaN,0,7.00000000000003,1,2,66,0.5
939,10191.426735,10190.391235,10190.875735,10191.373735,10193.376235,1,2.99999999999994,0.0299999999999997,7.00000000000003,1,2,66,0.5
940,10195.852235,10194.835235,10195.113735,10195.849235,10198.681735,1,2.99999999999994,0.0299999999999997,7.00000000000003,1,2,66,0.5
941,10201.001735,10199.955235,10200.048735,10201.001735,10241.799735,0,NaN,0,7.00000000000003,1,2,66,0.5
942,10264.798235,10263.864735,10264.177735,10264.798235,10268.835735,1,NaN,0,5.99999999999996,2,1,65,0.5
943,10274.168235,10273.153235,10273.584735,10274.115235,10279.624735,1,2.99999999999994,0.0299999999999997,7.00000000000003,1,2,66,0.5
944,10281.336235,10280.144735,10280.446735,10281.333735,10284.167735,0,2.99999999999994,0.0299999999999997,5.99999999999996,2,1,65,0.5
945,10285.757235,10284.786235,10285.122735,10285.704235,10287.619235,0,2.99999999999994,0.0299999999999997,5.99999999999996,2,1,65,0.5
946,10289.262735,10288.179235,10288.642235,10289.210235,10291.334735,1,2.99999999999994,0.0299999999999997,7.00000000000003,1,2,66,0.5
947,10292.781235,10291.942735,10292.212735,10292.728735,10294.896235,1,2.99999999999994,0.0299999999999997,7.00000000000003,1,2,66,0.5
948,10296.494735,10295.540735,10295.742735,10296.492735,10298.207235,0,2.99999999999994,0.0299999999999997,5.99999999999996,2,1,65,0.5
949,10299.840735,10298.765735,10299.147235,10299.787235,10301.623235,1,2.99999999999994,0.0299999999999997,7.00000000000003,1,2,66,0.5
950,10303.063235,10302.228235,10302.513735,10303.010735,10305.098735,1,2.99999999999994,0.0299999999999997,7.00000000000003,1,2,66,0.5
951,10306.991235,10305.770735,10306.201235,10306.938235,10308.864735,0,2.99999999999994,0.0299999999999997,5.99999999999996,2,1,65,0.5
952,10310.504735,10309.443235,10309.877235,10310.504735,10313.262235,0,NaN,0,7.00000000000003,1,2,66,0.5
953,10336.424235,10335.457735,10335.783235,10336.372235,10339.362735,0,2.99999999999994,0.0299999999999997,5.99999999999996,2,1,65,0.5
954,10340.843235,10339.866235,10340.201735,10340.790235,10343.553735,0,2.99999999999994,0.0299999999999997,5.99999999999996,2,1,65,0.5
955,10345.393735,10344.181235,10344.627235,10345.393735,10357.623235,0,NaN,0,7.00000000000003,1,2,66,0.5
956,10359.289235,10358.275735,10358.656235,10359.236235,10361.661735,0,2.99999999999994,0.0299999999999997,5.99999999999996,2,1,65,0.5
957,10363.291235,10362.323235,10362.729235,10363.238735,10365.110235,1,2.99999999999994,0.0299999999999997,7.00000000000003,1,2,66,0.5
958,10366.451735,10365.584735,10365.872235,10366.399235,10368.418235,1,2.99999999999994,0.0299999999999997,7.00000000000003,1,2,66,0.5
959,10369.943735,10368.917235,10369.232235,10369.943735,10411.836735,1,NaN,0,5.99999999999996,2,1,65,0.5
960,10413.645235,10412.635235,10413.073735,10413.592735,10417.598235,1,2.99999999999994,0.0299999999999997,7.00000000000003,1,2,66,0.5
961,10419.406735,10418.578235,10418.643735,10419.354235,10422.138735,1,2.99999999999994,0.0299999999999997,7.00000000000003,1,2,66,0.5
962,10423.880235,10422.795735,10423.023235,10423.877735,10426.108235,0,2.99999999999994,0.0299999999999997,5.99999999999996,2,1,65,0.5
963,10427.785735,10426.655735,10427.112235,10427.733235,10429.471235,1,2.99999999999994,0.0299999999999997,7.00000000000003,1,2,66,0.5
964,10430.988735,10430.136235,10430.432735,10430.988735,10449.237235,1,NaN,0,5.99999999999996,2,1,65,0.5
965,10450.828735,10449.818235,10450.168735,10450.776235,10453.631735,0,2.99999999999994,0.0299999999999997,5.99999999999996,2,1,65,0.5
966,10455.161735,10454.114235,10454.459235,10455.109235,10458.469735,0,2.99999999999994,0.0299999999999997,5.99999999999996,2,1,65,0.5
967,10459.857735,10459.000735,10459.325735,10459.857735,10468.721735,1,NaN,0,5.99999999999996,2,1,65,0.5
968,10470.279735,10469.296735,10469.739735,10470.227235,10472.324735,1,2.99999999999994,0.0299999999999997,7.00000000000003,1,2,66,0.5
969,10474.217235,10473.345235,10473.362235,10474.164735,10476.134735,0,2.99999999999994,0.0299999999999997,5.99999999999996,2,1,65,0.5
970,10477.687235,10476.694735,10477.086235,10477.684735,10479.421235,0,2.99999999999994,0.0299999999999997,5.99999999999996,2,1,65,0.5
971,10481.014735,10479.961235,10480.391235,10480.961235,10482.975235,1,2.99999999999994,0.0299999999999997,7.00000000000003,1,2,66,0.5
972,10484.834735,10483.676235,10483.936735,10484.781235,10486.718735,0,2.99999999999994,0.0299999999999997,5.99999999999996,2,1,65,0.5
973,10488.196235,10487.337735,10487.652735,10488.142735,10490.259235,0,2.99999999999994,0.0299999999999997,5.99999999999996,2,1,65,0.5
974,10491.701235,10490.952735,10491.214235,10491.648735,10493.566235,0,2.99999999999994,0.0299999999999997,5.99999999999996,2,1,65,0.5
975,10495.426235,10494.400235,10494.830235,10495.373735,10497.201735,1,2.99999999999994,0.0299999999999997,7.00000000000003,1,2,66,0.5
976,10499.010735,10498.063235,10498.338735,10498.958235,10500.690735,0,2.99999999999994,0.0299999999999997,5.99999999999996,2,1,65,0.5
977,10502.198735,10501.262735,10501.606235,10502.145235,10503.983235,1,2.99999999999994,0.0299999999999997,7.00000000000003,1,2,66,0.5
978,10505.385235,10504.466235,10504.722735,10505.332235,10507.040735,0,2.99999999999994,0.0299999999999997,5.99999999999996,2,1,65,0.5
979,10508.339235,10507.555735,10507.827235,10508.286735,10510.121735,0,2.99999999999994,0.0299999999999997,5.99999999999996,2,1,65,0.5
980,10511.489735,10510.709235,10510.975235,10511.437235,10513.632735,0,2.99999999999994,0.0299999999999997,5.99999999999996,2,1,65,0.5
981,10515.150735,10514.156235,10514.600735,10515.098235,10516.904235,1,2.99999999999994,0.0299999999999997,7.00000000000003,1,2,66,0.5
982,10518.468735,10517.499235,10517.829235,10518.416235,10519.990735,0,2.99999999999994,0.0299999999999997,5.99999999999996,2,1,65,0.5
983,10521.671235,10520.670235,10521.094735,10521.618735,10523.644735,1,2.99999999999994,0.0299999999999997,7.00000000000003,1,2,66,0.5
984,10525.041235,10524.118735,10524.433735,10524.988735,10526.665235,1,2.99999999999994,0.0299999999999997,7.00000000000003,1,2,66,0.5
985,10528.049735,10527.259735,10527.543235,10527.997235,10530.387235,1,2.99999999999994,0.0299999999999997,7.00000000000003,1,2,66,0.5
986,10531.864735,10530.955235,10531.172735,10531.811735,10533.420235,0,2.99999999999994,0.0299999999999997,5.99999999999996,2,1,65,0.5
987,10534.817235,10533.967735,10534.250235,10534.764735,10536.436735,0,2.99999999999994,0.0299999999999997,5.99999999999996,2,1,65,0.5
988,10537.868735,10536.889235,10537.245235,10537.816235,10539.518735,1,2.99999999999994,0.0299999999999997,7.00000000000003,1,2,66,0.5
989,10540.764235,10539.991235,10540.217735,10540.710735,10542.658735,1,2.99999999999994,0.0299999999999997,7.00000000000003,1,2,66,0.5
990,10544.968235,10543.950735,10544.170235,10544.915735,10546.986235,0,2.99999999999994,0.0299999999999997,5.99999999999996,2,1,65,0.5
991,10548.304735,10547.486735,10547.806235,10548.252235,10550.045235,0,2.99999999999994,0.0299999999999997,5.99999999999996,2,1,65,0.5
992,10551.418735,10550.653735,10550.905235,10551.366235,10553.357235,0,2.99999999999994,0.0299999999999997,5.99999999999996,2,1,65,0.5
993,10554.985735,10553.959735,10554.373735,10554.933235,10556.648735,1,2.99999999999994,0.0299999999999997,7.00000000000003,1,2,66,0.5
994,10557.941235,10557.159735,10557.342235,10557.888235,NaN,1,2.99999999999994,0.0299999999999997,7.00000000000003,1,2,66,0.5
