trial,outcome,center_in,center_out,side_in,last_side_out,actions,reward,trial_types,odors,port_side,schedule,odor_name,odor_dur
1,185.937638,184.476138,185.500638,185.937638,1027.513138,0,NaN,0,7.00000000000003,1,2,66,0.5
2,1028.633638,1028.041638,1028.102638,1028.633638,1034.550638,1,NaN,0,5.99999999999996,2,1,65,0.5
3,1035.792138,1035.282138,1035.390638,1035.729138,1041.828138,0,2.99999999999994,0.0299999999999997,5.99999999999996,2,1,65,0.5
4,1042.684638,1042.243138,1042.328638,1042.684638,1052.589638,0,NaN,0,7.00000000000003,1,2,66,0.5
5,1057.068138,1056.589138,1056.685638,1057.068138,1067.007638,0,NaN,0,7.00000000000003,1,2,66,0.5
6,1069.233638,1068.178638,1068.752138,1069.173638,1081.266138,1,2.99999999999994,0.0299999999999997,7.00000000000003,1,2,66,0.5
7,1082.955138,1082.423138,1082.450638,1082.955138,1091.372138,0,NaN,0,7.00000000000003,1,2,66,0.5
8,1092.368138,1091.890638,1091.990638,1092.368138,1102.824138,0,NaN,0,7.00000000000003,1,2,66,0.5
9,1103.923138,1103.254138,1103.574138,1103.923138,1107.510138,0,NaN,0,7.00000000000003,1,2,66,0.5
10,1110.006638,1109.344638,1109.633138,1110.006638,1116.232138,0,NaN,0,7.00000000000003,1,2,66,0.5
11,1127.148138,1126.183138,1126.507638,1127.055138,1131.198638,1,2.99999999999994,0.0299999999999997,7.00000000000003,1,2,66,0.5
12,1132.622138,1132.108138,1132.208138,1132.622138,1139.795638,0,NaN,0,7.00000000000003,1,2,66,0.5
13,1140.899638,1140.275638,1140.402638,1140.827138,1142.995138,1,2.99999999999994,0.0299999999999997,7.00000000000003,1,2,66,0.5
14,1146.177138,1145.003138,1145.562638,1146.133638,1150.032138,0,2.99999999999994,0.0299999999999997,5.99999999999996,2,1,65,0.5
15,1151.760638,1150.917138,1151.167138,1151.633638,1159.306638,1,2.99999999999994,0.0299999999999997,7.00000000000003,1,2,66,0.5
16,1160.644638,1159.783638,1160.022638,1160.642138,1162.912138,0,2.99999999999994,0.0299999999999997,5.99999999999996,2,1,65,0.5
17,1164.685638,1163.775138,1164.080138,1164.600638,1165.966638,1,2.99999999999994,0.0299999999999997,7.00000000000003,1,2,66,0.5
18,1167.531138,1166.745638,1167.024638,1167.455638,1169.953138,0,2.99999999999994,0.0299999999999997,5.99999999999996,2,1,65,0.5
19,1171.357138,1170.607638,1170.906138,1171.357138,1171.926638,1,NaN,0,5.99999999999996,2,1,65,0.5
20,1179.235138,1178.412638,1178.765138,1179.235138,1187.662138,1,NaN,0,5.99999999999996,2,1,65,0.5
21,1188.722138,1188.099638,1188.166138,1188.592638,1193.759138,1,2.99999999999994,0.0299999999999997,7.00000000000003,1,2,66,0.5
22,1195.094638,1194.225638,1194.579638,1195.094638,1197.845638,0,NaN,0,7.00000000000003,1,2,66,0.5
23,1202.693138,1201.655138,1201.979638,1202.682638,1206.230138,0,2.99999999999994,0.0299999999999997,5.99999999999996,2,1,65,0.5
24,1207.697138,1206.828138,1207.057638,1207.586638,1213.443638,1,2.99999999999994,0.0299999999999997,7.00000000000003,1,2,66,0.5
25,1214.679138,1214.055638,1214.235638,1214.679138,1251.721638,0,NaN,0,7.00000000000003,1,2,66,0.5
26,1253.175638,1252.170138,1252.503638,1253.175638,1259.278138,0,NaN,0,7.00000000000003,1,2,66,0.5
27,1261.015638,1259.826638,1260.469638,1261.015638,1263.311139,0,NaN,0,7.00000000000003,1,2,66,0.5
28,1277.176638,1276.393138,1276.506638,1277.037638,1280.176638,1,2.99999999999994,0.0299999999999997,7.00000000000003,1,2,66,0.5
29,1281.527638,1280.79214,1281.045638,1281.527638,1289.467138,0,NaN,0,7.00000000000003,1,2,66,0.5
30,1291.939638,1290.211638,1290.640138,1291.937138,1294.803638,0,2.99999999999994,0.0299999999999997,5.99999999999996,2,1,65,0.5
31,1296.283638,1295.328638,1295.619638,1296.187138,1303.448638,1,2.99999999999994,0.0299999999999997,7.00000000000003,1,2,66,0.5
32,1307.421138,1306.590638,1306.850138,1307.421138,1312.642138,0,NaN,0,7.00000000000003,1,2,66,0.5
33,1315.242638,1314.259638,1314.539138,1315.242638,1318.894638,0,NaN,0,7.00000000000003,1,2,66,0.5
34,1322.649638,1321.722138,1322.031638,1322.649638,1331.243638,0,NaN,0,7.00000000000003,1,2,66,0.5
35,1337.789138,1336.355638,1336.789638,1337.645638,1343.239638,0,2.99999999999994,0.0299999999999997,5.99999999999996,2,1,65,0.5
36,1344.927638,1343.876638,1344.140138,1344.925138,1366.500138,1,2.99999999999994,0.0299999999999997,7.00000000000003,1,2,66,0.5
37,1368.383138,1367.018638,1367.360138,1368.383138,1371.591638,0,NaN,0,7.00000000000003,1,2,66,0.5
38,1380.696638,1379.782138,1380.207138,1380.696638,1382.498638,1,NaN,0,5.99999999999996,2,1,65,0.5
39,1388.122638,1386.809638,1387.288138,1388.122638,1390.235138,0,NaN,0,7.00000000000003,1,2,66,0.5
40,1408.665138,1407.411138,1407.763138,1408.662638,1413.512638,0,2.99999999999994,0.0299999999999997,5.99999999999996,2,1,65,0.5
41,1415.117138,1414.305138,1414.435138,1415.015138,1417.347138,1,2.99999999999994,0.0299999999999997,7.00000000000003,1,2,66,0.5
42,1419.057138,1418.080638,1418.328138,1419.054138,1421.973638,0,2.99999999999994,0.0299999999999997,5.99999999999996,2,1,65,0.5
43,1424.255138,1423.540638,1423.742138,1424.255138,1441.392138,1,NaN,0,5.99999999999996,2,1,65,0.5
44,1450.538638,1449.701138,1450.021138,1450.538638,1450.947138,1,NaN,0,5.99999999999996,2,1,65,0.5
45,1560.914638,1560.307638,1560.350138,1560.914638,1563.478638,1,NaN,0,5.99999999999996,2,1,65,0.5
46,1568.792138,1567.399638,1567.624138,1568.790138,1574.630638,0,2.99999999999994,0.0299999999999997,5.99999999999996,2,1,65,0.5
47,1576.219138,1575.480138,1575.663638,1576.219138,1634.888638,1,NaN,0,5.99999999999996,2,1,65,0.5
48,1636.464638,1635.401138,1635.592638,1636.385638,1639.334138,0,2.99999999999994,0.0299999999999997,5.99999999999996,2,1,65,0.5
49,1641.223138,1640.128638,1640.390139,1641.223138,1642.066138,1,NaN,0,5.99999999999996,2,1,65,0.5
50,1673.204638,1672.559138,1672.617138,1673.204638,1690.498138,1,NaN,0,5.99999999999996,2,1,65,0.5
51,1692.316138,1691.307638,1691.370138,1692.313638,1697.801638,0,2.99999999999994,0.0299999999999997,5.99999999999996,2,1,65,0.5
52,1699.435638,1698.748138,1698.863138,1699.435638,1702.265638,1,NaN,0,5.99999999999996,2,1,65,0.5
53,1710.718138,1709.610138,1709.849138,1710.718138,1715.807638,1,NaN,0,5.99999999999996,2,1,65,0.5
54,1966.388138,1964.359638,1964.741638,1966.287138,1969.914638,0,2.99999999999994,0.0299999999999997,5.99999999999996,2,1,65,0.5
55,1972.967638,1971.216638,1971.338638,1972.967638,1973.121638,1,NaN,0,5.99999999999996,2,1,65,0.5
56,1991.190138,1989.472138,1989.790638,1991.050638,1994.807638,0,2.99999999999994,0.0299999999999997,5.99999999999996,2,1,65,0.5
57,1997.112638,1995.734138,1995.945638,1997.112638,2020.070638,1,NaN,0,5.99999999999996,2,1,65,0.5
58,2022.576138,2020.912638,2021.213638,2022.426638,2025.117138,0,2.99999999999994,0.0299999999999997,5.99999999999996,2,1,65,0.5
59,2027.103138,2026.110638,2026.417138,2027.103138,2027.497638,1,NaN,0,5.99999999999996,2,1,65,0.5
60,2038.785138,2037.318138,2037.552638,2038.782638,2042.123138,0,2.99999999999994,0.0299999999999997,5.99999999999996,2,1,65,0.5
61,2045.361638,2043.042639,2043.693138,2045.359138,2048.448638,1,2.99999999999994,0.0299999999999997,7.00000000000003,1,2,66,0.5
62,2050.568638,2049.249138,2049.720138,2050.479138,2053.064638,0,2.99999999999994,0.0299999999999997,5.99999999999996,2,1,65,0.5
63,2054.791638,2053.880638,2054.111638,2054.791638,2055.067138,1,NaN,0,5.99999999999996,2,1,65,0.5
64,2072.936138,2071.953638,2072.150638,2072.936138,2073.052138,1,NaN,0,5.99999999999996,2,1,65,0.5
65,2090.199138,2088.904138,2089.226138,2090.196638,2096.381638,1,2.99999999999994,0.0299999999999997,7.00000000000003,1,2,66,0.5
66,2098.771138,2097.747638,2097.918638,2098.768638,2100.905638,0,2.99999999999994,0.0299999999999997,5.99999999999996,2,1,65,0.5
67,2102.662138,2101.740138,2101.966638,2102.662138,2106.019638,1,NaN,0,5.99999999999996,2,1,65,0.5
68,2116.493138,2115.038638,2115.333138,2116.491138,2120.907138,0,2.99999999999994,0.0299999999999997,5.99999999999996,2,1,65,0.5
69,2125.104139,2124.141638,2124.383638,2125.005138,2128.964138,0,2.99999999999994,0.0299999999999997,5.99999999999996,2,1,65,0.5
70,2131.338138,2129.918138,2130.099638,2131.193138,2133.046638,1,2.99999999999994,0.0299999999999997,7.00000000000003,1,2,66,0.5
71,2136.257638,2135.011138,2135.453638,2136.257638,2140.544638,0,NaN,0,7.00000000000003,1,2,66,0.5
72,2305.899638,2304.665638,2304.895638,2305.899638,2306.611138,0,NaN,0,7.00000000000003,1,2,66,0.5
73,2316.277138,2315.124138,2315.257138,2316.174638,2322.461638,0,2.99999999999994,0.0299999999999997,5.99999999999996,2,1,65,0.5
74,2324.990638,2323.585138,2323.752138,2324.926138,2333.216638,1,2.99999999999994,0.0299999999999997,7.00000000000003,1,2,66,0.5
75,2337.898638,2336.443138,2336.664638,2337.898638,2346.488638,0,NaN,0,7.00000000000003,1,2,66,0.5
76,2366.660138,2365.407638,2339.970138,2366.542638,2370.384639,0,2.99999999999994,0.0299999999999997,5.99999999999996,2,1,65,0.5
77,2372.430138,2371.196138,2371.350638,2372.352138,2374.618638,1,2.99999999999994,0.0299999999999997,7.00000000000003,1,2,66,0.5
78,2377.317638,2375.977638,2376.388138,2377.317638,2381.129638,0,NaN,0,7.00000000000003,1,2,66,0.5
79,2428.968138,2427.744638,2427.978638,2428.968138,2442.860138,0,NaN,0,7.00000000000003,1,2,66,0.5
80,2444.926138,2443.435638,2443.699638,2444.926138,2447.831638,0,NaN,0,7.00000000000003,1,2,66,0.5
81,2453.406138,2451.925638,2452.187638,2453.403138,2455.012138,0,2.99999999999994,0.0299999999999997,5.99999999999996,2,1,65,0.5
82,2456.859138,2455.732138,2455.939138,2456.856138,2461.802638,1,2.99999999999994,0.0299999999999997,7.00000000000003,1,2,66,0.5
83,2466.800638,2465.749138,2466.014138,2466.745138,2470.058138,1,2.99999999999994,0.0299999999999997,7.00000000000003,1,2,66,0.5
84,2473.504638,2471.924138,2472.261638,2473.502138,2476.804138,0,2.99999999999994,0.0299999999999997,5.99999999999996,2,1,65,0.5
85,2478.664138,2477.449138,2477.663138,2478.545138,2482.522138,1,2.99999999999994,0.0299999999999997,7.00000000000003,1,2,66,0.5
86,2484.599638,2483.682638,2483.890138,2484.599638,2487.049138,0,NaN,0,7.00000000000003,1,2,66,0.5
87,2495.035138,2491.720138,2492.192138,2494.973638,2495.797138,1,2.99999999999994,0.0299999999999997,7.00000000000003,1,2,66,0.5
88,2502.075638,2500.951638,2501.218138,2502.075638,2566.180638,0,NaN,0,7.00000000000003,1,2,66,0.5
89,2577.736638,2576.769638,2576.999638,2577.736638,2580.055638,0,NaN,0,7.00000000000003,1,2,66,0.5
90,2597.905138,2596.647138,2596.875638,2597.774138,2602.501638,1,2.99999999999994,0.0299999999999997,7.00000000000003,1,2,66,0.5
91,2604.751638,2603.639638,2603.827638,2604.751638,2607.374138,0,NaN,0,7.00000000000003,1,2,66,0.5
92,2652.619138,2651.278138,2651.557138,2652.500138,2656.468138,1,2.99999999999994,0.0299999999999997,7.00000000000003,1,2,66,0.5
93,2661.025638,2659.058138,2659.619138,2660.881638,2663.577138,0,2.99999999999994,0.0299999999999997,5.99999999999996,2,1,65,0.5
94,2665.201638,2664.348638,2664.482638,2665.143638,2667.595138,1,2.99999999999994,0.0299999999999997,7.00000000000003,1,2,66,0.5
95,2959.815638,2956.345138,2956.903638,2959.813138,2965.965638,0,2.99999999999994,0.0299999999999997,5.99999999999996,2,1,65,0.5
96,2974.814138,2973.301138,2973.752638,2974.814138,3003.917638,0,NaN,0,7.00000000000003,1,2,66,0.5
97,3006.567638,3005.256638,3005.619638,3006.565138,3011.758638,0,2.99999999999994,0.0299999999999997,5.99999999999996,2,1,65,0.5
98,3014.026638,3013.006138,3013.186638,3013.962638,3019.529138,1,2.99999999999994,0.0299999999999997,7.00000000000003,1,2,66,0.5
99,3023.200138,3021.311638,3021.564138,3023.197638,3029.322638,0,2.99999999999994,0.0299999999999997,5.99999999999996,2,1,65,0.5
100,3034.464638,3033.198138,3033.557138,3034.464638,3037.285138,0,NaN,0,7.00000000000003,1,2,66,0.5
101,3226.181138,3224.043138,3224.949638,3226.116138,3234.886138,1,2.99999999999994,0.0299999999999997,7.00000000000003,1,2,66,0.5
102,3238.577138,3236.811138,3236.986638,3238.484638,3248.133639,0,2.99999999999994,0.0299999999999997,5.99999999999996,2,1,65,0.5
103,3251.946138,3249.513138,3250.040138,3251.943638,3253.589638,0,2.99999999999994,0.0299999999999997,5.99999999999996,2,1,65,0.5
104,3256.186638,3254.729638,3255.105138,3256.103638,3261.266138,1,2.99999999999994,0.0299999999999997,7.00000000000003,1,2,66,0.5
105,3264.057638,3262.205638,3262.653638,3263.974138,3272.785138,0,2.99999999999994,0.0299999999999997,5.99999999999996,2,1,65,0.5
106,3275.048138,3274.121138,3274.192138,3275.048138,3285.254638,0,NaN,0,7.00000000000003,1,2,66,0.5
107,3287.987138,3286.149638,3286.189138,3287.357638,3290.322638,1,NaN,0,7.00000000000003,1,2,66,0.5
108,3305.451638,3303.245638,3303.460138,3305.449638,3311.727638,1,2.99999999999994,0.0299999999999997,7.00000000000003,1,2,66,0.5
109,3314.554638,3313.288638,3313.563138,3314.554638,3319.466638,0,NaN,0,7.00000000000003,1,2,66,0.5
110,3324.912638,3323.624138,3324.106138,3324.912638,3357.612638,0,NaN,0,7.00000000000003,1,2,66,0.5
111,3359.870138,3358.587138,3358.804138,3359.870138,3360.378638,0,NaN,0,7.00000000000003,1,2,66,0.5
112,3384.458143,3382.783138,3383.128138,3384.455638,3389.270638,1,2.99999999999994,0.0299999999999997,7.00000000000003,1,2,66,0.5
113,3391.596638,3390.293138,3390.662138,3391.596638,3399.407638,0,NaN,0,7.00000000000003,1,2,66,0.5
114,3407.247138,3405.877138,3406.131138,3407.162138,3411.415138,0,2.99999999999994,0.0299999999999997,5.99999999999996,2,1,65,0.5
115,3413.347138,3412.158138,3412.283138,3413.219138,3419.164138,1,2.99999999999994,0.0299999999999997,7.00000000000003,1,2,66,0.5
116,3422.003638,3421.031638,3421.255638,3422.003638,3426.160638,0,NaN,0,7.00000000000003,1,2,66,0.5
117,3450.728138,3449.361138,3449.777138,3450.728138,3455.705138,0,NaN,0,7.00000000000003,1,2,66,0.5
118,3472.850638,3471.193638,3471.584138,3472.768638,3476.147638,0,2.99999999999994,0.0299999999999997,5.99999999999996,2,1,65,0.5
119,3478.472138,3477.044138,3477.249138,3478.342138,3480.700638,1,2.99999999999994,0.0299999999999997,7.00000000000003,1,2,66,0.5
120,3485.186638,3483.117138,3483.546638,3485.098638,3487.703138,1,2.99999999999994,0.0299999999999997,7.00000000000003,1,2,66,0.5
121,3493.741138,3492.150138,3492.449138,3493.593638,3497.233638,1,2.99999999999994,0.0299999999999997,7.00000000000003,1,2,66,0.5
122,3528.881138,3526.267138,3526.657138,3528.794138,3534.337638,0,2.99999999999994,0.0299999999999997,5.99999999999996,2,1,65,0.5
123,3537.636638,3536.294139,3536.369638,3537.517138,3543.614638,1,2.99999999999994,0.0299999999999997,7.00000000000003,1,2,66,0.5
124,3548.825138,3547.113138,3547.594638,3548.739138,3551.925138,0,2.99999999999994,0.0299999999999997,5.99999999999996,2,1,65,0.5
125,3554.480638,3553.193138,3553.367138,3554.390138,3558.988638,1,2.99999999999994,0.0299999999999997,7.00000000000003,1,2,66,0.5
126,3564.405638,3563.069138,3563.364138,3564.345638,3573.750138,1,2.99999999999994,0.0299999999999997,7.00000000000003,1,2,66,0.5
127,3577.235638,3574.770638,3575.338638,3577.233138,3582.550138,0,2.99999999999994,0.0299999999999997,5.99999999999996,2,1,65,0.5
128,3584.752638,3583.380138,3583.465638,3584.691138,3588.672138,1,2.99999999999994,0.0299999999999997,7.00000000000003,1,2,66,0.5
129,3594.509138,3593.087138,3593.340638,3594.507138,3602.327138,1,2.99999999999994,0.0299999999999997,7.00000000000003,1,2,66,0.5
130,3605.828638,3604.328638,3604.726138,3605.828638,3611.665638,0,NaN,0,7.00000000000003,1,2,66,0.5
131,3621.726638,3618.397638,3618.890138,3621.695138,3625.195638,0,2.99999999999994,0.0299999999999997,5.99999999999996,2,1,65,0.5
132,3627.531638,3626.243138,3626.314138,3627.529638,3635.912638,0,2.99999999999994,0.0299999999999997,5.99999999999996,2,1,65,0.5
133,3639.137638,3637.680138,3638.060138,3639.137638,3763.161638,0,NaN,0,7.00000000000003,1,2,66,0.5
134,3765.324638,3763.864138,3764.324638,3765.324638,3767.023138,0,NaN,0,7.00000000000003,1,2,66,0.5
135,3810.246138,3808.952638,3809.236638,3810.246138,3816.812638,0,NaN,0,7.00000000000003,1,2,66,0.5
136,3820.111638,3817.925638,3818.810138,3820.111638,3850.291638,0,NaN,0,7.00000000000003,1,2,66,0.5
137,3853.291638,3851.485638,3851.726138,3853.291638,3857.508638,0,NaN,0,7.00000000000003,1,2,66,0.5
138,3868.695638,3867.188638,3867.492638,3868.641638,3880.426138,1,2.99999999999994,0.0299999999999997,7.00000000000003,1,2,66,0.5
139,3882.712638,3881.375138,3881.773138,3882.712638,3893.868638,0,NaN,0,7.00000000000003,1,2,66,0.5
140,3896.080638,3894.663638,3894.727638,3895.981138,3903.108138,1,2.99999999999994,0.0299999999999997,7.00000000000003,1,2,66,0.5
141,3906.229638,3904.160638,3904.683138,3906.125138,3910.761638,0,2.99999999999994,0.0299999999999997,5.99999999999996,2,1,65,0.5
142,3913.878138,3912.671638,3912.773138,3913.819638,3915.889638,1,2.99999999999994,0.0299999999999997,7.00000000000003,1,2,66,0.5
143,3919.644138,3917.668138,3918.174138,3919.558638,3927.846138,0,2.99999999999994,0.0299999999999997,5.99999999999996,2,1,65,0.5
144,3932.649638,3931.087138,3931.474138,3932.587638,3942.566638,1,2.99999999999994,0.0299999999999997,7.00000000000003,1,2,66,0.5
145,3947.488138,3945.690138,3946.230138,3947.399638,3954.698638,1,2.99999999999994,0.0299999999999997,7.00000000000003,1,2,66,0.5
146,3957.215138,3955.658638,3956.044138,3957.215138,3972.794138,0,NaN,0,7.00000000000003,1,2,66,0.5
147,3979.807638,3977.867638,3978.380138,3979.749138,3983.354138,0,2.99999999999994,0.0299999999999997,5.99999999999996,2,1,65,0.5
148,3986.040138,3985.081138,3985.094138,3986.040138,3989.535638,0,NaN,0,7.00000000000003,1,2,66,0.5
149,3993.728138,3992.421138,3992.818638,3993.728138,3997.142638,0,NaN,0,7.00000000000003,1,2,66,0.5
150,4004.736638,4003.101138,4003.476638,4004.611138,4015.196138,1,2.99999999999994,0.0299999999999997,7.00000000000003,1,2,66,0.5
151,4019.454138,4016.598638,4017.258138,4019.451638,4023.105138,0,2.99999999999994,0.0299999999999997,5.99999999999996,2,1,65,0.5
152,4026.453138,4024.608138,4024.728638,4026.451138,4050.830138,1,2.99999999999994,0.0299999999999997,7.00000000000003,1,2,66,0.5
153,4054.335638,4051.990138,4052.505138,4054.335638,4056.987638,0,NaN,0,7.00000000000003,1,2,66,0.5
154,4068.544639,4067.170638,4067.447138,4068.479138,4075.438138,1,2.99999999999994,0.0299999999999997,7.00000000000003,1,2,66,0.5
155,4079.005638,4076.701638,4077.189138,4078.901138,4082.052138,0,2.99999999999994,0.0299999999999997,5.99999999999996,2,1,65,0.5
156,4084.740638,4083.381638,4083.515138,4084.738138,4088.997138,1,2.99999999999994,0.0299999999999997,7.00000000000003,1,2,66,0.5
157,4094.221138,4092.787638,4093.145638,4094.221138,4099.197138,0,NaN,0,7.00000000000003,1,2,66,0.5
158,4103.869638,4101.536138,4101.914138,4103.778138,4121.373638,1,2.99999999999994,0.0299999999999997,7.00000000000003,1,2,66,0.5
159,4124.507138,4122.603638,4123.112138,4124.393138,4128.659138,0,2.99999999999994,0.0299999999999997,5.99999999999996,2,1,65,0.5
160,4130.692138,4129.575638,4129.779638,4130.692138,4140.586138,1,NaN,0,5.99999999999996,2,1,65,0.5
161,4147.150638,4145.464138,4145.754138,4147.148638,4154.773638,1,2.99999999999994,0.0299999999999997,7.00000000000003,1,2,66,0.5
162,4159.950638,4157.271638,4157.915638,4159.897138,4162.569638,0,2.99999999999994,0.0299999999999997,5.99999999999996,2,1,65,0.5
163,4165.480139,4164.369638,4164.476138,4165.480139,4174.384138,1,NaN,0,5.99999999999996,2,1,65,0.5
164,4176.961638,4175.323138,4175.921638,4176.961638,4180.692638,0,NaN,0,7.00000000000003,1,2,66,0.5
165,4439.939138,4437.524638,4437.924638,4439.936638,4456.048638,0,2.99999999999994,0.0299999999999997,5.99999999999996,2,1,65,0.5
166,4459.967638,4457.936138,4458.422138,4459.965138,4462.153138,0,2.99999999999994,0.0299999999999997,5.99999999999996,2,1,65,0.5
167,4464.836638,4463.304138,4463.359638,4464.834638,4467.287638,1,2.99999999999994,0.0299999999999997,7.00000000000003,1,2,66,0.5
168,4470.381638,4468.610138,4469.051638,4470.316638,4476.032138,0,2.99999999999994,0.0299999999999997,5.99999999999996,2,1,65,0.5
169,4480.105638,4478.460638,4478.697138,4480.105638,4490.954138,0,NaN,0,7.00000000000003,1,2,66,0.5
170,4498.246138,4496.569138,4496.911638,4498.246138,4501.690138,0,NaN,0,7.00000000000003,1,2,66,0.5
171,4510.331138,4508.428138,4508.901138,4510.230638,4512.884638,0,2.99999999999994,0.0299999999999997,5.99999999999996,2,1,65,0.5
172,4516.012638,4513.986138,4514.371138,4515.934138,4521.632138,1,2.99999999999994,0.0299999999999997,7.00000000000003,1,2,66,0.5
173,4526.750638,4525.123638,4525.485139,4526.669138,4536.253138,1,2.99999999999994,0.0299999999999997,7.00000000000003,1,2,66,0.5
174,4541.707138,4537.655638,4538.020638,4541.579138,4545.010638,1,2.99999999999994,0.0299999999999997,7.00000000000003,1,2,66,0.5
175,4549.081638,4546.556138,4547.067638,4548.999638,4554.988638,0,2.99999999999994,0.0299999999999997,5.99999999999996,2,1,65,0.5
176,4557.946638,4555.991638,4556.490138,4557.847138,4561.372638,0,2.99999999999994,0.0299999999999997,5.99999999999996,2,1,65,0.5
177,4564.083138,4562.727638,4563.076638,4564.083138,4565.089638,1,NaN,0,5.99999999999996,2,1,65,0.5
178,4587.122138,4585.893138,4586.269638,4587.122138,4611.305639,0,NaN,0,7.00000000000003,1,2,66,0.5
179,4613.236138,4611.919138,4612.338638,4613.233638,4618.175138,0,2.99999999999994,0.0299999999999997,5.99999999999996,2,1,65,0.5
180,4620.627138,4619.221138,4619.418138,4620.511138,4628.935638,1,2.99999999999994,0.0299999999999997,7.00000000000003,1,2,66,0.5
181,4634.280138,4632.849638,4633.098138,4634.214638,4638.895139,1,2.99999999999994,0.0299999999999997,7.00000000000003,1,2,66,0.5
182,4645.647638,4643.057638,4643.622638,4645.589138,4653.381138,0,2.99999999999994,0.0299999999999997,5.99999999999996,2,1,65,0.5
183,4656.948138,4655.238638,4655.648138,4656.890138,4662.659638,0,2.99999999999994,0.0299999999999997,5.99999999999996,2,1,65,0.5
184,4665.876138,4664.134138,4664.560138,4665.876138,4671.460138,0,NaN,0,7.00000000000003,1,2,66,0.5
185,4676.951638,4674.760638,4675.005639,4676.949138,4684.886638,1,2.99999999999994,0.0299999999999997,7.00000000000003,1,2,66,0.5
186,4687.650638,4685.856638,4686.242138,4687.512138,4690.251138,0,2.99999999999994,0.0299999999999997,5.99999999999996,2,1,65,0.5
187,4692.618638,4691.350138,4691.486138,4692.554138,4693.956138,1,2.99999999999994,0.0299999999999997,7.00000000000003,1,2,66,0.5
188,4697.888139,4696.221138,4696.643638,4697.789138,4703.800638,0,2.99999999999994,0.0299999999999997,5.99999999999996,2,1,65,0.5
189,4707.309638,4705.499638,4705.999638,4707.162138,4711.377138,0,2.99999999999994,0.0299999999999997,5.99999999999996,2,1,65,0.5
190,4713.823638,4712.496138,4712.814638,4713.823638,4719.813638,1,NaN,0,5.99999999999996,2,1,65,0.5
191,4723.032638,4721.074638,4721.259138,4723.032638,4725.764138,0,NaN,0,7.00000000000003,1,2,66,0.5
192,4837.795138,4835.795638,4836.022138,4837.732638,4843.450638,0,2.99999999999994,0.0299999999999997,5.99999999999996,2,1,65,0.5
193,4846.447638,4844.479638,4844.883638,4846.447638,4850.763138,1,NaN,0,5.99999999999996,2,1,65,0.5
194,4854.189638,4852.542638,4852.905138,4854.114638,4857.784138,1,2.99999999999994,0.0299999999999997,7.00000000000003,1,2,66,0.5
195,4862.897138,4860.958138,4861.533638,4862.839138,4865.357638,0,2.99999999999994,0.0299999999999997,5.99999999999996,2,1,65,0.5
196,4868.045638,4866.197638,4866.683638,4868.045638,4871.218638,1,NaN,0,5.99999999999996,2,1,65,0.5
197,4882.504138,4880.742138,4881.250138,4882.421638,4888.045638,0,2.99999999999994,0.0299999999999997,5.99999999999996,2,1,65,0.5
198,4890.954638,4888.950139,4889.388138,4890.954638,4891.594138,1,NaN,0,5.99999999999996,2,1,65,0.5
199,4935.052638,4933.225638,4933.582138,4934.950138,4940.267138,0,2.99999999999994,0.0299999999999997,5.99999999999996,2,1,65,0.5
200,4945.005138,4943.170138,4943.388638,4945.005138,4950.594638,1,NaN,0,5.99999999999996,2,1,65,0.5
201,4953.595638,4952.215138,4952.305138,4953.593138,4957.257138,1,2.99999999999994,0.0299999999999997,7.00000000000003,1,2,66,0.5
202,4960.852138,4958.579138,4959.183138,4960.849638,4962.832138,0,2.99999999999994,0.0299999999999997,5.99999999999996,2,1,65,0.5
203,4965.749138,4964.548138,4964.640638,4965.749138,4976.004638,1,NaN,0,5.99999999999996,2,1,65,0.5
204,4978.144638,4976.917638,4977.161138,4978.144638,4979.447138,1,NaN,0,5.99999999999996,2,1,65,0.5
205,5040.527138,5038.425138,5038.806138,5040.427138,5042.999138,0,2.99999999999994,0.0299999999999997,5.99999999999996,2,1,65,0.5
206,5045.461638,5044.021138,5044.267638,5045.352638,5050.272138,1,2.99999999999994,0.0299999999999997,7.00000000000003,1,2,66,0.5
207,5053.109138,5051.532638,5051.780638,5052.993638,5061.581638,0,2.99999999999994,0.0299999999999997,5.99999999999996,2,1,65,0.5
208,5064.760138,5063.147138,5063.555138,5064.625138,5067.346638,0,2.99999999999994,0.0299999999999997,5.99999999999996,2,1,65,0.5
209,5069.687638,5068.498638,5068.616638,5069.687638,5070.051638,1,NaN,0,5.99999999999996,2,1,65,0.5
210,5078.367138,5076.767638,5077.110138,5078.367138,5080.963638,0,NaN,0,7.00000000000003,1,2,66,0.5
211,5098.859138,5097.754638,5098.029138,5098.859138,5125.904638,0,NaN,0,7.00000000000003,1,2,66,0.5
212,5127.732638,5126.466138,5126.830638,5127.732638,5135.692638,0,NaN,0,7.00000000000003,1,2,66,0.5
213,5137.945638,5137.023638,5137.168138,5137.945638,5144.695138,0,NaN,0,7.00000000000003,1,2,66,0.5
214,5149.268638,5147.075638,5147.572138,5149.125138,5157.116638,1,2.99999999999994,0.0299999999999997,7.00000000000003,1,2,66,0.5
215,5160.562638,5158.729638,5159.276138,5160.560638,5164.278138,0,2.99999999999994,0.0299999999999997,5.99999999999996,2,1,65,0.5
216,5168.111638,5166.890638,5167.140138,5168.035138,5173.441138,1,2.99999999999994,0.0299999999999997,7.00000000000003,1,2,66,0.5
217,5177.106138,5174.788138,5175.206138,5176.998638,5182.806638,0,2.99999999999994,0.0299999999999997,5.99999999999996,2,1,65,0.5
218,5185.099138,5183.763638,5184.154638,5185.099138,5190.867138,1,NaN,0,5.99999999999996,2,1,65,0.5
219,5193.443638,5192.060138,5192.464138,5193.441638,5198.621138,0,2.99999999999994,0.0299999999999997,5.99999999999996,2,1,65,0.5
220,5200.972638,5199.527138,5199.964638,5200.972638,5217.591638,1,NaN,0,5.99999999999996,2,1,65,0.5
221,5219.671138,5218.228638,5218.488638,5219.613638,5222.157638,0,2.99999999999994,0.0299999999999997,5.99999999999996,2,1,65,0.5
222,5224.497638,5223.449638,5223.578138,5224.497638,5225.009138,1,NaN,0,5.99999999999996,2,1,65,0.5
223,5238.967138,5237.788638,5237.898138,5238.967138,5246.151638,1,NaN,0,5.99999999999996,2,1,65,0.5
224,5250.526638,5248.696138,5249.195138,5250.401638,5252.958638,0,2.99999999999994,0.0299999999999997,5.99999999999996,2,1,65,0.5
225,5255.720638,5254.097138,5254.691138,5255.720638,5257.258138,1,NaN,0,5.99999999999996,2,1,65,0.5
226,5266.533138,5263.841138,5264.498138,5266.533138,5267.568138,1,NaN,0,5.99999999999996,2,1,65,0.5
227,5370.595638,5368.513638,5368.783138,5370.593138,5374.362138,0,2.99999999999994,0.0299999999999997,5.99999999999996,2,1,65,0.5
228,5377.610138,5376.232138,5376.594638,5377.610138,5408.578138,1,NaN,0,5.99999999999996,2,1,65,0.5
229,5412.230138,5410.015138,5410.435138,5412.147138,5415.530138,0,2.99999999999994,0.0299999999999997,5.99999999999996,2,1,65,0.5
230,5418.506138,5416.571138,5416.943638,5418.422638,5421.271638,1,2.99999999999994,0.0299999999999997,7.00000000000003,1,2,66,0.5
231,5425.128638,5423.668638,5424.010638,5425.055138,5430.434638,0,2.99999999999994,0.0299999999999997,5.99999999999996,2,1,65,0.5
232,5432.969638,5431.620138,5431.905138,5432.969638,5551.712638,1,NaN,0,5.99999999999996,2,1,65,0.5
233,5555.119638,5553.562638,5553.948638,5555.119638,5564.582638,0,NaN,0,7.00000000000003,1,2,66,0.5
234,5567.849638,5566.204638,5566.573638,5567.849638,5577.379638,0,NaN,0,7.00000000000003,1,2,66,0.5
235,5590.984638,5578.363138,5578.760138,NaN,NaN,NaN,NaN,0,7.00000000000003,1,2,66,0.5
236,6499.650638,6497.887138,6498.299138,6499.650638,6814.429638,0,NaN,0,7.00000000000003,1,2,66,0.5
237,6817.672138,6815.602138,6816.135638,6817.672138,6824.256638,0,NaN,0,7.00000000000003,1,2,66,0.5
238,6830.088138,6828.178138,6828.798138,6830.029138,6833.229638,1,2.99999999999994,0.0299999999999997,7.00000000000003,1,2,66,0.5
239,6840.206638,6838.710638,6839.075138,6840.206638,6905.198638,0,NaN,0,7.00000000000003,1,2,66,0.5
240,6908.005638,6906.023638,6906.562138,6907.873138,6910.159638,0,2.99999999999994,0.0299999999999997,5.99999999999996,2,1,65,0.5
241,6912.716638,6911.203638,6911.707638,6912.716638,6916.110138,1,NaN,0,5.99999999999996,2,1,65,0.5
242,6920.517638,6918.676138,6919.149638,6920.388638,6926.074138,0,2.99999999999994,0.0299999999999997,5.99999999999996,2,1,65,0.5
243,6928.962138,6927.434638,6927.859638,6928.842138,6933.408138,1,2.99999999999994,0.0299999999999997,7.00000000000003,1,2,66,0.5
244,6939.890138,6937.153638,6937.474638,6939.743638,6948.732638,1,2.99999999999994,0.0299999999999997,7.00000000000003,1,2,66,0.5
245,6952.033138,6950.074638,6950.514138,6952.030638,6953.667638,0,2.99999999999994,0.0299999999999997,5.99999999999996,2,1,65,0.5
246,6956.354638,6954.766638,6955.086638,6956.215638,6963.579138,1,2.99999999999994,0.0299999999999997,7.00000000000003,1,2,66,0.5
247,6966.309138,6964.506638,6964.967138,6966.245638,6969.397638,0,2.99999999999994,0.0299999999999997,5.99999999999996,2,1,65,0.5
248,6972.072138,6970.815138,6971.113138,6971.984638,6977.021638,1,2.99999999999994,0.0299999999999997,7.00000000000003,1,2,66,0.5
249,6980.683638,6978.769138,6979.141138,6980.683638,6997.359138,0,NaN,0,7.00000000000003,1,2,66,0.5
250,7001.702138,7000.090138,7000.442138,7001.582138,7013.477638,1,2.99999999999994,0.0299999999999997,7.00000000000003,1,2,66,0.5
251,7016.274638,7014.888138,7015.311638,7016.184638,7022.314638,0,2.99999999999994,0.0299999999999997,5.99999999999996,2,1,65,0.5
252,7025.322638,7023.946638,7023.995638,7025.319639,7031.351638,1,2.99999999999994,0.0299999999999997,7.00000000000003,1,2,66,0.5
253,7034.286138,7032.689638,7033.147138,7034.280638,7037.948138,0,2.99999999999994,0.0299999999999997,5.99999999999996,2,1,65,0.5
254,7040.252138,7038.887138,7039.134638,7040.165638,7046.169638,1,2.99999999999994,0.0299999999999997,7.00000000000003,1,2,66,0.5
255,7048.566638,7047.136138,7047.553138,7048.564138,7051.575638,0,2.99999999999994,0.0299999999999997,5.99999999999996,2,1,65,0.5
256,7053.931638,7052.900138,7053.107138,7053.931638,7056.388138,1,NaN,0,5.99999999999996,2,1,65,0.5
257,7071.406638,7069.449638,7069.918138,7071.406638,7081.064638,1,NaN,0,5.99999999999996,2,1,65,0.5
258,7256.957138,7255.158638,7255.611138,7256.901638,7260.534638,0,2.99999999999994,0.0299999999999997,5.99999999999996,2,1,65,0.5
259,7263.198138,7261.695138,7262.007638,7263.137638,7267.036138,1,2.99999999999994,0.0299999999999997,7.00000000000003,1,2,66,0.5
260,7270.461138,7268.379138,7268.866638,7270.377138,7392.998138,0,2.99999999999994,0.0299999999999997,5.99999999999996,2,1,65,0.5
261,7397.349638,7395.632138,7396.231138,7397.349638,7403.498139,1,NaN,0,5.99999999999996,2,1,65,0.5
262,7412.109138,7410.221138,7410.671638,7412.106138,7415.525638,0,2.99999999999994,0.0299999999999997,5.99999999999996,2,1,65,0.5
263,7418.190638,7416.681638,7416.977138,7418.104638,7425.544638,1,2.99999999999994,0.0299999999999997,7.00000000000003,1,2,66,0.5
264,7428.425138,7426.830138,7427.238638,7428.423138,7431.584638,0,2.99999999999994,0.0299999999999997,5.99999999999996,2,1,65,0.5
265,7433.959638,7432.747638,7432.990638,7433.959638,7596.279638,1,NaN,0,5.99999999999996,2,1,65,0.5
266,7835.199638,7833.827638,7834.116638,7835.199638,7835.489138,0,NaN,0,7.00000000000003,1,2,66,0.5
267,7865.464138,7863.321638,7863.763638,7865.354638,7871.714638,0,2.99999999999994,0.0299999999999997,5.99999999999996,2,1,65,0.5
268,7874.590638,7873.269638,7873.708638,7874.590638,7885.101638,1,NaN,0,5.99999999999996,2,1,65,0.5
269,7888.357138,7886.554138,7887.002638,7888.256138,7890.066638,0,2.99999999999994,0.0299999999999997,5.99999999999996,2,1,65,0.5
270,7893.072638,7891.203638,7891.812138,7893.069638,7901.855638,1,2.99999999999994,0.0299999999999997,7.00000000000003,1,2,66,0.5
271,7906.480638,7904.826138,7905.250138,7906.403138,7908.916638,0,2.99999999999994,0.0299999999999997,5.99999999999996,2,1,65,0.5
272,7911.572138,7910.269138,7910.738138,7911.572138,7917.473138,1,NaN,0,5.99999999999996,2,1,65,0.5
273,7925.285638,7923.471138,7923.876638,7925.283138,8750.760638,1,2.99999999999994,0.0299999999999997,7.00000000000003,1,2,66,0.5
274,8754.371138,8752.113138,8752.245638,8754.271638,8756.016638,0,2.99999999999994,0.0299999999999997,5.99999999999996,2,1,65,0.5
275,8759.543138,8758.039138,8758.380138,8759.480138,8765.000138,1,2.99999999999994,0.0299999999999997,7.00000000000003,1,2,66,0.5
276,8768.955638,8767.374638,8767.844138,8768.820138,8773.677638,0,2.99999999999994,0.0299999999999997,5.99999999999996,2,1,65,0.5
277,8776.354138,8775.077638,8775.531138,8776.354138,8790.341638,1,NaN,0,5.99999999999996,2,1,65,0.5
278,8793.672138,8791.358138,8791.731638,8793.651138,8799.117138,1,2.99999999999994,0.0299999999999997,7.00000000000003,1,2,66,0.5
279,8802.277638,8800.499638,8800.910638,8802.204138,8804.928638,0,2.99999999999994,0.0299999999999997,5.99999999999996,2,1,65,0.5
280,8807.253138,8806.062138,8806.388638,8807.253138,8814.010638,1,NaN,0,5.99999999999996,2,1,65,0.5
281,8816.967638,8815.302138,8815.707138,8816.839138,8819.283638,0,2.99999999999994,0.0299999999999997,5.99999999999996,2,1,65,0.5
282,8821.750138,8820.370138,8820.668638,8821.637138,8832.645638,1,2.99999999999994,0.0299999999999997,7.00000000000003,1,2,66,0.5
283,8836.350138,8834.342638,8834.684138,8836.251138,8839.332138,0,2.99999999999994,0.0299999999999997,5.99999999999996,2,1,65,0.5
284,8841.454638,8840.156638,8840.402638,8841.362138,8845.512638,1,2.99999999999994,0.0299999999999997,7.00000000000003,1,2,66,0.5
285,8848.664138,8846.987638,8847.342638,8848.538138,8852.103139,0,2.99999999999994,0.0299999999999997,5.99999999999996,2,1,65,0.5
286,8854.327638,8852.980638,8853.317638,8854.270638,8858.291638,1,2.99999999999994,0.0299999999999997,7.00000000000003,1,2,66,0.5
287,8861.117638,8859.190138,8859.620638,8861.115139,8863.962138,0,2.99999999999994,0.0299999999999997,5.99999999999996,2,1,65,0.5
288,8866.135638,8864.877138,8865.140138,8866.133138,8872.992638,1,2.99999999999994,0.0299999999999997,7.00000000000003,1,2,66,0.5
289,8875.403638,8874.192638,8874.504638,8875.332638,8877.479138,0,2.99999999999994,0.0299999999999997,5.99999999999996,2,1,65,0.5
290,8880.083138,8878.783638,8879.130138,8880.083138,8886.683138,1,NaN,0,5.99999999999996,2,1,65,0.5
291,8889.522138,8887.584138,8888.010138,8889.519638,8890.864638,1,2.99999999999994,0.0299999999999997,7.00000000000003,1,2,66,0.5
292,8893.531138,8892.245138,8892.631638,8893.438138,8896.568638,0,2.99999999999994,0.0299999999999997,5.99999999999996,2,1,65,0.5
293,8898.602138,8897.444638,8897.779638,8898.602138,8904.445138,1,NaN,0,5.99999999999996,2,1,65,0.5
294,8924.907638,8923.682638,8923.983138,8924.907638,8929.130138,1,NaN,0,5.99999999999996,2,1,65,0.5
295,8932.888638,8931.538138,8931.843138,8932.888638,8934.950138,0,NaN,0,7.00000000000003,1,2,66,0.5
296,8960.904638,8959.387638,8959.475138,8960.902138,8963.801638,0,2.99999999999994,0.0299999999999997,5.99999999999996,2,1,65,0.5
297,8966.260138,8964.982638,8965.194638,8966.191638,8969.622638,1,2.99999999999994,0.0299999999999997,7.00000000000003,1,2,66,0.5
298,8976.535638,8975.130638,8975.452638,8976.431138,8980.184138,0,2.99999999999994,0.0299999999999997,5.99999999999996,2,1,65,0.5
299,8982.287138,8980.840638,8981.126138,8982.155638,8985.030138,1,2.99999999999994,0.0299999999999997,7.00000000000003,1,2,66,0.5
300,8987.496138,8986.148138,8986.493138,8987.496138,8997.230638,0,NaN,0,7.00000000000003,1,2,66,0.5
301,9001.196139,8999.266638,8999.887638,9001.074638,9004.060638,0,2.99999999999994,0.0299999999999997,5.99999999999996,2,1,65,0.5
302,9006.519641,9005.36964,9005.641138,9006.431638,9012.945138,1,2.99999999999994,0.0299999999999997,7.00000000000003,1,2,66,0.5
303,9015.517138,9014.001638,9014.359638,9015.517138,9019.373138,0,NaN,0,7.00000000000003,1,2,66,0.5
304,9087.371638,9085.881138,9086.267138,9087.309638,9090.964138,0,2.99999999999994,0.0299999999999997,5.99999999999996,2,1,65,0.5
305,9092.991138,9091.814138,9092.047138,9092.988139,9100.448138,1,2.99999999999994,0.0299999999999997,7.00000000000003,1,2,66,0.5
306,9104.334138,9101.598638,9101.998638,9104.273138,9109.261138,1,2.99999999999994,0.0299999999999997,7.00000000000003,1,2,66,0.5
307,9113.008638,9111.14764,9111.531138,9113.006138,9115.567638,0,2.99999999999994,0.0299999999999997,5.99999999999996,2,1,65,0.5
308,9118.032138,9116.716638,9116.939138,9117.921638,9126.978638,1,2.99999999999994,0.0299999999999997,7.00000000000003,1,2,66,0.5
309,9129.527638,9127.705638,9128.063138,9129.472138,9135.489638,1,2.99999999999994,0.0299999999999997,7.00000000000003,1,2,66,0.5
310,9138.048638,9136.641638,9137.069138,9137.977138,9141.430138,0,2.99999999999994,0.0299999999999997,5.99999999999996,2,1,65,0.5
311,9143.508138,9142.204638,9142.421638,9143.428138,9149.148638,1,2.99999999999994,0.0299999999999997,7.00000000000003,1,2,66,0.5
312,9152.558638,9149.991638,9150.348638,9152.500638,9156.355138,1,2.99999999999994,0.0299999999999997,7.00000000000003,1,2,66,0.5
313,9159.351638,9157.927138,9158.275138,9159.203638,9166.830638,1,2.99999999999994,0.0299999999999997,7.00000000000003,1,2,66,0.5
314,9169.847138,9168.495638,9168.670638,9169.751638,9173.162638,0,2.99999999999994,0.0299999999999997,5.99999999999996,2,1,65,0.5
315,9175.141638,9174.029638,9174.278138,9175.141638,9181.015638,1,NaN,0,5.99999999999996,2,1,65,0.5
316,9186.919638,9185.091138,9185.449138,9186.824638,9189.420138,0,2.99999999999994,0.0299999999999997,5.99999999999996,2,1,65,0.5
317,9191.873638,9190.420138,9190.729138,9191.799138,9196.583638,1,2.99999999999994,0.0299999999999997,7.00000000000003,1,2,66,0.5
318,9199.799138,9198.008638,9198.399638,9199.731138,9202.103138,0,2.99999999999994,0.0299999999999997,5.99999999999996,2,1,65,0.5
319,9204.556638,9203.433638,9203.614138,9204.412638,9211.493638,1,2.99999999999994,0.0299999999999997,7.00000000000003,1,2,66,0.5
320,9213.786638,9212.381638,9212.656138,9213.786638,9219.314638,0,NaN,0,7.00000000000003,1,2,66,0.5
321,9222.296138,9221.010138,9221.194638,9222.205638,9225.318138,0,2.99999999999994,0.0299999999999997,5.99999999999996,2,1,65,0.5
322,9227.113138,9226.051638,9226.184638,9227.000138,9231.320638,1,2.99999999999994,0.0299999999999997,7.00000000000003,1,2,66,0.5
323,9234.831638,9233.847138,9233.935138,9234.761638,9237.273638,0,2.99999999999994,0.0299999999999997,5.99999999999996,2,1,65,0.5
324,9239.452138,9238.259138,9238.524138,9239.449638,9243.413138,1,2.99999999999994,0.0299999999999997,7.00000000000003,1,2,66,0.5
325,9246.028638,9244.841638,9245.133138,9246.026138,9247.916638,0,2.99999999999994,0.0299999999999997,5.99999999999996,2,1,65,0.5
326,9249.871638,9248.707138,9249.002138,9249.869638,9261.372638,1,2.99999999999994,0.0299999999999997,7.00000000000003,1,2,66,0.5
327,9263.567138,9262.132638,9262.446138,9263.567138,9270.130638,0,NaN,0,7.00000000000003,1,2,66,0.5
328,9272.698138,9271.544638,9271.888638,9272.621138,9275.090638,0,2.99999999999994,0.0299999999999997,5.99999999999996,2,1,65,0.5
329,9277.169138,9275.936638,9276.316638,9277.169138,9281.543638,1,NaN,0,5.99999999999996,2,1,65,0.5
330,9288.325638,9286.372138,9286.712638,9288.183138,9290.982138,0,2.99999999999994,0.0299999999999997,5.99999999999996,2,1,65,0.5
331,9293.716138,9292.130638,9292.405638,9293.672638,9296.304138,1,2.99999999999994,0.0299999999999997,7.00000000000003,1,2,66,0.5
332,9299.078638,9297.816638,9298.131638,9299.028638,9300.909638,0,2.99999999999994,0.0299999999999997,5.99999999999996,2,1,65,0.5
333,9302.847138,9301.751638,9301.966138,9302.847138,9309.260638,1,NaN,0,5.99999999999996,2,1,65,0.5
334,9311.373638,9310.168138,9310.525138,9311.265138,9313.686138,0,2.99999999999994,0.0299999999999997,5.99999999999996,2,1,65,0.5
335,9315.668138,9314.634138,9314.931138,9315.668138,9316.543138,1,NaN,0,5.99999999999996,2,1,65,0.5
336,9324.922638,9322.842638,9323.100638,9324.780638,9328.123138,0,2.99999999999994,0.0299999999999997,5.99999999999996,2,1,65,0.5
337,9330.165638,9329.051638,9329.291638,9330.063638,9333.230638,1,2.99999999999994,0.0299999999999997,7.00000000000003,1,2,66,0.5
338,9335.849138,9334.617138,9334.792638,9335.775138,9339.739638,0,2.99999999999994,0.0299999999999997,5.99999999999996,2,1,65,0.5
339,9341.834638,9340.454138,9340.728638,9341.706138,9343.528638,1,2.99999999999994,0.0299999999999997,7.00000000000003,1,2,66,0.5
340,9346.435638,9344.912138,9345.211638,9346.314138,9348.483638,0,2.99999999999994,0.0299999999999997,5.99999999999996,2,1,65,0.5
341,9350.490638,9349.483638,9349.761138,9350.490638,9351.072138,1,NaN,0,5.99999999999996,2,1,65,0.5
342,9358.682638,9357.438138,9357.764138,9358.679638,9361.386138,0,2.99999999999994,0.0299999999999997,5.99999999999996,2,1,65,0.5
343,9363.137138,9362.248138,9362.514638,9363.137138,9368.158638,1,NaN,0,5.99999999999996,2,1,65,0.5
344,9370.266138,9369.024638,9369.306138,9370.213138,9374.372138,0,2.99999999999994,0.0299999999999997,5.99999999999996,2,1,65,0.5
345,9376.451138,9375.185638,9375.412138,9376.353138,9379.669138,1,2.99999999999994,0.0299999999999997,7.00000000000003,1,2,66,0.5
346,9381.927638,9380.935638,9381.034638,9381.927638,9386.667138,0,NaN,0,7.00000000000003,1,2,66,0.5
347,9391.920638,9390.558138,9390.851138,9391.851638,9398.056638,1,2.99999999999994,0.0299999999999997,7.00000000000003,1,2,66,0.5
348,9400.215638,9398.751638,9399.060638,9400.094138,9402.138638,0,2.99999999999994,0.0299999999999997,5.99999999999996,2,1,65,0.5
349,9404.241138,9403.104138,9403.381638,9404.180138,9408.175138,1,2.99999999999994,0.0299999999999997,7.00000000000003,1,2,66,0.5
350,9410.479638,9409.371138,9409.630138,9410.479638,9414.391638,0,NaN,0,7.00000000000003,1,2,66,0.5
351,9426.096638,9424.560638,9424.911138,9425.983638,9429.777138,1,2.99999999999994,0.0299999999999997,7.00000000000003,1,2,66,0.5
352,9432.450638,9431.081138,9431.371138,9432.328138,9435.014638,0,2.99999999999994,0.0299999999999997,5.99999999999996,2,1,65,0.5
353,9436.712638,9435.886638,9436.031638,9436.712638,9473.674638,1,NaN,0,5.99999999999996,2,1,65,0.5
354,9475.502638,9474.364138,9474.563138,9475.433638,9478.765138,0,2.99999999999994,0.0299999999999997,5.99999999999996,2,1,65,0.5
355,9480.762138,9479.569638,9479.801638,9480.762138,9485.675638,1,NaN,0,5.99999999999996,2,1,65,0.5
356,9487.756138,9486.373638,9486.731138,9487.60864,9502.842138,0,2.99999999999994,0.0299999999999997,5.99999999999996,2,1,65,0.5
357,9504.866638,9503.751638,9503.829638,9504.866638,9508.095138,1,NaN,0,5.99999999999996,2,1,65,0.5
358,9518.558638,9516.569638,9516.897138,9518.433138,9522.484138,0,2.99999999999994,0.0299999999999997,5.99999999999996,2,1,65,0.5
359,9525.023138,9523.614638,9523.923138,9524.892638,9529.184638,1,2.99999999999994,0.0299999999999997,7.00000000000003,1,2,66,0.5
360,9531.623638,9530.029638,9530.364138,9531.512138,9534.512638,0,2.99999999999994,0.0299999999999997,5.99999999999996,2,1,65,0.5
361,9536.695138,9535.446638,9535.659138,9536.605638,9539.803638,1,2.99999999999994,0.0299999999999997,7.00000000000003,1,2,66,0.5
362,9541.677138,9540.559638,9540.759138,9541.559138,9543.231138,0,2.99999999999994,0.0299999999999997,5.99999999999996,2,1,65,0.5
363,9545.184638,9544.198138,9544.496638,9545.184638,9545.636638,1,NaN,0,5.99999999999996,2,1,65,0.5
364,9583.180638,9581.483138,9581.911638,9583.086138,9589.426638,0,2.99999999999994,0.0299999999999997,5.99999999999996,2,1,65,0.5
365,9591.898638,9590.794138,9591.017138,9591.898638,9595.918138,1,NaN,0,5.99999999999996,2,1,65,0.5
366,9599.683138,9598.133638,9598.656638,9599.683138,9607.193638,1,NaN,0,5.99999999999996,2,1,65,0.5
367,9610.141138,9608.822638,9609.412638,9610.141138,9611.052638,1,NaN,0,5.99999999999996,2,1,65,0.5
368,9621.344638,9620.489138,9620.561638,9621.344638,9621.942638,1,NaN,0,5.99999999999996,2,1,65,0.5
369,9670.169638,9668.445138,9668.703138,9670.024638,9674.623638,0,2.99999999999994,0.0299999999999997,5.99999999999996,2,1,65,0.5
370,9676.539138,9675.519638,9675.787138,9676.539138,9683.058138,1,NaN,0,5.99999999999996,2,1,65,0.5
371,9685.645138,9683.770138,9684.012638,9685.522638,9688.057138,0,2.99999999999994,0.0299999999999997,5.99999999999996,2,1,65,0.5
372,9690.721638,9689.364638,9689.623138,9690.666138,9692.557138,1,2.99999999999994,0.0299999999999997,7.00000000000003,1,2,66,0.5
373,9696.002138,9694.202638,9694.459138,9695.935138,9698.120638,0,2.99999999999994,0.0299999999999997,5.99999999999996,2,1,65,0.5
374,9700.650638,9699.452138,9699.743638,9700.650638,9708.008638,1,NaN,0,5.99999999999996,2,1,65,0.5
375,9709.854138,9708.621138,9708.849138,9709.854138,9857.229638,0,NaN,0,7.00000000000003,1,2,66,0.5
376,9859.446138,9858.143138,9858.356138,9859.293638,9862.274638,1,2.99999999999994,0.0299999999999997,7.00000000000003,1,2,66,0.5
377,9865.017638,9863.242138,9863.530638,9864.868638,9868.073638,0,2.99999999999994,0.0299999999999997,5.99999999999996,2,1,65,0.5
378,9870.331638,9869.026138,9869.208638,9870.272638,9873.520138,0,2.99999999999994,0.0299999999999997,5.99999999999996,2,1,65,0.5
379,9875.858138,9874.554138,9874.692138,9875.734138,9880.394638,1,2.99999999999994,0.0299999999999997,7.00000000000003,1,2,66,0.5
380,9882.200638,9881.368138,9881.475638,9882.200638,9891.023638,0,NaN,0,7.00000000000003,1,2,66,0.5
381,9892.876638,9891.974638,9892.012638,9892.876638,9897.968638,0,NaN,0,7.00000000000003,1,2,66,0.5
382,9900.670138,9898.991138,9899.542638,9900.538638,9904.461138,0,2.99999999999994,0.0299999999999997,5.99999999999996,2,1,65,0.5
383,9906.707138,9905.483138,9905.660138,9906.647138,9909.645138,0,2.99999999999994,0.0299999999999997,5.99999999999996,2,1,65,0.5
384,9911.691638,9910.395638,9910.666638,9911.626138,9916.981138,1,2.99999999999994,0.0299999999999997,7.00000000000003,1,2,66,0.5
385,9918.725638,9917.677138,9917.890138,9918.657138,9920.996638,0,2.99999999999994,0.0299999999999997,5.99999999999996,2,1,65,0.5
386,9922.800138,9921.817638,9922.014638,9922.800138,9929.155138,1,NaN,0,5.99999999999996,2,1,65,0.5
387,9939.584638,9937.909138,9938.243638,9939.480138,9941.423138,0,2.99999999999994,0.0299999999999997,5.99999999999996,2,1,65,0.5
388,9943.713638,9942.412138,9942.701138,9943.713638,9949.627138,1,NaN,0,5.99999999999996,2,1,65,0.5
389,9951.923638,9950.448138,9950.677138,9951.837138,9955.456638,0,2.99999999999994,0.0299999999999997,5.99999999999996,2,1,65,0.5
390,9957.282638,9956.148138,9956.394138,9957.282638,9957.630638,1,NaN,0,5.99999999999996,2,1,65,0.5
391,9973.565138,9972.486638,9972.745138,9973.565138,9979.532138,0,NaN,0,7.00000000000003,1,2,66,0.5
392,9982.264638,9981.076638,9981.587138,9982.264638,9982.477638,0,NaN,0,7.00000000000003,1,2,66,0.5
393,9990.493638,9989.315638,9989.527138,9990.354638,9993.953138,0,2.99999999999994,0.0299999999999997,5.99999999999996,2,1,65,0.5
394,9996.244138,9994.972138,9995.160642,9996.241638,9998.350638,1,2.99999999999994,0.0299999999999997,7.00000000000003,1,2,66,0.5
395,10000.281638,9999.250138,9999.451638,10000.173638,10003.561138,0,2.99999999999994,0.0299999999999997,5.99999999999996,2,1,65,0.5
396,10005.778638,10004.409638,10004.724138,10005.629638,10007.607138,1,2.99999999999994,0.0299999999999997,7.00000000000003,1,2,66,0.5
397,10009.764638,10008.554138,10008.907138,10009.764638,10013.335138,0,NaN,0,7.00000000000003,1,2,66,0.5
398,10044.176138,10042.554138,10042.848638,10044.080638,10046.849138,0,2.99999999999994,0.0299999999999997,5.99999999999996,2,1,65,0.5
399,10048.786138,10047.900638,10048.179138,10048.786138,10292.042138,0,NaN,0,7.00000000000003,1,2,66,0.5
400,10294.186638,10292.722138,10292.964638,10294.186638,10299.612638,0,NaN,0,7.00000000000003,1,2,66,0.5
401,10302.149138,10300.583638,10300.900138,10302.007638,10308.393638,1,2.99999999999994,0.0299999999999997,7.00000000000003,1,2,66,0.5
402,10310.995638,10309.310638,10309.667138,10310.936138,10313.840138,0,2.99999999999994,0.0299999999999997,5.99999999999996,2,1,65,0.5
403,10316.070638,10314.876638,10315.126638,10316.070638,10323.445138,1,NaN,0,5.99999999999996,2,1,65,0.5
404,10326.031138,10324.950138,10325.191138,10326.031138,10332.172138,0,NaN,0,7.00000000000003,1,2,66,0.5
405,10334.686138,10332.971138,10333.206138,10334.577638,10338.165138,0,2.99999999999994,0.0299999999999997,5.99999999999996,2,1,65,0.5
406,10340.246138,10338.999638,10339.342138,10340.246138,10347.628638,1,NaN,0,5.99999999999996,2,1,65,0.5
407,10349.244138,10348.181638,10348.360138,10349.244138,10350.417138,0,NaN,0,7.00000000000003,1,2,66,0.5
408,10369.547638,10368.157638,10368.267638,10369.445638,10375.761638,0,2.99999999999994,0.0299999999999997,5.99999999999996,2,1,65,0.5
409,10377.480638,10376.349638,10376.655638,10377.480638,10377.561638,0,NaN,0,7.00000000000003,1,2,66,0.5
410,10385.022138,10383.583138,10383.923638,10384.939638,10389.429638,1,2.99999999999994,0.0299999999999997,7.00000000000003,1,2,66,0.5
411,10391.554638,10390.421638,10390.611638,10391.554638,10398.482638,0,NaN,0,7.00000000000003,1,2,66,0.5
412,10400.621638,10399.432138,10399.664638,10400.554138,10404.771138,0,2.99999999999994,0.0299999999999997,5.99999999999996,2,1,65,0.5
413,10407.050638,10405.755638,10406.024138,10406.914638,10410.858638,1,2.99999999999994,0.0299999999999997,7.00000000000003,1,2,66,0.5
414,10413.417138,10411.964138,10412.266638,10413.417138,10416.056138,0,NaN,0,7.00000000000003,1,2,66,0.5
415,10436.498638,10435.136638,10435.393638,10436.421138,10440.549138,1,2.99999999999994,0.0299999999999997,7.00000000000003,1,2,66,0.5
416,10443.307138,10442.105638,10442.375638,10443.185638,10447.097138,0,2.99999999999994,0.0299999999999997,5.99999999999996,2,1,65,0.5
417,10449.111638,10447.836638,10448.145138,10449.025638,10452.139138,1,2.99999999999994,0.0299999999999997,7.00000000000003,1,2,66,0.5
418,10455.778138,10453.460638,10453.855138,10455.667638,10458.490138,0,2.99999999999994,0.0299999999999997,5.99999999999996,2,1,65,0.5
419,10460.788138,10459.614138,10459.847638,10460.643638,10464.074138,1,2.99999999999994,0.0299999999999997,7.00000000000003,1,2,66,0.5
420,10466.857638,10465.413138,10465.709138,10466.799138,10469.317138,0,2.99999999999994,0.0299999999999997,5.99999999999996,2,1,65,0.5
421,10479.815638,10478.414638,10478.795138,10479.744638,10482.961138,0,2.99999999999994,0.0299999999999997,5.99999999999996,2,1,65,0.5
422,10484.949138,10483.773138,10484.081638,10484.949138,10488.299138,1,NaN,0,5.99999999999996,2,1,65,0.5
423,10529.929638,10528.322638,10528.533638,10529.929638,10536.282638,0,NaN,0,7.00000000000003,1,2,66,0.5
424,10539.772638,10538.489138,10538.658138,10539.654638,10547.369138,1,2.99999999999994,0.0299999999999997,7.00000000000003,1,2,66,0.5
425,10549.450138,10548.165138,10548.294138,10549.447638,10552.870638,1,2.99999999999994,0.0299999999999997,7.00000000000003,1,2,66,0.5
426,10555.185138,10554.097638,10554.383638,10555.127138,10564.296638,0,2.99999999999994,0.0299999999999997,5.99999999999996,2,1,65,0.5
427,10566.266638,10565.079138,10565.328638,10566.193638,10570.571638,1,2.99999999999994,0.0299999999999997,7.00000000000003,1,2,66,0.5
428,10574.299138,10573.142138,10573.392638,10574.199638,10578.785138,1,2.99999999999994,0.0299999999999997,7.00000000000003,1,2,66,0.5
429,10580.655638,10579.603638,10579.816638,10580.572638,10584.585138,1,2.99999999999994,0.0299999999999997,7.00000000000003,1,2,66,0.5
430,10586.911638,10585.683638,10586.055138,10586.807638,10591.438138,0,2.99999999999994,0.0299999999999997,5.99999999999996,2,1,65,0.5
431,10593.789138,10592.600138,10592.791638,10593.692138,10599.478138,1,2.99999999999994,0.0299999999999997,7.00000000000003,1,2,66,0.5
432,10601.801638,10600.360138,10600.690138,10601.801638,10605.583638,0,NaN,0,7.00000000000003,1,2,66,0.5
433,10609.024138,10607.663138,10608.006138,10608.884638,10611.046638,1,2.99999999999994,0.0299999999999997,7.00000000000003,1,2,66,0.5
434,10614.115138,10612.125138,10612.693138,10614.036138,10616.000638,0,2.99999999999994,0.0299999999999997,5.99999999999996,2,1,65,0.5
435,10617.812638,10616.758138,10617.049138,10617.748138,10622.641638,1,2.99999999999994,0.0299999999999997,7.00000000000003,1,2,66,0.5
436,10624.673138,10623.434638,10623.758638,10624.543138,10628.361638,1,2.99999999999994,0.0299999999999997,7.00000000000003,1,2,66,0.5
437,10630.686638,10629.541638,10629.836138,10630.686638,10636.481638,0,NaN,0,7.00000000000003,1,2,66,0.5
438,10638.974638,10637.711638,10638.027138,10638.876638,10644.284638,1,2.99999999999994,0.0299999999999997,7.00000000000003,1,2,66,0.5
439,10647.194638,10646.028138,10646.094138,10647.108138,10650.099638,0,2.99999999999994,0.0299999999999997,5.99999999999996,2,1,65,0.5
440,10652.669638,10651.570638,10651.832138,10652.667138,10656.093638,1,2.99999999999994,0.0299999999999997,7.00000000000003,1,2,66,0.5
441,10658.810138,10657.771638,10658.046638,10658.662138,10668.832138,1,2.99999999999994,0.0299999999999997,7.00000000000003,1,2,66,0.5
442,10670.902638,10669.777138,10670.027638,10670.818138,10680.902138,1,2.99999999999994,0.0299999999999997,7.00000000000003,1,2,66,0.5
443,10683.529638,10681.807638,10682.215638,10683.472138,10685.474138,0,2.99999999999994,0.0299999999999997,5.99999999999996,2,1,65,0.5
444,10687.556138,10686.402638,10686.535638,10687.450638,10695.869138,1,2.99999999999994,0.0299999999999997,7.00000000000003,1,2,66,0.5
445,10697.832638,10696.701138,10696.985138,10697.832638,10710.620138,0,NaN,0,7.00000000000003,1,2,66,0.5
446,10712.924138,10711.745638,10712.017638,10712.837638,10717.605138,1,2.99999999999994,0.0299999999999997,7.00000000000003,1,2,66,0.5
447,10720.164138,10719.027638,10719.348638,10720.086138,10723.591138,1,2.99999999999994,0.0299999999999997,7.00000000000003,1,2,66,0.5
448,10726.073638,10724.614638,10724.910638,10726.014138,10736.291138,1,2.99999999999994,0.0299999999999997,7.00000000000003,1,2,66,0.5
449,10738.590138,10737.604138,10737.740138,10738.520638,10745.941638,1,2.99999999999994,0.0299999999999997,7.00000000000003,1,2,66,0.5
450,10749.326138,10747.447138,10747.698138,10749.234138,10753.348138,0,2.99999999999994,0.0299999999999997,5.99999999999996,2,1,65,0.5
451,10755.474638,10754.655638,10754.795639,10755.474638,10764.391138,1,NaN,0,5.99999999999996,2,1,65,0.5
452,10766.766638,10765.462638,10765.809638,10766.620638,10769.546638,0,2.99999999999994,0.0299999999999997,5.99999999999996,2,1,65,0.5
453,10771.202638,10770.318638,10770.502138,10771.202638,10778.421638,1,NaN,0,5.99999999999996,2,1,65,0.5
454,10780.897638,10779.318638,10779.646638,10780.776138,10782.516138,0,2.99999999999994,0.0299999999999997,5.99999999999996,2,1,65,0.5
455,10785.680638,10784.568138,10784.868638,10785.680638,10793.017638,1,NaN,0,5.99999999999996,2,1,65,0.5
456,10795.586639,10794.038638,10794.302638,10795.451638,10799.749138,0,2.99999999999994,0.0299999999999997,5.99999999999996,2,1,65,0.5
457,10801.625138,10800.673638,10800.821138,10801.497138,10804.640138,0,2.99999999999994,0.0299999999999997,5.99999999999996,2,1,65,0.5
458,10806.955138,10806.191138,10806.323138,10806.955138,10809.420138,1,NaN,0,5.99999999999996,2,1,65,0.5
459,10815.145138,10814.052638,10814.253138,10815.145138,10819.948138,1,NaN,0,5.99999999999996,2,1,65,0.5
460,10822.633638,10820.634138,10821.239138,10822.633638,10827.983638,0,NaN,0,7.00000000000003,1,2,66,0.5
461,10830.458638,10829.042638,10829.282138,10830.458638,10854.204138,0,NaN,0,7.00000000000003,1,2,66,0.5
462,10856.278638,10854.950638,10855.194138,10856.276138,10858.339138,1,2.99999999999994,0.0299999999999997,7.00000000000003,1,2,66,0.5
463,10860.865638,10859.695638,10859.919638,10860.731138,10863.125638,0,2.99999999999994,0.0299999999999997,5.99999999999996,2,1,65,0.5
464,10865.252638,10864.300138,10864.468138,10865.252638,10869.550138,1,NaN,0,5.99999999999996,2,1,65,0.5
465,10872.421638,10870.800638,10871.100138,10872.287638,10873.990138,0,2.99999999999994,0.0299999999999997,5.99999999999996,2,1,65,0.5
466,10876.031638,10874.869638,10875.162138,10876.029638,10889.838138,1,2.99999999999994,0.0299999999999997,7.00000000000003,1,2,66,0.5
467,10892.927638,10891.289138,10891.575638,10892.872138,10897.563138,0,2.99999999999994,0.0299999999999997,5.99999999999996,2,1,65,0.5
468,10899.484138,10898.292138,10898.525638,10899.404638,10919.130638,1,2.99999999999994,0.0299999999999997,7.00000000000003,1,2,66,0.5
469,10920.979638,10919.764638,10920.059138,10920.979638,10924.735638,0,NaN,0,7.00000000000003,1,2,66,0.5
470,10980.673138,10979.416638,10979.638638,10980.615138,10983.774638,1,2.99999999999994,0.0299999999999997,7.00000000000003,1,2,66,0.5
471,10986.170138,10984.973638,10985.145638,10986.043138,10989.483638,0,2.99999999999994,0.0299999999999997,5.99999999999996,2,1,65,0.5
472,10991.193638,10990.325138,10990.485138,10991.193638,10993.058638,1,NaN,0,5.99999999999996,2,1,65,0.5
473,10998.669138,10996.960638,10997.294138,10998.608138,11001.710638,0,2.99999999999994,0.0299999999999997,5.99999999999996,2,1,65,0.5
474,11003.613138,11002.616138,11002.933638,11003.613138,11007.971138,1,NaN,0,5.99999999999996,2,1,65,0.5
475,11011.090138,11009.838138,11010.187138,11011.087638,11012.949138,0,2.99999999999994,0.0299999999999997,5.99999999999996,2,1,65,0.5
476,11015.069138,11013.806638,11014.174138,11015.069138,11091.527138,1,NaN,0,5.99999999999996,2,1,65,0.5
477,11094.811638,11093.610638,11093.926138,11094.704138,11098.925638,1,2.99999999999994,0.0299999999999997,7.00000000000003,1,2,66,0.5
478,11101.402638,11100.195638,11100.345638,11101.273138,11104.188638,0,2.99999999999994,0.0299999999999997,5.99999999999996,2,1,65,0.5
479,11106.858138,11105.745638,11105.987138,11106.858138,11110.131138,1,NaN,0,5.99999999999996,2,1,65,0.5
480,11247.494138,11245.654138,11245.883138,11247.494138,11250.874138,0,NaN,0,7.00000000000003,1,2,66,0.5
481,11265.327138,11264.212138,11264.463138,11265.327138,11277.576638,0,NaN,0,7.00000000000003,1,2,66,0.5
482,11279.900638,11278.498138,11278.739638,11279.836638,11282.515138,1,2.99999999999994,0.0299999999999997,7.00000000000003,1,2,66,0.5
483,11284.348138,11283.312638,11283.526638,11284.348138,11288.526638,0,NaN,0,7.00000000000003,1,2,66,0.5
484,11292.335638,11291.233138,11291.429138,11292.184138,11294.875138,1,2.99999999999994,0.0299999999999997,7.00000000000003,1,2,66,0.5
485,11296.620138,11295.577638,11295.890138,11296.620138,11306.902638,0,NaN,0,7.00000000000003,1,2,66,0.5
486,11309.141138,11307.507138,11307.765138,11309.074138,11314.864638,1,2.99999999999994,0.0299999999999997,7.00000000000003,1,2,66,0.5
487,11317.309138,11315.685138,11316.262638,11317.182638,11321.109138,0,2.99999999999994,0.0299999999999997,5.99999999999996,2,1,65,0.5
488,11322.966638,11321.977138,11322.164138,11322.883138,11328.089638,1,2.99999999999994,0.0299999999999997,7.00000000000003,1,2,66,0.5
489,11330.012638,11328.947638,11329.277138,11329.936638,11331.896638,0,2.99999999999994,0.0299999999999997,5.99999999999996,2,1,65,0.5
490,11333.851638,11332.816138,11333.048138,11333.766138,11339.956138,1,2.99999999999994,0.0299999999999997,7.00000000000003,1,2,66,0.5
491,11342.208638,11341.156638,11341.457638,11342.150138,11346.916138,1,2.99999999999994,0.0299999999999997,7.00000000000003,1,2,66,0.5
492,11349.142138,11347.937638,11348.297638,11349.084638,11354.107138,0,2.99999999999994,0.0299999999999997,5.99999999999996,2,1,65,0.5
493,11356.090138,11354.979638,11355.259138,11355.992638,11362.084138,1,2.99999999999994,0.0299999999999997,7.00000000000003,1,2,66,0.5
494,11364.143138,11362.792638,11363.062138,11364.143138,11368.907138,1,NaN,0,5.99999999999996,2,1,65,0.5
495,11371.435138,11370.117638,11370.477638,11371.287638,11373.994138,0,2.99999999999994,0.0299999999999997,5.99999999999996,2,1,65,0.5
496,11376.052138,11375.056638,11375.272138,11375.931638,11379.161638,1,2.99999999999994,0.0299999999999997,7.00000000000003,1,2,66,0.5
497,11381.236638,11380.229138,11380.474138,11381.236638,11387.212138,1,NaN,0,5.99999999999996,2,1,65,0.5
498,11389.245138,11388.235138,11388.510638,11389.112638,11392.224638,1,2.99999999999994,0.0299999999999997,7.00000000000003,1,2,66,0.5
499,11394.325138,11393.125638,11393.470138,11394.219138,11397.238638,0,2.99999999999994,0.0299999999999997,5.99999999999996,2,1,65,0.5
500,11399.199138,11398.086639,11398.299138,11399.126638,11409.988638,1,2.99999999999994,0.0299999999999997,7.00000000000003,1,2,66,0.5
501,11412.046138,11410.787638,11411.044638,11412.046138,11415.648138,0,NaN,0,7.00000000000003,1,2,66,0.5
502,11423.988138,11422.204138,11422.594638,11423.902638,11426.650138,0,2.99999999999994,0.0299999999999997,5.99999999999996,2,1,65,0.5
503,11428.713138,11427.641138,11427.872638,11428.569138,11432.052638,1,2.99999999999994,0.0299999999999997,7.00000000000003,1,2,66,0.5
504,11434.079638,11433.073638,11433.308138,11433.987638,11441.179638,1,2.99999999999994,0.0299999999999997,7.00000000000003,1,2,66,0.5
505,11443.173639,11442.262638,11442.509138,11443.173639,11449.025638,1,NaN,0,5.99999999999996,2,1,65,0.5
506,11451.435138,11449.832638,11450.094138,11451.287638,11453.340638,0,2.99999999999994,0.0299999999999997,5.99999999999996,2,1,65,0.5
507,11455.321138,11454.386138,11454.596638,11455.254138,11457.399638,1,2.99999999999994,0.0299999999999997,7.00000000000003,1,2,66,0.5
508,11459.331638,11458.390638,11458.607638,11459.331638,11464.856638,1,NaN,0,5.99999999999996,2,1,65,0.5
509,11467.504138,11465.789138,11466.124138,11467.392138,11469.739138,0,2.99999999999994,0.0299999999999997,5.99999999999996,2,1,65,0.5
510,11471.868138,11470.655638,11470.863638,11471.865638,11474.456638,0,2.99999999999994,0.0299999999999997,5.99999999999996,2,1,65,0.5
511,11475.994638,11475.128638,11475.312638,11475.994638,11886.849138,1,NaN,0,5.99999999999996,2,1,65,0.5
512,11889.616638,11888.250138,11888.726138,11889.552638,11893.244138,0,2.99999999999994,0.0299999999999997,5.99999999999996,2,1,65,0.5
513,11894.777138,11893.937138,11894.093138,11894.777138,11900.978638,1,NaN,0,5.99999999999996,2,1,65,0.5
514,11904.031139,11903.248138,11903.436138,11904.031139,11908.440638,1,NaN,0,5.99999999999996,2,1,65,0.5
515,11931.770138,11930.502138,11930.819138,11931.661138,11934.649638,0,2.99999999999994,0.0299999999999997,5.99999999999996,2,1,65,0.5
516,11937.036138,11935.719138,11936.191638,11936.888138,11940.539638,0,2.99999999999994,0.0299999999999997,5.99999999999996,2,1,65,0.5
517,11942.769638,11941.779638,11942.132638,11942.769638,11949.624138,1,NaN,0,5.99999999999996,2,1,65,0.5
518,11951.554138,11950.228138,11950.706638,11951.459638,11954.873638,0,2.99999999999994,0.0299999999999997,5.99999999999996,2,1,65,0.5
519,11957.496638,11956.198638,11956.548638,11957.494138,11960.186138,0,2.99999999999994,0.0299999999999997,5.99999999999996,2,1,65,0.5
520,11962.133638,11961.178138,11961.445638,11962.133638,11962.451138,1,NaN,0,5.99999999999996,2,1,65,0.5
521,11989.645138,11988.460638,11988.907638,11989.645138,11996.558638,0,NaN,0,7.00000000000003,1,2,66,0.5
522,11998.521138,11997.410138,11997.769138,11998.521138,12004.340138,0,NaN,0,7.00000000000003,1,2,66,0.5
523,12008.559638,12007.659638,12007.787638,12008.557138,12011.951638,0,2.99999999999994,0.0299999999999997,5.99999999999996,2,1,65,0.5
524,12013.684638,12012.603638,12012.844138,12013.682138,12018.849638,1,2.99999999999994,0.0299999999999997,7.00000000000003,1,2,66,0.5
525,12021.284638,12019.933638,12020.329638,12021.165638,12023.780638,0,2.99999999999994,0.0299999999999997,5.99999999999996,2,1,65,0.5
526,12025.829138,12024.614138,12024.92464,12025.711638,12028.197138,1,2.99999999999994,0.0299999999999997,7.00000000000003,1,2,66,0.5
527,12030.022138,12028.950638,12029.265138,12029.917138,12037.885638,1,2.99999999999994,0.0299999999999997,7.00000000000003,1,2,66,0.5
528,12040.384138,12039.106638,12039.528638,12040.381638,12045.178138,1,2.99999999999994,0.0299999999999997,7.00000000000003,1,2,66,0.5
529,12047.583638,12046.313638,12046.753638,12047.508638,12049.082138,0,2.99999999999994,0.0299999999999997,5.99999999999996,2,1,65,0.5
530,12051.367138,12049.785638,12050.140138,12051.364638,12053.980638,1,2.99999999999994,0.0299999999999997,7.00000000000003,1,2,66,0.5
531,12056.299138,12055.305638,12055.637638,12056.299138,12076.251638,1,NaN,0,5.99999999999996,2,1,65,0.5
532,12084.482138,12082.925638,12083.317138,12084.347638,12089.048638,0,2.99999999999994,0.0299999999999997,5.99999999999996,2,1,65,0.5
533,12091.984138,12089.788138,12090.136138,12091.865138,12093.282138,1,2.99999999999994,0.0299999999999997,7.00000000000003,1,2,66,0.5
534,12103.193138,12101.778638,12102.076638,12103.193138,12161.547638,0,NaN,0,7.00000000000003,1,2,66,0.5
535,12164.347638,12163.048138,12163.465138,12164.212638,12167.950638,0,2.99999999999994,0.0299999999999997,5.99999999999996,2,1,65,0.5
536,12171.125638,12169.987638,12170.201638,12170.993638,12176.342638,1,2.99999999999994,0.0299999999999997,7.00000000000003,1,2,66,0.5
537,12180.211638,12179.196638,12179.447138,12180.211638,12185.673638,1,NaN,0,5.99999999999996,2,1,65,0.5
538,12188.366138,12186.832138,12187.284638,12188.242638,12190.335638,0,2.99999999999994,0.0299999999999997,5.99999999999996,2,1,65,0.5
539,12192.370638,12191.395138,12191.669638,12192.370638,12192.876138,1,NaN,0,5.99999999999996,2,1,65,0.5
540,12204.962138,12203.581638,12203.962138,12204.810138,12218.436138,1,2.99999999999994,0.0299999999999997,7.00000000000003,1,2,66,0.5
541,12220.943138,12219.555138,12219.842638,12220.825638,12229.502638,0,2.99999999999994,0.0299999999999997,5.99999999999996,2,1,65,0.5
542,12231.661638,12230.210638,12230.524138,12231.567138,12235.017638,0,2.99999999999994,0.0299999999999997,5.99999999999996,2,1,65,0.5
543,12236.988638,12235.889138,12236.081138,12236.861638,12239.363638,1,2.99999999999994,0.0299999999999997,7.00000000000003,1,2,66,0.5
544,12241.116138,12240.027638,12240.324638,12241.116138,12246.642638,1,NaN,0,5.99999999999996,2,1,65,0.5
545,12248.876638,12247.240638,12247.640638,12248.727138,12251.464638,0,2.99999999999994,0.0299999999999997,5.99999999999996,2,1,65,0.5
546,12253.294638,12252.288138,12252.563138,12253.220138,12255.959638,0,2.99999999999994,0.0299999999999997,5.99999999999996,2,1,65,0.5
547,12257.880638,12256.726138,12256.947638,12257.795138,12259.955138,1,2.99999999999994,0.0299999999999997,7.00000000000003,1,2,66,0.5
548,12261.860638,12260.539638,12260.860638,12261.763138,12265.910638,0,2.99999999999994,0.0299999999999997,5.99999999999996,2,1,65,0.5
549,12267.530138,12266.745638,12266.903638,12267.530138,12287.829638,0,NaN,0,7.00000000000003,1,2,66,0.5
550,12290.492638,12289.037138,12289.375138,12290.340138,12294.154638,1,2.99999999999994,0.0299999999999997,7.00000000000003,1,2,66,0.5
551,12295.926638,12294.870638,12295.073638,12295.821638,12302.030138,1,2.99999999999994,0.0299999999999997,7.00000000000003,1,2,66,0.5
552,12303.625638,12302.813138,12302.945638,12303.567639,12307.675638,1,2.99999999999994,0.0299999999999997,7.00000000000003,1,2,66,0.5
553,12309.700638,12308.685138,12308.927638,12309.562138,12311.363638,1,2.99999999999994,0.0299999999999997,7.00000000000003,1,2,66,0.5
554,12313.116138,12312.063139,12312.304138,12313.116138,12319.559638,0,NaN,0,7.00000000000003,1,2,66,0.5
555,12321.299138,12320.224638,12320.479638,12321.299138,12321.803138,0,NaN,0,7.00000000000003,1,2,66,0.5
556,12331.702138,12330.323638,12330.511138,12331.625138,12334.018138,0,2.99999999999994,0.0299999999999997,5.99999999999996,2,1,65,0.5
557,12336.044638,12335.000138,12335.242638,12335.988638,12345.682638,1,2.99999999999994,0.0299999999999997,7.00000000000003,1,2,66,0.5
558,12347.366638,12346.402138,12346.635138,12347.246638,12350.996638,1,2.99999999999994,0.0299999999999997,7.00000000000003,1,2,66,0.5
559,12352.957138,12351.968638,12352.236138,12352.880138,12355.286638,1,2.99999999999994,0.0299999999999997,7.00000000000003,1,2,66,0.5
560,12357.625638,12356.339138,12356.407638,12357.512638,12359.342638,0,2.99999999999994,0.0299999999999997,5.99999999999996,2,1,65,0.5
561,12361.515638,12360.205638,12360.485638,12361.434638,12363.452138,0,2.99999999999994,0.0299999999999997,5.99999999999996,2,1,65,0.5
562,12365.360638,12364.586638,12364.741638,12365.360638,12372.310138,1,NaN,0,5.99999999999996,2,1,65,0.5
563,12385.608638,12372.987138,12373.260638,NaN,NaN,NaN,NaN,0,7.00000000000003,1,2,66,0.5
564,12399.786138,12398.265638,12398.580138,12399.786138,12406.971638,0,NaN,0,7.00000000000003,1,2,66,0.5
565,12409.223139,12407.584138,12408.055138,12409.131638,12420.401138,1,2.99999999999994,0.0299999999999997,7.00000000000003,1,2,66,0.5
566,12422.207138,12421.111638,12421.388638,12422.103138,12427.261638,1,2.99999999999994,0.0299999999999997,7.00000000000003,1,2,66,0.5
567,12429.645638,12428.572138,12428.834638,12429.563638,12436.370638,1,2.99999999999994,0.0299999999999997,7.00000000000003,1,2,66,0.5
568,12438.543138,12437.099638,12437.498138,12438.452138,12440.645138,0,2.99999999999994,0.0299999999999997,5.99999999999996,2,1,65,0.5
569,12442.705138,12441.506638,12441.705138,12442.705138,12445.474138,0,NaN,0,7.00000000000003,1,2,66,0.5
570,12468.176138,12466.591638,12466.832638,12468.106638,12470.887138,0,2.99999999999994,0.0299999999999997,5.99999999999996,2,1,65,0.5
571,12472.772138,12471.779638,12471.988638,12472.772138,12478.816638,0,NaN,0,7.00000000000003,1,2,66,0.5
572,12480.751138,12479.712138,12479.989638,12480.619638,12484.639638,0,2.99999999999994,0.0299999999999997,5.99999999999996,2,1,65,0.5
573,12486.471138,12485.436638,12485.694138,12486.471138,12491.315138,0,NaN,0,7.00000000000003,1,2,66,0.5
574,12499.201138,12497.959138,12498.250638,12499.201138,12759.833138,0,NaN,0,7.00000000000003,1,2,66,0.5
575,12762.445138,12760.639638,12761.075138,12762.382138,12764.240638,1,2.99999999999994,0.0299999999999997,7.00000000000003,1,2,66,0.5
576,12767.157638,12765.205638,12765.733138,12767.028138,12770.028138,0,2.99999999999994,0.0299999999999997,5.99999999999996,2,1,65,0.5
577,12773.315138,12772.035138,12772.292638,12773.315138,12774.240138,0,NaN,0,7.00000000000003,1,2,66,0.5
578,12783.256638,12781.659138,12781.972138,12783.120138,12786.941138,0,2.99999999999994,0.0299999999999997,5.99999999999996,2,1,65,0.5
579,12788.912138,12788.049138,12788.274638,12788.912138,12796.119638,0,NaN,0,7.00000000000003,1,2,66,0.5
580,12802.440638,12800.825138,12801.370138,12802.437638,12814.986138,1,2.99999999999994,0.0299999999999997,7.00000000000003,1,2,66,0.5
581,12816.937138,12815.936138,12816.287638,12816.937138,12821.709638,1,NaN,0,5.99999999999996,2,1,65,0.5
582,12824.160138,12822.445138,12822.944638,12824.022138,12826.924638,0,2.99999999999994,0.0299999999999997,5.99999999999996,2,1,65,0.5
583,12828.935138,12827.670638,12827.852138,12828.867138,12831.165638,0,2.99999999999994,0.0299999999999997,5.99999999999996,2,1,65,0.5
584,12833.267638,12832.238638,12832.385638,12833.267638,12838.769138,0,NaN,0,7.00000000000003,1,2,66,0.5
585,12841.720138,12840.254138,12840.640138,12841.628138,12844.798138,0,2.99999999999994,0.0299999999999997,5.99999999999996,2,1,65,0.5
586,12847.396138,12846.059138,12846.349638,12847.396138,12853.208138,0,NaN,0,7.00000000000003,1,2,66,0.5
587,12855.262138,12854.042138,12854.312638,12855.259638,12856.579638,1,2.99999999999994,0.0299999999999997,7.00000000000003,1,2,66,0.5
588,12858.235138,12857.231638,12857.515138,12858.115138,12859.908638,1,2.99999999999994,0.0299999999999997,7.00000000000003,1,2,66,0.5
589,12862.924138,12861.008138,12861.591138,12862.906638,12865.685138,0,2.99999999999994,0.0299999999999997,5.99999999999996,2,1,65,0.5
590,12868.371138,12867.060638,12867.294138,12868.237638,12874.524138,0,2.99999999999994,0.0299999999999997,5.99999999999996,2,1,65,0.5
591,12876.349138,12875.312638,12875.557138,12876.349138,12881.271138,0,NaN,0,7.00000000000003,1,2,66,0.5
592,12883.919638,12882.670638,12882.920638,12883.917138,12891.390138,1,2.99999999999994,0.0299999999999997,7.00000000000003,1,2,66,0.5
593,12893.090138,12892.111138,12892.349638,12893.090138,12898.230138,1,NaN,0,5.99999999999996,2,1,65,0.5
594,12902.120138,12900.432638,12900.773638,12902.002638,12904.859638,0,2.99999999999994,0.0299999999999997,5.99999999999996,2,1,65,0.5
595,12906.900638,12905.781138,12905.957638,12906.900638,12915.036138,0,NaN,0,7.00000000000003,1,2,66,0.5
596,12917.247638,12915.611138,12916.032138,12917.110638,12919.544138,0,2.99999999999994,0.0299999999999997,5.99999999999996,2,1,65,0.5
597,12921.913138,12920.457638,12920.808638,12921.765638,12924.524638,0,2.99999999999994,0.0299999999999997,5.99999999999996,2,1,65,0.5
598,12926.299138,12925.358638,12925.631138,12926.299138,12934.502638,0,NaN,0,7.00000000000003,1,2,66,0.5
599,12936.329138,12935.064138,12935.392138,12936.216638,12940.930639,1,2.99999999999994,0.0299999999999997,7.00000000000003,1,2,66,0.5
600,12943.119138,12942.098638,12942.444638,12943.119138,12944.301638,1,NaN,0,5.99999999999996,2,1,65,0.5
601,12952.556138,12951.191638,12951.505138,12952.425138,12954.300138,1,2.99999999999994,0.0299999999999997,7.00000000000003,1,2,66,0.5
602,12956.117638,12955.045138,12955.262138,12956.117638,13397.143138,1,NaN,0,5.99999999999996,2,1,65,0.5
603,13400.748138,13398.989638,13399.518638,13400.654138,13403.385138,0,2.99999999999994,0.0299999999999997,5.99999999999996,2,1,65,0.5
604,13407.115638,13405.466138,13405.840638,13407.032138,13410.574638,0,2.99999999999994,0.0299999999999997,5.99999999999996,2,1,65,0.5
605,13413.082138,13411.664638,13412.014638,13413.025638,13415.287138,0,2.99999999999994,0.0299999999999997,5.99999999999996,2,1,65,0.5
606,13417.664138,13415.951638,13416.326638,13417.513638,13420.949138,0,2.99999999999994,0.0299999999999997,5.99999999999996,2,1,65,0.5
607,13422.959638,13421.859138,13422.134138,13422.959638,13429.387138,0,NaN,0,7.00000000000003,1,2,66,0.5
608,13431.412639,13430.195138,13430.464138,13431.412639,13438.112138,0,NaN,0,7.00000000000003,1,2,66,0.5
609,13440.409138,13438.846138,13439.207138,13440.287138,13447.805138,0,2.99999999999994,0.0299999999999997,5.99999999999996,2,1,65,0.5
610,13449.779638,13448.841138,13449.059138,13449.779638,13459.014139,0,NaN,0,7.00000000000003,1,2,66,0.5
611,13461.137138,13460.157138,13460.381638,13461.137138,13468.789638,0,NaN,0,7.00000000000003,1,2,66,0.5
612,13470.797638,13469.406638,13469.663638,13470.669638,13476.079638,0,2.99999999999994,0.0299999999999997,5.99999999999996,2,1,65,0.5
613,13478.322138,13477.420638,13477.560638,13478.322138,13485.836138,0,NaN,0,7.00000000000003,1,2,66,0.5
614,13490.774638,13489.399638,13489.749638,13490.772138,13494.363638,0,2.99999999999994,0.0299999999999997,5.99999999999996,2,1,65,0.5
615,13496.724138,13495.395138,13495.858138,13496.724138,13503.248138,0,NaN,0,7.00000000000003,1,2,66,0.5
616,13505.188638,13503.964139,13504.270638,13505.127638,13508.748638,0,2.99999999999994,0.0299999999999997,5.99999999999996,2,1,65,0.5
617,13510.502638,13509.534138,13509.755638,13510.502638,13517.615138,0,NaN,0,7.00000000000003,1,2,66,0.5
618,13520.484638,13518.461638,13518.813138,13520.482138,13526.263638,1,2.99999999999994,0.0299999999999997,7.00000000000003,1,2,66,0.5
619,13529.225638,13528.090138,13528.405138,13529.225638,13534.852138,1,NaN,0,5.99999999999996,2,1,65,0.5
620,13537.150138,13536.242138,13536.269138,13537.064138,13541.664138,1,2.99999999999994,0.0299999999999997,7.00000000000003,1,2,66,0.5
621,13543.989638,13542.906638,13543.232138,13543.989638,13549.531138,1,NaN,0,5.99999999999996,2,1,65,0.5
622,13551.735638,13550.306138,13550.711138,13551.651138,13554.822138,0,2.99999999999994,0.0299999999999997,5.99999999999996,2,1,65,0.5
623,13556.755638,13555.629638,13555.963138,13556.755638,13561.019638,0,NaN,0,7.00000000000003,1,2,66,0.5
624,13563.938638,13562.437638,13562.765138,13563.841638,13573.565638,0,2.99999999999994,0.0299999999999997,5.99999999999996,2,1,65,0.5
625,13575.361638,13574.333138,13574.627138,13575.361638,13580.584638,0,NaN,0,7.00000000000003,1,2,66,0.5
626,13583.313638,13581.974638,13582.324638,13583.178138,13585.171138,0,2.99999999999994,0.0299999999999997,5.99999999999996,2,1,65,0.5
627,13587.184138,13586.106639,13586.461638,13587.184138,13595.078638,0,NaN,0,7.00000000000003,1,2,66,0.5
628,13596.828138,13595.781138,13596.103638,13596.756138,13600.714138,1,2.99999999999994,0.0299999999999997,7.00000000000003,1,2,66,0.5
629,13603.338638,13601.695638,13602.239638,13603.262638,13606.397138,0,2.99999999999994,0.0299999999999997,5.99999999999996,2,1,65,0.5
630,13608.616138,13607.607638,13607.742138,13608.556638,13615.337138,1,2.99999999999994,0.0299999999999997,7.00000000000003,1,2,66,0.5
631,13617.237638,13616.225138,13616.504638,13617.237638,13619.139638,1,NaN,0,5.99999999999996,2,1,65,0.5
632,13625.581138,13624.123638,13624.429638,13625.444638,13630.193638,1,2.99999999999994,0.0299999999999997,7.00000000000003,1,2,66,0.5
633,13632.460138,13631.516638,13631.782138,13632.460138,13637.828138,1,NaN,0,5.99999999999996,2,1,65,0.5
634,13639.665138,13638.682638,13638.942638,13639.665138,13647.673138,1,NaN,0,5.99999999999996,2,1,65,0.5
635,13649.548138,13648.559138,13648.858138,13649.548138,13657.009138,1,NaN,0,5.99999999999996,2,1,65,0.5
636,13659.447638,13658.063638,13658.359638,13659.349638,13662.092138,0,2.99999999999994,0.0299999999999997,5.99999999999996,2,1,65,0.5
637,13663.847138,13662.732638,13663.091138,13663.847138,13664.245138,1,NaN,0,5.99999999999996,2,1,65,0.5
638,13691.008138,13689.756638,13689.923638,13690.876638,13693.124638,1,2.99999999999994,0.0299999999999997,7.00000000000003,1,2,66,0.5
639,13695.327138,13694.345638,13694.462638,13695.327138,13695.777638,1,NaN,0,5.99999999999996,2,1,65,0.5
640,13742.220638,13740.576138,13740.731138,13741.663638,13743.673138,0,NaN,0,5.99999999999996,2,1,65,0.5
641,13752.830138,13751.253138,13751.555138,13752.830138,13755.260638,0,NaN,0,7.00000000000003,1,2,66,0.5
642,13770.822138,13769.052138,13769.558638,13770.693638,13773.337638,0,2.99999999999994,0.0299999999999997,5.99999999999996,2,1,65,0.5
643,13775.496638,13774.170638,13774.435638,13775.429638,13778.692638,0,2.99999999999994,0.0299999999999997,5.99999999999996,2,1,65,0.5
644,13780.639138,13779.876138,13780.044638,13780.639138,13785.797638,0,NaN,0,7.00000000000003,1,2,66,0.5
645,13788.247138,13786.411638,13786.766138,13788.247138,13809.604138,0,NaN,0,7.00000000000003,1,2,66,0.5
646,13811.458138,13810.207638,13810.502638,13811.355138,13814.842138,1,2.99999999999994,0.0299999999999997,7.00000000000003,1,2,66,0.5
647,13816.660638,13815.666138,13815.904638,13816.578138,13820.338638,1,2.99999999999994,0.0299999999999997,7.00000000000003,1,2,66,0.5
648,13822.353638,13821.427138,13821.601138,13822.231138,13824.854138,1,2.99999999999994,0.0299999999999997,7.00000000000003,1,2,66,0.5
649,13827.893638,13826.055638,13826.349638,13827.745638,13830.597638,0,2.99999999999994,0.0299999999999997,5.99999999999996,2,1,65,0.5
650,13832.585138,13831.592638,13831.761138,13832.529138,13834.931638,0,2.99999999999994,0.0299999999999997,5.99999999999996,2,1,65,0.5
651,13836.949638,13835.923138,13836.146138,13836.949638,13841.313138,0,NaN,0,7.00000000000003,1,2,66,0.5
652,13855.634638,13854.082638,13854.423638,13855.499138,13862.196138,1,2.99999999999994,0.0299999999999997,7.00000000000003,1,2,66,0.5
653,13865.528638,13864.310638,13864.604138,13865.528638,13869.601138,1,NaN,0,5.99999999999996,2,1,65,0.5
654,13872.763138,13871.080638,13871.401138,13872.700638,13875.450138,0,2.99999999999994,0.0299999999999997,5.99999999999996,2,1,65,0.5
655,13877.287138,13876.303638,13876.517138,13877.135638,13880.687638,0,2.99999999999994,0.0299999999999997,5.99999999999996,2,1,65,0.5
656,13882.855138,13882.030138,13882.175138,13882.855138,13893.206638,0,NaN,0,7.00000000000003,1,2,66,0.5
657,13895.185138,13894.026638,13894.340138,13895.185138,13900.870138,0,NaN,0,7.00000000000003,1,2,66,0.5
658,13903.655138,13901.693138,13902.183138,13903.655138,13909.698638,1,NaN,0,5.99999999999996,2,1,65,0.5
659,13911.765638,13910.417638,13910.751638,13911.765638,13919.832638,0,NaN,0,7.00000000000003,1,2,66,0.5
660,13922.603138,13921.145138,13921.494638,13922.454138,13926.271138,0,2.99999999999994,0.0299999999999997,5.99999999999996,2,1,65,0.5
661,13928.111138,13927.238138,13927.436138,13928.111138,13932.344638,0,NaN,0,7.00000000000003,1,2,66,0.5
662,13936.991638,13935.396638,13935.749138,13936.841138,13941.08464,1,2.99999999999994,0.0299999999999997,7.00000000000003,1,2,66,0.5
663,13942.909638,13941.986638,13942.109638,13942.814641,13947.694638,1,2.99999999999994,0.0299999999999997,7.00000000000003,1,2,66,0.5
664,13949.753638,13948.599138,13948.928138,13949.753638,13955.237638,1,NaN,0,5.99999999999996,2,1,65,0.5
665,13957.889638,13956.504138,13956.743638,13957.821138,13960.026138,0,2.99999999999994,0.0299999999999997,5.99999999999996,2,1,65,0.5
666,13962.152638,13960.975138,13961.216138,13962.152638,13968.261138,0,NaN,0,7.00000000000003,1,2,66,0.5
667,13970.512638,13969.410138,13969.552638,13970.435638,13973.654138,0,2.99999999999994,0.0299999999999997,5.99999999999996,2,1,65,0.5
668,13975.822138,13974.656138,13974.827638,13975.822138,13980.184138,0,NaN,0,7.00000000000003,1,2,66,0.5
669,13983.326138,13982.114138,13982.472638,13983.324138,13985.816138,0,2.99999999999994,0.0299999999999997,5.99999999999996,2,1,65,0.5
670,13987.703638,13986.734138,13986.973138,13987.703638,13994.395638,0,NaN,0,7.00000000000003,1,2,66,0.5
671,13996.486638,13994.915638,13995.348138,13996.402638,13999.823638,0,2.99999999999994,0.0299999999999997,5.99999999999996,2,1,65,0.5
672,14002.486138,14001.538138,14001.818638,14002.486138,14007.018638,0,NaN,0,7.00000000000003,1,2,66,0.5
673,14018.810638,14017.486138,14017.682138,14018.810638,14037.419138,0,NaN,0,7.00000000000003,1,2,66,0.5
674,14039.413638,14037.991638,14038.330638,14039.413638,14040.838638,0,NaN,0,7.00000000000003,1,2,66,0.5
675,14300.757138,14298.989638,14299.368138,14300.630138,14303.775138,1,2.99999999999994,0.0299999999999997,7.00000000000003,1,2,66,0.5
676,14310.043638,14308.819638,14309.063138,14309.900638,14316.747638,1,2.99999999999994,0.0299999999999997,7.00000000000003,1,2,66,0.5
677,14322.512638,14321.195138,14321.402138,14322.360638,14324.850138,1,2.99999999999994,0.0299999999999997,7.00000000000003,1,2,66,0.5
678,14327.959138,14326.722638,14327.198638,14327.959138,14329.534138,1,NaN,0,5.99999999999996,2,1,65,0.5
679,14335.436138,14333.436638,14334.433638,14335.436138,14340.490138,0,NaN,0,7.00000000000003,1,2,66,0.5
680,14342.613139,14341.294638,14341.728638,14342.532138,14345.336138,0,2.99999999999994,0.0299999999999997,5.99999999999996,2,1,65,0.5
681,14347.787138,14346.121638,14346.333138,14347.650638,14349.724138,0,2.99999999999994,0.0299999999999997,5.99999999999996,2,1,65,0.5
682,14351.842138,14350.672138,14350.946138,14351.839638,14354.403138,1,2.99999999999994,0.0299999999999997,7.00000000000003,1,2,66,0.5
683,14356.222638,14355.224638,14355.487138,14356.147138,14360.468638,1,2.99999999999994,0.0299999999999997,7.00000000000003,1,2,66,0.5
684,14362.726638,14361.766638,14361.977138,14362.723638,14365.729638,1,2.99999999999994,0.0299999999999997,7.00000000000003,1,2,66,0.5
685,14367.787138,14366.951638,14367.146638,14367.787138,14373.481138,1,NaN,0,5.99999999999996,2,1,65,0.5
686,14375.861138,14374.479638,14374.792638,14375.745138,14378.792638,0,2.99999999999994,0.0299999999999997,5.99999999999996,2,1,65,0.5
687,14381.010138,14379.672138,14379.856638,14380.922638,14383.447138,0,2.99999999999994,0.0299999999999997,5.99999999999996,2,1,65,0.5
688,14385.143138,14384.272138,14384.453638,14385.143138,14391.354638,0,NaN,0,7.00000000000003,1,2,66,0.5
689,14393.339638,14391.998138,14392.362138,14393.242638,14398.156638,0,2.99999999999994,0.0299999999999997,5.99999999999996,2,1,65,0.5
690,14400.640138,14399.549138,14399.753638,14400.640138,14405.213138,0,NaN,0,7.00000000000003,1,2,66,0.5
691,14407.314638,14406.154138,14406.439638,14407.217638,14412.323138,0,2.99999999999994,0.0299999999999997,5.99999999999996,2,1,65,0.5
692,14414.973638,14413.792138,14414.079638,14414.858638,14417.885139,0,2.99999999999994,0.0299999999999997,5.99999999999996,2,1,65,0.5
693,14419.793638,14418.867638,14419.094638,14419.793638,14425.164638,0,NaN,0,7.00000000000003,1,2,66,0.5
694,14426.963138,14425.844638,14426.173138,14426.897638,14432.132138,0,2.99999999999994,0.0299999999999997,5.99999999999996,2,1,65,0.5
695,14433.782638,14432.739638,14433.037138,14433.679638,14436.663638,0,2.99999999999994,0.0299999999999997,5.99999999999996,2,1,65,0.5
696,14438.321638,14437.481638,14437.746638,14438.321638,14442.870638,0,NaN,0,7.00000000000003,1,2,66,0.5
697,14445.601138,14444.031138,14444.342138,14445.601138,14447.007638,0,NaN,0,7.00000000000003,1,2,66,0.5
698,14455.458138,14454.188638,14454.514638,14455.352638,14458.316638,0,2.99999999999994,0.0299999999999997,5.99999999999996,2,1,65,0.5
699,14459.978638,14459.189138,14459.432638,14459.978638,14466.112638,0,NaN,0,7.00000000000003,1,2,66,0.5
700,14468.486638,14466.775638,14467.095638,14468.379638,14472.683638,0,2.99999999999994,0.0299999999999997,5.99999999999996,2,1,65,0.5
701,14474.815138,14473.556138,14473.788138,14474.714138,14483.910638,0,2.99999999999994,0.0299999999999997,5.99999999999996,2,1,65,0.5
702,14499.821638,14498.386138,14498.712638,14499.725138,14505.736138,1,2.99999999999994,0.0299999999999997,7.00000000000003,1,2,66,0.5
703,14507.610138,14506.426638,14506.724138,14507.473138,14509.118638,1,2.99999999999994,0.0299999999999997,7.00000000000003,1,2,66,0.5
704,14510.876138,14509.971138,14510.137638,14510.813638,14511.900138,1,2.99999999999994,0.0299999999999997,7.00000000000003,1,2,66,0.5
705,14514.198638,14512.617138,14513.126138,14514.088638,14517.503138,0,2.99999999999994,0.0299999999999997,5.99999999999996,2,1,65,0.5
706,14519.942638,14518.580138,14518.850138,14519.832138,14523.419638,0,2.99999999999994,0.0299999999999997,5.99999999999996,2,1,65,0.5
707,14525.409638,14524.543138,14524.706638,14525.338638,14535.539638,0,2.99999999999994,0.0299999999999997,5.99999999999996,2,1,65,0.5
708,14537.314139,14536.330138,14536.599138,14537.314139,14542.539638,0,NaN,0,7.00000000000003,1,2,66,0.5
709,14544.181138,14543.129138,14543.324638,14544.181138,14546.144638,0,NaN,0,7.00000000000003,1,2,66,0.5
710,14559.057138,14557.623138,14557.900138,14558.913638,14566.003638,1,2.99999999999994,0.0299999999999997,7.00000000000003,1,2,66,0.5
711,14567.827138,14566.708638,14567.009638,14567.701138,14581.585638,1,2.99999999999994,0.0299999999999997,7.00000000000003,1,2,66,0.5
712,14583.773138,14582.355638,14582.697638,14583.641638,14594.253638,1,2.99999999999994,0.0299999999999997,7.00000000000003,1,2,66,0.5
713,14596.479138,14594.959138,14595.428638,14596.353138,14598.736138,0,2.99999999999994,0.0299999999999997,5.99999999999996,2,1,65,0.5
714,14601.418638,14600.323638,14600.545138,14601.418638,14607.838138,0,NaN,0,7.00000000000003,1,2,66,0.5
715,14610.201638,14609.005638,14609.045638,14610.067138,14618.383138,0,2.99999999999994,0.0299999999999997,5.99999999999996,2,1,65,0.5
716,14620.101138,14619.122138,14619.281638,14620.101138,14626.862638,0,NaN,0,7.00000000000003,1,2,66,0.5
717,14628.996638,14627.494638,14627.810138,14628.863638,14631.333638,0,2.99999999999994,0.0299999999999997,5.99999999999996,2,1,65,0.5
718,14633.390638,14632.205638,14632.413638,14633.246638,14634.811138,0,2.99999999999994,0.0299999999999997,5.99999999999996,2,1,65,0.5
719,14636.939138,14635.874138,14636.177638,14636.939138,14643.723138,0,NaN,0,7.00000000000003,1,2,66,0.5
720,14646.101638,14644.616638,14645.063638,14646.099138,14664.851638,1,2.99999999999994,0.0299999999999997,7.00000000000003,1,2,66,0.5
721,14666.864138,14665.434638,14665.740638,14666.864138,14673.120138,0,NaN,0,7.00000000000003,1,2,66,0.5
722,14675.581138,14674.032138,14674.434138,14675.487638,14679.104638,0,2.99999999999994,0.0299999999999997,5.99999999999996,2,1,65,0.5
723,14681.068138,14679.907638,14680.090138,14680.980138,14684.615638,0,2.99999999999994,0.0299999999999997,5.99999999999996,2,1,65,0.5
724,14686.609138,14685.691138,14685.846638,14686.609138,14691.823138,0,NaN,0,7.00000000000003,1,2,66,0.5
725,14694.254638,14692.812638,14693.184638,14694.104638,14699.188638,0,2.99999999999994,0.0299999999999997,5.99999999999996,2,1,65,0.5
726,14701.045138,14700.055638,14700.236138,14701.045138,14708.114138,0,NaN,0,7.00000000000003,1,2,66,0.5
727,14711.863138,14710.203138,14710.634638,14711.775638,14715.913638,1,2.99999999999994,0.0299999999999997,7.00000000000003,1,2,66,0.5
728,14718.197638,14716.996638,14717.347138,14718.197638,14724.874138,1,NaN,0,5.99999999999996,2,1,65,0.5
729,14727.362138,14725.499138,14726.042138,14727.242638,14730.493638,0,2.99999999999994,0.0299999999999997,5.99999999999996,2,1,65,0.5
730,14733.121638,14732.028638,14732.248138,14733.121638,14738.738138,0,NaN,0,7.00000000000003,1,2,66,0.5
731,14741.115138,14739.411638,14739.768138,14741.115138,14747.154138,0,NaN,0,7.00000000000003,1,2,66,0.5
732,14749.562639,14747.951638,14748.462138,14749.456138,14752.131139,0,2.99999999999994,0.0299999999999997,5.99999999999996,2,1,65,0.5
733,14755.107638,14754.037138,14754.359638,14755.107638,14761.809138,0,NaN,0,7.00000000000003,1,2,66,0.5
734,14763.796638,14762.528638,14762.859138,14763.682138,14767.325138,1,2.99999999999994,0.0299999999999997,7.00000000000003,1,2,66,0.5
735,14769.510138,14768.326638,14768.670138,14769.510138,14776.627138,1,NaN,0,5.99999999999996,2,1,65,0.5
736,14778.723138,14777.374638,14777.724138,14778.608138,14781.171138,0,2.99999999999994,0.0299999999999997,5.99999999999996,2,1,65,0.5
737,14783.997138,14782.316138,14782.844638,14783.870138,14787.069638,0,2.99999999999994,0.0299999999999997,5.99999999999996,2,1,65,0.5
738,14789.184138,14788.217138,14788.442138,14789.184138,14796.227638,0,NaN,0,7.00000000000003,1,2,66,0.5
739,14798.069638,14796.963638,14797.347638,14798.069638,14804.891138,0,NaN,0,7.00000000000003,1,2,66,0.5
740,14814.215138,14812.522638,14812.880138,14814.120638,14817.711138,1,2.99999999999994,0.0299999999999997,7.00000000000003,1,2,66,0.5
741,14820.300638,14818.838638,14819.138138,14820.161138,14824.198138,0,2.99999999999994,0.0299999999999997,5.99999999999996,2,1,65,0.5
742,14826.934138,14825.677138,14825.768638,14826.806638,14831.262138,1,2.99999999999994,0.0299999999999997,7.00000000000003,1,2,66,0.5
743,14833.521638,14832.071138,14832.471638,14833.370638,14837.681138,0,2.99999999999994,0.0299999999999997,5.99999999999996,2,1,65,0.5
744,14840.859638,14839.532638,14839.790638,14840.784638,14842.267138,1,2.99999999999994,0.0299999999999997,7.00000000000003,1,2,66,0.5
745,14844.855138,14843.751638,14843.793138,14844.717138,14847.739138,0,2.99999999999994,0.0299999999999997,5.99999999999996,2,1,65,0.5
746,14851.017138,14849.858138,14849.889138,14850.934138,14854.148138,1,2.99999999999994,0.0299999999999997,7.00000000000003,1,2,66,0.5
747,14856.159638,14855.025638,14855.309638,14856.117138,14860.137139,1,2.99999999999994,0.0299999999999997,7.00000000000003,1,2,66,0.5
748,14863.039638,14861.571138,14861.885639,14862.904638,14865.371138,0,2.99999999999994,0.0299999999999997,5.99999999999996,2,1,65,0.5
749,14868.018638,14866.493138,14866.729638,14867.913638,14870.505638,0,2.99999999999994,0.0299999999999997,5.99999999999996,2,1,65,0.5
750,14872.505638,14871.558638,14871.796638,14872.414638,14874.536138,0,2.99999999999994,0.0299999999999997,5.99999999999996,2,1,65,0.5
751,14876.496138,14875.457138,14875.649638,14876.496138,14883.688138,0,NaN,0,7.00000000000003,1,2,66,0.5
752,14885.459138,14884.402138,14884.627638,14885.459138,14890.070138,1,NaN,0,5.99999999999996,2,1,65,0.5
753,14892.052138,14890.978638,14891.231138,14891.969138,14895.554638,1,2.99999999999994,0.0299999999999997,7.00000000000003,1,2,66,0.5
754,14898.331638,14896.865638,14897.257638,14898.228138,14907.562638,0,2.99999999999994,0.0299999999999997,5.99999999999996,2,1,65,0.5
755,14909.445138,14908.622638,14908.770638,14909.445138,14917.075138,1,NaN,0,5.99999999999996,2,1,65,0.5
756,14919.354138,14918.134138,14918.359638,14919.250138,14921.984138,0,2.99999999999994,0.0299999999999997,5.99999999999996,2,1,65,0.5
757,14924.058638,14923.112638,14923.316638,14924.058638,14926.229638,0,NaN,0,7.00000000000003,1,2,66,0.5
758,15194.119138,15192.336638,15192.757638,15194.116638,15198.107638,0,2.99999999999994,0.0299999999999997,5.99999999999996,2,1,65,0.5
759,15204.152138,15202.558138,15202.795638,15204.152138,15212.378638,0,NaN,0,7.00000000000003,1,2,66,0.5
760,15214.539138,15213.050638,15213.579638,15214.536638,15217.594138,0,2.99999999999994,0.0299999999999997,5.99999999999996,2,1,65,0.5
761,15219.981638,15218.736138,15218.993638,15219.842638,15223.454638,0,2.99999999999994,0.0299999999999997,5.99999999999996,2,1,65,0.5
762,15225.431138,15224.482138,15224.697638,15225.431138,15230.130138,0,NaN,0,7.00000000000003,1,2,66,0.5
763,15232.025638,15230.835638,15231.103138,15232.025638,15237.980138,0,NaN,0,7.00000000000003,1,2,66,0.5
764,15242.525138,15241.069638,15241.422638,15242.410138,15247.157138,0,2.99999999999994,0.0299999999999997,5.99999999999996,2,1,65,0.5
765,15249.197638,15248.179638,15248.331138,15249.197638,15251.017638,0,NaN,0,7.00000000000003,1,2,66,0.5
766,15257.293638,15255.769138,15256.122138,15257.200638,15261.284638,1,2.99999999999994,0.0299999999999997,7.00000000000003,1,2,66,0.5
767,15263.401138,15262.245138,15262.469138,15263.398638,15267.984638,1,2.99999999999994,0.0299999999999997,7.00000000000003,1,2,66,0.5
768,15270.364638,15269.491138,15269.543638,15270.294138,15277.110638,1,2.99999999999994,0.0299999999999997,7.00000000000003,1,2,66,0.5
769,15279.176138,15278.080138,15278.417638,15279.176138,15287.811638,1,NaN,0,5.99999999999996,2,1,65,0.5
770,15289.744638,15288.721638,15288.961138,15289.639638,15294.103138,1,2.99999999999994,0.0299999999999997,7.00000000000003,1,2,66,0.5
771,15296.446138,15295.294138,15295.679138,15296.446138,15306.753638,1,NaN,0,5.99999999999996,2,1,65,0.5
772,15309.988638,15308.065638,15308.165638,15309.883138,15312.668138,0,2.99999999999994,0.0299999999999997,5.99999999999996,2,1,65,0.5
773,15314.701138,15313.602138,15313.805638,15314.592138,15319.303638,0,2.99999999999994,0.0299999999999997,5.99999999999996,2,1,65,0.5
774,15321.367138,15320.522638,15320.681638,15321.367138,15326.302138,0,NaN,0,7.00000000000003,1,2,66,0.5
775,15328.131138,15327.083138,15327.407138,15328.131138,15334.129138,1,NaN,0,5.99999999999996,2,1,65,0.5
776,15336.614138,15335.284138,15335.490138,15336.527138,15339.266138,0,2.99999999999994,0.0299999999999997,5.99999999999996,2,1,65,0.5
777,15341.513138,15340.311638,15340.511138,15341.396138,15347.963138,1,2.99999999999994,0.0299999999999997,7.00000000000003,1,2,66,0.5
778,15350.133138,15349.097138,15349.312138,15350.002638,15357.127138,1,2.99999999999994,0.0299999999999997,7.00000000000003,1,2,66,0.5
779,15359.610138,15358.467138,15358.851138,15359.610138,15367.257638,1,NaN,0,5.99999999999996,2,1,65,0.5
780,15369.141138,15368.093638,15368.309638,15369.141138,15375.354138,1,NaN,0,5.99999999999996,2,1,65,0.5
781,15377.536638,15376.157138,15376.496638,15377.392138,15380.073638,0,2.99999999999994,0.0299999999999997,5.99999999999996,2,1,65,0.5
782,15382.493138,15381.351638,15381.555138,15382.361138,15388.903138,0,2.99999999999994,0.0299999999999997,5.99999999999996,2,1,65,0.5
783,15391.209638,15390.015638,15390.264638,15391.131638,15395.075138,0,2.99999999999994,0.0299999999999997,5.99999999999996,2,1,65,0.5
784,15398.912638,15398.046638,15398.251638,15398.912638,15400.406638,0,NaN,0,7.00000000000003,1,2,66,0.5
785,15407.719138,15406.458138,15406.617638,15407.596638,15409.888138,1,2.99999999999994,0.0299999999999997,7.00000000000003,1,2,66,0.5
786,15411.424638,15410.614638,15410.808638,15411.424638,15417.894138,1,NaN,0,5.99999999999996,2,1,65,0.5
787,15419.784638,15418.949138,15419.070638,15419.784638,15424.750638,1,NaN,0,5.99999999999996,2,1,65,0.5
788,15426.582138,15425.454138,15425.728138,15426.582138,15428.477638,0,NaN,0,7.00000000000003,1,2,66,0.5
789,15441.725139,15440.149638,15440.469138,15441.646638,15444.317138,0,2.99999999999994,0.0299999999999997,5.99999999999996,2,1,65,0.5
790,15446.715638,15445.291138,15445.563138,15446.622638,15451.968638,0,2.99999999999994,0.0299999999999997,5.99999999999996,2,1,65,0.5
791,15454.538638,15453.557638,15453.753638,15454.538638,15461.583138,0,NaN,0,7.00000000000003,1,2,66,0.5
792,15463.503138,15462.152138,15462.686138,15463.503138,15464.257138,1,NaN,0,5.99999999999996,2,1,65,0.5
793,15798.350638,15796.662138,15796.962138,15798.224638,15801.088638,1,2.99999999999994,0.0299999999999997,7.00000000000003,1,2,66,0.5
794,15803.305138,15802.331138,15802.569138,15803.305138,15809.992638,1,NaN,0,5.99999999999996,2,1,65,0.5
795,15812.469639,15810.649638,15811.150138,15812.342138,15814.543138,0,2.99999999999994,0.0299999999999997,5.99999999999996,2,1,65,0.5
796,15817.200638,15815.779638,15815.976138,15817.053138,15820.551638,0,2.99999999999994,0.0299999999999997,5.99999999999996,2,1,65,0.5
797,15822.401138,15821.473138,15821.621638,15822.347638,15825.393638,0,2.99999999999994,0.0299999999999997,5.99999999999996,2,1,65,0.5
798,15828.039138,15826.609638,15826.744138,15828.039138,15831.675638,0,NaN,0,7.00000000000003,1,2,66,0.5
799,15835.777138,15834.221638,15834.558138,15835.661138,15837.782138,1,2.99999999999994,0.0299999999999997,7.00000000000003,1,2,66,0.5
800,15839.648138,15838.649138,15838.898138,15839.648138,15847.783638,1,NaN,0,5.99999999999996,2,1,65,0.5
801,15849.747638,15848.378638,15848.666138,15849.690138,15852.838138,0,2.99999999999994,0.0299999999999997,5.99999999999996,2,1,65,0.5
802,15854.739638,15853.694638,15853.794138,15854.739638,15859.502138,0,NaN,0,7.00000000000003,1,2,66,0.5
803,15863.436639,15861.973138,15862.250638,15863.296138,15868.096638,1,2.99999999999994,0.0299999999999997,7.00000000000003,1,2,66,0.5
804,15869.868638,15868.819638,15869.105138,15869.777138,15874.118138,1,2.99999999999994,0.0299999999999997,7.00000000000003,1,2,66,0.5
805,15876.361638,15875.252638,15875.628638,15876.361638,15882.018638,1,NaN,0,5.99999999999996,2,1,65,0.5
806,15883.679638,15882.573138,15882.753138,15883.679638,15889.440638,1,NaN,0,5.99999999999996,2,1,65,0.5
807,15928.731638,15926.719638,15927.051138,15928.648138,15930.930138,0,2.99999999999994,0.0299999999999997,5.99999999999996,2,1,65,0.5
808,15939.066638,15937.948138,15938.177638,15939.066638,15968.630138,1,NaN,0,5.99999999999996,2,1,65,0.5
809,15973.653138,15972.527638,15972.721638,15973.651138,15975.880638,0,2.99999999999994,0.0299999999999997,5.99999999999996,2,1,65,0.5
810,15978.435138,15977.483638,15977.540638,15978.352638,15981.340638,1,2.99999999999994,0.0299999999999997,7.00000000000003,1,2,66,0.5
811,15983.142638,15982.165138,15982.480138,15983.142638,15994.054138,1,NaN,0,5.99999999999996,2,1,65,0.5
812,15996.019138,15994.788638,15995.075138,15995.965638,15997.880138,0,2.99999999999994,0.0299999999999997,5.99999999999996,2,1,65,0.5
813,15999.947638,15998.890138,15999.112638,15999.867638,16001.910138,1,2.99999999999994,0.0299999999999997,7.00000000000003,1,2,66,0.5
814,16004.308638,16002.942638,16003.217638,16004.195138,16006.936638,0,2.99999999999994,0.0299999999999997,5.99999999999996,2,1,65,0.5
815,16009.939638,16009.021138,16009.290138,16009.939638,16010.818139,1,NaN,0,5.99999999999996,2,1,65,0.5
816,16032.638638,16030.985638,16031.286138,16032.638638,16253.180638,0,NaN,0,7.00000000000003,1,2,66,0.5
817,16258.327138,16256.973638,16257.367638,16258.187638,16283.031638,1,2.99999999999994,0.0299999999999997,7.00000000000003,1,2,66,0.5
818,16286.687138,16285.087638,16285.148638,16286.566138,16290.273638,0,2.99999999999994,0.0299999999999997,5.99999999999996,2,1,65,0.5
819,16295.104638,16293.555638,16293.878138,16295.024138,16297.892638,1,2.99999999999994,0.0299999999999997,7.00000000000003,1,2,66,0.5
820,16300.908138,16299.664638,16299.875138,16300.908138,16309.435638,1,NaN,0,5.99999999999996,2,1,65,0.5
821,16311.996638,16310.594138,16310.786138,16311.872138,16314.689138,0,2.99999999999994,0.0299999999999997,5.99999999999996,2,1,65,0.5
822,16317.935638,16316.838138,16317.053638,16317.857638,16321.389638,1,2.99999999999994,0.0299999999999997,7.00000000000003,1,2,66,0.5
823,16325.396138,16324.126638,16324.409138,16325.299138,16328.401639,0,2.99999999999994,0.0299999999999997,5.99999999999996,2,1,65,0.5
824,16333.014638,16331.483638,16331.896138,16332.924638,16334.908138,0,2.99999999999994,0.0299999999999997,5.99999999999996,2,1,65,0.5
825,16336.556638,16335.750138,16335.932138,16336.556638,16338.069138,1,NaN,0,5.99999999999996,2,1,65,0.5
826,16344.594139,16343.373138,16343.565638,16344.594139,16353.418638,0,NaN,0,7.00000000000003,1,2,66,0.5
827,16355.180638,16353.945638,16354.302638,16355.125138,16356.962138,0,2.99999999999994,0.0299999999999997,5.99999999999996,2,1,65,0.5
828,16358.596138,16357.600638,16357.814638,16358.471138,16363.048638,1,2.99999999999994,0.0299999999999997,7.00000000000003,1,2,66,0.5
829,16365.021638,16364.013138,16364.287138,16365.021638,16370.085138,1,NaN,0,5.99999999999996,2,1,65,0.5
830,16373.351138,16372.066638,16372.365138,16373.228138,16375.660138,0,2.99999999999994,0.0299999999999997,5.99999999999996,2,1,65,0.5
831,16377.296638,16376.343638,16376.596138,16377.296638,16377.581138,1,NaN,0,5.99999999999996,2,1,65,0.5
832,16387.940138,16386.729638,16386.797138,16387.883138,16391.195138,0,2.99999999999994,0.0299999999999997,5.99999999999996,2,1,65,0.5
833,16392.909639,16391.998638,16392.224138,16392.826638,16395.681138,0,2.99999999999994,0.0299999999999997,5.99999999999996,2,1,65,0.5
834,16397.512638,16396.726138,16396.868138,16397.512638,16410.757638,1,NaN,0,5.99999999999996,2,1,65,0.5
835,16412.184638,16411.103138,16411.256638,16412.074638,16415.636638,0,2.99999999999994,0.0299999999999997,5.99999999999996,2,1,65,0.5
836,16417.344138,16416.393138,16416.604638,16417.341638,16423.061638,1,2.99999999999994,0.0299999999999997,7.00000000000003,1,2,66,0.5
837,16424.789138,16423.592638,16423.837143,16424.721138,16430.432638,0,2.99999999999994,0.0299999999999997,5.99999999999996,2,1,65,0.5
838,16432.061638,16431.261638,16431.314138,16431.946638,16438.492638,0,2.99999999999994,0.0299999999999997,5.99999999999996,2,1,65,0.5
839,16440.770138,16440.128138,16440.219138,16440.770138,16445.096138,0,NaN,0,7.00000000000003,1,2,66,0.5
840,16447.621138,16446.914138,16447.044638,16447.621138,16450.977138,1,NaN,0,5.99999999999996,2,1,65,0.5
841,16454.213638,16453.127138,16453.335638,16454.117138,16457.661638,0,2.99999999999994,0.0299999999999997,5.99999999999996,2,1,65,0.5
842,16459.571138,16458.495638,16458.562638,16459.436138,16463.170638,1,2.99999999999994,0.0299999999999997,7.00000000000003,1,2,66,0.5
843,16464.921638,16464.067638,16464.237638,16464.921638,16469.731638,0,NaN,0,7.00000000000003,1,2,66,0.5
844,16472.614138,16471.492638,16471.658638,16472.554638,16476.338638,1,2.99999999999994,0.0299999999999997,7.00000000000003,1,2,66,0.5
845,16478.476638,16477.362638,16477.621638,16478.476638,16483.537638,0,NaN,0,7.00000000000003,1,2,66,0.5
846,16488.038638,16486.822638,16487.133638,16488.014138,16492.241138,1,2.99999999999994,0.0299999999999997,7.00000000000003,1,2,66,0.5
847,16494.233138,16493.234638,16493.492138,16494.145138,16498.867638,1,2.99999999999994,0.0299999999999997,7.00000000000003,1,2,66,0.5
848,16500.998638,16499.800138,16500.058138,16500.853138,16505.656638,0,2.99999999999994,0.0299999999999997,5.99999999999996,2,1,65,0.5
849,16507.740138,16506.854638,16507.000138,16507.589138,16512.981138,0,2.99999999999994,0.0299999999999997,5.99999999999996,2,1,65,0.5
850,16514.685638,16513.904638,16514.044138,16514.685638,16521.249638,0,NaN,0,7.00000000000003,1,2,66,0.5
851,16523.416638,16521.939638,16522.145138,16523.298638,16529.863638,0,2.99999999999994,0.0299999999999997,5.99999999999996,2,1,65,0.5
852,16531.942638,16530.741638,16530.854138,16531.805638,16535.648638,1,2.99999999999994,0.0299999999999997,7.00000000000003,1,2,66,0.5
853,16537.431638,16536.472138,16536.693638,16537.431638,16539.878138,1,NaN,0,5.99999999999996,2,1,65,0.5
854,16544.462638,16543.394638,16543.581638,16544.334638,16548.711638,0,2.99999999999994,0.0299999999999997,5.99999999999996,2,1,65,0.5
855,16550.711638,16549.498638,16549.659638,16550.621138,16555.389638,0,2.99999999999994,0.0299999999999997,5.99999999999996,2,1,65,0.5
856,16557.401638,16556.536638,16556.666638,16557.306138,16562.221138,0,2.99999999999994,0.0299999999999997,5.99999999999996,2,1,65,0.5
857,16564.160138,16563.160638,16563.349138,16564.160138,16571.746638,0,NaN,0,7.00000000000003,1,2,66,0.5
858,16573.468638,16572.436638,16572.632138,16573.405138,16577.116138,0,2.99999999999994,0.0299999999999997,5.99999999999996,2,1,65,0.5
859,16579.169638,16578.337138,16578.535138,16579.169638,16597.964638,0,NaN,0,7.00000000000003,1,2,66,0.5
860,16599.648638,16598.580138,16598.707138,16599.648638,16604.129138,0,NaN,0,7.00000000000003,1,2,66,0.5
861,16623.472638,16621.900638,16622.193638,16623.472638,16736.510138,0,NaN,0,7.00000000000003,1,2,66,0.5
862,16738.270138,16737.069638,16737.349138,16738.270138,16743.151138,0,NaN,0,7.00000000000003,1,2,66,0.5
863,17064.057638,17062.537638,17062.876638,17063.988638,17067.598638,1,2.99999999999994,0.0299999999999997,7.00000000000003,1,2,66,0.5
864,17070.619638,17069.541138,17069.769138,17070.534638,17081.311638,1,2.99999999999994,0.0299999999999997,7.00000000000003,1,2,66,0.5
865,17087.225638,17086.176638,17086.431138,17087.163638,17091.161138,1,2.99999999999994,0.0299999999999997,7.00000000000003,1,2,66,0.5
866,17095.317138,17094.056138,17094.273138,17095.317138,17100.191638,0,NaN,0,7.00000000000003,1,2,66,0.5
867,17103.496138,17102.009638,17102.399638,17103.433138,17114.295138,0,2.99999999999994,0.0299999999999997,5.99999999999996,2,1,65,0.5
868,17123.483638,17122.185638,17122.403138,17123.351638,17128.193638,1,2.99999999999994,0.0299999999999997,7.00000000000003,1,2,66,0.5
869,17130.904638,17129.680138,17129.867638,17130.902638,17135.401638,1,2.99999999999994,0.0299999999999997,7.00000000000003,1,2,66,0.5
870,17137.359638,17136.274138,17136.449138,17137.276639,17139.212638,1,2.99999999999994,0.0299999999999997,7.00000000000003,1,2,66,0.5
871,17141.356138,17140.134638,17140.411138,17141.208638,17144.065139,0,2.99999999999994,0.0299999999999997,5.99999999999996,2,1,65,0.5
872,17146.147638,17145.157138,17145.436138,17146.147638,17151.200638,0,NaN,0,7.00000000000003,1,2,66,0.5
873,17155.280138,17154.103638,17154.428138,17155.138138,17158.756138,1,2.99999999999994,0.0299999999999997,7.00000000000003,1,2,66,0.5
874,17160.394138,17159.624638,17159.820638,17160.394138,17167.080638,1,NaN,0,5.99999999999996,2,1,65,0.5
875,17168.885638,17167.898638,17168.005138,17168.885638,17178.834638,0,NaN,0,7.00000000000003,1,2,66,0.5
876,17180.923138,17179.290638,17179.807138,17180.817638,17183.014138,0,2.99999999999994,0.0299999999999997,5.99999999999996,2,1,65,0.5
877,17191.806138,17190.695138,17190.825638,17191.712638,17196.281638,1,2.99999999999994,0.0299999999999997,7.00000000000003,1,2,66,0.5
878,17198.291638,17197.211638,17197.509138,17198.151138,17205.341138,1,2.99999999999994,0.0299999999999997,7.00000000000003,1,2,66,0.5
879,17207.009638,17205.986638,17206.208638,17206.882138,17211.240138,1,2.99999999999994,0.0299999999999997,7.00000000000003,1,2,66,0.5
880,17213.329638,17212.248138,17212.503138,17213.200138,17216.583138,1,2.99999999999994,0.0299999999999997,7.00000000000003,1,2,66,0.5
881,17218.618638,17217.788138,17217.963638,17218.618638,17222.053638,1,NaN,0,5.99999999999996,2,1,65,0.5
882,17239.083138,17236.634638,17236.931638,17239.080638,17403.732638,0,2.99999999999994,0.0299999999999997,5.99999999999996,2,1,65,0.5
883,17405.854138,17404.697638,17404.967138,17405.780638,17409.512638,1,2.99999999999994,0.0299999999999997,7.00000000000003,1,2,66,0.5
884,17419.256138,17417.779638,17418.109638,17419.256138,17420.395638,1,NaN,0,5.99999999999996,2,1,65,0.5
885,17448.840138,17447.124138,17447.478638,17448.688138,17451.258138,0,2.99999999999994,0.0299999999999997,5.99999999999996,2,1,65,0.5
886,17453.184638,17452.167638,17452.355638,17453.184638,17453.936138,0,NaN,0,7.00000000000003,1,2,66,0.5
887,17463.769138,17462.908638,17463.106638,17463.769138,17475.623638,1,NaN,0,5.99999999999996,2,1,65,0.5
888,17478.751138,17477.670138,17477.944138,17478.645138,17484.316139,1,2.99999999999994,0.0299999999999997,7.00000000000003,1,2,66,0.5
889,17485.854638,17485.023138,17485.255138,17485.854638,17490.265138,1,NaN,0,5.99999999999996,2,1,65,0.5
890,17493.802638,17492.467638,17492.708638,17493.674138,17496.251638,0,2.99999999999994,0.0299999999999997,5.99999999999996,2,1,65,0.5
891,17498.967138,17497.600638,17497.785138,17498.967138,17503.683638,0,NaN,0,7.00000000000003,1,2,66,0.5
892,17506.818638,17505.362138,17505.765138,17506.667138,17509.060638,0,2.99999999999994,0.0299999999999997,5.99999999999996,2,1,65,0.5
893,17511.083638,17509.895138,17510.201138,17511.083638,17511.963638,0,NaN,0,7.00000000000003,1,2,66,0.5
894,17680.767138,17679.123138,17679.516638,17680.698638,17683.185638,0,2.99999999999994,0.0299999999999997,5.99999999999996,2,1,65,0.5
895,17684.903638,17683.817138,17683.978638,17684.757638,17689.812638,1,2.99999999999994,0.0299999999999997,7.00000000000003,1,2,66,0.5
896,17696.394638,17695.241138,17695.527138,17696.309138,17701.089138,1,2.99999999999994,0.0299999999999997,7.00000000000003,1,2,66,0.5
897,17702.874138,17702.027638,17702.219138,17702.874138,17708.797138,1,NaN,0,5.99999999999996,2,1,65,0.5
898,17710.942138,17709.565138,17709.845138,17710.825138,17713.796638,0,2.99999999999994,0.0299999999999997,5.99999999999996,2,1,65,0.5
899,17715.816138,17714.596638,17714.781638,17715.816138,17718.770138,0,NaN,0,7.00000000000003,1,2,66,0.5
900,17749.810138,17748.671638,17748.888138,17749.668638,17752.520138,1,2.99999999999994,0.0299999999999997,7.00000000000003,1,2,66,0.5
901,17754.261138,17753.111138,17753.313638,17754.161138,17757.695638,1,2.99999999999994,0.0299999999999997,7.00000000000003,1,2,66,0.5
902,17759.415638,17758.561638,17758.757638,17759.415638,17767.125638,1,NaN,0,5.99999999999996,2,1,65,0.5
903,17769.967138,17768.646638,17768.845638,17769.863138,17772.443638,0,2.99999999999994,0.0299999999999997,5.99999999999996,2,1,65,0.5
904,17773.961138,17773.144638,17773.280138,17773.961138,17777.349638,1,NaN,0,5.99999999999996,2,1,65,0.5
905,17786.637638,17785.177138,17785.311138,17786.535638,17788.743138,0,2.99999999999994,0.0299999999999997,5.99999999999996,2,1,65,0.5
906,17790.295638,17789.375138,17789.710138,17790.295638,17797.711638,0,NaN,0,7.00000000000003,1,2,66,0.5
907,17802.556638,17801.505138,17801.768138,17802.554138,17804.406642,0,2.99999999999994,0.0299999999999997,5.99999999999996,2,1,65,0.5
908,17807.795638,17806.649138,17806.911638,17807.722638,17810.612638,1,2.99999999999994,0.0299999999999997,7.00000000000003,1,2,66,0.5
909,17815.648138,17813.946138,17814.325638,17815.539138,NaN,1,2.99999999999994,0.0299999999999997,7.00000000000003,1,2,66,0.5
