trial,outcome,center_in,center_out,side_in,last_side_out,actions,reward,trial_types,odors,port_side,schedule,odor_name,odor_dur
1,31.599233,29.827732,29.986732,31.545732,31.728232,1,1.99999999999996,0.0200000000000003,7.00000000000003,1,2,66,0.5
2,34.694232,33.996732,34.160232,34.641232,36.221737,0,1.99999999999996,0.0200000000000003,5.99999999999996,2,1,65,0.5
3,47.424232,46.744232,47.004732,47.371232,64.835232,1,1.99999999999996,0.0200000000000003,7.00000000000003,1,2,66,0.5
4,66.796232,65.199732,65.403732,66.796232,78.168732,0,NaN,0,7.00000000000003,1,2,66,0.5
5,79.607732,78.556232,78.749232,79.607732,84.394736,0,NaN,0,7.00000000000003,1,2,66,0.5
6,86.946232,86.127732,86.416732,86.893233,88.174732,0,1.99999999999996,0.0200000000000003,5.99999999999996,2,1,65,0.5
7,92.023732,91.275234,91.480734,91.971732,95.946732,1,1.99999999999996,0.0200000000000003,7.00000000000003,1,2,66,0.5
8,97.116732,96.309232,96.519732,97.063736,98.828732,1,1.99999999999996,0.0200000000000003,7.00000000000003,1,2,66,0.5
9,100.462232,99.743732,99.943732,100.462232,105.041232,1,NaN,0,5.99999999999996,2,1,65,0.5
10,108.981732,106.973232,107.474736,108.928732,110.990734,1,1.99999999999996,0.0200000000000003,7.00000000000003,1,2,66,0.5
11,112.248232,111.444732,111.643232,112.195232,115.372732,1,1.99999999999996,0.0200000000000003,7.00000000000003,1,2,66,0.5
12,116.575732,115.677232,115.858233,116.523232,118.330732,1,1.99999999999996,0.0200000000000003,7.00000000000003,1,2,66,0.5
13,122.625236,121.767732,121.958232,122.573227,123.778232,0,1.99999999999996,0.0200000000000003,5.99999999999996,2,1,65,0.5
14,134.431732,133.665736,133.904236,134.431732,144.185732,1,NaN,0,5.99999999999996,2,1,65,0.5
15,175.446232,174.234732,174.504732,175.446232,188.440232,1,NaN,0,5.99999999999996,2,1,65,0.5
16,189.642732,188.956232,189.142232,189.642732,190.564232,1,NaN,0,5.99999999999996,2,1,65,0.5
17,222.631232,221.887232,221.975732,222.578232,230.782732,0,1.99999999999996,0.0200000000000003,5.99999999999996,2,1,65,0.5
18,232.049732,231.237236,231.465232,232.049732,235.141232,1,NaN,0,5.99999999999996,2,1,65,0.5
19,239.384732,238.556233,238.854232,239.384732,240.019732,1,NaN,0,5.99999999999996,2,1,65,0.5
20,280.146732,279.270732,279.486735,280.093732,282.578732,0,1.99999999999996,0.0200000000000003,5.99999999999996,2,1,65,0.5
21,285.283232,284.478732,284.715732,285.283232,285.699732,1,NaN,0,5.99999999999996,2,1,65,0.5
22,292.302732,291.299236,291.580232,292.302732,297.102732,1,NaN,0,5.99999999999996,2,1,65,0.5
23,309.910232,308.991232,309.240732,309.910232,313.656732,1,NaN,0,5.99999999999996,2,1,65,0.5
24,348.527233,335.906232,336.102733,NaN,354.242232,NaN,NaN,0,5.99999999999996,2,1,65,0.5
25,359.946732,359.277232,359.469732,359.946732,361.324234,0,NaN,0,7.00000000000003,1,2,66,0.5
26,370.271234,369.527232,369.713232,370.218232,371.822732,0,1.99999999999996,0.0200000000000003,5.99999999999996,2,1,65,0.5
27,373.135233,372.336232,372.562732,373.082732,374.934732,1,1.99999999999996,0.0200000000000003,7.00000000000003,1,2,66,0.5
28,376.163232,375.441232,375.615732,376.163232,376.449236,0,NaN,0,7.00000000000003,1,2,66,0.5
29,389.837232,388.944733,389.203732,389.783732,391.810232,1,1.99999999999996,0.0200000000000003,7.00000000000003,1,2,66,0.5
30,392.945232,392.277232,392.453232,392.945232,393.125732,0,NaN,0,7.00000000000003,1,2,66,0.5
31,402.160732,401.454732,401.541732,402.160732,404.560232,0,NaN,0,7.00000000000003,1,2,66,0.5
32,410.534232,409.870233,410.026732,410.481232,412.792232,0,1.99999999999996,0.0200000000000003,5.99999999999996,2,1,65,0.5
33,414.056232,413.255732,413.461732,414.056232,414.440232,0,NaN,0,7.00000000000003,1,2,66,0.5
34,437.349232,436.524232,436.781232,437.349232,440.497735,1,NaN,0,5.99999999999996,2,1,65,0.5
35,465.661732,464.664232,464.754732,465.661732,472.537232,0,NaN,0,7.00000000000003,1,2,66,0.5
36,473.941232,473.024232,473.335232,473.888232,476.237733,1,1.99999999999996,0.0200000000000003,7.00000000000003,1,2,66,0.5
37,477.607732,476.780232,477.055232,477.554732,479.078732,0,1.99999999999996,0.0200000000000003,5.99999999999996,2,1,65,0.5
38,480.239232,479.521232,479.764732,480.186232,481.835232,0,1.99999999999996,0.0200000000000003,5.99999999999996,2,1,65,0.5
39,482.884232,482.216232,482.446232,482.884232,483.194732,0,NaN,0,7.00000000000003,1,2,66,0.5
40,498.718232,497.726232,497.941232,498.715733,501.041232,1,1.99999999999996,0.0200000000000003,7.00000000000003,1,2,66,0.5
41,502.198232,501.542732,501.681732,502.198232,506.490232,0,NaN,0,7.00000000000003,1,2,66,0.5
42,509.962236,509.076732,509.448732,509.909232,511.774232,0,1.99999999999996,0.0200000000000003,5.99999999999996,2,1,65,0.5
43,513.392732,512.582232,512.752732,513.339732,515.698232,1,1.99999999999996,0.0200000000000003,7.00000000000003,1,2,66,0.5
44,516.910232,516.231732,516.375732,516.910232,522.798732,0,NaN,0,7.00000000000003,1,2,66,0.5
45,524.101232,523.287732,523.560232,524.048232,526.333234,1,1.99999999999996,0.0200000000000003,7.00000000000003,1,2,66,0.5
46,527.767232,527.177232,527.252732,527.714732,533.205732,1,1.99999999999996,0.0200000000000003,7.00000000000003,1,2,66,0.5
47,537.811732,536.886732,537.170732,537.759232,540.553232,1,1.99999999999996,0.0200000000000003,7.00000000000003,1,2,66,0.5
48,541.763732,541.118232,541.188732,541.763732,546.759232,1,NaN,0,5.99999999999996,2,1,65,0.5
49,548.151232,547.402732,547.594732,548.098732,550.354732,0,1.99999999999996,0.0200000000000003,5.99999999999996,2,1,65,0.5
50,551.411232,550.798732,550.978732,551.411232,557.251732,0,NaN,0,7.00000000000003,1,2,66,0.5
51,558.542736,557.719232,558.013236,558.489732,560.575732,0,1.99999999999996,0.0200000000000003,5.99999999999996,2,1,65,0.5
52,561.800732,561.017732,561.227232,561.748232,563.353232,0,1.99999999999996,0.0200000000000003,5.99999999999996,2,1,65,0.5
53,564.596232,563.719732,563.928232,564.543732,566.631732,1,1.99999999999996,0.0200000000000003,7.00000000000003,1,2,66,0.5
54,567.870232,567.246736,567.310732,567.837732,572.474732,1,1.99999999999996,0.0200000000000003,7.00000000000003,1,2,66,0.5
55,574.074732,573.216733,573.441732,574.021732,576.033232,0,1.99999999999996,0.0200000000000003,5.99999999999996,2,1,65,0.5
56,577.662732,576.917232,576.969232,577.609232,579.613232,1,1.99999999999996,0.0200000000000003,7.00000000000003,1,2,66,0.5
57,582.370734,581.462232,581.733736,582.318732,584.239232,0,1.99999999999996,0.0200000000000003,5.99999999999996,2,1,65,0.5
58,585.891732,585.092732,585.322732,585.838732,587.667732,0,1.99999999999996,0.0200000000000003,5.99999999999996,2,1,65,0.5
59,588.818232,588.194732,588.399732,588.787732,589.828732,0,1.99999999999996,0.0200000000000003,5.99999999999996,2,1,65,0.5
60,591.653237,590.781232,590.967236,591.600232,593.793736,1,1.99999999999996,0.0200000000000003,7.00000000000003,1,2,66,0.5
61,595.043232,594.347233,594.462232,594.990234,596.824232,0,1.99999999999996,0.0200000000000003,5.99999999999996,2,1,65,0.5
62,598.322732,597.532232,597.701732,598.270232,599.973232,1,1.99999999999996,0.0200000000000003,7.00000000000003,1,2,66,0.5
63,601.289732,600.520232,600.613233,601.237232,603.360732,1,1.99999999999996,0.0200000000000003,7.00000000000003,1,2,66,0.5
64,604.471232,603.907732,603.969732,604.471232,606.797732,0,NaN,0,7.00000000000003,1,2,66,0.5
65,627.799732,626.636732,626.983732,627.746232,630.683734,1,1.99999999999996,0.0200000000000003,7.00000000000003,1,2,66,0.5
66,631.902232,631.195236,631.308733,631.902232,633.907732,0,NaN,0,7.00000000000003,1,2,66,0.5
67,648.275732,647.515733,647.755732,648.223232,650.174732,0,1.99999999999996,0.0200000000000003,5.99999999999996,2,1,65,0.5
68,651.324732,650.493232,650.693232,651.324732,654.165736,0,NaN,0,7.00000000000003,1,2,66,0.5
69,657.833232,657.059734,657.251735,657.780732,659.987732,1,1.99999999999996,0.0200000000000003,7.00000000000003,1,2,66,0.5
70,661.557732,660.860732,661.041232,661.505732,663.482732,1,1.99999999999996,0.0200000000000003,7.00000000000003,1,2,66,0.5
71,664.658232,663.939732,664.139732,664.605236,666.272232,0,1.99999999999996,0.0200000000000003,5.99999999999996,2,1,65,0.5
72,667.379732,666.672732,666.909232,667.327732,669.056232,0,1.99999999999996,0.0200000000000003,5.99999999999996,2,1,65,0.5
73,670.034232,669.411232,669.625232,670.010232,671.742234,0,1.99999999999996,0.0200000000000003,5.99999999999996,2,1,65,0.5
74,673.330733,672.197732,672.427232,673.278232,675.090236,1,1.99999999999996,0.0200000000000003,7.00000000000003,1,2,66,0.5
75,676.356732,675.653232,675.684232,676.356732,676.646232,1,NaN,0,5.99999999999996,2,1,65,0.5
76,694.795232,693.995232,694.208235,694.742732,696.835226,1,1.99999999999996,0.0200000000000003,7.00000000000003,1,2,66,0.5
77,697.984232,697.256732,697.460732,697.931732,699.342232,0,1.99999999999996,0.0200000000000003,5.99999999999996,2,1,65,0.5
78,700.271732,699.659232,699.832232,700.219232,701.592232,0,1.99999999999996,0.0200000000000003,5.99999999999996,2,1,65,0.5
79,703.179732,702.446732,702.564734,703.127236,704.924732,1,1.99999999999996,0.0200000000000003,7.00000000000003,1,2,66,0.5
80,706.015732,705.400232,705.505732,706.015732,712.257734,1,NaN,0,5.99999999999996,2,1,65,0.5
81,713.563232,712.796736,713.048732,713.510732,715.210734,0,1.99999999999996,0.0200000000000003,5.99999999999996,2,1,65,0.5
82,716.163232,715.551232,715.752732,716.110732,717.811232,0,1.99999999999996,0.0200000000000003,5.99999999999996,2,1,65,0.5
83,718.830232,718.207732,718.440232,718.777732,720.566732,0,1.99999999999996,0.0200000000000003,5.99999999999996,2,1,65,0.5
84,721.721732,720.943732,721.119232,721.721732,721.979732,0,NaN,0,7.00000000000003,1,2,66,0.5
85,728.245232,727.288732,727.595735,728.192732,730.022732,1,1.99999999999996,0.0200000000000003,7.00000000000003,1,2,66,0.5
86,731.234732,730.473232,730.660232,731.181732,734.109732,1,1.99999999999996,0.0200000000000003,7.00000000000003,1,2,66,0.5
87,735.300232,734.564732,734.704732,735.247232,737.503232,1,1.99999999999996,0.0200000000000003,7.00000000000003,1,2,66,0.5
88,738.909732,737.942732,738.104732,738.857236,740.842232,1,1.99999999999996,0.0200000000000003,7.00000000000003,1,2,66,0.5
89,741.964232,741.384232,741.464732,741.911732,743.989732,1,1.99999999999996,0.0200000000000003,7.00000000000003,1,2,66,0.5
90,745.150234,744.527232,744.608232,745.140732,746.956732,1,1.99999999999996,0.0200000000000003,7.00000000000003,1,2,66,0.5
91,748.206232,747.530732,747.579732,748.153732,749.711232,0,1.99999999999996,0.0200000000000003,5.99999999999996,2,1,65,0.5
92,750.689732,750.074732,750.235232,750.637732,751.988236,0,1.99999999999996,0.0200000000000003,5.99999999999996,2,1,65,0.5
93,753.304232,752.379732,752.595732,753.251732,756.067732,1,1.99999999999996,0.0200000000000003,7.00000000000003,1,2,66,0.5
94,757.358733,756.777732,756.852232,757.358733,765.270232,1,NaN,0,5.99999999999996,2,1,65,0.5
95,766.510232,765.638732,765.846732,766.457732,768.196732,1,1.99999999999996,0.0200000000000003,7.00000000000003,1,2,66,0.5
96,769.233232,768.691732,768.760732,769.180732,772.010732,1,1.99999999999996,0.0200000000000003,7.00000000000003,1,2,66,0.5
97,773.428232,772.524232,772.607732,773.375232,774.930732,0,1.99999999999996,0.0200000000000003,5.99999999999996,2,1,65,0.5
98,775.959236,775.336232,775.524236,775.944232,777.172232,0,1.99999999999996,0.0200000000000003,5.99999999999996,2,1,65,0.5
99,778.348232,777.643732,777.845232,778.337732,779.655732,0,1.99999999999996,0.0200000000000003,5.99999999999996,2,1,65,0.5
100,780.852232,780.067733,780.268232,780.799232,782.770232,1,1.99999999999996,0.0200000000000003,7.00000000000003,1,2,66,0.5
101,783.977232,783.317734,783.408232,783.977232,784.328732,1,NaN,0,5.99999999999996,2,1,65,0.5
102,795.867732,794.883732,795.158732,795.814732,798.215232,0,1.99999999999996,0.0200000000000003,5.99999999999996,2,1,65,0.5
103,799.313732,798.691232,798.879232,799.260732,801.448732,0,1.99999999999996,0.0200000000000003,5.99999999999996,2,1,65,0.5
104,802.584232,801.825232,801.997233,802.584232,802.957732,0,NaN,0,7.00000000000003,1,2,66,0.5
105,850.698232,849.896732,850.103232,850.646232,853.294234,1,1.99999999999996,0.0200000000000003,7.00000000000003,1,2,66,0.5
106,854.310735,853.687232,853.842232,854.293736,856.726732,1,1.99999999999996,0.0200000000000003,7.00000000000003,1,2,66,0.5
107,857.787232,857.133732,857.246232,857.787232,870.504733,1,NaN,0,5.99999999999996,2,1,65,0.5
108,871.624732,870.850232,871.092732,871.572232,873.428728,1,1.99999999999996,0.0200000000000003,7.00000000000003,1,2,66,0.5
109,874.697732,873.928738,874.124732,874.645232,876.640232,1,1.99999999999996,0.0200000000000003,7.00000000000003,1,2,66,0.5
110,877.684732,877.102733,877.202232,877.684732,877.985732,1,NaN,0,5.99999999999996,2,1,65,0.5
111,892.884732,892.184232,892.305232,892.831232,894.426732,0,1.99999999999996,0.0200000000000003,5.99999999999996,2,1,65,0.5
112,895.594232,894.819232,895.006732,895.594232,896.038232,0,NaN,0,7.00000000000003,1,2,66,0.5
113,902.988232,902.227232,902.507732,902.977232,904.652732,0,1.99999999999996,0.0200000000000003,5.99999999999996,2,1,65,0.5
114,905.746732,905.034732,905.227732,905.693732,907.427732,1,1.99999999999996,0.0200000000000003,7.00000000000003,1,2,66,0.5
115,908.707232,907.922232,908.146732,908.653732,909.583732,0,1.99999999999996,0.0200000000000003,5.99999999999996,2,1,65,0.5
116,910.711732,909.968732,910.157732,910.659232,912.273232,1,1.99999999999996,0.0200000000000003,7.00000000000003,1,2,66,0.5
117,913.522232,912.819732,913.000732,913.469232,914.793732,0,1.99999999999996,0.0200000000000003,5.99999999999996,2,1,65,0.5
118,915.965232,915.168232,915.358732,915.912232,917.426732,1,1.99999999999996,0.0200000000000003,7.00000000000003,1,2,66,0.5
119,918.653232,917.930232,918.039732,918.600732,920.529233,1,1.99999999999996,0.0200000000000003,7.00000000000003,1,2,66,0.5
120,921.693232,921.069731,921.175732,921.659727,923.266732,0,1.99999999999996,0.0200000000000003,5.99999999999996,2,1,65,0.5
121,924.579232,923.701732,923.880232,924.527232,926.237732,1,1.99999999999996,0.0200000000000003,7.00000000000003,1,2,66,0.5
122,927.624232,926.822732,926.970232,927.571732,929.373732,1,1.99999999999996,0.0200000000000003,7.00000000000003,1,2,66,0.5
123,930.554232,929.951732,929.977732,930.554232,931.237732,0,NaN,0,7.00000000000003,1,2,66,0.5
124,939.045232,938.382732,938.457733,939.045232,940.679732,1,NaN,0,5.99999999999996,2,1,65,0.5
125,950.195232,949.486232,949.715732,950.142732,951.492232,0,1.99999999999996,0.0200000000000003,5.99999999999996,2,1,65,0.5
126,952.535732,951.831232,952.048732,952.482732,954.006732,0,1.99999999999996,0.0200000000000003,5.99999999999996,2,1,65,0.5
127,955.263232,954.414232,954.631733,955.209732,956.839732,1,1.99999999999996,0.0200000000000003,7.00000000000003,1,2,66,0.5
128,958.141232,957.366733,957.537232,958.088732,959.937732,0,1.99999999999996,0.0200000000000003,5.99999999999996,2,1,65,0.5
129,961.101232,960.293232,960.512232,961.048733,962.881732,1,1.99999999999996,0.0200000000000003,7.00000000000003,1,2,66,0.5
130,963.981732,963.418232,963.527732,963.981732,968.059232,1,NaN,0,5.99999999999996,2,1,65,0.5
131,970.836232,970.028732,970.214732,970.782734,972.859732,1,1.99999999999996,0.0200000000000003,7.00000000000003,1,2,66,0.5
132,974.182732,973.328232,973.518232,974.182732,980.583236,1,NaN,0,5.99999999999996,2,1,65,0.5
133,981.748232,980.914232,981.263236,981.695732,983.259733,0,1.99999999999996,0.0200000000000003,5.99999999999996,2,1,65,0.5
134,984.247732,983.624232,983.854732,984.225232,985.501232,0,1.99999999999996,0.0200000000000003,5.99999999999996,2,1,65,0.5
135,986.653232,985.871232,986.092732,986.653232,987.118732,0,NaN,0,7.00000000000003,1,2,66,0.5
136,1006.150232,1005.400732,1005.683736,1006.096732,1009.179732,0,1.99999999999996,0.0200000000000003,5.99999999999996,2,1,65,0.5
137,1010.253732,1009.630232,1009.822232,1010.202732,1012.094732,0,1.99999999999996,0.0200000000000003,5.99999999999996,2,1,65,0.5
138,1013.297732,1012.481232,1012.697232,1013.245232,1015.029732,1,1.99999999999996,0.0200000000000003,7.00000000000003,1,2,66,0.5
139,1016.424734,1015.539732,1015.688732,1016.372232,1018.669732,1,1.99999999999996,0.0200000000000003,7.00000000000003,1,2,66,0.5
140,1019.988232,1019.252234,1019.367232,1019.934732,1022.268732,1,1.99999999999996,0.0200000000000003,7.00000000000003,1,2,66,0.5
141,1023.568732,1022.853732,1022.981232,1023.515732,1025.033732,0,1.99999999999996,0.0200000000000003,5.99999999999996,2,1,65,0.5
142,1026.134232,1025.510232,1025.691733,1026.124232,1027.626732,0,1.99999999999996,0.0200000000000003,5.99999999999996,2,1,65,0.5
143,1028.697232,1028.116232,1028.296232,1028.697232,1029.433236,0,NaN,0,7.00000000000003,1,2,66,0.5
144,1035.364232,1034.562732,1034.765732,1035.310734,1037.682732,1,1.99999999999996,0.0200000000000003,7.00000000000003,1,2,66,0.5
145,1039.118232,1038.269732,1038.526232,1039.118232,1040.618732,0,NaN,0,7.00000000000003,1,2,66,0.5
146,1108.055732,1107.250232,1107.434732,1108.003233,1110.901732,1,1.99999999999996,0.0200000000000003,7.00000000000003,1,2,66,0.5
147,1112.041732,1111.430232,1111.576732,1112.041732,1112.572732,0,NaN,0,7.00000000000003,1,2,66,0.5
148,1209.182232,1208.298732,1208.464732,1209.180232,1210.804232,1,1.99999999999996,0.0200000000000003,7.00000000000003,1,2,66,0.5
149,1211.931232,1211.272732,1211.443232,1211.928236,1213.999732,1,1.99999999999996,0.0200000000000003,7.00000000000003,1,2,66,0.5
150,1215.327732,1214.597732,1214.717232,1215.327732,1215.623232,0,NaN,0,7.00000000000003,1,2,66,0.5
151,1229.133232,1228.323232,1228.578732,1229.080732,1232.178232,0,1.99999999999996,0.0200000000000003,5.99999999999996,2,1,65,0.5
152,1233.743732,1232.705733,1232.927732,1233.740732,1236.015232,1,1.99999999999996,0.0200000000000003,7.00000000000003,1,2,66,0.5
153,1244.826732,1244.025232,1244.231732,1244.774232,1246.287236,1,1.99999999999996,0.0200000000000003,7.00000000000003,1,2,66,0.5
154,1247.703732,1246.986736,1247.211232,1247.651232,1249.082732,0,1.99999999999996,0.0200000000000003,5.99999999999996,2,1,65,0.5
155,1250.022232,1249.398232,1249.626732,1249.990232,1252.137232,0,1.99999999999996,0.0200000000000003,5.99999999999996,2,1,65,0.5
156,1253.456732,1252.667232,1252.878232,1253.404234,1254.239232,1,1.99999999999996,0.0200000000000003,7.00000000000003,1,2,66,0.5
157,1255.531226,1254.815232,1255.018232,1255.47873,1257.126732,0,1.99999999999996,0.0200000000000003,5.99999999999996,2,1,65,0.5
158,1258.127732,1257.501732,1257.777232,1258.127732,1258.575232,0,NaN,0,7.00000000000003,1,2,66,0.5
159,1269.140732,1268.227232,1268.451732,1269.088732,1270.678736,0,1.99999999999996,0.0200000000000003,5.99999999999996,2,1,65,0.5
160,1271.848736,1271.076732,1271.248736,1271.795726,1272.552732,1,1.99999999999996,0.0200000000000003,7.00000000000003,1,2,66,0.5
161,1273.765232,1273.032234,1273.260232,1273.712232,1275.519232,1,1.99999999999996,0.0200000000000003,7.00000000000003,1,2,66,0.5
162,1276.592232,1275.936732,1276.058232,1276.592232,1277.074732,1,NaN,0,5.99999999999996,2,1,65,0.5
163,1286.790732,1286.054732,1286.241232,1286.737732,1289.471232,1,1.99999999999996,0.0200000000000003,7.00000000000003,1,2,66,0.5
164,1290.623232,1289.896732,1290.102732,1290.570732,1291.807732,0,1.99999999999996,0.0200000000000003,5.99999999999996,2,1,65,0.5
165,1292.968232,1292.176232,1292.387732,1292.915732,1294.831732,1,1.99999999999996,0.0200000000000003,7.00000000000003,1,2,66,0.5
166,1295.985732,1295.283733,1295.485732,1295.985732,1296.452232,0,NaN,0,7.00000000000003,1,2,66,0.5
167,1310.484732,1309.606232,1309.838732,1310.484732,1311.072232,1,NaN,0,5.99999999999996,2,1,65,0.5
168,1320.075732,1319.377732,1319.531232,1320.023232,1322.042732,1,1.99999999999996,0.0200000000000003,7.00000000000003,1,2,66,0.5
169,1323.103733,1322.479232,1322.668232,1323.073734,1325.311732,1,1.99999999999996,0.0200000000000003,7.00000000000003,1,2,66,0.5
170,1326.505736,1325.800732,1325.970232,1326.452732,1327.850232,0,1.99999999999996,0.0200000000000003,5.99999999999996,2,1,65,0.5
171,1329.039232,1328.237732,1328.454232,1328.985732,1331.522232,1,1.99999999999996,0.0200000000000003,7.00000000000003,1,2,66,0.5
172,1336.681232,1335.870232,1336.122732,1336.628732,1342.804732,1,1.99999999999996,0.0200000000000003,7.00000000000003,1,2,66,0.5
173,1344.289736,1343.484232,1343.719236,1344.237232,1346.444232,0,1.99999999999996,0.0200000000000003,5.99999999999996,2,1,65,0.5
174,1347.889732,1347.043232,1347.232232,1347.837232,1349.970232,1,1.99999999999996,0.0200000000000003,7.00000000000003,1,2,66,0.5
175,1351.374232,1350.500233,1350.675232,1351.321732,1353.086732,0,1.99999999999996,0.0200000000000003,5.99999999999996,2,1,65,0.5
176,1354.269232,1353.588732,1353.801732,1354.216732,1356.027232,0,1.99999999999996,0.0200000000000003,5.99999999999996,2,1,65,0.5
177,1358.469732,1356.513232,1356.708726,1358.416234,1360.424232,1,1.99999999999996,0.0200000000000003,7.00000000000003,1,2,66,0.5
178,1361.827737,1360.927732,1361.082732,1361.774736,1364.198732,1,1.99999999999996,0.0200000000000003,7.00000000000003,1,2,66,0.5
179,1367.786232,1367.008232,1367.197232,1367.733232,1369.911732,1,1.99999999999996,0.0200000000000003,7.00000000000003,1,2,66,0.5
180,1371.033232,1370.489732,1370.550232,1371.033232,1372.129232,1,NaN,0,5.99999999999996,2,1,65,0.5
181,1392.934732,1392.122732,1392.307232,1392.882236,1394.772732,1,1.99999999999996,0.0200000000000003,7.00000000000003,1,2,66,0.5
182,1396.103732,1395.251732,1395.399232,1396.051232,1397.550232,1,1.99999999999996,0.0200000000000003,7.00000000000003,1,2,66,0.5
183,1398.660732,1397.942232,1398.099732,1398.608232,1400.165732,0,1.99999999999996,0.0200000000000003,5.99999999999996,2,1,65,0.5
184,1401.304732,1400.631734,1400.846232,1401.252232,1402.661732,0,1.99999999999996,0.0200000000000003,5.99999999999996,2,1,65,0.5
185,1403.810734,1403.057732,1403.275232,1403.758236,1405.413732,0,1.99999999999996,0.0200000000000003,5.99999999999996,2,1,65,0.5
186,1406.484732,1405.768232,1406.011736,1406.432232,1408.024232,0,1.99999999999996,0.0200000000000003,5.99999999999996,2,1,65,0.5
187,1409.196232,1408.397232,1408.589732,1409.143232,1411.083232,1,1.99999999999996,0.0200000000000003,7.00000000000003,1,2,66,0.5
188,1412.424232,1411.678732,1411.811233,1412.371732,1414.343732,1,1.99999999999996,0.0200000000000003,7.00000000000003,1,2,66,0.5
189,1415.980736,1415.248235,1415.419732,1415.927732,1417.557232,0,1.99999999999996,0.0200000000000003,5.99999999999996,2,1,65,0.5
190,1418.724232,1417.973732,1418.165732,1418.724232,1419.689232,1,NaN,0,5.99999999999996,2,1,65,0.5
191,1433.028232,1432.361732,1432.513232,1433.028232,1438.768232,1,NaN,0,5.99999999999996,2,1,65,0.5
192,1439.777732,1439.018732,1439.212232,1439.724732,1441.633732,1,1.99999999999996,0.0200000000000003,7.00000000000003,1,2,66,0.5
193,1443.013732,1442.184732,1442.391736,1443.013732,1446.564232,1,NaN,0,5.99999999999996,2,1,65,0.5
194,1449.668232,1448.913732,1449.137733,1449.615732,1451.121232,0,1.99999999999996,0.0200000000000003,5.99999999999996,2,1,65,0.5
195,1452.359232,1451.529236,1451.726232,1452.357232,1454.562732,1,1.99999999999996,0.0200000000000003,7.00000000000003,1,2,66,0.5
196,1455.805232,1455.067232,1455.254232,1455.751733,1457.246732,0,1.99999999999996,0.0200000000000003,5.99999999999996,2,1,65,0.5
197,1458.274732,1457.642232,1457.819232,1458.272232,1459.622732,0,1.99999999999996,0.0200000000000003,5.99999999999996,2,1,65,0.5
198,1460.908732,1460.079232,1460.260736,1460.906232,1462.701232,1,1.99999999999996,0.0200000000000003,7.00000000000003,1,2,66,0.5
199,1463.896232,1463.214732,1463.297731,1463.843236,1465.241237,1,1.99999999999996,0.0200000000000003,7.00000000000003,1,2,66,0.5
200,1466.415232,1465.790732,1465.863736,1466.374732,1467.870732,0,1.99999999999996,0.0200000000000003,5.99999999999996,2,1,65,0.5
201,1468.878232,1468.271732,1468.417734,1468.878232,1469.306232,0,NaN,0,7.00000000000003,1,2,66,0.5
202,1477.472732,1476.555732,1476.834732,1477.419732,1479.749732,1,1.99999999999996,0.0200000000000003,7.00000000000003,1,2,66,0.5
203,1480.836732,1480.213232,1480.317232,1480.828232,1482.964231,1,1.99999999999996,0.0200000000000003,7.00000000000003,1,2,66,0.5
204,1484.319732,1483.430232,1483.486732,1484.319732,1490.393736,1,NaN,0,5.99999999999996,2,1,65,0.5
205,1491.705232,1491.014232,1491.291732,1491.705232,1498.364232,0,NaN,0,7.00000000000003,1,2,66,0.5
206,1499.625732,1498.833732,1499.090235,1499.572732,1500.875232,0,1.99999999999996,0.0200000000000003,5.99999999999996,2,1,65,0.5
207,1502.057232,1501.228232,1501.451735,1502.004732,1502.950236,1,1.99999999999996,0.0200000000000003,7.00000000000003,1,2,66,0.5
208,1504.143734,1503.369232,1503.626732,1504.090733,1505.293232,0,1.99999999999996,0.0200000000000003,5.99999999999996,2,1,65,0.5
209,1506.534232,1505.701233,1505.951732,1506.482232,1508.482232,1,1.99999999999996,0.0200000000000003,7.00000000000003,1,2,66,0.5
210,1509.739232,1508.981233,1509.157736,1509.686732,1511.334232,0,1.99999999999996,0.0200000000000003,5.99999999999996,2,1,65,0.5
211,1512.643236,1511.815232,1512.019232,1512.591232,1514.781232,1,1.99999999999996,0.0200000000000003,7.00000000000003,1,2,66,0.5
212,1516.065232,1515.334732,1515.440235,1516.013232,1517.743732,1,1.99999999999996,0.0200000000000003,7.00000000000003,1,2,66,0.5
213,1519.002226,1518.295732,1518.433232,1518.949232,1520.599732,0,1.99999999999996,0.0200000000000003,5.99999999999996,2,1,65,0.5
214,1522.203732,1521.386232,1521.621236,1522.203732,1522.679732,1,NaN,0,5.99999999999996,2,1,65,0.5
215,1553.969232,1552.756732,1553.097232,1553.916232,1555.560232,0,1.99999999999996,0.0200000000000003,5.99999999999996,2,1,65,0.5
216,1566.284232,1565.413733,1565.593732,1566.231232,1568.358732,1,1.99999999999996,0.0200000000000003,7.00000000000003,1,2,66,0.5
217,1569.547232,1568.772232,1568.932733,1569.495232,1571.416232,0,1.99999999999996,0.0200000000000003,5.99999999999996,2,1,65,0.5
218,1572.542732,1571.847232,1572.046232,1572.489732,1574.218732,0,1.99999999999996,0.0200000000000003,5.99999999999996,2,1,65,0.5
219,1575.549732,1574.636232,1574.882732,1575.546732,1577.509732,1,1.99999999999996,0.0200000000000003,7.00000000000003,1,2,66,0.5
220,1578.912732,1578.045732,1578.074732,1578.912732,1579.020732,1,NaN,0,5.99999999999996,2,1,65,0.5
221,1587.654236,1586.785736,1586.979232,1587.601232,1588.945732,0,1.99999999999996,0.0200000000000003,5.99999999999996,2,1,65,0.5
222,1590.120232,1589.345232,1589.536732,1590.067232,1591.758232,1,1.99999999999996,0.0200000000000003,7.00000000000003,1,2,66,0.5
223,1593.074732,1592.329732,1592.499732,1593.021235,1594.960232,1,1.99999999999996,0.0200000000000003,7.00000000000003,1,2,66,0.5
224,1596.124732,1595.501232,1595.613226,1596.108732,1597.371732,0,1.99999999999996,0.0200000000000003,5.99999999999996,2,1,65,0.5
225,1598.383232,1597.758733,1597.960732,1598.349732,1600.222732,0,1.99999999999996,0.0200000000000003,5.99999999999996,2,1,65,0.5
226,1601.469232,1600.617732,1600.835733,1601.417232,1605.104232,1,1.99999999999996,0.0200000000000003,7.00000000000003,1,2,66,0.5
227,1607.276732,1606.489732,1606.745232,1607.224232,1608.852232,0,1.99999999999996,0.0200000000000003,5.99999999999996,2,1,65,0.5
228,1609.878732,1609.255736,1609.471732,1609.861232,1611.590232,0,1.99999999999996,0.0200000000000003,5.99999999999996,2,1,65,0.5
229,1612.660732,1611.978732,1612.197732,1612.608232,1614.282732,0,1.99999999999996,0.0200000000000003,5.99999999999996,2,1,65,0.5
230,1615.438732,1614.733232,1614.921734,1615.438732,1615.828732,0,NaN,0,7.00000000000003,1,2,66,0.5
231,1625.881732,1624.930232,1625.191732,1625.881732,1627.385732,1,NaN,0,5.99999999999996,2,1,65,0.5
232,1757.520732,1744.900732,1744.963233,NaN,NaN,NaN,NaN,0,5.99999999999996,2,1,65,0.5
233,1773.230732,1772.471232,1772.568732,1773.230732,1773.343732,1,NaN,0,5.99999999999996,2,1,65,0.5
234,1783.654233,1782.763232,1782.951232,1783.651732,1810.879732,0,1.99999999999996,0.0200000000000003,5.99999999999996,2,1,65,0.5
235,1813.547732,1812.978732,1813.022232,1813.494732,1815.480232,0,1.99999999999996,0.0200000000000003,5.99999999999996,2,1,65,0.5
236,1816.867732,1816.053732,1816.294732,1816.815232,1819.857732,1,1.99999999999996,0.0200000000000003,7.00000000000003,1,2,66,0.5
237,1821.389732,1820.55873,1820.752234,1821.386732,1826.478732,1,1.99999999999996,0.0200000000000003,7.00000000000003,1,2,66,0.5
238,1827.710236,1826.950236,1827.220736,1827.657732,1829.250236,0,1.99999999999996,0.0200000000000003,5.99999999999996,2,1,65,0.5
239,1830.685232,1829.925232,1830.174232,1830.632232,1833.084232,0,1.99999999999996,0.0200000000000003,5.99999999999996,2,1,65,0.5
240,1834.375732,1833.552232,1833.809734,1834.323232,1836.262232,0,1.99999999999996,0.0200000000000003,5.99999999999996,2,1,65,0.5
241,1837.508232,1836.654236,1836.842232,1837.455232,1838.167732,1,1.99999999999996,0.0200000000000003,7.00000000000003,1,2,66,0.5
242,1839.459732,1838.722232,1838.945232,1839.455232,1840.918232,0,1.99999999999996,0.0200000000000003,5.99999999999996,2,1,65,0.5
243,1842.419732,1841.337232,1841.626233,1842.417232,1844.094732,1,1.99999999999996,0.0200000000000003,7.00000000000003,1,2,66,0.5
244,1845.484232,1844.735732,1844.933232,1845.431732,1846.855232,0,1.99999999999996,0.0200000000000003,5.99999999999996,2,1,65,0.5
245,1848.269232,1847.492232,1847.730232,1848.216233,1849.612732,0,1.99999999999996,0.0200000000000003,5.99999999999996,2,1,65,0.5
246,1850.692732,1850.069732,1850.270732,1850.677232,1852.278732,0,1.99999999999996,0.0200000000000003,5.99999999999996,2,1,65,0.5
247,1853.749234,1852.835732,1853.065732,1853.695732,1857.716232,1,1.99999999999996,0.0200000000000003,7.00000000000003,1,2,66,0.5
248,1862.215732,1861.442732,1861.690732,1862.163232,1864.014732,0,1.99999999999996,0.0200000000000003,5.99999999999996,2,1,65,0.5
249,1865.031232,1864.407732,1864.579732,1864.998733,1866.514732,0,1.99999999999996,0.0200000000000003,5.99999999999996,2,1,65,0.5
250,1867.666732,1866.939732,1867.151232,1867.614232,1869.567232,0,1.99999999999996,0.0200000000000003,5.99999999999996,2,1,65,0.5
251,1871.248732,1870.412232,1870.569732,1871.195732,1872.694232,1,1.99999999999996,0.0200000000000003,7.00000000000003,1,2,66,0.5
252,1874.127233,1873.404726,1873.572232,1874.127233,1874.649732,1,NaN,0,5.99999999999996,2,1,65,0.5
253,1880.603732,1879.710232,1879.923232,1880.550232,1882.688732,1,1.99999999999996,0.0200000000000003,7.00000000000003,1,2,66,0.5
254,1884.025232,1883.204232,1883.405232,1883.972732,1885.957232,0,1.99999999999996,0.0200000000000003,5.99999999999996,2,1,65,0.5
255,1887.211232,1886.473232,1886.731232,1887.158732,1889.257732,0,1.99999999999996,0.0200000000000003,5.99999999999996,2,1,65,0.5
256,1890.320736,1889.641232,1889.858232,1890.267732,1892.072232,0,1.99999999999996,0.0200000000000003,5.99999999999996,2,1,65,0.5
257,1893.085732,1892.466232,1892.654732,1893.085732,1893.808732,0,NaN,0,7.00000000000003,1,2,66,0.5
258,1901.933732,1901.188232,1901.409232,1901.880736,1903.617232,0,1.99999999999996,0.0200000000000003,5.99999999999996,2,1,65,0.5
259,1904.783232,1903.977732,1904.167232,1904.730732,1906.192232,1,1.99999999999996,0.0200000000000003,7.00000000000003,1,2,66,0.5
260,1907.439732,1906.666233,1906.871232,1907.386232,1908.758732,1,1.99999999999996,0.0200000000000003,7.00000000000003,1,2,66,0.5
261,1909.943232,1909.185232,1909.357232,1909.943232,1917.833232,1,NaN,0,5.99999999999996,2,1,65,0.5
262,1918.897232,1918.197732,1918.448732,1918.897232,2178.607232,0,NaN,0,7.00000000000003,1,2,66,0.5
263,2182.666732,2181.711232,2181.964734,2182.613732,2193.157736,1,1.99999999999996,0.0200000000000003,7.00000000000003,1,2,66,0.5
264,2214.584232,2213.184732,2213.836232,2214.531232,2215.439732,1,1.99999999999996,0.0200000000000003,8.99999999999999,1,4,68,0.5
265,2217.181232,2216.358236,2216.594732,2217.128236,2219.447232,1,1.99999999999996,0.0200000000000003,8.99999999999999,1,4,68,0.5
266,2220.749232,2220.000732,2220.203732,2220.749232,2221.141732,0,NaN,0,8.99999999999999,1,4,68,0.5
267,2238.284732,2237.304732,2237.782232,2238.231732,2240.042232,0,1.99999999999996,0.0200000000000003,8.00000000000001,2,3,67,0.5
268,2241.295232,2240.512232,2240.745732,2241.242232,2242.955732,0,1.99999999999996,0.0200000000000003,8.00000000000001,2,3,67,0.5
269,2250.604232,2249.748732,2250.025732,2250.551232,2251.960732,0,1.99999999999996,0.0200000000000003,8.00000000000001,2,3,67,0.5
270,2253.359232,2252.424732,2252.706232,2253.306732,2254.038236,1,1.99999999999996,0.0200000000000003,8.99999999999999,1,4,68,0.5
271,2255.577732,2254.740732,2254.956732,2255.524732,2257.092232,1,1.99999999999996,0.0200000000000003,8.99999999999999,1,4,68,0.5
272,2258.681737,2257.663232,2257.879232,2258.681737,2258.715732,0,NaN,0,8.99999999999999,1,4,68,0.5
273,2268.329732,2267.425732,2267.677732,2268.326732,2269.616232,0,1.99999999999996,0.0200000000000003,8.00000000000001,2,3,67,0.5
274,2270.685232,2270.061733,2270.282732,2270.668232,2271.800732,0,1.99999999999996,0.0200000000000003,8.00000000000001,2,3,67,0.5
275,2272.821232,2272.134232,2272.341732,2272.768232,2273.969232,0,1.99999999999996,0.0200000000000003,8.00000000000001,2,3,67,0.5
276,2275.210732,2274.384232,2274.604232,2275.157732,2276.515732,1,1.99999999999996,0.0200000000000003,8.99999999999999,1,4,68,0.5
277,2277.737735,2276.985232,2277.218732,2277.685232,2278.848232,1,1.99999999999996,0.0200000000000003,8.99999999999999,1,4,68,0.5
278,2280.091232,2279.328232,2279.543232,2280.038732,2281.043232,1,1.99999999999996,0.0200000000000003,8.99999999999999,1,4,68,0.5
279,2282.775732,2281.894732,2282.201232,2282.722732,2284.256734,0,1.99999999999996,0.0200000000000003,8.00000000000001,2,3,67,0.5
280,2285.648732,2284.722234,2284.957232,2285.595732,2287.066732,1,1.99999999999996,0.0200000000000003,8.99999999999999,1,4,68,0.5
281,2288.321232,2287.548237,2287.733732,2288.268236,2290.965236,0,1.99999999999996,0.0200000000000003,8.00000000000001,2,3,67,0.5
282,2292.434732,2291.704232,2291.924232,2292.381232,2294.104232,0,1.99999999999996,0.0200000000000003,8.00000000000001,2,3,67,0.5
283,2295.531232,2294.619232,2294.845732,2295.478732,2296.842232,1,1.99999999999996,0.0200000000000003,8.99999999999999,1,4,68,0.5
284,2298.116232,2297.340232,2297.474235,2298.063232,2299.451732,1,1.99999999999996,0.0200000000000003,8.99999999999999,1,4,68,0.5
285,2300.624732,2299.885232,2300.059232,2300.572232,2302.168226,0,1.99999999999996,0.0200000000000003,8.00000000000001,2,3,67,0.5
286,2303.831732,2303.013732,2303.210732,2303.831732,2304.263734,0,NaN,0,8.99999999999999,1,4,68,0.5
287,2311.963732,2311.170732,2311.402732,2311.910736,2313.455732,0,1.99999999999996,0.0200000000000003,8.00000000000001,2,3,67,0.5
288,2314.648232,2313.805732,2314.024232,2314.596232,2315.734732,1,1.99999999999996,0.0200000000000003,8.99999999999999,1,4,68,0.5
289,2316.890734,2316.166732,2316.373732,2316.837732,2317.740232,1,1.99999999999996,0.0200000000000003,8.99999999999999,1,4,68,0.5
290,2319.186233,2318.209232,2318.462734,2319.133232,2320.092232,1,1.99999999999996,0.0200000000000003,8.99999999999999,1,4,68,0.5
291,2321.302232,2320.552232,2320.797232,2321.249232,2322.830732,0,1.99999999999996,0.0200000000000003,8.00000000000001,2,3,67,0.5
292,2323.993732,2323.210732,2323.456233,2323.993732,2330.532732,0,NaN,0,8.99999999999999,1,4,68,0.5
293,2335.270732,2334.232232,2334.711732,2335.218232,2335.896232,1,1.99999999999996,0.0200000000000003,8.99999999999999,1,4,68,0.5
294,2337.170736,2336.398233,2336.633232,2337.118232,2339.256732,1,1.99999999999996,0.0200000000000003,8.99999999999999,1,4,68,0.5
295,2340.535732,2339.730732,2339.930732,2340.483232,2342.418732,1,1.99999999999996,0.0200000000000003,8.99999999999999,1,4,68,0.5
296,2343.756732,2342.831232,2343.035233,2343.704232,2345.036232,1,1.99999999999996,0.0200000000000003,8.99999999999999,1,4,68,0.5
297,2346.249233,2345.466232,2345.714232,2346.196732,2347.523734,0,1.99999999999996,0.0200000000000003,8.00000000000001,2,3,67,0.5
298,2348.554232,2347.930732,2348.165732,2348.550233,2349.997232,0,1.99999999999996,0.0200000000000003,8.00000000000001,2,3,67,0.5
299,2351.035232,2350.411236,2350.608232,2351.013732,2352.644732,0,1.99999999999996,0.0200000000000003,8.00000000000001,2,3,67,0.5
300,2353.979733,2353.169732,2353.418227,2353.927732,2355.186732,1,1.99999999999996,0.0200000000000003,8.99999999999999,1,4,68,0.5
301,2356.320232,2355.583232,2355.765732,2356.267732,2357.814232,0,1.99999999999996,0.0200000000000003,8.00000000000001,2,3,67,0.5
302,2358.903232,2358.229732,2358.426732,2358.850732,2360.629737,0,1.99999999999996,0.0200000000000003,8.00000000000001,2,3,67,0.5
303,2362.174732,2361.550236,2361.763232,2362.168232,2363.573732,0,1.99999999999996,0.0200000000000003,8.00000000000001,2,3,67,0.5
304,2364.992232,2364.091732,2364.332232,2364.939732,2366.382232,1,1.99999999999996,0.0200000000000003,8.99999999999999,1,4,68,0.5
305,2367.681732,2366.867732,2367.074232,2367.629232,2369.603732,1,1.99999999999996,0.0200000000000003,8.99999999999999,1,4,68,0.5
306,2370.732732,2370.109732,2370.231733,2370.722732,2372.398732,0,1.99999999999996,0.0200000000000003,8.00000000000001,2,3,67,0.5
307,2373.491232,2372.880232,2373.067232,2373.437734,2375.069726,0,1.99999999999996,0.0200000000000003,8.00000000000001,2,3,67,0.5
308,2376.588732,2375.899232,2376.097232,2376.588732,2377.017732,0,NaN,0,8.99999999999999,1,4,68,0.5
309,2387.602732,2386.878732,2387.066234,2387.550232,2389.458232,0,1.99999999999996,0.0200000000000003,8.00000000000001,2,3,67,0.5
310,2390.640732,2389.890733,2390.048732,2390.640732,2396.791232,0,NaN,0,8.99999999999999,1,4,68,0.5
311,2398.004232,2397.290732,2397.530234,2397.951732,2399.573232,0,1.99999999999996,0.0200000000000003,8.00000000000001,2,3,67,0.5
312,2400.569732,2399.990226,2400.166232,2400.517232,2402.171232,0,1.99999999999996,0.0200000000000003,8.00000000000001,2,3,67,0.5
313,2403.622232,2402.653232,2402.862232,2403.569732,2404.616232,1,1.99999999999996,0.0200000000000003,8.99999999999999,1,4,68,0.5
314,2406.281732,2405.485232,2405.703736,2406.229232,2407.359732,1,1.99999999999996,0.0200000000000003,8.99999999999999,1,4,68,0.5
315,2408.513732,2407.771232,2407.971732,2408.460232,2409.783232,1,1.99999999999996,0.0200000000000003,8.99999999999999,1,4,68,0.5
316,2410.986232,2410.248232,2410.440232,2410.983732,2412.478232,0,1.99999999999996,0.0200000000000003,8.00000000000001,2,3,67,0.5
317,2415.863732,2414.905732,2415.156232,2415.811232,2417.290732,1,1.99999999999996,0.0200000000000003,8.99999999999999,1,4,68,0.5
318,2418.618732,2417.818232,2417.960732,2418.565732,2419.706232,1,1.99999999999996,0.0200000000000003,8.99999999999999,1,4,68,0.5
319,2420.809232,2420.178732,2420.346234,2420.809232,2421.269732,0,NaN,0,8.99999999999999,1,4,68,0.5
320,2463.732232,2462.824732,2462.918732,2463.732232,2476.858734,1,NaN,0,8.00000000000001,2,3,67,0.5
321,2482.660232,2481.756732,2482.056232,2482.607232,2484.408233,0,1.99999999999996,0.0200000000000003,8.00000000000001,2,3,67,0.5
322,2485.882736,2484.775732,2485.024233,2485.830232,2502.806232,1,1.99999999999996,0.0200000000000003,8.99999999999999,1,4,68,0.5
323,2522.849232,2521.917732,2522.262232,2522.796232,2529.366232,0,1.99999999999996,0.0200000000000003,8.00000000000001,2,3,67,0.5
324,2553.246232,2552.555732,2552.630732,2553.194232,2555.040232,1,1.99999999999996,0.0200000000000003,8.99999999999999,1,4,68,0.5
325,2556.436732,2555.664236,2555.833232,2556.384236,2557.715232,0,1.99999999999996,0.0200000000000003,8.00000000000001,2,3,67,0.5
326,2559.088232,2558.325232,2558.586732,2559.035732,2560.820232,0,1.99999999999996,0.0200000000000003,8.00000000000001,2,3,67,0.5
327,2562.020232,2561.251732,2561.544232,2561.966732,2563.487232,0,1.99999999999996,0.0200000000000003,8.00000000000001,2,3,67,0.5
328,2564.864232,2564.011232,2564.243733,2564.811232,2566.583232,1,1.99999999999996,0.0200000000000003,8.99999999999999,1,4,68,0.5
329,2568.105232,2567.330732,2567.530733,2568.052232,2569.460232,1,1.99999999999996,0.0200000000000003,8.99999999999999,1,4,68,0.5
330,2570.957232,2570.076232,2570.394232,2570.904232,2572.572732,0,1.99999999999996,0.0200000000000003,8.00000000000001,2,3,67,0.5
331,2573.909232,2573.175232,2573.373232,2573.909232,2574.142232,0,NaN,0,8.99999999999999,1,4,68,0.5
332,2584.264732,2583.502232,2583.788232,2584.211232,2585.883232,0,1.99999999999996,0.0200000000000003,8.00000000000001,2,3,67,0.5
333,2587.006232,2586.326732,2586.548732,2586.952733,2588.480732,0,1.99999999999996,0.0200000000000003,8.00000000000001,2,3,67,0.5
334,2589.605732,2588.858732,2589.074232,2589.552732,2590.766732,0,1.99999999999996,0.0200000000000003,8.00000000000001,2,3,67,0.5
335,2592.150732,2591.205232,2591.420732,2592.098232,2593.281232,1,1.99999999999996,0.0200000000000003,8.99999999999999,1,4,68,0.5
336,2594.616732,2593.881232,2594.042232,2594.564232,2595.749232,1,1.99999999999996,0.0200000000000003,8.99999999999999,1,4,68,0.5
337,2597.019232,2596.273232,2596.434732,2596.966232,2598.121732,0,1.99999999999996,0.0200000000000003,8.00000000000001,2,3,67,0.5
338,2599.330232,2598.585732,2598.810232,2599.277232,2600.627232,0,1.99999999999996,0.0200000000000003,8.00000000000001,2,3,67,0.5
339,2601.926236,2601.012732,2601.244232,2601.872732,2603.184232,1,1.99999999999996,0.0200000000000003,8.99999999999999,1,4,68,0.5
340,2604.424232,2603.684737,2603.817732,2604.371732,2605.356232,1,1.99999999999996,0.0200000000000003,8.99999999999999,1,4,68,0.5
341,2607.821233,2607.195732,2607.348232,2607.821233,2608.535232,0,NaN,0,8.99999999999999,1,4,68,0.5
342,2617.536736,2616.646236,2616.951236,2617.484232,2618.913232,0,1.99999999999996,0.0200000000000003,8.00000000000001,2,3,67,0.5
343,2620.852234,2619.951732,2620.203732,2620.799732,2622.224232,1,1.99999999999996,0.0200000000000003,8.99999999999999,1,4,68,0.5
344,2623.545732,2622.741232,2622.987732,2623.492732,2625.014732,0,1.99999999999996,0.0200000000000003,8.00000000000001,2,3,67,0.5
345,2626.218732,2625.522732,2625.750733,2626.165236,2627.773232,0,1.99999999999996,0.0200000000000003,8.00000000000001,2,3,67,0.5
346,2631.115232,2630.009232,2630.289232,2631.115232,2637.800732,1,NaN,0,8.00000000000001,2,3,67,0.5
347,2639.314232,2638.391232,2638.797232,2639.260732,2640.756236,0,1.99999999999996,0.0200000000000003,8.00000000000001,2,3,67,0.5
348,2641.991732,2641.125235,2641.383732,2641.938732,2643.140732,1,1.99999999999996,0.0200000000000003,8.99999999999999,1,4,68,0.5
349,2644.368732,2643.598732,2643.808232,2644.316232,2645.193232,1,1.99999999999996,0.0200000000000003,8.99999999999999,1,4,68,0.5
350,2646.486732,2645.678232,2645.916732,2646.434232,2647.745732,0,1.99999999999996,0.0200000000000003,8.00000000000001,2,3,67,0.5
351,2648.741732,2648.149733,2648.334734,2648.689232,2650.040232,0,1.99999999999996,0.0200000000000003,8.00000000000001,2,3,67,0.5
352,2651.398733,2650.504232,2650.730732,2651.345736,2652.233732,1,1.99999999999996,0.0200000000000003,8.99999999999999,1,4,68,0.5
353,2653.550732,2652.744232,2652.942232,2653.497236,2654.529732,1,1.99999999999996,0.0200000000000003,8.99999999999999,1,4,68,0.5
354,2655.743232,2654.987732,2655.210232,2655.690232,2657.155732,0,1.99999999999996,0.0200000000000003,8.00000000000001,2,3,67,0.5
355,2659.231232,2658.260732,2658.462732,2659.178732,2660.050732,1,1.99999999999996,0.0200000000000003,8.99999999999999,1,4,68,0.5
356,2661.383732,2660.573232,2660.792732,2661.330732,2662.899233,1,1.99999999999996,0.0200000000000003,8.99999999999999,1,4,68,0.5
357,2664.115734,2663.363732,2663.495232,2664.115734,2664.498733,0,NaN,0,8.99999999999999,1,4,68,0.5
358,2671.455232,2670.597732,2670.878232,2671.402232,2673.275232,0,1.99999999999996,0.0200000000000003,8.00000000000001,2,3,67,0.5
359,2675.037232,2674.245232,2674.453732,2674.984232,2676.062732,1,1.99999999999996,0.0200000000000003,8.99999999999999,1,4,68,0.5
360,2686.555232,2685.722732,2686.025732,2686.502232,2688.087732,0,1.99999999999996,0.0200000000000003,8.00000000000001,2,3,67,0.5
361,2689.226736,2688.469232,2688.661233,2689.174232,2690.417232,1,1.99999999999996,0.0200000000000003,8.99999999999999,1,4,68,0.5
362,2947.092732,2946.426232,2946.475732,2947.092732,2947.126232,0,NaN,0,8.99999999999999,1,4,68,0.5
363,2958.017732,2956.959234,2957.183732,2958.015732,2960.067732,1,1.99999999999996,0.0200000000000003,8.99999999999999,1,4,68,0.5
364,2972.128232,2971.505232,2971.606232,2972.090732,2974.375732,0,1.99999999999996,0.0200000000000003,8.00000000000001,2,3,67,0.5
365,2975.857232,2974.883232,2975.132736,2975.804732,2977.991732,1,1.99999999999996,0.0200000000000003,8.99999999999999,1,4,68,0.5
366,2979.276232,2978.500732,2978.694232,2979.223232,2980.153236,1,1.99999999999996,0.0200000000000003,8.99999999999999,1,4,68,0.5
367,2981.365232,2980.615732,2980.786232,2981.312732,2983.046732,0,1.99999999999996,0.0200000000000003,8.00000000000001,2,3,67,0.5
368,2984.436232,2983.547232,2983.811732,2984.383732,2985.308233,1,1.99999999999996,0.0200000000000003,8.99999999999999,1,4,68,0.5
369,2986.572732,2985.771232,2985.978233,2986.519232,2987.450232,1,1.99999999999996,0.0200000000000003,8.99999999999999,1,4,68,0.5
370,2988.668232,2987.896232,2988.141232,2988.615236,2990.089232,0,1.99999999999996,0.0200000000000003,8.00000000000001,2,3,67,0.5
371,2991.190232,2990.486732,2990.735732,2991.137732,2993.130232,0,1.99999999999996,0.0200000000000003,8.00000000000001,2,3,67,0.5
372,2994.228232,2993.604732,2993.824732,2994.200733,2995.540732,0,1.99999999999996,0.0200000000000003,8.00000000000001,2,3,67,0.5
373,2997.029732,2996.005732,2996.236232,2996.977732,2998.025232,1,1.99999999999996,0.0200000000000003,8.99999999999999,1,4,68,0.5
374,2999.317732,2998.419232,2998.671732,2999.265732,3000.092232,1,1.99999999999996,0.0200000000000003,8.99999999999999,1,4,68,0.5
375,3001.336732,3000.492232,3000.826732,3001.334232,3002.658232,0,1.99999999999996,0.0200000000000003,8.00000000000001,2,3,67,0.5
376,3004.124736,3003.139232,3003.409732,3004.071732,3006.190232,1,1.99999999999996,0.0200000000000003,8.99999999999999,1,4,68,0.5
377,3007.464732,3006.666232,3006.825232,3007.411732,3009.419732,1,1.99999999999996,0.0200000000000003,8.99999999999999,1,4,68,0.5
378,3010.845232,3010.115732,3010.308232,3010.845232,3011.236232,0,NaN,0,8.99999999999999,1,4,68,0.5
379,3020.610232,3019.841232,3020.051733,3020.557732,3022.691732,0,1.99999999999996,0.0200000000000003,8.00000000000001,2,3,67,0.5
380,3024.017232,3023.090734,3023.313733,3023.965232,3025.499236,1,1.99999999999996,0.0200000000000003,8.99999999999999,1,4,68,0.5
381,3026.709732,3025.990732,3026.146232,3026.657232,3028.504232,1,1.99999999999996,0.0200000000000003,8.99999999999999,1,4,68,0.5
382,3029.719232,3028.981732,3029.095236,3029.666232,3031.580232,1,1.99999999999996,0.0200000000000003,8.99999999999999,1,4,68,0.5
383,3032.870732,3032.117232,3032.267232,3032.870732,3033.276232,0,NaN,0,8.99999999999999,1,4,68,0.5
384,3041.012233,3040.144236,3040.450736,3040.959234,3042.289232,0,1.99999999999996,0.0200000000000003,8.00000000000001,2,3,67,0.5
385,3043.620232,3042.737732,3042.999232,3043.567232,3045.191732,1,1.99999999999996,0.0200000000000003,8.99999999999999,1,4,68,0.5
386,3046.425732,3045.689732,3045.870733,3046.372732,3047.778232,1,1.99999999999996,0.0200000000000003,8.99999999999999,1,4,68,0.5
387,3049.024232,3048.273232,3048.395732,3048.972232,3050.096232,1,1.99999999999996,0.0200000000000003,8.99999999999999,1,4,68,0.5
388,3051.261232,3050.500232,3050.686233,3051.208232,3052.417232,1,1.99999999999996,0.0200000000000003,8.99999999999999,1,4,68,0.5
389,3053.672232,3052.893232,3053.092732,3053.619732,3054.888232,1,1.99999999999996,0.0200000000000003,8.99999999999999,1,4,68,0.5
390,3056.197232,3055.401232,3055.577733,3056.144732,3057.447232,0,1.99999999999996,0.0200000000000003,8.00000000000001,2,3,67,0.5
391,3058.648226,3057.895232,3058.125732,3058.594732,3060.831232,0,1.99999999999996,0.0200000000000003,8.00000000000001,2,3,67,0.5
392,3062.650732,3061.811737,3062.022733,3062.598232,3063.957232,1,1.99999999999996,0.0200000000000003,8.99999999999999,1,4,68,0.5
393,3065.272232,3064.498732,3064.678232,3065.218733,3066.314732,1,1.99999999999996,0.0200000000000003,8.99999999999999,1,4,68,0.5
394,3067.535232,3066.795232,3066.951732,3067.482732,3068.755732,1,1.99999999999996,0.0200000000000003,8.99999999999999,1,4,68,0.5
395,3070.014732,3069.239232,3069.425732,3069.962232,3071.668734,0,1.99999999999996,0.0200000000000003,8.00000000000001,2,3,67,0.5
396,3073.056232,3072.151732,3072.375732,3073.003232,3074.415232,1,1.99999999999996,0.0200000000000003,8.99999999999999,1,4,68,0.5
397,3075.748232,3074.934232,3075.170232,3075.748232,3076.395732,1,NaN,0,8.00000000000001,2,3,67,0.5
398,3082.325732,3081.433733,3081.675732,3082.273732,3083.447232,1,1.99999999999996,0.0200000000000003,8.99999999999999,1,4,68,0.5
399,3084.723734,3083.926232,3084.198232,3084.670232,3086.135732,0,1.99999999999996,0.0200000000000003,8.00000000000001,2,3,67,0.5
400,3087.462232,3086.547732,3086.822232,3087.409232,3089.020232,1,1.99999999999996,0.0200000000000003,8.99999999999999,1,4,68,0.5
401,3090.238732,3089.453732,3089.619732,3090.186232,3091.421232,1,1.99999999999996,0.0200000000000003,8.99999999999999,1,4,68,0.5
402,3092.617232,3091.885232,3092.057731,3092.564234,3094.537732,0,1.99999999999996,0.0200000000000003,8.00000000000001,2,3,67,0.5
403,3095.804232,3095.083232,3095.306732,3095.750732,3097.519734,0,1.99999999999996,0.0200000000000003,8.00000000000001,2,3,67,0.5
404,3098.825732,3097.948232,3098.179232,3098.772732,3100.327732,1,1.99999999999996,0.0200000000000003,8.99999999999999,1,4,68,0.5
405,3101.486736,3100.786236,3100.876236,3101.433232,3102.543732,1,1.99999999999996,0.0200000000000003,8.99999999999999,1,4,68,0.5
406,3103.763732,3103.021232,3103.185732,3103.711232,3105.279232,0,1.99999999999996,0.0200000000000003,8.00000000000001,2,3,67,0.5
407,3107.207232,3106.435732,3106.594232,3107.154732,3108.173732,1,1.99999999999996,0.0200000000000003,8.99999999999999,1,4,68,0.5
408,3109.481732,3108.686732,3108.859732,3109.429732,3111.167236,0,1.99999999999996,0.0200000000000003,8.00000000000001,2,3,67,0.5
409,3112.414732,3111.623732,3111.859732,3112.414732,3113.250732,0,NaN,0,8.99999999999999,1,4,68,0.5
410,3120.960736,3119.885732,3120.153232,3120.958732,3123.224232,1,1.99999999999996,0.0200000000000003,8.99999999999999,1,4,68,0.5
411,3124.555234,3123.765732,3123.903232,3124.501732,3126.233232,0,1.99999999999996,0.0200000000000003,8.00000000000001,2,3,67,0.5
412,3127.372732,3126.641232,3126.859732,3127.319732,3129.143732,0,1.99999999999996,0.0200000000000003,8.00000000000001,2,3,67,0.5
413,3130.268232,3129.573232,3129.790732,3130.265732,3132.095232,0,1.99999999999996,0.0200000000000003,8.00000000000001,2,3,67,0.5
414,3133.547732,3132.532732,3132.744732,3133.495232,3136.905234,1,1.99999999999996,0.0200000000000003,8.99999999999999,1,4,68,0.5
415,3138.407732,3137.581232,3137.734732,3138.355232,3139.673232,1,1.99999999999996,0.0200000000000003,8.99999999999999,1,4,68,0.5
416,3140.930233,3140.199732,3140.288732,3140.877232,3142.925232,0,1.99999999999996,0.0200000000000003,8.00000000000001,2,3,67,0.5
417,3144.133232,3143.425232,3143.620232,3144.133232,3144.547233,0,NaN,0,8.99999999999999,1,4,68,0.5
418,3198.314736,3197.253232,3197.532232,3198.262232,3204.904232,1,1.99999999999996,0.0200000000000003,8.99999999999999,1,4,68,0.5
419,3206.505232,3205.612736,3205.896732,3206.502732,3207.867237,0,1.99999999999996,0.0200000000000003,8.00000000000001,2,3,67,0.5
420,3209.140732,3208.331732,3208.541732,3209.088236,3210.928232,1,1.99999999999996,0.0200000000000003,8.99999999999999,1,4,68,0.5
421,3213.137232,3212.365233,3212.611732,3213.084732,3214.462232,0,1.99999999999996,0.0200000000000003,8.00000000000001,2,3,67,0.5
422,3215.809732,3214.958232,3215.191232,3215.756232,3217.328232,1,1.99999999999996,0.0200000000000003,8.99999999999999,1,4,68,0.5
423,3218.629732,3217.868732,3218.045232,3218.577232,3219.957232,1,1.99999999999996,0.0200000000000003,8.99999999999999,1,4,68,0.5
424,3221.181732,3220.445733,3220.657732,3221.181732,3221.468232,0,NaN,0,8.99999999999999,1,4,68,0.5
425,3231.026232,3230.309232,3230.519732,3230.973232,3232.893232,0,1.99999999999996,0.0200000000000003,8.00000000000001,2,3,67,0.5
426,3234.214232,3233.343734,3233.570232,3234.161732,3235.126232,1,1.99999999999996,0.0200000000000003,8.99999999999999,1,4,68,0.5
427,3236.572232,3235.775732,3235.990232,3236.519733,3238.098233,1,1.99999999999996,0.0200000000000003,8.99999999999999,1,4,68,0.5
428,3239.386732,3238.621232,3238.869232,3239.333232,3241.003732,0,1.99999999999996,0.0200000000000003,8.00000000000001,2,3,67,0.5
429,3243.608232,3242.223732,3242.631232,3243.554732,3244.821732,1,1.99999999999996,0.0200000000000003,8.99999999999999,1,4,68,0.5
430,3246.141732,3245.304232,3245.540232,3246.089236,3247.718732,0,1.99999999999996,0.0200000000000003,8.00000000000001,2,3,67,0.5
431,3249.127733,3248.263732,3248.517232,3249.075732,3250.472232,1,1.99999999999996,0.0200000000000003,8.99999999999999,1,4,68,0.5
432,3251.736732,3250.958232,3251.170235,3251.683732,3252.834735,1,1.99999999999996,0.0200000000000003,8.99999999999999,1,4,68,0.5
433,3254.030732,3253.276732,3253.451232,3253.978232,3255.482232,0,1.99999999999996,0.0200000000000003,8.00000000000001,2,3,67,0.5
434,3256.638237,3255.944232,3256.169736,3256.585232,3258.282732,0,1.99999999999996,0.0200000000000003,8.00000000000001,2,3,67,0.5
435,3259.325732,3258.702732,3258.907732,3259.292232,3260.801234,0,1.99999999999996,0.0200000000000003,8.00000000000001,2,3,67,0.5
436,3262.248232,3261.305732,3261.548232,3262.195732,3263.508232,1,1.99999999999996,0.0200000000000003,8.99999999999999,1,4,68,0.5
437,3264.792232,3264.019732,3264.204232,3264.739732,3265.813732,1,1.99999999999996,0.0200000000000003,8.99999999999999,1,4,68,0.5
438,3267.040732,3266.285232,3266.441232,3266.987732,3268.203732,1,1.99999999999996,0.0200000000000003,8.99999999999999,1,4,68,0.5
439,3269.463732,3268.718232,3268.867232,3269.410732,3270.979736,0,1.99999999999996,0.0200000000000003,8.00000000000001,2,3,67,0.5
440,3272.072232,3271.448736,3271.651232,3272.053232,3273.584232,0,1.99999999999996,0.0200000000000003,8.00000000000001,2,3,67,0.5
441,3274.749234,3274.050232,3274.271234,3274.696732,3276.818234,0,1.99999999999996,0.0200000000000003,8.00000000000001,2,3,67,0.5
442,3278.983232,3278.008732,3278.236234,3278.929736,3280.066232,1,1.99999999999996,0.0200000000000003,8.99999999999999,1,4,68,0.5
443,3281.370232,3280.606232,3280.701236,3281.367732,3282.523732,1,1.99999999999996,0.0200000000000003,8.99999999999999,1,4,68,0.5
444,3284.091232,3283.295732,3283.516233,3284.037732,3285.390232,0,1.99999999999996,0.0200000000000003,8.00000000000001,2,3,67,0.5
445,3286.705732,3285.967732,3286.232232,3286.653234,3288.009732,0,1.99999999999996,0.0200000000000003,8.00000000000001,2,3,67,0.5
446,3289.375232,3288.503732,3288.760732,3289.322232,3291.024232,1,1.99999999999996,0.0200000000000003,8.99999999999999,1,4,68,0.5
447,3292.296732,3291.611232,3291.701232,3292.296732,3292.632732,1,NaN,0,8.00000000000001,2,3,67,0.5
448,3320.741734,3319.875732,3320.132232,3320.68923,3322.460732,0,1.99999999999996,0.0200000000000003,8.00000000000001,2,3,67,0.5
449,3323.537232,3322.840732,3323.103732,3323.484732,3324.955732,0,1.99999999999996,0.0200000000000003,8.00000000000001,2,3,67,0.5
450,3326.197232,3325.351233,3325.575732,3326.144732,3327.320733,1,1.99999999999996,0.0200000000000003,8.99999999999999,1,4,68,0.5
451,3334.178232,3333.351732,3333.694734,3334.125732,3335.462232,0,1.99999999999996,0.0200000000000003,8.00000000000001,2,3,67,0.5
452,3336.592232,3335.900232,3336.129232,3336.539732,3337.842232,0,1.99999999999996,0.0200000000000003,8.00000000000001,2,3,67,0.5
453,3338.940232,3338.258232,3338.461234,3338.887232,3340.258232,0,1.99999999999996,0.0200000000000003,8.00000000000001,2,3,67,0.5
454,3341.317732,3340.694736,3340.886232,3341.300232,3342.859726,0,1.99999999999996,0.0200000000000003,8.00000000000001,2,3,67,0.5
455,3344.072232,3343.336232,3343.531736,3344.019232,3345.733732,0,1.99999999999996,0.0200000000000003,8.00000000000001,2,3,67,0.5
456,3347.124732,3346.143232,3346.402232,3347.071732,3348.506232,1,1.99999999999996,0.0200000000000003,8.99999999999999,1,4,68,0.5
457,3349.904232,3349.058232,3349.318732,3349.850732,3351.422732,0,1.99999999999996,0.0200000000000003,8.00000000000001,2,3,67,0.5
458,3352.888232,3351.948232,3352.248732,3352.835232,3354.199732,1,1.99999999999996,0.0200000000000003,8.99999999999999,1,4,68,0.5
459,3355.338232,3354.652236,3354.823232,3355.285732,3356.915732,0,1.99999999999996,0.0200000000000003,8.00000000000001,2,3,67,0.5
460,3358.273232,3357.383232,3357.586232,3358.220732,3359.410232,1,1.99999999999996,0.0200000000000003,8.99999999999999,1,4,68,0.5
461,3360.555232,3359.926232,3360.071232,3360.555232,3361.311232,0,NaN,0,8.99999999999999,1,4,68,0.5
462,3409.488234,3408.374232,3408.603232,3409.435732,3410.641232,1,1.99999999999996,0.0200000000000003,8.99999999999999,1,4,68,0.5
463,3416.650732,3415.967732,3416.165732,3416.598732,3417.709232,1,1.99999999999996,0.0200000000000003,8.99999999999999,1,4,68,0.5
464,3887.112736,3874.491732,3874.642232,NaN,NaN,NaN,NaN,0,8.00000000000001,2,3,67,0.5
465,3895.403732,3894.310233,3894.551226,3895.403732,3896.057735,1,NaN,0,8.00000000000001,2,3,67,0.5
466,3908.239732,3907.304233,3907.510232,3908.237732,3909.504232,1,1.99999999999996,0.0200000000000003,8.99999999999999,1,4,68,0.5
467,3912.431731,3911.547232,3911.816232,3912.428732,3913.458232,0,1.99999999999996,0.0200000000000003,8.00000000000001,2,3,67,0.5
468,3914.752732,3913.983732,3914.317732,3914.699732,3916.230732,0,1.99999999999996,0.0200000000000003,8.00000000000001,2,3,67,0.5
469,3917.386732,3916.620732,3916.808732,3917.334232,3918.582734,1,1.99999999999996,0.0200000000000003,8.99999999999999,1,4,68,0.5
470,3923.946732,3922.927232,3923.236732,3923.893732,3925.322732,1,1.99999999999996,0.0200000000000003,8.99999999999999,1,4,68,0.5
471,3928.165732,3927.392732,3927.653232,3928.113232,3929.794232,0,1.99999999999996,0.0200000000000003,8.00000000000001,2,3,67,0.5
472,3930.933232,3930.172732,3930.436232,3930.880732,3932.732232,0,1.99999999999996,0.0200000000000003,8.00000000000001,2,3,67,0.5
473,3933.901732,3933.194234,3933.401232,3933.849232,3935.417732,0,1.99999999999996,0.0200000000000003,8.00000000000001,2,3,67,0.5
474,3936.753236,3935.848732,3936.059232,3936.700232,3938.907732,1,1.99999999999996,0.0200000000000003,8.99999999999999,1,4,68,0.5
475,3942.241232,3939.520232,3939.624226,3942.241232,3942.603232,0,NaN,0,8.99999999999999,1,4,68,0.5
476,3955.279232,3954.716732,3954.744232,3955.225732,3957.115232,0,1.99999999999996,0.0200000000000003,8.00000000000001,2,3,67,0.5
477,3958.633736,3957.764732,3957.989232,3958.581232,3960.287732,1,1.99999999999996,0.0200000000000003,8.99999999999999,1,4,68,0.5
478,3961.595232,3960.813236,3960.936232,3961.542232,3962.634232,1,1.99999999999996,0.0200000000000003,8.99999999999999,1,4,68,0.5
479,3963.792232,3963.122232,3963.275732,3963.792232,3964.139732,0,NaN,0,8.99999999999999,1,4,68,0.5
480,3976.686232,3975.713732,3976.033732,3976.633732,3978.346732,0,1.99999999999996,0.0200000000000003,8.00000000000001,2,3,67,0.5
481,3979.745236,3978.987232,3979.234732,3979.692232,3981.370232,0,1.99999999999996,0.0200000000000003,8.00000000000001,2,3,67,0.5
482,3982.822732,3981.916232,3982.160732,3982.769732,3984.222232,1,1.99999999999996,0.0200000000000003,8.99999999999999,1,4,68,0.5
483,3985.504736,3984.661232,3984.855732,3985.451732,3986.877232,0,1.99999999999996,0.0200000000000003,8.00000000000001,2,3,67,0.5
484,3988.075233,3987.347232,3987.594732,3988.022235,3990.416732,0,1.99999999999996,0.0200000000000003,8.00000000000001,2,3,67,0.5
485,3991.796232,3990.997732,3991.207232,3991.742732,3993.132732,1,1.99999999999996,0.0200000000000003,8.99999999999999,1,4,68,0.5
486,3994.436232,3993.644732,3993.875236,3994.383233,3995.394732,1,1.99999999999996,0.0200000000000003,8.99999999999999,1,4,68,0.5
487,3996.643736,3995.877232,3996.063733,3996.591232,3998.252232,0,1.99999999999996,0.0200000000000003,8.00000000000001,2,3,67,0.5
488,3999.483232,3998.868732,3999.043233,3999.431232,4000.761232,0,1.99999999999996,0.0200000000000003,8.00000000000001,2,3,67,0.5
489,4001.829232,4001.136732,4001.374732,4001.776732,4003.416232,0,1.99999999999996,0.0200000000000003,8.00000000000001,2,3,67,0.5
490,4004.906732,4003.846732,4004.048232,4004.854232,4006.229232,1,1.99999999999996,0.0200000000000003,8.99999999999999,1,4,68,0.5
491,4007.392232,4006.687736,4006.843232,4007.392232,4007.844236,0,NaN,0,8.99999999999999,1,4,68,0.5
492,4024.089726,4023.311732,4023.520732,4024.037232,4025.712232,0,1.99999999999996,0.0200000000000003,8.00000000000001,2,3,67,0.5
493,4026.914234,4026.224732,4026.441232,4026.861732,4028.592734,0,1.99999999999996,0.0200000000000003,8.00000000000001,2,3,67,0.5
494,4029.920732,4028.995232,4029.212732,4029.868232,4031.111732,1,1.99999999999996,0.0200000000000003,8.99999999999999,1,4,68,0.5
495,4032.308732,4031.535736,4031.713732,4032.256732,4033.205236,1,1.99999999999996,0.0200000000000003,8.99999999999999,1,4,68,0.5
496,4034.523732,4033.680232,4033.857732,4034.470232,4035.919232,0,1.99999999999996,0.0200000000000003,8.00000000000001,2,3,67,0.5
497,4037.549232,4036.733232,4036.915232,4037.496732,4038.994732,1,1.99999999999996,0.0200000000000003,8.99999999999999,1,4,68,0.5
498,4040.424732,4039.486732,4039.646232,4040.372232,4042.080232,0,1.99999999999996,0.0200000000000003,8.00000000000001,2,3,67,0.5
499,4043.438732,4042.480732,4042.703732,4043.386732,4044.835232,1,1.99999999999996,0.0200000000000003,8.99999999999999,1,4,68,0.5
500,4046.030732,4045.289232,4045.457732,4046.030732,4046.361233,1,NaN,0,8.00000000000001,2,3,67,0.5
501,4055.623232,4054.739232,4055.018732,4055.570732,4057.010732,0,1.99999999999996,0.0200000000000003,8.00000000000001,2,3,67,0.5
502,4058.117732,4057.385236,4057.599232,4058.064736,4059.769232,0,1.99999999999996,0.0200000000000003,8.00000000000001,2,3,67,0.5
503,4060.961733,4060.196732,4060.413736,4060.908734,4062.632232,0,1.99999999999996,0.0200000000000003,8.00000000000001,2,3,67,0.5
504,4063.682232,4063.058732,4063.282232,4063.656232,4065.326232,0,1.99999999999996,0.0200000000000003,8.00000000000001,2,3,67,0.5
505,4066.916732,4065.789232,4066.003226,4066.864732,4067.760732,1,1.99999999999996,0.0200000000000003,8.99999999999999,1,4,68,0.5
506,4069.012732,4068.191232,4068.429732,4068.959732,4069.737236,1,1.99999999999996,0.0200000000000003,8.99999999999999,1,4,68,0.5
507,4070.973732,4070.154232,4070.413232,4070.921232,4072.636232,0,1.99999999999996,0.0200000000000003,8.00000000000001,2,3,67,0.5
508,4073.991732,4073.071732,4073.302232,4073.939232,4075.259732,1,1.99999999999996,0.0200000000000003,8.99999999999999,1,4,68,0.5
509,4076.338732,4075.682732,4075.820732,4076.338732,4076.866733,0,NaN,0,8.99999999999999,1,4,68,0.5
510,4086.363732,4085.448732,4085.746732,4086.310732,4088.111732,0,1.99999999999996,0.0200000000000003,8.00000000000001,2,3,67,0.5
511,4089.479732,4088.628732,4088.846232,4089.426232,4092.725234,1,1.99999999999996,0.0200000000000003,8.99999999999999,1,4,68,0.5
512,4094.157236,4093.452232,4093.568732,4094.157236,4094.303232,1,NaN,0,8.00000000000001,2,3,67,0.5
513,4101.573226,4100.498232,4100.732732,4101.570732,4103.791232,1,1.99999999999996,0.0200000000000003,8.99999999999999,1,4,68,0.5
514,4105.035736,4104.274732,4104.481732,4104.982232,4107.021732,0,1.99999999999996,0.0200000000000003,8.00000000000001,2,3,67,0.5
515,4108.181732,4107.558732,4107.777235,4108.133732,4110.165232,0,1.99999999999996,0.0200000000000003,8.00000000000001,2,3,67,0.5
516,4111.431232,4110.743732,4110.936732,4111.379232,4113.084232,0,1.99999999999996,0.0200000000000003,8.00000000000001,2,3,67,0.5
517,4114.897733,4113.935232,4114.141232,4114.845232,4115.965732,1,1.99999999999996,0.0200000000000003,8.99999999999999,1,4,68,0.5
518,4117.325733,4116.457236,4116.645232,4117.273732,4118.525232,1,1.99999999999996,0.0200000000000003,8.99999999999999,1,4,68,0.5
519,4119.790232,4119.017736,4119.215729,4119.737732,4121.321732,0,1.99999999999996,0.0200000000000003,8.00000000000001,2,3,67,0.5
520,4122.942232,4122.064232,4122.279732,4122.889732,4124.500232,1,1.99999999999996,0.0200000000000003,8.99999999999999,1,4,68,0.5
521,4126.041732,4124.949732,4125.068232,4126.041732,4126.502732,0,NaN,0,8.99999999999999,1,4,68,0.5
522,4518.124233,4511.258232,4511.667732,4518.124233,4518.129732,1,NaN,0,8.00000000000001,2,3,67,0.5
523,4541.413232,4528.792232,4529.034234,NaN,4578.876736,NaN,NaN,0,8.00000000000001,2,3,67,0.5
524,4580.578232,4579.468732,4579.693732,4580.578232,4585.242232,1,NaN,0,8.00000000000001,2,3,67,0.5
525,4597.308733,4596.323732,4596.601232,4597.256232,4599.004234,0,1.99999999999996,0.0200000000000003,8.00000000000001,2,3,67,0.5
526,4600.281732,4599.524232,4599.798232,4600.229232,4601.950732,0,1.99999999999996,0.0200000000000003,8.00000000000001,2,3,67,0.5
527,4603.474232,4602.553232,4602.804732,4603.421732,4604.720232,1,1.99999999999996,0.0200000000000003,8.99999999999999,1,4,68,0.5
528,4605.936232,4605.215232,4605.409233,4605.883232,4608.134232,0,1.99999999999996,0.0200000000000003,8.00000000000001,2,3,67,0.5
529,4609.313232,4608.621732,4608.825235,4609.260732,4611.510232,0,1.99999999999996,0.0200000000000003,8.00000000000001,2,3,67,0.5
530,4612.637232,4611.909732,4612.106732,4612.584732,4614.083232,0,1.99999999999996,0.0200000000000003,8.00000000000001,2,3,67,0.5
531,4615.514232,4614.633232,4614.843732,4615.460732,4616.644732,1,1.99999999999996,0.0200000000000003,8.99999999999999,1,4,68,0.5
532,4617.940232,4617.167732,4617.391233,4617.886732,4619.805232,0,1.99999999999996,0.0200000000000003,8.00000000000001,2,3,67,0.5
533,4620.864732,4620.240732,4620.447232,4620.848732,4622.641232,0,1.99999999999996,0.0200000000000003,8.00000000000001,2,3,67,0.5
534,4623.864232,4623.138232,4623.342734,4623.811232,4625.962732,0,1.99999999999996,0.0200000000000003,8.00000000000001,2,3,67,0.5
535,4627.345232,4626.465733,4626.703732,4627.292232,4628.398732,1,1.99999999999996,0.0200000000000003,8.99999999999999,1,4,68,0.5
536,4629.700734,4628.951232,4629.093232,4629.648232,4630.697232,1,1.99999999999996,0.0200000000000003,8.99999999999999,1,4,68,0.5
537,4631.940232,4631.231233,4631.413732,4631.940232,4637.445732,0,NaN,0,8.99999999999999,1,4,68,0.5
538,4638.622232,4637.924732,4638.170732,4638.569232,4640.570232,0,1.99999999999996,0.0200000000000003,8.00000000000001,2,3,67,0.5
539,4641.775232,4641.017233,4641.243732,4641.722732,4643.684732,0,1.99999999999996,0.0200000000000003,8.00000000000001,2,3,67,0.5
540,4644.852732,4644.123732,4644.324732,4644.800232,4646.955732,0,1.99999999999996,0.0200000000000003,8.00000000000001,2,3,67,0.5
541,4648.436232,4647.414234,4647.692233,4648.433732,4649.717736,1,1.99999999999996,0.0200000000000003,8.99999999999999,1,4,68,0.5
542,4651.239232,4650.367236,4650.589732,4651.186232,4653.136232,0,1.99999999999996,0.0200000000000003,8.00000000000001,2,3,67,0.5
543,4654.420732,4653.603732,4653.791235,4654.368232,4655.758232,1,1.99999999999996,0.0200000000000003,8.99999999999999,1,4,68,0.5
544,4657.272732,4656.647232,4656.772232,4657.272732,4664.624232,0,NaN,0,8.99999999999999,1,4,68,0.5
545,4667.008732,4666.128232,4666.417732,4666.955732,4668.562733,1,1.99999999999996,0.0200000000000003,8.99999999999999,1,4,68,0.5
546,4669.812732,4669.016232,4669.213232,4669.759732,4673.386732,1,1.99999999999996,0.0200000000000003,8.99999999999999,1,4,68,0.5
547,4677.084732,4676.203732,4676.484732,4677.031232,4678.434232,0,1.99999999999996,0.0200000000000003,8.00000000000001,2,3,67,0.5
548,4679.726232,4678.859732,4679.087732,4679.673232,4681.278232,1,1.99999999999996,0.0200000000000003,8.99999999999999,1,4,68,0.5
549,4682.637736,4681.855232,4682.047232,4682.637736,4683.324732,1,NaN,0,8.00000000000001,2,3,67,0.5
550,4689.346732,4688.392234,4688.812732,4689.293732,4691.087232,0,1.99999999999996,0.0200000000000003,8.00000000000001,2,3,67,0.5
551,4692.201232,4691.510232,4691.754232,4692.148732,4693.937232,0,1.99999999999996,0.0200000000000003,8.00000000000001,2,3,67,0.5
552,4695.643232,4694.446735,4694.792232,4695.640732,4696.992232,1,1.99999999999996,0.0200000000000003,8.99999999999999,1,4,68,0.5
553,4698.399736,4697.587734,4697.804232,4698.347734,4699.714732,0,1.99999999999996,0.0200000000000003,8.00000000000001,2,3,67,0.5
554,4700.983234,4700.360236,4700.581732,4700.952234,4702.749232,0,1.99999999999996,0.0200000000000003,8.00000000000001,2,3,67,0.5
555,4703.979226,4703.181732,4703.438732,4703.926232,4705.934232,0,1.99999999999996,0.0200000000000003,8.00000000000001,2,3,67,0.5
556,4707.127232,4706.445732,4706.641732,4707.073733,4708.892732,0,1.99999999999996,0.0200000000000003,8.00000000000001,2,3,67,0.5
557,4710.788736,4709.368736,4709.615732,4710.786232,4711.831232,1,1.99999999999996,0.0200000000000003,8.99999999999999,1,4,68,0.5
558,4713.248232,4712.511732,4712.727232,4713.245732,4714.837232,0,1.99999999999996,0.0200000000000003,8.00000000000001,2,3,67,0.5
559,4716.336232,4715.401732,4715.649732,4716.283232,4717.577732,1,1.99999999999996,0.0200000000000003,8.99999999999999,1,4,68,0.5
560,4718.990732,4718.091732,4718.292232,4718.937732,4720.225733,1,1.99999999999996,0.0200000000000003,8.99999999999999,1,4,68,0.5
561,4721.535732,4720.804234,4720.947732,4721.482726,4723.186732,0,1.99999999999996,0.0200000000000003,8.00000000000001,2,3,67,0.5
562,4724.569232,4723.640236,4723.855732,4724.569232,4725.032732,0,NaN,0,8.99999999999999,1,4,68,0.5
563,4736.643732,4735.814732,4736.076232,4736.590732,4738.936232,0,1.99999999999996,0.0200000000000003,8.00000000000001,2,3,67,0.5
564,4740.392732,4739.361732,4739.601232,4740.340232,4741.684732,1,1.99999999999996,0.0200000000000003,8.99999999999999,1,4,68,0.5
565,4743.166732,4742.289232,4742.482732,4743.114232,4745.287232,0,1.99999999999996,0.0200000000000003,8.00000000000001,2,3,67,0.5
566,4746.733232,4745.746732,4746.026733,4746.680732,4748.121236,1,1.99999999999996,0.0200000000000003,8.99999999999999,1,4,68,0.5
567,4749.427232,4748.712732,4748.826232,4749.427232,4749.718744,0,NaN,0,8.99999999999999,1,4,68,0.5
568,4763.916732,4763.136732,4763.352732,4763.863234,4766.295232,1,1.99999999999996,0.0200000000000003,8.99999999999999,1,4,68,0.5
569,4767.714732,4766.875732,4767.101732,4767.662232,4769.247732,0,1.99999999999996,0.0200000000000003,8.00000000000001,2,3,67,0.5
570,4770.340234,4769.717232,4769.896232,4770.303732,4772.178232,0,1.99999999999996,0.0200000000000003,8.00000000000001,2,3,67,0.5
571,4773.320736,4772.697232,4772.878732,4773.279736,4774.978734,0,1.99999999999996,0.0200000000000003,8.00000000000001,2,3,67,0.5
572,4776.653233,4775.433732,4775.696732,4776.600233,4778.230232,1,1.99999999999996,0.0200000000000003,8.99999999999999,1,4,68,0.5
573,4779.813732,4778.979232,4779.179732,4779.813732,4780.104233,0,NaN,0,8.99999999999999,1,4,68,0.5
574,4787.010232,4786.140232,4786.398232,4786.957732,4788.063232,1,1.99999999999996,0.0200000000000003,8.99999999999999,1,4,68,0.5
575,4789.558726,4788.659232,4788.863732,4789.556232,4790.521732,1,1.99999999999996,0.0200000000000003,8.99999999999999,1,4,68,0.5
576,4791.940232,4791.126232,4791.369733,4791.887232,4793.289232,0,1.99999999999996,0.0200000000000003,8.00000000000001,2,3,67,0.5
577,4795.604232,4794.508232,4794.731232,4795.550732,4797.802733,1,1.99999999999996,0.0200000000000003,8.99999999999999,1,4,68,0.5
578,4799.224232,4798.378232,4798.555732,4799.171232,4800.740232,0,1.99999999999996,0.0200000000000003,8.00000000000001,2,3,67,0.5
579,4802.178732,4801.147732,4801.382232,4802.125232,4803.450232,1,1.99999999999996,0.0200000000000003,8.99999999999999,1,4,68,0.5
580,4804.716732,4803.919732,4804.107732,4804.664232,4806.203732,0,1.99999999999996,0.0200000000000003,8.00000000000001,2,3,67,0.5
581,4807.334232,4806.717232,4806.909232,4807.281736,4808.654732,0,1.99999999999996,0.0200000000000003,8.00000000000001,2,3,67,0.5
582,4810.081232,4809.085732,4809.339232,4810.028732,4811.377732,1,1.99999999999996,0.0200000000000003,8.99999999999999,1,4,68,0.5
583,4812.745732,4811.974732,4812.159232,4812.692732,4813.601732,1,1.99999999999996,0.0200000000000003,8.99999999999999,1,4,68,0.5
584,4815.708732,4814.876232,4815.122232,4815.655732,4816.699232,1,1.99999999999996,0.0200000000000003,8.99999999999999,1,4,68,0.5
585,4818.097732,4817.270735,4817.558232,4818.044732,4819.419232,0,1.99999999999996,0.0200000000000003,8.00000000000001,2,3,67,0.5
586,4820.467232,4819.844232,4820.062732,4820.437734,4822.037234,0,1.99999999999996,0.0200000000000003,8.00000000000001,2,3,67,0.5
587,4823.552232,4822.479232,4822.740732,4823.499232,4824.805732,1,1.99999999999996,0.0200000000000003,8.99999999999999,1,4,68,0.5
588,4826.151232,4825.359736,4825.574732,4826.098232,4827.569232,0,1.99999999999996,0.0200000000000003,8.00000000000001,2,3,67,0.5
589,4828.628236,4828.005736,4828.219232,4828.601732,4830.077734,0,1.99999999999996,0.0200000000000003,8.00000000000001,2,3,67,0.5
590,4831.170737,4830.537732,4830.748732,4831.168732,4833.415733,0,1.99999999999996,0.0200000000000003,8.00000000000001,2,3,67,0.5
591,4835.524732,4834.521732,4834.697232,4835.472232,4836.306732,1,1.99999999999996,0.0200000000000003,8.99999999999999,1,4,68,0.5
592,4838.115732,4837.308232,4837.530732,4838.062732,4839.427232,0,1.99999999999996,0.0200000000000003,8.00000000000001,2,3,67,0.5
593,4841.076732,4840.190732,4840.398232,4841.024232,4841.897232,1,1.99999999999996,0.0200000000000003,8.99999999999999,1,4,68,0.5
594,4843.263732,4842.373232,4842.570732,4843.211232,4845.185232,1,1.99999999999996,0.0200000000000003,8.99999999999999,1,4,68,0.5
595,4846.481232,4845.641236,4845.851236,4846.428232,4847.455232,1,1.99999999999996,0.0200000000000003,8.99999999999999,1,4,68,0.5
596,4848.658732,4847.890732,4848.112732,4848.656232,4850.325732,0,1.99999999999996,0.0200000000000003,8.00000000000001,2,3,67,0.5
597,4851.999232,4850.748732,4850.972232,4851.946732,4853.567732,1,1.99999999999996,0.0200000000000003,8.99999999999999,1,4,68,0.5
598,4854.837232,4854.089732,4854.278233,4854.784232,4856.249232,0,1.99999999999996,0.0200000000000003,8.00000000000001,2,3,67,0.5
599,4857.463732,4856.825232,4857.022736,4857.463732,4858.034232,0,NaN,0,8.99999999999999,1,4,68,0.5
600,4870.663232,4869.479232,4869.751736,4870.610233,4873.062732,1,1.99999999999996,0.0200000000000003,8.99999999999999,1,4,68,0.5
601,4874.454232,4873.683234,4873.879234,4874.401232,4875.613232,1,1.99999999999996,0.0200000000000003,8.99999999999999,1,4,68,0.5
602,4876.839732,4876.100232,4876.249232,4876.786732,4878.689232,0,1.99999999999996,0.0200000000000003,8.00000000000001,2,3,67,0.5
603,4880.110732,4879.147732,4879.365232,4880.058232,4881.785733,1,1.99999999999996,0.0200000000000003,8.99999999999999,1,4,68,0.5
604,4883.257232,4882.413732,4882.648732,4883.204232,4884.060232,1,1.99999999999996,0.0200000000000003,8.99999999999999,1,4,68,0.5
605,4885.327732,4884.544734,4884.724732,4885.274733,4886.143232,1,1.99999999999996,0.0200000000000003,8.99999999999999,1,4,68,0.5
606,4887.307732,4886.582232,4886.759732,4887.255232,4888.764232,0,1.99999999999996,0.0200000000000003,8.00000000000001,2,3,67,0.5
607,4889.917234,4889.209732,4889.451232,4889.863732,4891.323232,0,1.99999999999996,0.0200000000000003,8.00000000000001,2,3,67,0.5
608,4892.401734,4891.778732,4891.988232,4892.353732,4894.180732,0,1.99999999999996,0.0200000000000003,8.00000000000001,2,3,67,0.5
609,4895.720732,4894.647734,4894.997232,4895.668232,4896.487232,1,1.99999999999996,0.0200000000000003,8.99999999999999,1,4,68,0.5
610,4897.824732,4896.938732,4897.127732,4897.771232,4898.572732,1,1.99999999999996,0.0200000000000003,8.99999999999999,1,4,68,0.5
611,4899.984732,4899.165232,4899.376232,4899.932232,4900.525732,1,1.99999999999996,0.0200000000000003,8.99999999999999,1,4,68,0.5
612,4902.433732,4901.542232,4901.813737,4902.381232,4904.068232,0,1.99999999999996,0.0200000000000003,8.00000000000001,2,3,67,0.5
613,4905.146732,4904.523236,4904.707232,4905.116732,4906.762732,0,1.99999999999996,0.0200000000000003,8.00000000000001,2,3,67,0.5
614,4908.265732,4907.249232,4907.499232,4908.213232,4909.149232,1,1.99999999999996,0.0200000000000003,8.99999999999999,1,4,68,0.5
615,4910.443732,4909.517732,4909.753236,4910.390732,4911.681732,1,1.99999999999996,0.0200000000000003,8.99999999999999,1,4,68,0.5
616,4913.045232,4912.170232,4912.356233,4912.992232,4915.118232,1,1.99999999999996,0.0200000000000003,8.99999999999999,1,4,68,0.5
617,4921.475732,4920.605232,4920.893232,4921.422732,4922.898732,0,1.99999999999996,0.0200000000000003,8.00000000000001,2,3,67,0.5
618,4924.453732,4923.351226,4923.581732,4924.401232,4926.180732,1,1.99999999999996,0.0200000000000003,8.99999999999999,1,4,68,0.5
619,4927.669732,4926.764232,4926.944232,4927.616732,4929.238732,1,1.99999999999996,0.0200000000000003,8.99999999999999,1,4,68,0.5
620,4930.578732,4929.705732,4929.853736,4930.525732,4931.974732,1,1.99999999999996,0.0200000000000003,8.99999999999999,1,4,68,0.5
621,4933.157226,4932.437732,4932.605732,4933.103732,4934.582232,0,1.99999999999996,0.0200000000000003,8.00000000000001,2,3,67,0.5
622,4935.692732,4935.069232,4935.282232,4935.643732,4937.116232,0,1.99999999999996,0.0200000000000003,8.00000000000001,2,3,67,0.5
623,4938.261233,4937.637232,4937.857732,4938.232232,4939.926733,0,1.99999999999996,0.0200000000000003,8.00000000000001,2,3,67,0.5
624,4941.601732,4940.484232,4940.791232,4941.549732,4942.928232,1,1.99999999999996,0.0200000000000003,8.99999999999999,1,4,68,0.5
625,4944.175232,4943.370232,4943.565232,4944.122232,4945.647232,0,1.99999999999996,0.0200000000000003,8.00000000000001,2,3,67,0.5
626,4947.103232,4946.087232,4946.383732,4947.050232,4948.114732,1,1.99999999999996,0.0200000000000003,8.99999999999999,1,4,68,0.5
627,4949.400732,4948.624732,4948.802732,4949.348232,4950.778232,0,1.99999999999996,0.0200000000000003,8.00000000000001,2,3,67,0.5
628,4952.054236,4951.280732,4951.458736,4952.054236,4952.328732,0,NaN,0,8.99999999999999,1,4,68,0.5
629,5000.685236,4999.759233,5000.104236,5000.632732,5005.070732,0,1.99999999999996,0.0200000000000003,8.00000000000001,2,3,67,0.5
630,5008.698732,5007.960232,5008.154732,5008.646232,5009.964232,0,1.99999999999996,0.0200000000000003,8.00000000000001,2,3,67,0.5
631,5011.287732,5010.376232,5010.575232,5011.235232,5012.663732,1,1.99999999999996,0.0200000000000003,8.99999999999999,1,4,68,0.5
632,5013.981732,5013.186232,5013.372232,5013.928732,5015.056236,1,1.99999999999996,0.0200000000000003,8.99999999999999,1,4,68,0.5
633,5032.347732,5031.440232,5031.656732,5032.294732,5033.948732,0,1.99999999999996,0.0200000000000003,8.00000000000001,2,3,67,0.5
634,5035.453233,5034.663232,5034.914732,5035.400234,5036.882736,0,1.99999999999996,0.0200000000000003,8.00000000000001,2,3,67,0.5
635,5038.155736,5037.254732,5037.466732,5038.103732,5039.751732,1,1.99999999999996,0.0200000000000003,8.99999999999999,1,4,68,0.5
636,5041.123732,5040.277232,5040.473732,5041.071232,5042.135732,1,1.99999999999996,0.0200000000000003,8.99999999999999,1,4,68,0.5
637,5043.332232,5042.595232,5042.787732,5043.278734,5044.497232,0,1.99999999999996,0.0200000000000003,8.00000000000001,2,3,67,0.5
638,5045.662732,5044.975234,5045.206732,5045.609732,5047.093732,0,1.99999999999996,0.0200000000000003,8.00000000000001,2,3,67,0.5
639,5048.225233,5047.525232,5047.737232,5048.172232,5050.618732,0,1.99999999999996,0.0200000000000003,8.00000000000001,2,3,67,0.5
640,5051.891732,5051.084233,5051.308732,5051.891732,5051.989732,0,NaN,0,8.99999999999999,1,4,68,0.5
641,5060.417732,5059.544733,5059.783232,5060.364732,5062.894734,1,1.99999999999996,0.0200000000000003,8.99999999999999,1,4,68,0.5
642,5064.341732,5063.512232,5063.690232,5064.288732,5065.838232,0,1.99999999999996,0.0200000000000003,8.00000000000001,2,3,67,0.5
643,5066.956732,5066.333232,5066.521232,5066.942232,5068.836232,0,1.99999999999996,0.0200000000000003,8.00000000000001,2,3,67,0.5
644,5070.136232,5069.243232,5069.469232,5070.083732,5072.261232,1,1.99999999999996,0.0200000000000003,8.99999999999999,1,4,68,0.5
645,5073.622732,5072.745232,5072.923732,5073.569732,5075.045232,0,1.99999999999996,0.0200000000000003,8.00000000000001,2,3,67,0.5
646,5076.288732,5075.593232,5075.784733,5076.288732,5076.658732,0,NaN,0,8.99999999999999,1,4,68,0.5
647,5105.749232,5104.621732,5104.888733,5105.696732,5107.466232,1,1.99999999999996,0.0200000000000003,8.99999999999999,1,4,68,0.5
648,5108.979232,5108.027232,5108.220232,5108.926232,5110.629232,1,1.99999999999996,0.0200000000000003,8.99999999999999,1,4,68,0.5
649,5111.841232,5111.074232,5111.247236,5111.788236,5113.263732,0,1.99999999999996,0.0200000000000003,8.00000000000001,2,3,67,0.5
650,5114.632733,5113.719232,5113.943232,5114.580232,5115.864232,1,1.99999999999996,0.0200000000000003,8.99999999999999,1,4,68,0.5
651,5117.109232,5116.340732,5116.539232,5117.056732,5118.469732,0,1.99999999999996,0.0200000000000003,8.00000000000001,2,3,67,0.5
652,5119.780232,5118.929232,5119.148232,5119.727732,5121.115232,1,1.99999999999996,0.0200000000000003,8.99999999999999,1,4,68,0.5
653,5122.280232,5121.550232,5121.735232,5122.227236,5123.750232,0,1.99999999999996,0.0200000000000003,8.00000000000001,2,3,67,0.5
654,5124.975726,5124.270734,5124.483232,5124.923232,5126.502732,0,1.99999999999996,0.0200000000000003,8.00000000000001,2,3,67,0.5
655,5127.606732,5126.930732,5127.124732,5127.553732,5129.198233,0,1.99999999999996,0.0200000000000003,8.00000000000001,2,3,67,0.5
656,5130.545232,5129.657232,5129.884232,5130.492732,5131.781232,1,1.99999999999996,0.0200000000000003,8.99999999999999,1,4,68,0.5
657,5132.929732,5132.231233,5132.373732,5132.877232,5133.808232,0,1.99999999999996,0.0200000000000003,8.00000000000001,2,3,67,0.5
658,5135.248236,5134.273232,5134.512732,5135.196232,5136.244732,1,1.99999999999996,0.0200000000000003,8.99999999999999,1,4,68,0.5
659,5137.506732,5136.701232,5136.932732,5137.453732,5138.745732,1,1.99999999999996,0.0200000000000003,8.99999999999999,1,4,68,0.5
660,5139.992732,5139.265732,5139.444732,5139.939732,5141.268732,0,1.99999999999996,0.0200000000000003,8.00000000000001,2,3,67,0.5
661,5142.434732,5141.831232,5142.032732,5142.434732,5142.725732,0,NaN,0,8.99999999999999,1,4,68,0.5
662,5154.451732,5153.673232,5153.953732,5154.398732,5156.159732,0,1.99999999999996,0.0200000000000003,8.00000000000001,2,3,67,0.5
663,5157.170232,5156.547232,5156.751732,5157.162232,5158.532732,0,1.99999999999996,0.0200000000000003,8.00000000000001,2,3,67,0.5
664,5159.827736,5158.931732,5159.149232,5159.775232,5160.780732,1,1.99999999999996,0.0200000000000003,8.99999999999999,1,4,68,0.5
665,5161.998232,5161.225732,5161.450732,5161.973232,5163.159232,0,1.99999999999996,0.0200000000000003,8.00000000000001,2,3,67,0.5
666,5164.577732,5163.686232,5163.905732,5164.524732,5165.843232,1,1.99999999999996,0.0200000000000003,8.99999999999999,1,4,68,0.5
667,5167.131232,5166.376232,5166.535232,5167.078232,5169.081232,0,1.99999999999996,0.0200000000000003,8.00000000000001,2,3,67,0.5
668,5170.318236,5169.488736,5169.723732,5170.265732,5171.236233,1,1.99999999999996,0.0200000000000003,8.99999999999999,1,4,68,0.5
669,5172.471232,5171.666732,5171.889236,5172.418736,5173.702732,1,1.99999999999996,0.0200000000000003,8.99999999999999,1,4,68,0.5
670,5174.875732,5174.100732,5174.276732,5174.822732,5176.015733,0,1.99999999999996,0.0200000000000003,8.00000000000001,2,3,67,0.5
671,5177.254232,5176.400732,5176.615232,5177.201232,5178.215732,1,1.99999999999996,0.0200000000000003,8.99999999999999,1,4,68,0.5
672,5179.434232,5178.690732,5178.876232,5179.381232,5180.782234,0,1.99999999999996,0.0200000000000003,8.00000000000001,2,3,67,0.5
673,5182.163232,5181.211232,5181.461732,5182.109732,5183.524732,1,1.99999999999996,0.0200000000000003,8.99999999999999,1,4,68,0.5
674,5184.909232,5184.029236,5184.191232,5184.856732,5185.840232,1,1.99999999999996,0.0200000000000003,8.99999999999999,1,4,68,0.5
675,5187.004732,5186.281232,5186.466732,5186.951233,5188.374232,0,1.99999999999996,0.0200000000000003,8.00000000000001,2,3,67,0.5
676,5189.496232,5188.792232,5189.034732,5189.443732,5191.090232,0,1.99999999999996,0.0200000000000003,8.00000000000001,2,3,67,0.5
677,5192.229232,5191.542232,5191.749732,5192.176232,5193.547232,0,1.99999999999996,0.0200000000000003,8.00000000000001,2,3,67,0.5
678,5194.710236,5194.077732,5194.271732,5194.710236,5194.847732,0,NaN,0,8.99999999999999,1,4,68,0.5
679,5204.810234,5204.102732,5204.299234,5204.756734,5206.263734,0,1.99999999999996,0.0200000000000003,8.00000000000001,2,3,67,0.5
680,5207.559732,5206.659232,5206.887232,5207.507232,5208.737232,1,1.99999999999996,0.0200000000000003,8.99999999999999,1,4,68,0.5
681,5209.920232,5209.166732,5209.364232,5209.867234,5211.191232,0,1.99999999999996,0.0200000000000003,8.00000000000001,2,3,67,0.5
682,5212.665232,5211.633735,5211.866232,5212.662732,5213.697232,1,1.99999999999996,0.0200000000000003,8.99999999999999,1,4,68,0.5
683,5214.946232,5214.149732,5214.313232,5214.946232,5235.060232,1,NaN,0,8.00000000000001,2,3,67,0.5
684,5240.447232,5239.692232,5239.866732,5240.394732,5241.882232,0,1.99999999999996,0.0200000000000003,8.00000000000001,2,3,67,0.5
685,5243.155732,5242.292732,5242.527732,5243.103232,5244.358232,1,1.99999999999996,0.0200000000000003,8.99999999999999,1,4,68,0.5
686,5246.846732,5245.981232,5246.244232,5246.793732,5248.542232,0,1.99999999999996,0.0200000000000003,8.00000000000001,2,3,67,0.5
687,5251.180732,5250.254732,5250.546232,5251.128232,5252.334732,1,1.99999999999996,0.0200000000000003,8.99999999999999,1,4,68,0.5
688,5306.758235,5305.817732,5306.061236,5306.705236,5307.694232,1,1.99999999999996,0.0200000000000003,8.99999999999999,1,4,68,0.5
689,5309.092232,5308.280232,5308.530733,5309.039232,5310.276732,0,1.99999999999996,0.0200000000000003,8.00000000000001,2,3,67,0.5
690,5338.039732,5337.679232,5337.746232,NaN,5346.710732,NaN,NaN,0,8.00000000000001,2,3,67,0.5
691,5359.986732,5355.118732,5355.186232,NaN,NaN,NaN,NaN,0,8.00000000000001,2,3,67,0.5
692,5711.160732,5710.508732,5710.591232,5711.160732,5711.793736,0,NaN,0,8.99999999999999,1,4,68,0.5
693,5722.259733,5721.182232,5721.501232,5722.259733,5889.027732,1,NaN,0,8.00000000000001,2,3,67,0.5
694,5912.473732,5911.413236,5911.743232,5912.421232,5914.439732,0,1.99999999999996,0.0200000000000003,8.00000000000001,2,3,67,0.5
695,5920.080232,5918.952232,5919.229732,5920.080232,5920.221732,0,NaN,0,8.99999999999999,1,4,68,0.5
696,5935.760732,5934.884236,5935.140232,5935.760732,5936.697232,1,NaN,0,8.00000000000001,2,3,67,0.5
697,5954.686732,5952.773232,5952.988232,5954.686732,5954.727732,0,NaN,0,8.99999999999999,1,4,68,0.5
698,5965.160232,5964.436732,5964.619232,5965.106732,5966.704232,0,1.99999999999996,0.0200000000000003,8.00000000000001,2,3,67,0.5
699,5967.947232,5967.259732,5967.512732,5967.894232,5969.599732,0,1.99999999999996,0.0200000000000003,8.00000000000001,2,3,67,0.5
700,5970.783732,5970.033232,5970.292732,5970.731732,5972.461232,0,1.99999999999996,0.0200000000000003,8.00000000000001,2,3,67,0.5
701,5973.892236,5972.945732,5973.182732,5973.839232,5974.905732,1,1.99999999999996,0.0200000000000003,8.99999999999999,1,4,68,0.5
702,5976.344732,5975.448736,5975.694232,5976.292732,5977.282232,1,1.99999999999996,0.0200000000000003,8.99999999999999,1,4,68,0.5
703,5978.459733,5977.774232,5977.946232,5978.407232,5979.988232,0,1.99999999999996,0.0200000000000003,8.00000000000001,2,3,67,0.5
704,5981.411232,5980.531232,5980.772732,5981.358732,5982.716232,1,1.99999999999996,0.0200000000000003,8.99999999999999,1,4,68,0.5
705,5983.934226,5983.201732,5983.397232,5983.881232,5985.249732,1,1.99999999999996,0.0200000000000003,8.99999999999999,1,4,68,0.5
706,5986.493732,5985.785233,5985.923232,5986.440732,5988.338232,0,1.99999999999996,0.0200000000000003,8.00000000000001,2,3,67,0.5
707,5989.540232,5988.787233,5988.993732,5989.487732,5991.324232,0,1.99999999999996,0.0200000000000003,8.00000000000001,2,3,67,0.5
708,5992.519732,5991.791232,5991.994732,5992.467232,5994.377732,0,1.99999999999996,0.0200000000000003,8.00000000000001,2,3,67,0.5
709,5996.348232,5995.418732,5995.604733,5996.346232,5997.560732,1,1.99999999999996,0.0200000000000003,8.99999999999999,1,4,68,0.5
710,5998.725232,5998.139732,5998.155232,5998.725232,6039.515732,0,NaN,0,8.99999999999999,1,4,68,0.5
711,6043.135737,6042.168232,6042.424732,6043.082232,6057.676732,1,1.99999999999996,0.0200000000000003,8.99999999999999,1,4,68,0.5
712,6059.208732,6058.393232,6058.683226,6059.156232,6060.938232,0,1.99999999999996,0.0200000000000003,8.00000000000001,2,3,67,0.5
713,6063.574732,6062.504732,6062.741732,6063.521732,6066.124232,1,1.99999999999996,0.0200000000000003,8.99999999999999,1,4,68,0.5
714,6070.813232,6066.718236,6066.815232,6070.268232,6079.033732,0,NaN,0,8.00000000000001,2,3,67,0.5
715,6080.623232,6079.645232,6079.986227,6080.569732,6082.276732,0,1.99999999999996,0.0200000000000003,8.00000000000001,2,3,67,0.5
716,6083.504232,6082.881732,6083.117732,6083.492232,6085.420732,0,1.99999999999996,0.0200000000000003,8.00000000000001,2,3,67,0.5
717,6086.865232,6085.897732,6086.172732,6086.812232,6088.321732,1,1.99999999999996,0.0200000000000003,8.99999999999999,1,4,68,0.5
718,6091.913732,6090.283232,6091.188236,6091.860232,6093.288732,1,1.99999999999996,0.0200000000000003,8.99999999999999,1,4,68,0.5
719,6094.896732,6093.758732,6093.966732,6094.843732,6096.383232,1,1.99999999999996,0.0200000000000003,8.99999999999999,1,4,68,0.5
720,6097.756732,6096.917732,6097.159733,6097.703732,6099.328232,0,1.99999999999996,0.0200000000000003,8.00000000000001,2,3,67,0.5
721,6100.411734,6099.789232,6099.971732,6100.389232,6102.091732,0,1.99999999999996,0.0200000000000003,8.00000000000001,2,3,67,0.5
722,6103.309732,6102.598232,6102.815232,6103.257232,6105.240732,0,1.99999999999996,0.0200000000000003,8.00000000000001,2,3,67,0.5
723,6107.278732,6106.179232,6106.514232,6107.225732,6108.607732,1,1.99999999999996,0.0200000000000003,8.99999999999999,1,4,68,0.5
724,6109.947232,6109.116232,6109.358232,6109.894733,6111.571234,0,1.99999999999996,0.0200000000000003,8.00000000000001,2,3,67,0.5
725,6113.203736,6112.352232,6112.547732,6113.151732,6114.256732,1,1.99999999999996,0.0200000000000003,8.99999999999999,1,4,68,0.5
726,6115.645232,6114.730732,6114.894233,6115.645232,6116.183732,1,NaN,0,8.00000000000001,2,3,67,0.5
727,6125.492232,6124.745233,6124.960732,6125.439232,6127.047732,0,1.99999999999996,0.0200000000000003,8.00000000000001,2,3,67,0.5
728,6128.097736,6127.475232,6127.666232,6128.066233,6129.749732,0,1.99999999999996,0.0200000000000003,8.00000000000001,2,3,67,0.5
729,6131.479732,6130.548732,6130.753232,6131.426732,6132.579734,1,1.99999999999996,0.0200000000000003,8.99999999999999,1,4,68,0.5
730,6134.061232,6133.187732,6133.430232,6134.007736,6135.367232,1,1.99999999999996,0.0200000000000003,8.99999999999999,1,4,68,0.5
731,6136.612232,6135.906734,6136.028232,6136.559732,6138.386232,0,1.99999999999996,0.0200000000000003,8.00000000000001,2,3,67,0.5
732,6139.534232,6138.858236,6139.050232,6139.481732,6141.476232,0,1.99999999999996,0.0200000000000003,8.00000000000001,2,3,67,0.5
733,6142.627732,6141.941732,6142.136232,6142.627732,6153.230732,0,NaN,0,8.99999999999999,1,4,68,0.5
734,6155.238732,6154.242734,6154.520232,6155.185732,6159.235232,1,1.99999999999996,0.0200000000000003,8.99999999999999,1,4,68,0.5
735,6160.776232,6159.896732,6160.053232,6160.776232,6167.440732,0,NaN,0,8.99999999999999,1,4,68,0.5
736,6168.795732,6167.911232,6168.228733,6168.743232,6170.358732,0,1.99999999999996,0.0200000000000003,8.00000000000001,2,3,67,0.5
737,6171.635734,6170.923732,6171.158732,6171.583232,6173.145732,0,1.99999999999996,0.0200000000000003,8.00000000000001,2,3,67,0.5
738,6174.837734,6173.968732,6174.166732,6174.784736,6176.270236,1,1.99999999999996,0.0200000000000003,8.99999999999999,1,4,68,0.5
739,6177.721236,6176.843232,6177.029236,6177.668226,6179.099232,1,1.99999999999996,0.0200000000000003,8.99999999999999,1,4,68,0.5
740,6180.447732,6179.616233,6179.800235,6180.394732,6181.758234,1,1.99999999999996,0.0200000000000003,8.99999999999999,1,4,68,0.5
741,6183.004732,6182.306234,6182.419732,6182.952232,6184.724732,0,1.99999999999996,0.0200000000000003,8.00000000000001,2,3,67,0.5
742,6185.784232,6185.160732,6185.349232,6185.765232,6187.434232,0,1.99999999999996,0.0200000000000003,8.00000000000001,2,3,67,0.5
743,6188.833732,6187.870236,6188.107732,6188.780736,6189.984732,1,1.99999999999996,0.0200000000000003,8.99999999999999,1,4,68,0.5
744,6191.348232,6190.551732,6190.729735,6191.294732,6192.825732,0,1.99999999999996,0.0200000000000003,8.00000000000001,2,3,67,0.5
745,6194.416232,6193.567732,6193.782232,6194.363232,6195.430232,1,1.99999999999996,0.0200000000000003,8.99999999999999,1,4,68,0.5
746,6196.690732,6195.908732,6196.074232,6196.638232,6198.215732,0,1.99999999999996,0.0200000000000003,8.00000000000001,2,3,67,0.5
747,6199.755232,6198.737732,6198.967233,6199.702732,6201.015732,1,1.99999999999996,0.0200000000000003,8.99999999999999,1,4,68,0.5
748,6202.217234,6201.549236,6201.675232,6202.217234,6202.789232,0,NaN,0,8.99999999999999,1,4,68,0.5
749,6230.939232,6230.058232,6230.348732,6230.886232,6233.599732,0,1.99999999999996,0.0200000000000003,8.00000000000001,2,3,67,0.5
750,6234.795732,6234.079732,6234.276732,6234.795732,6252.197732,0,NaN,0,8.99999999999999,1,4,68,0.5
751,6253.546232,6252.599232,6252.793232,6253.493732,6255.130732,1,1.99999999999996,0.0200000000000003,8.99999999999999,1,4,68,0.5
752,6256.270732,6255.573733,6255.739232,6256.270732,6257.420732,0,NaN,0,8.99999999999999,1,4,68,0.5
753,6267.322732,6266.224232,6266.476732,6267.269732,6268.469232,1,1.99999999999996,0.0200000000000003,8.99999999999999,1,4,68,0.5
754,6269.714232,6268.953732,6269.181732,6269.660732,6270.690232,0,1.99999999999996,0.0200000000000003,8.00000000000001,2,3,67,0.5
755,6271.729733,6271.105732,6271.306232,6271.720734,6273.355732,0,1.99999999999996,0.0200000000000003,8.00000000000001,2,3,67,0.5
756,6274.847732,6273.767732,6274.074232,6274.794232,6276.282732,1,1.99999999999996,0.0200000000000003,8.99999999999999,1,4,68,0.5
757,6277.582232,6276.792232,6276.992232,6277.530232,6279.567732,0,1.99999999999996,0.0200000000000003,8.00000000000001,2,3,67,0.5
758,6280.743232,6280.072232,6280.314232,6280.743232,6281.201732,0,NaN,0,8.99999999999999,1,4,68,0.5
759,6288.732732,6287.925734,6288.150732,6288.679232,6290.268732,1,1.99999999999996,0.0200000000000003,8.99999999999999,1,4,68,0.5
760,6291.542232,6290.735732,6290.937232,6291.488732,6292.875732,1,1.99999999999996,0.0200000000000003,8.99999999999999,1,4,68,0.5
761,6294.140732,6293.360232,6293.585732,6294.087732,6295.861732,0,1.99999999999996,0.0200000000000003,8.00000000000001,2,3,67,0.5
762,6297.069226,6296.255232,6296.446732,6297.069226,6297.250734,0,NaN,0,8.99999999999999,1,4,68,0.5
763,6707.500732,6706.682232,6706.925732,6707.447732,6709.617732,0,1.99999999999996,0.0200000000000003,8.00000000000001,2,3,67,0.5
764,6748.224232,6747.257232,6747.527232,6748.172232,6749.775232,0,1.99999999999996,0.0200000000000003,8.00000000000001,2,3,67,0.5
765,6751.086232,6750.220735,6750.429732,6751.033232,6751.967732,1,1.99999999999996,0.0200000000000003,8.99999999999999,1,4,68,0.5
766,6753.275732,6752.544732,6752.744232,6753.222232,6754.351232,1,1.99999999999996,0.0200000000000003,8.99999999999999,1,4,68,0.5
767,6758.594732,6757.998232,6758.175233,6758.594732,6815.803732,0,NaN,0,8.99999999999999,1,4,68,0.5
768,6823.553732,6822.445732,6822.502732,6823.553732,6823.771232,0,NaN,0,8.99999999999999,1,4,68,0.5
769,6855.492232,6854.607232,6854.877732,6855.439232,6856.917733,1,1.99999999999996,0.0200000000000003,8.99999999999999,1,4,68,0.5
770,6866.345732,6865.500232,6865.662737,6866.292736,6868.062233,1,1.99999999999996,0.0200000000000003,8.99999999999999,1,4,68,0.5
771,6869.474732,6868.556232,6868.739232,6869.421732,6871.010232,0,1.99999999999996,0.0200000000000003,8.00000000000001,2,3,67,0.5
772,6872.222732,6871.511232,6871.744732,6872.169732,6874.016732,0,1.99999999999996,0.0200000000000003,8.00000000000001,2,3,67,0.5
773,6875.682732,6874.827732,6875.012732,6875.630232,6877.056232,1,1.99999999999996,0.0200000000000003,8.99999999999999,1,4,68,0.5
774,6878.791232,6877.615232,6877.840732,6878.738232,6880.695232,0,1.99999999999996,0.0200000000000003,8.00000000000001,2,3,67,0.5
775,6882.108236,6881.208233,6881.460732,6882.056232,6883.667732,1,1.99999999999996,0.0200000000000003,8.99999999999999,1,4,68,0.5
776,6885.079232,6884.208233,6884.379232,6885.026732,6886.156232,0,1.99999999999996,0.0200000000000003,8.00000000000001,2,3,67,0.5
777,6887.217732,6886.594232,6886.789232,6887.196232,6888.927232,0,1.99999999999996,0.0200000000000003,8.00000000000001,2,3,67,0.5
778,6890.294736,6889.373237,6889.615232,6890.242232,6891.730232,1,1.99999999999996,0.0200000000000003,8.99999999999999,1,4,68,0.5
779,6893.141232,6892.348732,6892.514232,6893.088732,6894.545232,0,1.99999999999996,0.0200000000000003,8.00000000000001,2,3,67,0.5
780,6895.871232,6895.252232,6895.453732,6895.818732,6897.562732,0,1.99999999999996,0.0200000000000003,8.00000000000001,2,3,67,0.5
781,6905.152734,6903.999232,6904.289232,6905.100232,6907.327732,1,1.99999999999996,0.0200000000000003,8.99999999999999,1,4,68,0.5
782,6909.423732,6908.226232,6908.387232,6909.370736,6911.184232,1,1.99999999999996,0.0200000000000003,8.99999999999999,1,4,68,0.5
783,6912.616732,6911.828232,6912.028732,6912.564232,6914.005236,1,1.99999999999996,0.0200000000000003,8.99999999999999,1,4,68,0.5
784,6915.624236,6914.574736,6914.764236,6915.571732,6917.107732,0,1.99999999999996,0.0200000000000003,8.00000000000001,2,3,67,0.5
785,6918.424232,6917.704732,6917.911232,6918.370732,6919.875732,0,1.99999999999996,0.0200000000000003,8.00000000000001,2,3,67,0.5
786,6921.654732,6920.791232,6921.000732,6921.602232,6922.976732,1,1.99999999999996,0.0200000000000003,8.99999999999999,1,4,68,0.5
787,6924.336232,6923.463232,6923.640732,6924.283732,6925.908732,0,1.99999999999996,0.0200000000000003,8.00000000000001,2,3,67,0.5
788,6927.445736,6926.679732,6926.932732,6927.393733,6929.142732,0,1.99999999999996,0.0200000000000003,8.00000000000001,2,3,67,0.5
789,6930.374232,6929.648732,6929.896732,6930.321732,6932.240732,0,1.99999999999996,0.0200000000000003,8.00000000000001,2,3,67,0.5
790,6934.330732,6933.231232,6933.446732,6934.277733,6935.563732,1,1.99999999999996,0.0200000000000003,8.99999999999999,1,4,68,0.5
791,6937.447735,6935.991234,6936.159732,6937.395232,6939.398233,0,1.99999999999996,0.0200000000000003,8.00000000000001,2,3,67,0.5
792,6941.233232,6940.311232,6940.515236,6941.179732,6942.623732,1,1.99999999999996,0.0200000000000003,8.99999999999999,1,4,68,0.5
793,6943.904232,6943.171732,6943.318726,6943.851232,6944.718732,1,1.99999999999996,0.0200000000000003,8.99999999999999,1,4,68,0.5
794,6945.993237,6945.222732,6945.371732,6945.940232,6947.403232,0,1.99999999999996,0.0200000000000003,8.00000000000001,2,3,67,0.5
795,6948.742732,6948.064232,6948.272732,6948.690232,6950.817732,0,1.99999999999996,0.0200000000000003,8.00000000000001,2,3,67,0.5
796,6952.704226,6951.619732,6951.820232,6952.651732,6953.781232,1,1.99999999999996,0.0200000000000003,8.99999999999999,1,4,68,0.5
797,6955.119732,6954.295232,6954.375732,6955.067232,6956.996232,0,1.99999999999996,0.0200000000000003,8.00000000000001,2,3,67,0.5
798,6959.075232,6958.110232,6958.306732,6959.022232,6960.413733,1,1.99999999999996,0.0200000000000003,8.99999999999999,1,4,68,0.5
799,6961.847732,6960.984732,6961.090732,6961.795232,6963.465236,0,1.99999999999996,0.0200000000000003,8.00000000000001,2,3,67,0.5
800,6964.741732,6963.991232,6964.252232,6964.741732,6965.449732,0,NaN,0,8.99999999999999,1,4,68,0.5
801,7028.137232,7027.229232,7027.462232,7028.084732,7031.177732,0,1.99999999999996,0.0200000000000003,8.00000000000001,2,3,67,0.5
802,7032.738732,7031.826232,7032.061732,7032.685732,7034.092232,1,1.99999999999996,0.0200000000000003,8.99999999999999,1,4,68,0.5
803,7035.547736,7034.676237,7034.864732,7035.495232,7037.213232,0,1.99999999999996,0.0200000000000003,8.00000000000001,2,3,67,0.5
804,7038.518732,7037.624732,7037.852734,7038.466232,7039.696732,1,1.99999999999996,0.0200000000000003,8.99999999999999,1,4,68,0.5
805,7040.953232,7040.171232,7040.319732,7040.900732,7042.529732,0,1.99999999999996,0.0200000000000003,8.00000000000001,2,3,67,0.5
806,7043.748732,7043.011732,7043.266232,7043.695732,7045.214732,0,1.99999999999996,0.0200000000000003,8.00000000000001,2,3,67,0.5
807,7046.966732,7046.102732,7046.299232,7046.914232,7048.109732,1,1.99999999999996,0.0200000000000003,8.99999999999999,1,4,68,0.5
808,7049.317732,7048.638736,7048.779736,7049.317732,7049.410232,0,NaN,0,8.99999999999999,1,4,68,0.5
809,7077.955232,7077.001232,7077.181232,7077.955232,7081.268232,1,NaN,0,8.00000000000001,2,3,67,0.5
810,7093.959232,7093.132732,7093.366732,7093.906232,7095.179732,1,1.99999999999996,0.0200000000000003,8.99999999999999,1,4,68,0.5
811,7096.461232,7095.642232,7095.849226,7096.408732,7097.640732,1,1.99999999999996,0.0200000000000003,8.99999999999999,1,4,68,0.5
812,7098.944234,7098.157736,7098.301732,7098.890734,7100.006232,1,1.99999999999996,0.0200000000000003,8.99999999999999,1,4,68,0.5
813,7101.352232,7100.637232,7100.777732,7101.299732,7102.856232,0,1.99999999999996,0.0200000000000003,8.00000000000001,2,3,67,0.5
814,7104.022232,7103.397732,7103.600726,7104.004233,7105.808732,0,1.99999999999996,0.0200000000000003,8.00000000000001,2,3,67,0.5
815,7107.192232,7106.288232,7106.549732,7107.139236,7108.066232,1,1.99999999999996,0.0200000000000003,8.99999999999999,1,4,68,0.5
816,7109.422732,7108.654732,7108.814232,7109.370232,7110.623732,1,1.99999999999996,0.0200000000000003,8.99999999999999,1,4,68,0.5
817,7111.888232,7111.157732,7111.290232,7111.835232,7113.392732,0,1.99999999999996,0.0200000000000003,8.00000000000001,2,3,67,0.5
818,7114.716732,7114.032732,7114.253732,7114.663732,7116.252732,0,1.99999999999996,0.0200000000000003,8.00000000000001,2,3,67,0.5
819,7117.847232,7117.019233,7117.215232,7117.794732,7119.188732,1,1.99999999999996,0.0200000000000003,8.99999999999999,1,4,68,0.5
820,7120.417734,7119.698232,7119.802732,7120.365232,7122.046232,0,1.99999999999996,0.0200000000000003,8.00000000000001,2,3,67,0.5
821,7123.587232,7122.611732,7122.868233,7123.534234,7124.677232,1,1.99999999999996,0.0200000000000003,8.99999999999999,1,4,68,0.5
822,7125.891232,7125.173732,7125.348732,7125.838732,7127.279732,0,1.99999999999996,0.0200000000000003,8.00000000000001,2,3,67,0.5
823,7128.665232,7128.048732,7128.118732,7128.665232,7129.707232,0,NaN,0,8.99999999999999,1,4,68,0.5
824,7140.509732,7139.578233,7139.950232,7140.456232,7141.791232,0,1.99999999999996,0.0200000000000003,8.00000000000001,2,3,67,0.5
825,7143.161232,7142.266734,7142.489732,7143.108232,7144.162732,1,1.99999999999996,0.0200000000000003,8.99999999999999,1,4,68,0.5
826,7145.405732,7144.659732,7144.813734,7145.353232,7147.591732,0,1.99999999999996,0.0200000000000003,8.00000000000001,2,3,67,0.5
827,7148.836732,7148.329232,7148.378732,7148.836732,7148.969232,0,NaN,0,8.99999999999999,1,4,68,0.5
828,7162.635732,7161.697732,7161.987232,7162.583232,7164.556732,1,1.99999999999996,0.0200000000000003,8.99999999999999,1,4,68,0.5
829,7165.913232,7165.130732,7165.312732,7165.860236,7167.107734,0,1.99999999999996,0.0200000000000003,8.00000000000001,2,3,67,0.5
830,7171.246732,7170.452232,7170.736232,7171.193732,7172.987732,0,1.99999999999996,0.0200000000000003,8.00000000000001,2,3,67,0.5
831,7174.210732,7173.512733,7173.750732,7174.210732,7188.601232,0,NaN,0,8.99999999999999,1,4,68,0.5
832,7189.680733,7188.821732,7189.056732,7189.628732,7191.500732,1,1.99999999999996,0.0200000000000003,8.99999999999999,1,4,68,0.5
833,7192.806732,7192.006232,7192.189232,7192.754232,7194.124732,0,1.99999999999996,0.0200000000000003,8.00000000000001,2,3,67,0.5
834,7195.303732,7194.680232,7194.887732,7195.295732,7197.553232,0,1.99999999999996,0.0200000000000003,8.00000000000001,2,3,67,0.5
835,7199.059232,7198.047732,7198.332232,7199.006732,7200.679232,1,1.99999999999996,0.0200000000000003,8.99999999999999,1,4,68,0.5
836,7202.135732,7201.351232,7201.504732,7202.083232,7204.003732,0,1.99999999999996,0.0200000000000003,8.00000000000001,2,3,67,0.5
837,7205.196732,7204.476732,7204.660736,7205.196732,7205.639737,0,NaN,0,8.99999999999999,1,4,68,0.5
838,7217.640232,7216.564732,7216.903732,7217.587732,7218.721226,1,1.99999999999996,0.0200000000000003,8.99999999999999,1,4,68,0.5
839,7220.095232,7219.285732,7219.481736,7220.042234,7221.368732,0,1.99999999999996,0.0200000000000003,8.00000000000001,2,3,67,0.5
840,7222.546232,7221.858732,7222.094232,7222.493232,7224.069732,0,1.99999999999996,0.0200000000000003,8.00000000000001,2,3,67,0.5
841,7225.255734,7224.529232,7224.757233,7225.203232,7226.746732,0,1.99999999999996,0.0200000000000003,8.00000000000001,2,3,67,0.5
842,7228.220232,7227.198732,7227.456232,7228.167232,7228.961732,1,1.99999999999996,0.0200000000000003,8.99999999999999,1,4,68,0.5
843,7230.330736,7229.477232,7229.676732,7230.278232,7231.908732,0,1.99999999999996,0.0200000000000003,8.00000000000001,2,3,67,0.5
844,7233.039232,7232.352732,7232.564732,7233.008732,7234.687732,0,1.99999999999996,0.0200000000000003,8.00000000000001,2,3,67,0.5
845,7235.823232,7235.144736,7235.355232,7235.823232,7236.300732,0,NaN,0,8.99999999999999,1,4,68,0.5
846,7265.461732,7263.533232,7263.862734,7265.408232,7267.842236,0,1.99999999999996,0.0200000000000003,8.00000000000001,2,3,67,0.5
847,7269.520732,7268.472734,7268.730728,7269.468232,7270.451733,1,1.99999999999996,0.0200000000000003,8.99999999999999,1,4,68,0.5
848,7271.906732,7271.026232,7271.257732,7271.854232,7272.565732,1,1.99999999999996,0.0200000000000003,8.99999999999999,1,4,68,0.5
849,7273.801734,7273.040732,7273.261732,7273.749232,7274.572732,1,1.99999999999996,0.0200000000000003,8.99999999999999,1,4,68,0.5
850,7275.801736,7275.043232,7275.264732,7275.749232,7277.518236,0,1.99999999999996,0.0200000000000003,8.00000000000001,2,3,67,0.5
851,7278.878232,7277.940232,7278.210232,7278.825732,7279.708232,1,1.99999999999996,0.0200000000000003,8.99999999999999,1,4,68,0.5
852,7281.282732,7280.302733,7280.499736,7281.229232,7282.136732,1,1.99999999999996,0.0200000000000003,8.99999999999999,1,4,68,0.5
853,7283.506232,7282.605732,7282.835232,7283.453734,7284.492232,1,1.99999999999996,0.0200000000000003,8.99999999999999,1,4,68,0.5
854,7285.672232,7284.904232,7285.087234,7285.619232,7287.045232,0,1.99999999999996,0.0200000000000003,8.00000000000001,2,3,67,0.5
855,7288.485732,7287.610732,7287.871232,7288.432232,7289.714732,1,1.99999999999996,0.0200000000000003,8.99999999999999,1,4,68,0.5
856,7291.073732,7290.245732,7290.509732,7291.021226,7292.32123,0,1.99999999999996,0.0200000000000003,8.00000000000001,2,3,67,0.5
857,7293.466732,7292.789732,7293.016732,7293.466732,7293.736732,0,NaN,0,8.99999999999999,1,4,68,0.5
858,7625.206232,7624.298732,7624.585232,7625.206232,7625.501232,0,NaN,0,8.99999999999999,1,4,68,0.5
859,7638.505732,7637.303234,7637.694732,7638.503232,7641.566232,0,1.99999999999996,0.0200000000000003,8.00000000000001,2,3,67,0.5
860,7649.529232,7648.593734,7648.833732,7649.476732,7650.697232,1,1.99999999999996,0.0200000000000003,8.99999999999999,1,4,68,0.5
861,7666.934732,7665.899736,7666.152732,7666.881736,7668.008226,0,1.99999999999996,0.0200000000000003,8.00000000000001,2,3,67,0.5
862,7669.356732,7668.403732,7668.657232,7669.304232,7670.407732,1,1.99999999999996,0.0200000000000003,8.99999999999999,1,4,68,0.5
863,7671.697232,7670.893232,7671.138232,7671.644732,7672.940732,1,1.99999999999996,0.0200000000000003,8.99999999999999,1,4,68,0.5
864,7674.329732,7673.470732,7673.669232,7674.277732,7675.476232,1,1.99999999999996,0.0200000000000003,8.99999999999999,1,4,68,0.5
865,7676.676232,7675.959232,7676.126232,7676.623732,7678.344732,0,1.99999999999996,0.0200000000000003,8.00000000000001,2,3,67,0.5
866,7679.838732,7678.823732,7679.158732,7679.785232,7681.236733,1,1.99999999999996,0.0200000000000003,8.99999999999999,1,4,68,0.5
867,7682.708732,7681.880732,7682.063732,7682.655732,7683.816232,1,1.99999999999996,0.0200000000000003,8.99999999999999,1,4,68,0.5
868,7685.020232,7684.352232,7684.518732,7685.020232,7685.289732,0,NaN,0,8.99999999999999,1,4,68,0.5
869,7695.207732,7694.389232,7694.585732,7695.154736,7696.867232,0,1.99999999999996,0.0200000000000003,8.00000000000001,2,3,67,0.5
870,7698.522232,7697.428732,7697.681232,7698.469232,7699.667232,1,1.99999999999996,0.0200000000000003,8.99999999999999,1,4,68,0.5
871,7700.870732,7700.184732,7700.314732,7700.870732,7701.430232,0,NaN,0,8.99999999999999,1,4,68,0.5
872,7714.631736,7713.767232,7714.007732,7714.579232,7716.013232,1,1.99999999999996,0.0200000000000003,8.99999999999999,1,4,68,0.5
873,7717.380732,7716.577232,7716.801232,7717.327732,7719.145232,0,1.99999999999996,0.0200000000000003,8.00000000000001,2,3,67,0.5
874,7720.378732,7719.671732,7719.888232,7720.325732,7722.187732,0,1.99999999999996,0.0200000000000003,8.00000000000001,2,3,67,0.5
875,7723.632732,7722.783232,7723.098232,7723.632732,7752.010232,0,NaN,0,8.99999999999999,1,4,68,0.5
876,7753.390733,7752.464732,7752.724732,7753.337732,7754.558232,1,1.99999999999996,0.0200000000000003,8.99999999999999,1,4,68,0.5
877,7755.913732,7755.129232,7755.355733,7755.861232,7756.985233,1,1.99999999999996,0.0200000000000003,8.99999999999999,1,4,68,0.5
878,7758.309232,7757.518732,7757.712732,7758.255732,7760.079232,0,1.99999999999996,0.0200000000000003,8.00000000000001,2,3,67,0.5
879,7761.708232,7760.687732,7760.986232,7761.655732,7763.192236,1,1.99999999999996,0.0200000000000003,8.99999999999999,1,4,68,0.5
880,7764.789232,7763.977732,7764.171736,7764.789232,7764.947732,0,NaN,0,8.99999999999999,1,4,68,0.5
881,7773.695732,7772.777732,7773.038233,7773.643232,7774.829232,1,1.99999999999996,0.0200000000000003,8.99999999999999,1,4,68,0.5
882,7776.262233,7775.443232,7775.615732,7776.209232,7777.780232,0,1.99999999999996,0.0200000000000003,8.00000000000001,2,3,67,0.5
883,7778.996732,7778.293232,7778.575232,7778.996732,7779.193232,0,NaN,0,8.99999999999999,1,4,68,0.5
884,7917.926232,7905.304732,7905.376732,NaN,NaN,NaN,NaN,0,8.99999999999999,1,4,68,0.5
885,8110.094232,8108.897232,8109.051732,8109.543232,8115.939232,1,NaN,0,8.99999999999999,1,4,68,0.5
886,8120.467232,8119.271734,8119.526232,8119.917232,8126.222732,1,NaN,0,8.99999999999999,1,4,68,0.5
887,8136.623232,8135.736232,8135.948732,8136.570736,8138.633732,1,1.99999999999996,0.0200000000000003,8.99999999999999,1,4,68,0.5
888,8178.541232,8165.919232,8166.047232,NaN,NaN,NaN,NaN,0,8.00000000000001,2,3,67,0.5
889,8367.079732,8354.459232,8354.652232,NaN,8435.454732,NaN,NaN,0,8.99999999999999,1,4,68,0.5
890,8448.738732,8436.117732,8436.483232,NaN,8724.572732,NaN,NaN,0,8.99999999999999,1,4,68,0.5
891,8741.975732,8740.925732,8741.317232,8741.923232,8743.518732,0,1.99999999999996,0.0200000000000003,8.00000000000001,2,3,67,0.5
892,8745.173736,8744.193736,8744.495733,8745.120732,8897.363732,1,1.99999999999996,0.0200000000000003,8.99999999999999,1,4,68,0.5
893,8899.305232,8898.182732,8898.501232,8899.252232,8901.396735,1,1.99999999999996,0.0200000000000003,8.99999999999999,1,4,68,0.5
894,8904.006732,8902.893232,8903.286732,8903.954232,8905.704232,0,1.99999999999996,0.0200000000000003,8.00000000000001,2,3,67,0.5
895,8907.659732,8906.436732,8906.843232,8907.607236,8909.278232,1,1.99999999999996,0.0200000000000003,8.99999999999999,1,4,68,0.5
896,8911.619232,8909.931232,8910.098732,8911.619232,8911.799232,0,NaN,0,8.99999999999999,1,4,68,0.5
897,8926.426736,8925.237732,8925.550232,8926.374233,8928.013232,1,1.99999999999996,0.0200000000000003,8.99999999999999,1,4,68,0.5
898,8929.520232,8928.638732,8928.791732,8929.467732,8930.700732,0,1.99999999999996,0.0200000000000003,8.00000000000001,2,3,67,0.5
899,8931.973232,8931.235732,8931.500732,8931.920734,8933.434732,0,1.99999999999996,0.0200000000000003,8.00000000000001,2,3,67,0.5
900,8935.067232,8934.051232,8934.350232,8935.014732,8936.293232,1,1.99999999999996,0.0200000000000003,8.99999999999999,1,4,68,0.5
901,8938.033732,8936.974732,8937.194732,8937.980732,8939.636732,0,1.99999999999996,0.0200000000000003,8.00000000000001,2,3,67,0.5
902,8941.424232,8940.341732,8940.663732,8941.371232,8942.478732,1,1.99999999999996,0.0200000000000003,8.99999999999999,1,4,68,0.5
903,8944.044732,8943.162732,8943.442732,8943.991732,8945.268232,1,1.99999999999996,0.0200000000000003,8.99999999999999,1,4,68,0.5
904,8946.808732,8945.898232,8946.217232,8946.756232,8948.588732,0,1.99999999999996,0.0200000000000003,8.00000000000001,2,3,67,0.5
905,8980.754232,8979.763732,8980.052232,8980.701732,8983.800732,0,1.99999999999996,0.0200000000000003,8.00000000000001,2,3,67,0.5
906,8985.590732,8984.649732,8984.924232,8985.537232,8987.275232,1,1.99999999999996,0.0200000000000003,8.99999999999999,1,4,68,0.5
907,8988.772732,8987.845732,8988.125232,8988.720232,8990.196232,0,1.99999999999996,0.0200000000000003,8.00000000000001,2,3,67,0.5
908,8991.744732,8990.778732,8991.033232,8991.692732,8993.013732,1,1.99999999999996,0.0200000000000003,8.99999999999999,1,4,68,0.5
909,8994.409732,8993.614732,8993.777232,8994.409732,8994.534732,1,NaN,0,8.00000000000001,2,3,67,0.5
910,9668.392732,9666.784732,9666.930232,9668.340232,9669.477232,1,1.99999999999996,0.0200000000000003,8.99999999999999,1,4,68,0.5
911,9671.263232,9670.074232,9670.485732,9671.260732,9672.782232,0,1.99999999999996,0.0200000000000003,8.00000000000001,2,3,67,0.5
912,9674.480232,9673.556732,9673.856232,9674.427732,9676.037732,0,1.99999999999996,0.0200000000000003,8.00000000000001,2,3,67,0.5
913,9677.485732,9676.702236,9676.944732,9677.432736,9679.242232,0,1.99999999999996,0.0200000000000003,8.00000000000001,2,3,67,0.5
914,9680.963232,9679.889732,9680.200732,9680.910232,9682.635732,1,1.99999999999996,0.0200000000000003,8.99999999999999,1,4,68,0.5
915,9684.061732,9683.190732,9683.444726,9684.009232,9685.527232,0,1.99999999999996,0.0200000000000003,8.00000000000001,2,3,67,0.5
916,9687.060732,9686.132732,9686.417732,9687.008232,9688.542732,1,1.99999999999996,0.0200000000000003,8.99999999999999,1,4,68,0.5
917,9690.035232,9689.108232,9689.386732,9689.981736,9691.520232,0,1.99999999999996,0.0200000000000003,8.00000000000001,2,3,67,0.5
918,9693.159233,9692.221232,9692.481232,9693.106732,9694.534732,1,1.99999999999996,0.0200000000000003,8.99999999999999,1,4,68,0.5
919,9695.932732,9695.045232,9695.277732,9695.879232,9697.078232,1,1.99999999999996,0.0200000000000003,8.99999999999999,1,4,68,0.5
920,9698.536232,9697.612732,9697.847734,9698.533732,9699.831237,1,1.99999999999996,0.0200000000000003,8.99999999999999,1,4,68,0.5
921,9701.255232,9700.421236,9700.646732,9701.202236,9702.858732,0,1.99999999999996,0.0200000000000003,8.00000000000001,2,3,67,0.5
922,9704.480734,9703.418732,9703.739232,9704.427232,9706.642732,1,1.99999999999996,0.0200000000000003,8.99999999999999,1,4,68,0.5
923,9708.183236,9707.279232,9707.492232,9708.130736,9709.965232,0,1.99999999999996,0.0200000000000003,8.00000000000001,2,3,67,0.5
924,9711.961232,9711.036232,9711.26173,9711.908732,9713.241732,1,1.99999999999996,0.0200000000000003,8.99999999999999,1,4,68,0.5
925,9714.676732,9713.821234,9714.016732,9714.623232,9716.080232,0,1.99999999999996,0.0200000000000003,8.00000000000001,2,3,67,0.5
926,9717.328232,9716.589732,9716.853232,9717.275232,9718.811232,0,1.99999999999996,0.0200000000000003,8.00000000000001,2,3,67,0.5
927,9720.089732,9719.334732,9719.588732,9720.037232,9721.527732,0,1.99999999999996,0.0200000000000003,8.00000000000001,2,3,67,0.5
928,9723.335232,9722.079732,9722.433233,9723.282736,9724.315232,1,1.99999999999996,0.0200000000000003,8.99999999999999,1,4,68,0.5
929,9725.811232,9724.837232,9725.098232,9725.758232,9727.153232,1,1.99999999999996,0.0200000000000003,8.99999999999999,1,4,68,0.5
930,9728.592732,9727.661732,9727.913732,9728.540232,9729.840732,1,1.99999999999996,0.0200000000000003,8.99999999999999,1,4,68,0.5
931,9731.245732,9730.333733,9730.545732,9731.193232,9733.107232,0,1.99999999999996,0.0200000000000003,8.00000000000001,2,3,67,0.5
932,9734.671232,9733.717732,9733.986232,9734.618232,9736.018732,1,1.99999999999996,0.0200000000000003,8.99999999999999,1,4,68,0.5
933,9737.413732,9736.514232,9736.800232,9737.361232,9738.995732,0,1.99999999999996,0.0200000000000003,8.00000000000001,2,3,67,0.5
934,9740.246732,9739.551726,9739.770232,9740.194232,9741.950732,0,1.99999999999996,0.0200000000000003,8.00000000000001,2,3,67,0.5
935,9743.252733,9742.503732,9742.743232,9743.199733,9745.184732,0,1.99999999999996,0.0200000000000003,8.00000000000001,2,3,67,0.5
936,9746.838732,9745.752232,9746.058232,9746.785732,9748.221732,1,1.99999999999996,0.0200000000000003,8.99999999999999,1,4,68,0.5
937,9749.576232,9748.724232,9748.948232,9749.523736,9751.271732,0,1.99999999999996,0.0200000000000003,8.00000000000001,2,3,67,0.5
938,9752.616232,9751.847732,9752.079232,9752.563732,9754.416732,0,1.99999999999996,0.0200000000000003,8.00000000000001,2,3,67,0.5
939,9756.372732,9755.359732,9755.653232,9756.320232,9757.474232,1,1.99999999999996,0.0200000000000003,8.99999999999999,1,4,68,0.5
940,9759.266732,9757.939732,9758.131232,9759.214232,9760.718732,1,1.99999999999996,0.0200000000000003,8.99999999999999,1,4,68,0.5
941,9762.098732,9761.226233,9761.420234,9762.046232,9763.342226,1,1.99999999999996,0.0200000000000003,8.99999999999999,1,4,68,0.5
942,9764.798732,9763.929732,9764.100232,9764.746232,9766.505232,0,1.99999999999996,0.0200000000000003,8.00000000000001,2,3,67,0.5
943,9767.642732,9766.962232,9767.161732,9767.590232,9769.340232,0,1.99999999999996,0.0200000000000003,8.00000000000001,2,3,67,0.5
944,9770.569732,9769.768732,9770.011232,9770.516232,9772.965236,0,1.99999999999996,0.0200000000000003,8.00000000000001,2,3,67,0.5
945,9775.118732,9774.036732,9774.277733,9775.066732,9776.921232,1,1.99999999999996,0.0200000000000003,8.99999999999999,1,4,68,0.5
946,9778.549732,9777.607726,9777.792732,9778.496732,9780.286732,0,1.99999999999996,0.0200000000000003,8.00000000000001,2,3,67,0.5
947,9782.115232,9780.775732,9781.322232,9782.062232,9783.435732,1,1.99999999999996,0.0200000000000003,8.99999999999999,1,4,68,0.5
948,9785.210734,9784.376732,9784.510232,9785.158232,9787.061732,0,1.99999999999996,0.0200000000000003,8.00000000000001,2,3,67,0.5
949,9788.477733,9787.677232,9787.923732,9788.425232,9790.080732,0,1.99999999999996,0.0200000000000003,8.00000000000001,2,3,67,0.5
950,9792.008232,9790.952732,9791.298732,9791.955232,9793.496232,1,1.99999999999996,0.0200000000000003,8.99999999999999,1,4,68,0.5
951,9794.909236,9794.064232,9794.291236,9794.856732,9795.561732,1,1.99999999999996,0.0200000000000003,8.99999999999999,1,4,68,0.5
952,9797.056733,9796.165236,9796.389732,9797.004236,9798.778732,0,1.99999999999996,0.0200000000000003,8.00000000000001,2,3,67,0.5
953,9800.191232,9799.389732,9799.649232,9800.191232,9800.606732,0,NaN,0,8.99999999999999,1,4,68,0.5
954,9809.660732,9807.664732,9808.050232,9809.607235,9810.755736,1,1.99999999999996,0.0200000000000003,8.99999999999999,1,4,68,0.5
955,9812.376732,9811.417732,9811.683237,9812.324232,9813.881732,0,1.99999999999996,0.0200000000000003,8.00000000000001,2,3,67,0.5
956,9815.421232,9814.437732,9814.717732,9815.368732,9816.310732,1,1.99999999999996,0.0200000000000003,8.99999999999999,1,4,68,0.5
957,9817.711732,9816.806232,9817.057232,9817.658732,9819.404727,1,1.99999999999996,0.0200000000000003,8.99999999999999,1,4,68,0.5
958,9820.850232,9820.057232,9820.238232,9820.797232,9822.388732,1,1.99999999999996,0.0200000000000003,8.99999999999999,1,4,68,0.5
959,9823.765236,9822.948232,9823.120232,9823.713232,9825.515732,0,1.99999999999996,0.0200000000000003,8.00000000000001,2,3,67,0.5
960,9827.492732,9826.392232,9826.650732,9827.440232,9828.598732,1,1.99999999999996,0.0200000000000003,8.99999999999999,1,4,68,0.5
961,9829.922232,9829.071233,9829.286732,9829.868732,9831.461232,1,1.99999999999996,0.0200000000000003,8.99999999999999,1,4,68,0.5
962,9832.783732,9832.039732,9832.195234,9832.730732,9834.104736,1,1.99999999999996,0.0200000000000003,8.99999999999999,1,4,68,0.5
963,9835.836232,9834.971732,9835.143232,9835.783232,9837.361232,0,1.99999999999996,0.0200000000000003,8.00000000000001,2,3,67,0.5
964,9839.233732,9838.261232,9838.458232,9839.181232,9840.428733,1,1.99999999999996,0.0200000000000003,8.99999999999999,1,4,68,0.5
965,9841.789732,9841.041732,9841.243732,9841.737232,9842.870732,1,1.99999999999996,0.0200000000000003,8.99999999999999,1,4,68,0.5
966,9844.340232,9843.382232,9843.574232,9844.286732,9845.753232,0,1.99999999999996,0.0200000000000003,8.00000000000001,2,3,67,0.5
967,9846.945732,9846.213232,9846.462232,9846.892736,9848.448232,0,1.99999999999996,0.0200000000000003,8.00000000000001,2,3,67,0.5
968,9849.884733,9849.022732,9849.324232,9849.831733,9851.621732,0,1.99999999999996,0.0200000000000003,8.00000000000001,2,3,67,0.5
969,9853.018732,9852.131232,9852.479232,9853.018732,9859.032732,0,NaN,0,8.99999999999999,1,4,68,0.5
970,9860.532732,9859.615736,9859.897232,9860.480732,9861.507232,1,1.99999999999996,0.0200000000000003,8.99999999999999,1,4,68,0.5
971,9863.265233,9862.173232,9862.545232,9863.213232,9864.613232,0,1.99999999999996,0.0200000000000003,8.00000000000001,2,3,67,0.5
972,9866.227732,9865.059232,9865.555232,9866.174732,9867.133732,1,1.99999999999996,0.0200000000000003,8.99999999999999,1,4,68,0.5
973,9868.965232,9867.686233,9867.972732,9868.912732,9870.897732,0,1.99999999999996,0.0200000000000003,8.00000000000001,2,3,67,0.5
974,9872.775232,9871.517732,9871.977732,9872.722232,9873.509232,1,1.99999999999996,0.0200000000000003,8.99999999999999,1,4,68,0.5
975,9875.020732,9874.148233,9874.414232,9874.967732,9877.264232,0,1.99999999999996,0.0200000000000003,8.00000000000001,2,3,67,0.5
976,9878.693732,9877.896732,9878.211232,9878.693732,9886.254732,0,NaN,0,8.99999999999999,1,4,68,0.5
977,9887.888732,9886.892732,9887.191732,9887.836732,9888.821232,1,1.99999999999996,0.0200000000000003,8.99999999999999,1,4,68,0.5
978,9890.230234,9889.287232,9889.582232,9890.177732,9893.347236,1,1.99999999999996,0.0200000000000003,8.99999999999999,1,4,68,0.5
979,9894.822232,9893.995736,9894.184732,9894.768732,9897.118732,1,1.99999999999996,0.0200000000000003,8.99999999999999,1,4,68,0.5
980,9898.624732,9897.732732,9897.955232,9898.571732,9900.512732,0,1.99999999999996,0.0200000000000003,8.00000000000001,2,3,67,0.5
981,9902.190232,9900.965232,9901.272232,9902.187732,9903.706732,1,1.99999999999996,0.0200000000000003,8.99999999999999,1,4,68,0.5
982,9905.141232,9904.315732,9904.507732,9905.088732,9906.743732,0,1.99999999999996,0.0200000000000003,8.00000000000001,2,3,67,0.5
983,9907.964232,9907.182232,9907.441733,9907.964232,9908.432732,0,NaN,0,8.99999999999999,1,4,68,0.5
984,9938.795233,9937.475232,9937.818232,9938.742232,9941.377236,1,1.99999999999996,0.0200000000000003,8.99999999999999,1,4,68,0.5
985,9942.877736,9941.959732,9942.203232,9942.825732,9945.103232,1,1.99999999999996,0.0200000000000003,8.99999999999999,1,4,68,0.5
986,9946.574732,9945.723732,9945.863732,9946.574732,9948.077732,1,NaN,0,8.00000000000001,2,3,67,0.5
987,9953.724732,9952.827732,9953.078732,9953.671732,9955.251732,0,1.99999999999996,0.0200000000000003,8.00000000000001,2,3,67,0.5
988,9956.471733,9955.725232,9955.944232,9956.419232,9958.254234,0,1.99999999999996,0.0200000000000003,8.00000000000001,2,3,67,0.5
989,9959.667734,9958.708232,9958.958732,9959.665232,9961.034232,1,1.99999999999996,0.0200000000000003,8.99999999999999,1,4,68,0.5
990,9962.472232,9961.586732,9961.826232,9962.419232,9963.449732,1,1.99999999999996,0.0200000000000003,8.99999999999999,1,4,68,0.5
991,9964.749732,9963.941732,9964.126232,9964.697233,9966.350232,0,1.99999999999996,0.0200000000000003,8.00000000000001,2,3,67,0.5
992,9967.900233,9966.901732,9967.154732,9967.847236,9969.187232,1,1.99999999999996,0.0200000000000003,8.99999999999999,1,4,68,0.5
993,9970.646232,9969.779232,9969.945232,9970.593732,9972.206232,0,1.99999999999996,0.0200000000000003,8.00000000000001,2,3,67,0.5
994,9973.451732,9972.728233,9972.983232,9973.398732,9974.829232,0,1.99999999999996,0.0200000000000003,8.00000000000001,2,3,67,0.5
995,9976.439732,9975.425732,9975.692232,9976.386232,9977.901732,1,1.99999999999996,0.0200000000000003,8.99999999999999,1,4,68,0.5
996,9979.788236,9978.921732,9979.145732,9979.735732,9981.010232,1,1.99999999999996,0.0200000000000003,8.99999999999999,1,4,68,0.5
997,9982.450232,9981.531732,9981.707232,9982.397733,9983.744732,1,1.99999999999996,0.0200000000000003,8.99999999999999,1,4,68,0.5
998,9985.120232,9984.252732,9984.421732,9985.067232,9986.443732,0,1.99999999999996,0.0200000000000003,8.00000000000001,2,3,67,0.5
999,9987.611232,9986.889732,9987.105232,9987.558232,9989.205732,0,1.99999999999996,0.0200000000000003,8.00000000000001,2,3,67,0.5
1000,9990.631732,9989.644232,9989.904732,9990.579236,9991.788236,1,1.99999999999996,0.0200000000000003,8.99999999999999,1,4,68,0.5
1001,9993.221232,9992.357736,9992.577736,9993.221232,9993.721234,0,NaN,0,8.99999999999999,1,4,68,0.5
1002,10034.839232,10033.854732,10034.161232,10034.786732,10036.510232,0,1.99999999999996,0.0200000000000003,8.00000000000001,2,3,67,0.5
1003,10038.184232,10037.159232,10037.429733,10038.131232,10039.601732,1,1.99999999999996,0.0200000000000003,8.99999999999999,1,4,68,0.5
1004,10041.074732,10040.224232,10040.452732,10041.022232,10042.140234,1,1.99999999999996,0.0200000000000003,8.99999999999999,1,4,68,0.5
1005,10043.457732,10042.705732,10042.888232,10043.405232,10044.657232,1,1.99999999999996,0.0200000000000003,8.99999999999999,1,4,68,0.5
1006,10046.067732,10045.230232,10045.394233,10046.067732,10054.643732,1,NaN,0,8.00000000000001,2,3,67,0.5
1007,10056.010732,10055.147732,10055.374232,10055.958232,10057.373732,1,1.99999999999996,0.0200000000000003,8.99999999999999,1,4,68,0.5
1008,10058.794234,10057.915732,10058.170732,10058.741734,10060.226732,0,1.99999999999996,0.0200000000000003,8.00000000000001,2,3,67,0.5
1009,10061.837732,10060.845732,10061.109732,10061.784732,10062.951732,1,1.99999999999996,0.0200000000000003,8.99999999999999,1,4,68,0.5
1010,10064.324236,10063.454232,10063.708232,10064.272232,10065.721732,0,1.99999999999996,0.0200000000000003,8.00000000000001,2,3,67,0.5
1011,10067.215232,10066.268232,10066.550232,10067.162232,10068.727232,1,1.99999999999996,0.0200000000000003,8.99999999999999,1,4,68,0.5
1012,10070.319732,10069.337732,10069.523733,10070.267232,10071.536733,1,1.99999999999996,0.0200000000000003,8.99999999999999,1,4,68,0.5
1013,10072.822232,10072.049732,10072.246232,10072.769232,10074.368732,0,1.99999999999996,0.0200000000000003,8.00000000000001,2,3,67,0.5
1014,10075.836232,10074.877732,10075.159232,10075.783232,10077.072232,1,1.99999999999996,0.0200000000000003,8.99999999999999,1,4,68,0.5
1015,10078.546232,10077.714732,10077.901232,10078.493732,10080.341732,0,1.99999999999996,0.0200000000000003,8.00000000000001,2,3,67,0.5
1016,10082.724232,10081.647732,10081.899232,10082.671733,10083.641732,1,1.99999999999996,0.0200000000000003,8.99999999999999,1,4,68,0.5
1017,10085.076733,10084.190732,10084.397232,10085.023732,10086.327232,1,1.99999999999996,0.0200000000000003,8.99999999999999,1,4,68,0.5
1018,10087.782232,10086.872232,10087.055232,10087.729736,10089.310236,1,1.99999999999996,0.0200000000000003,8.99999999999999,1,4,68,0.5
1019,10090.637233,10089.828232,10090.028232,10090.584732,10098.652232,0,1.99999999999996,0.0200000000000003,8.00000000000001,2,3,67,0.5
1020,10100.122232,10099.076232,10099.388232,10100.069234,10102.120736,1,1.99999999999996,0.0200000000000003,8.99999999999999,1,4,68,0.5
1021,10103.635732,10102.774732,10102.959732,10103.635732,10103.867233,0,NaN,0,8.99999999999999,1,4,68,0.5
1022,10114.762732,10113.700236,10113.978732,10114.709732,10116.015232,1,1.99999999999996,0.0200000000000003,8.99999999999999,1,4,68,0.5
1023,10117.439732,10116.589232,10116.810732,10117.387232,10118.734232,0,1.99999999999996,0.0200000000000003,8.00000000000001,2,3,67,0.5
1024,10120.383232,10119.367732,10119.633733,10120.330232,10121.908232,1,1.99999999999996,0.0200000000000003,8.99999999999999,1,4,68,0.5
1025,10123.621732,10122.770726,10122.992233,10123.569232,10125.075732,0,1.99999999999996,0.0200000000000003,8.00000000000001,2,3,67,0.5
1026,10126.638732,10125.709739,10125.945732,10126.586732,10127.905232,1,1.99999999999996,0.0200000000000003,8.99999999999999,1,4,68,0.5
1027,10129.207732,10128.444232,10128.661732,10129.154732,10130.514732,1,1.99999999999996,0.0200000000000003,8.99999999999999,1,4,68,0.5
1028,10131.885732,10131.114733,10131.297232,10131.832232,10133.403732,1,1.99999999999996,0.0200000000000003,8.99999999999999,1,4,68,0.5
1029,10134.848732,10133.986232,10134.174232,10134.795732,10136.155732,0,1.99999999999996,0.0200000000000003,8.00000000000001,2,3,67,0.5
1030,10137.309232,10136.629232,10136.841736,10137.255732,10138.793732,0,1.99999999999996,0.0200000000000003,8.00000000000001,2,3,67,0.5
1031,10140.262732,10139.624732,10139.673226,10140.262732,10140.589226,0,NaN,0,8.99999999999999,1,4,68,0.5
1032,10217.881232,10216.952232,10217.188232,10217.828732,10219.220232,1,1.99999999999996,0.0200000000000003,8.99999999999999,1,4,68,0.5
1033,10228.324232,10227.288232,10227.508232,10228.272232,10229.758235,1,1.99999999999996,0.0200000000000003,8.99999999999999,1,4,68,0.5
1034,10231.164734,10230.461232,10230.586232,10231.164734,10232.411232,1,NaN,0,8.00000000000001,2,3,67,0.5
1035,10238.888232,10238.072732,10238.292232,10238.835232,10240.427232,0,1.99999999999996,0.0200000000000003,8.00000000000001,2,3,67,0.5
1036,10242.024232,10241.068734,10241.338232,10241.971232,10243.322732,1,1.99999999999996,0.0200000000000003,8.99999999999999,1,4,68,0.5
1037,10244.696232,10243.921733,10244.116232,10244.643732,10246.126732,1,1.99999999999996,0.0200000000000003,8.99999999999999,1,4,68,0.5
1038,10247.534232,10246.717732,10246.849732,10247.481733,10249.114232,0,1.99999999999996,0.0200000000000003,8.00000000000001,2,3,67,0.5
1039,10250.368232,10249.656232,10249.900732,10250.315732,10251.858732,0,1.99999999999996,0.0200000000000003,8.00000000000001,2,3,67,0.5
1040,10253.119232,10252.385732,10252.654232,10253.066732,10254.786232,0,1.99999999999996,0.0200000000000003,8.00000000000001,2,3,67,0.5
1041,10256.337732,10255.298232,10255.558732,10256.284236,10257.702737,1,1.99999999999996,0.0200000000000003,8.99999999999999,1,4,68,0.5
1042,10259.219732,10258.308732,10258.434732,10259.219732,10259.509232,0,NaN,0,8.99999999999999,1,4,68,0.5
1043,10268.696232,10267.882232,10268.127732,10268.643732,10270.552232,0,1.99999999999996,0.0200000000000003,8.00000000000001,2,3,67,0.5
1044,10271.718732,10270.950736,10271.202726,10271.665236,10273.097232,0,1.99999999999996,0.0200000000000003,8.00000000000001,2,3,67,0.5
1045,10274.673732,10273.654732,10273.941232,10274.620232,10275.820232,1,1.99999999999996,0.0200000000000003,8.99999999999999,1,4,68,0.5
1046,10277.376232,10276.547232,10276.690732,10277.323232,10279.080732,0,1.99999999999996,0.0200000000000003,8.00000000000001,2,3,67,0.5
1047,10280.594232,10279.740733,10280.013232,10280.541732,10282.063226,0,1.99999999999996,0.0200000000000003,8.00000000000001,2,3,67,0.5
1048,10283.731232,10282.604236,10282.901232,10283.679232,10284.728732,1,1.99999999999996,0.0200000000000003,8.99999999999999,1,4,68,0.5
1049,10286.098232,10285.320232,10285.498232,10286.045232,10287.829736,0,1.99999999999996,0.0200000000000003,8.00000000000001,2,3,67,0.5
1050,10289.676736,10288.724732,10288.976232,10289.624232,10290.988232,1,1.99999999999996,0.0200000000000003,8.99999999999999,1,4,68,0.5
1051,10292.450732,10291.627732,10291.784232,10292.397732,10293.995232,0,1.99999999999996,0.0200000000000003,8.00000000000001,2,3,67,0.5
1052,10295.582232,10294.680232,10294.882732,10295.582232,10299.974736,0,NaN,0,8.99999999999999,1,4,68,0.5
1053,10302.163732,10301.227732,10301.489232,10302.111232,10303.613732,1,1.99999999999996,0.0200000000000003,8.99999999999999,1,4,68,0.5
1054,10304.909232,10304.155233,10304.355736,10304.856236,10305.848232,1,1.99999999999996,0.0200000000000003,8.99999999999999,1,4,68,0.5
1055,10307.291732,10306.382232,10306.570734,10307.239232,10308.927733,0,1.99999999999996,0.0200000000000003,8.00000000000001,2,3,67,0.5
1056,10310.280232,10309.523732,10309.783732,10310.227732,10312.058733,0,1.99999999999996,0.0200000000000003,8.00000000000001,2,3,67,0.5
1057,10313.362732,10312.595732,10312.832732,10313.309232,10315.182732,0,1.99999999999996,0.0200000000000003,8.00000000000001,2,3,67,0.5
1058,10317.119732,10316.076732,10316.316236,10317.066732,10318.446734,1,1.99999999999996,0.0200000000000003,8.99999999999999,1,4,68,0.5
1059,10324.688232,10323.797232,10323.997732,10324.635732,10332.236732,0,1.99999999999996,0.0200000000000003,8.00000000000001,2,3,67,0.5
1060,10338.578737,10337.693732,10337.998732,10338.526228,10341.902732,0,1.99999999999996,0.0200000000000003,8.00000000000001,2,3,67,0.5
1061,10343.226236,10342.465732,10342.709233,10343.173232,10345.479232,0,1.99999999999996,0.0200000000000003,8.00000000000001,2,3,67,0.5
1062,10347.038232,10345.964233,10346.217732,10346.985732,10348.450232,1,1.99999999999996,0.0200000000000003,8.99999999999999,1,4,68,0.5
1063,10349.919732,10349.192232,10349.330233,10349.919732,10350.632232,1,NaN,0,8.00000000000001,2,3,67,0.5
1064,10358.988233,10358.050232,10358.323732,10358.935234,10360.481732,0,1.99999999999996,0.0200000000000003,8.00000000000001,2,3,67,0.5
1065,10361.778232,10360.999232,10361.268233,10361.725232,10363.845732,0,1.99999999999996,0.0200000000000003,8.00000000000001,2,3,67,0.5
1066,10365.523233,10364.654732,10364.837232,10365.470232,10366.846732,1,1.99999999999996,0.0200000000000003,8.99999999999999,1,4,68,0.5
1067,10369.327232,10368.424232,10368.708732,10369.274232,10371.008732,0,1.99999999999996,0.0200000000000003,8.00000000000001,2,3,67,0.5
1068,10372.312232,10371.568232,10371.840232,10372.312232,10372.807232,0,NaN,0,8.99999999999999,1,4,68,0.5
1069,10379.004732,10378.150232,10378.428732,10378.952732,10380.674732,0,1.99999999999996,0.0200000000000003,8.00000000000001,2,3,67,0.5
1070,10382.150232,10381.171732,10381.459726,10382.098232,10383.502232,1,1.99999999999996,0.0200000000000003,8.99999999999999,1,4,68,0.5
1071,10385.059732,10384.128232,10384.280732,10385.059732,10385.607732,1,NaN,0,8.00000000000001,2,3,67,0.5
1072,10392.316732,10391.417236,10391.627232,10392.264232,10394.306732,1,1.99999999999996,0.0200000000000003,8.99999999999999,1,4,68,0.5
1073,10395.779732,10394.881232,10395.050732,10395.726732,10397.137232,0,1.99999999999996,0.0200000000000003,8.00000000000001,2,3,67,0.5
1074,10399.286232,10398.202732,10398.450232,10399.233732,10401.438732,1,1.99999999999996,0.0200000000000003,8.99999999999999,1,4,68,0.5
1075,10402.812232,10402.064232,10402.190732,10402.759732,10403.764732,0,1.99999999999996,0.0200000000000003,8.00000000000001,2,3,67,0.5
1076,10405.048732,10404.322234,10404.578232,10404.996232,10405.979232,0,1.99999999999996,0.0200000000000003,8.00000000000001,2,3,67,0.5
1077,10407.733232,10406.560232,10406.923732,10407.680232,10409.381232,1,1.99999999999996,0.0200000000000003,8.99999999999999,1,4,68,0.5
1078,10410.838233,10410.072736,10410.179732,10410.785233,10411.867732,0,1.99999999999996,0.0200000000000003,8.00000000000001,2,3,67,0.5
1079,10416.478732,10415.185232,10415.702732,10416.426232,10417.904232,1,1.99999999999996,0.0200000000000003,8.99999999999999,1,4,68,0.5
1080,10419.395732,10418.614732,10418.799732,10419.343232,10420.896732,0,1.99999999999996,0.0200000000000003,8.00000000000001,2,3,67,0.5
1081,10422.444232,10421.487232,10421.729732,10422.444232,10422.862732,0,NaN,0,8.99999999999999,1,4,68,0.5
1082,10674.012232,10673.002732,10673.371232,10673.959232,10677.056232,0,1.99999999999996,0.0200000000000003,8.00000000000001,2,3,67,0.5
1083,10680.783732,10679.923232,10680.175732,10680.783732,10681.101234,0,NaN,0,8.99999999999999,1,4,68,0.5
1084,10690.662732,10689.716232,10690.010232,10690.609732,10692.560732,0,1.99999999999996,0.0200000000000003,8.00000000000001,2,3,67,0.5
1085,10693.899232,10693.147232,10693.401232,10693.846232,10695.514732,0,1.99999999999996,0.0200000000000003,8.00000000000001,2,3,67,0.5
1086,10697.059732,10696.043732,10696.334232,10697.006732,10697.981732,1,1.99999999999996,0.0200000000000003,8.99999999999999,1,4,68,0.5
1087,10699.563732,10698.689232,10698.934736,10699.511732,10701.020232,0,1.99999999999996,0.0200000000000003,8.00000000000001,2,3,67,0.5
1088,10702.256726,10701.529233,10701.781732,10702.204232,10703.396732,0,1.99999999999996,0.0200000000000003,8.00000000000001,2,3,67,0.5
1089,10704.698233,10703.961732,10704.243732,10704.645732,10705.611232,0,1.99999999999996,0.0200000000000003,8.00000000000001,2,3,67,0.5
1090,10707.163736,10706.150232,10706.475232,10707.110732,10708.022233,1,1.99999999999996,0.0200000000000003,8.99999999999999,1,4,68,0.5
1091,10709.722232,10708.680232,10708.956232,10709.669733,10711.032732,1,1.99999999999996,0.0200000000000003,8.99999999999999,1,4,68,0.5
1092,10712.427732,10711.590732,10711.856232,10712.375232,10713.710232,0,1.99999999999996,0.0200000000000003,8.00000000000001,2,3,67,0.5
1093,10715.269732,10714.245732,10714.536732,10715.216732,10716.406232,1,1.99999999999996,0.0200000000000003,8.99999999999999,1,4,68,0.5
1094,10717.823736,10716.943732,10717.157232,10717.771232,10718.962237,1,1.99999999999996,0.0200000000000003,8.99999999999999,1,4,68,0.5
1095,10720.379232,10719.445735,10719.622232,10720.326232,10721.887232,0,1.99999999999996,0.0200000000000003,8.00000000000001,2,3,67,0.5
1096,10723.448232,10722.418732,10722.753232,10723.395732,10724.778232,1,1.99999999999996,0.0200000000000003,8.99999999999999,1,4,68,0.5
1097,10726.172732,10725.321232,10725.527232,10726.120232,10727.574732,0,1.99999999999996,0.0200000000000003,8.00000000000001,2,3,67,0.5
1098,10728.981232,10728.155732,10728.442732,10728.979232,10730.387732,0,1.99999999999996,0.0200000000000003,8.00000000000001,2,3,67,0.5
1099,10731.656732,10730.878232,10731.141732,10731.603736,10733.048732,0,1.99999999999996,0.0200000000000003,8.00000000000001,2,3,67,0.5
1100,10735.193232,10733.773232,10734.364732,10735.140732,10736.298736,1,1.99999999999996,0.0200000000000003,8.99999999999999,1,4,68,0.5
1101,10737.646237,10736.782736,10736.998236,10737.593232,10739.099732,1,1.99999999999996,0.0200000000000003,8.99999999999999,1,4,68,0.5
1102,10740.658732,10739.692226,10739.872232,10740.605732,10741.871732,1,1.99999999999996,0.0200000000000003,8.99999999999999,1,4,68,0.5
1103,10743.440732,10742.521732,10742.663236,10743.387732,10745.043232,0,1.99999999999996,0.0200000000000003,8.00000000000001,2,3,67,0.5
1104,10746.539732,10745.487232,10745.709732,10746.486732,10747.934732,1,1.99999999999996,0.0200000000000003,8.99999999999999,1,4,68,0.5
1105,10749.392232,10748.626732,10748.755732,10749.339732,10750.762732,0,1.99999999999996,0.0200000000000003,8.00000000000001,2,3,67,0.5
1106,10751.996732,10751.306232,10751.516232,10751.943732,10753.488736,0,1.99999999999996,0.0200000000000003,8.00000000000001,2,3,67,0.5
1107,10754.719732,10753.933232,10754.211732,10754.667232,10756.365232,0,1.99999999999996,0.0200000000000003,8.00000000000001,2,3,67,0.5
1108,10758.284232,10756.877232,10757.451732,10758.232232,10759.333732,1,1.99999999999996,0.0200000000000003,8.99999999999999,1,4,68,0.5
1109,10760.702732,10759.882732,10760.039732,10760.650232,10761.863232,1,1.99999999999996,0.0200000000000003,8.99999999999999,1,4,68,0.5
1110,10763.121732,10762.405233,10762.500732,10763.121732,10763.345732,0,NaN,0,8.99999999999999,1,4,68,0.5
1111,10779.661732,10778.645732,10778.929232,10779.661732,10780.714734,1,NaN,0,8.00000000000001,2,3,67,0.5
1112,10790.773737,10789.820732,10790.094736,10790.721232,10792.180732,1,1.99999999999996,0.0200000000000003,8.99999999999999,1,4,68,0.5
1113,10793.418232,10792.594732,10792.798232,10793.365732,10794.955732,1,1.99999999999996,0.0200000000000003,8.99999999999999,1,4,68,0.5
1114,10796.236732,10795.422732,10795.572732,10796.183732,10797.176232,1,1.99999999999996,0.0200000000000003,8.99999999999999,1,4,68,0.5
1115,10798.573732,10797.763232,10797.957732,10798.520732,10799.968732,0,1.99999999999996,0.0200000000000003,8.00000000000001,2,3,67,0.5
1116,10801.273732,10800.546732,10800.779232,10801.221232,10802.775232,0,1.99999999999996,0.0200000000000003,8.00000000000001,2,3,67,0.5
1117,10804.448232,10803.323232,10803.591732,10804.395232,10805.714232,1,1.99999999999996,0.0200000000000003,8.99999999999999,1,4,68,0.5
1118,10807.079732,10806.207732,10806.452232,10807.026732,10808.361233,0,1.99999999999996,0.0200000000000003,8.00000000000001,2,3,67,0.5
1119,10810.176232,10809.310732,10809.499732,10810.123732,10811.309732,1,1.99999999999996,0.0200000000000003,8.99999999999999,1,4,68,0.5
1120,10812.640226,10811.863232,10812.034732,10812.587732,10813.955736,1,1.99999999999996,0.0200000000000003,8.99999999999999,1,4,68,0.5
1121,10815.386736,10814.556236,10814.816732,10815.333732,10817.198232,1,1.99999999999996,0.0200000000000003,8.99999999999999,1,4,68,0.5
1122,10818.618232,10817.779732,10817.903233,10818.565732,10820.115232,0,1.99999999999996,0.0200000000000003,8.00000000000001,2,3,67,0.5
1123,10821.472732,10820.751236,10820.963232,10821.419732,10823.117732,0,1.99999999999996,0.0200000000000003,8.00000000000001,2,3,67,0.5
1124,10824.948732,10824.049732,10824.237232,10824.895732,10825.828732,1,1.99999999999996,0.0200000000000003,8.99999999999999,1,4,68,0.5
1125,10827.261732,10826.359232,10826.519233,10827.209232,10828.683732,0,1.99999999999996,0.0200000000000003,8.00000000000001,2,3,67,0.5
1126,10830.412732,10829.513732,10829.705232,10830.360232,10831.622732,1,1.99999999999996,0.0200000000000003,8.99999999999999,1,4,68,0.5
1127,10832.931732,10832.123732,10832.262232,10832.931732,11350.040232,0,NaN,0,8.99999999999999,1,4,68,0.5
1128,11357.902732,11356.853232,11356.986732,11357.850234,11358.974732,1,1.99999999999996,0.0200000000000003,8.99999999999999,1,4,68,0.5
1129,11388.602732,11387.564732,11387.860232,11388.550232,11390.029233,0,1.99999999999996,0.0200000000000003,8.00000000000001,2,3,67,0.5
1130,11392.099232,11391.079732,11391.347236,11392.046232,11396.244232,1,1.99999999999996,0.0200000000000003,8.99999999999999,1,4,68,0.5
1131,11397.593232,11396.778236,11397.072232,11397.540232,11399.172732,0,1.99999999999996,0.0200000000000003,8.00000000000001,2,3,67,0.5
1132,11400.640232,11399.676232,11399.954232,11400.587732,11402.188232,1,1.99999999999996,0.0200000000000003,8.99999999999999,1,4,68,0.5
1133,11403.599732,11402.769232,11402.960732,11403.596732,11404.569732,1,1.99999999999996,0.0200000000000003,8.99999999999999,1,4,68,0.5
1134,11405.933232,11405.104732,11405.307736,11405.880732,11407.332232,1,1.99999999999996,0.0200000000000003,8.99999999999999,1,4,68,0.5
1135,11408.723732,11407.847232,11408.054232,11408.670732,11410.353734,0,1.99999999999996,0.0200000000000003,8.00000000000001,2,3,67,0.5
1136,11411.801732,11411.015732,11411.322232,11411.749232,11413.754732,0,1.99999999999996,0.0200000000000003,8.00000000000001,2,3,67,0.5
1137,11415.116732,11414.293732,11414.539232,11415.063732,11416.762232,0,1.99999999999996,0.0200000000000003,8.00000000000001,2,3,67,0.5
1138,11418.317232,11417.245232,11417.568232,11418.264232,11419.641732,1,1.99999999999996,0.0200000000000003,8.99999999999999,1,4,68,0.5
1139,11421.199732,11420.288726,11420.546737,11421.147236,11422.574732,0,1.99999999999996,0.0200000000000003,8.00000000000001,2,3,67,0.5
1140,11424.239232,11423.161732,11423.480232,11424.186232,11425.413732,1,1.99999999999996,0.0200000000000003,8.99999999999999,1,4,68,0.5
1141,11426.720232,11425.966232,11426.178732,11426.667232,11428.143732,1,1.99999999999996,0.0200000000000003,8.99999999999999,1,4,68,0.5
1142,11429.515232,11428.697232,11428.868732,11429.462232,11430.822732,1,1.99999999999996,0.0200000000000003,8.99999999999999,1,4,68,0.5
1143,11432.193732,11431.397232,11431.524736,11432.140732,11434.469232,0,1.99999999999996,0.0200000000000003,8.00000000000001,2,3,67,0.5
1144,11436.249732,11435.469232,11435.701232,11436.196732,11437.924732,0,1.99999999999996,0.0200000000000003,8.00000000000001,2,3,67,0.5
1145,11439.289732,11438.491732,11438.718732,11439.237732,11441.415732,0,1.99999999999996,0.0200000000000003,8.00000000000001,2,3,67,0.5
1146,11443.641232,11442.599232,11442.814732,11443.588736,11445.041236,1,1.99999999999996,0.0200000000000003,8.99999999999999,1,4,68,0.5
1147,11446.416733,11445.548736,11445.711232,11446.413732,11449.863733,1,1.99999999999996,0.0200000000000003,8.99999999999999,1,4,68,0.5
1148,11451.344732,11450.472732,11450.771732,11451.291232,11452.735732,0,1.99999999999996,0.0200000000000003,8.00000000000001,2,3,67,0.5
1149,11454.102232,11453.280236,11453.524232,11454.049732,11455.739232,0,1.99999999999996,0.0200000000000003,8.00000000000001,2,3,67,0.5
1150,11457.007236,11456.195732,11456.478732,11457.005232,11458.579732,0,1.99999999999996,0.0200000000000003,8.00000000000001,2,3,67,0.5
1151,11460.787232,11459.200732,11459.820732,11460.733732,11462.138732,1,1.99999999999996,0.0200000000000003,8.99999999999999,1,4,68,0.5
1152,11463.574232,11462.768232,11462.969232,11463.522232,11465.028732,1,1.99999999999996,0.0200000000000003,8.99999999999999,1,4,68,0.5
1153,11466.442732,11465.592232,11465.770732,11466.389732,11467.990732,0,1.99999999999996,0.0200000000000003,8.00000000000001,2,3,67,0.5
1154,11469.345232,11468.591732,11468.802732,11469.292733,11470.817732,0,1.99999999999996,0.0200000000000003,8.00000000000001,2,3,67,0.5
1155,11472.601232,11471.340732,11471.695232,11472.547733,11473.698232,1,1.99999999999996,0.0200000000000003,8.99999999999999,1,4,68,0.5
1156,11475.079732,11474.261732,11474.443732,11475.027232,11475.980232,1,1.99999999999996,0.0200000000000003,8.99999999999999,1,4,68,0.5
1157,11477.467732,11476.624232,11476.850732,11477.415234,11479.260732,0,1.99999999999996,0.0200000000000003,8.00000000000001,2,3,67,0.5
1158,11480.861233,11479.865732,11480.088232,11480.808232,11482.571732,1,1.99999999999996,0.0200000000000003,8.99999999999999,1,4,68,0.5
1159,11484.268732,11483.297232,11483.500732,11484.215732,11485.942732,0,1.99999999999996,0.0200000000000003,8.00000000000001,2,3,67,0.5
1160,11487.265732,11486.548732,11486.755232,11487.213232,11489.041732,0,1.99999999999996,0.0200000000000003,8.00000000000001,2,3,67,0.5
1161,11490.323233,11489.487732,11489.743232,11490.270732,11491.753732,0,1.99999999999996,0.0200000000000003,8.00000000000001,2,3,67,0.5
1162,11493.686732,11492.408237,11492.853232,11493.633732,11494.760732,1,1.99999999999996,0.0200000000000003,8.99999999999999,1,4,68,0.5
1163,11496.135232,11495.252232,11495.468232,11496.082732,11497.758232,0,1.99999999999996,0.0200000000000003,8.00000000000001,2,3,67,0.5
1164,11499.892732,11498.980232,11499.170232,11499.840232,11501.208232,1,1.99999999999996,0.0200000000000003,8.99999999999999,1,4,68,0.5
1165,11502.526732,11501.762733,11501.936232,11502.473732,11503.731234,1,1.99999999999996,0.0200000000000003,8.99999999999999,1,4,68,0.5
1166,11505.415232,11504.667232,11504.871733,11505.362232,11507.017732,1,1.99999999999996,0.0200000000000003,8.99999999999999,1,4,68,0.5
1167,11508.577732,11507.668231,11507.836232,11508.525232,11510.193732,0,1.99999999999996,0.0200000000000003,8.00000000000001,2,3,67,0.5
1168,11511.504732,11510.798734,11511.029732,11511.451734,11513.028732,0,1.99999999999996,0.0200000000000003,8.00000000000001,2,3,67,0.5
1169,11514.346732,11513.585732,11513.823232,11514.293732,11515.970236,0,1.99999999999996,0.0200000000000003,8.00000000000001,2,3,67,0.5
1170,11517.886232,11516.875232,11517.099736,11517.833232,11518.860236,1,1.99999999999996,0.0200000000000003,8.99999999999999,1,4,68,0.5
1171,11520.224232,11519.397732,11519.606732,11520.170732,11521.563232,1,1.99999999999996,0.0200000000000003,8.99999999999999,1,4,68,0.5
1172,11523.147232,11522.204732,11522.354233,11523.094732,11524.708731,0,1.99999999999996,0.0200000000000003,8.00000000000001,2,3,67,0.5
1173,11526.550232,11525.550232,11525.787233,11526.498232,11528.008232,1,1.99999999999996,0.0200000000000003,8.99999999999999,1,4,68,0.5
1174,11529.518232,11528.627232,11528.836232,11529.464732,11530.906733,0,1.99999999999996,0.0200000000000003,8.00000000000001,2,3,67,0.5
1175,11532.487232,11531.497734,11531.769232,11532.434232,11533.667732,1,1.99999999999996,0.0200000000000003,8.99999999999999,1,4,68,0.5
1176,11535.084732,11534.268232,11534.476232,11535.031732,11536.249232,1,1.99999999999996,0.0200000000000003,8.99999999999999,1,4,68,0.5
1177,11537.581732,11536.822232,11536.975232,11537.529232,11538.777233,1,1.99999999999996,0.0200000000000003,8.99999999999999,1,4,68,0.5
1178,11540.298734,11539.458732,11539.579732,11540.246232,11542.135233,0,1.99999999999996,0.0200000000000003,8.00000000000001,2,3,67,0.5
1179,11543.968732,11542.665732,11543.132232,11543.916232,11545.260233,1,1.99999999999996,0.0200000000000003,8.99999999999999,1,4,68,0.5
1180,11546.688232,11545.827232,11545.979732,11546.635732,11548.118732,0,1.99999999999996,0.0200000000000003,8.00000000000001,2,3,67,0.5
1181,11549.781732,11548.631732,11549.072232,11549.729232,11550.858236,1,1.99999999999996,0.0200000000000003,8.99999999999999,1,4,68,0.5
1182,11552.351232,11551.449232,11551.658233,11552.298232,11553.604732,0,1.99999999999996,0.0200000000000003,8.00000000000001,2,3,67,0.5
1183,11555.016732,11554.276232,11554.536232,11554.964232,11556.733732,0,1.99999999999996,0.0200000000000003,8.00000000000001,2,3,67,0.5
1184,11557.869732,11557.181232,11557.376232,11557.817232,11559.668232,0,1.99999999999996,0.0200000000000003,8.00000000000001,2,3,67,0.5
1185,11561.750732,11560.724232,11560.967732,11561.697732,11563.054732,1,1.99999999999996,0.0200000000000003,8.99999999999999,1,4,68,0.5
1186,11564.551236,11563.599732,11563.734732,11564.498232,11566.240736,0,1.99999999999996,0.0200000000000003,8.00000000000001,2,3,67,0.5
1187,11567.601236,11566.799737,11567.029232,11567.549232,11569.477232,0,1.99999999999996,0.0200000000000003,8.00000000000001,2,3,67,0.5
1188,11570.867732,11570.008732,11570.262232,11570.814732,11572.586732,0,1.99999999999996,0.0200000000000003,8.00000000000001,2,3,67,0.5
1189,11574.660232,11573.687232,11573.909232,11574.607232,11575.919733,1,1.99999999999996,0.0200000000000003,8.99999999999999,1,4,68,0.5
1190,11577.528233,11576.626732,11576.848732,11577.475732,11579.475232,0,1.99999999999996,0.0200000000000003,8.00000000000001,2,3,67,0.5
1191,11580.655233,11579.933732,11580.161732,11580.602232,11582.696732,0,1.99999999999996,0.0200000000000003,8.00000000000001,2,3,67,0.5
1192,11584.332232,11583.272732,11583.583232,11584.279232,11585.472732,1,1.99999999999996,0.0200000000000003,8.99999999999999,1,4,68,0.5
1193,11586.813233,11586.011232,11586.220732,11586.761232,11588.013733,1,1.99999999999996,0.0200000000000003,8.99999999999999,1,4,68,0.5
1194,11589.329232,11588.673232,11588.785732,11589.329232,11590.181236,0,NaN,0,8.99999999999999,1,4,68,0.5
1195,11703.001232,11701.701232,11702.072732,11702.948732,11704.579732,0,1.99999999999996,0.0200000000000003,8.00000000000001,2,3,67,0.5
1196,11719.726732,11707.105233,11707.296232,NaN,NaN,NaN,NaN,0,8.00000000000001,2,3,67,0.5
1197,11733.119232,11731.896232,11732.231232,11733.065732,11734.550232,0,1.99999999999996,0.0200000000000003,8.00000000000001,2,3,67,0.5
1198,11736.876232,11735.701732,11735.980233,11736.873232,11737.982736,1,1.99999999999996,0.0200000000000003,8.99999999999999,1,4,68,0.5
1199,11740.005232,11739.127234,11739.335732,11739.952232,11741.333732,1,1.99999999999996,0.0200000000000003,8.99999999999999,1,4,68,0.5
1200,11742.815732,11742.001732,11742.221232,11742.763232,11744.253232,0,1.99999999999996,0.0200000000000003,8.00000000000001,2,3,67,0.5
1201,11745.472732,11744.728732,11744.985232,11745.419732,11746.896232,0,1.99999999999996,0.0200000000000003,8.00000000000001,2,3,67,0.5
1202,11748.049732,11747.425232,11747.647732,11748.033226,11749.744232,0,1.99999999999996,0.0200000000000003,8.00000000000001,2,3,67,0.5
1203,11751.068732,11750.316232,11750.575232,11751.016232,11752.581732,0,1.99999999999996,0.0200000000000003,8.00000000000001,2,3,67,0.5
1204,11754.226732,11753.126732,11753.455232,11754.224232,11755.358233,1,1.99999999999996,0.0200000000000003,8.99999999999999,1,4,68,0.5
1205,11756.762232,11755.970732,11756.173732,11756.709732,11757.708732,1,1.99999999999996,0.0200000000000003,8.99999999999999,1,4,68,0.5
1206,11759.062232,11758.242226,11758.401732,11759.008732,11760.768732,0,1.99999999999996,0.0200000000000003,8.00000000000001,2,3,67,0.5
1207,11762.691232,11761.738732,11761.969232,11762.638732,11764.556232,1,1.99999999999996,0.0200000000000003,8.99999999999999,1,4,68,0.5
1208,11765.918732,11765.112232,11765.259732,11765.918732,11766.144732,0,NaN,0,8.99999999999999,1,4,68,0.5
1209,11777.008232,11776.078232,11776.314232,11777.008232,11778.262232,1,NaN,0,8.00000000000001,2,3,67,0.5
1210,11785.899732,11784.110232,11784.445233,11785.847732,11787.064732,1,1.99999999999996,0.0200000000000003,8.99999999999999,1,4,68,0.5
1211,11788.369232,11787.606732,11787.780732,11788.316232,11789.762232,0,1.99999999999996,0.0200000000000003,8.00000000000001,2,3,67,0.5
1212,11790.922732,11790.242232,11790.464732,11790.870233,11792.291732,0,1.99999999999996,0.0200000000000003,8.00000000000001,2,3,67,0.5
1213,11794.041732,11793.261732,11793.403232,11793.989232,11795.287732,1,1.99999999999996,0.0200000000000003,8.99999999999999,1,4,68,0.5
1214,11796.673732,11795.861733,11796.039732,11796.620736,11797.997732,1,1.99999999999996,0.0200000000000003,8.99999999999999,1,4,68,0.5
1215,11799.476732,11798.589732,11798.683732,11799.423732,11801.043732,1,1.99999999999996,0.0200000000000003,8.99999999999999,1,4,68,0.5
1216,11803.123232,11802.231232,11802.437232,11803.070232,11804.687232,0,1.99999999999996,0.0200000000000003,8.00000000000001,2,3,67,0.5
1217,11805.949732,11805.237232,11805.452232,11805.896732,11807.499232,0,1.99999999999996,0.0200000000000003,8.00000000000001,2,3,67,0.5
1218,11810.741236,11809.045736,11809.305236,11810.738232,11812.192732,1,1.99999999999996,0.0200000000000003,8.99999999999999,1,4,68,0.5
1219,11813.832232,11812.986232,11813.225732,11813.779732,11815.252735,0,1.99999999999996,0.0200000000000003,8.00000000000001,2,3,67,0.5
1220,11816.506732,11815.815732,11816.075232,11816.506732,11817.197232,0,NaN,0,8.99999999999999,1,4,68,0.5
1221,11831.135736,11830.176232,11830.431232,11831.082733,11832.647732,1,1.99999999999996,0.0200000000000003,8.99999999999999,1,4,68,0.5
1222,11834.113232,11833.287232,11833.494732,11834.060732,11835.141232,1,1.99999999999996,0.0200000000000003,8.99999999999999,1,4,68,0.5
1223,11836.349732,11835.669232,11835.828237,11836.349732,11836.912232,1,NaN,0,8.00000000000001,2,3,67,0.5
1224,11858.787233,11857.545232,11857.743732,11858.734732,11860.567732,0,1.99999999999996,0.0200000000000003,8.00000000000001,2,3,67,0.5
1225,11894.783234,11893.817232,11894.020232,11894.730732,11896.068733,1,1.99999999999996,0.0200000000000003,8.99999999999999,1,4,68,0.5
1226,11911.372732,11910.363232,11910.675732,11911.319732,11913.276732,0,1.99999999999996,0.0200000000000003,8.00000000000001,2,3,67,0.5
1227,11914.719732,11913.876732,11914.122232,11914.667232,11916.185232,0,1.99999999999996,0.0200000000000003,8.00000000000001,2,3,67,0.5
1228,11922.038232,11921.024232,11921.371232,11921.985232,11923.884232,0,1.99999999999996,0.0200000000000003,8.00000000000001,2,3,67,0.5
1229,11925.366236,11924.392732,11924.627732,11925.312733,11926.533232,1,1.99999999999996,0.0200000000000003,8.99999999999999,1,4,68,0.5
1230,11928.177736,11927.326232,11927.550232,11928.125232,11929.132232,0,1.99999999999996,0.0200000000000003,8.00000000000001,2,3,67,0.5
1231,11930.967732,11929.944234,11930.216232,11930.965232,11932.813732,1,1.99999999999996,0.0200000000000003,8.99999999999999,1,4,68,0.5
1232,11934.356732,11933.477232,11933.687732,11934.303732,11935.780232,0,1.99999999999996,0.0200000000000003,8.00000000000001,2,3,67,0.5
1233,11936.972732,11936.299732,11936.515232,11936.919732,11938.530232,0,1.99999999999996,0.0200000000000003,8.00000000000001,2,3,67,0.5
1234,11939.674234,11938.995232,11939.207232,11939.621732,11940.652732,0,1.99999999999996,0.0200000000000003,8.00000000000001,2,3,67,0.5
1235,11942.217235,11941.110733,11941.429236,11942.164232,11943.425732,1,1.99999999999996,0.0200000000000003,8.99999999999999,1,4,68,0.5
1236,11944.834232,11944.022732,11944.206232,11944.781232,11946.290232,0,1.99999999999996,0.0200000000000003,8.00000000000001,2,3,67,0.5
1237,11947.439232,11946.766232,11946.960232,11947.387232,11948.435732,0,1.99999999999996,0.0200000000000003,8.00000000000001,2,3,67,0.5
1238,11949.653232,11948.880232,11949.098732,11949.600732,11951.632732,0,1.99999999999996,0.0200000000000003,8.00000000000001,2,3,67,0.5
1239,11953.808236,11952.824232,11953.072732,11953.755732,11954.994732,1,1.99999999999996,0.0200000000000003,8.99999999999999,1,4,68,0.5
1240,11956.439236,11955.683232,11955.879232,11956.386732,11957.309232,1,1.99999999999996,0.0200000000000003,8.99999999999999,1,4,68,0.5
1241,11958.710732,11957.877732,11958.058232,11958.658232,11960.231232,0,1.99999999999996,0.0200000000000003,8.00000000000001,2,3,67,0.5
1242,11961.657732,11960.841732,11961.086732,11961.604732,11963.141232,0,1.99999999999996,0.0200000000000003,8.00000000000001,2,3,67,0.5
1243,11964.778732,11963.725732,11963.988232,11964.725232,11965.917232,1,1.99999999999996,0.0200000000000003,8.99999999999999,1,4,68,0.5
1244,11967.417736,11966.576232,11966.726732,11967.364732,11968.788732,0,1.99999999999996,0.0200000000000003,8.00000000000001,2,3,67,0.5
1245,11969.987732,11969.273226,11969.522732,11969.935732,11971.818232,0,1.99999999999996,0.0200000000000003,8.00000000000001,2,3,67,0.5
1246,11973.598733,11972.675232,11972.856732,11973.546232,11974.846732,1,1.99999999999996,0.0200000000000003,8.99999999999999,1,4,68,0.5
1247,11976.087732,11975.385732,11975.475732,11976.035732,11977.173732,1,1.99999999999996,0.0200000000000003,8.99999999999999,1,4,68,0.5
1248,11978.518736,11977.866232,11977.960236,11978.518736,11979.071232,0,NaN,0,8.99999999999999,1,4,68,0.5
1249,11991.833732,11990.942232,11991.208736,11991.781234,11993.406232,0,1.99999999999996,0.0200000000000003,8.00000000000001,2,3,67,0.5
1250,11994.752235,11993.986232,11994.205732,11994.699232,11996.767734,0,1.99999999999996,0.0200000000000003,8.00000000000001,2,3,67,0.5
1251,11998.637732,11997.275234,11997.889732,11998.584732,11999.551732,1,1.99999999999996,0.0200000000000003,8.99999999999999,1,4,68,0.5
1252,12001.215232,12000.327232,12000.566732,12001.162732,12002.447232,1,1.99999999999996,0.0200000000000003,8.99999999999999,1,4,68,0.5
1253,12003.896732,12003.126232,12003.277732,12003.843732,12004.915232,1,1.99999999999996,0.0200000000000003,8.99999999999999,1,4,68,0.5
1254,12006.527232,12005.605232,12005.750733,12006.474732,12008.073232,0,1.99999999999996,0.0200000000000003,8.00000000000001,2,3,67,0.5
1255,12009.368232,12008.665232,12008.887732,12009.315232,12010.883732,0,1.99999999999996,0.0200000000000003,8.00000000000001,2,3,67,0.5
1256,12012.131232,12011.382232,12011.624732,12012.128733,12013.812234,0,1.99999999999996,0.0200000000000003,8.00000000000001,2,3,67,0.5
1257,12015.579736,12014.644232,12014.863732,12015.526733,12016.696732,1,1.99999999999996,0.0200000000000003,8.99999999999999,1,4,68,0.5
1258,12017.844732,12017.221732,12017.298732,12017.844732,12019.092232,1,NaN,0,8.00000000000001,2,3,67,0.5
1259,12024.638232,12023.529234,12023.949232,12024.585236,12026.016232,1,1.99999999999996,0.0200000000000003,8.99999999999999,1,4,68,0.5
1260,12027.329736,12026.465732,12026.707232,12027.276732,12028.615732,0,1.99999999999996,0.0200000000000003,8.00000000000001,2,3,67,0.5
1261,12030.343732,12029.466232,12029.661732,12030.290732,12031.796733,1,1.99999999999996,0.0200000000000003,8.99999999999999,1,4,68,0.5
1262,12033.231732,12032.341732,12032.521232,12033.179232,12035.065735,0,1.99999999999996,0.0200000000000003,8.00000000000001,2,3,67,0.5
1263,12036.374232,12035.547732,12035.754232,12036.371232,12037.984232,0,1.99999999999996,0.0200000000000003,8.00000000000001,2,3,67,0.5
1264,12039.367232,12038.580736,12038.846232,12039.314232,12041.017732,0,1.99999999999996,0.0200000000000003,8.00000000000001,2,3,67,0.5
1265,12042.838736,12041.489232,12041.874232,12042.786232,12044.391732,1,1.99999999999996,0.0200000000000003,8.99999999999999,1,4,68,0.5
1266,12045.858232,12044.988232,12045.180732,12045.804732,12047.341732,0,1.99999999999996,0.0200000000000003,8.00000000000001,2,3,67,0.5
1267,12048.838232,12048.088732,12048.341732,12048.786232,12050.521236,0,1.99999999999996,0.0200000000000003,8.00000000000001,2,3,67,0.5
1268,12052.199232,12051.024732,12051.389232,12052.146232,12053.486732,1,1.99999999999996,0.0200000000000003,8.99999999999999,1,4,68,0.5
1269,12054.909732,12054.099732,12054.294732,12054.856732,12055.629233,1,1.99999999999996,0.0200000000000003,8.99999999999999,1,4,68,0.5
1270,12057.196732,12056.251732,12056.397232,12057.196732,12057.442733,0,NaN,0,8.99999999999999,1,4,68,0.5
1271,12399.999732,12398.819732,12399.127732,12399.999732,12529.698732,1,NaN,0,8.00000000000001,2,3,67,0.5
1272,12557.983732,12556.469232,12556.768732,12557.930736,12558.817232,1,1.99999999999996,0.0200000000000003,8.99999999999999,1,4,68,0.5
1273,12644.029732,12642.972232,12643.253732,12644.029732,13065.931236,0,NaN,0,8.99999999999999,1,4,68,0.5
1274,13077.679232,13076.668232,13076.988732,13077.679232,13139.409232,1,NaN,0,8.00000000000001,2,3,67,0.5
1275,13153.923736,13151.837732,13152.246732,13153.871732,13178.915732,1,1.99999999999996,0.0200000000000003,8.99999999999999,1,4,68,0.5
1276,13229.952232,13228.913232,13229.205732,13229.899732,13363.291732,1,1.99999999999996,0.0200000000000003,8.99999999999999,1,4,68,0.5
1277,13448.798232,13436.176732,13436.339232,NaN,NaN,NaN,NaN,0,8.99999999999999,1,4,68,0.5
1278,13553.876232,13552.085232,13552.274732,NaN,NaN,NaN,NaN,0,8.99999999999999,1,4,68,0.5
1279,13611.374732,13598.753236,13598.862236,NaN,13628.525734,NaN,NaN,0,8.99999999999999,1,4,68,0.5
1280,13667.854732,13655.233232,13655.543232,NaN,NaN,NaN,NaN,0,8.00000000000001,2,3,67,0.5
1281,13735.526232,13734.490732,13734.755236,13735.473732,13736.673233,1,1.99999999999996,0.0200000000000003,8.99999999999999,1,4,68,0.5
1282,13796.852232,13795.689732,13796.066232,13796.849232,13798.130233,0,1.99999999999996,0.0200000000000003,8.00000000000001,2,3,67,0.5
1283,13799.552732,13798.815232,13799.061232,13799.500232,13801.026732,0,1.99999999999996,0.0200000000000003,8.00000000000001,2,3,67,0.5
1284,13813.786232,13813.027232,13813.178732,13813.786232,13813.887232,0,NaN,0,8.99999999999999,1,4,68,0.5
1285,13843.876235,13841.946232,13842.129732,13843.823232,13845.059232,1,1.99999999999996,0.0200000000000003,8.99999999999999,1,4,68,0.5
1286,13851.617732,13850.224232,13850.335732,13851.066732,NaN,1,NaN,0,8.99999999999999,1,4,68,0.5
1287,13861.046732,13860.254732,13860.543232,13860.993732,13863.595732,0,1.99999999999996,0.0200000000000003,8.00000000000001,2,3,67,0.5
1288,13865.872232,13864.186732,13864.462733,13865.819236,13876.388736,1,1.99999999999996,0.0200000000000003,8.99999999999999,1,4,68,0.5
1289,13879.564732,13878.503732,13878.840233,13879.512732,13881.011732,0,1.99999999999996,0.0200000000000003,8.00000000000001,2,3,67,0.5
1290,13882.656232,13881.462232,13881.765732,13882.603732,13883.767232,1,1.99999999999996,0.0200000000000003,8.99999999999999,1,4,68,0.5
1291,13885.064232,13884.306236,13884.476232,13885.011732,13886.464232,1,1.99999999999996,0.0200000000000003,8.99999999999999,1,4,68,0.5
1292,13888.288732,13887.419732,13887.696732,13888.235732,13889.710732,0,1.99999999999996,0.0200000000000003,8.00000000000001,2,3,67,0.5
1293,13891.868236,13890.278236,13890.606732,13891.815732,13892.888232,1,1.99999999999996,0.0200000000000003,8.99999999999999,1,4,68,0.5
1294,13894.467232,13893.530733,13893.802733,13894.413732,NaN,0,1.99999999999996,0.0200000000000003,8.00000000000001,2,3,67,0.5
