trial,outcome,center_in,center_out,side_in,last_side_out,actions,reward,trial_types,odors,port_side,schedule,odor_name,odor_dur
1,732.620506,730.465841,731.060508,732.567173,761.241144,0,1.99999999999996,0.0200000000000003,5.99999999999996,2,1,65,0.5
2,787.735118,786.387786,786.669785,787.681784,829.961075,1,1.99999999999996,0.0200000000000003,7.00000000000003,1,2,66,0.5
3,831.966407,830.851741,831.293074,831.913073,835.258403,0,1.99999999999996,0.0200000000000003,5.99999999999996,2,1,65,0.5
4,850.432388,848.303724,848.56039,850.379055,867.569038,0,1.99999999999996,0.0200000000000003,5.99999999999996,2,1,65,0.5
5,869.037703,868.149704,868.545703,868.98437,882.627689,0,1.99999999999996,0.0200000000000003,5.99999999999996,2,1,65,0.5
6,893.085012,890.974348,891.419681,893.031679,899.245673,1,1.99999999999996,0.0200000000000003,7.00000000000003,1,2,66,0.5
7,902.285003,901.51767,901.775003,902.285003,913.793658,0,NaN,0,7.00000000000003,1,2,66,0.5
8,915.948989,915.208323,915.46299,915.948989,967.722271,0,NaN,0,7.00000000000003,1,2,66,0.5
9,969.135603,968.31827,968.477603,969.08227,972.473599,1,1.99999999999996,0.0200000000000003,7.00000000000003,1,2,66,0.5
10,982.959589,981.72559,981.746257,982.906256,1017.941554,1,1.99999999999996,0.0200000000000003,7.00000000000003,1,2,66,0.5
11,1019.916219,1018.91822,1019.010886,1019.862885,1060.066179,1,1.99999999999996,0.0200000000000003,7.00000000000003,1,2,66,0.5
12,1063.733508,1062.982176,1063.174175,1063.680175,1068.786836,0,1.99999999999996,0.0200000000000003,5.99999999999996,2,1,65,0.5
13,1071.7095,1070.308835,1070.998834,1071.656167,1074.284831,1,1.99999999999996,0.0200000000000003,7.00000000000003,1,2,66,0.5
14,1077.711494,1076.876162,1077.179495,1077.711494,1089.279483,0,NaN,0,7.00000000000003,1,2,66,0.5
15,1091.658814,1090.597481,1091.127481,1091.658814,1138.000101,1,NaN,0,5.99999999999996,2,1,65,0.5
16,1154.824084,1153.878085,1154.072751,1154.824084,1162.144076,1,NaN,0,5.99999999999996,2,1,65,0.5
17,1163.622075,1162.923409,1163.132742,1163.622075,1220.384018,1,NaN,0,5.99999999999996,2,1,65,0.5
18,1222.10535,1221.039351,1221.446017,1222.052017,1240.615998,1,1.99999999999996,0.0200000000000003,7.00000000000003,1,2,66,0.5
19,1244.657994,1243.446662,1244.003328,1244.604661,1247.051992,0,1.99999999999996,0.0200000000000003,5.99999999999996,2,1,65,0.5
20,1260.247978,1259.162646,1259.417313,1260.194645,1261.71731,0,1.99999999999996,0.0200000000000003,5.99999999999996,2,1,65,0.5
21,1267.659971,1266.553972,1266.931305,1267.606638,1278.12196,0,1.99999999999996,0.0200000000000003,5.99999999999996,2,1,65,0.5
22,1281.724624,1279.495959,1280.115958,1281.67129,1284.81662,1,1.99999999999996,0.0200000000000003,7.00000000000003,1,2,66,0.5
23,1287.055285,1285.941286,1286.294619,1287.001952,1291.730614,0,1.99999999999996,0.0200000000000003,5.99999999999996,2,1,65,0.5
24,1295.788609,1294.581944,1295.183943,1295.735276,1299.483939,1,1.99999999999996,0.0200000000000003,7.00000000000003,1,2,66,0.5
25,1310.421928,1307.965931,1309.526596,1310.368595,1313.180592,1,1.99999999999996,0.0200000000000003,7.00000000000003,1,2,66,0.5
26,1315.975256,1314.752591,1315.29659,1315.921923,1320.365252,0,1.99999999999996,0.0200000000000003,5.99999999999996,2,1,65,0.5
27,1323.155249,1321.005251,1321.345251,1323.155249,1330.730575,1,NaN,0,5.99999999999996,2,1,65,0.5
28,1333.165905,1331.970573,1332.624573,1333.165905,1359.302546,0,NaN,0,7.00000000000003,1,2,66,0.5
29,1360.809878,1359.986545,1360.258545,1360.756545,1375.972529,1,1.99999999999996,0.0200000000000003,7.00000000000003,1,2,66,0.5
30,1378.460527,1377.847861,1378.001194,1378.460527,1385.269853,1,NaN,0,5.99999999999996,2,1,65,0.5
31,1402.940502,1401.397837,1401.525837,1402.940502,1403.356502,1,NaN,0,5.99999999999996,2,1,65,0.5
32,1423.251149,1422.40915,1422.522483,1423.197815,1453.827785,0,1.99999999999996,0.0200000000000003,5.99999999999996,2,1,65,0.5
33,1465.66044,1464.88644,1465.115107,1465.607106,1473.353099,0,1.99999999999996,0.0200000000000003,5.99999999999996,2,1,65,0.5
34,1475.609096,1474.451764,1475.003764,1475.555763,1478.99776,1,1.99999999999996,0.0200000000000003,7.00000000000003,1,2,66,0.5
35,1481.391091,1480.551758,1480.843758,1481.391091,1485.257087,0,NaN,0,7.00000000000003,1,2,66,0.5
36,1493.706412,1492.08708,1492.773746,1493.653078,1496.860408,1,1.99999999999996,0.0200000000000003,7.00000000000003,1,2,66,0.5
37,1500.284405,1498.287074,1499.549739,1500.284405,1507.965064,0,NaN,0,7.00000000000003,1,2,66,0.5
38,1509.576396,1508.64373,1508.915063,1509.523062,1512.582393,0,1.99999999999996,0.0200000000000003,5.99999999999996,2,1,65,0.5
39,1514.754391,1513.469058,1514.028391,1514.701057,1517.537054,1,1.99999999999996,0.0200000000000003,7.00000000000003,1,2,66,0.5
40,1518.93772,1518.11172,1518.420387,1518.93772,1525.339713,0,NaN,0,7.00000000000003,1,2,66,0.5
41,1529.581042,1528.610377,1528.667043,1529.527709,1532.36104,0,1.99999999999996,0.0200000000000003,5.99999999999996,2,1,65,0.5
42,1535.10437,1534.341704,1534.386371,1535.051037,1537.553034,1,1.99999999999996,0.0200000000000003,7.00000000000003,1,2,66,0.5
43,1540.594365,1539.647699,1539.973699,1540.594365,1544.126361,0,NaN,0,7.00000000000003,1,2,66,0.5
44,1550.413022,1548.680357,1549.784355,1550.359688,1588.038317,0,1.99999999999996,0.0200000000000003,5.99999999999996,2,1,65,0.5
45,1590.252315,1589.471649,1589.744315,1590.252315,1590.560981,0,NaN,0,7.00000000000003,1,2,66,0.5
46,1652.021587,1650.805588,1650.920921,1652.021587,1653.512918,0,NaN,0,7.00000000000003,1,2,66,0.5
47,1711.332194,1710.413528,1710.656861,1711.278861,1717.193521,1,1.99999999999996,0.0200000000000003,7.00000000000003,1,2,66,0.5
48,1719.501519,1718.612853,1718.888853,1719.501519,1726.760179,0,NaN,0,7.00000000000003,1,2,66,0.5
49,1729.014843,1728.106844,1728.51751,1729.014843,1737.029502,0,NaN,0,7.00000000000003,1,2,66,0.5
50,1740.836164,1739.885499,1740.332832,1740.836164,1753.340152,0,NaN,0,7.00000000000003,1,2,66,0.5
51,1755.596816,1754.347484,1755.090817,1755.596816,1776.052129,0,NaN,0,7.00000000000003,1,2,66,0.5
52,1779.628792,1778.394794,1778.86746,1779.575459,1805.932766,1,1.99999999999996,0.0200000000000003,7.00000000000003,1,2,66,0.5
53,1807.142098,1806.520765,1806.733432,1807.142098,1817.194088,0,NaN,0,7.00000000000003,1,2,66,0.5
54,1818.78342,1817.923421,1818.276754,1818.730087,1822.747416,1,1.99999999999996,0.0200000000000003,7.00000000000003,1,2,66,0.5
55,1825.154747,1824.432747,1824.679414,1825.154747,1830.534075,0,NaN,0,7.00000000000003,1,2,66,0.5
56,1836.540069,1835.571403,1835.57807,1836.486735,1863.750708,1,1.99999999999996,0.0200000000000003,7.00000000000003,1,2,66,0.5
57,1865.177373,1864.394708,1864.444041,1865.177373,1870.292035,1,NaN,0,5.99999999999996,2,1,65,0.5
58,1910.327328,1909.516662,1909.691329,1910.327328,2072.067167,1,NaN,0,5.99999999999996,2,1,65,0.5
59,2073.741832,2072.877832,2073.156499,2073.688498,2076.318496,0,1.99999999999996,0.0200000000000003,5.99999999999996,2,1,65,0.5
60,2077.888494,2077.051828,2077.243161,2077.888494,2085.879819,1,NaN,0,5.99999999999996,2,1,65,0.5
61,2088.077817,2086.689819,2087.481818,2088.024484,2092.499146,0,1.99999999999996,0.0200000000000003,5.99999999999996,2,1,65,0.5
62,2094.751144,2093.117145,2094.196478,2094.751144,2109.289796,1,NaN,0,5.99999999999996,2,1,65,0.5
63,2110.683128,2109.819129,2110.149795,2110.683128,2125.654446,1,NaN,0,5.99999999999996,2,1,65,0.5
64,2128.211777,2127.253111,2127.617778,2128.158444,2129.795775,0,1.99999999999996,0.0200000000000003,5.99999999999996,2,1,65,0.5
65,2131.843107,2130.460441,2131.252441,2131.789773,2136.685769,1,1.99999999999996,0.0200000000000003,7.00000000000003,1,2,66,0.5
66,2138.260434,2137.321101,2137.771768,2138.260434,2138.4691,0,NaN,0,7.00000000000003,1,2,66,0.5
67,2148.613757,2147.763758,2147.928424,2148.560423,2163.272409,1,1.99999999999996,0.0200000000000003,7.00000000000003,1,2,66,0.5
68,2164.569741,2163.861075,2164.129074,2164.569741,2170.105069,0,NaN,0,7.00000000000003,1,2,66,0.5
69,2173.116399,2171.577067,2172.476399,2173.116399,2225.33568,0,NaN,0,7.00000000000003,1,2,66,0.5
70,2238.047667,2236.857002,2237.175001,2238.047667,2238.390334,0,NaN,0,7.00000000000003,1,2,66,0.5
71,2312.606259,2311.286261,2311.752927,2312.606259,2325.440913,0,NaN,0,7.00000000000003,1,2,66,0.5
72,2330.291575,2328.603577,2329.516242,2330.291575,2340.694898,0,NaN,0,7.00000000000003,1,2,66,0.5
73,2345.030894,2344.256894,2344.510227,2345.030894,2350.828221,0,NaN,0,7.00000000000003,1,2,66,0.5
74,2355.414217,2354.157551,2354.552217,2355.414217,2355.740883,0,NaN,0,7.00000000000003,1,2,66,0.5
75,2529.305376,2521.642717,2521.781383,NaN,2542.486696,NaN,NaN,0,7.00000000000003,1,2,66,0.5
76,2544.300694,2543.381362,2543.520695,2544.300694,2556.001349,0,NaN,0,7.00000000000003,1,2,66,0.5
77,2559.172679,2557.798014,2558.048014,2559.119346,2563.044676,1,1.99999999999996,0.0200000000000003,7.00000000000003,1,2,66,0.5
78,2565.068674,2564.090674,2564.479341,2565.068674,2573.662665,0,NaN,0,7.00000000000003,1,2,66,0.5
79,2574.826664,2574.113998,2574.375331,2574.826664,2580.023992,0,NaN,0,7.00000000000003,1,2,66,0.5
80,2583.495322,2582.348656,2582.795989,2583.441989,2585.691986,0,1.99999999999996,0.0200000000000003,5.99999999999996,2,1,65,0.5
81,2591.109981,2589.899982,2590.474648,2591.056648,2593.884645,1,1.99999999999996,0.0200000000000003,7.00000000000003,1,2,66,0.5
82,2595.710643,2594.78531,2595.140643,2595.710643,2598.19264,0,NaN,0,7.00000000000003,1,2,66,0.5
83,2610.788628,2608.51063,2610.045295,2610.735295,2612.835292,1,1.99999999999996,0.0200000000000003,7.00000000000003,1,2,66,0.5
84,2615.314623,2614.046625,2614.662624,2615.26129,2617.541288,0,1.99999999999996,0.0200000000000003,5.99999999999996,2,1,65,0.5
85,2619.530619,2618.365954,2618.849953,2619.477286,2620.272618,1,1.99999999999996,0.0200000000000003,7.00000000000003,1,2,66,0.5
86,2624.99128,2623.679282,2624.289281,2624.937947,2625.537946,1,1.99999999999996,0.0200000000000003,7.00000000000003,1,2,66,0.5
87,2628.52861,2626.447279,2627.835944,2628.475277,2631.237941,0,1.99999999999996,0.0200000000000003,5.99999999999996,2,1,65,0.5
88,2634.409938,2632.35194,2633.695272,2634.409938,2641.357264,1,NaN,0,5.99999999999996,2,1,65,0.5
89,2645.299927,2642.07393,2644.651927,2645.299927,2718.611853,1,NaN,0,5.99999999999996,2,1,65,0.5
90,2720.805184,2719.866519,2720.073852,2720.751851,2728.241177,1,1.99999999999996,0.0200000000000003,7.00000000000003,1,2,66,0.5
91,2730.414508,2728.951843,2729.319176,2730.361175,2733.999838,0,1.99999999999996,0.0200000000000003,5.99999999999996,2,1,65,0.5
92,2735.950503,2734.832504,2735.27317,2735.897169,2738.517833,1,1.99999999999996,0.0200000000000003,7.00000000000003,1,2,66,0.5
93,2740.417832,2739.551166,2739.763166,2740.364498,2743.189162,0,1.99999999999996,0.0200000000000003,5.99999999999996,2,1,65,0.5
94,2745.70516,2744.403161,2745.062494,2745.70516,2752.703819,1,NaN,0,5.99999999999996,2,1,65,0.5
95,2754.94715,2754.165151,2754.287818,2754.94715,2762.681143,1,NaN,0,5.99999999999996,2,1,65,0.5
96,2764.655141,2763.352475,2764.102474,2764.601807,2767.004472,0,1.99999999999996,0.0200000000000003,5.99999999999996,2,1,65,0.5
97,2768.901136,2767.687138,2768.267137,2768.847803,2771.391134,1,1.99999999999996,0.0200000000000003,7.00000000000003,1,2,66,0.5
98,2773.578465,2772.305133,2773.049132,2773.578465,2777.467794,0,NaN,0,7.00000000000003,1,2,66,0.5
99,2782.863789,2781.93979,2781.963123,2782.863789,2821.876417,1,NaN,0,5.99999999999996,2,1,65,0.5
100,2823.642415,2822.965749,2823.144415,2823.642415,2831.265074,1,NaN,0,5.99999999999996,2,1,65,0.5
101,2836.029736,2834.816404,2835.39507,2835.976403,2838.8084,0,1.99999999999996,0.0200000000000003,5.99999999999996,2,1,65,0.5
102,2841.099064,2839.733732,2840.415065,2841.099064,2849.883055,0,NaN,0,7.00000000000003,1,2,66,0.5
103,2851.976387,2850.865054,2851.407721,2851.923053,2854.215718,0,1.99999999999996,0.0200000000000003,5.99999999999996,2,1,65,0.5
104,2856.062383,2855.409717,2855.503716,2856.009049,2859.113713,1,1.99999999999996,0.0200000000000003,7.00000000000003,1,2,66,0.5
105,2860.857711,2860.021045,2860.286378,2860.857711,2865.062374,0,NaN,0,7.00000000000003,1,2,66,0.5
106,2983.127589,2981.95759,2981.978923,2983.074256,2985.50492,0,1.99999999999996,0.0200000000000003,5.99999999999996,2,1,65,0.5
107,3007.881564,3006.879565,3007.034898,3007.881564,3016.804888,1,NaN,0,5.99999999999996,2,1,65,0.5
108,3019.074886,3018.077554,3018.447553,3019.021553,3021.50355,0,1.99999999999996,0.0200000000000003,5.99999999999996,2,1,65,0.5
109,3022.984882,3022.202216,3022.382883,3022.984882,3033.456205,1,NaN,0,5.99999999999996,2,1,65,0.5
110,3034.747537,3034.084871,3034.260871,3034.747537,3163.025409,1,NaN,0,5.99999999999996,2,1,65,0.5
111,3164.693407,3163.863408,3164.095408,3164.640074,3168.334737,0,1.99999999999996,0.0200000000000003,5.99999999999996,2,1,65,0.5
112,3171.059401,3170.328068,3170.379402,3171.006068,3173.743398,1,1.99999999999996,0.0200000000000003,7.00000000000003,1,2,66,0.5
113,3175.998063,3175.18273,3175.35273,3175.944729,3178.315394,0,1.99999999999996,0.0200000000000003,5.99999999999996,2,1,65,0.5
114,3180.834058,3179.374726,3180.131392,3180.834058,3187.580718,1,NaN,0,5.99999999999996,2,1,65,0.5
115,3189.849382,3188.538717,3189.315383,3189.849382,3199.936705,0,NaN,0,7.00000000000003,1,2,66,0.5
116,3201.055371,3200.411372,3200.602038,3201.055371,3226.150012,0,NaN,0,7.00000000000003,1,2,66,0.5
117,3227.534678,3226.660012,3226.830678,3227.534678,3230.611341,0,NaN,0,7.00000000000003,1,2,66,0.5
118,3237.456668,3235.140003,3236.612002,3237.403335,3239.794665,1,1.99999999999996,0.0200000000000003,7.00000000000003,1,2,66,0.5
119,3242.21533,3241.031998,3241.70933,3242.21533,3256.225982,0,NaN,0,7.00000000000003,1,2,66,0.5
120,3258.49198,3257.249315,3257.869314,3258.438647,3260.781978,1,1.99999999999996,0.0200000000000003,7.00000000000003,1,2,66,0.5
121,3262.485309,3261.65531,3261.885977,3262.431976,3265.643977,0,1.99999999999996,0.0200000000000003,5.99999999999996,2,1,65,0.5
122,3269.131303,3266.702639,3268.135304,3269.07797,3271.177301,1,1.99999999999996,0.0200000000000003,7.00000000000003,1,2,66,0.5
123,3273.509298,3272.305966,3272.873299,3273.455965,3276.811295,0,1.99999999999996,0.0200000000000003,5.99999999999996,2,1,65,0.5
124,3278.986626,3277.949294,3278.351294,3278.933293,3281.544624,1,1.99999999999996,0.0200000000000003,7.00000000000003,1,2,66,0.5
125,3283.501288,3282.541289,3282.904622,3283.447955,3286.161952,0,1.99999999999996,0.0200000000000003,5.99999999999996,2,1,65,0.5
126,3287.626618,3286.885952,3287.086618,3287.626618,3294.863277,1,NaN,0,5.99999999999996,2,1,65,0.5
127,3296.934608,3295.73661,3296.339942,3296.881942,3299.586606,0,1.99999999999996,0.0200000000000003,5.99999999999996,2,1,65,0.5
128,3302.001937,3300.912604,3301.344604,3302.001937,3306.198599,1,NaN,0,5.99999999999996,2,1,65,0.5
129,3312.05326,3309.387929,3311.299261,3311.999927,3313.191925,1,1.99999999999996,0.0200000000000003,7.00000000000003,1,2,66,0.5
130,3315.285257,3314.064591,3314.718591,3315.285257,3326.471912,0,NaN,0,7.00000000000003,1,2,66,0.5
131,3328.19591,3327.275911,3327.666578,3328.142577,3330.374575,0,1.99999999999996,0.0200000000000003,5.99999999999996,2,1,65,0.5
132,3331.785907,3331.031908,3331.236574,3331.785907,3347.052558,1,NaN,0,5.99999999999996,2,1,65,0.5
133,3348.73589,3348.120557,3348.20389,3348.73589,3363.034542,1,NaN,0,5.99999999999996,2,1,65,0.5
134,3364.451207,3363.654542,3363.957875,3364.451207,3371.173867,1,NaN,0,5.99999999999996,2,1,65,0.5
135,3384.901187,3377.721861,3377.834527,NaN,NaN,NaN,NaN,0,7.00000000000003,1,2,66,0.5
136,3398.567173,3397.511174,3397.586508,3398.51384,3400.963171,0,1.99999999999996,0.0200000000000003,5.99999999999996,2,1,65,0.5
137,3407.679831,3406.541832,3406.787165,3407.626498,3409.313829,0,1.99999999999996,0.0200000000000003,5.99999999999996,2,1,65,0.5
138,3411.107161,3410.259828,3410.361162,3411.053828,3414.535824,1,1.99999999999996,0.0200000000000003,7.00000000000003,1,2,66,0.5
139,3416.598489,3415.587156,3415.899156,3416.545155,3419.219819,0,1.99999999999996,0.0200000000000003,5.99999999999996,2,1,65,0.5
140,3421.543817,3420.753151,3420.885151,3421.543817,3429.324476,1,NaN,0,5.99999999999996,2,1,65,0.5
141,3431.199807,3430.062475,3430.485808,3431.146474,3433.619138,0,1.99999999999996,0.0200000000000003,5.99999999999996,2,1,65,0.5
142,3436.703802,3434.857804,3435.615803,3436.650469,3439.299133,1,1.99999999999996,0.0200000000000003,7.00000000000003,1,2,66,0.5
143,3441.457797,3440.337132,3440.837131,3441.404464,3444.209128,0,1.99999999999996,0.0200000000000003,5.99999999999996,2,1,65,0.5
144,3446.103793,3445.243127,3445.487126,3446.103793,3452.00112,1,NaN,0,5.99999999999996,2,1,65,0.5
145,3454.192451,3453.064452,3453.648452,3454.192451,3457.357115,0,NaN,0,7.00000000000003,1,2,66,0.5
146,3875.543363,3868.94537,3869.060703,3875.49003,3884.268021,1,1.99999999999996,0.0200000000000003,7.00000000000003,1,2,66,0.5
147,3887.526684,3885.136687,3885.34002,3887.526684,3894.140678,0,NaN,0,7.00000000000003,1,2,66,0.5
148,3896.045343,3894.983344,3895.242677,3896.045343,3909.091996,0,NaN,0,7.00000000000003,1,2,66,0.5
149,3910.993994,3909.995329,3910.131328,3910.993994,3941.543964,0,NaN,0,7.00000000000003,1,2,66,0.5
150,3943.007962,3942.209963,3942.341963,3942.954629,3945.929293,0,1.99999999999996,0.0200000000000003,5.99999999999996,2,1,65,0.5
151,3947.860624,3946.821958,3947.195291,3947.807291,3949.513289,1,1.99999999999996,0.0200000000000003,7.00000000000003,1,2,66,0.5
152,3951.271287,3950.260622,3950.603288,3951.271287,3973.250599,0,NaN,0,7.00000000000003,1,2,66,0.5
153,3974.662597,3973.902598,3974.145264,3974.662597,4004.133234,0,NaN,0,7.00000000000003,1,2,66,0.5
154,4022.287883,4021.49655,4021.71055,4022.23455,4024.760547,1,1.99999999999996,0.0200000000000003,7.00000000000003,1,2,66,0.5
155,4026.788545,4025.560546,4026.098546,4026.735212,4029.743876,0,1.99999999999996,0.0200000000000003,5.99999999999996,2,1,65,0.5
156,4031.507874,4030.634541,4030.892541,4031.507874,4037.492534,1,NaN,0,5.99999999999996,2,1,65,0.5
157,4039.469199,4038.1792,4038.8852,4039.415866,4041.555864,1,1.99999999999996,0.0200000000000003,7.00000000000003,1,2,66,0.5
158,4043.409862,4042.295863,4042.778529,4043.356529,4047.241858,0,1.99999999999996,0.0200000000000003,5.99999999999996,2,1,65,0.5
159,4048.96119,4048.073857,4048.403857,4048.96119,4076.606495,1,NaN,0,5.99999999999996,2,1,65,0.5
160,4083.807155,4082.909822,4083.137155,4083.753822,4089.459149,0,1.99999999999996,0.0200000000000003,5.99999999999996,2,1,65,0.5
161,4092.819812,4091.941813,4092.231146,4092.819812,4120.455118,1,NaN,0,5.99999999999996,2,1,65,0.5
162,4169.325069,4168.644403,4168.668403,4169.325069,4183.549722,1,NaN,0,5.99999999999996,2,1,65,0.5
163,4184.924387,4184.285721,4184.394388,4184.924387,4195.44171,1,NaN,0,5.99999999999996,2,1,65,0.5
164,4198.297707,4197.407708,4197.723041,4198.244374,4200.998371,0,1.99999999999996,0.0200000000000003,5.99999999999996,2,1,65,0.5
165,4202.726369,4201.76237,4202.177036,4202.726369,4204.996367,1,NaN,0,5.99999999999996,2,1,65,0.5
166,4215.146357,4214.467691,4214.503024,4215.146357,4219.165019,1,NaN,0,5.99999999999996,2,1,65,0.5
167,4227.713678,4226.200346,4227.047678,4227.660344,4230.161008,1,1.99999999999996,0.0200000000000003,7.00000000000003,1,2,66,0.5
168,4231.761674,4230.865008,4231.159007,4231.70834,4233.685672,0,1.99999999999996,0.0200000000000003,5.99999999999996,2,1,65,0.5
169,4235.281003,4234.410338,4234.757004,4235.281003,4246.002993,1,NaN,0,5.99999999999996,2,1,65,0.5
170,4247.802324,4246.779658,4247.044992,4247.748991,4250.038322,0,1.99999999999996,0.0200000000000003,5.99999999999996,2,1,65,0.5
171,4252.745653,4251.269654,4252.020987,4252.745653,4260.372978,0,NaN,0,7.00000000000003,1,2,66,0.5
172,4262.504309,4261.62831,4261.80231,4262.504309,4265.360307,0,NaN,0,7.00000000000003,1,2,66,0.5
173,4271.595634,4269.680969,4270.734301,4271.595634,4309.160263,0,NaN,0,7.00000000000003,1,2,66,0.5
174,4312.633593,4311.481594,4311.758931,4312.633593,4316.938255,0,NaN,0,7.00000000000003,1,2,66,0.5
175,4325.420247,4324.469581,4324.85558,4325.420247,4656.935248,0,NaN,0,7.00000000000003,1,2,66,0.5
176,4672.162566,4659.539912,4659.727912,NaN,4777.279795,NaN,NaN,0,7.00000000000003,1,2,66,0.5
177,4783.264455,4780.569125,4782.09179,4783.211122,4786.334452,1,1.99999999999996,0.0200000000000003,7.00000000000003,1,2,66,0.5
178,4788.813116,4787.838451,4788.135117,4788.813116,4792.685779,0,NaN,0,7.00000000000003,1,2,66,0.5
179,4796.809775,4795.863109,4796.210442,4796.809775,4829.315743,0,NaN,0,7.00000000000003,1,2,66,0.5
180,4832.004407,4830.927074,4831.227074,4832.004407,4836.894402,0,NaN,0,7.00000000000003,1,2,66,0.5
181,4841.79373,4840.425731,4841.127064,4841.740397,4854.106384,1,1.99999999999996,0.0200000000000003,7.00000000000003,1,2,66,0.5
182,4855.499716,4854.692384,4854.933717,4855.499716,4929.442309,0,NaN,0,7.00000000000003,1,2,66,0.5
183,4957.209615,4953.811618,4953.911618,4957.156282,4959.983612,1,1.99999999999996,0.0200000000000003,7.00000000000003,1,2,66,0.5
184,4962.541609,4961.193611,4961.68561,4962.541609,4979.973592,0,NaN,0,7.00000000000003,1,2,66,0.5
185,4981.588257,4980.786924,4981.040258,4981.534924,4984.966254,1,1.99999999999996,0.0200000000000003,7.00000000000003,1,2,66,0.5
186,4986.867585,4985.936253,4986.204253,4986.867585,4993.494912,0,NaN,0,7.00000000000003,1,2,66,0.5
187,4995.139577,4994.082245,4994.428911,4995.139577,5002.667569,0,NaN,0,7.00000000000003,1,2,66,0.5
188,5005.436233,5004.010901,5004.747567,5005.436233,5009.408229,0,NaN,0,7.00000000000003,1,2,66,0.5
189,5017.044222,5015.594223,5016.080889,5017.044222,5038.1482,0,NaN,0,7.00000000000003,1,2,66,0.5
190,5040.158198,5038.775533,5039.551532,5040.104865,5042.921529,0,1.99999999999996,0.0200000000000003,5.99999999999996,2,1,65,0.5
191,5044.722861,5043.667528,5044.122861,5044.722861,5051.960187,1,NaN,0,5.99999999999996,2,1,65,0.5
192,5054.845517,5053.290185,5054.297518,5054.845517,5061.964843,0,NaN,0,7.00000000000003,1,2,66,0.5
193,5065.440173,5064.406174,5064.900174,5065.38684,5068.641503,0,1.99999999999996,0.0200000000000003,5.99999999999996,2,1,65,0.5
194,5071.247501,5069.647502,5070.547501,5071.194167,5074.213498,1,1.99999999999996,0.0200000000000003,7.00000000000003,1,2,66,0.5
195,5076.028829,5075.09083,5075.316163,5075.975496,5078.685493,0,1.99999999999996,0.0200000000000003,5.99999999999996,2,1,65,0.5
196,5080.962158,5079.655492,5080.121492,5080.908824,5083.711488,1,1.99999999999996,0.0200000000000003,7.00000000000003,1,2,66,0.5
197,5085.621486,5084.658154,5084.88282,5085.621486,5092.202813,0,NaN,0,7.00000000000003,1,2,66,0.5
198,5094.468811,5093.064146,5093.666812,5094.468811,5103.248802,0,NaN,0,7.00000000000003,1,2,66,0.5
199,5106.896798,5105.689466,5106.229466,5106.843465,5109.252796,0,1.99999999999996,0.0200000000000003,5.99999999999996,2,1,65,0.5
200,5111.526794,5110.654128,5110.799461,5111.47346,5114.230124,1,1.99999999999996,0.0200000000000003,7.00000000000003,1,2,66,0.5
201,5117.100122,5115.742123,5116.280122,5117.046788,5120.052785,0,1.99999999999996,0.0200000000000003,5.99999999999996,2,1,65,0.5
202,5121.992783,5120.982118,5121.315451,5121.93945,5132.212773,1,1.99999999999996,0.0200000000000003,7.00000000000003,1,2,66,0.5
203,5134.92277,5133.522772,5134.185438,5134.869437,5138.378767,0,1.99999999999996,0.0200000000000003,5.99999999999996,2,1,65,0.5
204,5141.085431,5139.839432,5140.262098,5141.032098,5144.284094,1,1.99999999999996,0.0200000000000003,7.00000000000003,1,2,66,0.5
205,5146.834092,5145.790093,5146.200092,5146.834092,5149.852089,0,NaN,0,7.00000000000003,1,2,66,0.5
206,5154.624751,5153.469418,5153.497418,5154.571417,5157.995414,0,1.99999999999996,0.0200000000000003,5.99999999999996,2,1,65,0.5
207,5160.611411,5159.300079,5159.912745,5160.558078,5163.501408,1,1.99999999999996,0.0200000000000003,7.00000000000003,1,2,66,0.5
208,5166.228072,5164.813407,5165.43874,5166.174739,5168.731403,0,1.99999999999996,0.0200000000000003,5.99999999999996,2,1,65,0.5
209,5170.508735,5169.554736,5169.886069,5170.508735,5178.558727,1,NaN,0,5.99999999999996,2,1,65,0.5
210,5181.824723,5180.144725,5181.070057,5181.824723,5188.481383,1,NaN,0,5.99999999999996,2,1,65,0.5
211,5190.324715,5189.176049,5189.714716,5190.271382,5193.337379,0,1.99999999999996,0.0200000000000003,5.99999999999996,2,1,65,0.5
212,5195.47871,5194.171378,5194.854044,5195.47871,5200.952038,1,NaN,0,5.99999999999996,2,1,65,0.5
213,5203.757368,5201.914037,5202.974702,5203.704035,5207.760031,0,1.99999999999996,0.0200000000000003,5.99999999999996,2,1,65,0.5
214,5209.844695,5208.847363,5209.164029,5209.844695,5220.694018,1,NaN,0,5.99999999999996,2,1,65,0.5
215,5230.030009,5228.282677,5228.400677,5229.976675,5233.528005,1,1.99999999999996,0.0200000000000003,7.00000000000003,1,2,66,0.5
216,5235.46267,5234.171338,5234.630004,5235.409337,5237.747334,0,1.99999999999996,0.0200000000000003,5.99999999999996,2,1,65,0.5
217,5240.140665,5238.838666,5239.297333,5240.087332,5242.316663,0,1.99999999999996,0.0200000000000003,5.99999999999996,2,1,65,0.5
218,5244.269994,5243.198662,5243.578662,5244.216661,5247.208658,1,1.99999999999996,0.0200000000000003,7.00000000000003,1,2,66,0.5
219,5249.485322,5248.484657,5248.896656,5249.485322,5252.586653,0,NaN,0,7.00000000000003,1,2,66,0.5
220,5258.89598,5257.291315,5257.961981,5258.842646,5261.003311,0,1.99999999999996,0.0200000000000003,5.99999999999996,2,1,65,0.5
221,5262.884642,5261.850643,5262.19531,5262.884642,5265.887973,0,NaN,0,7.00000000000003,1,2,66,0.5
222,5272.918632,5270.454635,5271.9893,5272.865299,5275.145963,0,1.99999999999996,0.0200000000000003,5.99999999999996,2,1,65,0.5
223,5277.725961,5275.948629,5276.516629,5277.672628,5280.679958,1,1.99999999999996,0.0200000000000003,7.00000000000003,1,2,66,0.5
224,5282.533289,5281.623957,5281.89929,5282.533289,5289.515949,0,NaN,0,7.00000000000003,1,2,66,0.5
225,5291.434614,5290.234615,5290.806614,5291.381281,5294.195944,0,1.99999999999996,0.0200000000000003,5.99999999999996,2,1,65,0.5
226,5295.853276,5294.891277,5295.241277,5295.853276,5298.138607,0,NaN,0,7.00000000000003,1,2,66,0.5
227,5308.322597,5305.065934,5305.165267,5308.322597,5321.496584,0,NaN,0,7.00000000000003,1,2,66,0.5
228,5323.841915,5323.039916,5323.237915,5323.788581,5326.709912,1,1.99999999999996,0.0200000000000003,7.00000000000003,1,2,66,0.5
229,5330.159242,5328.813243,5329.352576,5330.105908,5332.928572,1,1.99999999999996,0.0200000000000003,7.00000000000003,1,2,66,0.5
230,5334.831904,5333.681905,5334.156571,5334.77857,5337.272568,0,1.99999999999996,0.0200000000000003,5.99999999999996,2,1,65,0.5
231,5339.189233,5338.177234,5338.4219,5339.135899,5342.519896,1,1.99999999999996,0.0200000000000003,7.00000000000003,1,2,66,0.5
232,5344.498561,5343.408562,5343.837228,5344.498561,5348.677223,0,NaN,0,7.00000000000003,1,2,66,0.5
233,5353.525218,5352.598553,5352.969219,5353.525218,5383.710522,0,NaN,0,7.00000000000003,1,2,66,0.5
234,5385.691853,5384.713187,5384.873854,5385.691853,5391.888513,1,NaN,0,5.99999999999996,2,1,65,0.5
235,5868.20537,5867.147371,5867.374705,5868.152037,5870.450035,0,1.99999999999996,0.0200000000000003,5.99999999999996,2,1,65,0.5
236,5872.560699,5871.5907,5871.808033,5872.560699,5902.796002,1,NaN,0,5.99999999999996,2,1,65,0.5
237,5906.899998,5906.174666,5906.281999,5906.846665,5909.774662,1,1.99999999999996,0.0200000000000003,7.00000000000003,1,2,66,0.5
238,5911.713994,5910.699995,5910.918661,5911.66066,5914.242658,0,1.99999999999996,0.0200000000000003,5.99999999999996,2,1,65,0.5
239,5917.073322,5915.492656,5916.124656,5917.019988,5919.524652,0,1.99999999999996,0.0200000000000003,5.99999999999996,2,1,65,0.5
240,5922.071983,5921.043318,5921.343984,5922.01865,5924.008648,0,1.99999999999996,0.0200000000000003,5.99999999999996,2,1,65,0.5
241,5925.66398,5924.777314,5924.987314,5925.66398,5929.01531,0,NaN,0,7.00000000000003,1,2,66,0.5
242,5936.789302,5934.004638,5935.851969,5936.735969,5939.274633,1,1.99999999999996,0.0200000000000003,7.00000000000003,1,2,66,0.5
243,5942.083297,5941.142631,5941.44463,5942.083297,5965.027274,0,NaN,0,7.00000000000003,1,2,66,0.5
244,5967.065938,5966.161272,5966.481272,5967.065938,5973.469265,0,NaN,0,7.00000000000003,1,2,66,0.5
245,5975.65793,5974.441264,5975.023264,5975.604596,5978.318594,0,1.99999999999996,0.0200000000000003,5.99999999999996,2,1,65,0.5
246,5980.793924,5979.273259,5979.939259,5980.740591,5983.708588,1,1.99999999999996,0.0200000000000003,7.00000000000003,1,2,66,0.5
247,5985.653253,5984.513254,5984.866587,5985.59992,5987.420585,0,1.99999999999996,0.0200000000000003,5.99999999999996,2,1,65,0.5
248,5989.437916,5988.28125,5988.68925,5989.384583,5991.937247,1,1.99999999999996,0.0200000000000003,7.00000000000003,1,2,66,0.5
249,5995.817243,5994.392578,5995.076577,5995.76391,5999.585906,1,1.99999999999996,0.0200000000000003,7.00000000000003,1,2,66,0.5
250,6001.677904,6000.581905,6000.999238,6001.62457,6003.945901,0,1.99999999999996,0.0200000000000003,5.99999999999996,2,1,65,0.5
251,6006.274566,6004.973234,6005.532566,6006.274566,6012.808559,1,NaN,0,5.99999999999996,2,1,65,0.5
252,6018.746553,6017.675221,6018.13722,6018.746553,6048.015191,0,NaN,0,7.00000000000003,1,2,66,0.5
253,6049.518522,6048.71919,6048.940523,6049.518522,6093.114479,1,NaN,0,5.99999999999996,2,1,65,0.5
254,6095.183143,6094.425144,6094.581811,6095.183143,6098.736473,1,NaN,0,5.99999999999996,2,1,65,0.5
255,6105.5098,6104.302468,6104.611801,6105.5098,6109.359129,0,NaN,0,7.00000000000003,1,2,66,0.5
256,6112.941126,6111.955793,6112.181793,6112.887792,6115.425123,0,1.99999999999996,0.0200000000000003,5.99999999999996,2,1,65,0.5
257,6117.106455,6116.282456,6116.484455,6117.053122,6119.648452,1,1.99999999999996,0.0200000000000003,7.00000000000003,1,2,66,0.5
258,6121.67845,6120.657785,6121.002451,6121.67845,6127.763111,0,NaN,0,7.00000000000003,1,2,66,0.5
259,6129.759776,6128.55111,6129.031776,6129.759776,6134.988437,0,NaN,0,7.00000000000003,1,2,66,0.5
260,6140.189765,6137.122435,6137.626434,6140.136432,6143.185095,1,1.99999999999996,0.0200000000000003,7.00000000000003,1,2,66,0.5
261,6145.400427,6144.241094,6144.768427,6145.347093,6148.287757,0,1.99999999999996,0.0200000000000003,5.99999999999996,2,1,65,0.5
262,6151.309754,6150.287755,6150.441755,6151.256421,6153.336419,1,1.99999999999996,0.0200000000000003,7.00000000000003,1,2,66,0.5
263,6155.69775,6154.563751,6155.015084,6155.644416,6157.645081,0,1.99999999999996,0.0200000000000003,5.99999999999996,2,1,65,0.5
264,6159.757745,6158.520413,6159.04308,6159.757745,6166.178406,1,NaN,0,5.99999999999996,2,1,65,0.5
265,6169.113736,6168.133737,6168.530403,6169.113736,6177.269061,0,NaN,0,7.00000000000003,1,2,66,0.5
266,6182.564389,6181.080391,6181.575724,6182.511056,6184.795054,1,1.99999999999996,0.0200000000000003,7.00000000000003,1,2,66,0.5
267,6186.990385,6185.859053,6186.349719,6186.937052,6189.054383,0,1.99999999999996,0.0200000000000003,5.99999999999996,2,1,65,0.5
268,6191.355714,6189.924382,6190.522381,6191.302381,6194.623044,1,1.99999999999996,0.0200000000000003,7.00000000000003,1,2,66,0.5
269,6196.548376,6195.546376,6195.923709,6196.495042,6198.632373,0,1.99999999999996,0.0200000000000003,5.99999999999996,2,1,65,0.5
270,6200.651705,6199.457706,6199.959039,6200.651705,6203.445702,0,NaN,0,7.00000000000003,1,2,66,0.5
271,6212.582359,6209.007696,6209.784362,6212.529026,6216.091023,1,1.99999999999996,0.0200000000000003,7.00000000000003,1,2,66,0.5
272,6219.189686,6217.763688,6218.09302,6219.189686,6223.218349,0,NaN,0,7.00000000000003,1,2,66,0.5
273,6227.473011,6226.256346,6226.789012,6227.419678,6229.641676,0,1.99999999999996,0.0200000000000003,5.99999999999996,2,1,65,0.5
274,6231.575674,6230.433008,6230.754341,6231.575674,6249.518989,0,NaN,0,7.00000000000003,1,2,66,0.5
275,6251.697654,6250.554321,6250.746321,6251.697654,6254.619651,0,NaN,0,7.00000000000003,1,2,66,0.5
276,6259.681646,6258.626313,6259.085646,6259.681646,6265.863639,0,NaN,0,7.00000000000003,1,2,66,0.5
277,6270.134968,6268.621637,6269.022303,6270.082302,6276.349629,1,1.99999999999996,0.0200000000000003,7.00000000000003,1,2,66,0.5
278,6278.96096,6277.883627,6278.22696,6278.96096,6284.820954,0,NaN,0,7.00000000000003,1,2,66,0.5
279,6290.706948,6288.434283,6289.894949,6290.653615,6293.724945,1,1.99999999999996,0.0200000000000003,7.00000000000003,1,2,66,0.5
280,6299.183606,6296.552275,6296.904275,6299.130273,6303.248935,1,1.99999999999996,0.0200000000000003,7.00000000000003,1,2,66,0.5
281,6307.243598,6306.207599,6306.503599,6307.190265,6311.378261,1,1.99999999999996,0.0200000000000003,7.00000000000003,1,2,66,0.5
282,6315.814923,6314.299591,6314.735591,6315.814923,6322.488916,0,NaN,0,7.00000000000003,1,2,66,0.5
283,6325.064914,6323.890248,6324.405581,6325.064914,6331.510907,0,NaN,0,7.00000000000003,1,2,66,0.5
284,6334.430904,6332.294906,6333.450905,6334.377571,6337.210235,0,1.99999999999996,0.0200000000000003,5.99999999999996,2,1,65,0.5
285,6339.248233,6337.895567,6338.460233,6339.194899,6341.549564,1,1.99999999999996,0.0200000000000003,7.00000000000003,1,2,66,0.5
286,6343.560895,6342.271563,6342.664229,6343.560895,6351.294221,0,NaN,0,7.00000000000003,1,2,66,0.5
287,6353.808218,6352.06822,6352.677553,6353.754885,6355.870883,0,1.99999999999996,0.0200000000000003,5.99999999999996,2,1,65,0.5
288,6357.626214,6356.606215,6356.954882,6357.572881,6359.792879,1,1.99999999999996,0.0200000000000003,7.00000000000003,1,2,66,0.5
289,6361.77221,6360.663545,6361.102878,6361.77221,6363.946208,0,NaN,0,7.00000000000003,1,2,66,0.5
290,6371.160867,6368.915536,6370.044869,6371.160867,6378.99886,0,NaN,0,7.00000000000003,1,2,66,0.5
291,6386.348186,6385.36952,6385.668853,6386.294852,6389.935515,1,1.99999999999996,0.0200000000000003,7.00000000000003,1,2,66,0.5
292,6393.924178,6392.427513,6393.244845,6393.924178,6423.773482,0,NaN,0,7.00000000000003,1,2,66,0.5
293,6425.358147,6424.410814,6424.716147,6425.304813,6427.444811,1,1.99999999999996,0.0200000000000003,7.00000000000003,1,2,66,0.5
294,6431.152807,6430.246142,6430.491475,6431.099474,6432.606139,1,1.99999999999996,0.0200000000000003,7.00000000000003,1,2,66,0.5
295,6434.730138,6433.448138,6433.932805,6434.676804,6437.065468,0,1.99999999999996,0.0200000000000003,5.99999999999996,2,1,65,0.5
296,6438.8948,6437.786801,6438.093467,6438.8948,6444.99546,1,NaN,0,5.99999999999996,2,1,65,0.5
297,6447.753458,6446.827458,6447.152125,6447.753458,6459.381446,0,NaN,0,7.00000000000003,1,2,66,0.5
298,6464.556107,6463.523442,6463.649442,6464.502774,6467.018772,0,1.99999999999996,0.0200000000000003,5.99999999999996,2,1,65,0.5
299,6469.065436,6467.655438,6468.399437,6469.012103,6469.770769,1,1.99999999999996,0.0200000000000003,7.00000000000003,1,2,66,0.5
300,6471.903433,6470.647435,6471.121434,6471.8501,6474.230098,0,1.99999999999996,0.0200000000000003,5.99999999999996,2,1,65,0.5
301,6476.400096,6475.16943,6475.768763,6476.347429,6480.227425,1,1.99999999999996,0.0200000000000003,7.00000000000003,1,2,66,0.5
302,6484.90142,6483.836755,6484.185421,6484.848754,6487.564751,1,1.99999999999996,0.0200000000000003,7.00000000000003,1,2,66,0.5
303,6490.385415,6489.592749,6489.755416,6490.385415,6505.1694,0,NaN,0,7.00000000000003,1,2,66,0.5
304,6507.717398,6506.421399,6506.856065,6507.664064,6509.781395,0,1.99999999999996,0.0200000000000003,5.99999999999996,2,1,65,0.5
305,6511.502727,6510.557395,6510.922728,6511.502727,6542.882029,1,NaN,0,5.99999999999996,2,1,65,0.5
306,6544.501361,6543.641362,6543.848028,6544.448027,6547.406025,1,1.99999999999996,0.0200000000000003,7.00000000000003,1,2,66,0.5
307,6549.374689,6548.21469,6548.561357,6549.321356,6551.840687,0,1.99999999999996,0.0200000000000003,5.99999999999996,2,1,65,0.5
308,6553.855351,6552.891352,6553.192685,6553.855351,6565.246673,1,NaN,0,5.99999999999996,2,1,65,0.5
309,6566.896672,6565.817339,6566.276006,6566.843338,6568.82267,0,1.99999999999996,0.0200000000000003,5.99999999999996,2,1,65,0.5
310,6570.932668,6569.704002,6570.115335,6570.932668,6578.29466,1,NaN,0,5.99999999999996,2,1,65,0.5
311,6580.24866,6579.103326,6579.391326,6580.195325,6582.32199,0,1.99999999999996,0.0200000000000003,5.99999999999996,2,1,65,0.5
312,6584.133321,6583.323322,6583.509322,6584.133321,6592.631979,1,NaN,0,5.99999999999996,2,1,65,0.5
313,6594.82331,6593.246645,6593.827311,6594.769977,6596.633309,0,1.99999999999996,0.0200000000000003,5.99999999999996,2,1,65,0.5
314,6598.64264,6597.449308,6598.053307,6598.64264,6660.501911,0,NaN,0,7.00000000000003,1,2,66,0.5
315,6662.879909,6661.946577,6662.149243,6662.879909,6670.371235,0,NaN,0,7.00000000000003,1,2,66,0.5
316,6685.963886,6685.10322,6685.33922,6685.963886,6709.134529,0,NaN,0,7.00000000000003,1,2,66,0.5
317,6710.802528,6709.936529,6710.130528,6710.802528,6712.867859,0,NaN,0,7.00000000000003,1,2,66,0.5
318,6721.76785,6720.427852,6720.724518,6721.76785,6728.319844,0,NaN,0,7.00000000000003,1,2,66,0.5
319,6732.939839,6731.65584,6732.11584,6732.886506,6734.517837,1,1.99999999999996,0.0200000000000003,7.00000000000003,1,2,66,0.5
320,6737.887167,6736.489835,6737.008502,6737.887167,6746.531825,0,NaN,0,7.00000000000003,1,2,66,0.5
321,6757.485148,6756.047149,6756.276482,6757.485148,6762.39781,0,NaN,0,7.00000000000003,1,2,66,0.5
322,7253.756652,7252.976652,7253.022652,7253.703318,7254.993317,1,1.99999999999996,0.0200000000000003,7.00000000000003,1,2,66,0.5
323,7258.552647,7256.863315,7257.531981,7258.499313,7268.765303,0,1.99999999999996,0.0200000000000003,5.99999999999996,2,1,65,0.5
324,7270.583968,7269.606636,7269.916635,7270.583968,7299.764605,0,NaN,0,7.00000000000003,1,2,66,0.5
325,7301.813937,7300.909271,7301.164604,7301.760604,7306.219932,1,1.99999999999996,0.0200000000000003,7.00000000000003,1,2,66,0.5
326,7309.885929,7307.490598,7307.791931,7309.832595,7312.813259,1,1.99999999999996,0.0200000000000003,7.00000000000003,1,2,66,0.5
327,7316.012589,7314.369924,7314.683924,7316.012589,7326.868578,0,NaN,0,7.00000000000003,1,2,66,0.5
328,7330.499241,7329.01191,7329.592576,7330.445908,7333.525905,1,1.99999999999996,0.0200000000000003,7.00000000000003,1,2,66,0.5
329,7336.904568,7335.50657,7336.131236,7336.851235,7339.047233,0,1.99999999999996,0.0200000000000003,5.99999999999996,2,1,65,0.5
330,7341.015231,7339.934565,7340.299898,7340.961898,7343.440562,1,1.99999999999996,0.0200000000000003,7.00000000000003,1,2,66,0.5
331,7347.795224,7346.301226,7347.031892,7347.741891,7349.823889,1,1.99999999999996,0.0200000000000003,7.00000000000003,1,2,66,0.5
332,7354.220551,7352.204553,7353.407219,7354.167218,7355.529883,1,1.99999999999996,0.0200000000000003,7.00000000000003,1,2,66,0.5
333,7358.719213,7357.405215,7357.957881,7358.66588,7360.972544,0,1.99999999999996,0.0200000000000003,5.99999999999996,2,1,65,0.5
334,7363.113875,7361.938543,7362.42121,7363.113875,7366.652539,1,NaN,0,5.99999999999996,2,1,65,0.5
335,7376.270529,7374.805197,7375.081197,7376.217196,7378.033194,1,1.99999999999996,0.0200000000000003,7.00000000000003,1,2,66,0.5
336,7380.987858,7379.273859,7379.916525,7380.987858,7388.007184,0,NaN,0,7.00000000000003,1,2,66,0.5
337,7397.087175,7395.60051,7396.328509,7397.033842,7400.881171,1,1.99999999999996,0.0200000000000003,7.00000000000003,1,2,66,0.5
338,7403.085836,7401.91917,7402.351836,7403.032502,7405.925166,0,1.99999999999996,0.0200000000000003,5.99999999999996,2,1,65,0.5
339,7407.859831,7406.770498,7407.150498,7407.859831,7410.663828,1,NaN,0,5.99999999999996,2,1,65,0.5
340,7416.155156,7415.085824,7415.551156,7416.155156,7418.736487,0,NaN,0,7.00000000000003,1,2,66,0.5
341,7424.453814,7423.239815,7423.611815,7424.400481,7426.527812,1,1.99999999999996,0.0200000000000003,7.00000000000003,1,2,66,0.5
342,7428.908476,7427.593144,7428.144477,7428.908476,7436.251136,0,NaN,0,7.00000000000003,1,2,66,0.5
343,7442.057797,7440.407798,7440.541131,7442.004463,7443.479796,1,1.99999999999996,0.0200000000000003,7.00000000000003,1,2,66,0.5
344,7448.593123,7446.244459,7446.547792,7448.593123,7455.827783,0,NaN,0,7.00000000000003,1,2,66,0.5
345,7460.144445,7458.889113,7459.243113,7460.091112,7463.039109,1,1.99999999999996,0.0200000000000003,7.00000000000003,1,2,66,0.5
346,7466.431772,7464.673107,7465.401773,7466.378439,7469.618436,1,1.99999999999996,0.0200000000000003,7.00000000000003,1,2,66,0.5
347,7472.256433,7470.621101,7471.019101,7472.2031,7474.393098,1,1.99999999999996,0.0200000000000003,7.00000000000003,1,2,66,0.5
348,7477.538428,7475.805763,7476.215762,7477.485094,7479.584426,1,1.99999999999996,0.0200000000000003,7.00000000000003,1,2,66,0.5
349,7481.663757,7480.484425,7480.976424,7481.610424,7483.828421,0,1.99999999999996,0.0200000000000003,5.99999999999996,2,1,65,0.5
350,7485.689086,7484.592421,7485.037754,7485.635753,7488.448417,0,1.99999999999996,0.0200000000000003,5.99999999999996,2,1,65,0.5
351,7490.658415,7489.464416,7489.907082,7490.605081,7491.69908,1,1.99999999999996,0.0200000000000003,7.00000000000003,1,2,66,0.5
352,7494.335744,7492.632413,7493.122412,7494.282411,7496.646409,0,1.99999999999996,0.0200000000000003,5.99999999999996,2,1,65,0.5
353,7498.610407,7497.534408,7497.945074,7498.610407,7507.891064,1,NaN,0,5.99999999999996,2,1,65,0.5
354,7509.457729,7508.829063,7508.961063,7509.457729,7517.608388,1,NaN,0,5.99999999999996,2,1,65,0.5
355,7519.505719,7518.364387,7518.89972,7519.505719,7528.057711,0,NaN,0,7.00000000000003,1,2,66,0.5
356,7529.945042,7528.815043,7529.261709,7529.891709,7532.700373,0,1.99999999999996,0.0200000000000003,5.99999999999996,2,1,65,0.5
357,7534.423704,7533.509038,7533.801038,7534.423704,7549.589022,0,NaN,0,7.00000000000003,1,2,66,0.5
358,7552.06502,7551.061021,7551.313021,7552.06502,7557.683681,0,NaN,0,7.00000000000003,1,2,66,0.5
359,7566.549672,7565.905006,7565.933673,7566.549672,7572.614999,1,NaN,0,5.99999999999996,2,1,65,0.5
360,7575.014997,7574.188331,7574.341664,7575.014997,7584.592321,0,NaN,0,7.00000000000003,1,2,66,0.5
361,7591.310314,7590.184315,7590.502982,7591.256981,7593.685645,0,1.99999999999996,0.0200000000000003,5.99999999999996,2,1,65,0.5
362,7595.613643,7594.711644,7594.920977,7595.613643,7618.84762,1,NaN,0,5.99999999999996,2,1,65,0.5
363,7620.652285,7619.706286,7619.822952,7620.652285,7626.867612,0,NaN,0,7.00000000000003,1,2,66,0.5
364,7629.516942,7627.946277,7628.794943,7629.516942,8269.327636,0,NaN,0,7.00000000000003,1,2,66,0.5
365,8273.850965,8272.473633,8272.960966,8273.797631,8280.640291,0,1.99999999999996,0.0200000000000003,5.99999999999996,2,1,65,0.5
366,8283.145622,8281.959623,8282.298956,8283.092289,8287.177618,1,1.99999999999996,0.0200000000000003,7.00000000000003,1,2,66,0.5
367,8289.318949,8288.068284,8288.55095,8289.265616,8292.34628,0,1.99999999999996,0.0200000000000003,5.99999999999996,2,1,65,0.5
368,8294.312944,8293.339612,8293.572945,8294.259611,8297.876941,1,1.99999999999996,0.0200000000000003,7.00000000000003,1,2,66,0.5
369,8299.896272,8298.850273,8299.154273,8299.842939,8302.628269,0,1.99999999999996,0.0200000000000003,5.99999999999996,2,1,65,0.5
370,8304.635601,8303.590935,8303.927601,8304.582267,8307.462264,1,1.99999999999996,0.0200000000000003,7.00000000000003,1,2,66,0.5
371,8309.494263,8308.36293,8308.680263,8309.494263,8312.882259,0,NaN,0,7.00000000000003,1,2,66,0.5
372,8319.830919,8318.377587,8318.683587,8319.777585,8321.87225,0,1.99999999999996,0.0200000000000003,5.99999999999996,2,1,65,0.5
373,8323.997581,8322.935582,8323.221582,8323.997581,8338.224234,1,NaN,0,5.99999999999996,2,1,65,0.5
374,8341.250231,8340.588231,8340.670231,8341.250231,8345.652226,1,NaN,0,5.99999999999996,2,1,65,0.5
375,8350.420222,8349.413556,8349.863555,8350.420222,8363.193542,0,NaN,0,7.00000000000003,1,2,66,0.5
376,8366.352872,8365.244873,8365.568873,8366.299539,8368.879536,0,1.99999999999996,0.0200000000000003,5.99999999999996,2,1,65,0.5
377,8371.146867,8370.100202,8370.438869,8371.093534,8372.3742,0,1.99999999999996,0.0200000000000003,5.99999999999996,2,1,65,0.5
378,8374.724864,8373.320865,8373.870198,8374.671531,8377.312195,1,1.99999999999996,0.0200000000000003,7.00000000000003,1,2,66,0.5
379,8379.424859,8378.366194,8378.70286,8379.371526,8381.58219,0,1.99999999999996,0.0200000000000003,5.99999999999996,2,1,65,0.5
380,8383.479522,8382.391523,8382.812189,8383.479522,8389.512182,1,NaN,0,5.99999999999996,2,1,65,0.5
381,8393.570178,8392.471513,8392.842846,8393.516845,8395.416843,0,1.99999999999996,0.0200000000000003,5.99999999999996,2,1,65,0.5
382,8397.400175,8396.266176,8396.769509,8397.400175,8400.164838,0,NaN,0,7.00000000000003,1,2,66,0.5
383,8405.416166,8404.037501,8404.698834,8405.362833,8407.305498,0,1.99999999999996,0.0200000000000003,5.99999999999996,2,1,65,0.5
384,8410.348828,8409.266163,8409.655496,8410.295495,8412.777492,1,1.99999999999996,0.0200000000000003,7.00000000000003,1,2,66,0.5
385,8415.885489,8414.700157,8415.232824,8415.885489,8422.828816,0,NaN,0,7.00000000000003,1,2,66,0.5
386,8426.371479,8425.138147,8425.46948,8426.318146,8431.70614,1,1.99999999999996,0.0200000000000003,7.00000000000003,1,2,66,0.5
387,8433.955471,8432.534139,8433.004806,8433.902138,8436.195469,0,1.99999999999996,0.0200000000000003,5.99999999999996,2,1,65,0.5
388,8438.386134,8437.025468,8437.423468,8438.386134,8445.588793,0,NaN,0,7.00000000000003,1,2,66,0.5
389,8449.136123,8447.615458,8448.029457,8449.08279,8450.769455,1,1.99999999999996,0.0200000000000003,7.00000000000003,1,2,66,0.5
390,8453.076119,8451.86412,8452.395453,8453.022786,8455.43145,0,1.99999999999996,0.0200000000000003,5.99999999999996,2,1,65,0.5
391,8457.425448,8456.328116,8456.752782,8457.372115,8460.658778,0,1.99999999999996,0.0200000000000003,5.99999999999996,2,1,65,0.5
392,8462.568776,8461.412111,8461.857443,8462.515443,8464.980774,1,1.99999999999996,0.0200000000000003,7.00000000000003,1,2,66,0.5
393,8467.240105,8466.198772,8466.563439,8467.186771,8469.930102,0,1.99999999999996,0.0200000000000003,5.99999999999996,2,1,65,0.5
394,8471.917433,8470.799434,8471.148101,8471.8641,8473.944098,1,1.99999999999996,0.0200000000000003,7.00000000000003,1,2,66,0.5
395,8477.115428,8475.826763,8476.130762,8477.115428,8482.711423,0,NaN,0,7.00000000000003,1,2,66,0.5
396,8486.602085,8484.930087,8485.534086,8486.548752,8489.008083,0,1.99999999999996,0.0200000000000003,5.99999999999996,2,1,65,0.5
397,8490.918748,8489.899415,8490.240748,8490.865414,8494.088078,1,1.99999999999996,0.0200000000000003,7.00000000000003,1,2,66,0.5
398,8498.722073,8497.382075,8497.935407,8498.66874,8502.333403,1,1.99999999999996,0.0200000000000003,7.00000000000003,1,2,66,0.5
399,8504.570734,8503.513402,8503.905401,8504.517401,8506.718732,0,1.99999999999996,0.0200000000000003,5.99999999999996,2,1,65,0.5
400,8509.120729,8507.953397,8508.491397,8509.120729,8522.633383,1,NaN,0,5.99999999999996,2,1,65,0.5
401,8524.560714,8523.692715,8523.922715,8524.507381,8526.994712,1,1.99999999999996,0.0200000000000003,7.00000000000003,1,2,66,0.5
402,8529.103376,8527.938711,8528.292044,8529.050043,8531.065374,0,1.99999999999996,0.0200000000000003,5.99999999999996,2,1,65,0.5
403,8533.045372,8531.933373,8532.351373,8533.045372,8537.746701,1,NaN,0,5.99999999999996,2,1,65,0.5
404,8541.895363,8540.754031,8541.190031,8541.84203,8544.800694,0,1.99999999999996,0.0200000000000003,5.99999999999996,2,1,65,0.5
405,8547.534024,8545.538693,8546.238692,8547.480691,8549.718022,1,1.99999999999996,0.0200000000000003,7.00000000000003,1,2,66,0.5
406,8551.89802,8550.754688,8551.152021,8551.844687,8554.510684,0,1.99999999999996,0.0200000000000003,5.99999999999996,2,1,65,0.5
407,8556.616015,8555.456683,8555.893349,8556.562682,8559.125346,1,1.99999999999996,0.0200000000000003,7.00000000000003,1,2,66,0.5
408,8562.852009,8561.589344,8562.109343,8562.852009,8565.885339,0,NaN,0,7.00000000000003,1,2,66,0.5
409,8573.189332,8572.054667,8572.554666,8573.135999,8575.486663,0,1.99999999999996,0.0200000000000003,5.99999999999996,2,1,65,0.5
410,8577.799327,8576.601329,8577.053995,8577.799327,8585.090653,0,NaN,0,7.00000000000003,1,2,66,0.5
411,8587.301318,8586.188652,8586.620652,8587.247985,8590.737981,0,1.99999999999996,0.0200000000000003,5.99999999999996,2,1,65,0.5
412,8593.051312,8591.870647,8592.381979,8593.051312,8595.706643,0,NaN,0,7.00000000000003,1,2,66,0.5
413,8613.471958,8612.09796,8612.431293,8613.471958,8619.311953,0,NaN,0,7.00000000000003,1,2,66,0.5
414,8657.835914,8656.487249,8656.959248,8657.782581,8661.570577,1,1.99999999999996,0.0200000000000003,7.00000000000003,1,2,66,0.5
415,8667.403238,8666.107239,8666.585905,8667.349905,8671.5199,1,1.99999999999996,0.0200000000000003,7.00000000000003,1,2,66,0.5
416,8676.296562,8675.174563,8675.48123,8676.296562,8683.787221,0,NaN,0,7.00000000000003,1,2,66,0.5
417,8688.553883,8686.713885,8687.124551,8688.553883,8691.369214,0,NaN,0,7.00000000000003,1,2,66,0.5
418,8698.191874,8696.565875,8696.761875,8698.13854,8701.458537,1,1.99999999999996,0.0200000000000003,7.00000000000003,1,2,66,0.5
419,8705.1252,8704.159868,8704.227201,8705.1252,8722.624516,0,NaN,0,7.00000000000003,1,2,66,0.5
420,8726.411179,8725.607846,8725.804513,8726.411179,8733.738505,1,NaN,0,5.99999999999996,2,1,65,0.5
421,8736.357169,8735.22717,8735.62717,8736.303836,8738.7585,0,1.99999999999996,0.0200000000000003,5.99999999999996,2,1,65,0.5
422,8741.63383,8739.786499,8740.555831,8741.580497,8744.423827,1,1.99999999999996,0.0200000000000003,7.00000000000003,1,2,66,0.5
423,8747.844491,8746.526492,8747.024492,8747.791157,8750.375822,1,1.99999999999996,0.0200000000000003,7.00000000000003,1,2,66,0.5
424,8752.745153,8751.446487,8752.017153,8752.691819,8755.130483,0,1.99999999999996,0.0200000000000003,5.99999999999996,2,1,65,0.5
425,8756.997148,8756.036483,8756.267816,8756.943815,8758.353147,1,1.99999999999996,0.0200000000000003,7.00000000000003,1,2,66,0.5
426,8760.217812,8759.05848,8759.511146,8760.164478,8762.502477,0,1.99999999999996,0.0200000000000003,5.99999999999996,2,1,65,0.5
427,8764.651141,8763.867141,8763.897808,8764.651141,8770.623801,1,NaN,0,5.99999999999996,2,1,65,0.5
428,8773.631798,8771.4798,8772.692466,8773.631798,8778.69046,0,NaN,0,7.00000000000003,1,2,66,0.5
429,8791.123781,8789.655116,8789.747116,8791.123781,8796.695109,0,NaN,0,7.00000000000003,1,2,66,0.5
430,8800.325105,8798.799773,8799.467106,8800.271772,8803.090436,0,1.99999999999996,0.0200000000000003,5.99999999999996,2,1,65,0.5
431,8805.471766,8804.087101,8804.719767,8805.418433,8807.860431,1,1.99999999999996,0.0200000000000003,7.00000000000003,1,2,66,0.5
432,8811.612427,8809.873095,8810.785761,8811.559094,8813.845091,1,1.99999999999996,0.0200000000000003,7.00000000000003,1,2,66,0.5
433,8815.846423,8814.720424,8815.15109,8815.793089,8817.802421,0,1.99999999999996,0.0200000000000003,5.99999999999996,2,1,65,0.5
434,8819.842419,8818.57442,8819.141086,8819.842419,8827.291078,1,NaN,0,5.99999999999996,2,1,65,0.5
435,8829.885075,8828.75241,8829.216409,8829.831742,8832.484406,0,1.99999999999996,0.0200000000000003,5.99999999999996,2,1,65,0.5
436,8834.960404,8833.909071,8834.281071,8834.90707,8835.728403,1,1.99999999999996,0.0200000000000003,7.00000000000003,1,2,66,0.5
437,8837.527068,8836.500402,8836.878402,8837.473734,8839.844399,0,1.99999999999996,0.0200000000000003,5.99999999999996,2,1,65,0.5
438,8842.101063,8840.847064,8841.323731,8842.101063,8848.865056,1,NaN,0,5.99999999999996,2,1,65,0.5
439,8897.805007,8896.671675,8897.114341,8897.751674,8899.912339,0,1.99999999999996,0.0200000000000003,5.99999999999996,2,1,65,0.5
440,8901.773003,8900.742338,8901.039004,8901.71967,8903.702335,0,1.99999999999996,0.0200000000000003,5.99999999999996,2,1,65,0.5
441,8905.609666,8904.499001,8904.807,8905.556333,8907.947664,1,1.99999999999996,0.0200000000000003,7.00000000000003,1,2,66,0.5
442,8910.264995,8909.05433,8909.393663,8910.211662,8913.523658,0,1.99999999999996,0.0200000000000003,5.99999999999996,2,1,65,0.5
443,8915.546323,8914.353658,8914.805657,8915.493656,8917.992321,0,1.99999999999996,0.0200000000000003,5.99999999999996,2,1,65,0.5
444,8919.868985,8918.838986,8919.170986,8919.815652,8922.895649,1,1.99999999999996,0.0200000000000003,7.00000000000003,1,2,66,0.5
445,8925.01698,8923.623648,8923.891648,8925.01698,8933.048972,0,NaN,0,7.00000000000003,1,2,66,0.5
446,8936.288302,8934.515637,8935.45097,8936.234969,8938.7023,1,1.99999999999996,0.0200000000000003,7.00000000000003,1,2,66,0.5
447,8942.084297,8940.842964,8941.382964,8942.084297,8948.524957,0,NaN,0,7.00000000000003,1,2,66,0.5
448,8951.011621,8949.660956,8950.357622,8950.958288,8952.930286,0,1.99999999999996,0.0200000000000003,5.99999999999996,2,1,65,0.5
449,8954.834284,8953.684285,8954.088285,8954.78095,8957.287615,1,1.99999999999996,0.0200000000000003,7.00000000000003,1,2,66,0.5
450,8961.352944,8959.04028,8960.236278,8961.299611,8963.472275,1,1.99999999999996,0.0200000000000003,7.00000000000003,1,2,66,0.5
451,8966.648272,8965.344273,8965.883606,8966.594939,8969.120936,1,1.99999999999996,0.0200000000000003,7.00000000000003,1,2,66,0.5
452,8971.392267,8970.114935,8970.516268,8971.338934,8973.834931,1,1.99999999999996,0.0200000000000003,7.00000000000003,1,2,66,0.5
453,8976.242929,8974.98293,8975.44493,8976.189596,8978.76226,0,1.99999999999996,0.0200000000000003,5.99999999999996,2,1,65,0.5
454,8980.750258,8979.622259,8979.981592,8980.696925,8982.674923,0,1.99999999999996,0.0200000000000003,5.99999999999996,2,1,65,0.5
455,8984.750254,8983.456255,8983.972921,8984.750254,8990.104249,1,NaN,0,5.99999999999996,2,1,65,0.5
456,8992.772912,8991.44958,8991.886913,8992.719579,8996.030243,0,1.99999999999996,0.0200000000000003,5.99999999999996,2,1,65,0.5
457,8997.966907,8996.736909,8997.144241,8997.913574,9001.754903,1,1.99999999999996,0.0200000000000003,7.00000000000003,1,2,66,0.5
458,9005.190233,9003.122902,9003.514902,9005.1369,9007.348898,1,1.99999999999996,0.0200000000000003,7.00000000000003,1,2,66,0.5
459,9009.660229,9008.450897,9008.838896,9009.606896,9012.136893,0,1.99999999999996,0.0200000000000003,5.99999999999996,2,1,65,0.5
460,9013.840225,9012.865559,9013.131559,9013.786891,9015.924223,1,1.99999999999996,0.0200000000000003,7.00000000000003,1,2,66,0.5
461,9019.582219,9018.072887,9018.396887,9019.582219,9025.34688,0,NaN,0,7.00000000000003,1,2,66,0.5
462,9027.400878,9026.172879,9026.704879,9027.347545,9030.279542,0,1.99999999999996,0.0200000000000003,5.99999999999996,2,1,65,0.5
463,9032.252206,9031.178874,9031.542207,9032.198873,9034.95487,1,1.99999999999996,0.0200000000000003,7.00000000000003,1,2,66,0.5
464,9038.092867,9036.992202,9037.294201,9038.092867,9043.874195,0,NaN,0,7.00000000000003,1,2,66,0.5
465,9049.330856,9047.688858,9048.113524,9049.277523,9051.898187,1,1.99999999999996,0.0200000000000003,7.00000000000003,1,2,66,0.5
466,9054.276851,9053.057519,9053.525518,9054.223518,9056.577515,0,1.99999999999996,0.0200000000000003,5.99999999999996,2,1,65,0.5
467,9058.328847,9057.392848,9057.632181,9058.275514,9060.844178,1,1.99999999999996,0.0200000000000003,7.00000000000003,1,2,66,0.5
468,9063.120842,9061.798177,9062.254843,9063.067509,9065.394173,0,1.99999999999996,0.0200000000000003,5.99999999999996,2,1,65,0.5
469,9067.883504,9066.342173,9066.976172,9067.830171,9069.985502,1,1.99999999999996,0.0200000000000003,7.00000000000003,1,2,66,0.5
470,9072.500166,9071.195501,9071.560834,9072.446833,9075.127497,0,1.99999999999996,0.0200000000000003,5.99999999999996,2,1,65,0.5
471,9077.228161,9076.120829,9076.548829,9077.228161,9085.305487,1,NaN,0,5.99999999999996,2,1,65,0.5
472,9087.431484,9086.103486,9086.603485,9087.431484,9095.43481,0,NaN,0,7.00000000000003,1,2,66,0.5
473,9097.490141,9096.221476,9096.754142,9097.436808,9100.023472,0,1.99999999999996,0.0200000000000003,5.99999999999996,2,1,65,0.5
474,9101.898137,9100.838804,9101.214137,9101.844803,9103.908801,1,1.99999999999996,0.0200000000000003,7.00000000000003,1,2,66,0.5
475,9106.265466,9105.0868,9105.539466,9106.212132,9108.528797,0,1.99999999999996,0.0200000000000003,5.99999999999996,2,1,65,0.5
476,9110.430795,9109.378129,9109.758129,9110.377462,9112.732793,0,1.99999999999996,0.0200000000000003,5.99999999999996,2,1,65,0.5
477,9115.894789,9114.964124,9115.189457,9115.841456,9118.50412,1,1.99999999999996,0.0200000000000003,7.00000000000003,1,2,66,0.5
478,9121.852783,9120.532118,9120.921451,9121.79945,9124.168781,1,1.99999999999996,0.0200000000000003,7.00000000000003,1,2,66,0.5
479,9126.141446,9125.029447,9125.429446,9126.088113,9128.103444,0,1.99999999999996,0.0200000000000003,5.99999999999996,2,1,65,0.5
480,9129.916775,9128.974776,9129.276776,9129.916775,9133.395439,1,NaN,0,5.99999999999996,2,1,65,0.5
481,9140.390765,9139.279433,9139.742766,9140.337432,9142.505429,0,1.99999999999996,0.0200000000000003,5.99999999999996,2,1,65,0.5
482,9144.338094,9143.296762,9143.598095,9144.284761,9147.108758,1,1.99999999999996,0.0200000000000003,7.00000000000003,1,2,66,0.5
483,9149.711422,9148.039424,9148.348757,9149.658089,9153.772751,1,1.99999999999996,0.0200000000000003,7.00000000000003,1,2,66,0.5
484,9157.294081,9155.59075,9156.056083,9157.240748,9159.694746,1,1.99999999999996,0.0200000000000003,7.00000000000003,1,2,66,0.5
485,9161.670744,9160.502078,9160.910078,9161.61741,9163.726742,0,1.99999999999996,0.0200000000000003,5.99999999999996,2,1,65,0.5
486,9165.676073,9164.628074,9165.008074,9165.62274,9167.944071,0,1.99999999999996,0.0200000000000003,5.99999999999996,2,1,65,0.5
487,9169.732069,9168.64207,9168.94407,9169.678736,9171.834733,1,1.99999999999996,0.0200000000000003,7.00000000000003,1,2,66,0.5
488,9174.520064,9173.408065,9173.746065,9174.466731,9177.048062,0,1.99999999999996,0.0200000000000003,5.99999999999996,2,1,65,0.5
489,9179.516726,9177.964061,9178.59206,9179.463392,9181.50139,1,1.99999999999996,0.0200000000000003,7.00000000000003,1,2,66,0.5
490,9183.736722,9182.646723,9183.008722,9183.683388,9186.455385,0,1.99999999999996,0.0200000000000003,5.99999999999996,2,1,65,0.5
491,9188.438717,9187.336718,9187.770717,9188.438717,9191.886047,1,NaN,0,5.99999999999996,2,1,65,0.5
492,9199.272706,9198.078041,9198.606707,9199.272706,9205.238033,0,NaN,0,7.00000000000003,1,2,66,0.5
493,9222.598683,9221.826017,9221.95135,9222.545349,9228.595343,1,1.99999999999996,0.0200000000000003,7.00000000000003,1,2,66,0.5
494,9230.539341,9229.366009,9229.693342,9230.486008,9233.894672,0,1.99999999999996,0.0200000000000003,5.99999999999996,2,1,65,0.5
495,9235.698003,9234.706004,9234.957337,9235.698003,9244.051328,1,NaN,0,5.99999999999996,2,1,65,0.5
496,9245.926659,9244.815327,9245.18866,9245.873326,9248.424657,0,1.99999999999996,0.0200000000000003,5.99999999999996,2,1,65,0.5
497,9250.449321,9249.361323,9249.755989,9250.395988,9252.222653,0,1.99999999999996,0.0200000000000003,5.99999999999996,2,1,65,0.5
498,9254.581317,9253.079986,9253.631318,9254.527984,9256.938648,1,1.99999999999996,0.0200000000000003,7.00000000000003,1,2,66,0.5
499,9260.011979,9258.63198,9259.167979,9259.958645,9262.27731,1,1.99999999999996,0.0200000000000003,7.00000000000003,1,2,66,0.5
500,9264.304641,9263.200642,9263.584642,9264.251308,9267.209971,0,1.99999999999996,0.0200000000000003,5.99999999999996,2,1,65,0.5
501,9269.004636,9268.003304,9268.339304,9268.951303,9271.173967,0,1.99999999999996,0.0200000000000003,5.99999999999996,2,1,65,0.5
502,9273.546632,9272.153966,9272.762633,9273.546632,9273.861298,1,NaN,0,5.99999999999996,2,1,65,0.5
503,9281.67729,9280.523958,9280.573958,9281.67729,9282.07929,1,NaN,0,5.99999999999996,2,1,65,0.5
504,9297.665941,9296.397276,9296.840608,9297.612608,9300.028605,0,1.99999999999996,0.0200000000000003,5.99999999999996,2,1,65,0.5
505,9302.20527,9301.039271,9301.349271,9302.151936,9305.303933,0,1.99999999999996,0.0200000000000003,5.99999999999996,2,1,65,0.5
506,9307.469931,9306.365932,9306.771265,9307.469931,9315.44859,1,NaN,0,5.99999999999996,2,1,65,0.5
507,9317.189255,9315.973256,9316.479255,9317.189255,9323.150582,0,NaN,0,7.00000000000003,1,2,66,0.5
508,9437.643134,9436.824468,9436.997135,9437.643134,9443.195795,1,NaN,0,5.99999999999996,2,1,65,0.5
509,9467.163105,9466.523772,9466.550439,9467.163105,9474.209764,1,NaN,0,5.99999999999996,2,1,65,0.5
510,9476.164431,9475.117763,9475.539096,9476.111096,9478.11776,0,1.99999999999996,0.0200000000000003,5.99999999999996,2,1,65,0.5
511,9479.895092,9478.89576,9479.293093,9479.841759,9482.990422,0,1.99999999999996,0.0200000000000003,5.99999999999996,2,1,65,0.5
512,9484.859087,9483.724422,9484.067755,9484.805754,9486.783752,1,1.99999999999996,0.0200000000000003,7.00000000000003,1,2,66,0.5
513,9489.392416,9488.345084,9488.404417,9489.339083,9491.63908,1,1.99999999999996,0.0200000000000003,7.00000000000003,1,2,66,0.5
514,9495.01441,9493.054412,9493.319079,9494.961077,9500.873071,1,1.99999999999996,0.0200000000000003,7.00000000000003,1,2,66,0.5
515,9503.057736,9501.660404,9502.12107,9503.004402,9505.939066,0,1.99999999999996,0.0200000000000003,5.99999999999996,2,1,65,0.5
516,9507.713731,9506.737732,9507.004398,9507.660398,9510.146395,1,1.99999999999996,0.0200000000000003,7.00000000000003,1,2,66,0.5
517,9512.163726,9511.158394,9511.457727,9512.110393,9514.187058,0,1.99999999999996,0.0200000000000003,5.99999999999996,2,1,65,0.5
518,9516.232389,9515.139057,9515.459056,9516.179056,9518.506387,1,1.99999999999996,0.0200000000000003,7.00000000000003,1,2,66,0.5
519,9520.755718,9519.725052,9519.741719,9520.702385,9522.999049,1,1.99999999999996,0.0200000000000003,7.00000000000003,1,2,66,0.5
520,9525.291047,9523.780381,9524.114381,9525.237713,9528.67371,1,1.99999999999996,0.0200000000000003,7.00000000000003,1,2,66,0.5
521,9530.607041,9529.489709,9529.861709,9530.553708,9532.747706,0,1.99999999999996,0.0200000000000003,5.99999999999996,2,1,65,0.5
522,9534.680371,9533.571038,9533.932371,9534.627037,9537.201701,0,1.99999999999996,0.0200000000000003,5.99999999999996,2,1,65,0.5
523,9539.159699,9538.063034,9538.431034,9539.106366,9541.246364,0,1.99999999999996,0.0200000000000003,5.99999999999996,2,1,65,0.5
524,9543.056362,9541.995697,9542.296363,9543.003696,9545.71836,1,1.99999999999996,0.0200000000000003,7.00000000000003,1,2,66,0.5
525,9548.21569,9547.068358,9547.395691,9548.162357,9549.903022,0,1.99999999999996,0.0200000000000003,5.99999999999996,2,1,65,0.5
526,9551.772353,9550.808354,9551.089021,9551.71902,9553.894351,1,1.99999999999996,0.0200000000000003,7.00000000000003,1,2,66,0.5
527,9557.881681,9556.539682,9556.969682,9557.828347,9560.477678,1,1.99999999999996,0.0200000000000003,7.00000000000003,1,2,66,0.5
528,9562.971676,9561.869677,9562.245676,9562.918342,9570.047669,0,1.99999999999996,0.0200000000000003,5.99999999999996,2,1,65,0.5
529,9571.681667,9570.649001,9570.999668,9571.681667,9578.392994,1,NaN,0,5.99999999999996,2,1,65,0.5
530,9581.835657,9580.400325,9580.762324,9581.782323,9585.836986,1,1.99999999999996,0.0200000000000003,7.00000000000003,1,2,66,0.5
531,9587.810984,9586.670985,9587.054318,9587.757651,9590.076982,0,1.99999999999996,0.0200000000000003,5.99999999999996,2,1,65,0.5
532,9591.867647,9590.936314,9591.210314,9591.814313,9593.860311,0,1.99999999999996,0.0200000000000003,5.99999999999996,2,1,65,0.5
533,9597.763641,9596.827642,9597.053642,9597.763641,9605.1423,1,NaN,0,5.99999999999996,2,1,65,0.5
534,10002.467236,10001.180571,10001.262571,10002.467236,10004.959234,0,NaN,0,7.00000000000003,1,2,66,0.5
535,10022.251216,10019.941885,10020.881218,10022.197883,10025.61988,1,1.99999999999996,0.0200000000000003,7.00000000000003,1,2,66,0.5
536,10027.993877,10026.630545,10026.969878,10027.940544,10030.237208,0,1.99999999999996,0.0200000000000003,5.99999999999996,2,1,65,0.5
537,10032.135206,10031.041874,10031.404541,10032.081873,10034.251871,0,1.99999999999996,0.0200000000000003,5.99999999999996,2,1,65,0.5
538,10036.379869,10035.05787,10035.439203,10036.379869,10284.670287,0,NaN,0,7.00000000000003,1,2,66,0.5
539,10315.190923,10302.568269,10302.900269,NaN,10319.375586,NaN,NaN,0,7.00000000000003,1,2,66,0.5
540,10344.960894,10342.821562,10343.280895,10344.90756,10346.486892,1,1.99999999999996,0.0200000000000003,7.00000000000003,1,2,66,0.5
541,10349.790889,10348.909556,10348.98689,10349.737556,10351.697554,0,1.99999999999996,0.0200000000000003,5.99999999999996,2,1,65,0.5
542,10353.515552,10352.431553,10352.731553,10353.462218,10355.67955,1,1.99999999999996,0.0200000000000003,7.00000000000003,1,2,66,0.5
543,10357.811547,10356.569549,10356.948882,10357.758214,10360.089545,0,1.99999999999996,0.0200000000000003,5.99999999999996,2,1,65,0.5
544,10361.80421,10360.781544,10361.108878,10361.750877,10363.918875,1,1.99999999999996,0.0200000000000003,7.00000000000003,1,2,66,0.5
545,10366.538205,10365.200873,10365.602873,10366.484872,10368.18687,1,1.99999999999996,0.0200000000000003,7.00000000000003,1,2,66,0.5
546,10370.493535,10369.290869,10369.716202,10370.440201,10371.691534,1,1.99999999999996,0.0200000000000003,7.00000000000003,1,2,66,0.5
547,10374.350864,10373.249532,10373.660198,10374.297531,10376.787528,0,1.99999999999996,0.0200000000000003,5.99999999999996,2,1,65,0.5
548,10378.66286,10377.482194,10377.966194,10378.609527,10380.243525,0,1.99999999999996,0.0200000000000003,5.99999999999996,2,1,65,0.5
549,10382.141523,10381.190191,10381.51219,10382.08819,10384.465521,0,1.99999999999996,0.0200000000000003,5.99999999999996,2,1,65,0.5
550,10386.181519,10385.476853,10385.544853,10386.181519,10388.438183,0,NaN,0,7.00000000000003,1,2,66,0.5
551,10396.222842,10395.132843,10395.452176,10396.169509,10399.023506,1,1.99999999999996,0.0200000000000003,7.00000000000003,1,2,66,0.5
552,10401.076171,10399.698172,10400.041505,10401.022838,10403.155502,1,1.99999999999996,0.0200000000000003,7.00000000000003,1,2,66,0.5
553,10404.916834,10403.912168,10404.228834,10404.863501,10407.104165,0,1.99999999999996,0.0200000000000003,5.99999999999996,2,1,65,0.5
554,10408.86283,10407.778831,10408.162164,10408.809496,10410.992828,0,1.99999999999996,0.0200000000000003,5.99999999999996,2,1,65,0.5
555,10412.702826,10411.74816,10412.007493,10412.702826,10434.852137,1,NaN,0,5.99999999999996,2,1,65,0.5
556,10441.970797,10440.898798,10441.174131,10441.970797,10445.194793,0,NaN,0,7.00000000000003,1,2,66,0.5
557,10454.84345,10453.222785,10453.524121,10454.790117,10458.185447,1,1.99999999999996,0.0200000000000003,7.00000000000003,1,2,66,0.5
558,10460.672111,10458.92878,10459.242113,10460.618778,10463.826775,1,1.99999999999996,0.0200000000000003,7.00000000000003,1,2,66,0.5
559,10465.911439,10464.665441,10465.076774,10465.858106,10470.747435,1,1.99999999999996,0.0200000000000003,7.00000000000003,1,2,66,0.5
560,10472.860099,10471.378101,10471.7101,10472.806766,10475.748096,1,1.99999999999996,0.0200000000000003,7.00000000000003,1,2,66,0.5
561,10479.585426,10478.448093,10478.906093,10479.532092,10482.370756,0,1.99999999999996,0.0200000000000003,5.99999999999996,2,1,65,0.5
562,10489.584082,10488.080084,10488.722083,10489.530749,10491.910747,1,1.99999999999996,0.0200000000000003,7.00000000000003,1,2,66,0.5
563,10494.704744,10493.077412,10493.345412,10494.651411,10496.797408,1,1.99999999999996,0.0200000000000003,7.00000000000003,1,2,66,0.5
564,10499.140073,10497.848074,10498.285407,10499.086739,10501.046071,1,1.99999999999996,0.0200000000000003,7.00000000000003,1,2,66,0.5
565,10503.474735,10502.225403,10502.640736,10503.421402,10505.430733,0,1.99999999999996,0.0200000000000003,5.99999999999996,2,1,65,0.5
566,10507.292731,10506.244066,10506.509399,10507.239398,10508.190064,1,1.99999999999996,0.0200000000000003,7.00000000000003,1,2,66,0.5
567,10510.270062,10509.146063,10509.550729,10510.216728,10512.635393,0,1.99999999999996,0.0200000000000003,5.99999999999996,2,1,65,0.5
568,10514.720724,10513.547392,10513.889391,10514.720724,10522.530716,1,NaN,0,5.99999999999996,2,1,65,0.5
569,10526.454712,10525.48338,10525.754046,10526.401379,10528.485377,0,1.99999999999996,0.0200000000000003,5.99999999999996,2,1,65,0.5
570,10531.333374,10530.210042,10530.615375,10531.280041,10534.539371,1,1.99999999999996,0.0200000000000003,7.00000000000003,1,2,66,0.5
571,10536.414702,10535.238703,10535.590036,10536.361369,10539.192033,0,1.99999999999996,0.0200000000000003,5.99999999999996,2,1,65,0.5
572,10540.923364,10539.984699,10540.288698,10540.870031,10542.954696,0,1.99999999999996,0.0200000000000003,5.99999999999996,2,1,65,0.5
573,10544.98936,10543.842028,10544.203361,10544.98936,10552.018687,1,NaN,0,5.99999999999996,2,1,65,0.5
574,10554.962684,10552.924019,10553.536018,10554.90935,10558.455347,1,1.99999999999996,0.0200000000000003,7.00000000000003,1,2,66,0.5
575,10560.321345,10559.197346,10559.497346,10560.268012,10562.794676,0,1.99999999999996,0.0200000000000003,5.99999999999996,2,1,65,0.5
576,10564.518674,10563.601342,10563.869341,10564.465341,10566.915338,0,1.99999999999996,0.0200000000000003,5.99999999999996,2,1,65,0.5
577,10568.566003,10567.658004,10567.970004,10568.51267,10570.506001,0,1.99999999999996,0.0200000000000003,5.99999999999996,2,1,65,0.5
578,10572.243333,10571.316667,10571.681334,10572.243333,10578.101994,0,NaN,0,7.00000000000003,1,2,66,0.5
579,10581.112657,10579.815325,10580.374658,10581.059324,10583.381322,0,1.99999999999996,0.0200000000000003,5.99999999999996,2,1,65,0.5
580,10584.92932,10584.042655,10584.357988,10584.92932,10585.318653,0,NaN,0,7.00000000000003,1,2,66,0.5
581,10617.837954,10617.088622,10617.139288,10617.784621,10619.387286,1,1.99999999999996,0.0200000000000003,7.00000000000003,1,2,66,0.5
582,10622.128616,10620.274618,10620.709285,10622.075283,10624.526614,1,1.99999999999996,0.0200000000000003,7.00000000000003,1,2,66,0.5
583,10626.916612,10625.72128,10626.056613,10626.863278,10628.821276,0,1.99999999999996,0.0200000000000003,5.99999999999996,2,1,65,0.5
584,10636.601935,10635.401937,10635.69327,10636.548602,10639.887932,0,1.99999999999996,0.0200000000000003,5.99999999999996,2,1,65,0.5
585,10642.755929,10641.67393,10641.98393,10642.755929,10645.937926,0,NaN,0,7.00000000000003,1,2,66,0.5
586,14056.859182,14055.370517,14055.983183,14056.805848,14057.792514,0,1.99999999999996,0.0200000000000003,5.99999999999996,2,1,65,0.5
587,14060.863178,14059.979845,14060.136512,14060.809844,14061.607177,1,1.99999999999996,0.0200000000000003,7.00000000000003,1,2,66,0.5
588,14064.571841,14062.763176,14063.309842,14064.518507,14065.771173,1,1.99999999999996,0.0200000000000003,7.00000000000003,1,2,66,0.5
589,14079.660492,14067.037838,14067.357838,NaN,14133.349772,NaN,NaN,0,7.00000000000003,1,2,66,0.5
590,14138.3911,14137.333101,14137.601101,14138.337767,14140.015099,0,1.99999999999996,0.0200000000000003,5.99999999999996,2,1,65,0.5
591,14142.34643,14141.226431,14141.50243,14142.34643,14146.893092,0,NaN,0,7.00000000000003,1,2,66,0.5
592,14162.369076,14149.746422,14150.051755,NaN,14205.875033,NaN,NaN,0,7.00000000000003,1,2,66,0.5
593,14208.69303,14207.233031,14207.868364,14208.639697,14218.955686,1,1.99999999999996,0.0200000000000003,7.00000000000003,1,2,66,0.5
594,14222.24635,14219.787019,14220.165685,14222.193016,14227.361678,1,1.99999999999996,0.0200000000000003,7.00000000000003,1,2,66,0.5
595,14229.481009,14227.986344,14228.32301,14229.427676,14232.20634,1,1.99999999999996,0.0200000000000003,7.00000000000003,1,2,66,0.5
596,14234.450337,14233.211005,14233.681005,14234.397004,14237.921001,0,1.99999999999996,0.0200000000000003,5.99999999999996,2,1,65,0.5
597,14239.874999,14238.703,14239.105666,14239.821665,14243.126995,1,1.99999999999996,0.0200000000000003,7.00000000000003,1,2,66,0.5
598,14244.980327,14243.902995,14244.242994,14244.926994,14249.293656,0,1.99999999999996,0.0200000000000003,5.99999999999996,2,1,65,0.5
599,14251.249654,14250.224988,14250.568988,14251.196321,14253.643652,0,1.99999999999996,0.0200000000000003,5.99999999999996,2,1,65,0.5
600,14255.782983,14254.922984,14255.178317,14255.782983,14263.632308,0,NaN,0,7.00000000000003,1,2,66,0.5
601,14267.000972,14264.652307,14265.793639,14266.947638,14269.822302,1,1.99999999999996,0.0200000000000003,7.00000000000003,1,2,66,0.5
602,14271.809633,14270.710968,14270.997634,14271.7563,14274.220964,1,1.99999999999996,0.0200000000000003,7.00000000000003,1,2,66,0.5
603,14277.517628,14276.231629,14276.673629,14277.464294,14280.902291,0,1.99999999999996,0.0200000000000003,5.99999999999996,2,1,65,0.5
604,14283.188289,14281.89829,14282.394956,14283.134955,14284.808287,1,1.99999999999996,0.0200000000000003,7.00000000000003,1,2,66,0.5
605,14287.212285,14285.59162,14285.982953,14287.158951,14290.156282,1,1.99999999999996,0.0200000000000003,7.00000000000003,1,2,66,0.5
606,14292.921612,14291.55428,14291.851613,14292.868279,14295.781609,1,1.99999999999996,0.0200000000000003,7.00000000000003,1,2,66,0.5
607,14298.17894,14297.007608,14297.404941,14298.125607,14300.968938,0,1.99999999999996,0.0200000000000003,5.99999999999996,2,1,65,0.5
608,14302.787602,14301.873603,14302.186936,14302.734269,14305.5256,0,1.99999999999996,0.0200000000000003,5.99999999999996,2,1,65,0.5
609,14307.720931,14306.948265,14306.982932,14307.667598,14310.632928,1,1.99999999999996,0.0200000000000003,7.00000000000003,1,2,66,0.5
610,14312.678926,14311.503594,14311.846927,14312.625593,14316.416256,1,1.99999999999996,0.0200000000000003,7.00000000000003,1,2,66,0.5
611,14318.365587,14317.253588,14317.622921,14318.312254,14320.154252,0,1.99999999999996,0.0200000000000003,5.99999999999996,2,1,65,0.5
612,14322.489588,14320.946251,14321.67225,14322.436249,14324.616247,1,1.99999999999996,0.0200000000000003,7.00000000000003,1,2,66,0.5
613,14327.113578,14325.794246,14326.137579,14327.060245,14330.072242,0,1.99999999999996,0.0200000000000003,5.99999999999996,2,1,65,0.5
614,14332.16424,14331.228241,14331.524907,14332.16424,14338.610233,0,NaN,0,7.00000000000003,1,2,66,0.5
615,14341.192231,14339.260233,14339.925565,14341.138897,14342.938229,1,1.99999999999996,0.0200000000000003,7.00000000000003,1,2,66,0.5
616,14344.712227,14343.557562,14343.912228,14344.658894,14347.486891,0,1.99999999999996,0.0200000000000003,5.99999999999996,2,1,65,0.5
617,14349.446222,14348.406224,14348.70289,14349.392889,14350.117555,1,1.99999999999996,0.0200000000000003,7.00000000000003,1,2,66,0.5
618,14352.880219,14350.832221,14351.250221,14352.826886,14355.898883,1,1.99999999999996,0.0200000000000003,7.00000000000003,1,2,66,0.5
619,14358.270214,14356.753549,14357.004215,14358.21688,14362.980876,1,1.99999999999996,0.0200000000000003,7.00000000000003,1,2,66,0.5
620,14364.912874,14363.766208,14364.064875,14364.85954,14368.022871,0,1.99999999999996,0.0200000000000003,5.99999999999996,2,1,65,0.5
621,14369.845535,14368.852203,14369.167536,14369.792202,14372.067533,0,1.99999999999996,0.0200000000000003,5.99999999999996,2,1,65,0.5
622,14376.158196,14375.23753,14375.52553,14376.104862,14378.671527,0,1.99999999999996,0.0200000000000003,5.99999999999996,2,1,65,0.5
623,14393.300179,14392.477513,14392.718846,14393.300179,14395.813509,0,NaN,0,7.00000000000003,1,2,66,0.5
624,14418.863486,14418.047487,14418.320154,14418.810153,14423.941481,1,1.99999999999996,0.0200000000000003,7.00000000000003,1,2,66,0.5
625,14426.420812,14424.690147,14424.922814,14426.367479,14428.963476,1,1.99999999999996,0.0200000000000003,7.00000000000003,1,2,66,0.5
626,14430.736808,14429.666142,14429.922809,14430.683475,14433.229472,1,1.99999999999996,0.0200000000000003,7.00000000000003,1,2,66,0.5
627,14435.28547,14434.069471,14434.380804,14435.232137,14437.798134,0,1.99999999999996,0.0200000000000003,5.99999999999996,2,1,65,0.5
628,14439.449466,14438.4948,14438.8328,14439.396133,14441.65613,0,1.99999999999996,0.0200000000000003,5.99999999999996,2,1,65,0.5
629,14443.674795,14442.404796,14442.899462,14443.621462,14446.466792,1,1.99999999999996,0.0200000000000003,7.00000000000003,1,2,66,0.5
630,14448.715457,14447.385458,14447.702791,14448.662123,14451.023454,1,1.99999999999996,0.0200000000000003,7.00000000000003,1,2,66,0.5
631,14453.390119,14451.808787,14452.20012,14453.390119,14455.998783,1,NaN,0,5.99999999999996,2,1,65,0.5
632,14461.356111,14460.129445,14460.586111,14461.302777,14463.738108,0,1.99999999999996,0.0200000000000003,5.99999999999996,2,1,65,0.5
633,14465.450106,14464.567441,14464.737441,14465.396773,14468.039437,0,1.99999999999996,0.0200000000000003,5.99999999999996,2,1,65,0.5
634,14469.664102,14468.73477,14469.06677,14469.610769,14472.013433,0,1.99999999999996,0.0200000000000003,5.99999999999996,2,1,65,0.5
635,14473.752765,14472.838766,14473.204765,14473.752765,14474.052765,0,NaN,0,7.00000000000003,1,2,66,0.5
636,14483.071422,14481.897423,14482.219423,14483.018089,14489.266083,1,1.99999999999996,0.0200000000000003,7.00000000000003,1,2,66,0.5
637,14492.00408,14490.926081,14491.242081,14491.950747,14494.057411,0,1.99999999999996,0.0200000000000003,5.99999999999996,2,1,65,0.5
638,14496.132076,14494.846077,14495.126743,14496.132076,14503.532735,0,NaN,0,7.00000000000003,1,2,66,0.5
639,14508.275397,14506.604065,14506.886065,14508.222064,14510.128062,1,1.99999999999996,0.0200000000000003,7.00000000000003,1,2,66,0.5
640,14512.444726,14510.810728,14511.116061,14512.391393,14515.492056,1,1.99999999999996,0.0200000000000003,7.00000000000003,1,2,66,0.5
641,14517.304055,14516.257389,14516.490055,14517.250721,14520.122718,1,1.99999999999996,0.0200000000000003,7.00000000000003,1,2,66,0.5
642,14522.108716,14520.943384,14521.174051,14522.108716,14525.298713,1,NaN,0,5.99999999999996,2,1,65,0.5
643,14541.104031,14539.860032,14540.255365,14541.050698,14547.494024,0,1.99999999999996,0.0200000000000003,5.99999999999996,2,1,65,0.5
644,14550.414688,14549.451356,14549.757355,14550.361355,14552.660019,0,1.99999999999996,0.0200000000000003,5.99999999999996,2,1,65,0.5
645,14554.602684,14553.678685,14553.970018,14554.549351,14556.055349,0,1.99999999999996,0.0200000000000003,5.99999999999996,2,1,65,0.5
646,14557.954681,14557.090015,14557.412681,14557.901347,14558.931346,0,1.99999999999996,0.0200000000000003,5.99999999999996,2,1,65,0.5
647,14560.658678,14559.688679,14559.968679,14560.605345,14562.916009,1,1.99999999999996,0.0200000000000003,7.00000000000003,1,2,66,0.5
648,14565.260007,14563.764675,14564.094008,14565.206673,14568.485337,1,1.99999999999996,0.0200000000000003,7.00000000000003,1,2,66,0.5
649,14570.326002,14569.224669,14569.614002,14570.272668,14572.700666,0,1.99999999999996,0.0200000000000003,5.99999999999996,2,1,65,0.5
650,14574.550664,14573.703332,14573.979998,14574.497331,14576.477995,0,1.99999999999996,0.0200000000000003,5.99999999999996,2,1,65,0.5
651,14578.717993,14577.285995,14577.851994,14578.66466,14581.388657,1,1.99999999999996,0.0200000000000003,7.00000000000003,1,2,66,0.5
652,14583.601988,14582.20199,14582.463989,14583.548655,14586.376652,1,1.99999999999996,0.0200000000000003,7.00000000000003,1,2,66,0.5
653,14588.311317,14587.166651,14587.483318,14588.257984,14590.657315,1,1.99999999999996,0.0200000000000003,7.00000000000003,1,2,66,0.5
654,14593.345979,14592.349313,14592.538646,14593.292645,14595.967976,0,1.99999999999996,0.0200000000000003,5.99999999999996,2,1,65,0.5
655,14597.740641,14596.794642,14597.101975,14597.687308,14601.132637,1,1.99999999999996,0.0200000000000003,7.00000000000003,1,2,66,0.5
656,14606.285966,14604.964634,14605.279967,14606.232632,14609.455296,1,1.99999999999996,0.0200000000000003,7.00000000000003,1,2,66,0.5
657,14611.61196,14610.267962,14610.524628,14611.558627,14613.114625,1,1.99999999999996,0.0200000000000003,7.00000000000003,1,2,66,0.5
658,14615.40929,14614.013291,14614.534624,14615.355957,14620.113285,0,1.99999999999996,0.0200000000000003,5.99999999999996,2,1,65,0.5
659,14774.579131,14773.575132,14773.859798,14774.525797,14775.600463,1,1.99999999999996,0.0200000000000003,7.00000000000003,1,2,66,0.5
660,14777.835794,14776.317796,14776.708462,14777.782461,14779.931125,1,1.99999999999996,0.0200000000000003,7.00000000000003,1,2,66,0.5
661,14782.062457,14780.879124,14781.201124,14782.009123,14784.106454,0,1.99999999999996,0.0200000000000003,5.99999999999996,2,1,65,0.5
662,14786.016453,14784.965787,14785.22912,14785.963119,14786.565785,1,1.99999999999996,0.0200000000000003,7.00000000000003,1,2,66,0.5
663,14789.05445,14787.311785,14787.819784,14789.001116,14790.649115,1,1.99999999999996,0.0200000000000003,7.00000000000003,1,2,66,0.5
664,14792.907779,14791.429114,14791.80978,14792.855112,14795.031777,1,1.99999999999996,0.0200000000000003,7.00000000000003,1,2,66,0.5
665,14797.333108,14796.149776,14796.480442,14797.279775,14799.416439,0,1.99999999999996,0.0200000000000003,5.99999999999996,2,1,65,0.5
666,14801.363771,14800.300438,14800.619771,14801.310437,14802.972436,0,1.99999999999996,0.0200000000000003,5.99999999999996,2,1,65,0.5
667,14804.822434,14803.836435,14804.118434,14804.769101,14807.207098,1,1.99999999999996,0.0200000000000003,7.00000000000003,1,2,66,0.5
668,14809.322429,14808.193097,14808.509763,14809.269096,14811.693094,0,1.99999999999996,0.0200000000000003,5.99999999999996,2,1,65,0.5
669,14813.563758,14812.567093,14812.878426,14813.510425,14815.354423,1,1.99999999999996,0.0200000000000003,7.00000000000003,1,2,66,0.5
670,14817.369755,14816.245756,14816.500422,14817.316421,14819.755752,1,1.99999999999996,0.0200000000000003,7.00000000000003,1,2,66,0.5
671,14822.125083,14820.955751,14821.310417,14822.07175,14824.399748,0,1.99999999999996,0.0200000000000003,5.99999999999996,2,1,65,0.5
672,14826.232412,14825.31708,14825.592413,14826.179079,14827.979744,0,1.99999999999996,0.0200000000000003,5.99999999999996,2,1,65,0.5
673,14829.787075,14829.031076,14829.273743,14829.787075,14836.483069,0,NaN,0,7.00000000000003,1,2,66,0.5
674,14838.593733,14837.544401,14837.921734,14838.5404,14840.539065,0,1.99999999999996,0.0200000000000003,5.99999999999996,2,1,65,0.5
675,14842.514396,14841.285731,14841.783063,14842.461063,14844.744394,1,1.99999999999996,0.0200000000000003,7.00000000000003,1,2,66,0.5
676,14846.860392,14845.46106,14845.723726,14846.807058,14849.05439,1,1.99999999999996,0.0200000000000003,7.00000000000003,1,2,66,0.5
677,14851.137721,14849.828389,14850.149722,14851.084388,14853.018386,1,1.99999999999996,0.0200000000000003,7.00000000000003,1,2,66,0.5
678,14854.77305,14853.716385,14854.029718,14854.719717,14856.675049,0,1.99999999999996,0.0200000000000003,5.99999999999996,2,1,65,0.5
679,14858.355714,14857.405714,14857.653048,14858.355714,15059.725512,1,NaN,0,5.99999999999996,2,1,65,0.5
680,15065.848173,15064.692174,15064.914174,15065.794839,15068.13017,0,1.99999999999996,0.0200000000000003,5.99999999999996,2,1,65,0.5
681,15069.898835,15069.03217,15069.230169,15069.845502,15073.138165,1,1.99999999999996,0.0200000000000003,7.00000000000003,1,2,66,0.5
682,15075.300163,15074.058165,15074.354164,15075.300163,15091.108147,1,NaN,0,5.99999999999996,2,1,65,0.5
683,15093.559478,15092.495479,15092.880812,15093.559478,15097.528808,1,NaN,0,5.99999999999996,2,1,65,0.5
684,15131.362774,15129.356776,15129.676109,15131.309441,15133.202772,0,1.99999999999996,0.0200000000000003,5.99999999999996,2,1,65,0.5
685,15134.803437,15133.846771,15134.104771,15134.750104,15137.688768,0,1.99999999999996,0.0200000000000003,5.99999999999996,2,1,65,0.5
686,15139.442099,15138.4941,15138.7841,15139.388766,15141.678097,1,1.99999999999996,0.0200000000000003,7.00000000000003,1,2,66,0.5
687,15143.376762,15142.35943,15142.614763,15143.323429,15144.278761,0,1.99999999999996,0.0200000000000003,5.99999999999996,2,1,65,0.5
688,15146.030763,15144.97676,15145.33276,15146.030763,15146.208092,1,NaN,0,5.99999999999996,2,1,65,0.5
689,15183.990721,15183.068722,15183.326722,15183.990721,15184.346721,1,NaN,0,5.99999999999996,2,1,65,0.5
690,15233.804005,15232.919339,15232.996672,15233.804005,15272.1013,1,NaN,0,5.99999999999996,2,1,65,0.5
691,15293.507945,15292.642613,15292.755946,15293.454612,15296.021276,1,1.99999999999996,0.0200000000000003,7.00000000000003,1,2,66,0.5
692,15298.44794,15297.219941,15297.560608,15298.394607,15301.011271,0,1.99999999999996,0.0200000000000003,5.99999999999996,2,1,65,0.5
693,15305.645933,15304.611267,15304.915267,15305.5926,15307.943931,0,1.99999999999996,0.0200000000000003,5.99999999999996,2,1,65,0.5
694,15309.997929,15308.906596,15309.355929,15309.944595,15311.932593,1,1.99999999999996,0.0200000000000003,7.00000000000003,1,2,66,0.5
695,15313.967258,15312.741926,15313.007926,15313.913925,15316.555255,1,1.99999999999996,0.0200000000000003,7.00000000000003,1,2,66,0.5
696,15318.529253,15317.443921,15317.753254,15318.47592,15320.291918,0,1.99999999999996,0.0200000000000003,5.99999999999996,2,1,65,0.5
697,15322.077917,15321.165251,15321.479917,15322.024583,15323.975248,0,1.99999999999996,0.0200000000000003,5.99999999999996,2,1,65,0.5
698,15325.879913,15324.935247,15325.263913,15325.826579,15328.077244,0,1.99999999999996,0.0200000000000003,5.99999999999996,2,1,65,0.5
699,15331.955907,15331.191907,15331.44524,15331.955907,15337.937234,0,NaN,0,7.00000000000003,1,2,66,0.5
700,15340.538565,15339.171899,15339.639232,15340.485231,15342.522563,1,1.99999999999996,0.0200000000000003,7.00000000000003,1,2,66,0.5
701,15344.186561,15343.199895,15343.520562,15344.133228,15345.811226,0,1.99999999999996,0.0200000000000003,5.99999999999996,2,1,65,0.5
702,15347.817891,15346.659225,15347.137225,15347.764557,15350.087222,1,1.99999999999996,0.0200000000000003,7.00000000000003,1,2,66,0.5
703,15352.198553,15351.038554,15351.333887,15352.198553,15358.25388,1,NaN,0,5.99999999999996,2,1,65,0.5
704,15359.994545,15358.80988,15359.269879,15359.941212,15361.74721,0,1.99999999999996,0.0200000000000003,5.99999999999996,2,1,65,0.5
705,15363.837208,15362.614543,15363.166542,15363.783875,15365.903206,1,1.99999999999996,0.0200000000000003,7.00000000000003,1,2,66,0.5
706,15367.763871,15366.691205,15366.968538,15367.710538,15370.007869,1,1.99999999999996,0.0200000000000003,7.00000000000003,1,2,66,0.5
707,15371.8612,15370.889868,15371.173867,15371.807867,15374.274531,0,1.99999999999996,0.0200000000000003,5.99999999999996,2,1,65,0.5
708,15375.973196,15375.057864,15375.319197,15375.973196,15381.135857,0,NaN,0,7.00000000000003,1,2,66,0.5
709,15384.224521,15382.868522,15383.311855,15384.171188,15387.914517,1,1.99999999999996,0.0200000000000003,7.00000000000003,1,2,66,0.5
710,15389.477182,15388.450517,15388.821183,15389.423849,15391.261181,0,1.99999999999996,0.0200000000000003,5.99999999999996,2,1,65,0.5
711,15393.455178,15392.016513,15392.715846,15393.401845,15395.22651,1,1.99999999999996,0.0200000000000003,7.00000000000003,1,2,66,0.5
712,15399.683839,15398.609173,15398.952506,15399.683839,15400.007172,1,NaN,0,5.99999999999996,2,1,65,0.5
713,15408.453163,15406.970498,15407.019832,15408.39983,15410.875828,1,1.99999999999996,0.0200000000000003,7.00000000000003,1,2,66,0.5
714,15412.597826,15411.451827,15411.75516,15412.544493,15414.997824,0,1.99999999999996,0.0200000000000003,5.99999999999996,2,1,65,0.5
715,15416.741822,15415.820489,15416.150489,15416.741822,15422.753816,1,NaN,0,5.99999999999996,2,1,65,0.5
716,15425.26648,15424.081148,15424.359814,15425.213147,15427.504478,1,1.99999999999996,0.0200000000000003,7.00000000000003,1,2,66,0.5
717,15430.341808,15428.80981,15429.068476,15430.288475,15432.770472,1,1.99999999999996,0.0200000000000003,7.00000000000003,1,2,66,0.5
718,15434.669804,15433.523805,15433.909805,15434.616471,15436.136469,0,1.99999999999996,0.0200000000000003,5.99999999999996,2,1,65,0.5
719,15438.178467,15437.215135,15437.577801,15438.125134,15440.357798,0,1.99999999999996,0.0200000000000003,5.99999999999996,2,1,65,0.5
720,15443.507795,15442.471796,15442.809129,15443.454462,15445.64046,1,1.99999999999996,0.0200000000000003,7.00000000000003,1,2,66,0.5
721,15447.783124,15446.924458,15447.104458,15447.729791,15450.151788,1,1.99999999999996,0.0200000000000003,7.00000000000003,1,2,66,0.5
722,15452.618453,15450.833121,15451.323121,15452.618453,15473.826431,1,NaN,0,5.99999999999996,2,1,65,0.5
723,15489.05175,15487.997084,15488.474417,15488.998416,15491.451747,1,1.99999999999996,0.0200000000000003,7.00000000000003,1,2,66,0.5
724,15493.462412,15492.259746,15492.516413,15493.409079,15496.146409,1,1.99999999999996,0.0200000000000003,7.00000000000003,1,2,66,0.5
725,15498.26774,15497.363075,15497.571074,15498.214407,15500.448405,0,1.99999999999996,0.0200000000000003,5.99999999999996,2,1,65,0.5
726,15502.36307,15501.185071,15501.64307,15502.309736,15503.940401,0,1.99999999999996,0.0200000000000003,5.99999999999996,2,1,65,0.5
727,15505.611066,15504.656401,15504.9304,15505.557733,15508.25173,1,1.99999999999996,0.0200000000000003,7.00000000000003,1,2,66,0.5
728,15510.055062,15508.91173,15509.279729,15510.001729,15511.817727,0,1.99999999999996,0.0200000000000003,5.99999999999996,2,1,65,0.5
729,15513.409058,15512.491059,15512.789059,15513.355725,15515.585723,0,1.99999999999996,0.0200000000000003,5.99999999999996,2,1,65,0.5
730,15517.441054,15516.331722,15516.807055,15517.387721,15519.896385,1,1.99999999999996,0.0200000000000003,7.00000000000003,1,2,66,0.5
731,15521.65505,15520.631718,15520.935051,15521.601717,15523.550382,0,1.99999999999996,0.0200000000000003,5.99999999999996,2,1,65,0.5
732,15525.305713,15524.317714,15524.619047,15525.25238,15526.905712,0,1.99999999999996,0.0200000000000003,5.99999999999996,2,1,65,0.5
733,15528.520377,15527.521044,15527.905044,15528.467043,15530.737041,1,1.99999999999996,0.0200000000000003,7.00000000000003,1,2,66,0.5
734,15533.761705,15532.711706,15532.832372,15533.708372,15535.967703,1,1.99999999999996,0.0200000000000003,7.00000000000003,1,2,66,0.5
735,15537.821034,15536.735702,15537.110368,15537.767701,15539.998365,0,1.99999999999996,0.0200000000000003,5.99999999999996,2,1,65,0.5
736,15541.69903,15540.729031,15541.020364,15541.645697,15543.739695,0,1.99999999999996,0.0200000000000003,5.99999999999996,2,1,65,0.5
737,15545.63036,15544.639694,15544.941027,15545.577026,15547.197025,0,1.99999999999996,0.0200000000000003,5.99999999999996,2,1,65,0.5
738,15548.898356,15548.053024,15548.337024,15548.898356,15551.393021,0,NaN,0,7.00000000000003,1,2,66,0.5
739,15556.514349,15555.227683,15555.601016,15556.461015,15558.841013,1,1.99999999999996,0.0200000000000003,7.00000000000003,1,2,66,0.5
740,15560.598345,15559.504346,15559.776345,15560.545011,15562.504343,1,1.99999999999996,0.0200000000000003,7.00000000000003,1,2,66,0.5
741,15564.399674,15563.303009,15563.674342,15564.346341,15566.052339,0,1.99999999999996,0.0200000000000003,5.99999999999996,2,1,65,0.5
742,15567.669004,15566.721005,15567.019005,15567.615671,15569.969002,1,1.99999999999996,0.0200000000000003,7.00000000000003,1,2,66,0.5
743,15571.800333,15570.820334,15571.117667,15571.747,15573.601665,0,1.99999999999996,0.0200000000000003,5.99999999999996,2,1,65,0.5
744,15575.552996,15574.392997,15574.864997,15575.499663,15577.968327,1,1.99999999999996,0.0200000000000003,7.00000000000003,1,2,66,0.5
745,15579.890992,15578.828993,15579.095659,15579.837659,15581.91099,0,1.99999999999996,0.0200000000000003,5.99999999999996,2,1,65,0.5
746,15583.440988,15582.518323,15582.836989,15583.387655,15585.22832,0,1.99999999999996,0.0200000000000003,5.99999999999996,2,1,65,0.5
747,15587.088318,15586.012319,15586.430319,15587.088318,15593.028979,1,NaN,0,5.99999999999996,2,1,65,0.5
748,15603.022302,15600.646305,15602.136303,15602.968969,15605.462966,1,1.99999999999996,0.0200000000000003,7.00000000000003,1,2,66,0.5
749,15608.620963,15607.043632,15607.367631,15608.56763,15610.763628,1,1.99999999999996,0.0200000000000003,7.00000000000003,1,2,66,0.5
750,15612.637626,15611.54896,15611.91896,15612.584293,15614.643624,0,1.99999999999996,0.0200000000000003,5.99999999999996,2,1,65,0.5
751,15616.468955,15615.53429,15615.890956,15616.415622,15618.22362,0,1.99999999999996,0.0200000000000003,5.99999999999996,2,1,65,0.5
752,15619.777619,15618.91162,15619.210953,15619.724286,15621.945617,0,1.99999999999996,0.0200000000000003,5.99999999999996,2,1,65,0.5
753,15623.576948,15622.686283,15622.992282,15623.576948,15628.280944,0,NaN,0,7.00000000000003,1,2,66,0.5
754,16233.009672,16231.76434,16232.081673,16232.956339,16235.379003,0,1.99999999999996,0.0200000000000003,5.99999999999996,2,1,65,0.5
755,16236.995002,16236.223002,16236.417002,16236.995002,16248.26499,1,NaN,0,5.99999999999996,2,1,65,0.5
756,16287.350951,16286.259619,16286.624285,16287.297618,16290.600948,0,1.99999999999996,0.0200000000000003,5.99999999999996,2,1,65,0.5
757,16293.038279,16291.266947,16291.50628,16292.984946,16294.046945,1,1.99999999999996,0.0200000000000003,7.00000000000003,1,2,66,0.5
758,16296.188942,16295.044277,16295.452943,16296.135609,16351.028221,0,1.99999999999996,0.0200000000000003,5.99999999999996,2,1,65,0.5
759,16353.306219,16351.914887,16352.250886,16353.252885,16355.960883,1,1.99999999999996,0.0200000000000003,7.00000000000003,1,2,66,0.5
760,16357.868881,16356.782882,16356.991548,16357.815547,16359.301546,1,1.99999999999996,0.0200000000000003,7.00000000000003,1,2,66,0.5
761,16361.378877,16360.248878,16360.530878,16361.325544,20446.119459,1,1.99999999999996,0.0200000000000003,7.00000000000003,1,2,66,0.5
762,20463.824108,20462.478109,20463.003442,20463.770775,20464.366108,0,1.99999999999996,0.0200000000000003,5.99999999999996,2,1,65,0.5
763,20480.548091,20479.834759,20479.889425,20480.548091,20491.054748,1,NaN,0,5.99999999999996,2,1,65,0.5
764,20494.201411,20492.480746,20492.873412,20494.148078,20495.246743,1,1.99999999999996,0.0200000000000003,7.00000000000003,1,2,66,0.5
765,20498.075407,20496.142742,20496.494742,20498.022074,20506.788065,0,1.99999999999996,0.0200000000000003,5.99999999999996,2,1,65,0.5
766,20509.418063,20508.36473,20508.725397,20509.364729,20511.502727,0,1.99999999999996,0.0200000000000003,5.99999999999996,2,1,65,0.5
767,20513.405392,20512.389393,20512.687393,20513.405392,20513.612725,1,NaN,0,5.99999999999996,2,1,65,0.5
768,20523.667382,20522.355383,20522.926049,20523.614048,20524.477381,1,1.99999999999996,0.0200000000000003,7.00000000000003,1,2,66,0.5
769,20526.273379,20525.154713,20525.570713,20526.220046,20528.09271,0,1.99999999999996,0.0200000000000003,5.99999999999996,2,1,65,0.5
770,20530.038709,20528.844043,20529.368043,20529.985375,20531.434707,0,1.99999999999996,0.0200000000000003,5.99999999999996,2,1,65,0.5
771,20533.737372,20532.532039,20533.040706,20533.684038,20536.257369,1,1.99999999999996,0.0200000000000003,7.00000000000003,1,2,66,0.5
772,20538.543367,20537.378035,20537.677368,20538.490033,20542.040697,1,1.99999999999996,0.0200000000000003,7.00000000000003,1,2,66,0.5
773,20543.966695,20542.880029,20543.174695,20543.913361,20546.322026,0,1.99999999999996,0.0200000000000003,5.99999999999996,2,1,65,0.5
774,20548.45469,20547.352025,20547.752691,20548.45469,20555.918016,1,NaN,0,5.99999999999996,2,1,65,0.5
775,21417.344488,21415.52049,21415.645823,21417.291155,21418.72982,1,1.99999999999996,0.0200000000000003,7.00000000000003,1,2,66,0.5
776,21428.608477,21426.467145,21426.953812,21428.555143,21430.095808,0,1.99999999999996,0.0200000000000003,5.99999999999996,2,1,65,0.5
777,21436.154469,21435.427136,21435.569803,21436.154469,21442.969129,1,NaN,0,5.99999999999996,2,1,65,0.5
778,21445.507126,21443.639128,21444.029128,21445.507126,21465.68644,1,NaN,0,5.99999999999996,2,1,65,0.5
779,21469.284436,21468.26777,21468.56177,21469.231103,21472.0571,1,1.99999999999996,0.0200000000000003,7.00000000000003,1,2,66,0.5
780,21474.481764,21473.216432,21473.583765,21474.428431,21477.081095,0,1.99999999999996,0.0200000000000003,5.99999999999996,2,1,65,0.5
781,21478.70376,21477.892427,21478.063094,21478.70376,21512.961726,1,NaN,0,5.99999999999996,2,1,65,0.5
782,21514.755057,21513.524392,21513.717058,21514.755057,21533.647038,1,NaN,0,5.99999999999996,2,1,65,0.5
783,21535.185703,21534.274371,21534.602371,21535.185703,21535.539036,1,NaN,0,5.99999999999996,2,1,65,0.5
784,22516.031389,22513.185392,22513.414059,22515.978056,22517.186721,0,1.99999999999996,0.0200000000000003,5.99999999999996,2,1,65,0.5
785,22519.678719,22518.21672,22518.551387,22519.625386,22522.832716,0,1.99999999999996,0.0200000000000003,5.99999999999996,2,1,65,0.5
786,22524.996047,22523.950715,22524.138714,22524.942714,22527.260045,0,1.99999999999996,0.0200000000000003,5.99999999999996,2,1,65,0.5
787,22529.366709,22528.408044,22528.601377,22529.313376,22533.166039,0,1.99999999999996,0.0200000000000003,5.99999999999996,2,1,65,0.5
788,22534.992704,22533.961371,22534.339371,22534.93937,22536.929368,0,1.99999999999996,0.0200000000000003,5.99999999999996,2,1,65,0.5
789,22538.792033,22538.010701,22538.206034,22538.7387,22540.441365,0,1.99999999999996,0.0200000000000003,5.99999999999996,2,1,65,0.5
790,22543.934028,22542.852029,22543.156029,22543.934028,22550.670688,0,NaN,0,7.00000000000003,1,2,66,0.5
791,22675.215897,22668.343904,22668.497903,22675.162563,22676.699229,1,1.99999999999996,0.0200000000000003,7.00000000000003,1,2,66,0.5
792,22679.803892,22678.26056,22678.68056,22679.750559,22686.738552,1,1.99999999999996,0.0200000000000003,7.00000000000003,1,2,66,0.5
793,22688.959883,22688.021217,22688.069884,22688.959883,22706.653199,1,NaN,0,5.99999999999996,2,1,65,0.5
794,22708.321197,22707.298531,22707.430531,22708.321197,22719.179853,1,NaN,0,5.99999999999996,2,1,65,0.5
795,22725.101847,22724.387848,22724.477847,22725.101847,22725.476513,1,NaN,0,5.99999999999996,2,1,65,0.5
796,22739.930499,22738.789833,22739.240499,22739.877166,22742.487829,0,1.99999999999996,0.0200000000000003,5.99999999999996,2,1,65,0.5
797,22748.201157,22745.22916,22745.539826,22748.19849,22751.701154,0,1.99999999999996,0.0200000000000003,5.99999999999996,2,1,65,0.5
798,22754.289151,22753.241819,22753.650485,22754.289151,22758.935813,0,NaN,0,7.00000000000003,1,2,66,0.5
799,22765.62714,22764.426474,22764.657141,22765.573806,22766.636472,1,1.99999999999996,0.0200000000000003,7.00000000000003,1,2,66,0.5
800,22768.923136,22767.554471,22768.002471,22768.869803,22769.537136,1,1.99999999999996,0.0200000000000003,7.00000000000003,1,2,66,0.5
801,22772.020467,22770.841801,22771.011134,22771.9678,22775.390463,1,1.99999999999996,0.0200000000000003,7.00000000000003,1,2,66,0.5
802,22777.129795,22776.046463,22776.318462,22777.076461,22780.511125,1,1.99999999999996,0.0200000000000003,7.00000000000003,1,2,66,0.5
803,22782.269123,22781.231791,22781.59379,22782.21579,22784.384454,0,1.99999999999996,0.0200000000000003,5.99999999999996,2,1,65,0.5
804,22786.169119,22785.152453,22785.51112,22786.115786,22790.066449,1,1.99999999999996,0.0200000000000003,7.00000000000003,1,2,66,0.5
805,22791.97178,22790.983114,22791.213114,22791.918447,22795.371777,1,1.99999999999996,0.0200000000000003,7.00000000000003,1,2,66,0.5
806,22797.407108,22796.293776,22796.669109,22797.353775,22799.065106,0,1.99999999999996,0.0200000000000003,5.99999999999996,2,1,65,0.5
807,22803.821101,22802.781102,22803.121102,22803.767768,22807.315098,1,1.99999999999996,0.0200000000000003,7.00000000000003,1,2,66,0.5
808,22809.487762,22808.431097,22808.79843,22809.434429,22811.871093,0,1.99999999999996,0.0200000000000003,5.99999999999996,2,1,65,0.5
809,22813.953091,22812.590426,22812.932426,22813.900425,22817.548421,1,1.99999999999996,0.0200000000000003,7.00000000000003,1,2,66,0.5
810,22820.998418,22819.994419,22820.271085,22820.945084,22824.633081,1,1.99999999999996,0.0200000000000003,7.00000000000003,1,2,66,0.5
811,22826.744412,22825.54108,22825.881079,22826.691079,22829.937075,1,1.99999999999996,0.0200000000000003,7.00000000000003,1,2,66,0.5
812,22833.516405,22832.423073,22832.766406,22833.463072,22835.881069,0,1.99999999999996,0.0200000000000003,5.99999999999996,2,1,65,0.5
813,22837.511068,22836.567069,22836.859068,22837.457734,22840.555065,1,1.99999999999996,0.0200000000000003,7.00000000000003,1,2,66,0.5
814,22842.832396,22841.804397,22842.064397,22842.779062,22845.06706,0,1.99999999999996,0.0200000000000003,5.99999999999996,2,1,65,0.5
815,22847.055058,22845.830393,22846.398392,22847.001725,22850.163722,1,1.99999999999996,0.0200000000000003,7.00000000000003,1,2,66,0.5
816,22852.303053,22851.231721,22851.517054,22852.24972,22854.368384,0,1.99999999999996,0.0200000000000003,5.99999999999996,2,1,65,0.5
817,22856.037716,22855.070384,22855.376383,22856.037716,22856.327716,1,NaN,0,5.99999999999996,2,1,65,0.5
818,22868.461037,22867.309705,22867.779037,22868.407704,22870.812368,0,1.99999999999996,0.0200000000000003,5.99999999999996,2,1,65,0.5
819,22872.652366,22871.587034,22872.0177,22872.599033,22874.520364,0,1.99999999999996,0.0200000000000003,5.99999999999996,2,1,65,0.5
820,22876.308362,22875.366363,22875.68903,22876.255029,22878.889026,0,1.99999999999996,0.0200000000000003,5.99999999999996,2,1,65,0.5
821,22880.845024,22879.613692,22880.159025,22880.791692,22884.223688,1,1.99999999999996,0.0200000000000003,7.00000000000003,1,2,66,0.5
822,22886.757685,22885.72502,22885.997019,22886.704352,22889.919015,1,1.99999999999996,0.0200000000000003,7.00000000000003,1,2,66,0.5
823,22891.784347,22890.768348,22891.023681,22891.784347,22906.593665,1,NaN,0,5.99999999999996,2,1,65,0.5
824,22909.580329,22908.421664,22908.69233,22909.526996,22911.98366,0,1.99999999999996,0.0200000000000003,5.99999999999996,2,1,65,0.5
825,22913.476325,22912.611659,22912.916326,22913.476325,22917.048322,0,NaN,0,7.00000000000003,1,2,66,0.5
826,22973.115599,22971.6856,22971.990267,22973.062266,22979.396259,1,1.99999999999996,0.0200000000000003,7.00000000000003,1,2,66,0.5
827,22981.418257,22980.332258,22980.720258,22981.365591,22983.688922,0,1.99999999999996,0.0200000000000003,5.99999999999996,2,1,65,0.5
828,22986.702919,22985.781586,22986.064919,22986.649585,22990.242915,1,1.99999999999996,0.0200000000000003,7.00000000000003,1,2,66,0.5
829,22992.465579,22991.532914,22991.786247,22992.412246,22995.29691,1,1.99999999999996,0.0200000000000003,7.00000000000003,1,2,66,0.5
830,22997.091575,22996.088909,22996.354909,22997.038242,22999.570239,1,1.99999999999996,0.0200000000000003,7.00000000000003,1,2,66,0.5
831,23001.254237,23000.295572,23000.520905,23001.200904,23004.260901,1,1.99999999999996,0.0200000000000003,7.00000000000003,1,2,66,0.5
832,23006.208899,23005.1589,23005.487566,23006.155566,23008.585563,0,1.99999999999996,0.0200000000000003,5.99999999999996,2,1,65,0.5
833,23010.286228,23009.312896,23009.646229,23010.232895,23012.616226,0,1.99999999999996,0.0200000000000003,5.99999999999996,2,1,65,0.5
834,23014.472891,23013.558892,23013.834225,23014.472891,23020.484218,0,NaN,0,7.00000000000003,1,2,66,0.5
835,23022.470883,23021.313551,23021.728217,23022.417549,23024.666214,0,1.99999999999996,0.0200000000000003,5.99999999999996,2,1,65,0.5
836,23026.470212,23025.48288,23025.813546,23026.416879,23028.67021,0,1.99999999999996,0.0200000000000003,5.99999999999996,2,1,65,0.5
837,23031.082208,23030.167542,23030.432208,23031.028874,23034.042871,1,1.99999999999996,0.0200000000000003,7.00000000000003,1,2,66,0.5
838,23036.094202,23035.04087,23035.383537,23036.040869,23038.4402,0,1.99999999999996,0.0200000000000003,5.99999999999996,2,1,65,0.5
839,23040.056199,23039.095533,23039.453532,23040.002865,23043.286195,1,1.99999999999996,0.0200000000000003,7.00000000000003,1,2,66,0.5
840,23045.15886,23044.189528,23044.467527,23045.105527,23047.100191,0,1.99999999999996,0.0200000000000003,5.99999999999996,2,1,65,0.5
841,23048.783523,23047.868191,23048.167524,23048.73019,23051.886187,1,1.99999999999996,0.0200000000000003,7.00000000000003,1,2,66,0.5
842,23053.711518,23052.696186,23053.039519,23053.658185,23055.57885,0,1.99999999999996,0.0200000000000003,5.99999999999996,2,1,65,0.5
843,23057.526181,23056.452182,23056.825515,23057.472848,23059.08418,0,1.99999999999996,0.0200000000000003,5.99999999999996,2,1,65,0.5
844,23064.116174,23063.058842,23063.385509,23064.062841,23065.338173,0,1.99999999999996,0.0200000000000003,5.99999999999996,2,1,65,0.5
845,23067.129505,23066.018173,23066.466839,23067.076172,23070.035502,1,1.99999999999996,0.0200000000000003,7.00000000000003,1,2,66,0.5
846,23072.120833,23070.721501,23071.034834,23072.0675,23074.222164,0,1.99999999999996,0.0200000000000003,5.99999999999996,2,1,65,0.5
847,23075.914829,23074.891497,23075.205497,23075.861496,23078.630827,1,1.99999999999996,0.0200000000000003,7.00000000000003,1,2,66,0.5
848,23081.407491,23080.189492,23080.586158,23081.354157,23084.350821,1,1.99999999999996,0.0200000000000003,7.00000000000003,1,2,66,0.5
849,23086.463485,23085.29482,23085.691486,23086.410152,23088.831483,0,1.99999999999996,0.0200000000000003,5.99999999999996,2,1,65,0.5
850,23090.560815,23089.689482,23089.963482,23090.560815,23326.969912,1,NaN,0,5.99999999999996,2,1,65,0.5
851,23331.203907,23330.042575,23330.375908,23331.203907,23347.657224,0,NaN,0,7.00000000000003,1,2,66,0.5
852,23355.265883,23354.523884,23354.645884,23355.21255,23356.251216,1,1.99999999999996,0.0200000000000003,7.00000000000003,1,2,66,0.5
853,23360.210545,23359.105879,23359.385213,23360.210545,23402.352503,1,NaN,0,5.99999999999996,2,1,65,0.5
854,23492.218413,23490.758414,23490.825081,23492.218413,23492.456413,1,NaN,0,5.99999999999996,2,1,65,0.5
855,23502.03307,23500.365738,23500.627738,23502.03307,23502.03507,0,NaN,0,7.00000000000003,1,2,66,0.5
856,23522.090383,23509.467729,23509.567729,NaN,23543.858361,NaN,NaN,0,7.00000000000003,1,2,66,0.5
857,23550.371022,23549.377689,23549.668356,23550.317688,23553.243685,1,1.99999999999996,0.0200000000000003,7.00000000000003,1,2,66,0.5
858,23556.278349,23555.367017,23555.68035,23556.225016,23560.900344,1,1.99999999999996,0.0200000000000003,7.00000000000003,1,2,66,0.5
859,23562.696343,23561.800343,23562.010343,23562.643009,23563.503009,1,1.99999999999996,0.0200000000000003,7.00000000000003,1,2,66,0.5
860,23565.539006,23564.183008,23564.543674,23565.48634,23567.319005,0,1.99999999999996,0.0200000000000003,5.99999999999996,2,1,65,0.5
861,23570.985001,23569.371669,23569.576336,23570.931668,23575.412997,1,1.99999999999996,0.0200000000000003,7.00000000000003,1,2,66,0.5
862,23577.063662,23576.144329,23576.343662,23577.063662,23581.802323,1,NaN,0,5.99999999999996,2,1,65,0.5
863,23589.198983,23588.27765,23588.576317,23589.145649,23591.166981,0,1.99999999999996,0.0200000000000003,5.99999999999996,2,1,65,0.5
864,23593.762311,23592.843646,23592.947646,23593.708978,23594.576311,1,1.99999999999996,0.0200000000000003,7.00000000000003,1,2,66,0.5
865,23596.206976,23595.242977,23595.552976,23596.153642,23599.820972,1,1.99999999999996,0.0200000000000003,7.00000000000003,1,2,66,0.5
866,23603.229635,23602.111636,23602.382303,23603.229635,23607.320965,1,NaN,0,5.99999999999996,2,1,65,0.5
867,23621.143617,23620.276952,23620.538285,23621.090284,23626.965612,0,1.99999999999996,0.0200000000000003,5.99999999999996,2,1,65,0.5
868,23631.146941,23629.809609,23630.116275,23631.146941,23631.343607,0,NaN,0,7.00000000000003,1,2,66,0.5
869,23673.382232,23660.759578,NaN,NaN,NaN,NaN,NaN,0,7.00000000000003,1,2,66,0.5
870,23682.367556,23681.392224,23681.741557,23682.367556,23682.921556,0,NaN,0,7.00000000000003,1,2,66,0.5
871,23695.267543,23694.220878,23694.673544,23695.21421,23696.952208,0,1.99999999999996,0.0200000000000003,5.99999999999996,2,1,65,0.5
872,23702.083537,23701.128204,23701.41887,23702.030203,23703.693535,0,1.99999999999996,0.0200000000000003,5.99999999999996,2,1,65,0.5
873,23714.380858,23713.802858,23713.831525,23714.327524,23715.14419,1,1.99999999999996,0.0200000000000003,7.00000000000003,1,2,66,0.5
874,23716.582189,23715.647523,23715.884189,23716.528855,23719.594186,1,1.99999999999996,0.0200000000000003,7.00000000000003,1,2,66,0.5
875,23721.266184,23720.299518,23720.535518,23721.212851,23723.816848,1,1.99999999999996,0.0200000000000003,7.00000000000003,1,2,66,0.5
876,23725.220847,23724.458847,23724.659514,23725.167513,23727.638844,1,1.99999999999996,0.0200000000000003,7.00000000000003,1,2,66,0.5
877,23730.436175,23729.546176,23729.851509,23730.382842,23732.532839,0,1.99999999999996,0.0200000000000003,5.99999999999996,2,1,65,0.5
878,23733.963505,23733.100172,23733.381505,23733.963505,23734.124838,1,NaN,0,5.99999999999996,2,1,65,0.5
879,23745.016827,23743.621495,23744.310828,23744.963494,23746.516159,0,1.99999999999996,0.0200000000000003,5.99999999999996,2,1,65,0.5
880,23752.454819,23751.597487,23751.863487,23752.401486,23753.916151,1,1.99999999999996,0.0200000000000003,7.00000000000003,1,2,66,0.5
881,23755.51015,23754.556151,23754.774817,23755.456816,23758.148147,1,1.99999999999996,0.0200000000000003,7.00000000000003,1,2,66,0.5
882,23760.010145,23758.994146,23759.222146,23759.956812,23761.86281,0,1.99999999999996,0.0200000000000003,5.99999999999996,2,1,65,0.5
883,23763.390142,23762.469476,23762.871476,23763.336809,23768.26747,1,1.99999999999996,0.0200000000000003,7.00000000000003,1,2,66,0.5
884,23847.052058,23845.987393,23846.276059,23847.052058,23847.263391,0,NaN,0,7.00000000000003,1,2,66,0.5
885,23856.007383,23855.48205,23855.53205,23856.007383,23874.312698,1,NaN,0,5.99999999999996,2,1,65,0.5
886,23885.226687,23884.492021,23884.694021,23885.173353,23887.610684,1,1.99999999999996,0.0200000000000003,7.00000000000003,1,2,66,0.5
887,23889.211349,23888.436017,23888.604017,23889.158016,23890.853348,0,1.99999999999996,0.0200000000000003,5.99999999999996,2,1,65,0.5
888,23894.310011,23893.770011,23893.867345,23894.310011,23912.865992,1,NaN,0,5.99999999999996,2,1,65,0.5
889,23914.412657,23913.445325,23913.707992,23914.359324,23916.631322,0,1.99999999999996,0.0200000000000003,5.99999999999996,2,1,65,0.5
890,23918.388654,23917.537321,23917.838654,23918.33532,23920.875318,0,1.99999999999996,0.0200000000000003,5.99999999999996,2,1,65,0.5
891,23922.709983,23921.491317,23922.153316,23922.656649,23924.212648,1,1.99999999999996,0.0200000000000003,7.00000000000003,1,2,66,0.5
892,23925.957979,23924.918647,23925.218647,23925.904646,23927.339311,0,1.99999999999996,0.0200000000000003,5.99999999999996,2,1,65,0.5
893,23928.91331,23928.014644,23928.334644,23928.859976,23930.700641,0,1.99999999999996,0.0200000000000003,5.99999999999996,2,1,65,0.5
894,23932.12664,23931.297974,23931.60464,23932.073306,23935.202637,1,1.99999999999996,0.0200000000000003,7.00000000000003,1,2,66,0.5
895,23936.723969,23935.880636,23936.085303,23936.670635,23939.243966,1,1.99999999999996,0.0200000000000003,7.00000000000003,1,2,66,0.5
896,23940.907964,23939.915299,23940.155965,23940.854631,23943.751961,1,1.99999999999996,0.0200000000000003,7.00000000000003,1,2,66,0.5
897,23945.64196,23944.591961,23944.986627,23945.588626,23947.599291,0,1.99999999999996,0.0200000000000003,5.99999999999996,2,1,65,0.5
898,23949.375289,23948.358624,23948.828623,23949.375289,23965.655273,0,NaN,0,7.00000000000003,1,2,66,0.5
899,23970.254602,23969.240603,23969.549936,23970.201268,23972.823266,1,1.99999999999996,0.0200000000000003,7.00000000000003,1,2,66,0.5
900,24048.58519,24047.696524,24047.959191,24048.531857,24062.03651,1,1.99999999999996,0.0200000000000003,7.00000000000003,1,2,66,0.5
901,24063.565175,24062.675176,24062.857176,24063.511842,24066.991838,1,1.99999999999996,0.0200000000000003,7.00000000000003,1,2,66,0.5
902,24070.213168,24069.225836,24069.523836,24070.159835,24071.577167,0,1.99999999999996,0.0200000000000003,5.99999999999996,2,1,65,0.5
903,24073.949831,24073.057832,24073.447165,24073.949831,24087.999817,1,NaN,0,5.99999999999996,2,1,65,0.5
904,24094.355811,24093.420478,24093.675145,24094.302478,24096.219809,1,1.99999999999996,0.0200000000000003,7.00000000000003,1,2,66,0.5
905,24100.203138,24099.483806,24099.688472,24100.149805,24102.335803,0,1.99999999999996,0.0200000000000003,5.99999999999996,2,1,65,0.5
906,24104.335801,24103.479135,24103.715802,24104.282468,24105.821799,0,1.99999999999996,0.0200000000000003,5.99999999999996,2,1,65,0.5
907,24107.367798,24106.622465,24106.887798,24107.314465,24110.837128,1,1.99999999999996,0.0200000000000003,7.00000000000003,1,2,66,0.5
908,24113.497792,24112.625126,24112.871792,24113.497792,24122.35645,1,NaN,0,5.99999999999996,2,1,65,0.5
909,24140.780431,24140.076432,24140.127098,24140.780431,24140.992431,0,NaN,0,7.00000000000003,1,2,66,0.5
910,24519.402719,24516.693389,24516.762722,24518.87072,24544.667361,0,NaN,0,5.99999999999996,2,1,65,0.5
911,24562.36601,24561.185344,24561.496677,24562.312676,24564.032008,0,1.99999999999996,0.0200000000000003,5.99999999999996,2,1,65,0.5
912,24566.386672,24565.69334,24565.902006,24566.334006,24567.360005,1,1.99999999999996,0.0200000000000003,7.00000000000003,1,2,66,0.5
913,24571.174001,24569.974002,24570.112002,24571.120667,24574.101331,1,1.99999999999996,0.0200000000000003,7.00000000000003,1,2,66,0.5
914,24588.905316,24587.581984,24587.847317,24588.851983,24592.897312,0,1.99999999999996,0.0200000000000003,5.99999999999996,2,1,65,0.5
915,24600.681971,24599.995305,24600.215972,24600.628638,24603.045302,1,1.99999999999996,0.0200000000000003,7.00000000000003,1,2,66,0.5
916,24607.635964,24605.364633,24605.635966,24607.582631,24608.717297,0,1.99999999999996,0.0200000000000003,5.99999999999996,2,1,65,0.5
917,24699.05854,24686.435885,24686.511885,NaN,NaN,NaN,NaN,0,5.99999999999996,2,1,65,0.5
918,24789.117116,24781.402457,24781.683124,24789.117116,24796.223776,0,NaN,0,7.00000000000003,1,2,66,0.5
919,24821.822417,24818.093087,24821.169084,24821.769083,24822.567749,1,1.99999999999996,0.0200000000000003,7.00000000000003,1,2,66,0.5
920,24825.127747,24824.029081,24824.462414,24825.074414,24826.977078,0,1.99999999999996,0.0200000000000003,5.99999999999996,2,1,65,0.5
921,24829.213743,24828.083744,24828.633743,24829.160409,24832.462406,1,1.99999999999996,0.0200000000000003,7.00000000000003,1,2,66,0.5
922,24835.52707,24833.953071,24834.914404,24835.52707,24836.146402,1,NaN,0,5.99999999999996,2,1,65,0.5
923,24845.346393,24844.452394,24844.808394,24845.29306,24847.848391,1,1.99999999999996,0.0200000000000003,7.00000000000003,1,2,66,0.5
924,24849.819722,24848.41039,24849.07039,24849.819722,24850.039722,1,NaN,0,5.99999999999996,2,1,65,0.5
925,24861.733044,24860.721045,24861.297044,24861.733044,24861.949043,1,NaN,0,5.99999999999996,2,1,65,0.5
926,24875.860363,24874.518364,24874.916364,24875.860363,24917.826987,1,NaN,0,5.99999999999996,2,1,65,0.5
927,24922.09565,24921.048318,24921.379651,24922.042317,24925.31298,1,1.99999999999996,0.0200000000000003,7.00000000000003,1,2,66,0.5
928,24927.036312,24925.888979,24926.191646,24926.982978,24928.642977,0,1.99999999999996,0.0200000000000003,5.99999999999996,2,1,65,0.5
929,24931.298307,24930.673641,24930.861641,24931.257641,24935.253637,1,1.99999999999996,0.0200000000000003,7.00000000000003,1,2,66,0.5
930,24938.2083,24937.375635,24937.559634,24938.155634,24940.764298,1,1.99999999999996,0.0200000000000003,7.00000000000003,1,2,66,0.5
931,24953.982951,24943.362962,24943.637628,NaN,25504.8144,NaN,NaN,0,5.99999999999996,2,1,65,0.5
932,25506.957732,25505.751733,25506.225732,25506.904398,25544.639027,0,1.99999999999996,0.0200000000000003,5.99999999999996,2,1,65,0.5
933,25549.107023,25547.114358,25547.427691,25549.107023,25549.319023,0,NaN,0,7.00000000000003,1,2,66,0.5
934,25579.742992,25567.120338,25567.154338,NaN,25586.707652,NaN,NaN,0,7.00000000000003,1,2,66,0.5
935,25593.884978,25593.196312,25593.396979,25593.831645,25595.045644,1,1.99999999999996,0.0200000000000003,7.00000000000003,1,2,66,0.5
936,25597.553641,25596.591642,25596.878975,25597.500308,25598.48164,0,1.99999999999996,0.0200000000000003,5.99999999999996,2,1,65,0.5
937,25604.485634,25603.115635,25603.955635,25604.432301,25611.532294,1,1.99999999999996,0.0200000000000003,7.00000000000003,1,2,66,0.5
938,25615.752956,25614.040291,25614.287624,25615.699623,25618.272287,1,1.99999999999996,0.0200000000000003,7.00000000000003,1,2,66,0.5
939,25619.868952,25618.85362,25619.323619,25619.815619,25653.927585,0,1.99999999999996,0.0200000000000003,5.99999999999996,2,1,65,0.5
940,25655.844249,25655.141583,25655.350917,25655.790916,25657.408248,0,1.99999999999996,0.0200000000000003,5.99999999999996,2,1,65,0.5
941,25659.456246,25658.724913,25659.042913,25659.456246,25664.210908,1,NaN,0,5.99999999999996,2,1,65,0.5
942,25667.212238,25666.251572,25666.544239,25667.212238,25673.565565,0,NaN,0,7.00000000000003,1,2,66,0.5
943,25706.150199,25705.2342,25705.5162,25706.096866,25707.000198,1,1.99999999999996,0.0200000000000003,7.00000000000003,1,2,66,0.5
944,25710.169528,25709.370863,25709.668196,25710.116195,25869.607369,0,1.99999999999996,0.0200000000000003,5.99999999999996,2,1,65,0.5
945,25873.824031,25872.554033,25872.913366,25873.824031,25873.948698,1,NaN,0,5.99999999999996,2,1,65,0.5
946,25901.056004,25888.43335,25888.492017,NaN,25910.639328,NaN,NaN,0,5.99999999999996,2,1,65,0.5
947,25912.635993,25911.903993,25912.16066,25912.582659,26202.085703,0,1.99999999999996,0.0200000000000003,5.99999999999996,2,1,65,0.5
948,26230.059009,26229.107009,26229.432342,26230.005675,26233.021006,1,1.99999999999996,0.0200000000000003,7.00000000000003,1,2,66,0.5
949,26237.227668,26236.526335,26236.752335,26237.174335,26238.437001,0,1.99999999999996,0.0200000000000003,5.99999999999996,2,1,65,0.5
950,26241.507664,26240.786331,26241.022331,26241.507664,26241.685664,1,NaN,0,5.99999999999996,2,1,65,0.5
951,26263.400975,26250.778321,26250.860988,NaN,26352.077553,NaN,NaN,0,5.99999999999996,2,1,65,0.5
952,26365.352873,26352.730219,26353.005552,NaN,NaN,NaN,NaN,0,7.00000000000003,1,2,66,0.5
953,26435.622803,26434.84747,26435.178803,26435.622803,26438.020801,1,NaN,0,5.99999999999996,2,1,65,0.5
954,26446.147459,26444.449461,26444.770794,26446.147459,26446.207459,0,NaN,0,7.00000000000003,1,2,66,0.5
955,26454.152784,26453.266119,26453.570118,26454.099451,26455.242783,1,1.99999999999996,0.0200000000000003,7.00000000000003,1,2,66,0.5
956,26470.052769,26457.430114,26457.570114,NaN,NaN,NaN,NaN,0,7.00000000000003,1,2,66,0.5
957,26553.064019,26540.441365,26540.671365,NaN,26578.751327,NaN,NaN,0,7.00000000000003,1,2,66,0.5
958,26580.431325,26579.509992,26579.661992,26580.377992,26585.205987,1,1.99999999999996,0.0200000000000003,7.00000000000003,1,2,66,0.5
959,26648.27259,26647.145925,26647.460591,26648.27259,26648.50459,0,NaN,0,7.00000000000003,1,2,66,0.5
960,26682.186556,26679.627226,26679.854559,26682.18389,26694.968544,1,1.99999999999996,0.0200000000000003,7.00000000000003,1,2,66,0.5
961,26696.471875,26695.745876,26695.989876,26696.418542,26725.633846,0,1.99999999999996,0.0200000000000003,5.99999999999996,2,1,65,0.5
962,26731.187841,26730.219842,26730.572508,26731.134507,26745.459826,1,1.99999999999996,0.0200000000000003,7.00000000000003,1,2,66,0.5
963,26752.100486,26750.760488,26751.369154,26752.100486,26752.306486,1,NaN,0,5.99999999999996,2,1,65,0.5
964,26761.832477,26760.761811,26761.047144,26761.779143,26888.62035,1,1.99999999999996,0.0200000000000003,7.00000000000003,1,2,66,0.5
965,26903.379002,26890.756348,26890.955681,NaN,26933.558305,NaN,NaN,0,5.99999999999996,2,1,65,0.5
966,26937.556301,26936.768968,26937.144968,26937.556301,26937.742301,1,NaN,0,5.99999999999996,2,1,65,0.5
967,26979.803592,26978.83826,26979.161593,26979.803592,26979.996259,1,NaN,0,5.99999999999996,2,1,65,0.5
968,26989.561582,26987.883584,26988.058917,26989.561582,27055.680183,0,NaN,0,7.00000000000003,1,2,66,0.5
969,27073.000832,27071.986833,27072.1795,NaN,NaN,NaN,NaN,0,5.99999999999996,2,1,65,0.5
970,27092.616146,27091.67148,27091.92148,27092.562813,27093.464145,1,1.99999999999996,0.0200000000000003,7.00000000000003,1,2,66,0.5
971,27095.055477,27094.262811,27094.530811,27095.002144,27099.428139,0,1.99999999999996,0.0200000000000003,5.99999999999996,2,1,65,0.5
972,27275.750629,27263.310642,27263.556642,NaN,NaN,NaN,NaN,0,5.99999999999996,2,1,65,0.5
973,27298.293274,27285.67062,27285.825953,NaN,NaN,NaN,NaN,0,7.00000000000003,1,2,66,0.5
974,27315.551256,27314.519924,27314.819257,27315.497923,27451.028454,1,1.99999999999996,0.0200000000000003,7.00000000000003,1,2,66,0.5
975,27454.484451,27452.567119,27452.932452,27453.933118,27523.337715,0,NaN,0,5.99999999999996,2,1,65,0.5
976,27527.679044,27524.242381,27524.416381,27527.679044,27529.054376,0,NaN,0,7.00000000000003,1,2,66,0.5
977,27547.422358,27546.887025,27546.990358,27547.422358,27805.234767,1,NaN,0,5.99999999999996,2,1,65,0.5
978,27808.68343,27807.577431,27807.862097,27808.630097,27817.536088,1,1.99999999999996,0.0200000000000003,7.00000000000003,1,2,66,0.5
979,27834.003405,27833.843405,27830.938741,NaN,27890.812681,NaN,NaN,0,5.99999999999996,2,1,65,0.5
980,27909.299329,27896.676675,27896.898675,NaN,NaN,NaN,NaN,0,5.99999999999996,2,1,65,0.5
981,27920.304652,27918.51332,27918.68132,27920.301985,27920.357985,0,1.99999999999996,0.0200000000000003,5.99999999999996,2,1,65,0.5
982,27932.825306,27932.029973,27932.20064,27932.825306,27933.134639,1,NaN,0,5.99999999999996,2,1,65,0.5
983,27940.953298,27940.345298,27940.431965,27940.899964,27941.877297,1,1.99999999999996,0.0200000000000003,7.00000000000003,1,2,66,0.5
984,27954.862617,27954.080618,27954.431951,27954.862617,27955.004617,1,NaN,0,5.99999999999996,2,1,65,0.5
985,27963.411942,27962.434609,27962.931942,27963.358609,27966.193272,1,1.99999999999996,0.0200000000000003,7.00000000000003,1,2,66,0.5
986,27970.589935,27969.496602,27969.794602,27970.589935,27974.747931,1,NaN,0,5.99999999999996,2,1,65,0.5
987,27992.12658,27991.056581,27991.509247,27992.073247,27994.218578,0,1.99999999999996,0.0200000000000003,5.99999999999996,2,1,65,0.5
988,27996.463909,27995.580576,27996.051243,27996.463909,27999.054573,1,NaN,0,5.99999999999996,2,1,65,0.5
989,28017.809221,28006.520565,28006.749898,NaN,28084.525821,NaN,NaN,0,5.99999999999996,2,1,65,0.5
990,28102.937136,28102.189803,28102.447803,28102.883802,28103.769801,1,1.99999999999996,0.0200000000000003,7.00000000000003,1,2,66,0.5
991,28117.969787,28109.072463,28109.351796,NaN,NaN,NaN,NaN,0,7.00000000000003,1,2,66,0.5
992,28138.499767,28125.877113,28125.985779,NaN,NaN,NaN,NaN,0,7.00000000000003,1,2,66,0.5
993,28220.859018,28215.51569,28215.51969,NaN,28253.932318,NaN,NaN,0,7.00000000000003,1,2,66,0.5
994,28256.295649,28254.946984,28255.096317,28256.295649,28256.400982,1,NaN,0,5.99999999999996,2,1,65,0.5
995,28280.574958,28267.952304,28268.000304,NaN,28311.468927,NaN,NaN,0,7.00000000000003,1,2,66,0.5
996,28315.240923,28314.226924,28314.591591,28315.18759,28325.636913,1,1.99999999999996,0.0200000000000003,7.00000000000003,1,2,66,0.5
997,28329.552242,28328.54691,28329.003576,28329.498909,28332.737573,1,1.99999999999996,0.0200000000000003,7.00000000000003,1,2,66,0.5
998,28334.948237,28334.101571,28334.352238,28334.894904,28337.092901,1,1.99999999999996,0.0200000000000003,7.00000000000003,1,2,66,0.5
999,28338.920233,28338.1049,28338.352234,28338.8669,28341.560897,1,1.99999999999996,0.0200000000000003,7.00000000000003,1,2,66,0.5
1000,28344.008895,28343.037562,28343.408895,28343.955561,28346.245559,0,1.99999999999996,0.0200000000000003,5.99999999999996,2,1,65,0.5
1001,28348.160224,28347.150891,28347.524224,28348.10689,28350.328888,0,1.99999999999996,0.0200000000000003,5.99999999999996,2,1,65,0.5
1002,28352.084887,28351.300887,28351.58022,28352.031553,28354.373551,1,1.99999999999996,0.0200000000000003,7.00000000000003,1,2,66,0.5
1003,28356.283549,28355.512883,28355.650216,28356.230216,28357.931547,0,1.99999999999996,0.0200000000000003,5.99999999999996,2,1,65,0.5
1004,28359.467546,28358.658213,28358.93888,28359.414212,28360.598211,1,1.99999999999996,0.0200000000000003,7.00000000000003,1,2,66,0.5
1005,28362.643543,28361.73221,28361.991543,28362.590209,28364.427541,1,1.99999999999996,0.0200000000000003,7.00000000000003,1,2,66,0.5
1006,28366.229539,28365.228873,28365.502873,28366.176206,28369.190203,1,1.99999999999996,0.0200000000000003,7.00000000000003,1,2,66,0.5
1007,28372.120866,28370.712868,28371.078867,28372.067533,28373.704865,0,1.99999999999996,0.0200000000000003,5.99999999999996,2,1,65,0.5
1008,28378.18886,28376.888195,28377.508861,28378.135527,28379.996192,0,1.99999999999996,0.0200000000000003,5.99999999999996,2,1,65,0.5
1009,28440.090132,28427.467478,28427.556144,NaN,NaN,NaN,NaN,0,5.99999999999996,2,1,65,0.5
1010,28461.74811,28449.125456,28449.172789,NaN,NaN,NaN,NaN,0,7.00000000000003,1,2,66,0.5
1011,28889.037016,28879.107693,28879.289026,28889.037016,28943.012962,0,NaN,0,7.00000000000003,1,2,66,0.5
1012,28951.68762,28950.857621,28951.274954,28951.68762,28951.91162,1,NaN,0,5.99999999999996,2,1,65,0.5
1013,28976.292929,28963.670275,28963.855608,NaN,NaN,NaN,NaN,0,7.00000000000003,1,2,66,0.5
1014,28985.68892,28984.752254,28985.09292,28985.635586,28986.537585,1,1.99999999999996,0.0200000000000003,7.00000000000003,1,2,66,0.5
1015,29012.923559,29000.300905,29000.564238,NaN,29093.448145,NaN,NaN,0,5.99999999999996,2,1,65,0.5
1016,29103.100802,29102.224803,29102.466803,29103.100802,29108.18413,1,NaN,0,5.99999999999996,2,1,65,0.5
1017,29191.112714,29190.326048,29190.533381,29191.059381,29200.097372,1,1.99999999999996,0.0200000000000003,7.00000000000003,1,2,66,0.5
1018,29201.752704,29200.786704,29201.010704,29201.752704,29201.99137,1,NaN,0,5.99999999999996,2,1,65,0.5
1019,29226.360012,29225.574013,29225.857346,29226.306679,29227.689344,1,1.99999999999996,0.0200000000000003,7.00000000000003,1,2,66,0.5
1020,29230.220675,29229.146676,29229.522009,29230.167342,29231.908007,0,1.99999999999996,0.0200000000000003,5.99999999999996,2,1,65,0.5
1021,29234.680671,29234.056005,29234.244671,29234.670004,29238.006667,1,1.99999999999996,0.0200000000000003,7.00000000000003,1,2,66,0.5
1022,29239.489999,29238.642667,29238.835333,29239.436666,29241.67933,1,1.99999999999996,0.0200000000000003,7.00000000000003,1,2,66,0.5
1023,29243.272662,29242.355996,29242.612663,29243.219329,29246.593325,1,1.99999999999996,0.0200000000000003,7.00000000000003,1,2,66,0.5
1024,29248.485323,29247.347991,29247.631991,29248.43199,29250.727988,0,1.99999999999996,0.0200000000000003,5.99999999999996,2,1,65,0.5
1025,29252.347986,29251.354654,29251.722654,29252.294653,29254.718651,0,1.99999999999996,0.0200000000000003,5.99999999999996,2,1,65,0.5
1026,29256.261982,29255.425983,29255.745316,29256.208649,29259.455312,1,1.99999999999996,0.0200000000000003,7.00000000000003,1,2,66,0.5
1027,29261.086644,29260.258645,29260.440645,29261.033311,29263.634642,1,1.99999999999996,0.0200000000000003,7.00000000000003,1,2,66,0.5
1028,29265.748639,29264.967974,29265.15264,29265.695306,29268.820636,1,1.99999999999996,0.0200000000000003,7.00000000000003,1,2,66,0.5
1029,29271.4693,29270.697301,29270.776634,29271.415967,29273.177299,0,1.99999999999996,0.0200000000000003,5.99999999999996,2,1,65,0.5
1030,29275.07863,29274.184631,29274.499964,29275.07863,29275.39863,1,NaN,0,5.99999999999996,2,1,65,0.5
1031,29288.613283,29287.540618,29287.849951,29288.55995,29291.98928,1,1.99999999999996,0.0200000000000003,7.00000000000003,1,2,66,0.5
1032,29295.756609,29294.831277,29295.173277,29295.703276,29297.682608,0,1.99999999999996,0.0200000000000003,5.99999999999996,2,1,65,0.5
1033,29307.374598,29299.433272,29299.769272,29307.374598,29307.551264,1,NaN,0,5.99999999999996,2,1,65,0.5
1034,29324.324581,29323.519915,29323.778581,29324.324581,29324.555914,0,NaN,0,7.00000000000003,1,2,66,0.5
1035,29338.9499,29338.1779,29338.2259,29338.896566,29341.47323,1,1.99999999999996,0.0200000000000003,7.00000000000003,1,2,66,0.5
1036,29344.719894,29343.781228,29344.044561,29344.666561,29345.57256,1,1.99999999999996,0.0200000000000003,7.00000000000003,1,2,66,0.5
1037,29348.774556,29347.931891,29348.168557,29348.721223,29350.243222,0,1.99999999999996,0.0200000000000003,5.99999999999996,2,1,65,0.5
1038,29354.74455,29353.712552,29354.013218,29354.691217,29357.032548,0,1.99999999999996,0.0200000000000003,5.99999999999996,2,1,65,0.5
1039,29380.763858,29368.141204,29368.31987,NaN,NaN,NaN,NaN,0,5.99999999999996,2,1,65,0.5
1040,29415.737823,29415.061824,29415.205823,29415.737823,29416.107822,1,NaN,0,5.99999999999996,2,1,65,0.5
1041,29425.777146,29424.819147,29425.283813,29425.777146,29425.962479,1,NaN,0,5.99999999999996,2,1,65,0.5
1042,29437.673134,29436.713135,29437.045135,29437.619801,29445.051794,1,1.99999999999996,0.0200000000000003,7.00000000000003,1,2,66,0.5
1043,29446.832458,29445.820459,29446.161126,29446.779125,29448.73979,0,1.99999999999996,0.0200000000000003,5.99999999999996,2,1,65,0.5
1044,29450.921121,29450.124455,29450.481121,29450.921121,29825.73008,1,NaN,0,5.99999999999996,2,1,65,0.5
1045,29831.74474,29830.700075,29831.020741,29831.691407,29832.721406,1,1.99999999999996,0.0200000000000003,7.00000000000003,1,2,66,0.5
1046,29846.546059,29841.318064,29841.42873,NaN,NaN,NaN,NaN,0,7.00000000000003,1,2,66,0.5
1047,29911.379994,29910.159995,29910.777994,29911.326661,29914.834657,1,1.99999999999996,0.0200000000000003,7.00000000000003,1,2,66,0.5
1048,29918.95132,29918.085987,29918.372654,29918.95132,29919.343319,1,NaN,0,5.99999999999996,2,1,65,0.5
1049,29957.713281,29955.931283,29956.453949,29957.713281,29966.698605,1,NaN,0,5.99999999999996,2,1,65,0.5
1050,29980.105925,29971.305267,29971.6126,NaN,NaN,NaN,NaN,0,5.99999999999996,2,1,65,0.5
1051,30071.9825,30070.691839,30070.769168,30071.9825,30072.017167,1,NaN,0,5.99999999999996,2,1,65,0.5
1052,30096.163809,30086.164486,30086.264486,30096.110476,30097.779807,0,1.99999999999996,0.0200000000000003,5.99999999999996,2,1,65,0.5
1053,30099.014473,30098.27514,30098.569807,30099.014473,NaN,1,NaN,0,5.99999999999996,2,1,65,0.5
