trial,outcome,center_in,center_out,side_in,last_side_out,actions,reward,trial_types,odors,port_side,schedule,odor_name,odor_dur
1,1075.453742,1074.641242,1074.935242,1075.401242,1090.498742,0,2.99999999999994,0.0299999999999997,5.99999999999996,2,1,65,0.5
2,1093.886742,1092.569242,1093.002242,1093.833742,1105.199742,0,2.99999999999994,0.0299999999999997,5.99999999999996,2,1,65,0.5
3,1109.967742,1109.066742,1109.162742,1109.967742,1162.022242,0,NaN,0,7.00000000000003,1,2,66,0.5
4,1165.276242,1163.904242,1164.243742,1165.223742,1177.395242,1,2.99999999999994,0.0299999999999997,7.00000000000003,1,2,66,0.5
5,1181.227242,1180.666242,1180.760242,1181.227242,1189.202242,0,NaN,0,7.00000000000003,1,2,66,0.5
6,1190.394242,1189.844242,1189.891742,1190.394242,1214.041742,1,NaN,0,5.99999999999996,2,1,65,0.5
7,1217.178742,1216.163742,1216.620242,1217.178742,1236.885742,1,NaN,0,5.99999999999996,2,1,65,0.5
8,1239.985242,1239.325742,1239.527742,1239.985242,1244.492742,0,NaN,0,7.00000000000003,1,2,66,0.5
9,1246.628242,1245.566742,1245.981742,1246.626242,1253.841742,1,2.99999999999994,0.0299999999999997,7.00000000000003,1,2,66,0.5
10,1258.237242,1257.336742,1257.517742,1258.184742,1273.670242,0,2.99999999999994,0.0299999999999997,5.99999999999996,2,1,65,0.5
11,1275.542242,1274.666242,1274.946242,1275.542242,1285.962242,1,NaN,0,5.99999999999996,2,1,65,0.5
12,1290.796242,1289.713742,1290.050742,1290.796242,1301.879742,0,NaN,0,7.00000000000003,1,2,66,0.5
13,1303.953242,1303.235742,1303.291742,1303.953242,1313.811242,0,NaN,0,7.00000000000003,1,2,66,0.5
14,1320.043242,1316.980242,1319.000242,1320.043242,1359.410242,0,NaN,0,7.00000000000003,1,2,66,0.5
15,1378.575242,1377.819242,1377.876242,1378.522242,1395.227242,1,2.99999999999994,0.0299999999999997,7.00000000000003,1,2,66,0.5
16,1397.823242,1397.134742,1397.233742,1397.770742,1419.138242,1,2.99999999999994,0.0299999999999997,7.00000000000003,1,2,66,0.5
17,1421.328242,1420.444242,1420.651742,1421.275742,1427.802742,1,2.99999999999994,0.0299999999999997,7.00000000000003,1,2,66,0.5
18,1429.953242,1429.036742,1429.154242,1429.950742,1473.406742,0,2.99999999999994,0.0299999999999997,5.99999999999996,2,1,65,0.5
19,1489.791742,1488.956742,1488.985242,1489.791742,1517.894242,0,NaN,0,7.00000000000003,1,2,66,0.5
20,1521.836742,1521.002242,1521.079742,1521.836742,1535.958742,0,NaN,0,7.00000000000003,1,2,66,0.5
21,1537.433242,1536.680742,1536.935742,1537.380242,1558.270742,1,2.99999999999994,0.0299999999999997,7.00000000000003,1,2,66,0.5
22,1561.037742,1560.311242,1560.406742,1561.037742,1572.063242,0,NaN,0,7.00000000000003,1,2,66,0.5
23,1573.474742,1572.676742,1572.908742,1573.472242,1593.028242,1,2.99999999999994,0.0299999999999997,7.00000000000003,1,2,66,0.5
24,1595.038742,1593.599742,1594.206242,1594.986242,1601.076242,1,2.99999999999994,0.0299999999999997,7.00000000000003,1,2,66,0.5
25,1615.344742,1614.195742,1614.244742,1615.344742,1629.572742,1,NaN,0,5.99999999999996,2,1,65,0.5
26,1633.150242,1632.022242,1632.525242,1633.150242,1639.150742,1,NaN,0,5.99999999999996,2,1,65,0.5
27,1641.412242,1640.549742,1640.881242,1641.412242,1646.862242,1,NaN,0,5.99999999999996,2,1,65,0.5
28,1688.553242,1687.372242,1687.623242,1688.553242,1702.113742,1,NaN,0,5.99999999999996,2,1,65,0.5
29,1712.197242,1710.946742,1711.216742,1712.194742,1728.595742,0,2.99999999999994,0.0299999999999997,5.99999999999996,2,1,65,0.5
30,1730.080742,1729.480742,1729.501742,1730.080742,1762.640242,1,NaN,0,5.99999999999996,2,1,65,0.5
31,1764.047242,1763.155742,1763.239742,1763.994742,1785.935242,0,2.99999999999994,0.0299999999999997,5.99999999999996,2,1,65,0.5
32,1788.007242,1787.097242,1787.151742,1787.954742,1792.911742,0,2.99999999999994,0.0299999999999997,5.99999999999996,2,1,65,0.5
33,1801.976742,1799.943242,1801.050742,1801.974242,1806.031242,1,2.99999999999994,0.0299999999999997,7.00000000000003,1,2,66,0.5
34,1811.851242,1810.523242,1810.749242,1811.798242,1822.248242,0,2.99999999999994,0.0299999999999997,5.99999999999996,2,1,65,0.5
35,1823.873742,1822.884242,1823.147742,1823.873742,1829.795742,1,NaN,0,5.99999999999996,2,1,65,0.5
36,1832.839742,1830.952742,1831.647242,1832.839742,1838.786242,0,NaN,0,7.00000000000003,1,2,66,0.5
37,1840.760742,1839.705742,1839.996242,1840.707742,1851.070242,1,2.99999999999994,0.0299999999999997,7.00000000000003,1,2,66,0.5
38,1853.414742,1852.038742,1852.378742,1853.362242,1857.840242,0,2.99999999999994,0.0299999999999997,5.99999999999996,2,1,65,0.5
39,1866.228242,1864.720242,1864.984742,1866.175742,1876.484242,1,2.99999999999994,0.0299999999999997,7.00000000000003,1,2,66,0.5
40,1878.591742,1877.701242,1877.731242,1878.539242,1889.459742,0,2.99999999999994,0.0299999999999997,5.99999999999996,2,1,65,0.5
41,1892.106242,1891.377242,1891.473742,1892.052742,1909.495242,1,2.99999999999994,0.0299999999999997,7.00000000000003,1,2,66,0.5
42,1912.764742,1911.959742,1912.174742,1912.764742,1923.901242,1,NaN,0,5.99999999999996,2,1,65,0.5
43,1943.604242,1942.865242,1942.971742,1943.604242,1996.156742,1,NaN,0,5.99999999999996,2,1,65,0.5
44,1997.834242,1997.109742,1997.156242,1997.834242,2017.378242,1,NaN,0,5.99999999999996,2,1,65,0.5
45,2022.356742,2020.710242,2021.236242,2022.353742,2029.185742,0,2.99999999999994,0.0299999999999997,5.99999999999996,2,1,65,0.5
46,2031.038742,2030.330242,2030.460242,2031.038742,2031.853242,1,NaN,0,5.99999999999996,2,1,65,0.5
47,2040.656742,2039.185242,2039.234742,2040.656742,2047.650742,1,NaN,0,5.99999999999996,2,1,65,0.5
48,2049.122742,2048.222242,2048.541242,2049.069742,2061.116742,0,2.99999999999994,0.0299999999999997,5.99999999999996,2,1,65,0.5
49,2062.508242,2061.893242,2061.950742,2062.455242,2069.131242,1,2.99999999999994,0.0299999999999997,7.00000000000003,1,2,66,0.5
50,2079.888742,2078.595242,2078.654742,2079.886242,2096.520242,0,2.99999999999994,0.0299999999999997,5.99999999999996,2,1,65,0.5
51,2114.075242,2112.947242,2113.241242,2114.075242,2174.342242,0,NaN,0,7.00000000000003,1,2,66,0.5
52,2178.916242,2177.838742,2177.903742,2178.863742,2194.685742,0,2.99999999999994,0.0299999999999997,5.99999999999996,2,1,65,0.5
53,2196.933242,2195.752242,2195.911742,2196.930742,2205.345242,1,2.99999999999994,0.0299999999999997,7.00000000000003,1,2,66,0.5
54,2207.118742,2206.050742,2206.312242,2207.118742,2211.944242,0,NaN,0,7.00000000000003,1,2,66,0.5
55,2213.882242,2212.725242,2213.002242,2213.882242,2221.548742,0,NaN,0,7.00000000000003,1,2,66,0.5
56,2223.859742,2222.920742,2223.215742,2223.806742,2228.544242,1,2.99999999999994,0.0299999999999997,7.00000000000003,1,2,66,0.5
57,2231.005242,2229.614742,2229.982742,2230.952242,2243.806742,0,2.99999999999994,0.0299999999999997,5.99999999999996,2,1,65,0.5
58,2246.753742,2246.194742,2246.333742,2246.753742,2364.865242,0,NaN,0,7.00000000000003,1,2,66,0.5
59,2408.283742,2407.256742,2407.554742,2408.231242,2413.483742,1,2.99999999999994,0.0299999999999997,7.00000000000003,1,2,66,0.5
60,2415.568742,2414.394742,2414.588742,2415.568742,2419.351742,0,NaN,0,7.00000000000003,1,2,66,0.5
61,2435.355742,2434.063242,2434.501242,2435.303242,2439.651742,1,2.99999999999994,0.0299999999999997,7.00000000000003,1,2,66,0.5
62,2441.260742,2440.332742,2440.514742,2441.260742,2450.900242,0,NaN,0,7.00000000000003,1,2,66,0.5
63,2453.418742,2452.255742,2452.372242,2453.418742,2459.318742,0,NaN,0,7.00000000000003,1,2,66,0.5
64,2461.495742,2460.099742,2460.428242,2461.495742,2467.169242,0,NaN,0,7.00000000000003,1,2,66,0.5
65,2472.299242,2471.054742,2471.369242,2472.299242,2478.947242,0,NaN,0,7.00000000000003,1,2,66,0.5
66,2482.909742,2482.280742,2482.511742,2482.909742,2490.256742,0,NaN,0,7.00000000000003,1,2,66,0.5
67,2492.765242,2491.070742,2492.043742,2492.762242,2497.501742,1,2.99999999999994,0.0299999999999997,7.00000000000003,1,2,66,0.5
68,2501.081242,2500.049742,2500.226742,2501.081242,2505.852242,0,NaN,0,7.00000000000003,1,2,66,0.5
69,2508.267242,2506.668742,2507.694742,2508.267242,2513.247242,0,NaN,0,7.00000000000003,1,2,66,0.5
70,2517.121742,2516.499742,2516.660742,2517.121742,2527.131242,0,NaN,0,7.00000000000003,1,2,66,0.5
71,2528.672742,2527.681242,2527.924242,2528.619742,2534.763242,1,2.99999999999994,0.0299999999999997,7.00000000000003,1,2,66,0.5
72,2537.414742,2536.328242,2536.354742,2537.362242,2540.493742,0,2.99999999999994,0.0299999999999997,5.99999999999996,2,1,65,0.5
73,2543.510242,2542.177242,2542.315242,2543.457742,2549.275742,1,2.99999999999994,0.0299999999999997,7.00000000000003,1,2,66,0.5
74,2552.692242,2551.557242,2551.693242,2552.692242,2561.083742,0,NaN,0,7.00000000000003,1,2,66,0.5
75,2565.653742,2564.717242,2565.031242,2565.651242,2572.222742,1,2.99999999999994,0.0299999999999997,7.00000000000003,1,2,66,0.5
76,2574.142242,2573.096242,2573.313742,2574.088742,2590.280242,0,2.99999999999994,0.0299999999999997,5.99999999999996,2,1,65,0.5
77,2592.288742,2591.531242,2591.602742,2592.235242,2598.401242,1,2.99999999999994,0.0299999999999997,7.00000000000003,1,2,66,0.5
78,2600.498742,2599.414742,2599.615242,2600.445742,2616.190742,0,2.99999999999994,0.0299999999999997,5.99999999999996,2,1,65,0.5
79,2622.678742,2621.383242,2621.567742,2622.626242,2639.677742,0,2.99999999999994,0.0299999999999997,5.99999999999996,2,1,65,0.5
80,2641.727242,2640.530242,2640.726742,2641.727242,2649.536742,0,NaN,0,7.00000000000003,1,2,66,0.5
81,2651.582242,2650.367742,2650.662742,2651.582242,2756.105242,0,NaN,0,7.00000000000003,1,2,66,0.5
82,2758.433242,2757.683742,2757.836242,2758.433242,2812.896242,1,NaN,0,5.99999999999996,2,1,65,0.5
83,2814.736242,2813.879242,2813.951242,2814.683742,2822.065242,1,2.99999999999994,0.0299999999999997,7.00000000000003,1,2,66,0.5
84,2824.292742,2823.048742,2823.124242,2824.239742,2833.844742,0,2.99999999999994,0.0299999999999997,5.99999999999996,2,1,65,0.5
85,2835.834242,2835.000742,2835.040742,2835.782242,2850.370742,1,2.99999999999994,0.0299999999999997,7.00000000000003,1,2,66,0.5
86,2851.996242,2851.145242,2851.294742,2851.996242,2866.552242,0,NaN,0,7.00000000000003,1,2,66,0.5
87,2869.102242,2867.634742,2868.076742,2869.049742,2880.531242,0,2.99999999999994,0.0299999999999997,5.99999999999996,2,1,65,0.5
88,2882.481242,2881.272742,2881.552242,2882.481242,2886.553242,0,NaN,0,7.00000000000003,1,2,66,0.5
89,2890.066742,2888.688742,2889.226742,2890.066742,2895.065242,0,NaN,0,7.00000000000003,1,2,66,0.5
90,2896.780242,2895.846742,2896.132742,2896.727242,2902.146742,1,2.99999999999994,0.0299999999999997,7.00000000000003,1,2,66,0.5
91,2907.539742,2906.825742,2906.860742,2907.537242,2913.686742,1,2.99999999999994,0.0299999999999997,7.00000000000003,1,2,66,0.5
92,2917.031242,2915.432742,2915.560742,2917.031242,2930.634742,0,NaN,0,7.00000000000003,1,2,66,0.5
93,3244.394742,3243.148242,3243.323742,3244.394742,3254.398742,1,NaN,0,5.99999999999996,2,1,65,0.5
94,3256.692242,3255.422242,3255.459242,3256.692242,3262.085742,0,NaN,0,7.00000000000003,1,2,66,0.5
95,3265.669242,3264.505242,3264.582242,3265.616742,3269.788742,0,2.99999999999994,0.0299999999999997,5.99999999999996,2,1,65,0.5
96,3272.685742,3271.737242,3271.885242,3272.680242,3280.514242,1,2.99999999999994,0.0299999999999997,7.00000000000003,1,2,66,0.5
97,3284.245742,3283.006242,3283.073742,3284.193242,3554.758242,0,2.99999999999994,0.0299999999999997,5.99999999999996,2,1,65,0.5
98,3558.038242,3556.736742,3556.821742,3557.985242,3580.039242,0,2.99999999999994,0.0299999999999997,5.99999999999996,2,1,65,0.5
99,3583.862742,3581.705242,3581.932742,3583.809742,3592.575242,0,2.99999999999994,0.0299999999999997,5.99999999999996,2,1,65,0.5
100,3727.732742,3726.516242,3726.654742,3727.732742,3727.771242,0,NaN,0,7.00000000000003,1,2,66,0.5
101,3907.242742,3905.911242,3906.211742,3907.240242,3911.066242,1,2.99999999999994,0.0299999999999997,7.00000000000003,1,2,66,0.5
102,3915.869242,3914.209742,3914.331742,3915.869242,3925.047742,0,NaN,0,7.00000000000003,1,2,66,0.5
103,3928.779742,3926.731242,3927.639242,3928.779742,3934.796742,0,NaN,0,7.00000000000003,1,2,66,0.5
104,3954.408242,3952.378742,3952.415242,3954.355242,3958.865742,1,2.99999999999994,0.0299999999999997,7.00000000000003,1,2,66,0.5
105,3965.044742,3961.048242,3961.224742,3965.038242,3971.379242,1,2.99999999999994,0.0299999999999997,7.00000000000003,1,2,66,0.5
106,3974.714242,3973.109742,3973.269742,3974.714242,4160.806242,0,NaN,0,7.00000000000003,1,2,66,0.5
107,4164.639242,4163.582742,4163.616742,4164.586242,4202.233242,1,2.99999999999994,0.0299999999999997,7.00000000000003,1,2,66,0.5
108,4205.434742,4203.670742,4203.874242,4205.382742,4212.308242,1,2.99999999999994,0.0299999999999997,7.00000000000003,1,2,66,0.5
109,4215.789742,4214.762242,4214.996742,4215.789742,4248.003742,0,NaN,0,7.00000000000003,1,2,66,0.5
110,4250.390242,4249.479742,4249.588742,4250.390242,4257.404242,1,NaN,0,5.99999999999996,2,1,65,0.5
111,4259.567242,4258.608742,4258.852742,4259.567242,4268.491242,1,NaN,0,5.99999999999996,2,1,65,0.5
112,4270.644242,4269.436742,4269.528742,4270.591742,4275.039742,1,2.99999999999994,0.0299999999999997,7.00000000000003,1,2,66,0.5
113,4278.122242,4276.267742,4276.525742,4278.122242,4282.164742,0,NaN,0,7.00000000000003,1,2,66,0.5
114,4285.568242,4284.088242,4284.585242,4285.515742,4300.189742,0,2.99999999999994,0.0299999999999997,5.99999999999996,2,1,65,0.5
115,4303.191742,4301.635242,4301.999742,4303.191742,4310.781742,0,NaN,0,7.00000000000003,1,2,66,0.5
116,4320.506242,4318.653242,4318.705742,4320.506242,4365.044742,0,NaN,0,7.00000000000003,1,2,66,0.5
117,4369.985242,4369.110742,4369.331242,4369.985242,4371.148742,0,NaN,0,7.00000000000003,1,2,66,0.5
118,4385.056242,4383.476742,4383.735742,4385.053742,4832.949242,1,2.99999999999994,0.0299999999999997,7.00000000000003,1,2,66,0.5
119,4834.884242,4833.973242,4834.124242,4834.884242,4835.043742,0,NaN,0,7.00000000000003,1,2,66,0.5
120,4842.213242,4840.594242,4841.302742,4842.213242,4928.547742,1,NaN,0,5.99999999999996,2,1,65,0.5
121,4930.568242,4929.212742,4929.359242,4930.565742,4946.747742,0,2.99999999999994,0.0299999999999997,5.99999999999996,2,1,65,0.5
122,4949.761242,4948.231242,4948.553742,4949.761242,5001.945242,0,NaN,0,7.00000000000003,1,2,66,0.5
123,5005.117742,5004.053242,5004.178242,5005.064742,5751.273742,1,2.99999999999994,0.0299999999999997,7.00000000000003,1,2,66,0.5
124,5824.693742,5823.264742,5823.552742,5824.641242,5829.869742,1,2.99999999999994,0.0299999999999997,7.00000000000003,1,2,66,0.5
125,5833.796742,5832.369242,5832.778242,5833.744742,5844.132742,0,2.99999999999994,0.0299999999999997,5.99999999999996,2,1,65,0.5
126,5847.328242,5845.437742,5845.643742,5847.325742,5905.619742,0,2.99999999999994,0.0299999999999997,5.99999999999996,2,1,65,0.5
127,5911.636242,5910.579742,5910.728242,5911.583742,5932.090742,0,2.99999999999994,0.0299999999999997,5.99999999999996,2,1,65,0.5
128,5946.565242,5945.455742,5945.816242,5946.512242,5993.008742,1,2.99999999999994,0.0299999999999997,7.00000000000003,1,2,66,0.5
129,5997.384742,5994.586242,5994.694742,5997.382242,6017.381742,0,2.99999999999994,0.0299999999999997,5.99999999999996,2,1,65,0.5
130,6022.519242,6020.582742,6020.667742,6022.519242,7309.888242,0,NaN,0,7.00000000000003,1,2,66,0.5
131,7314.314742,7311.444742,7311.940742,7314.314742,7342.362742,0,NaN,0,7.00000000000003,1,2,66,0.5
132,7345.528742,7343.986742,7344.344742,7345.475742,7353.186742,1,2.99999999999994,0.0299999999999997,7.00000000000003,1,2,66,0.5
133,7357.414242,7355.518742,7355.594242,7357.414242,7381.199242,0,NaN,0,7.00000000000003,1,2,66,0.5
134,7388.036242,7383.265742,7383.566742,7388.036242,7397.581242,1,NaN,0,5.99999999999996,2,1,65,0.5
135,7409.947742,7408.987742,7409.286242,7409.894742,7417.356742,1,2.99999999999994,0.0299999999999997,7.00000000000003,1,2,66,0.5
136,7422.547742,7421.624242,7421.783742,7422.547742,7425.299242,0,NaN,0,7.00000000000003,1,2,66,0.5
137,7429.244242,7427.983742,7428.425742,7429.244242,7468.830242,1,NaN,0,5.99999999999996,2,1,65,0.5
138,7473.865242,7472.085242,7472.538742,7473.862742,7488.130242,0,2.99999999999994,0.0299999999999997,5.99999999999996,2,1,65,0.5
139,7490.163742,7489.033242,7489.388242,7490.163742,7498.455242,1,NaN,0,5.99999999999996,2,1,65,0.5
140,7500.734242,7499.514742,7499.913242,7500.681242,7510.790742,1,2.99999999999994,0.0299999999999997,7.00000000000003,1,2,66,0.5
141,7515.572742,7514.265742,7514.750742,7515.572742,7519.413242,0,NaN,0,7.00000000000003,1,2,66,0.5
142,7522.878242,7521.846242,7522.135242,7522.878242,7700.103242,1,NaN,0,5.99999999999996,2,1,65,0.5
143,7702.452742,7701.299742,7701.530742,7702.399242,7712.258242,1,2.99999999999994,0.0299999999999997,7.00000000000003,1,2,66,0.5
144,7716.444742,7714.421242,7714.993242,7716.392242,7720.578242,0,2.99999999999994,0.0299999999999997,5.99999999999996,2,1,65,0.5
145,7723.538742,7722.452742,7722.591742,7723.538742,7730.164242,1,NaN,0,5.99999999999996,2,1,65,0.5
146,7733.836742,7731.672742,7732.955242,7733.834242,7739.664742,1,2.99999999999994,0.0299999999999997,7.00000000000003,1,2,66,0.5
147,7742.946742,7741.253242,7742.063742,7742.893742,7751.814742,0,2.99999999999994,0.0299999999999997,5.99999999999996,2,1,65,0.5
148,7754.653742,7753.504242,7753.716742,7754.653742,7765.873242,1,NaN,0,5.99999999999996,2,1,65,0.5
149,7768.275242,7767.239242,7767.434242,7768.272742,7772.483242,1,2.99999999999994,0.0299999999999997,7.00000000000003,1,2,66,0.5
150,7775.435242,7774.031242,7774.342242,7775.382742,7787.763742,0,2.99999999999994,0.0299999999999997,5.99999999999996,2,1,65,0.5
151,7790.254742,7788.929742,7789.204742,7790.201742,7798.429242,1,2.99999999999994,0.0299999999999997,7.00000000000003,1,2,66,0.5
152,7800.849242,7799.359242,7799.787242,7800.796242,7811.163742,0,2.99999999999994,0.0299999999999997,5.99999999999996,2,1,65,0.5
153,7813.001742,7812.042742,7812.219242,7812.948742,7820.639242,1,2.99999999999994,0.0299999999999997,7.00000000000003,1,2,66,0.5
154,7823.124242,7821.971742,7822.148242,7823.071742,7830.652742,0,2.99999999999994,0.0299999999999997,5.99999999999996,2,1,65,0.5
155,7834.420242,7832.115742,7832.591242,7834.367242,7847.714242,0,2.99999999999994,0.0299999999999997,5.99999999999996,2,1,65,0.5
156,7855.167242,7854.147242,7854.296742,7855.114242,7860.653742,0,2.99999999999994,0.0299999999999997,5.99999999999996,2,1,65,0.5
157,7862.788742,7861.575242,7861.904742,7862.785742,7868.966242,1,2.99999999999994,0.0299999999999997,7.00000000000003,1,2,66,0.5
158,7872.900742,7871.642742,7871.840242,7872.848242,7880.697242,0,2.99999999999994,0.0299999999999997,5.99999999999996,2,1,65,0.5
159,7882.564742,7881.624242,7881.646742,7882.564742,7886.112742,1,NaN,0,5.99999999999996,2,1,65,0.5
160,7889.071742,7888.211242,7888.260242,7889.018242,7899.354742,0,2.99999999999994,0.0299999999999997,5.99999999999996,2,1,65,0.5
161,7901.398742,7900.468742,7900.719742,7901.388242,7907.312242,1,2.99999999999994,0.0299999999999997,7.00000000000003,1,2,66,0.5
162,7912.045742,7910.626242,7910.660742,7912.043242,7983.857742,0,2.99999999999994,0.0299999999999997,5.99999999999996,2,1,65,0.5
163,7991.196242,7987.163742,7987.494242,7991.196242,7991.923242,1,NaN,0,5.99999999999996,2,1,65,0.5
164,8020.096742,8019.002742,8019.352242,8020.096742,8024.464242,1,NaN,0,5.99999999999996,2,1,65,0.5
165,8027.706742,8026.350742,8027.065242,8027.706742,8032.557242,1,NaN,0,5.99999999999996,2,1,65,0.5
166,8036.259242,8035.390742,8035.680742,8036.259242,8046.542242,1,NaN,0,5.99999999999996,2,1,65,0.5
167,8048.910742,8048.069242,8048.253742,8048.910742,8056.002242,1,NaN,0,5.99999999999996,2,1,65,0.5
168,8058.249242,8057.058742,8057.357742,8058.196242,8067.422742,0,2.99999999999994,0.0299999999999997,5.99999999999996,2,1,65,0.5
169,8071.075242,8070.149742,8070.267242,8071.075242,8117.164742,1,NaN,0,5.99999999999996,2,1,65,0.5
170,8119.079742,8118.046742,8118.430242,8119.079742,8125.337742,1,NaN,0,5.99999999999996,2,1,65,0.5
171,8126.847742,8126.073242,8126.351742,8126.847742,8134.923742,1,NaN,0,5.99999999999996,2,1,65,0.5
172,8139.908742,8138.862742,8139.102242,8139.908742,8156.594742,1,NaN,0,5.99999999999996,2,1,65,0.5
173,8158.268742,8157.358742,8157.561242,8158.268742,8189.307242,1,NaN,0,5.99999999999996,2,1,65,0.5
174,8194.389742,8193.455742,8193.705242,8194.389742,8211.540242,1,NaN,0,5.99999999999996,2,1,65,0.5
175,8213.792742,8212.616242,8212.764242,8213.792742,8227.595742,0,NaN,0,7.00000000000003,1,2,66,0.5
176,8229.951242,8228.829242,8228.891742,8229.951242,8277.797242,0,NaN,0,7.00000000000003,1,2,66,0.5
177,8279.898242,8278.542742,8278.715242,8279.898242,8286.716242,0,NaN,0,7.00000000000003,1,2,66,0.5
178,8293.086742,8291.350242,8291.607742,8293.086742,8296.940242,1,NaN,0,5.99999999999996,2,1,65,0.5
179,8301.019742,8299.831242,8300.063742,8300.967242,8306.731242,1,2.99999999999994,0.0299999999999997,7.00000000000003,1,2,66,0.5
180,8310.156242,8309.168242,8309.331742,8310.102742,8328.847742,0,2.99999999999994,0.0299999999999997,5.99999999999996,2,1,65,0.5
181,8330.797742,8329.992742,8330.067742,8330.797742,8342.315742,1,NaN,0,5.99999999999996,2,1,65,0.5
182,8347.509742,8346.230242,8346.705242,8347.457242,8365.962242,0,2.99999999999994,0.0299999999999997,5.99999999999996,2,1,65,0.5
183,8371.040242,8369.955242,8370.156242,8371.040242,8378.469242,1,NaN,0,5.99999999999996,2,1,65,0.5
184,8381.142242,8379.715242,8380.106742,8381.142242,8386.900742,1,NaN,0,5.99999999999996,2,1,65,0.5
185,8388.692742,8387.761242,8388.040742,8388.692742,8396.019742,1,NaN,0,5.99999999999996,2,1,65,0.5
186,8406.421242,8405.647242,8405.717242,8406.418242,8416.439242,1,2.99999999999994,0.0299999999999997,7.00000000000003,1,2,66,0.5
187,8418.937742,8417.984742,8418.057242,8418.884742,8429.501742,0,2.99999999999994,0.0299999999999997,5.99999999999996,2,1,65,0.5
188,8432.138742,8431.014742,8431.157242,8432.138742,8436.670742,0,NaN,0,7.00000000000003,1,2,66,0.5
189,8441.029742,8439.487242,8439.905742,8441.029742,8442.247742,0,NaN,0,7.00000000000003,1,2,66,0.5
190,8549.178742,8547.458242,8547.696742,8549.126742,8629.071742,1,2.99999999999994,0.0299999999999997,7.00000000000003,1,2,66,0.5
191,8661.352242,8660.432742,8660.456742,8661.299242,8673.077742,0,2.99999999999994,0.0299999999999997,5.99999999999996,2,1,65,0.5
192,8678.484742,8677.593742,8677.627742,8678.431742,8682.649242,1,2.99999999999994,0.0299999999999997,7.00000000000003,1,2,66,0.5
193,8686.424242,8684.435242,8684.526742,8686.371742,8698.902242,0,2.99999999999994,0.0299999999999997,5.99999999999996,2,1,65,0.5
194,8701.479742,8700.191742,8700.322242,8701.479742,8703.246242,0,NaN,0,7.00000000000003,1,2,66,0.5
195,8825.324742,8824.197742,8824.493742,8825.322242,8885.655242,1,2.99999999999994,0.0299999999999997,7.00000000000003,1,2,66,0.5
196,8890.395742,8889.336242,8889.569742,8890.395742,8898.397742,0,NaN,0,7.00000000000003,1,2,66,0.5
197,8901.778742,8900.901242,8900.959742,8901.778742,8907.157742,0,NaN,0,7.00000000000003,1,2,66,0.5
198,8910.388242,8909.363242,8909.766742,8910.335742,8917.883742,0,2.99999999999994,0.0299999999999997,5.99999999999996,2,1,65,0.5
199,8970.918742,8969.849742,8970.182742,8970.866242,8975.583242,1,2.99999999999994,0.0299999999999997,7.00000000000003,1,2,66,0.5
200,8977.834242,8976.814242,8976.889742,8977.834242,8981.362742,0,NaN,0,7.00000000000003,1,2,66,0.5
201,8985.724242,8983.482742,8984.494742,8985.724242,9035.552242,0,NaN,0,7.00000000000003,1,2,66,0.5
202,9045.157742,9044.304742,9044.355742,9045.157742,9050.654742,0,NaN,0,7.00000000000003,1,2,66,0.5
203,9053.251742,9051.730242,9052.093242,9052.701242,9054.232242,1,NaN,0,7.00000000000003,1,2,66,0.5
204,9066.616242,9064.993742,9065.074742,9066.563242,9073.211242,0,2.99999999999994,0.0299999999999997,5.99999999999996,2,1,65,0.5
205,9075.508242,9074.502242,9074.728742,9075.508242,9080.781242,1,NaN,0,5.99999999999996,2,1,65,0.5
206,9083.344242,9082.301742,9082.500242,9083.344242,9116.741742,1,NaN,0,5.99999999999996,2,1,65,0.5
207,9119.042242,9117.744742,9117.836742,9119.040242,9472.269242,0,2.99999999999994,0.0299999999999997,5.99999999999996,2,1,65,0.5
208,9515.912242,9514.036242,9514.064742,9515.859742,9527.542742,0,2.99999999999994,0.0299999999999997,5.99999999999996,2,1,65,0.5
209,9623.131242,9621.694242,9621.911242,9623.129242,9634.781242,0,2.99999999999994,0.0299999999999997,5.99999999999996,2,1,65,0.5
210,9636.701242,9635.823242,9635.864742,9636.701242,10034.254742,1,NaN,0,5.99999999999996,2,1,65,0.5
211,10135.360242,10134.367742,10134.551242,10135.360242,10181.600242,0,NaN,0,7.00000000000003,1,2,66,0.5
212,10184.184242,10182.777242,10182.843242,10184.184242,12996.099242,0,NaN,0,7.00000000000003,1,2,66,0.5
213,13000.282742,12997.865242,12998.047742,13000.282742,13256.733742,1,NaN,0,5.99999999999996,2,1,65,0.5
214,13262.764242,13261.212742,13261.277242,13262.764242,13273.690242,1,NaN,0,5.99999999999996,2,1,65,0.5
215,13283.196242,13281.246742,13281.828242,13283.193742,13299.058742,0,2.99999999999994,0.0299999999999997,5.99999999999996,2,1,65,0.5
216,13302.866742,13301.190242,13301.248242,13302.866742,13307.102242,0,NaN,0,7.00000000000003,1,2,66,0.5
217,13322.048742,13320.795742,13320.967742,13321.996242,13326.185242,1,2.99999999999994,0.0299999999999997,7.00000000000003,1,2,66,0.5
218,13329.610242,13327.844242,13328.012742,13329.610242,13368.083742,0,NaN,0,7.00000000000003,1,2,66,0.5
219,13375.960242,13374.811242,13375.175242,13375.960242,15442.904242,1,NaN,0,5.99999999999996,2,1,65,0.5
220,15599.247242,15598.024742,15598.388242,15599.247242,15621.781742,1,NaN,0,5.99999999999996,2,1,65,0.5
221,15626.438242,15625.131242,15625.201242,15626.438242,15639.202742,0,NaN,0,7.00000000000003,1,2,66,0.5
222,15642.568742,15640.930742,15641.760242,15642.568742,15644.145242,1,NaN,0,5.99999999999996,2,1,65,0.5
223,15654.744242,15652.215742,15652.733242,15654.691242,15659.661242,0,2.99999999999994,0.0299999999999997,5.99999999999996,2,1,65,0.5
224,15665.361742,15661.745242,15661.813742,15665.361742,15689.226742,1,NaN,0,5.99999999999996,2,1,65,0.5
225,15690.779242,15689.852742,15690.031742,15690.779242,15961.436242,1,NaN,0,5.99999999999996,2,1,65,0.5
226,15965.432242,15962.570242,15962.745742,15965.432242,16072.909242,1,NaN,0,5.99999999999996,2,1,65,0.5
227,16078.562742,16076.809242,16076.873742,16078.560742,16084.853742,0,2.99999999999994,0.0299999999999997,5.99999999999996,2,1,65,0.5
228,16087.775742,16086.633742,16087.073742,16087.775742,16093.976242,1,NaN,0,5.99999999999996,2,1,65,0.5
229,16098.036742,16097.023742,16097.147242,16098.025742,16108.939742,1,2.99999999999994,0.0299999999999997,7.00000000000003,1,2,66,0.5
230,16112.026742,16110.689242,16110.790242,16111.973242,16332.662742,0,2.99999999999994,0.0299999999999997,5.99999999999996,2,1,65,0.5
231,16348.588742,16347.639742,16347.710742,16348.588742,16349.247242,1,NaN,0,5.99999999999996,2,1,65,0.5
232,16368.732242,16367.730742,16367.836742,16368.732242,16407.969242,1,NaN,0,5.99999999999996,2,1,65,0.5
233,16409.719242,16408.664742,16408.997242,16409.666742,16415.171242,1,2.99999999999994,0.0299999999999997,7.00000000000003,1,2,66,0.5
234,16418.738742,16417.084242,16417.127242,16418.685742,16428.331742,0,2.99999999999994,0.0299999999999997,5.99999999999996,2,1,65,0.5
235,16477.340742,16476.303742,16476.476742,16477.340742,16481.709242,1,NaN,0,5.99999999999996,2,1,65,0.5
236,16498.079242,16496.604242,16496.713242,16497.528242,16514.885742,0,NaN,0,5.99999999999996,2,1,65,0.5
237,16526.801242,16525.357742,16525.801742,16526.748742,16531.631242,1,2.99999999999994,0.0299999999999997,7.00000000000003,1,2,66,0.5
238,16534.852242,16533.494742,16533.818742,16534.849242,16541.885242,0,2.99999999999994,0.0299999999999997,5.99999999999996,2,1,65,0.5
239,16544.231242,16542.920242,16543.185742,16544.231242,16548.722742,1,NaN,0,5.99999999999996,2,1,65,0.5
240,16550.784242,16549.957242,16550.148242,16550.784242,16560.489242,1,NaN,0,5.99999999999996,2,1,65,0.5
241,16562.497242,16561.562742,16561.830242,16562.497242,16562.895242,1,NaN,0,5.99999999999996,2,1,65,0.5
242,16570.100242,16569.027742,16569.315242,16570.047742,16586.724242,0,2.99999999999994,0.0299999999999997,5.99999999999996,2,1,65,0.5
243,16589.186242,16588.185742,16588.456742,16589.186242,16596.769242,1,NaN,0,5.99999999999996,2,1,65,0.5
244,16600.040742,16598.967742,16599.170742,16600.040742,16619.518742,1,NaN,0,5.99999999999996,2,1,65,0.5
245,16621.197242,16620.476742,16620.606242,16621.197242,16621.866242,1,NaN,0,5.99999999999996,2,1,65,0.5
246,16627.948242,16626.752742,16626.894742,16627.397742,16633.774242,0,NaN,0,5.99999999999996,2,1,65,0.5
247,16636.147242,16635.059242,16635.434242,16636.147242,16705.512742,1,NaN,0,5.99999999999996,2,1,65,0.5
248,16707.561242,16706.332742,16706.823742,16707.508242,16714.299742,1,2.99999999999994,0.0299999999999997,7.00000000000003,1,2,66,0.5
249,16716.908242,16715.756742,16715.970742,16716.908242,16913.259742,0,NaN,0,7.00000000000003,1,2,66,0.5
250,16915.196742,16914.273742,16914.454242,16915.196742,16922.665742,1,NaN,0,5.99999999999996,2,1,65,0.5
251,16924.177242,16923.292242,16923.378742,16924.177242,16928.982242,1,NaN,0,5.99999999999996,2,1,65,0.5
252,16941.833242,16940.720742,16940.835242,16941.780242,16946.532742,1,2.99999999999994,0.0299999999999997,7.00000000000003,1,2,66,0.5
253,16949.464242,16948.186742,16948.241242,16949.411742,16956.542242,0,2.99999999999994,0.0299999999999997,5.99999999999996,2,1,65,0.5
254,16959.570742,16958.556742,16958.803742,16959.570742,16966.886742,1,NaN,0,5.99999999999996,2,1,65,0.5
255,16975.221242,16974.015242,16974.167242,16975.221242,16982.331242,0,NaN,0,7.00000000000003,1,2,66,0.5
256,17030.514242,17029.566242,17029.747242,17030.461742,17037.187242,1,2.99999999999994,0.0299999999999997,7.00000000000003,1,2,66,0.5
257,17039.606742,17038.371242,17038.563742,17039.606742,17073.067742,0,NaN,0,7.00000000000003,1,2,66,0.5
258,17086.554242,17085.129242,17085.363242,17086.501742,17137.867742,0,2.99999999999994,0.0299999999999997,5.99999999999996,2,1,65,0.5
259,17140.114742,17139.181242,17139.278242,17140.114742,17152.956242,1,NaN,0,5.99999999999996,2,1,65,0.5
260,17155.228242,17154.378742,17154.432242,17155.228242,17159.540242,0,NaN,0,7.00000000000003,1,2,66,0.5
261,17161.950742,17160.547242,17161.141242,17161.897742,17166.308742,0,2.99999999999994,0.0299999999999997,5.99999999999996,2,1,65,0.5
262,17169.545742,17168.342242,17168.729742,17169.493242,17176.490242,1,2.99999999999994,0.0299999999999997,7.00000000000003,1,2,66,0.5
263,17182.651742,17181.311242,17181.615242,17182.649242,17190.253242,1,2.99999999999994,0.0299999999999997,7.00000000000003,1,2,66,0.5
264,17193.218742,17191.738242,17191.942742,17193.166242,17209.775742,0,2.99999999999994,0.0299999999999997,5.99999999999996,2,1,65,0.5
265,17211.672242,17210.583242,17210.786242,17211.672242,17216.342742,0,NaN,0,7.00000000000003,1,2,66,0.5
266,17229.053242,17227.949742,17228.373242,17229.053242,17345.158742,1,NaN,0,5.99999999999996,2,1,65,0.5
267,17348.477242,17346.971242,17347.377742,17348.474742,17380.526242,0,2.99999999999994,0.0299999999999997,5.99999999999996,2,1,65,0.5
268,17392.135742,17390.707242,17391.240742,17392.083242,17397.666242,1,2.99999999999994,0.0299999999999997,7.00000000000003,1,2,66,0.5
269,17400.544242,17399.163742,17399.238742,17400.490742,17414.869742,0,2.99999999999994,0.0299999999999997,5.99999999999996,2,1,65,0.5
270,17417.055742,17416.119742,17416.185242,17417.053242,17425.515242,1,2.99999999999994,0.0299999999999997,7.00000000000003,1,2,66,0.5
271,17429.081242,17427.409742,17427.456242,17429.078742,17436.647742,0,2.99999999999994,0.0299999999999997,5.99999999999996,2,1,65,0.5
272,17440.852242,17439.623742,17439.946242,17440.799242,17447.533242,1,2.99999999999994,0.0299999999999997,7.00000000000003,1,2,66,0.5
273,17449.994742,17449.014742,17449.051742,17449.942242,17754.514742,0,2.99999999999994,0.0299999999999997,5.99999999999996,2,1,65,0.5
274,17762.697742,17761.698242,17761.811242,17762.697742,17763.472242,1,NaN,0,5.99999999999996,2,1,65,0.5
275,17774.981242,17773.894742,17774.102742,17774.927742,17780.118742,0,2.99999999999994,0.0299999999999997,5.99999999999996,2,1,65,0.5
276,17784.024242,17783.038742,17783.265742,17784.024242,18052.255742,1,NaN,0,5.99999999999996,2,1,65,0.5
277,18054.279242,18053.260742,18053.529742,18054.279242,18058.622742,1,NaN,0,5.99999999999996,2,1,65,0.5
278,18063.787742,18062.796242,18063.048742,18063.787742,18096.618742,1,NaN,0,5.99999999999996,2,1,65,0.5
279,18099.284742,18097.945742,18098.320742,18099.231742,18118.581742,0,2.99999999999994,0.0299999999999997,5.99999999999996,2,1,65,0.5
280,18122.379742,18121.806742,18121.947242,18122.379742,18123.796742,1,NaN,0,5.99999999999996,2,1,65,0.5
281,18143.289242,18142.320242,18142.461742,18143.236742,18146.730742,1,2.99999999999994,0.0299999999999997,7.00000000000003,1,2,66,0.5
282,18149.704242,18148.519742,18148.582242,18149.651742,18156.952242,0,2.99999999999994,0.0299999999999997,5.99999999999996,2,1,65,0.5
283,18159.612742,18158.574242,18158.791242,18159.612742,18163.979742,0,NaN,0,7.00000000000003,1,2,66,0.5
284,18169.302742,18167.475242,18168.555742,18169.302742,18178.928742,0,NaN,0,7.00000000000003,1,2,66,0.5
285,18182.012742,18181.034742,18181.243242,18182.012742,18217.063742,0,NaN,0,7.00000000000003,1,2,66,0.5
286,18231.299242,18230.631242,18230.655242,18231.299242,18275.963242,1,NaN,0,5.99999999999996,2,1,65,0.5
287,18277.540742,18276.590242,18276.835242,18277.540742,18284.482742,1,NaN,0,5.99999999999996,2,1,65,0.5
288,18291.629742,18290.123742,18290.764742,18291.577242,18298.027742,1,2.99999999999994,0.0299999999999997,7.00000000000003,1,2,66,0.5
289,18301.539242,18300.532742,18300.582242,18301.539242,18306.674742,0,NaN,0,7.00000000000003,1,2,66,0.5
290,18312.821742,18309.386242,18311.661242,18312.769242,18374.637742,0,2.99999999999994,0.0299999999999997,5.99999999999996,2,1,65,0.5
291,18381.813242,18380.758242,18380.870742,18381.813242,18386.603742,0,NaN,0,7.00000000000003,1,2,66,0.5
292,18389.702742,18388.459242,18388.725242,18389.650242,18399.200242,0,2.99999999999994,0.0299999999999997,5.99999999999996,2,1,65,0.5
293,18402.708242,18401.291242,18401.891242,18402.705742,18407.645742,1,2.99999999999994,0.0299999999999997,7.00000000000003,1,2,66,0.5
294,18411.320742,18409.790742,18410.213242,18411.320742,18414.619742,0,NaN,0,7.00000000000003,1,2,66,0.5
295,18423.218742,18422.016742,18422.275742,18423.165742,18439.557242,0,2.99999999999994,0.0299999999999997,5.99999999999996,2,1,65,0.5
296,18443.364242,18441.989242,18442.111242,18443.364242,18447.375242,0,NaN,0,7.00000000000003,1,2,66,0.5
297,18451.588742,18449.708242,18450.235742,18451.588742,18458.752242,0,NaN,0,7.00000000000003,1,2,66,0.5
298,18478.860742,18478.023742,18478.157742,18478.860742,18619.949242,0,NaN,0,7.00000000000003,1,2,66,0.5
299,18622.765742,18621.818242,18622.052242,18622.763742,18672.673242,1,2.99999999999994,0.0299999999999997,7.00000000000003,1,2,66,0.5
300,18675.431242,18673.519742,18673.812742,18675.379242,18684.209742,1,2.99999999999994,0.0299999999999997,7.00000000000003,1,2,66,0.5
301,18686.487242,18685.164742,18685.646742,18686.434742,18691.298242,1,2.99999999999994,0.0299999999999997,7.00000000000003,1,2,66,0.5
302,18712.781742,18711.591742,18711.770242,18712.728742,18717.452242,0,2.99999999999994,0.0299999999999997,5.99999999999996,2,1,65,0.5
303,18720.202242,18719.309742,18719.490242,18720.202242,18728.198742,1,NaN,0,5.99999999999996,2,1,65,0.5
304,18730.444242,18729.191242,18729.281242,18730.444242,18734.498742,1,NaN,0,5.99999999999996,2,1,65,0.5
305,18737.550742,18736.496742,18736.867242,18737.550742,18744.285242,1,NaN,0,5.99999999999996,2,1,65,0.5
306,18750.635242,18749.065242,18749.338242,18750.632742,18763.290742,0,2.99999999999994,0.0299999999999997,5.99999999999996,2,1,65,0.5
307,18765.287242,18764.372242,18764.410242,18765.234742,18774.114742,1,2.99999999999994,0.0299999999999997,7.00000000000003,1,2,66,0.5
308,18777.396242,18776.179242,18776.352242,18777.394242,18781.287742,1,2.99999999999994,0.0299999999999997,7.00000000000003,1,2,66,0.5
309,18785.178742,18783.766242,18784.218742,18785.178742,18790.200242,0,NaN,0,7.00000000000003,1,2,66,0.5
310,18792.755742,18791.412742,18791.551242,18792.755742,18798.260242,0,NaN,0,7.00000000000003,1,2,66,0.5
311,19202.516242,19201.000242,19201.175242,19202.516242,19203.047742,1,NaN,0,5.99999999999996,2,1,65,0.5
312,19209.542742,19208.262242,19208.407242,19209.489742,19211.344242,0,2.99999999999994,0.0299999999999997,5.99999999999996,2,1,65,0.5
313,19224.007242,19222.624742,19222.669742,19223.953742,19231.094742,1,2.99999999999994,0.0299999999999997,7.00000000000003,1,2,66,0.5
314,19360.609742,19357.961742,19357.985742,19360.609742,19364.296742,0,NaN,0,7.00000000000003,1,2,66,0.5
315,19374.173742,19372.633742,19372.964242,19374.173742,19431.115242,1,NaN,0,5.99999999999996,2,1,65,0.5
316,20267.425742,20266.213242,20266.563742,20267.372742,20488.671242,1,2.99999999999994,0.0299999999999997,7.00000000000003,1,2,66,0.5
317,20496.349742,20495.033242,20495.182742,20496.296742,20503.959242,1,2.99999999999994,0.0299999999999997,7.00000000000003,1,2,66,0.5
318,20507.503742,20506.375742,20506.590742,20507.450742,20568.181242,0,2.99999999999994,0.0299999999999997,5.99999999999996,2,1,65,0.5
319,20570.094742,20569.127242,20569.220242,20570.094742,20580.851242,0,NaN,0,7.00000000000003,1,2,66,0.5
320,20585.659742,20584.582242,20584.678242,20585.607242,20591.586742,1,2.99999999999994,0.0299999999999997,7.00000000000003,1,2,66,0.5
321,20595.910242,20594.782742,20594.946742,20595.857242,20604.225242,0,2.99999999999994,0.0299999999999997,5.99999999999996,2,1,65,0.5
322,20607.016742,20605.775242,20605.835242,20607.016742,20889.690242,1,NaN,0,5.99999999999996,2,1,65,0.5
323,20897.020242,20896.225742,20896.381242,20897.020242,20897.073242,0,NaN,0,7.00000000000003,1,2,66,0.5
324,20906.577242,20905.559242,20905.763742,20906.577242,21255.011742,1,NaN,0,5.99999999999996,2,1,65,0.5
325,21258.140242,21257.261242,21257.294742,21258.137742,21835.619242,1,2.99999999999994,0.0299999999999997,7.00000000000003,1,2,66,0.5
326,21844.616242,21841.296742,21841.793742,21844.616242,22020.125242,0,NaN,0,7.00000000000003,1,2,66,0.5
327,22022.209242,22021.128242,22021.240242,22022.156242,22025.466742,1,2.99999999999994,0.0299999999999997,7.00000000000003,1,2,66,0.5
328,22032.595742,22030.829742,22031.138242,22032.593742,22035.829242,0,2.99999999999994,0.0299999999999997,5.99999999999996,2,1,65,0.5
329,22039.823242,22038.801242,22038.931742,22039.770742,22048.101242,1,2.99999999999994,0.0299999999999997,7.00000000000003,1,2,66,0.5
330,22051.531242,22050.322242,22050.403242,22051.531242,24699.767742,0,NaN,0,7.00000000000003,1,2,66,0.5
331,24718.964242,24717.512742,24717.695742,24718.964242,24719.475742,1,NaN,0,5.99999999999996,2,1,65,0.5
332,24733.168742,24731.412742,24731.571742,24733.168742,26204.635742,0,NaN,0,7.00000000000003,1,2,66,0.5
333,26208.307242,26205.997742,26206.670742,26208.254242,26210.556242,1,2.99999999999994,0.0299999999999997,7.00000000000003,1,2,66,0.5
334,26212.894742,26211.947242,26211.989242,26212.894742,27624.501742,0,NaN,0,7.00000000000003,1,2,66,0.5
335,27626.105242,27625.143742,27625.286742,27626.052242,27631.168742,1,2.99999999999994,0.0299999999999997,7.00000000000003,1,2,66,0.5
336,27655.058742,27653.968242,27654.103742,27655.056742,27661.448742,1,2.99999999999994,0.0299999999999997,7.00000000000003,1,2,66,0.5
337,27667.766742,27666.198242,27666.290742,27667.766742,27836.360242,0,NaN,0,7.00000000000003,1,2,66,0.5
338,27838.567742,27837.595742,27837.671742,27838.567742,27855.245742,1,NaN,0,5.99999999999996,2,1,65,0.5
339,27858.237742,27855.983742,27856.340742,27858.235742,27860.522742,0,2.99999999999994,0.0299999999999997,5.99999999999996,2,1,65,0.5
340,27863.727242,27862.632742,27862.956242,27863.727242,27868.143742,1,NaN,0,5.99999999999996,2,1,65,0.5
341,27872.516742,27871.040242,27871.631742,27872.464742,27878.935742,1,2.99999999999994,0.0299999999999997,7.00000000000003,1,2,66,0.5
342,27910.706242,27908.969242,27909.221742,27910.703242,27921.250242,0,2.99999999999994,0.0299999999999997,5.99999999999996,2,1,65,0.5
343,27924.278242,27923.468742,27923.496242,27924.278242,27925.636242,1,NaN,0,5.99999999999996,2,1,65,0.5
344,28319.413242,28316.819742,28317.082242,28319.360242,28479.024742,0,2.99999999999994,0.0299999999999997,5.99999999999996,2,1,65,0.5
345,28486.103742,28485.259242,28485.304242,28486.103742,28490.646742,1,NaN,0,5.99999999999996,2,1,65,0.5
346,28493.062742,28491.972742,28492.263742,28493.062742,28494.000242,1,NaN,0,5.99999999999996,2,1,65,0.5
347,28508.311742,28506.903742,28507.249742,28508.259242,28519.487242,0,2.99999999999994,0.0299999999999997,5.99999999999996,2,1,65,0.5
348,28525.405742,28524.302242,28524.429742,28525.352242,28533.190742,0,2.99999999999994,0.0299999999999997,5.99999999999996,2,1,65,0.5
349,28536.127242,28535.118742,28535.225742,28536.127242,28543.274242,1,NaN,0,5.99999999999996,2,1,65,0.5
350,28548.212742,28546.618742,28547.115742,28548.212742,28581.050242,0,NaN,0,7.00000000000003,1,2,66,0.5
351,28592.733242,28591.388242,28591.844742,28592.680242,28596.053742,1,2.99999999999994,0.0299999999999997,7.00000000000003,1,2,66,0.5
352,28599.946242,28599.322242,28599.469242,28599.920742,28612.664242,0,2.99999999999994,0.0299999999999997,5.99999999999996,2,1,65,0.5
353,28614.114242,28613.285742,28613.503742,28614.061242,28618.752242,1,2.99999999999994,0.0299999999999997,7.00000000000003,1,2,66,0.5
354,28621.435742,28620.311242,28620.489242,28621.435742,28625.174242,0,NaN,0,7.00000000000003,1,2,66,0.5
355,28641.209242,28628.588242,28628.992742,NaN,28653.710242,NaN,NaN,0,7.00000000000003,1,2,66,0.5
356,28655.072242,28654.349742,28654.517242,28655.072242,28661.712242,1,NaN,0,5.99999999999996,2,1,65,0.5
357,28664.473242,28663.405742,28663.863242,28664.473242,28686.646742,1,NaN,0,5.99999999999996,2,1,65,0.5
358,28696.606742,28695.454242,28695.508242,28696.553742,28706.094242,0,2.99999999999994,0.0299999999999997,5.99999999999996,2,1,65,0.5
359,28709.382242,28708.452242,28708.645242,28709.382242,28714.885242,1,NaN,0,5.99999999999996,2,1,65,0.5
360,28717.757242,28716.508242,28716.942742,28717.757242,28723.214742,1,NaN,0,5.99999999999996,2,1,65,0.5
361,28725.951242,28725.042742,28725.255742,28725.951242,28777.580742,1,NaN,0,5.99999999999996,2,1,65,0.5
362,28916.375742,28915.472742,28915.566742,28916.375742,28921.180742,1,NaN,0,5.99999999999996,2,1,65,0.5
363,28924.292742,28923.201742,28923.430742,28924.292742,28938.842242,1,NaN,0,5.99999999999996,2,1,65,0.5
364,28940.140242,28939.494242,28939.547742,28940.140242,28946.647742,1,NaN,0,5.99999999999996,2,1,65,0.5
365,28949.387242,28948.409242,28948.767742,28949.387242,28963.246742,1,NaN,0,5.99999999999996,2,1,65,0.5
366,28965.114742,28964.325242,28964.428242,28965.114742,29279.458742,1,NaN,0,5.99999999999996,2,1,65,0.5
367,29285.569742,29284.328742,29284.616742,29285.569742,29319.685242,1,NaN,0,5.99999999999996,2,1,65,0.5
368,29321.533242,29320.666242,29320.908242,29321.533242,29321.906242,1,NaN,0,5.99999999999996,2,1,65,0.5
369,29329.478742,29328.555242,29328.635742,29329.478742,29333.506242,0,NaN,0,7.00000000000003,1,2,66,0.5
370,29339.163242,29335.366742,29335.540242,29339.160742,29349.125242,0,2.99999999999994,0.0299999999999997,5.99999999999996,2,1,65,0.5
371,29351.390742,29350.342742,29350.548242,29351.337742,29356.204242,1,2.99999999999994,0.0299999999999997,7.00000000000003,1,2,66,0.5
372,29359.149242,29357.735742,29357.807742,29359.149242,29366.119242,0,NaN,0,7.00000000000003,1,2,66,0.5
373,29369.130242,29368.084742,29368.265242,29369.127242,29376.999242,1,2.99999999999994,0.0299999999999997,7.00000000000003,1,2,66,0.5
374,29379.132242,29378.153742,29378.204242,29379.132242,29383.803742,0,NaN,0,7.00000000000003,1,2,66,0.5
375,29388.776242,29387.419242,29387.774742,29388.722742,29393.641742,1,2.99999999999994,0.0299999999999997,7.00000000000003,1,2,66,0.5
376,29395.712242,29395.132742,29395.169742,29395.712242,29421.927742,0,NaN,0,7.00000000000003,1,2,66,0.5
377,29424.483742,29423.110242,29423.629742,29424.483742,29429.246742,0,NaN,0,7.00000000000003,1,2,66,0.5
378,29433.441242,29431.227742,29432.115242,29433.441242,29437.675742,0,NaN,0,7.00000000000003,1,2,66,0.5
379,29441.381742,29439.457242,29440.165242,29441.379242,29454.665242,0,2.99999999999994,0.0299999999999997,5.99999999999996,2,1,65,0.5
380,29464.113242,29461.090742,29461.139242,29464.113242,29464.309742,0,NaN,0,7.00000000000003,1,2,66,0.5
381,29473.431242,29472.565242,29472.698242,29473.428242,29478.571742,1,2.99999999999994,0.0299999999999997,7.00000000000003,1,2,66,0.5
382,29481.304242,29480.170742,29480.340742,29481.304242,29507.204242,0,NaN,0,7.00000000000003,1,2,66,0.5
383,29515.513742,29508.433242,29508.469742,29515.513742,29523.487742,0,NaN,0,7.00000000000003,1,2,66,0.5
384,29526.376242,29525.504742,29525.595242,29526.323742,29531.425242,1,2.99999999999994,0.0299999999999997,7.00000000000003,1,2,66,0.5
385,29535.136242,29533.917242,29533.968742,29535.083742,29548.601242,0,2.99999999999994,0.0299999999999997,5.99999999999996,2,1,65,0.5
386,29551.827742,29550.696742,29550.771742,29551.816242,29558.605242,1,2.99999999999994,0.0299999999999997,7.00000000000003,1,2,66,0.5
387,29561.924742,29560.670242,29560.886242,29561.922242,29575.295242,0,2.99999999999994,0.0299999999999997,5.99999999999996,2,1,65,0.5
388,29577.922742,29576.529242,29576.721242,29577.869742,29594.641242,0,2.99999999999994,0.0299999999999997,5.99999999999996,2,1,65,0.5
389,29596.333242,29595.535242,29595.638242,29596.333242,29679.526242,1,NaN,0,5.99999999999996,2,1,65,0.5
390,29681.811242,29680.828742,29681.200742,29681.811242,29886.077742,0,NaN,0,7.00000000000003,1,2,66,0.5
391,29889.353242,29888.023742,29888.468242,29889.300742,29928.941742,0,2.99999999999994,0.0299999999999997,5.99999999999996,2,1,65,0.5
392,29932.491242,29931.724242,29931.736242,29932.438742,29935.796742,1,2.99999999999994,0.0299999999999997,7.00000000000003,1,2,66,0.5
393,29938.556242,29937.421242,29937.599742,29938.556242,29945.076742,0,NaN,0,7.00000000000003,1,2,66,0.5
394,29948.425742,29947.025742,29947.634242,29948.373242,29953.326742,1,2.99999999999994,0.0299999999999997,7.00000000000003,1,2,66,0.5
395,29957.404742,29955.852242,29956.192742,29957.404742,29969.132242,0,NaN,0,7.00000000000003,1,2,66,0.5
396,29973.811742,29971.468242,29971.625742,29973.759242,29983.763242,0,2.99999999999994,0.0299999999999997,5.99999999999996,2,1,65,0.5
397,29987.277242,29986.111242,29986.159242,29987.274242,29992.549742,1,2.99999999999994,0.0299999999999997,7.00000000000003,1,2,66,0.5
398,29995.470742,29994.248742,29994.404742,29995.418242,30005.698242,0,2.99999999999994,0.0299999999999997,5.99999999999996,2,1,65,0.5
399,30009.451242,30008.317242,30008.414742,30009.448742,30019.612242,1,2.99999999999994,0.0299999999999997,7.00000000000003,1,2,66,0.5
400,30022.087242,30020.713742,30020.955242,30022.087242,30027.953742,1,NaN,0,5.99999999999996,2,1,65,0.5
401,30030.849742,30029.615742,30030.038742,30030.796742,30036.160242,1,2.99999999999994,0.0299999999999997,7.00000000000003,1,2,66,0.5
402,30039.208742,30037.832742,30038.051742,30039.155242,30167.803742,0,2.99999999999994,0.0299999999999997,5.99999999999996,2,1,65,0.5
403,30172.017742,30170.715242,30171.151742,30172.017742,30180.914742,0,NaN,0,7.00000000000003,1,2,66,0.5
404,30190.485742,30189.258742,30189.649742,30190.433242,30207.050742,1,2.99999999999994,0.0299999999999997,7.00000000000003,1,2,66,0.5
405,30209.672242,30208.703242,30208.991742,30209.672242,30215.497742,1,NaN,0,5.99999999999996,2,1,65,0.5
406,30218.015742,30216.613742,30216.640242,30218.012742,30233.993742,0,2.99999999999994,0.0299999999999997,5.99999999999996,2,1,65,0.5
407,30236.800742,30235.547242,30235.694742,30236.800742,30240.008742,0,NaN,0,7.00000000000003,1,2,66,0.5
408,30244.813242,30243.263242,30243.549742,30244.813242,30300.847742,0,NaN,0,7.00000000000003,1,2,66,0.5
409,30307.025742,30305.991242,30306.030242,30307.023242,30310.707242,1,2.99999999999994,0.0299999999999997,7.00000000000003,1,2,66,0.5
410,30313.621242,30312.482742,30312.574742,30313.621242,30320.576742,0,NaN,0,7.00000000000003,1,2,66,0.5
411,30323.871242,30322.393742,30322.500242,30323.871242,30327.028742,0,NaN,0,7.00000000000003,1,2,66,0.5
412,30391.599242,30390.452242,30390.720742,30391.596742,30398.360242,1,2.99999999999994,0.0299999999999997,7.00000000000003,1,2,66,0.5
413,30402.809742,30401.672242,30401.902742,30402.756742,30407.197242,1,2.99999999999994,0.0299999999999997,7.00000000000003,1,2,66,0.5
414,30410.718742,30409.281242,30409.670242,30410.718742,30416.117242,0,NaN,0,7.00000000000003,1,2,66,0.5
415,30419.251242,30417.975742,30418.164742,30419.251242,30475.196242,0,NaN,0,7.00000000000003,1,2,66,0.5
416,30479.548242,30478.425242,30478.669242,30479.548242,30507.673242,0,NaN,0,7.00000000000003,1,2,66,0.5
417,30513.350242,30511.888242,30512.641742,30513.296742,30516.693242,1,2.99999999999994,0.0299999999999997,7.00000000000003,1,2,66,0.5
418,30520.236242,30519.141742,30519.425242,30520.236242,30530.568742,0,NaN,0,7.00000000000003,1,2,66,0.5
419,30532.142742,30531.250242,30531.329742,30532.142742,30536.933242,0,NaN,0,7.00000000000003,1,2,66,0.5
420,30539.637742,30538.285742,30538.522742,30539.584742,30548.905742,0,2.99999999999994,0.0299999999999997,5.99999999999996,2,1,65,0.5
421,30551.420742,30550.282242,30550.596242,30551.417742,30555.480742,1,2.99999999999994,0.0299999999999997,7.00000000000003,1,2,66,0.5
422,30559.082242,30557.790242,30558.059742,30559.082242,30566.258742,0,NaN,0,7.00000000000003,1,2,66,0.5
423,30569.101242,30567.516242,30568.109742,30569.048742,30574.108242,1,2.99999999999994,0.0299999999999997,7.00000000000003,1,2,66,0.5
424,30577.418742,30575.628242,30576.160742,30577.416242,30589.380742,0,2.99999999999994,0.0299999999999997,5.99999999999996,2,1,65,0.5
425,30593.688742,30592.814242,30593.016242,30593.635742,30598.058242,1,2.99999999999994,0.0299999999999997,7.00000000000003,1,2,66,0.5
426,30601.323242,30600.235242,30600.467742,30601.270742,30609.632242,0,2.99999999999994,0.0299999999999997,5.99999999999996,2,1,65,0.5
427,30612.135242,30610.808742,30611.192242,30612.135242,30612.897742,1,NaN,0,5.99999999999996,2,1,65,0.5
428,30619.905242,30618.492742,30618.531742,30619.853242,30625.635742,0,2.99999999999994,0.0299999999999997,5.99999999999996,2,1,65,0.5
429,30628.465742,30627.168742,30627.548242,30628.465742,30636.253242,1,NaN,0,5.99999999999996,2,1,65,0.5
430,30638.944742,30637.413742,30637.543742,30638.944742,30646.607242,1,NaN,0,5.99999999999996,2,1,65,0.5
431,30648.510242,30647.551242,30647.797242,30648.510242,30753.989242,1,NaN,0,5.99999999999996,2,1,65,0.5
432,30756.334742,30755.037742,30755.238742,30756.282242,30760.833242,0,2.99999999999994,0.0299999999999997,5.99999999999996,2,1,65,0.5
433,30765.406242,30763.846742,30763.988742,30765.406242,30766.055742,1,NaN,0,5.99999999999996,2,1,65,0.5
434,30825.617242,30824.436242,30824.562242,30825.564742,30834.139742,0,2.99999999999994,0.0299999999999997,5.99999999999996,2,1,65,0.5
435,30836.723742,30834.923242,30834.963742,30836.723742,30837.456742,1,NaN,0,5.99999999999996,2,1,65,0.5
436,30844.214742,30842.568742,30842.743242,30843.664242,30850.780242,0,NaN,0,5.99999999999996,2,1,65,0.5
437,30854.932742,30853.419242,30853.479742,30854.879242,30863.266742,0,2.99999999999994,0.0299999999999997,5.99999999999996,2,1,65,0.5
438,30878.229742,30876.995742,30877.320242,30878.229742,31048.141242,1,NaN,0,5.99999999999996,2,1,65,0.5
439,31050.300242,31049.075242,31049.256742,31050.247742,31056.842242,1,2.99999999999994,0.0299999999999997,7.00000000000003,1,2,66,0.5
440,31058.895242,31057.836242,31057.910742,31058.842742,31063.934742,0,2.99999999999994,0.0299999999999997,5.99999999999996,2,1,65,0.5
441,31067.640742,31065.566242,31065.827242,31067.587742,31070.811242,1,2.99999999999994,0.0299999999999997,7.00000000000003,1,2,66,0.5
442,31073.667242,31072.349242,31072.437742,31073.664242,31079.878242,0,2.99999999999994,0.0299999999999997,5.99999999999996,2,1,65,0.5
443,31082.856242,31081.913242,31082.188742,31082.804242,31088.944742,1,2.99999999999994,0.0299999999999997,7.00000000000003,1,2,66,0.5
444,31091.378242,31090.356742,31090.503742,31091.378242,31098.722242,0,NaN,0,7.00000000000003,1,2,66,0.5
445,31101.773742,31100.408242,31100.906742,31101.721242,31105.662742,1,2.99999999999994,0.0299999999999997,7.00000000000003,1,2,66,0.5
446,31108.474742,31107.193242,31107.423242,31108.474742,31136.340242,0,NaN,0,7.00000000000003,1,2,66,0.5
447,31138.475242,31137.235242,31137.469742,31138.475242,31143.872242,0,NaN,0,7.00000000000003,1,2,66,0.5
448,31146.553242,31145.364242,31145.761742,31146.500742,31150.889742,1,2.99999999999994,0.0299999999999997,7.00000000000003,1,2,66,0.5
449,31156.883242,31155.441242,31155.840242,31156.880742,31159.644742,0,2.99999999999994,0.0299999999999997,5.99999999999996,2,1,65,0.5
450,31162.385742,31161.326742,31161.599242,31162.385742,31168.869742,1,NaN,0,5.99999999999996,2,1,65,0.5
451,31171.699242,31170.163742,31170.693242,31171.696742,31177.332242,0,2.99999999999994,0.0299999999999997,5.99999999999996,2,1,65,0.5
452,31184.650742,31183.401242,31183.691242,31184.597742,31192.285242,1,2.99999999999994,0.0299999999999997,7.00000000000003,1,2,66,0.5
453,31195.229742,31193.760742,31193.816242,31195.177242,31203.384242,0,2.99999999999994,0.0299999999999997,5.99999999999996,2,1,65,0.5
454,31210.543742,31209.359242,31209.640742,31210.490742,31214.400242,1,2.99999999999994,0.0299999999999997,7.00000000000003,1,2,66,0.5
455,31217.714742,31216.472742,31216.749742,31217.714742,31220.669242,0,NaN,0,7.00000000000003,1,2,66,0.5
456,31227.551742,31226.771242,31226.962742,31227.551742,31233.629742,0,NaN,0,7.00000000000003,1,2,66,0.5
457,31237.227742,31235.579742,31235.895742,31237.175242,31241.881742,1,2.99999999999994,0.0299999999999997,7.00000000000003,1,2,66,0.5
458,31244.324742,31243.055242,31243.414742,31244.271742,31251.722742,0,2.99999999999994,0.0299999999999997,5.99999999999996,2,1,65,0.5
459,31255.443742,31254.297242,31254.316242,31255.440742,31261.279742,1,2.99999999999994,0.0299999999999997,7.00000000000003,1,2,66,0.5
460,31265.635242,31264.625242,31264.661242,31265.635242,31268.583742,0,NaN,0,7.00000000000003,1,2,66,0.5
461,31272.747742,31271.410742,31271.884742,31272.745742,31280.048242,0,2.99999999999994,0.0299999999999997,5.99999999999996,2,1,65,0.5
462,31282.598742,31281.510242,31281.704242,31282.598742,31289.898742,1,NaN,0,5.99999999999996,2,1,65,0.5
463,31292.440242,31290.890242,31291.469742,31292.437742,31296.674242,1,2.99999999999994,0.0299999999999997,7.00000000000003,1,2,66,0.5
464,31300.446742,31298.591742,31299.199242,31300.394242,31315.452742,0,2.99999999999994,0.0299999999999997,5.99999999999996,2,1,65,0.5
465,31323.280242,31321.891742,31322.304242,31323.227742,31329.872742,0,2.99999999999994,0.0299999999999997,5.99999999999996,2,1,65,0.5
466,31333.140242,31331.948242,31332.109742,31333.087742,31337.921742,1,2.99999999999994,0.0299999999999997,7.00000000000003,1,2,66,0.5
467,31340.241742,31338.998242,31339.211742,31340.188742,31349.298742,0,2.99999999999994,0.0299999999999997,5.99999999999996,2,1,65,0.5
468,31352.242742,31351.302242,31351.571742,31352.242742,31357.239242,1,NaN,0,5.99999999999996,2,1,65,0.5
469,31367.056242,31365.943742,31366.094242,31367.003242,31372.209242,1,2.99999999999994,0.0299999999999997,7.00000000000003,1,2,66,0.5
470,31374.595742,31373.809742,31373.847742,31374.595742,31380.884242,0,NaN,0,7.00000000000003,1,2,66,0.5
471,31479.576742,31478.516242,31478.821742,31479.523742,31482.851742,1,2.99999999999994,0.0299999999999997,7.00000000000003,1,2,66,0.5
472,31485.852242,31484.789242,31484.837242,31485.850242,31497.332242,0,2.99999999999994,0.0299999999999997,5.99999999999996,2,1,65,0.5
473,31499.615242,31498.439242,31498.461242,31499.615242,31502.002242,1,NaN,0,5.99999999999996,2,1,65,0.5
474,31519.337742,31507.277242,31507.315742,31519.335242,31523.216742,0,2.99999999999994,0.0299999999999997,5.99999999999996,2,1,65,0.5
475,31525.664242,31524.551242,31524.885742,31525.662242,31528.857242,1,2.99999999999994,0.0299999999999997,7.00000000000003,1,2,66,0.5
476,31532.834742,31531.535742,31531.624242,31532.832242,31538.345742,0,2.99999999999994,0.0299999999999997,5.99999999999996,2,1,65,0.5
477,31543.073242,31541.936242,31542.354742,31543.073242,31549.541242,1,NaN,0,5.99999999999996,2,1,65,0.5
478,31558.057242,31556.115242,31556.388742,31558.057242,31563.842242,1,NaN,0,5.99999999999996,2,1,65,0.5
479,31566.626242,31565.439242,31565.848742,31566.626242,31664.172742,1,NaN,0,5.99999999999996,2,1,65,0.5
480,31668.558742,31667.427242,31667.646742,31668.558742,31671.570742,1,NaN,0,5.99999999999996,2,1,65,0.5
481,31706.804742,31706.032742,31706.129742,31706.804742,31707.419742,1,NaN,0,5.99999999999996,2,1,65,0.5
482,31726.661242,31725.596242,31725.911742,31726.658742,31729.975742,1,2.99999999999994,0.0299999999999997,7.00000000000003,1,2,66,0.5
483,31732.634242,31731.482742,31731.571742,31732.581242,31741.522742,0,2.99999999999994,0.0299999999999997,5.99999999999996,2,1,65,0.5
484,31744.021242,31743.013742,31743.276242,31744.021242,31746.657742,1,NaN,0,5.99999999999996,2,1,65,0.5
485,31751.251242,31750.021742,31750.297742,31751.251242,31757.071742,1,NaN,0,5.99999999999996,2,1,65,0.5
486,31760.489742,31759.494242,31759.779242,31760.489742,31784.672242,0,NaN,0,7.00000000000003,1,2,66,0.5
487,31795.794742,31794.561242,31794.708242,31795.794742,31960.596742,0,NaN,0,7.00000000000003,1,2,66,0.5
488,31962.457742,31961.631742,31961.850242,31962.457742,31968.821742,1,NaN,0,5.99999999999996,2,1,65,0.5
489,31977.779242,31976.942742,31977.041742,31977.726242,31981.214242,1,2.99999999999994,0.0299999999999997,7.00000000000003,1,2,66,0.5
490,31983.749242,31982.627742,31983.002242,31983.746242,31989.631242,0,2.99999999999994,0.0299999999999997,5.99999999999996,2,1,65,0.5
491,31992.818242,31992.002742,31992.032742,31992.815742,31995.756742,1,2.99999999999994,0.0299999999999997,7.00000000000003,1,2,66,0.5
492,31998.146242,31997.089742,31997.379242,31998.143742,32005.770742,0,2.99999999999994,0.0299999999999997,5.99999999999996,2,1,65,0.5
493,32008.200242,32007.019742,32007.397742,32008.200242,32036.956742,1,NaN,0,5.99999999999996,2,1,65,0.5
494,32038.657242,32037.797242,32038.080242,32038.657242,32042.002742,1,NaN,0,5.99999999999996,2,1,65,0.5
495,32046.539242,32045.403742,32045.824242,32046.487242,32049.781742,1,2.99999999999994,0.0299999999999997,7.00000000000003,1,2,66,0.5
496,32052.255742,32051.035242,32051.097242,32051.705742,32076.680242,0,NaN,0,5.99999999999996,2,1,65,0.5
497,32085.062242,32084.035742,32084.353242,32085.059242,32089.714242,1,2.99999999999994,0.0299999999999997,7.00000000000003,1,2,66,0.5
498,32091.491242,32090.696242,32090.953242,32091.491242,32098.003242,0,NaN,0,7.00000000000003,1,2,66,0.5
499,32103.576742,32102.811242,32103.119742,32103.576742,32133.225242,1,NaN,0,5.99999999999996,2,1,65,0.5
500,32142.019242,32141.122742,32141.180742,32142.019242,32147.038242,1,NaN,0,5.99999999999996,2,1,65,0.5
501,32150.221242,32148.847242,32148.964742,32150.168242,32156.673242,0,2.99999999999994,0.0299999999999997,5.99999999999996,2,1,65,0.5
502,32161.422242,32160.620242,32160.888742,32161.422242,32161.888242,1,NaN,0,5.99999999999996,2,1,65,0.5
503,32172.794742,32171.766742,32171.953242,32172.792242,32186.850742,0,2.99999999999994,0.0299999999999997,5.99999999999996,2,1,65,0.5
504,32189.194742,32188.091742,32188.379242,32189.141742,32197.079742,0,2.99999999999994,0.0299999999999997,5.99999999999996,2,1,65,0.5
505,32374.367742,32372.995242,32373.348242,32374.365242,32376.791742,1,2.99999999999994,0.0299999999999997,7.00000000000003,1,2,66,0.5
506,32381.494742,32380.617742,32380.751742,32381.494742,32387.837242,0,NaN,0,7.00000000000003,1,2,66,0.5
507,32395.438242,32394.053742,32394.564742,32395.385242,32398.150242,0,2.99999999999994,0.0299999999999997,5.99999999999996,2,1,65,0.5
508,32400.894242,32399.696742,32399.743242,32400.841242,32404.723742,1,2.99999999999994,0.0299999999999997,7.00000000000003,1,2,66,0.5
509,32406.911742,32405.895242,32406.033242,32406.858242,32414.011242,0,2.99999999999994,0.0299999999999997,5.99999999999996,2,1,65,0.5
510,32416.632742,32415.751242,32415.840242,32416.630242,32421.929242,1,2.99999999999994,0.0299999999999997,7.00000000000003,1,2,66,0.5
511,32424.081742,32423.019242,32423.182742,32424.081742,32428.548742,0,NaN,0,7.00000000000003,1,2,66,0.5
512,32431.924742,32430.760742,32431.140742,32431.924742,32438.000742,0,NaN,0,7.00000000000003,1,2,66,0.5
513,32440.422742,32439.062742,32439.664742,32440.422742,32445.180242,0,NaN,0,7.00000000000003,1,2,66,0.5
514,32449.276242,32448.485742,32448.792742,32449.276242,32449.805742,0,NaN,0,7.00000000000003,1,2,66,0.5
515,32462.687242,32461.840742,32462.080242,32462.684742,32465.878242,1,2.99999999999994,0.0299999999999997,7.00000000000003,1,2,66,0.5
516,32468.664742,32467.601242,32467.930742,32468.611742,32474.912242,0,2.99999999999994,0.0299999999999997,5.99999999999996,2,1,65,0.5
517,32476.879742,32475.844242,32476.088742,32476.877242,32480.232742,1,2.99999999999994,0.0299999999999997,7.00000000000003,1,2,66,0.5
518,32482.628742,32481.391742,32481.477242,32482.576242,32488.240242,0,2.99999999999994,0.0299999999999997,5.99999999999996,2,1,65,0.5
519,32491.510742,32490.383242,32490.754742,32491.457742,32495.049742,1,2.99999999999994,0.0299999999999997,7.00000000000003,1,2,66,0.5
520,32497.146742,32495.924742,32495.992742,32497.143742,32504.370242,0,2.99999999999994,0.0299999999999997,5.99999999999996,2,1,65,0.5
521,32510.985242,32509.937242,32510.274242,32510.932742,32514.898242,1,2.99999999999994,0.0299999999999997,7.00000000000003,1,2,66,0.5
522,32517.862242,32516.830242,32517.091242,32517.862242,32525.244242,0,NaN,0,7.00000000000003,1,2,66,0.5
523,32542.466742,32541.331742,32541.403742,32542.466742,32588.287242,0,NaN,0,7.00000000000003,1,2,66,0.5
524,32590.454242,32589.211242,32589.391742,32590.454242,32590.799742,0,NaN,0,7.00000000000003,1,2,66,0.5
525,32600.955242,32599.661742,32599.973742,32600.955242,32609.059742,0,NaN,0,7.00000000000003,1,2,66,0.5
526,32640.496242,32639.681742,32639.853242,32640.443242,32642.701242,1,2.99999999999994,0.0299999999999997,7.00000000000003,1,2,66,0.5
527,32647.208242,32646.296742,32646.425742,32647.208242,32682.248242,0,NaN,0,7.00000000000003,1,2,66,0.5
528,32683.518742,32682.806742,32682.920242,32683.518742,32749.124242,1,NaN,0,5.99999999999996,2,1,65,0.5
529,32750.456242,32749.741242,32749.820242,32750.456242,32758.757242,1,NaN,0,5.99999999999996,2,1,65,0.5
530,32762.551742,32760.898742,32761.031242,32762.498742,32765.874242,0,2.99999999999994,0.0299999999999997,5.99999999999996,2,1,65,0.5
531,32768.517742,32767.804742,32767.816242,32768.464742,32772.775242,1,2.99999999999994,0.0299999999999997,7.00000000000003,1,2,66,0.5
532,32776.540242,32775.629242,32775.912242,32776.487742,32780.315742,1,2.99999999999994,0.0299999999999997,7.00000000000003,1,2,66,0.5
533,32782.358242,32781.717242,32781.855742,32782.358242,32785.113742,0,NaN,0,7.00000000000003,1,2,66,0.5
534,32792.937742,32792.065742,32792.320242,32792.937742,32797.712742,1,NaN,0,5.99999999999996,2,1,65,0.5
535,32803.082242,32801.082742,32801.225242,32803.082242,32812.830242,0,NaN,0,7.00000000000003,1,2,66,0.5
536,32820.404242,32819.523242,32819.705242,32820.351742,32827.998742,0,2.99999999999994,0.0299999999999997,5.99999999999996,2,1,65,0.5
537,32830.469242,32829.413242,32829.798242,32830.466742,32834.760242,1,2.99999999999994,0.0299999999999997,7.00000000000003,1,2,66,0.5
538,32836.911742,32835.849242,32835.983242,32836.911742,32843.533242,0,NaN,0,7.00000000000003,1,2,66,0.5
539,32845.845242,32844.452242,32845.137242,32845.842242,32851.305242,1,2.99999999999994,0.0299999999999997,7.00000000000003,1,2,66,0.5
540,32855.806242,32854.788742,32854.852742,32855.753742,32859.288742,1,2.99999999999994,0.0299999999999997,7.00000000000003,1,2,66,0.5
541,32861.172242,32860.140742,32860.513742,32861.172242,32862.080242,0,NaN,0,7.00000000000003,1,2,66,0.5
542,32875.169242,32874.167242,32874.569242,32875.169242,32881.056742,1,NaN,0,5.99999999999996,2,1,65,0.5
543,32883.072242,32882.160742,32882.552742,32883.072242,32894.608242,1,NaN,0,5.99999999999996,2,1,65,0.5
544,32897.567742,32896.144242,32896.609242,32897.567742,32902.368242,0,NaN,0,7.00000000000003,1,2,66,0.5
545,32908.477742,32906.591242,32906.823742,32908.477742,32915.102242,0,NaN,0,7.00000000000003,1,2,66,0.5
546,32917.423742,32915.965742,32916.733242,32917.423742,32918.178742,1,NaN,0,5.99999999999996,2,1,65,0.5
547,32927.525742,32925.215242,32925.443242,32927.525742,32959.791742,1,NaN,0,5.99999999999996,2,1,65,0.5
548,32967.327242,32965.879742,32966.061742,32967.274242,32970.029742,1,2.99999999999994,0.0299999999999997,7.00000000000003,1,2,66,0.5
549,32972.392242,32971.178742,32971.499742,32972.339242,32977.869742,0,2.99999999999994,0.0299999999999997,5.99999999999996,2,1,65,0.5
550,32979.865242,32978.974242,32979.195742,32979.865242,32982.963742,1,NaN,0,5.99999999999996,2,1,65,0.5
551,32986.365742,32985.229242,32985.716242,32986.363742,32988.897242,1,2.99999999999994,0.0299999999999997,7.00000000000003,1,2,66,0.5
552,33058.751742,33057.341742,33057.702242,33058.751742,33059.227242,1,NaN,0,5.99999999999996,2,1,65,0.5
553,33086.214242,33084.844742,33085.377742,33086.214242,33088.579742,0,NaN,0,7.00000000000003,1,2,66,0.5
554,33120.674742,33119.995742,33120.149742,33120.674742,33124.586242,1,NaN,0,5.99999999999996,2,1,65,0.5
555,33136.599242,33135.534742,33135.718242,33136.546742,33143.818742,0,2.99999999999994,0.0299999999999997,5.99999999999996,2,1,65,0.5
556,33150.156242,33149.233742,33149.471242,33150.156242,33157.046242,1,NaN,0,5.99999999999996,2,1,65,0.5
557,33159.142742,33157.843742,33158.095742,33159.140242,33165.603242,0,2.99999999999994,0.0299999999999997,5.99999999999996,2,1,65,0.5
558,33169.389242,33168.735742,33168.841242,33169.389242,33174.279742,1,NaN,0,5.99999999999996,2,1,65,0.5
559,33176.754742,33175.890242,33176.150742,33176.754742,33176.790742,1,NaN,0,5.99999999999996,2,1,65,0.5
560,33203.990742,33191.369242,33191.546242,NaN,33385.967742,NaN,NaN,0,5.99999999999996,2,1,65,0.5
561,33392.361742,33391.044742,33391.299242,33392.309242,33393.864742,0,2.99999999999994,0.0299999999999997,5.99999999999996,2,1,65,0.5
562,33399.988242,33398.895742,33398.992742,33399.988242,33405.996742,1,NaN,0,5.99999999999996,2,1,65,0.5
563,33414.605742,33413.813242,33414.009742,33414.605742,33420.862742,1,NaN,0,5.99999999999996,2,1,65,0.5
564,33425.294742,33424.307242,33424.463742,33425.294742,33425.446242,0,NaN,0,7.00000000000003,1,2,66,0.5
565,33434.707742,33433.885742,33434.126742,33434.707742,33440.196242,1,NaN,0,5.99999999999996,2,1,65,0.5
566,33444.422742,33443.224242,33443.438242,33444.369742,33448.687742,1,2.99999999999994,0.0299999999999997,7.00000000000003,1,2,66,0.5
567,33451.283742,33450.344742,33450.536742,33451.283742,33454.640742,0,NaN,0,7.00000000000003,1,2,66,0.5
568,33460.165742,33459.230242,33459.290742,33460.163742,33463.785242,1,2.99999999999994,0.0299999999999997,7.00000000000003,1,2,66,0.5
569,33467.073242,33465.722742,33465.765242,33467.020742,33474.867742,0,2.99999999999994,0.0299999999999997,5.99999999999996,2,1,65,0.5
570,33476.866742,33475.774242,33476.008242,33476.866742,33486.701742,1,NaN,0,5.99999999999996,2,1,65,0.5
571,33488.373742,33487.411742,33487.808242,33488.373742,33492.978742,1,NaN,0,5.99999999999996,2,1,65,0.5
572,33500.505242,33499.420742,33499.816242,33500.505242,33506.252242,0,NaN,0,7.00000000000003,1,2,66,0.5
573,33511.925242,33511.161242,33511.359242,33511.925242,33516.021242,1,NaN,0,5.99999999999996,2,1,65,0.5
574,33519.113242,33518.304742,33518.542242,33519.060742,33522.207742,1,2.99999999999994,0.0299999999999997,7.00000000000003,1,2,66,0.5
575,33526.008242,33524.685242,33525.030242,33525.955742,33531.947242,0,2.99999999999994,0.0299999999999997,5.99999999999996,2,1,65,0.5
576,33730.203242,33724.841742,33725.199242,33730.203242,33764.087742,0,NaN,0,7.00000000000003,1,2,66,0.5
577,33768.337242,33765.853242,33765.939242,33768.337242,33772.403742,0,NaN,0,7.00000000000003,1,2,66,0.5
578,33775.282742,33774.297242,33774.421242,33775.282742,33778.844742,0,NaN,0,7.00000000000003,1,2,66,0.5
579,33782.963742,33781.733742,33781.864742,33782.911242,33801.825242,0,2.99999999999994,0.0299999999999997,5.99999999999996,2,1,65,0.5
580,33804.212242,33803.044742,33803.399742,33804.210242,33809.168742,1,2.99999999999994,0.0299999999999997,7.00000000000003,1,2,66,0.5
581,33811.258242,33810.213242,33810.385742,33811.258242,33815.060742,0,NaN,0,7.00000000000003,1,2,66,0.5
582,33818.422242,33817.291742,33817.533242,33818.422242,33830.454242,0,NaN,0,7.00000000000003,1,2,66,0.5
583,33831.992242,33831.061742,33831.322742,33831.939742,33835.486242,1,2.99999999999994,0.0299999999999997,7.00000000000003,1,2,66,0.5
584,33838.130742,33836.828242,33836.895242,33838.077742,33842.065742,0,2.99999999999994,0.0299999999999997,5.99999999999996,2,1,65,0.5
585,33845.143742,33844.299742,33844.657742,33845.143742,33849.326242,1,NaN,0,5.99999999999996,2,1,65,0.5
586,33874.548242,33873.587242,33873.866742,33874.495742,33878.074742,1,2.99999999999994,0.0299999999999997,7.00000000000003,1,2,66,0.5
587,33882.359242,33880.987742,33881.337742,33882.356742,33890.144242,1,2.99999999999994,0.0299999999999997,7.00000000000003,1,2,66,0.5
588,33892.024742,33890.873242,33891.362742,33892.024742,34019.588242,1,NaN,0,5.99999999999996,2,1,65,0.5
589,34025.075242,34023.964242,34024.181242,34025.075242,34029.031742,1,NaN,0,5.99999999999996,2,1,65,0.5
590,34031.954242,34031.130242,34031.290742,34031.954242,34039.094742,1,NaN,0,5.99999999999996,2,1,65,0.5
591,34043.277242,34042.171242,34042.444742,34043.224242,34044.829242,0,2.99999999999994,0.0299999999999997,5.99999999999996,2,1,65,0.5
592,34048.039242,34047.041242,34047.335742,34048.036742,34051.007242,1,2.99999999999994,0.0299999999999997,7.00000000000003,1,2,66,0.5
593,34053.049242,34051.968742,34052.098242,34052.996742,34055.139242,0,2.99999999999994,0.0299999999999997,5.99999999999996,2,1,65,0.5
594,34059.598242,34058.851742,34059.102742,34059.598242,34096.496242,1,NaN,0,5.99999999999996,2,1,65,0.5
595,34100.411742,34099.713242,34099.769242,34100.358742,34104.386742,1,2.99999999999994,0.0299999999999997,7.00000000000003,1,2,66,0.5
596,34109.952242,34108.783242,34108.804742,34109.898742,34115.003742,0,2.99999999999994,0.0299999999999997,5.99999999999996,2,1,65,0.5
597,34117.510742,34116.505242,34116.695242,34117.458242,34124.101742,1,2.99999999999994,0.0299999999999997,7.00000000000003,1,2,66,0.5
598,34126.215242,34124.832742,34124.996742,34126.162242,34133.338742,0,2.99999999999994,0.0299999999999997,5.99999999999996,2,1,65,0.5
599,34135.773242,34134.889242,34135.038242,34135.720242,34140.185242,1,2.99999999999994,0.0299999999999997,7.00000000000003,1,2,66,0.5
600,34142.565742,34141.236742,34141.387242,34142.512742,34149.890742,0,2.99999999999994,0.0299999999999997,5.99999999999996,2,1,65,0.5
601,34151.968242,34150.979242,34151.336742,34151.914742,34155.787242,1,2.99999999999994,0.0299999999999997,7.00000000000003,1,2,66,0.5
602,34157.754242,34156.726242,34156.841242,34157.754242,34185.307742,0,NaN,0,7.00000000000003,1,2,66,0.5
603,34186.563742,34185.848742,34186.062242,34186.563742,34191.633742,1,NaN,0,5.99999999999996,2,1,65,0.5
604,34193.809742,34192.853742,34193.099242,34193.809742,34200.030242,1,NaN,0,5.99999999999996,2,1,65,0.5
605,34201.442242,34200.651242,34200.826742,34201.442242,34209.885242,1,NaN,0,5.99999999999996,2,1,65,0.5
606,34226.408742,34225.506742,34225.648742,34226.408742,34318.080242,1,NaN,0,5.99999999999996,2,1,65,0.5
607,34427.317242,34426.427242,34426.685242,34427.317242,34432.726242,1,NaN,0,5.99999999999996,2,1,65,0.5
608,34435.199742,34434.189242,34434.393242,34435.199742,34435.631242,1,NaN,0,5.99999999999996,2,1,65,0.5
609,34444.599742,34443.806242,34443.822242,34444.599742,34454.465742,1,NaN,0,5.99999999999996,2,1,65,0.5
610,34457.960242,34457.075742,34457.120242,34457.960242,34461.927742,0,NaN,0,7.00000000000003,1,2,66,0.5
611,34474.312242,34473.283242,34473.657742,34474.259242,34477.040242,1,2.99999999999994,0.0299999999999997,7.00000000000003,1,2,66,0.5
612,34479.042742,34478.103242,34478.347242,34478.990242,34484.324242,0,2.99999999999994,0.0299999999999997,5.99999999999996,2,1,65,0.5
613,34491.469242,34490.403242,34490.636242,34491.416742,34495.101242,1,2.99999999999994,0.0299999999999997,7.00000000000003,1,2,66,0.5
614,34497.650242,34496.678742,34496.738242,34497.650242,34504.839742,0,NaN,0,7.00000000000003,1,2,66,0.5
615,34507.983242,34505.803242,34505.930742,34507.930242,34513.756242,0,2.99999999999994,0.0299999999999997,5.99999999999996,2,1,65,0.5
616,34515.936242,34514.819242,34515.151242,34515.882742,34519.501742,1,2.99999999999994,0.0299999999999997,7.00000000000003,1,2,66,0.5
617,34521.526742,34520.392242,34520.738242,34521.526742,34524.989742,0,NaN,0,7.00000000000003,1,2,66,0.5
618,34531.502242,34530.133242,34530.457742,34531.500242,34538.724742,1,2.99999999999994,0.0299999999999997,7.00000000000003,1,2,66,0.5
619,34540.926742,34539.878742,34539.953742,34540.874242,34546.271742,0,2.99999999999994,0.0299999999999997,5.99999999999996,2,1,65,0.5
620,34549.787742,34548.486742,34548.947242,34549.735242,34553.362242,1,2.99999999999994,0.0299999999999997,7.00000000000003,1,2,66,0.5
621,34556.995242,34556.021242,34556.093242,34556.995242,34560.125742,0,NaN,0,7.00000000000003,1,2,66,0.5
622,34565.319242,34564.245242,34564.323242,34565.266242,34571.441742,0,2.99999999999994,0.0299999999999997,5.99999999999996,2,1,65,0.5
623,34573.115242,34572.259742,34572.567242,34573.115242,34579.611242,1,NaN,0,5.99999999999996,2,1,65,0.5
624,34582.080242,34581.326242,34581.500742,34582.080242,34596.670242,1,NaN,0,5.99999999999996,2,1,65,0.5
625,34604.528742,34603.487742,34603.666242,34604.476242,34611.225242,0,2.99999999999994,0.0299999999999997,5.99999999999996,2,1,65,0.5
626,34615.054742,34614.079242,34614.148742,34615.052242,34618.802242,1,2.99999999999994,0.0299999999999997,7.00000000000003,1,2,66,0.5
627,34620.963242,34619.711742,34619.846742,34620.960742,34626.931242,0,2.99999999999994,0.0299999999999997,5.99999999999996,2,1,65,0.5
628,34628.814742,34628.010742,34628.213742,34628.814742,34629.392742,1,NaN,0,5.99999999999996,2,1,65,0.5
629,34640.350742,34639.261742,34639.592242,34640.348242,34650.297242,0,2.99999999999994,0.0299999999999997,5.99999999999996,2,1,65,0.5
630,34652.154742,34651.431742,34651.521242,34652.154742,34684.950242,1,NaN,0,5.99999999999996,2,1,65,0.5
631,34686.775742,34686.073242,34686.253242,34686.775742,34718.439242,1,NaN,0,5.99999999999996,2,1,65,0.5
632,34719.920242,34719.025742,34719.169242,34719.917742,34726.253742,0,2.99999999999994,0.0299999999999997,5.99999999999996,2,1,65,0.5
633,34727.941742,34727.004242,34727.262242,34727.889242,34731.624242,1,2.99999999999994,0.0299999999999997,7.00000000000003,1,2,66,0.5
634,34733.708742,34732.778242,34732.898742,34733.655742,34740.615742,0,2.99999999999994,0.0299999999999997,5.99999999999996,2,1,65,0.5
635,34742.416242,34741.654742,34741.915742,34742.416242,34745.857242,1,NaN,0,5.99999999999996,2,1,65,0.5
636,34749.132242,34748.137242,34748.418242,34749.079742,34753.118742,1,2.99999999999994,0.0299999999999997,7.00000000000003,1,2,66,0.5
637,34755.191742,34754.052742,34754.191742,34755.138242,34759.831742,0,2.99999999999994,0.0299999999999997,5.99999999999996,2,1,65,0.5
638,34762.221742,34761.362742,34761.624242,34762.221742,34765.523242,1,NaN,0,5.99999999999996,2,1,65,0.5
639,34838.757742,34837.612242,34837.761242,34838.705242,34840.924242,1,2.99999999999994,0.0299999999999997,7.00000000000003,1,2,66,0.5
640,34848.647242,34847.742242,34847.858742,34848.647242,34855.359742,0,NaN,0,7.00000000000003,1,2,66,0.5
641,34858.219742,34857.148742,34857.544742,34858.219742,34866.179742,1,NaN,0,5.99999999999996,2,1,65,0.5
642,34870.674242,34869.406742,34869.477742,34870.621242,34877.064742,0,2.99999999999994,0.0299999999999997,5.99999999999996,2,1,65,0.5
643,34879.892742,34878.902742,34879.230742,34879.890242,34882.530242,1,2.99999999999994,0.0299999999999997,7.00000000000003,1,2,66,0.5
644,34884.802742,34883.728742,34883.857242,34884.749742,34888.760242,0,2.99999999999994,0.0299999999999997,5.99999999999996,2,1,65,0.5
645,34890.896242,34889.796242,34890.108242,34890.894242,34893.941242,1,2.99999999999994,0.0299999999999997,7.00000000000003,1,2,66,0.5
646,34896.121242,34895.178742,34895.371242,34896.068742,34902.848242,0,2.99999999999994,0.0299999999999997,5.99999999999996,2,1,65,0.5
647,34905.288242,34904.180242,34904.509742,34905.285742,34908.594242,1,2.99999999999994,0.0299999999999997,7.00000000000003,1,2,66,0.5
648,34910.564742,34909.677242,34909.803742,34910.564742,34914.470242,0,NaN,0,7.00000000000003,1,2,66,0.5
649,34919.250742,34917.959242,34918.051242,34919.198242,34925.509742,0,2.99999999999994,0.0299999999999997,5.99999999999996,2,1,65,0.5
650,34928.232242,34926.687742,34927.022742,34928.229742,34931.585742,1,2.99999999999994,0.0299999999999997,7.00000000000003,1,2,66,0.5
651,34935.001742,34933.739242,34933.874242,34934.949242,34942.676742,0,2.99999999999994,0.0299999999999997,5.99999999999996,2,1,65,0.5
652,34948.007742,34947.197242,34947.286742,34948.005242,34961.140242,1,2.99999999999994,0.0299999999999997,7.00000000000003,1,2,66,0.5
653,35037.019742,35035.854742,35036.206742,35037.017242,35165.084742,1,2.99999999999994,0.0299999999999997,7.00000000000003,1,2,66,0.5
654,35186.617242,35185.594742,35185.955242,35186.564242,35188.902242,1,2.99999999999994,0.0299999999999997,7.00000000000003,1,2,66,0.5
655,35191.541242,35190.037742,35190.269242,35191.488742,35195.910742,0,2.99999999999994,0.0299999999999997,5.99999999999996,2,1,65,0.5
656,35197.971742,35196.931742,35197.199742,35197.971742,35199.006742,1,NaN,0,5.99999999999996,2,1,65,0.5
657,35210.400742,35209.050242,35209.445742,35210.348242,35213.124742,1,2.99999999999994,0.0299999999999997,7.00000000000003,1,2,66,0.5
658,35215.286242,35214.129242,35214.267242,35215.286242,35218.086242,0,NaN,0,7.00000000000003,1,2,66,0.5
659,35222.402742,35221.277742,35221.614742,35222.402742,35223.098242,1,NaN,0,5.99999999999996,2,1,65,0.5
660,35232.529242,35231.460742,35231.778242,35232.529242,35246.751242,0,NaN,0,7.00000000000003,1,2,66,0.5
661,35253.591742,35252.845242,35252.913742,35253.539242,35257.323242,1,2.99999999999994,0.0299999999999997,7.00000000000003,1,2,66,0.5
662,35259.676742,35258.678742,35258.710742,35259.623742,35264.739242,0,2.99999999999994,0.0299999999999997,5.99999999999996,2,1,65,0.5
663,35267.208242,35266.153242,35266.450742,35267.205742,35270.925242,1,2.99999999999994,0.0299999999999997,7.00000000000003,1,2,66,0.5
664,35272.973242,35271.986242,35272.158242,35272.920242,35279.526242,0,2.99999999999994,0.0299999999999997,5.99999999999996,2,1,65,0.5
665,35281.431242,35280.607242,35280.838242,35281.431242,35286.402242,1,NaN,0,5.99999999999996,2,1,65,0.5
666,35292.766242,35291.662242,35292.200242,35292.713242,35297.262742,1,2.99999999999994,0.0299999999999997,7.00000000000003,1,2,66,0.5
667,35299.402242,35298.407742,35298.627242,35299.402242,35306.898742,0,NaN,0,7.00000000000003,1,2,66,0.5
668,35310.258742,35309.425742,35309.475742,35310.206242,35315.904742,0,2.99999999999994,0.0299999999999997,5.99999999999996,2,1,65,0.5
669,35318.513242,35317.600242,35317.869742,35318.461242,35322.205242,1,2.99999999999994,0.0299999999999997,7.00000000000003,1,2,66,0.5
670,35324.097242,35323.383242,35323.485242,35324.097242,35327.758242,0,NaN,0,7.00000000000003,1,2,66,0.5
671,35342.038742,35340.992742,35341.197242,35342.035742,35345.450742,1,2.99999999999994,0.0299999999999997,7.00000000000003,1,2,66,0.5
672,35347.643242,35346.841242,35346.890742,35347.640742,35353.418742,0,2.99999999999994,0.0299999999999997,5.99999999999996,2,1,65,0.5
673,35355.500742,35354.634742,35354.827242,35355.447742,35359.570242,1,2.99999999999994,0.0299999999999997,7.00000000000003,1,2,66,0.5
674,35361.956242,35361.101742,35361.173242,35361.956242,35372.863242,0,NaN,0,7.00000000000003,1,2,66,0.5
675,35376.677742,35375.159742,35375.211242,35376.677742,35379.157742,0,NaN,0,7.00000000000003,1,2,66,0.5
676,35486.669742,35485.117742,35485.440242,35486.669742,35533.687242,1,NaN,0,5.99999999999996,2,1,65,0.5
677,35539.580242,35538.544242,35538.999742,35539.528242,35541.989242,1,2.99999999999994,0.0299999999999997,7.00000000000003,1,2,66,0.5
678,35544.344242,35543.270742,35543.435242,35544.344242,35549.899742,0,NaN,0,7.00000000000003,1,2,66,0.5
679,35561.228742,35560.447742,35560.747242,35561.228742,35567.912242,1,NaN,0,5.99999999999996,2,1,65,0.5
680,35570.636742,35569.792742,35570.120242,35570.634242,35573.694742,1,2.99999999999994,0.0299999999999997,7.00000000000003,1,2,66,0.5
681,35577.997242,35576.823742,35577.121242,35577.944742,35583.026742,1,2.99999999999994,0.0299999999999997,7.00000000000003,1,2,66,0.5
682,35585.779242,35584.488242,35584.941242,35585.726742,35590.923242,0,2.99999999999994,0.0299999999999997,5.99999999999996,2,1,65,0.5
683,35592.901742,35592.093242,35592.325242,35592.901742,35594.212242,1,NaN,0,5.99999999999996,2,1,65,0.5
684,35612.915743,35611.615742,35611.804742,35612.915743,35615.646242,0,NaN,0,7.00000000000003,1,2,66,0.5
685,35631.728242,35630.527742,35631.110242,35631.725742,35634.898742,1,2.99999999999994,0.0299999999999997,7.00000000000003,1,2,66,0.5
686,35640.836742,35639.628242,35639.975742,35640.783742,35645.458742,0,2.99999999999994,0.0299999999999997,5.99999999999996,2,1,65,0.5
687,35648.083242,35647.235742,35647.593742,35648.083242,35653.677242,1,NaN,0,5.99999999999996,2,1,65,0.5
688,35656.233242,35655.043742,35655.505742,35656.180242,35659.878742,1,2.99999999999994,0.0299999999999997,7.00000000000003,1,2,66,0.5
689,35662.213742,35661.328742,35661.387242,35662.210742,35663.995242,0,2.99999999999994,0.0299999999999997,5.99999999999996,2,1,65,0.5
690,35666.967242,35665.644242,35666.118242,35666.914742,35671.382742,1,2.99999999999994,0.0299999999999997,7.00000000000003,1,2,66,0.5
691,35677.838742,35676.750242,35677.053742,35677.786242,35681.110742,0,2.99999999999994,0.0299999999999997,5.99999999999996,2,1,65,0.5
692,35684.113242,35683.014242,35683.387742,35684.110742,35687.645742,1,2.99999999999994,0.0299999999999997,7.00000000000003,1,2,66,0.5
693,35689.707242,35688.620742,35688.914742,35689.654742,35695.409242,0,2.99999999999994,0.0299999999999997,5.99999999999996,2,1,65,0.5
694,35698.040742,35697.123742,35697.483242,35698.040742,35702.285242,1,NaN,0,5.99999999999996,2,1,65,0.5
695,35705.004742,35703.616242,35704.336742,35704.952242,35708.666742,1,2.99999999999994,0.0299999999999997,7.00000000000003,1,2,66,0.5
696,35711.098742,35710.127242,35710.148742,35711.045742,35718.246242,0,2.99999999999994,0.0299999999999997,5.99999999999996,2,1,65,0.5
697,35719.889742,35719.208742,35719.333242,35719.889742,35725.441742,1,NaN,0,5.99999999999996,2,1,65,0.5
698,35729.288742,35728.665742,35728.851242,35729.270242,35734.566242,0,2.99999999999994,0.0299999999999997,5.99999999999996,2,1,65,0.5
699,35737.114742,35736.100742,35736.235242,35737.114742,35742.852242,1,NaN,0,5.99999999999996,2,1,65,0.5
700,35745.319242,35743.842742,35744.295742,35745.319242,35747.885242,0,NaN,0,7.00000000000003,1,2,66,0.5
701,35751.799742,35750.757742,35750.941742,35751.746242,35757.297742,0,2.99999999999994,0.0299999999999997,5.99999999999996,2,1,65,0.5
702,35759.513742,35758.683742,35758.948242,35759.460742,35762.907742,1,2.99999999999994,0.0299999999999997,7.00000000000003,1,2,66,0.5
703,35765.113742,35764.137242,35764.302742,35765.113742,35767.703742,0,NaN,0,7.00000000000003,1,2,66,0.5
704,35778.996742,35777.773242,35777.947242,35778.943742,35785.053742,0,2.99999999999994,0.0299999999999997,5.99999999999996,2,1,65,0.5
705,35788.086242,35787.035242,35787.367742,35788.086242,35898.818742,1,NaN,0,5.99999999999996,2,1,65,0.5
706,35900.644242,35899.712242,35899.992742,35900.644242,35900.661742,1,NaN,0,5.99999999999996,2,1,65,0.5
707,35914.260242,35913.542242,35913.660242,35914.207742,35916.585742,1,2.99999999999994,0.0299999999999997,7.00000000000003,1,2,66,0.5
708,35918.892742,35917.988742,35918.157242,35918.890242,35925.497242,0,2.99999999999994,0.0299999999999997,5.99999999999996,2,1,65,0.5
709,35927.733742,35926.394242,35926.654242,35927.733742,35930.559242,1,NaN,0,5.99999999999996,2,1,65,0.5
710,35943.914742,35943.001742,35943.271242,35943.862242,35946.941242,1,2.99999999999994,0.0299999999999997,7.00000000000003,1,2,66,0.5
711,35949.989742,35949.239242,35949.305742,35949.936742,35954.478242,0,2.99999999999994,0.0299999999999997,5.99999999999996,2,1,65,0.5
712,35957.166742,35956.093242,35956.385742,35957.166742,35963.100742,1,NaN,0,5.99999999999996,2,1,65,0.5
713,35975.230242,35974.326742,35974.437742,35975.230242,35979.822242,0,NaN,0,7.00000000000003,1,2,66,0.5
714,35983.065742,35982.082242,35982.196742,35983.013242,35985.584242,0,2.99999999999994,0.0299999999999997,5.99999999999996,2,1,65,0.5
715,35988.257742,35987.262742,35987.537742,35988.255242,35991.024242,1,2.99999999999994,0.0299999999999997,7.00000000000003,1,2,66,0.5
716,35992.900742,35991.977242,35992.220742,35992.900742,35998.770242,0,NaN,0,7.00000000000003,1,2,66,0.5
717,36001.583742,36000.968742,36001.031742,36001.583742,36001.601242,0,NaN,0,7.00000000000003,1,2,66,0.5
718,36131.083742,36129.719742,36130.133242,36131.031242,36133.536242,1,2.99999999999994,0.0299999999999997,7.00000000000003,1,2,66,0.5
719,36153.523242,36152.014742,36152.388242,36153.471242,36156.936242,1,2.99999999999994,0.0299999999999997,7.00000000000003,1,2,66,0.5
720,36159.361242,36158.177742,36158.265742,36159.358742,36162.804242,0,2.99999999999994,0.0299999999999997,5.99999999999996,2,1,65,0.5
721,36170.495742,36169.752742,36169.925242,36170.495742,36171.579242,1,NaN,0,5.99999999999996,2,1,65,0.5
722,36196.999742,36195.724242,36195.756742,36196.999742,36204.169242,0,NaN,0,7.00000000000003,1,2,66,0.5
723,36209.090742,36208.108242,36208.144242,36209.037742,36212.768742,0,2.99999999999994,0.0299999999999997,5.99999999999996,2,1,65,0.5
724,36214.966742,36213.891242,36214.159742,36214.913742,36217.085242,1,2.99999999999994,0.0299999999999997,7.00000000000003,1,2,66,0.5
725,36220.239742,36218.428242,36218.561242,36220.186742,36226.132742,0,2.99999999999994,0.0299999999999997,5.99999999999996,2,1,65,0.5
726,36228.069742,36227.066742,36227.278742,36228.069742,36233.466242,1,NaN,0,5.99999999999996,2,1,65,0.5
727,36236.023742,36234.965242,36235.270242,36236.023742,36236.362242,1,NaN,0,5.99999999999996,2,1,65,0.5
728,36245.486742,36244.499742,36244.848742,36245.434242,36248.644242,1,2.99999999999994,0.0299999999999997,7.00000000000003,1,2,66,0.5
729,36251.057742,36249.786742,36249.998742,36251.005242,36255.379742,0,2.99999999999994,0.0299999999999997,5.99999999999996,2,1,65,0.5
730,36257.930742,36256.974242,36257.271242,36257.930742,36261.233242,1,NaN,0,5.99999999999996,2,1,65,0.5
731,36267.698242,36263.523242,36263.797742,36267.645242,36272.165242,0,2.99999999999994,0.0299999999999997,5.99999999999996,2,1,65,0.5
732,36274.656742,36273.642242,36273.903242,36274.604242,36279.110742,1,2.99999999999994,0.0299999999999997,7.00000000000003,1,2,66,0.5
733,36281.194742,36280.099742,36280.171742,36281.142242,36287.159242,0,2.99999999999994,0.0299999999999997,5.99999999999996,2,1,65,0.5
734,36289.112242,36288.161242,36288.361742,36289.109242,36293.220242,1,2.99999999999994,0.0299999999999997,7.00000000000003,1,2,66,0.5
735,36426.563242,36413.942742,36414.081242,NaN,NaN,NaN,NaN,0,7.00000000000003,1,2,66,0.5
736,36534.622242,36533.234742,36533.714242,36534.569742,36542.204242,1,2.99999999999994,0.0299999999999997,7.00000000000003,1,2,66,0.5
737,36544.493242,36543.155742,36543.281742,36544.493242,36548.000742,0,NaN,0,7.00000000000003,1,2,66,0.5
738,36566.308742,36565.286242,36565.654742,36566.292242,36568.985742,1,2.99999999999994,0.0299999999999997,7.00000000000003,1,2,66,0.5
739,36571.126242,36570.126742,36570.343242,36571.073242,36575.122242,0,2.99999999999994,0.0299999999999997,5.99999999999996,2,1,65,0.5
740,36577.436742,36576.447242,36576.796742,36577.434242,36580.023242,1,2.99999999999994,0.0299999999999997,7.00000000000003,1,2,66,0.5
741,36582.141742,36580.934242,36581.092242,36582.088742,36589.254742,0,2.99999999999994,0.0299999999999997,5.99999999999996,2,1,65,0.5
742,36591.158242,36590.298242,36590.370242,36591.105742,36594.095242,1,2.99999999999994,0.0299999999999997,7.00000000000003,1,2,66,0.5
743,36596.389742,36595.643742,36595.807242,36596.389742,36599.368242,0,NaN,0,7.00000000000003,1,2,66,0.5
744,36609.594742,36608.178242,36608.307742,36609.594742,36622.520242,0,NaN,0,7.00000000000003,1,2,66,0.5
745,36624.674742,36623.682242,36623.998242,36624.672242,36627.073242,1,2.99999999999994,0.0299999999999997,7.00000000000003,1,2,66,0.5
746,36631.951242,36630.322742,36630.602242,36631.400242,36637.491242,1,NaN,0,7.00000000000003,1,2,66,0.5
747,36644.192242,36643.349242,36643.626242,36644.192242,36668.217742,1,NaN,0,5.99999999999996,2,1,65,0.5
748,36669.369242,36668.753742,36668.904242,36669.369242,36672.873742,1,NaN,0,5.99999999999996,2,1,65,0.5
749,36675.561242,36674.808242,36675.094242,36675.561242,36679.711242,1,NaN,0,5.99999999999996,2,1,65,0.5
750,36691.468242,36690.524242,36690.944742,36691.415242,36695.434242,1,2.99999999999994,0.0299999999999997,7.00000000000003,1,2,66,0.5
751,36697.847742,36696.737742,36696.760742,36697.795242,36701.776742,0,2.99999999999994,0.0299999999999997,5.99999999999996,2,1,65,0.5
752,36703.564742,36702.723742,36702.999242,36703.564742,36732.187242,1,NaN,0,5.99999999999996,2,1,65,0.5
753,36734.310242,36733.223242,36733.743242,36734.257242,36737.790742,1,2.99999999999994,0.0299999999999997,7.00000000000003,1,2,66,0.5
754,36739.680242,36738.631242,36738.943242,36739.680242,36742.093742,0,NaN,0,7.00000000000003,1,2,66,0.5
755,36855.288242,36853.711242,36854.026242,36854.737242,NaN,1,NaN,0,7.00000000000003,1,2,66,0.5
756,36863.796742,36862.845742,36863.126742,36863.743742,36866.893242,1,2.99999999999994,0.0299999999999997,7.00000000000003,1,2,66,0.5
757,36869.117742,36867.994742,36868.165742,36869.064742,36874.815742,0,2.99999999999994,0.0299999999999997,5.99999999999996,2,1,65,0.5
758,36876.986742,36875.862742,36876.152242,36876.984242,36879.657742,1,2.99999999999994,0.0299999999999997,7.00000000000003,1,2,66,0.5
759,36881.758242,36880.731242,36880.885742,36881.758242,36889.212242,0,NaN,0,7.00000000000003,1,2,66,0.5
760,36892.425242,36891.561242,36891.812742,36892.425242,36896.546242,1,NaN,0,5.99999999999996,2,1,65,0.5
761,36899.458742,36898.442742,36898.831242,36899.405742,36901.901742,1,2.99999999999994,0.0299999999999997,7.00000000000003,1,2,66,0.5
762,36904.257742,36902.929742,36903.083242,36904.257742,36907.337242,0,NaN,0,7.00000000000003,1,2,66,0.5
763,36914.567242,36913.387742,36913.969242,36914.567242,36943.266242,1,NaN,0,5.99999999999996,2,1,65,0.5
764,36945.114742,36944.149242,36944.412742,36945.112742,36953.684742,1,2.99999999999994,0.0299999999999997,7.00000000000003,1,2,66,0.5
765,36955.635242,36954.815242,36955.061242,36955.635242,36967.138742,1,NaN,0,5.99999999999996,2,1,65,0.5
766,36969.349742,36968.381742,36968.658742,36969.349742,36982.156742,1,NaN,0,5.99999999999996,2,1,65,0.5
767,36987.058242,36986.488742,36986.615742,36987.058242,37086.876742,1,NaN,0,5.99999999999996,2,1,65,0.5
768,37088.184242,37087.398242,37087.608742,37088.184242,37126.181242,1,NaN,0,5.99999999999996,2,1,65,0.5
769,37136.829242,37136.024742,37136.257242,37136.829242,37137.549742,1,NaN,0,5.99999999999996,2,1,65,0.5
770,37146.854742,37146.103742,37146.328242,37146.854742,37147.174242,1,NaN,0,5.99999999999996,2,1,65,0.5
771,37161.379742,37160.062742,37160.476242,37161.377242,37164.373242,1,2.99999999999994,0.0299999999999997,7.00000000000003,1,2,66,0.5
772,37166.878242,37165.945242,37166.204242,37166.825742,37180.087742,0,2.99999999999994,0.0299999999999997,5.99999999999996,2,1,65,0.5
773,37192.602242,37191.773742,37192.046742,37192.602242,37192.775242,1,NaN,0,5.99999999999996,2,1,65,0.5
774,37231.671242,37230.876742,37231.111742,37231.671242,37232.159242,1,NaN,0,5.99999999999996,2,1,65,0.5
775,37287.353242,37286.080242,37286.223742,37287.353242,37294.702742,1,NaN,0,5.99999999999996,2,1,65,0.5
776,37300.098742,37299.344742,37299.583242,37300.098742,37303.331242,1,NaN,0,5.99999999999996,2,1,65,0.5
777,37310.292742,37308.838242,37308.883242,37310.292742,37331.726242,1,NaN,0,5.99999999999996,2,1,65,0.5
778,37333.336742,37332.712742,37332.812242,37333.336742,37333.955242,1,NaN,0,5.99999999999996,2,1,65,0.5
779,37349.637242,37348.729742,37349.022242,37349.637242,37392.248242,1,NaN,0,5.99999999999996,2,1,65,0.5
780,37394.774742,37393.974242,37394.038242,37394.774742,37395.747742,0,NaN,0,7.00000000000003,1,2,66,0.5
781,37422.062242,37421.504742,37421.618242,37422.062242,37427.784242,1,NaN,0,5.99999999999996,2,1,65,0.5
782,37431.043242,37430.214742,37430.306742,37431.043242,37431.104742,0,NaN,0,7.00000000000003,1,2,66,0.5
783,37439.386742,37438.441742,37438.862242,37439.383742,37442.204242,1,2.99999999999994,0.0299999999999997,7.00000000000003,1,2,66,0.5
784,37449.063742,37447.908742,37448.100242,37449.061242,37454.593242,0,2.99999999999994,0.0299999999999997,5.99999999999996,2,1,65,0.5
785,37457.563742,37456.650742,37456.858742,37457.511242,37460.149242,1,2.99999999999994,0.0299999999999997,7.00000000000003,1,2,66,0.5
786,37462.442242,37461.515742,37461.592242,37462.442242,37469.474742,0,NaN,0,7.00000000000003,1,2,66,0.5
787,37471.845742,37471.149242,37471.245742,37471.845742,37476.836242,0,NaN,0,7.00000000000003,1,2,66,0.5
788,37480.684742,37479.142742,37479.870242,37480.631742,37490.165742,0,2.99999999999994,0.0299999999999997,5.99999999999996,2,1,65,0.5
789,37492.780742,37491.937242,37492.043742,37492.728242,37495.973742,1,2.99999999999994,0.0299999999999997,7.00000000000003,1,2,66,0.5
790,37498.140742,37497.380242,37497.558242,37498.140742,37503.834742,0,NaN,0,7.00000000000003,1,2,66,0.5
791,37505.870242,37505.057242,37505.248242,37505.870242,37505.883742,0,NaN,0,7.00000000000003,1,2,66,0.5
792,37514.789242,37513.659742,37514.001242,37514.736242,37517.024242,1,2.99999999999994,0.0299999999999997,7.00000000000003,1,2,66,0.5
793,37522.386242,37521.397242,37521.856742,37522.386242,37527.108242,0,NaN,0,7.00000000000003,1,2,66,0.5
794,37530.415742,37529.446742,37529.585242,37530.363742,37534.743242,0,2.99999999999994,0.0299999999999997,5.99999999999996,2,1,65,0.5
795,37538.030242,37537.225242,37537.491242,37538.030242,37543.063742,1,NaN,0,5.99999999999996,2,1,65,0.5
796,37546.420742,37545.634742,37545.800242,37546.420742,37557.253242,1,NaN,0,5.99999999999996,2,1,65,0.5
797,37558.569742,37557.763742,37557.862742,37558.517242,37566.266242,0,2.99999999999994,0.0299999999999997,5.99999999999996,2,1,65,0.5
798,37578.586742,37577.637242,37577.979742,37578.574742,37581.704742,1,2.99999999999994,0.0299999999999997,7.00000000000003,1,2,66,0.5
799,37584.294242,37583.021742,37583.206242,37584.291742,37591.403242,0,2.99999999999994,0.0299999999999997,5.99999999999996,2,1,65,0.5
800,37595.196742,37594.257742,37594.472242,37595.193742,37601.494242,1,2.99999999999994,0.0299999999999997,7.00000000000003,1,2,66,0.5
801,37685.559742,37684.587242,37684.791742,37685.506742,37688.387242,1,2.99999999999994,0.0299999999999997,7.00000000000003,1,2,66,0.5
802,37700.696242,37699.222242,37699.512242,37700.696242,37701.024742,1,NaN,0,5.99999999999996,2,1,65,0.5
803,37707.472742,37706.302742,37706.648242,37707.420742,37710.377742,1,2.99999999999994,0.0299999999999997,7.00000000000003,1,2,66,0.5
804,37717.831742,37716.530742,37716.794742,37717.829242,37720.472742,0,2.99999999999994,0.0299999999999997,5.99999999999996,2,1,65,0.5
805,37723.704242,37722.876742,37723.011242,37723.704242,37724.454742,1,NaN,0,5.99999999999996,2,1,65,0.5
806,37930.339742,37929.470742,37929.673742,37930.339742,37964.845242,1,NaN,0,5.99999999999996,2,1,65,0.5
807,37967.353742,37966.556242,37966.780742,37967.353742,38001.223242,1,NaN,0,5.99999999999996,2,1,65,0.5
808,38003.328742,38002.457242,38002.640242,38003.328742,38003.402242,1,NaN,0,5.99999999999996,2,1,65,0.5
809,38014.173742,38013.155242,38013.360742,38014.173742,38035.982742,1,NaN,0,5.99999999999996,2,1,65,0.5
810,38037.602242,38036.431242,38036.920743,38037.549742,38040.239242,1,2.99999999999994,0.0299999999999997,7.00000000000003,1,2,66,0.5
811,38042.548742,38042.024742,38042.094742,38042.548742,38057.507242,0,NaN,0,7.00000000000003,1,2,66,0.5
812,38060.996742,38059.410742,38059.448742,38060.944742,38067.398742,0,2.99999999999994,0.0299999999999997,5.99999999999996,2,1,65,0.5
813,38071.219742,38070.107242,38070.568242,38071.167742,38075.944242,1,2.99999999999994,0.0299999999999997,7.00000000000003,1,2,66,0.5
814,38088.006242,38087.019242,38087.342242,38088.003742,38090.905742,1,2.99999999999994,0.0299999999999997,7.00000000000003,1,2,66,0.5
815,38093.227242,38092.125742,38092.206742,38093.174742,38102.881242,0,2.99999999999994,0.0299999999999997,5.99999999999996,2,1,65,0.5
816,38105.321742,38104.428742,38104.595242,38105.321742,38109.062742,1,NaN,0,5.99999999999996,2,1,65,0.5
817,38116.303242,38111.627742,38112.008742,38116.249742,38121.164242,0,2.99999999999994,0.0299999999999997,5.99999999999996,2,1,65,0.5
818,38124.757242,38122.048242,38123.912242,38124.757242,38138.899742,1,NaN,0,5.99999999999996,2,1,65,0.5
819,38142.880242,38141.382242,38142.057742,38142.880242,38143.135242,0,NaN,0,7.00000000000003,1,2,66,0.5
820,38149.804242,38148.640242,38149.036742,38149.804242,38154.369242,1,NaN,0,5.99999999999996,2,1,65,0.5
821,38156.782242,38155.432242,38156.109242,38156.729742,38160.109742,1,2.99999999999994,0.0299999999999997,7.00000000000003,1,2,66,0.5
822,38162.456242,38161.351242,38161.638242,38162.403242,38170.030242,0,2.99999999999994,0.0299999999999997,5.99999999999996,2,1,65,0.5
823,38172.348742,38171.086742,38171.616242,38172.346242,38175.817242,1,2.99999999999994,0.0299999999999997,7.00000000000003,1,2,66,0.5
824,38178.328742,38177.096242,38177.253242,38178.326242,38186.026242,0,2.99999999999994,0.0299999999999997,5.99999999999996,2,1,65,0.5
825,38188.291742,38187.162242,38187.428742,38188.291742,38192.365242,1,NaN,0,5.99999999999996,2,1,65,0.5
826,38195.953242,38194.744742,38194.956742,38195.953242,38272.796742,1,NaN,0,5.99999999999996,2,1,65,0.5
827,38294.294742,38293.332242,38293.619242,38294.294742,38301.376742,1,NaN,0,5.99999999999996,2,1,65,0.5
828,38340.036242,38338.826742,38339.306242,38339.983242,38342.575242,1,2.99999999999994,0.0299999999999997,7.00000000000003,1,2,66,0.5
829,38345.926742,38344.708242,38345.041242,38345.873742,38351.034242,0,2.99999999999994,0.0299999999999997,5.99999999999996,2,1,65,0.5
830,38358.754242,38355.590742,38355.872742,38358.701242,38389.590742,0,2.99999999999994,0.0299999999999997,5.99999999999996,2,1,65,0.5
831,38395.811242,38394.953742,38395.193242,38395.811242,38432.939242,1,NaN,0,5.99999999999996,2,1,65,0.5
832,38482.022742,38480.819742,38480.897242,38481.969742,38486.680242,1,2.99999999999994,0.0299999999999997,7.00000000000003,1,2,66,0.5
833,38492.542242,38491.636742,38491.704742,38492.510242,38500.286742,0,2.99999999999994,0.0299999999999997,5.99999999999996,2,1,65,0.5
834,38502.229742,38501.212242,38501.405242,38502.226742,38508.188242,1,2.99999999999994,0.0299999999999997,7.00000000000003,1,2,66,0.5
835,38511.293242,38510.176242,38510.508242,38511.240742,38514.390742,1,2.99999999999994,0.0299999999999997,7.00000000000003,1,2,66,0.5
836,38516.716242,38515.606242,38515.859242,38516.716242,38520.454242,0,NaN,0,7.00000000000003,1,2,66,0.5
837,38523.840242,38522.868242,38522.972742,38523.837742,38532.886242,0,2.99999999999994,0.0299999999999997,5.99999999999996,2,1,65,0.5
838,38535.021242,38533.781742,38534.295242,38535.018242,38542.207242,1,2.99999999999994,0.0299999999999997,7.00000000000003,1,2,66,0.5
839,38544.316242,38543.158742,38543.511742,38544.313742,38548.120742,1,2.99999999999994,0.0299999999999997,7.00000000000003,1,2,66,0.5
840,38550.171742,38549.229742,38549.344242,38550.171742,38555.571242,0,NaN,0,7.00000000000003,1,2,66,0.5
841,38558.466742,38556.960242,38557.089242,38558.414242,38564.448242,0,2.99999999999994,0.0299999999999997,5.99999999999996,2,1,65,0.5
842,38566.445242,38565.610742,38565.837742,38566.392742,38627.151742,1,2.99999999999994,0.0299999999999997,7.00000000000003,1,2,66,0.5
843,38629.449242,38628.201242,38628.241742,38629.396242,38632.732742,1,2.99999999999994,0.0299999999999997,7.00000000000003,1,2,66,0.5
844,38641.028742,38639.796742,38639.891242,38640.976242,38645.421242,0,2.99999999999994,0.0299999999999997,5.99999999999996,2,1,65,0.5
845,38647.362242,38646.420742,38646.615742,38647.360242,38652.721242,1,2.99999999999994,0.0299999999999997,7.00000000000003,1,2,66,0.5
846,38654.955242,38653.737242,38653.811242,38654.903242,38661.098242,0,2.99999999999994,0.0299999999999997,5.99999999999996,2,1,65,0.5
847,38663.266742,38661.900742,38662.157242,38663.266742,38664.145242,1,NaN,0,5.99999999999996,2,1,65,0.5
848,38781.069242,38779.817242,38780.198742,38781.016742,38787.767242,1,2.99999999999994,0.0299999999999997,7.00000000000003,1,2,66,0.5
849,38797.333742,38796.399242,38796.588742,38797.280742,38800.071242,1,2.99999999999994,0.0299999999999997,7.00000000000003,1,2,66,0.5
850,38803.522242,38802.432242,38802.487742,38803.469242,38807.411242,0,2.99999999999994,0.0299999999999997,5.99999999999996,2,1,65,0.5
851,38810.419742,38809.430242,38809.658742,38810.419742,38811.071242,1,NaN,0,5.99999999999996,2,1,65,0.5
852,38820.368242,38818.864742,38819.133242,38820.368242,38820.627742,1,NaN,0,5.99999999999996,2,1,65,0.5
853,38840.824742,38831.067242,38831.312742,38840.274242,NaN,0,NaN,0,5.99999999999996,2,1,65,0.5
854,38848.614742,38847.592242,38847.957742,38848.562242,38851.290242,1,2.99999999999994,0.0299999999999997,7.00000000000003,1,2,66,0.5
855,38853.837742,38852.638742,38852.767742,38853.837742,38854.224242,0,NaN,0,7.00000000000003,1,2,66,0.5
856,38912.565742,38911.628242,38911.934742,38912.562742,38919.266242,1,2.99999999999994,0.0299999999999997,7.00000000000003,1,2,66,0.5
857,38920.862242,38919.975242,38920.305242,38920.850742,38934.672742,1,2.99999999999994,0.0299999999999997,7.00000000000003,1,2,66,0.5
858,38936.999242,38935.547742,38935.768742,38936.999242,38937.394242,1,NaN,0,5.99999999999996,2,1,65,0.5
859,38953.412742,38952.488242,38952.823242,38953.412742,38953.964242,1,NaN,0,5.99999999999996,2,1,65,0.5
860,38973.690742,38972.685242,38972.877742,38973.690742,38988.274242,0,NaN,0,7.00000000000003,1,2,66,0.5
861,38989.953242,38988.899742,38988.936242,38989.953242,38999.143242,0,NaN,0,7.00000000000003,1,2,66,0.5
862,39002.707242,39001.756242,39002.151242,39002.707242,39002.748742,1,NaN,0,5.99999999999996,2,1,65,0.5
863,39089.965242,39088.928742,39089.266242,39089.912742,39100.687242,1,2.99999999999994,0.0299999999999997,7.00000000000003,1,2,66,0.5
864,39117.470242,39104.849242,39105.095742,NaN,NaN,NaN,NaN,0,5.99999999999996,2,1,65,0.5
865,39165.770742,39164.460242,39164.773742,39165.770742,39252.006242,1,NaN,0,5.99999999999996,2,1,65,0.5
866,39265.809242,39264.799742,39265.053742,39265.809242,NaN,1,NaN,0,5.99999999999996,2,1,65,0.5
