trial,outcome,center_in,center_out,side_in,last_side_out,actions,reward,trial_types,odors,port_side,schedule,odor_name,odor_dur
1,2548.500753,2547.555753,2547.798754,2548.500753,2556.201252,0,NaN,0,8.00000000000001,1,2,66,0.5
2,2557.423753,2556.788252,2556.839253,2557.423753,2561.644753,1,NaN,0,8.99999999999999,2,1,65,0.5
3,2565.446252,2564.442255,2564.458255,2565.446252,2573.912753,1,NaN,0,8.99999999999999,2,1,65,0.5
4,2577.071753,2576.558253,2576.634253,2577.071753,2592.302752,0,NaN,0,8.00000000000001,1,2,66,0.5
5,2593.648754,2592.924752,2592.981253,2593.595754,2605.978248,1,1.99999999999996,0.0200000000000003,8.00000000000001,1,2,66,0.5
6,2606.988757,2606.475253,2606.516253,2606.988757,2610.743252,0,NaN,0,8.00000000000001,1,2,66,0.5
7,2615.672253,2614.828252,2615.183252,2615.672253,2624.220752,0,NaN,0,8.00000000000001,1,2,66,0.5
8,2625.853753,2624.773753,2625.153253,2625.752252,2649.916752,1,NaN,0.00999999999999943,8.00000000000001,0,2,66,0.5
9,2657.322753,2656.192252,2656.693753,2657.270253,2670.051752,0,1.99999999999996,0.0200000000000003,8.99999999999999,2,1,65,0.5
10,2671.293752,2670.640255,2670.766263,2671.293752,2675.475754,1,NaN,0,8.99999999999999,2,1,65,0.5
11,2682.144752,2681.203753,2681.564753,2682.144752,2687.580753,1,NaN,0,8.99999999999999,2,1,65,0.5
12,2688.860253,2688.100752,2688.339252,2688.857752,2695.739252,1,1.99999999999996,0.0200000000000003,8.00000000000001,1,2,66,0.5
13,2696.937254,2696.175253,2696.450257,2696.937254,2700.108253,1,NaN,0,8.99999999999999,2,1,65,0.5
14,2716.660252,2715.615253,2715.962253,2716.660252,2723.120753,0,NaN,0,8.00000000000001,1,2,66,0.5
15,2727.154753,2724.358753,2724.740254,2727.101753,2731.817253,0,1.99999999999996,0.0200000000000003,8.99999999999999,2,1,65,0.5
16,2734.023253,2733.145753,2733.466253,2734.023253,2745.117253,0,NaN,0,8.00000000000001,1,2,66,0.5
17,2760.335253,2755.659753,2756.088253,2760.335253,2763.361754,1,NaN,0,8.99999999999999,2,1,65,0.5
18,2772.992753,2772.117254,2772.451253,2772.992753,2783.564753,1,NaN,0,8.99999999999999,2,1,65,0.5
19,2785.118753,2784.052257,2784.488752,2785.118753,2794.255253,1,NaN,0,8.99999999999999,2,1,65,0.5
20,2795.736753,2794.846253,2795.087252,2795.683753,2797.871253,1,1.99999999999996,0.0200000000000003,8.00000000000001,1,2,66,0.5
21,2799.310252,2798.350252,2798.754753,2799.257253,2804.272253,0,1.99999999999996,0.0200000000000003,8.99999999999999,2,1,65,0.5
22,2806.550252,2805.727753,2806.027253,2806.550252,2816.360253,1,NaN,0,8.99999999999999,2,1,65,0.5
23,2824.473752,2823.682253,2823.911253,2824.473752,2835.526753,1,NaN,0,8.99999999999999,2,1,65,0.5
24,2836.665252,2835.937752,2836.240752,2836.665252,2841.764753,0,NaN,0,8.00000000000001,1,2,66,0.5
25,2843.375753,2842.187754,2842.483253,2843.375753,2858.219753,1,NaN,0,8.99999999999999,2,1,65,0.5
26,2860.409253,2859.733253,2859.877752,2860.409253,2869.560252,1,NaN,0,8.99999999999999,2,1,65,0.5
27,2873.648753,2870.409753,2871.624757,2873.595257,2877.009253,0,1.99999999999996,0.0200000000000003,8.99999999999999,2,1,65,0.5
28,2879.308753,2878.203252,2878.464256,2879.255753,2891.855253,1,1.99999999999996,0.0200000000000003,8.00000000000001,1,2,66,0.5
29,2895.957253,2893.017254,2893.193252,2895.904753,2907.573252,0,1.99999999999996,0.0200000000000003,8.99999999999999,2,1,65,0.5
30,2910.916754,2910.091253,2910.244755,2910.916754,2926.937752,1,NaN,0,8.99999999999999,2,1,65,0.5
31,2928.513253,2927.534752,2927.961253,2928.513253,2932.638753,0,NaN,0,8.00000000000001,1,2,66,0.5
32,2935.659253,2934.735253,2934.943253,2935.606255,2939.202253,1,1.99999999999996,0.0200000000000003,8.00000000000001,1,2,66,0.5
33,2942.822752,2941.730253,2942.098254,2942.769252,2947.139253,1,1.99999999999996,0.0200000000000003,8.00000000000001,1,2,66,0.5
34,2949.851752,2948.780753,2949.187753,2949.798753,2954.381253,0,1.99999999999996,0.0200000000000003,8.99999999999999,2,1,65,0.5
35,2956.578253,2955.733253,2955.877755,2956.525253,2959.096252,1,1.99999999999996,0.0200000000000003,8.00000000000001,1,2,66,0.5
36,2960.692753,2959.984254,2960.106747,2960.639752,2969.604753,0,1.99999999999996,0.0200000000000003,8.99999999999999,2,1,65,0.5
37,2979.236754,2978.276753,2978.535752,2979.236754,2980.142252,0,NaN,0,8.00000000000001,1,2,66,0.5
38,2989.168253,2986.545752,2986.802253,2989.115253,3001.560253,0,1.99999999999996,0.0200000000000003,8.99999999999999,2,1,65,0.5
39,3010.498253,3009.419752,3009.835252,3010.498253,3015.124253,0,NaN,0,8.00000000000001,1,2,66,0.5
40,3019.692253,3018.965253,3019.190753,3019.692253,3024.680752,0,NaN,0,8.00000000000001,1,2,66,0.5
41,3025.928753,3025.172252,3025.397253,3025.928753,3032.167252,0,NaN,0,8.00000000000001,1,2,66,0.5
42,3035.736757,3035.118252,3035.194753,3035.736757,3057.811753,1,NaN,0,8.99999999999999,2,1,65,0.5
43,3060.150253,3058.882253,3059.365753,3060.150253,3070.715752,1,NaN,0,8.99999999999999,2,1,65,0.5
44,3078.886757,3074.190752,3075.890752,3078.885253,3094.87675,0,NaN,0.00999999999999943,8.99999999999999,0,1,65,0.5
45,3096.918753,3095.910254,3096.251753,3096.866257,3104.024252,1,1.99999999999996,0.0200000000000003,8.00000000000001,1,2,66,0.5
46,3105.336753,3104.457752,3104.731754,3105.334752,3110.387757,0,1.99999999999996,0.0200000000000003,8.99999999999999,2,1,65,0.5
47,3112.811252,3111.924753,3112.005752,3112.808753,3121.191253,0,1.99999999999996,0.0200000000000003,8.99999999999999,2,1,65,0.5
48,3122.180255,3121.709753,3121.780753,3122.180255,3128.012752,0,NaN,0,8.00000000000001,1,2,66,0.5
49,3129.480253,3128.585254,3128.879252,3129.427752,3133.783252,0,1.99999999999996,0.0200000000000003,8.99999999999999,2,1,65,0.5
50,3135.643753,3135.020253,3135.193752,3135.605753,3142.802753,0,1.99999999999996,0.0200000000000003,8.99999999999999,2,1,65,0.5
51,3143.865752,3143.308252,3143.452253,3143.865752,3149.617753,0,NaN,0,8.00000000000001,1,2,66,0.5
52,3151.174752,3150.584252,3150.768755,3151.174752,3155.632252,0,NaN,0,8.00000000000001,1,2,66,0.5
53,3158.209252,3157.518753,3157.763253,3158.209252,3164.784253,0,NaN,0,8.00000000000001,1,2,66,0.5
54,3166.834253,3166.157753,3166.309255,3166.834253,3173.464252,0,NaN,0,8.00000000000001,1,2,66,0.5
55,3174.982253,3174.017752,3174.264254,3174.980252,3178.426252,1,1.99999999999996,0.0200000000000003,8.00000000000001,1,2,66,0.5
56,3181.759257,3179.873253,3180.048752,3181.757252,3184.099757,0,1.99999999999996,0.0200000000000003,8.99999999999999,2,1,65,0.5
57,3186.062753,3184.872753,3185.010253,3186.010253,3190.308253,1,1.99999999999996,0.0200000000000003,8.00000000000001,1,2,66,0.5
58,3191.913753,3190.775253,3190.985254,3191.913753,3198.274252,1,NaN,0,8.99999999999999,2,1,65,0.5
59,3202.156754,3201.310753,3201.522752,3202.156754,3208.681253,1,NaN,0,8.99999999999999,2,1,65,0.5
60,3210.326254,3209.475252,3209.665755,3210.323254,3214.092252,1,1.99999999999996,0.0200000000000003,8.00000000000001,1,2,66,0.5
61,3216.164752,3215.298252,3215.417754,3216.162253,3221.845247,0,1.99999999999996,0.0200000000000003,8.99999999999999,2,1,65,0.5
62,3227.926253,3224.263752,3224.478753,3227.926253,3239.954753,1,NaN,0,8.99999999999999,2,1,65,0.5
63,3241.471257,3240.519757,3240.720257,3241.471257,3246.987252,1,NaN,0,8.99999999999999,2,1,65,0.5
64,3248.441752,3247.572253,3247.762754,3248.388752,3253.884753,1,1.99999999999996,0.0200000000000003,8.00000000000001,1,2,66,0.5
65,3256.796253,3254.366253,3254.540753,3256.743252,3271.364752,1,1.99999999999996,0.0200000000000003,8.00000000000001,1,2,66,0.5
66,3273.338752,3272.067752,3272.444252,3273.336253,3279.179253,0,1.99999999999996,0.0200000000000003,8.99999999999999,2,1,65,0.5
67,3281.267253,3279.775253,3279.915255,3281.214753,3286.273253,0,1.99999999999996,0.0200000000000003,8.99999999999999,2,1,65,0.5
68,3288.175752,3287.541257,3287.680757,3288.175752,3293.759753,0,NaN,0,8.00000000000001,1,2,66,0.5
69,3294.748753,3294.205753,3294.373753,3294.748753,3302.158257,0,NaN,0,8.00000000000001,1,2,66,0.5
70,3303.502753,3302.708753,3302.896255,3303.501753,3310.253253,0,NaN,0.00999999999999943,8.99999999999999,0,1,65,0.5
71,3311.538752,3310.727252,3311.012252,3311.538752,3323.425752,1,NaN,0,8.99999999999999,2,1,65,0.5
72,3324.700753,3323.840253,3324.106252,3324.700753,3455.898253,1,NaN,0,8.99999999999999,2,1,65,0.5
73,3466.294252,3462.364752,3462.850253,3466.241253,3480.290754,0,1.99999999999996,0.0200000000000003,8.99999999999999,2,1,65,0.5
74,3481.626753,3480.873253,3480.974754,3481.626753,3485.324753,1,NaN,0,8.99999999999999,2,1,65,0.5
75,3488.317253,3487.367253,3487.641252,3488.264253,3492.092752,1,1.99999999999996,0.0200000000000003,8.00000000000001,1,2,66,0.5
76,3507.745257,3497.123753,3497.213253,NaN,3543.880752,NaN,NaN,0,8.00000000000001,1,2,66,0.5
77,3545.411753,3544.471253,3544.683753,3545.409252,3550.399755,1,1.99999999999996,0.0200000000000003,8.00000000000001,1,2,66,0.5
78,3552.724753,3551.829752,3552.119753,3552.724753,3557.550252,1,NaN,0,8.99999999999999,2,1,65,0.5
79,3559.091252,3558.286252,3558.435752,3559.037753,3563.126753,1,1.99999999999996,0.0200000000000003,8.00000000000001,1,2,66,0.5
80,3564.561753,3563.749256,3563.901752,3564.508753,3579.417253,1,1.99999999999996,0.0200000000000003,8.00000000000001,1,2,66,0.5
81,3580.786753,3579.960752,3580.095753,3580.733753,3587.783755,0,1.99999999999996,0.0200000000000003,8.99999999999999,2,1,65,0.5
82,3589.407253,3588.453252,3588.703252,3589.407253,3592.634753,1,NaN,0,8.99999999999999,2,1,65,0.5
83,3595.638752,3594.839753,3595.024752,3595.638752,3601.005247,1,NaN,0,8.99999999999999,2,1,65,0.5
84,3604.384252,3603.033753,3603.479252,3604.384252,3615.429753,1,NaN,0,8.99999999999999,2,1,65,0.5
85,3619.235753,3618.411253,3618.539253,3619.182253,3624.920253,1,1.99999999999996,0.0200000000000003,8.00000000000001,1,2,66,0.5
86,3642.733755,3640.280755,3640.662254,3642.680757,3649.910753,0,1.99999999999996,0.0200000000000003,8.99999999999999,2,1,65,0.5
87,3652.049753,3650.463253,3650.658753,3651.996753,3656.604753,0,1.99999999999996,0.0200000000000003,8.99999999999999,2,1,65,0.5
88,3659.065753,3658.144753,3658.544255,3659.065753,3668.358253,0,NaN,0,8.00000000000001,1,2,66,0.5
89,3671.154752,3670.211755,3670.269753,3671.102752,3674.012253,1,1.99999999999996,0.0200000000000003,8.00000000000001,1,2,66,0.5
90,3675.629253,3674.774752,3674.961254,3675.629253,3680.693253,1,NaN,0,8.99999999999999,2,1,65,0.5
91,3682.250752,3681.353753,3681.508254,3682.197753,3686.601755,1,1.99999999999996,0.0200000000000003,8.00000000000001,1,2,66,0.5
92,3688.389253,3687.639752,3687.799752,3688.389253,3693.333253,1,NaN,0,8.99999999999999,2,1,65,0.5
93,3696.508252,3695.635753,3695.836252,3696.455252,3828.461752,1,1.99999999999996,0.0200000000000003,8.00000000000001,1,2,66,0.5
94,3836.521253,3831.184253,3831.951752,3836.468252,3854.282752,0,1.99999999999996,0.0200000000000003,8.99999999999999,2,1,65,0.5
95,3855.765252,3854.687752,3854.992757,3855.765252,3860.507753,1,NaN,0,8.99999999999999,2,1,65,0.5
96,3863.066252,3862.211257,3862.363252,3863.066252,3868.956753,1,NaN,0,8.99999999999999,2,1,65,0.5
97,3870.535253,3869.501252,3869.706754,3870.532753,3875.125253,1,1.99999999999996,0.0200000000000003,8.00000000000001,1,2,66,0.5
98,3877.362253,3876.581753,3876.677752,3877.361253,3877.838755,1,NaN,0.00999999999999943,8.00000000000001,0,2,66,0.5
99,3885.840753,3884.910253,3885.124252,3885.840753,3928.890752,1,NaN,0,8.99999999999999,2,1,65,0.5
100,3930.340253,3929.432253,3929.732255,3930.340253,3936.793258,0,NaN,0,8.00000000000001,1,2,66,0.5
101,3952.857752,3951.787255,3952.043753,3952.857752,3964.821752,1,NaN,0,8.99999999999999,2,1,65,0.5
102,3979.281253,3977.869752,3978.060757,3979.281253,3984.580753,1,NaN,0,8.99999999999999,2,1,65,0.5
103,3986.022253,3985.141253,3985.355752,3985.969255,3992.791752,1,1.99999999999996,0.0200000000000003,8.00000000000001,1,2,66,0.5
104,3994.708753,3994.056754,3994.102252,3994.708753,4002.224254,1,NaN,0,8.99999999999999,2,1,65,0.5
105,4003.636753,4002.719252,4002.950753,4003.584253,4008.408253,1,1.99999999999996,0.0200000000000003,8.00000000000001,1,2,66,0.5
106,4012.248752,4011.215252,4011.625253,4012.248752,4018.653254,1,NaN,0,8.99999999999999,2,1,65,0.5
107,4020.024752,4019.144753,4019.371252,4020.024752,4026.056254,1,NaN,0,8.99999999999999,2,1,65,0.5
108,4028.850753,4027.176253,4028.323257,4028.850753,4036.745752,0,NaN,0,8.00000000000001,1,2,66,0.5
109,4062.516752,4061.433753,4061.801753,4062.516752,4068.059248,1,NaN,0,8.99999999999999,2,1,65,0.5
110,4069.276754,4068.691753,4068.837253,4069.276754,4074.812753,1,NaN,0,8.99999999999999,2,1,65,0.5
111,4077.279753,4076.360253,4076.626253,4077.276753,4079.966253,1,1.99999999999996,0.0200000000000003,8.00000000000001,1,2,66,0.5
112,4090.142253,4089.024753,4089.336755,4090.089752,4094.914253,1,1.99999999999996,0.0200000000000003,8.00000000000001,1,2,66,0.5
113,4096.416753,4095.448253,4095.700753,4096.385253,4101.712257,1,NaN,0.00999999999999943,8.00000000000001,0,2,66,0.5
114,4104.642253,4103.731252,4103.960752,4104.590252,4111.356753,1,1.99999999999996,0.0200000000000003,8.00000000000001,1,2,66,0.5
115,4112.759253,4111.995253,4112.272753,4112.759253,4121.499752,1,NaN,0,8.99999999999999,2,1,65,0.5
116,4122.932253,4122.344753,4122.469247,4122.932253,4129.500752,1,NaN,0,8.99999999999999,2,1,65,0.5
117,4130.781753,4130.035257,4130.335257,4130.781753,4136.158747,1,NaN,0,8.99999999999999,2,1,65,0.5
118,4137.325252,4136.614752,4136.797252,4137.325252,4291.754252,1,NaN,0,8.99999999999999,2,1,65,0.5
119,4294.947755,4292.584253,4292.907253,4294.895253,4331.441253,0,1.99999999999996,0.0200000000000003,8.99999999999999,2,1,65,0.5
120,4333.690252,4332.378253,4332.466252,4333.690252,4342.113253,0,NaN,0,8.00000000000001,1,2,66,0.5
121,4344.965255,4343.120753,4343.441253,4344.913253,4348.498752,0,1.99999999999996,0.0200000000000003,8.99999999999999,2,1,65,0.5
122,4349.980256,4349.128753,4349.308255,4349.980256,4355.716752,1,NaN,0,8.99999999999999,2,1,65,0.5
123,4359.390757,4358.383253,4358.682253,4359.337753,4363.566753,1,1.99999999999996,0.0200000000000003,8.00000000000001,1,2,66,0.5
124,4364.796253,4364.030752,4364.197252,4364.793253,4366.816752,1,1.99999999999996,0.0200000000000003,8.00000000000001,1,2,66,0.5
125,4368.548247,4367.954752,4368.063755,4368.548247,4374.562253,1,NaN,0,8.99999999999999,2,1,65,0.5
126,4376.319252,4375.632752,4375.766253,4376.319252,4383.016255,1,NaN,0,8.99999999999999,2,1,65,0.5
127,4384.471253,4383.556753,4383.653254,4384.418752,4388.233753,1,2.99999999999994,0.0299999999999997,8.00000000000001,1,2,66,0.5
128,4389.724253,4388.893253,4389.190252,4389.724253,4404.182757,1,NaN,0,8.99999999999999,2,1,65,0.5
129,4410.384253,4406.752752,4407.727252,4410.381253,4415.051753,0,2.99999999999994,0.0299999999999997,8.99999999999999,2,1,65,0.5
130,4416.632753,4416.032252,4416.138252,4416.579753,4421.888253,0,2.99999999999994,0.0299999999999997,8.99999999999999,2,1,65,0.5
131,4423.116753,4422.615253,4422.720754,4423.116753,4429.463253,0,NaN,0,8.00000000000001,1,2,66,0.5
132,4430.507752,4429.918252,4430.082255,4430.507752,4439.003252,1,NaN,0,8.99999999999999,2,1,65,0.5
133,4441.911257,4440.967252,4441.249757,4441.857753,4446.441752,1,2.99999999999994,0.0299999999999997,8.00000000000001,1,2,66,0.5
134,4451.089252,4450.282252,4450.474753,4451.089252,4456.525753,1,NaN,0,8.99999999999999,2,1,65,0.5
135,4457.952253,4457.028254,4457.348253,4457.952253,4464.256752,1,NaN,0,8.99999999999999,2,1,65,0.5
136,4465.524253,4464.788753,4464.980253,4465.524253,4471.599252,1,NaN,0,8.99999999999999,2,1,65,0.5
137,4472.885253,4472.077753,4472.276755,4472.885253,4478.350754,1,NaN,0,8.99999999999999,2,1,65,0.5
138,4480.307253,4479.341753,4479.608752,4480.254752,4482.962752,1,2.99999999999994,0.0299999999999997,8.00000000000001,1,2,66,0.5
139,4484.743252,4484.158253,4484.318754,4484.743252,4489.905752,1,NaN,0,8.99999999999999,2,1,65,0.5
140,4494.502253,4493.319753,4493.478753,4494.501253,4500.698252,1,NaN,0.00999999999999943,8.00000000000001,0,2,66,0.5
141,4501.799753,4501.145753,4501.377752,4501.799753,4506.136256,1,NaN,0,8.99999999999999,2,1,65,0.5
142,4509.493254,4508.438752,4508.852753,4509.440753,4514.271257,0,2.99999999999994,0.0299999999999997,8.99999999999999,2,1,65,0.5
143,4515.516253,4514.809752,4515.036253,4515.463753,4519.308752,0,2.99999999999994,0.0299999999999997,8.99999999999999,2,1,65,0.5
144,4520.507753,4519.915753,4520.024252,4520.455252,4524.095753,0,2.99999999999994,0.0299999999999997,8.99999999999999,2,1,65,0.5
145,4525.386752,4524.940252,4525.054752,4525.386752,4531.007752,0,NaN,0,8.00000000000001,1,2,66,0.5
146,4532.098753,4531.500747,4531.69075,4532.098753,4537.237257,0,NaN,0,8.00000000000001,1,2,66,0.5
147,4538.493753,4537.697753,4537.933752,4538.493753,4544.328752,1,NaN,0,8.99999999999999,2,1,65,0.5
148,4545.945253,4545.182757,4545.359752,4545.945253,4552.291252,1,NaN,0,8.99999999999999,2,1,65,0.5
149,4554.672753,4553.849253,4554.033253,4554.670253,4558.823752,1,2.99999999999994,0.0299999999999997,8.00000000000001,1,2,66,0.5
150,4560.011757,4559.268753,4559.508753,4560.011757,4566.305253,1,NaN,0,8.99999999999999,2,1,65,0.5
151,4567.631752,4566.734253,4566.968252,4567.530252,4572.642757,0,NaN,0.00999999999999943,8.99999999999999,0,1,65,0.5
152,4573.866753,4573.144754,4573.382257,4573.866753,4579.509253,0,NaN,0,8.00000000000001,1,2,66,0.5
153,4583.192253,4582.120752,4582.363752,4583.190252,4589.566252,1,2.99999999999994,0.0299999999999997,8.00000000000001,1,2,66,0.5
154,4590.723757,4589.926752,4590.109255,4590.721252,4596.106754,1,2.99999999999994,0.0299999999999997,8.00000000000001,1,2,66,0.5
155,4598.238252,4597.411753,4597.521753,4598.238252,4604.042757,1,NaN,0,8.99999999999999,2,1,65,0.5
156,4605.193757,4604.445253,4604.604756,4605.191252,4609.318252,1,2.99999999999994,0.0299999999999997,8.00000000000001,1,2,66,0.5
157,4611.858253,4610.960752,4611.206753,4611.858253,4617.429254,1,NaN,0,8.99999999999999,2,1,65,0.5
158,4650.610255,4649.764253,4650.031252,4650.610255,4656.463753,0,NaN,0,8.00000000000001,1,2,66,0.5
159,4657.912752,4656.905253,4657.248253,4657.810752,4664.668253,1,NaN,0.00999999999999943,8.00000000000001,0,2,66,0.5
160,4666.307753,4665.573252,4665.841753,4666.307753,4672.172253,1,NaN,0,8.99999999999999,0,1,65,0.5
161,4673.209752,4672.762253,4672.801752,4673.209752,4679.421253,1,NaN,0,8.99999999999999,2,1,65,0.5
162,4682.057252,4681.515253,4681.539753,4682.057252,4687.194253,1,NaN,0,8.99999999999999,2,1,65,0.5
163,4688.834253,4687.726253,4688.096753,4688.834253,4693.782253,1,NaN,0,8.99999999999999,2,1,65,0.5
164,4696.066253,4694.882252,4695.410253,4696.013253,4700.469253,1,2.99999999999994,0.0299999999999997,8.00000000000001,1,2,66,0.5
165,4701.865254,4700.936252,4701.319253,4701.865254,4713.544253,1,NaN,0,8.99999999999999,2,1,65,0.5
166,4714.722753,4713.965755,4714.165253,4714.670253,4719.404252,1,2.99999999999994,0.0299999999999997,8.00000000000001,1,2,66,0.5
167,4723.707754,4722.348753,4722.544259,4723.707754,4741.405254,1,NaN,0,8.99999999999999,2,1,65,0.5
168,4742.526753,4741.905252,4742.076755,4742.507753,4748.788253,0,NaN,0.00999999999999943,8.99999999999999,0,1,65,0.5
169,4750.233253,4749.294253,4749.572253,4750.233253,4756.781253,1,NaN,0,8.99999999999999,2,1,65,0.5
170,4758.532753,4757.797255,4757.935753,4758.532753,4767.777752,1,NaN,0,8.99999999999999,2,1,65,0.5
171,4769.112253,4768.268753,4768.536257,4769.112253,4774.092252,1,NaN,0,8.99999999999999,2,1,65,0.5
172,4777.987253,4775.819253,4776.046253,4777.984752,4794.288752,0,2.99999999999994,0.0299999999999997,8.99999999999999,2,1,65,0.5
173,4796.720253,4795.827252,4796.109753,4796.619252,4802.332758,0,NaN,0.00999999999999943,8.99999999999999,0,1,65,0.5
174,4803.759256,4802.835253,4803.130752,4803.705752,4807.847252,1,2.99999999999994,0.0299999999999997,8.00000000000001,1,2,66,0.5
175,4809.772755,4808.974253,4809.246257,4809.772755,4811.780254,1,NaN,0,8.99999999999999,2,1,65,0.5
176,4818.987252,4818.283752,4818.512754,4818.987252,4824.215752,0,NaN,0,8.00000000000001,0,2,66,0.5
177,4825.598253,4824.653753,4824.939753,4825.598253,4832.262252,1,NaN,0,8.99999999999999,2,1,65,0.5
178,4833.595753,4832.915752,4833.189253,4833.595753,4839.296757,1,NaN,0,8.99999999999999,2,1,65,0.5
179,4840.593753,4839.859752,4840.062252,4840.593753,4846.054253,1,NaN,0,8.99999999999999,2,1,65,0.5
180,4847.473253,4846.744753,4846.966253,4847.473253,4897.890253,1,NaN,0,8.99999999999999,2,1,65,0.5
181,4901.805253,4901.075752,4901.179247,4901.805253,4909.524753,1,NaN,0,8.99999999999999,2,1,65,0.5
182,4911.470252,4910.842752,4910.953752,4911.470252,4918.535252,1,NaN,0,8.99999999999999,2,1,65,0.5
183,4921.805253,4921.033753,4921.236253,4921.805253,4936.200252,1,NaN,0,8.99999999999999,2,1,65,0.5
184,4938.388247,4937.303252,4937.789753,4938.388247,4942.472752,0,NaN,0,8.00000000000001,1,2,66,0.5
185,4945.054252,4944.449257,4944.671253,4945.054252,4949.403752,0,NaN,0,8.00000000000001,1,2,66,0.5
186,4952.239253,4951.231253,4951.642256,4952.239253,4958.544753,1,NaN,0,8.99999999999999,2,1,65,0.5
187,4960.116753,4959.080753,4959.486752,4960.063752,4964.097752,1,2.99999999999994,0.0299999999999997,8.00000000000001,1,2,66,0.5
188,4966.040753,4965.350755,4965.533752,4966.040753,4972.518753,1,NaN,0,8.99999999999999,2,1,65,0.5
189,4974.049757,4973.282252,4973.567753,4974.049757,5035.876752,1,NaN,0,8.99999999999999,2,1,65,0.5
190,5039.796252,5038.841253,5039.177753,5039.743253,5044.102753,0,2.99999999999994,0.0299999999999997,8.99999999999999,2,1,65,0.5
191,5045.480257,5044.775253,5044.967252,5045.480257,5051.834253,0,NaN,0,8.00000000000001,1,2,66,0.5
192,5054.883753,5053.407755,5053.606753,5054.882752,5059.931253,1,NaN,0.00999999999999943,8.00000000000001,0,2,66,0.5
193,5061.872755,5060.867252,5061.249254,5061.872755,5068.087753,0,NaN,0,8.00000000000001,1,2,66,0.5
194,5069.206752,5068.503752,5068.749253,5069.206752,5074.931253,0,NaN,0,8.00000000000001,1,2,66,0.5
195,5076.025752,5075.320258,5075.514753,5076.025752,5083.207252,0,NaN,0,8.00000000000001,1,2,66,0.5
196,5085.639753,5084.886253,5085.099252,5085.639753,5086.157252,0,NaN,0,8.00000000000001,1,2,66,0.5
197,5096.941252,5094.991755,5095.012254,5096.941252,5101.483752,0,NaN,0,8.00000000000001,1,2,66,0.5
198,5104.929753,5104.300253,5104.385753,5104.929753,5110.452752,0,NaN,0,8.00000000000001,1,2,66,0.5
199,5112.706753,5111.514752,5111.713752,5112.706753,5150.256752,1,NaN,0,8.99999999999999,2,1,65,0.5
200,5158.787753,5157.801254,5158.122252,5158.735253,5163.411753,1,2.99999999999994,0.0299999999999997,8.00000000000001,1,2,66,0.5
201,5169.661753,5168.687754,5168.975253,5169.661753,5245.761753,1,NaN,0,8.99999999999999,2,1,65,0.5
202,5250.282747,5248.963755,5249.003255,5250.229754,5257.109253,1,2.99999999999994,0.0299999999999997,8.00000000000001,1,2,66,0.5
203,5259.308753,5257.729753,5258.007752,5259.207253,5264.793252,0,NaN,0.00999999999999943,8.99999999999999,0,1,65,0.5
204,5267.999752,5266.977253,5267.218252,5267.999752,5273.676753,1,NaN,0,8.99999999999999,0,1,65,0.5
205,5275.065254,5274.329753,5274.488753,5275.012253,5279.966252,1,2.99999999999994,0.0299999999999997,8.00000000000001,1,2,66,0.5
206,5281.587753,5280.964753,5281.131253,5281.572254,5288.760753,1,2.99999999999994,0.0299999999999997,8.00000000000001,1,2,66,0.5
207,5291.497255,5290.720253,5290.831752,5291.497255,5299.328253,1,NaN,0,8.99999999999999,2,1,65,0.5
208,5300.534257,5299.793252,5300.011253,5300.531753,5304.644752,0,2.99999999999994,0.0299999999999997,8.99999999999999,2,1,65,0.5
209,5307.016752,5305.583252,5305.734253,5307.015253,5311.930253,0,NaN,0.00999999999999943,8.99999999999999,0,1,65,0.5
210,5313.697753,5312.736257,5312.994257,5313.696752,5318.906753,1,NaN,0.00999999999999943,8.00000000000001,0,2,66,0.5
211,5320.380753,5319.438253,5319.672752,5320.279752,5325.442753,0,NaN,0.00999999999999943,8.99999999999999,0,1,65,0.5
212,5326.767252,5325.924252,5326.231752,5326.767252,5591.639253,1,NaN,0,8.99999999999999,2,1,65,0.5
213,5598.380752,5596.858254,5596.996253,5598.380752,5604.568253,1,NaN,0,8.99999999999999,2,1,65,0.5
214,5608.504252,5607.687252,5607.911257,5608.504252,5614.073753,0,NaN,0,8.00000000000001,1,2,66,0.5
215,5618.575752,5615.519753,5616.127253,5618.522753,5623.019753,0,2.99999999999994,0.0299999999999997,8.99999999999999,2,1,65,0.5
216,5624.514752,5623.586252,5623.769252,5624.461253,5670.906753,1,2.99999999999994,0.0299999999999997,8.00000000000001,1,2,66,0.5
217,5672.332753,5671.450252,5671.688253,5672.280253,5676.931253,0,2.99999999999994,0.0299999999999997,8.99999999999999,2,1,65,0.5
218,5678.320753,5677.659252,5677.808253,5678.320753,5685.009753,0,NaN,0,8.00000000000001,1,2,66,0.5
219,5686.895752,5686.155754,5686.239753,5686.893253,5691.508753,1,2.99999999999994,0.0299999999999997,8.00000000000001,1,2,66,0.5
220,5693.083753,5692.262754,5692.441753,5693.083753,5700.449254,1,NaN,0,8.99999999999999,2,1,65,0.5
221,5701.814753,5701.175252,5701.319253,5701.814753,5706.658253,0,NaN,0,8.00000000000001,1,2,66,0.5
222,5708.503752,5707.738753,5707.890252,5708.501253,5723.548253,1,2.99999999999994,0.0299999999999997,8.00000000000001,1,2,66,0.5
223,5726.135252,5725.035754,5725.263253,5726.082747,5733.673753,1,2.99999999999994,0.0299999999999997,8.00000000000001,1,2,66,0.5
224,5735.808253,5734.957752,5735.099752,5735.808253,5741.632252,0,NaN,0,8.00000000000001,1,2,66,0.5
225,5744.330252,5743.703757,5743.893757,5744.330252,5751.091753,0,NaN,0,8.00000000000001,1,2,66,0.5
226,5752.678254,5751.822752,5752.037253,5752.625752,5758.007752,0,2.99999999999994,0.0299999999999997,8.99999999999999,2,1,65,0.5
227,5759.690753,5758.949752,5759.092257,5759.690753,5767.510252,0,NaN,0,8.00000000000001,1,2,66,0.5
228,5768.934752,5768.129752,5768.258253,5768.934752,5772.398254,0,NaN,0,8.00000000000001,1,2,66,0.5
229,5775.240753,5774.383757,5774.614753,5775.240753,5781.533253,0,NaN,0,8.00000000000001,1,2,66,0.5
230,5783.069252,5782.317753,5782.569752,5783.069252,5789.487252,1,NaN,0,8.99999999999999,2,1,65,0.5
231,5790.910253,5789.884253,5790.112753,5790.908753,5799.750253,1,NaN,0.00999999999999943,8.00000000000001,0,2,66,0.5
232,5804.906254,5804.085252,5804.245752,5804.853252,5809.327252,0,2.99999999999994,0.0299999999999997,8.99999999999999,2,1,65,0.5
233,5811.988253,5811.083252,5811.253753,5811.988253,5816.996253,0,NaN,0,8.00000000000001,1,2,66,0.5
234,5818.513257,5817.797757,5817.967257,5818.513257,5825.162252,1,NaN,0,8.99999999999999,2,1,65,0.5
235,5826.319253,5825.590753,5825.752751,5826.266754,5834.016752,1,2.99999999999994,0.0299999999999997,8.00000000000001,1,2,66,0.5
236,5835.477753,5834.519254,5834.853752,5835.477753,5840.323253,1,NaN,0,8.99999999999999,2,1,65,0.5
237,5841.301253,5840.854752,5840.890755,5841.301253,5847.807252,1,NaN,0,8.99999999999999,2,1,65,0.5
238,5851.509252,5850.512253,5850.794752,5851.508252,5864.199752,1,NaN,0.00999999999999943,8.00000000000001,0,2,66,0.5
239,5865.435753,5864.876752,5865.013753,5865.435753,5871.001753,0,NaN,0,8.00000000000001,1,2,66,0.5
240,5872.284757,5871.559752,5871.797753,5872.282256,5875.957753,0,2.99999999999994,0.0299999999999997,8.99999999999999,2,1,65,0.5
241,5877.174254,5876.484757,5876.632753,5877.174254,5883.337753,0,NaN,0,8.00000000000001,1,2,66,0.5
242,5885.103253,5884.214253,5884.422252,5885.100253,5888.619252,1,2.99999999999994,0.0299999999999997,8.00000000000001,1,2,66,0.5
243,5889.987753,5889.312253,5889.461252,5889.987753,5894.304753,1,NaN,0,8.99999999999999,2,1,65,0.5
244,5897.520753,5896.588247,5896.744253,5897.468253,5903.400252,1,2.99999999999994,0.0299999999999997,8.00000000000001,1,2,66,0.5
245,5904.797753,5904.074257,5904.215754,5904.745257,5909.513753,1,2.99999999999994,0.0299999999999997,8.00000000000001,1,2,66,0.5
246,5910.834753,5910.211252,5910.263753,5910.813753,5918.941252,1,2.99999999999994,0.0299999999999997,8.00000000000001,1,2,66,0.5
247,5920.603753,5919.576254,5919.885752,5920.603753,5926.004752,1,NaN,0,8.99999999999999,2,1,65,0.5
248,5927.264252,5926.559753,5926.708252,5927.264252,5933.284753,0,NaN,0,8.00000000000001,1,2,66,0.5
249,5934.496757,5933.794252,5933.995257,5934.496757,5939.880753,0,NaN,0,8.00000000000001,1,2,66,0.5
250,5943.490253,5941.022753,5942.561753,5943.490253,5949.297253,1,NaN,0,8.99999999999999,2,1,65,0.5
251,5950.675257,5949.856753,5950.107753,5950.672754,5955.843255,0,2.99999999999994,0.0299999999999997,8.99999999999999,2,1,65,0.5
252,5957.124754,5956.345753,5956.613755,5957.124754,5963.165258,0,NaN,0,8.00000000000001,1,2,66,0.5
253,5964.187257,5963.572752,5963.732252,5964.187257,5970.057753,1,NaN,0,8.99999999999999,2,1,65,0.5
254,5971.247253,5970.491753,5970.710253,5971.247253,5991.704253,0,NaN,0,8.00000000000001,1,2,66,0.5
255,5993.677257,5993.027758,5993.118257,5993.677257,5999.837754,0,NaN,0,8.00000000000001,1,2,66,0.5
256,6003.748753,6003.068754,6003.237752,6003.748753,6009.728253,1,NaN,0,8.99999999999999,2,1,65,0.5
257,6011.779253,6010.903752,6011.209254,6011.726257,6016.086252,1,2.99999999999994,0.0299999999999997,8.00000000000001,1,2,66,0.5
258,6017.488252,6016.639252,6016.887752,6017.488252,6024.169257,1,NaN,0,8.99999999999999,2,1,65,0.5
259,6026.375252,6024.882252,6025.654753,6026.321752,6030.023752,0,2.99999999999994,0.0299999999999997,8.99999999999999,2,1,65,0.5
260,6031.636252,6031.013752,6031.129753,6031.636252,6038.090252,0,NaN,0,8.00000000000001,1,2,66,0.5
261,6039.489253,6038.654253,6038.859253,6039.486753,6044.174755,1,2.99999999999994,0.0299999999999997,8.00000000000001,1,2,66,0.5
262,6045.188753,6044.575255,6044.658254,6045.188753,6050.423253,1,NaN,0,8.99999999999999,2,1,65,0.5
263,6052.140753,6051.203753,6051.483753,6052.140753,6057.678253,0,NaN,0,8.00000000000001,1,2,66,0.5
264,6060.089253,6059.014752,6059.167253,6060.089253,6065.808753,1,NaN,0,8.99999999999999,2,1,65,0.5
265,6068.535252,6067.659253,6067.919753,6068.535252,6081.175753,1,NaN,0,8.99999999999999,2,1,65,0.5
266,6082.812253,6081.949257,6082.135752,6082.809753,6086.926252,0,2.99999999999994,0.0299999999999997,8.99999999999999,2,1,65,0.5
267,6088.720253,6088.099754,6088.240252,6088.667253,6092.706752,0,2.99999999999994,0.0299999999999997,8.99999999999999,2,1,65,0.5
268,6094.311253,6093.582752,6093.682252,6094.311253,6101.531752,0,NaN,0,8.00000000000001,1,2,66,0.5
269,6103.097252,6102.011752,6102.340752,6103.094752,6107.154753,1,2.99999999999994,0.0299999999999997,8.00000000000001,1,2,66,0.5
270,6136.667252,6135.090753,6135.366253,6136.667252,6148.936752,0,NaN,0,8.00000000000001,1,2,66,0.5
271,6154.043757,6152.821255,6153.004753,6154.041253,6159.816753,0,2.99999999999994,0.0299999999999997,8.99999999999999,2,1,65,0.5
272,6161.128753,6160.430752,6160.577253,6161.128753,6167.390752,0,NaN,0,8.00000000000001,1,2,66,0.5
273,6168.848752,6168.119253,6168.313752,6168.848752,6173.404252,1,NaN,0,8.99999999999999,2,1,65,0.5
274,6175.660752,6174.901256,6175.097755,6175.660752,6180.218753,0,NaN,0,8.00000000000001,1,2,66,0.5
275,6182.235753,6181.066253,6181.553752,6182.182253,6185.418747,0,2.99999999999994,0.0299999999999997,8.99999999999999,2,1,65,0.5
276,6186.667752,6186.042753,6186.177753,6186.667752,6192.961252,0,NaN,0,8.00000000000001,1,2,66,0.5
277,6194.245253,6193.462253,6193.617752,6194.144252,6199.018753,1,NaN,0.00999999999999943,8.00000000000001,0,2,66,0.5
278,6202.829757,6201.813254,6201.898753,6202.827752,6208.204752,1,2.99999999999994,0.0299999999999997,8.00000000000001,1,2,66,0.5
279,6209.622753,6208.830257,6208.975753,6209.620252,6216.624252,1,2.99999999999994,0.0299999999999997,8.00000000000001,1,2,66,0.5
280,6217.919252,6217.149257,6217.349248,6217.865757,6223.876752,1,2.99999999999994,0.0299999999999997,8.00000000000001,1,2,66,0.5
281,6225.209252,6224.370752,6224.556754,6225.206253,6236.721752,1,2.99999999999994,0.0299999999999997,8.00000000000001,1,2,66,0.5
282,6238.168252,6237.346253,6237.474752,6238.165754,6241.797253,0,2.99999999999994,0.0299999999999997,8.99999999999999,2,1,65,0.5
283,6243.114753,6242.505252,6242.583253,6243.114753,6247.918753,0,NaN,0,8.00000000000001,0,2,66,0.5
284,6249.486752,6248.664252,6248.894252,6249.433754,6253.226253,0,2.99999999999994,0.0299999999999997,8.99999999999999,2,1,65,0.5
285,6254.886252,6254.358753,6254.475753,6254.886252,6260.045253,0,NaN,0,8.00000000000001,1,2,66,0.5
286,6261.443252,6260.560258,6260.717753,6261.441757,6266.217752,1,NaN,0.00999999999999943,8.00000000000001,0,2,66,0.5
287,6267.569753,6266.755252,6266.987753,6267.569753,6274.144253,0,NaN,0,8.00000000000001,1,2,66,0.5
288,6275.620753,6274.703253,6275.032252,6275.568253,6279.631753,0,2.99999999999994,0.0299999999999997,8.99999999999999,2,1,65,0.5
289,6280.984751,6280.403255,6280.483752,6280.984751,6286.859752,0,NaN,0,8.00000000000001,1,2,66,0.5
290,6288.120753,6287.473753,6287.580753,6288.067753,6294.543753,1,2.99999999999994,0.0299999999999997,8.00000000000001,1,2,66,0.5
291,6295.846255,6294.963253,6295.117752,6295.844253,6318.154253,1,2.99999999999994,0.0299999999999997,8.00000000000001,1,2,66,0.5
292,6319.435752,6318.885253,6318.990757,6319.435752,6324.024253,0,NaN,0,8.00000000000001,1,2,66,0.5
293,6327.410753,6326.699753,6326.836252,6327.410753,6333.596252,0,NaN,0,8.00000000000001,1,2,66,0.5
294,6334.727253,6334.019253,6334.176254,6334.674747,6338.874753,1,2.99999999999994,0.0299999999999997,8.00000000000001,1,2,66,0.5
295,6339.916753,6339.358252,6339.390255,6339.916753,6344.665253,1,NaN,0,8.99999999999999,2,1,65,0.5
296,6346.344753,6345.219752,6345.296753,6346.292252,6353.871254,1,2.99999999999994,0.0299999999999997,8.00000000000001,1,2,66,0.5
297,6355.568753,6354.774254,6354.839254,6355.567253,6361.492752,1,NaN,0.00999999999999943,8.00000000000001,0,2,66,0.5
298,6363.454253,6362.204252,6362.314753,6362.853753,6368.617753,0,NaN,0.00999999999999943,8.99999999999999,0,1,65,0.5
299,6370.492753,6369.312252,6369.591252,6370.490253,6378.166752,1,2.99999999999994,0.0299999999999997,8.00000000000001,1,2,66,0.5
300,6379.359253,6378.635753,6378.795255,6379.306252,6384.053753,1,2.99999999999994,0.0299999999999997,8.00000000000001,1,2,66,0.5
301,6385.157252,6384.582752,6384.649253,6385.157252,6390.354752,1,NaN,0,8.99999999999999,2,1,65,0.5
302,6391.740753,6390.814255,6391.045752,6391.738252,6396.234753,1,2.99999999999994,0.0299999999999997,8.00000000000001,1,2,66,0.5
303,6397.477253,6396.891752,6396.978752,6397.477253,6408.490753,1,NaN,0,8.99999999999999,2,1,65,0.5
304,6409.935752,6409.073257,6409.260753,6409.833757,6414.211253,0,NaN,0.00999999999999943,8.99999999999999,0,1,65,0.5
305,6416.863753,6415.978253,6416.141253,6416.861253,6421.762253,1,2.99999999999994,0.0299999999999997,8.00000000000001,1,2,66,0.5
306,6422.945752,6422.346753,6422.410253,6422.945752,6428.814253,1,NaN,0,8.99999999999999,2,1,65,0.5
307,6429.862253,6429.223252,6429.389252,6429.862253,6436.791752,1,NaN,0,8.99999999999999,2,1,65,0.5
308,6438.087753,6437.463258,6437.566753,6438.081252,6442.677752,1,2.99999999999994,0.0299999999999997,8.00000000000001,1,2,66,0.5
309,6444.003752,6443.283252,6443.442753,6443.951252,6448.922253,1,2.99999999999994,0.0299999999999997,8.00000000000001,1,2,66,0.5
310,6450.229753,6449.550752,6449.691752,6450.176253,6455.542753,1,2.99999999999994,0.0299999999999997,8.00000000000001,1,2,66,0.5
311,6456.832252,6456.042753,6456.268752,6456.832252,6462.237752,1,NaN,0,8.99999999999999,2,1,65,0.5
312,6463.339252,6462.638752,6462.867253,6463.339252,6468.375257,1,NaN,0,8.99999999999999,2,1,65,0.5
313,6469.548753,6468.936253,6469.061757,6469.495757,6473.965753,1,2.99999999999994,0.0299999999999997,8.00000000000001,1,2,66,0.5
314,6475.264253,6474.769252,6474.872752,6475.264253,6480.953752,1,NaN,0,8.99999999999999,2,1,65,0.5
315,6482.008752,6481.301752,6481.535753,6482.008752,6487.755253,1,NaN,0,8.99999999999999,2,1,65,0.5
316,6489.393753,6488.230254,6488.652753,6489.340253,6492.461753,0,2.99999999999994,0.0299999999999997,8.99999999999999,2,1,65,0.5
317,6493.704253,6493.080752,6493.277252,6493.660753,6499.378752,0,2.99999999999994,0.0299999999999997,8.99999999999999,2,1,65,0.5
318,6500.651752,6500.104253,6500.227753,6500.651752,6506.910754,0,NaN,0,8.00000000000001,0,2,66,0.5
319,6507.883752,6507.354753,6507.461253,6507.883752,6514.362753,1,NaN,0,8.99999999999999,2,1,65,0.5
320,6515.853753,6515.057753,6515.235255,6515.801253,6520.730253,1,2.99999999999994,0.0299999999999997,8.00000000000001,1,2,66,0.5
321,6521.900252,6521.174753,6521.358752,6521.900252,6527.608253,1,NaN,0,8.99999999999999,2,1,65,0.5
322,6528.972753,6528.189253,6528.420753,6528.920253,6533.146754,1,2.99999999999994,0.0299999999999997,8.00000000000001,1,2,66,0.5
323,6534.192253,6533.695252,6533.766752,6534.192253,6539.931252,1,NaN,0,8.99999999999999,0,1,65,0.5
324,6541.399252,6540.479753,6540.774253,6541.397752,6546.433253,1,NaN,0.00999999999999943,8.00000000000001,0,2,66,0.5
325,6547.803753,6546.831752,6547.205253,6547.750753,6550.847253,0,2.99999999999994,0.0299999999999997,8.99999999999999,2,1,65,0.5
326,6552.127752,6551.492252,6551.640753,6552.127752,6558.463252,0,NaN,0,8.00000000000001,1,2,66,0.5
327,6559.766757,6558.846757,6559.119754,6559.764752,6563.417753,0,2.99999999999994,0.0299999999999997,8.99999999999999,2,1,65,0.5
328,6564.712752,6564.117752,6564.252256,6564.712752,6570.180753,0,NaN,0,8.00000000000001,1,2,66,0.5
329,6571.646253,6570.598752,6570.843255,6571.593752,6575.183253,1,2.99999999999994,0.0299999999999997,8.00000000000001,1,2,66,0.5
330,6576.392253,6575.737753,6575.870253,6576.392253,6583.066753,1,NaN,0,8.99999999999999,2,1,65,0.5
331,6584.374753,6583.462253,6583.720753,6584.322252,6588.984253,1,2.99999999999994,0.0299999999999997,8.00000000000001,1,2,66,0.5
332,6590.564753,6589.838253,6590.028252,6590.512252,6594.767253,1,2.99999999999994,0.0299999999999997,8.00000000000001,1,2,66,0.5
333,6596.265253,6595.399253,6595.545753,6596.262753,6601.716257,1,2.99999999999994,0.0299999999999997,8.00000000000001,1,2,66,0.5
334,6603.289253,6602.295252,6602.472755,6603.236257,6608.465753,1,2.99999999999994,0.0299999999999997,8.00000000000001,1,2,66,0.5
335,6609.923754,6609.202253,6609.382755,6609.923754,6616.512252,1,NaN,0,8.99999999999999,2,1,65,0.5
336,6618.011752,6617.005255,6617.333253,6618.008753,6622.873253,0,2.99999999999994,0.0299999999999997,8.99999999999999,2,1,65,0.5
337,6624.081752,6623.459752,6623.608755,6624.081752,6630.194752,0,NaN,0,8.00000000000001,1,2,66,0.5
338,6631.645753,6630.659252,6631.051253,6631.592752,6635.133752,0,2.99999999999994,0.0299999999999997,8.99999999999999,2,1,65,0.5
339,6636.568253,6635.900253,6635.999752,6636.565753,6641.050254,0,2.99999999999994,0.0299999999999997,8.99999999999999,2,1,65,0.5
340,6642.648254,6642.024254,6642.092253,6642.637753,6646.667757,0,2.99999999999994,0.0299999999999997,8.99999999999999,2,1,65,0.5
341,6648.030253,6647.315253,6647.446247,6647.977252,6651.869252,0,2.99999999999994,0.0299999999999997,8.99999999999999,2,1,65,0.5
342,6653.319252,6652.632752,6652.655254,6653.319252,6659.790753,0,NaN,0,8.00000000000001,1,2,66,0.5
343,6660.932254,6660.375753,6660.451747,6660.879257,6667.551752,1,2.99999999999994,0.0299999999999997,8.00000000000001,1,2,66,0.5
344,6669.017757,6668.192755,6668.336754,6669.015752,6675.634753,1,2.99999999999994,0.0299999999999997,8.00000000000001,1,2,66,0.5
345,6676.875754,6676.112752,6676.161752,6676.822252,6681.633752,1,2.99999999999994,0.0299999999999997,8.00000000000001,1,2,66,0.5
346,6682.879753,6682.228753,6682.282252,6682.879753,6688.439752,1,NaN,0,8.99999999999999,2,1,65,0.5
347,6689.946253,6688.962252,6689.269753,6689.893252,6693.767753,0,2.99999999999994,0.0299999999999997,8.99999999999999,2,1,65,0.5
348,6694.956753,6694.512753,6694.533752,6694.956753,6700.635253,0,NaN,0,8.00000000000001,1,2,66,0.5
349,6702.297752,6701.433253,6701.688256,6702.297752,6707.962252,0,NaN,0,8.00000000000001,1,2,66,0.5
350,6709.574253,6708.882753,6708.960252,6709.572252,6714.881753,1,2.99999999999994,0.0299999999999997,8.00000000000001,1,2,66,0.5
351,6716.666252,6715.872753,6715.988753,6716.666252,6736.357753,1,NaN,0,8.99999999999999,2,1,65,0.5
352,6738.036753,6737.048752,6737.348253,6737.983753,6743.651752,1,2.99999999999994,0.0299999999999997,8.00000000000001,1,2,66,0.5
353,6745.172753,6744.354755,6744.576252,6745.172753,6751.116252,1,NaN,0,8.99999999999999,2,1,65,0.5
354,6752.948253,6752.015252,6752.217255,6752.945753,6755.934252,0,2.99999999999994,0.0299999999999997,8.99999999999999,2,1,65,0.5
355,6757.115254,6756.611753,6756.713753,6757.115254,6763.227753,0,NaN,0,8.00000000000001,1,2,66,0.5
356,6764.373753,6763.641752,6763.825753,6764.371252,6768.100757,0,2.99999999999994,0.0299999999999997,8.99999999999999,2,1,65,0.5
357,6769.353253,6768.699253,6768.840252,6769.350753,6772.712253,0,2.99999999999994,0.0299999999999997,8.99999999999999,2,1,65,0.5
358,6773.985754,6773.376253,6773.454252,6773.967254,6778.063253,0,2.99999999999994,0.0299999999999997,8.99999999999999,2,1,65,0.5
359,6779.224253,6778.632753,6778.737253,6779.171253,6783.022752,0,2.99999999999994,0.0299999999999997,8.99999999999999,2,1,65,0.5
360,6784.132753,6783.658252,6783.728253,6784.132753,6789.688253,0,NaN,0,8.00000000000001,0,2,66,0.5
361,6790.847753,6790.054254,6790.206253,6790.795252,6794.604253,1,2.99999999999994,0.0299999999999997,8.00000000000001,1,2,66,0.5
362,6795.909253,6795.328753,6795.391253,6795.857253,6799.726253,1,2.99999999999994,0.0299999999999997,8.00000000000001,1,2,66,0.5
363,6801.449754,6800.591753,6800.797753,6801.449754,6807.202753,1,NaN,0,8.99999999999999,2,1,65,0.5
364,6808.434752,6807.619252,6807.857252,6808.434752,6813.753252,0,NaN,0,8.00000000000001,1,2,66,0.5
365,6815.971253,6814.899253,6815.337752,6815.971253,6821.970757,0,NaN,0,8.00000000000001,1,2,66,0.5
366,6823.419252,6822.829253,6822.964252,6823.419252,6830.569752,1,NaN,0,8.99999999999999,2,1,65,0.5
367,6831.793253,6831.205752,6831.304753,6831.793253,6836.456253,1,NaN,0,8.99999999999999,2,1,65,0.5
368,6839.084752,6838.250257,6838.464253,6839.084752,7051.975253,0,NaN,0,8.00000000000001,0,2,66,0.5
369,7054.110752,7053.151752,7053.385252,7054.110752,7095.703753,0,NaN,0,8.00000000000001,1,2,66,0.5
370,7101.041252,7099.844752,7100.049753,7100.988752,7104.203753,0,2.99999999999994,0.0299999999999997,8.99999999999999,2,1,65,0.5
371,7106.782752,7105.086752,7105.239253,7106.782752,7112.930252,1,NaN,0,8.99999999999999,2,1,65,0.5
372,7114.598252,7113.827254,7114.003753,7114.598252,7122.485753,0,NaN,0,8.00000000000001,1,2,66,0.5
373,7124.548753,7123.634752,7123.994753,7124.548753,7130.489253,1,NaN,0,8.99999999999999,2,1,65,0.5
374,7139.047752,7137.704252,7137.736252,7139.047752,7165.793253,1,NaN,0,8.99999999999999,2,1,65,0.5
375,7169.032757,7166.906753,7167.518253,7168.979753,7187.084252,0,2.99999999999994,0.0299999999999997,8.99999999999999,2,1,65,0.5
376,7188.565753,7187.712752,7187.915752,7188.512753,7191.695754,0,2.99999999999994,0.0299999999999997,8.99999999999999,2,1,65,0.5
377,7193.715255,7192.870253,7193.112753,7193.662754,7198.471253,0,2.99999999999994,0.0299999999999997,8.99999999999999,2,1,65,0.5
378,7200.500252,7199.679753,7199.874252,7200.497753,7204.013752,0,2.99999999999994,0.0299999999999997,8.99999999999999,2,1,65,0.5
379,7205.520252,7204.746253,7204.933253,7205.467254,7208.338257,0,2.99999999999994,0.0299999999999997,8.99999999999999,2,1,65,0.5
380,7209.535752,7208.823753,7209.022253,7209.535752,7214.811753,0,NaN,0,8.00000000000001,1,2,66,0.5
381,7216.331252,7215.405253,7215.630252,7216.331252,7224.315252,1,NaN,0,8.99999999999999,2,1,65,0.5
382,7225.694753,7224.984252,7225.127752,7225.694753,7232.864753,1,NaN,0,8.99999999999999,2,1,65,0.5
383,7234.400252,7233.314754,7233.799253,7234.400252,7239.711754,0,NaN,0,8.00000000000001,1,2,66,0.5
384,7241.401757,7240.516753,7240.889753,7241.401757,7248.567753,0,NaN,0,8.00000000000001,1,2,66,0.5
385,7250.239253,7249.014253,7249.459752,7250.236752,7254.040255,0,2.99999999999994,0.0299999999999997,8.99999999999999,2,1,65,0.5
386,7255.464255,7254.707255,7254.876749,7255.411253,7259.594252,0,2.99999999999994,0.0299999999999997,8.99999999999999,2,1,65,0.5
387,7260.987753,7260.158752,7260.509253,7260.987753,7267.175752,0,NaN,0,8.00000000000001,1,2,66,0.5
388,7269.757253,7268.118757,7268.269756,7269.754753,7274.108253,0,2.99999999999994,0.0299999999999997,8.99999999999999,2,1,65,0.5
389,7275.197753,7274.642755,7274.796254,7275.197753,7281.048253,0,NaN,0,8.00000000000001,1,2,66,0.5
390,7282.473253,7281.491253,7281.968753,7282.473253,7284.809752,1,NaN,0,8.99999999999999,2,1,65,0.5
391,7289.208752,7288.170753,7288.386753,7289.155753,7292.776253,0,2.99999999999994,0.0299999999999997,8.99999999999999,2,1,65,0.5
392,7294.050252,7293.396752,7293.544255,7294.050252,7299.896253,0,NaN,0,8.00000000000001,1,2,66,0.5
393,7301.179253,7300.402752,7300.587255,7301.179253,7307.302252,0,NaN,0,8.00000000000001,1,2,66,0.5
394,7309.390752,7308.513753,7308.742753,7309.337753,7313.304752,1,2.99999999999994,0.0299999999999997,8.00000000000001,1,2,66,0.5
395,7314.486253,7313.873253,7313.991753,7314.486253,7321.151753,1,NaN,0,8.99999999999999,2,1,65,0.5
396,7322.814752,7321.949752,7322.255752,7322.761753,7326.807253,1,2.99999999999994,0.0299999999999997,8.00000000000001,1,2,66,0.5
397,7328.303253,7327.429757,7327.626252,7328.301252,7331.606253,0,2.99999999999994,0.0299999999999997,8.99999999999999,2,1,65,0.5
398,7332.877753,7332.253255,7332.395753,7332.873253,7336.397254,0,2.99999999999994,0.0299999999999997,8.99999999999999,2,1,65,0.5
399,7338.137752,7337.284252,7337.540753,7338.135252,7341.305752,0,2.99999999999994,0.0299999999999997,8.99999999999999,2,1,65,0.5
400,7342.982753,7342.332754,7342.437253,7342.982753,7351.246753,0,NaN,0,8.00000000000001,1,2,66,0.5
401,7352.702752,7352.050753,7352.184253,7352.702752,7359.558252,0,NaN,0,8.00000000000001,1,2,66,0.5
402,7360.696753,7359.996752,7360.203755,7360.696753,7366.230253,1,NaN,0,8.99999999999999,2,1,65,0.5
403,7367.553252,7366.708753,7366.983252,7367.553252,7372.815253,0,NaN,0,8.00000000000001,1,2,66,0.5
404,7374.356253,7373.450257,7373.786252,7374.356253,7380.229752,1,NaN,0,8.99999999999999,2,1,65,0.5
405,7382.199254,7380.847253,7381.276753,7382.196753,7385.183253,0,2.99999999999994,0.0299999999999997,8.99999999999999,2,1,65,0.5
406,7386.377253,7385.721257,7385.918252,7386.377253,7392.300253,0,NaN,0,8.00000000000001,1,2,66,0.5
407,7393.754753,7392.731753,7393.160747,7393.752252,7396.984754,0,2.99999999999994,0.0299999999999997,8.99999999999999,2,1,65,0.5
408,7398.745753,7397.900253,7398.041253,7398.743752,7402.210757,0,2.99999999999994,0.0299999999999997,8.99999999999999,2,1,65,0.5
409,7404.130753,7403.361753,7403.561252,7404.122753,7407.484754,0,2.99999999999994,0.0299999999999997,8.99999999999999,2,1,65,0.5
410,7408.933253,7408.321253,7408.492252,7408.933253,7414.702254,0,NaN,0,8.00000000000001,1,2,66,0.5
411,7415.836753,7415.218255,7415.383754,7415.783754,7419.842253,1,2.99999999999994,0.0299999999999997,8.00000000000001,1,2,66,0.5
412,7422.004253,7420.992755,7421.225753,7422.001752,7425.298253,0,2.99999999999994,0.0299999999999997,8.99999999999999,2,1,65,0.5
413,7426.823752,7426.112752,7426.290756,7426.823752,7439.142253,0,NaN,0,8.00000000000001,0,2,66,0.5
414,7531.363252,7530.142252,7530.398253,7531.363252,7535.152757,0,NaN,0,8.00000000000001,0,2,66,0.5
415,7568.358752,7565.773753,7565.830755,7568.358752,7570.360754,0,NaN,0,8.00000000000001,1,2,66,0.5
416,7577.317755,7574.660753,7575.120753,7577.265254,7583.708253,1,2.99999999999994,0.0299999999999997,8.00000000000001,1,2,66,0.5
417,7586.962253,7584.767752,7585.212753,7586.962253,7591.988253,1,NaN,0,8.99999999999999,2,1,65,0.5
418,7593.623757,7592.921753,7592.990252,7593.571252,7596.990253,0,2.99999999999994,0.0299999999999997,8.99999999999999,2,1,65,0.5
419,7598.386753,7597.616752,7597.810753,7598.386753,7605.616253,0,NaN,0,8.00000000000001,1,2,66,0.5
420,7607.138253,7606.091753,7606.289255,7607.085753,7610.698253,0,2.99999999999994,0.0299999999999997,8.99999999999999,2,1,65,0.5
421,7612.439252,7611.724253,7611.886253,7612.439252,7619.501754,0,NaN,0,8.00000000000001,1,2,66,0.5
422,7620.922254,7620.083753,7620.321752,7620.820752,7626.878753,1,NaN,0.00999999999999943,8.00000000000001,0,2,66,0.5
423,7628.461753,7627.564752,7627.705253,7628.449253,7631.634753,0,2.99999999999994,0.0299999999999997,8.99999999999999,2,1,65,0.5
424,7632.922752,7632.173252,7632.351253,7632.869747,7636.174752,0,2.99999999999994,0.0299999999999997,8.99999999999999,2,1,65,0.5
425,7637.449254,7636.711253,7636.876753,7637.449254,7643.843254,0,NaN,0,8.00000000000001,1,2,66,0.5
426,7645.426253,7644.317252,7644.487253,7645.426253,7651.343253,0,NaN,0,8.00000000000001,1,2,66,0.5
427,7652.837752,7651.847753,7652.127253,7652.785253,7656.578253,1,2.99999999999994,0.0299999999999997,8.00000000000001,1,2,66,0.5
428,7657.800253,7657.176752,7657.297747,7657.753753,7664.008253,1,2.99999999999994,0.0299999999999997,8.00000000000001,1,2,66,0.5
429,7665.563253,7664.569753,7664.799753,7665.511252,7669.420253,1,2.99999999999994,0.0299999999999997,8.00000000000001,1,2,66,0.5
430,7670.767753,7669.969752,7670.161256,7670.714753,7676.624253,1,2.99999999999994,0.0299999999999997,8.00000000000001,1,2,66,0.5
431,7678.215253,7677.594753,7677.650252,7678.215253,7683.387752,1,NaN,0,8.99999999999999,2,1,65,0.5
432,7685.187752,7683.896252,7684.309252,7685.170247,7691.652753,0,NaN,0.00999999999999943,8.99999999999999,0,1,65,0.5
433,7693.063752,7692.209755,7692.461253,7693.063752,7698.426257,0,NaN,0,8.00000000000001,1,2,66,0.5
434,7700.897753,7699.118754,7699.447753,7700.796252,7707.454755,0,NaN,0.00999999999999943,8.99999999999999,0,1,65,0.5
435,7708.759252,7708.054752,7708.308252,7708.706252,7712.167752,1,2.99999999999994,0.0299999999999997,8.00000000000001,1,2,66,0.5
436,7713.136257,7712.702252,7712.731255,7713.136257,7718.780252,1,NaN,0,8.99999999999999,2,1,65,0.5
437,7722.180752,7721.099253,7721.312752,7722.179253,7727.347257,1,NaN,0.00999999999999943,8.00000000000001,0,2,66,0.5
438,7729.145253,7727.797755,7728.336254,7729.142753,7731.835253,0,2.99999999999994,0.0299999999999997,8.99999999999999,2,1,65,0.5
439,7733.036752,7732.402753,7732.582252,7733.036752,7739.259252,0,NaN,0,8.00000000000001,1,2,66,0.5
440,7740.276257,7739.700752,7739.788753,7740.276257,7745.259752,1,NaN,0,8.99999999999999,2,1,65,0.5
441,7746.873253,7745.945753,7746.271753,7746.820753,7750.639752,1,2.99999999999994,0.0299999999999997,8.00000000000001,1,2,66,0.5
442,7751.998752,7751.112253,7751.510253,7751.998752,7756.203753,1,NaN,0,8.99999999999999,2,1,65,0.5
443,7758.846757,7758.120753,7758.328252,7758.846757,7761.756752,0,NaN,0,8.00000000000001,1,2,66,0.5
444,7765.676753,7764.471753,7765.023753,7765.676753,7777.042247,0,NaN,0,8.00000000000001,1,2,66,0.5
445,7778.801753,7777.650752,7777.959253,7778.749753,7781.957252,0,2.99999999999994,0.0299999999999997,8.99999999999999,2,1,65,0.5
446,7783.139252,7782.449753,7782.626753,7783.139252,7789.314253,0,NaN,0,8.00000000000001,0,2,66,0.5
447,7790.735252,7789.971252,7790.139253,7790.735252,7792.943252,1,NaN,0,8.99999999999999,2,1,65,0.5
448,7797.136752,7796.226253,7796.432254,7797.084252,7801.306256,1,2.99999999999994,0.0299999999999997,8.00000000000001,1,2,66,0.5
449,7802.620755,7802.015252,7802.145755,7802.620755,7808.002252,1,NaN,0,8.99999999999999,2,1,65,0.5
450,7809.608253,7808.692753,7808.963753,7809.555752,7813.591752,1,2.99999999999994,0.0299999999999997,8.00000000000001,1,2,66,0.5
451,7814.917753,7814.064753,7814.282252,7814.816254,7819.773753,1,NaN,0.00999999999999943,8.00000000000001,0,2,66,0.5
452,7822.258754,7820.517254,7821.146253,7822.205752,7825.660253,0,2.99999999999994,0.0299999999999997,8.99999999999999,2,1,65,0.5
453,7826.939752,7826.367252,7826.582752,7826.939752,7832.266253,0,NaN,0,8.00000000000001,1,2,66,0.5
454,7833.469252,7832.664752,7832.906252,7833.469252,7839.386253,0,NaN,0,8.00000000000001,1,2,66,0.5
455,7841.078257,7840.571753,7840.613752,7841.078257,7847.155752,1,NaN,0,8.99999999999999,2,1,65,0.5
456,7848.582252,7847.582253,7847.804252,7848.582252,7852.947253,0,NaN,0,8.00000000000001,1,2,66,0.5
457,7855.525252,7853.973253,7854.644752,7855.472255,7858.787757,0,2.99999999999994,0.0299999999999997,8.99999999999999,2,1,65,0.5
458,7860.011254,7859.290753,7859.488757,7859.997757,7863.402755,0,2.99999999999994,0.0299999999999997,8.99999999999999,2,1,65,0.5
459,7864.617253,7863.988252,7864.187754,7864.617253,7871.238753,0,NaN,0,8.00000000000001,1,2,66,0.5
460,7872.508253,7871.760752,7871.990252,7872.508253,7878.994253,0,NaN,0,8.00000000000001,1,2,66,0.5
461,7881.187252,7880.004252,7880.347753,7881.134753,7884.189752,0,2.99999999999994,0.0299999999999997,8.99999999999999,2,1,65,0.5
462,7885.471253,7884.786253,7884.984257,7885.471253,7889.985753,0,NaN,0,8.00000000000001,1,2,66,0.5
463,7895.007753,7894.115253,7894.346755,7895.007753,7895.041752,0,NaN,0,8.00000000000001,1,2,66,0.5
464,7903.677754,7902.373254,7902.780752,7903.624756,7910.371753,1,2.99999999999994,0.0299999999999997,8.00000000000001,1,2,66,0.5
465,7911.691253,7910.866753,7911.079252,7911.638253,7914.874752,1,2.99999999999994,0.0299999999999997,8.00000000000001,1,2,66,0.5
466,7916.072252,7915.244753,7915.481752,7916.019253,7921.070755,1,2.99999999999994,0.0299999999999997,8.00000000000001,1,2,66,0.5
467,7922.158253,7921.480755,7921.646755,7922.158253,8221.598253,1,NaN,0,8.99999999999999,2,1,65,0.5
468,8224.292253,8222.888752,8223.308252,8224.292253,8230.934755,0,NaN,0,8.00000000000001,1,2,66,0.5
469,8232.812752,8231.859254,8232.148254,8232.812752,8269.170753,0,NaN,0,8.00000000000001,1,2,66,0.5
470,8271.549753,8270.060753,8270.525753,8271.546753,8275.424258,0,2.99999999999994,0.0299999999999997,8.99999999999999,2,1,65,0.5
471,8277.444753,8276.276253,8276.521753,8277.442253,8280.265754,0,2.99999999999994,0.0299999999999997,8.99999999999999,2,1,65,0.5
472,8282.286252,8281.601753,8281.747253,8282.286252,8286.191252,0,NaN,0,8.00000000000001,1,2,66,0.5
473,8288.591254,8287.839752,8288.084254,8288.591254,8294.118753,0,NaN,0,8.00000000000001,1,2,66,0.5
474,8297.506253,8296.710754,8296.890254,8297.453253,8300.988253,1,2.99999999999994,0.0299999999999997,8.00000000000001,1,2,66,0.5
475,8302.916257,8302.052752,8302.329753,8302.863753,8306.708753,1,2.99999999999994,0.0299999999999997,8.00000000000001,1,2,66,0.5
476,8308.238256,8307.401753,8307.607253,8308.238256,8315.424252,0,NaN,0,8.00000000000001,1,2,66,0.5
477,8317.064253,8315.919252,8316.395252,8317.056253,8322.728253,0,NaN,0.00999999999999943,8.99999999999999,0,1,65,0.5
478,8323.910753,8323.236252,8323.395255,8323.858253,8329.129253,1,2.99999999999994,0.0299999999999997,8.00000000000001,1,2,66,0.5
479,8330.880254,8330.022252,8330.284753,8330.880254,8337.500752,1,NaN,0,8.99999999999999,2,1,65,0.5
480,8339.556753,8338.630255,8338.895753,8339.503753,8343.327252,1,2.99999999999994,0.0299999999999997,8.00000000000001,1,2,66,0.5
481,8344.750753,8344.211753,8344.255753,8344.750753,8349.907755,1,NaN,0,8.99999999999999,2,1,65,0.5
482,8353.213253,8351.753253,8352.176752,8353.160253,8356.057752,0,2.99999999999994,0.0299999999999997,8.99999999999999,2,1,65,0.5
483,8358.119752,8357.028253,8357.340253,8358.067252,8361.212253,0,2.99999999999994,0.0299999999999997,8.99999999999999,2,1,65,0.5
484,8362.552253,8361.913252,8362.110757,8362.552253,8368.798253,0,NaN,0,8.00000000000001,1,2,66,0.5
485,8370.376257,8369.331253,8369.651752,8370.376257,8377.076256,1,NaN,0,8.99999999999999,2,1,65,0.5
486,8380.182255,8378.346755,8378.858257,8380.129254,8383.090253,0,2.99999999999994,0.0299999999999997,8.99999999999999,2,1,65,0.5
487,8384.306752,8383.731752,8383.901753,8384.306752,8388.523753,0,NaN,0,8.00000000000001,1,2,66,0.5
488,8393.812754,8392.701254,8392.985753,8393.760253,8398.014752,1,2.99999999999994,0.0299999999999997,8.00000000000001,1,2,66,0.5
489,8399.804752,8398.639753,8398.898753,8399.752252,8404.272753,1,2.99999999999994,0.0299999999999997,8.00000000000001,1,2,66,0.5
490,8406.939252,8406.309752,8406.328254,8406.939252,8410.940752,1,NaN,0,8.99999999999999,2,1,65,0.5
491,8414.148753,8413.077253,8413.585753,8414.148753,8417.655753,0,NaN,0,8.00000000000001,1,2,66,0.5
492,8421.790253,8420.545253,8421.003753,8421.737257,8424.840253,0,2.99999999999994,0.0299999999999997,8.99999999999999,2,1,65,0.5
493,8426.151252,8425.459752,8425.688253,8426.151252,8438.297257,0,NaN,0,8.00000000000001,1,2,66,0.5
494,8440.144753,8439.395255,8439.570255,8440.144753,8445.598753,0,NaN,0,8.00000000000001,1,2,66,0.5
495,8447.726252,8446.873753,8447.172253,8447.673253,8452.213752,1,2.99999999999994,0.0299999999999997,8.00000000000001,1,2,66,0.5
496,8453.511253,8452.648257,8452.886753,8453.458257,8457.753252,1,2.99999999999994,0.0299999999999997,8.00000000000001,1,2,66,0.5
497,8459.238255,8458.471752,8458.639255,8459.136753,8463.930753,1,NaN,0.00999999999999943,8.00000000000001,0,2,66,0.5
498,8467.516253,8466.272253,8466.503253,8467.463752,8471.056254,0,2.99999999999994,0.0299999999999997,8.99999999999999,2,1,65,0.5
499,8472.896252,8471.829752,8472.108253,8472.843753,8476.421252,0,2.99999999999994,0.0299999999999997,8.99999999999999,2,1,65,0.5
500,8478.017753,8477.286752,8477.445753,8478.017753,8482.968257,0,NaN,0,8.00000000000001,1,2,66,0.5
501,8484.744253,8483.760752,8483.969252,8484.744253,8490.462253,1,NaN,0,8.99999999999999,0,1,65,0.5
502,8492.185252,8490.995752,8491.200753,8492.132253,8495.603753,1,2.99999999999994,0.0299999999999997,8.00000000000001,1,2,66,0.5
503,8497.755253,8496.932253,8497.219753,8497.755253,8504.984253,1,NaN,0,8.99999999999999,2,1,65,0.5
504,8507.889755,8506.421247,8506.830253,8507.888755,8514.599252,0,NaN,0.00999999999999943,8.99999999999999,0,1,65,0.5
505,8516.655755,8515.844752,8515.964754,8516.603252,8520.459752,1,2.99999999999994,0.0299999999999997,8.00000000000001,1,2,66,0.5
506,8521.811753,8521.170253,8521.266253,8521.811753,8527.105753,1,NaN,0,8.99999999999999,2,1,65,0.5
507,8538.618758,8537.429253,8537.760753,8538.565253,8541.912753,0,2.99999999999994,0.0299999999999997,8.99999999999999,2,1,65,0.5
508,8543.629757,8542.357252,8542.778253,8543.626753,8546.602253,0,2.99999999999994,0.0299999999999997,8.99999999999999,2,1,65,0.5
509,8548.161753,8547.467254,8547.638753,8548.161753,8553.300253,0,NaN,0,8.00000000000001,1,2,66,0.5
510,8555.254253,8554.447753,8554.753752,8555.201257,8558.952747,1,2.99999999999994,0.0299999999999997,8.00000000000001,1,2,66,0.5
511,8560.174753,8559.650253,8559.701253,8560.122254,8566.239253,1,2.99999999999994,0.0299999999999997,8.00000000000001,1,2,66,0.5
512,8569.478755,8568.918252,8568.944753,8569.478755,8575.089752,1,NaN,0,8.99999999999999,2,1,65,0.5
513,8576.819253,8575.518253,8576.038752,8576.766252,8579.822254,0,2.99999999999994,0.0299999999999997,8.99999999999999,2,1,65,0.5
514,8581.155752,8580.309752,8580.647253,8581.155752,8587.330753,0,NaN,0,8.00000000000001,1,2,66,0.5
515,8588.997752,8587.832757,8587.900754,8588.944752,8593.440253,1,2.99999999999994,0.0299999999999997,8.00000000000001,1,2,66,0.5
516,8595.176753,8594.541755,8594.644253,8595.176753,8598.577752,1,NaN,0,8.99999999999999,2,1,65,0.5
517,8601.661257,8600.791257,8601.030757,8601.608753,8605.611253,1,2.99999999999994,0.0299999999999997,8.00000000000001,1,2,66,0.5
518,8606.743253,8606.034253,8606.160755,8606.690257,8610.727753,1,2.99999999999994,0.0299999999999997,8.00000000000001,1,2,66,0.5
519,8612.247752,8611.426753,8611.487753,8612.145753,8621.099253,1,NaN,0.00999999999999943,8.00000000000001,0,2,66,0.5
520,8623.273752,8621.555252,8622.080753,8623.220753,8626.160753,0,2.99999999999994,0.0299999999999997,8.99999999999999,2,1,65,0.5
521,8628.485752,8626.927753,8627.085752,8628.432757,8631.169753,0,2.99999999999994,0.0299999999999997,8.99999999999999,2,1,65,0.5
522,8632.487753,8631.743753,8631.960254,8632.487753,8638.574254,0,NaN,0,8.00000000000001,1,2,66,0.5
523,8640.400752,8639.066753,8639.566753,8640.347755,8644.153753,0,2.99999999999994,0.0299999999999997,8.99999999999999,2,1,65,0.5
524,8645.716249,8644.698252,8645.097752,8645.668252,8651.114253,0,NaN,0.00999999999999943,8.99999999999999,0,1,65,0.5
525,8653.992752,8653.092753,8653.311755,8653.992752,8659.032758,0,NaN,0,8.00000000000001,1,2,66,0.5
526,8661.438755,8659.913754,8660.410747,8661.436256,8664.797254,0,2.99999999999994,0.0299999999999997,8.99999999999999,2,1,65,0.5
527,8666.247753,8665.592252,8665.770753,8666.247753,8672.567752,0,NaN,0,8.00000000000001,1,2,66,0.5
528,8674.783752,8673.364255,8673.851254,8674.780757,8677.908753,0,2.99999999999994,0.0299999999999997,8.99999999999999,2,1,65,0.5
529,8679.036753,8678.401253,8678.640752,8679.036753,8685.285752,0,NaN,0,8.00000000000001,0,2,66,0.5
530,8686.776253,8686.039754,8686.212752,8686.724252,8690.672254,1,2.99999999999994,0.0299999999999997,8.00000000000001,1,2,66,0.5
531,8692.239252,8691.209253,8691.510753,8692.186752,8696.464752,1,2.99999999999994,0.0299999999999997,8.00000000000001,1,2,66,0.5
532,8698.383253,8697.510254,8697.655253,8698.383253,8702.951255,1,NaN,0,8.99999999999999,2,1,65,0.5
533,8704.779252,8703.770753,8704.072257,8704.779252,8709.971753,0,NaN,0,8.00000000000001,1,2,66,0.5
534,8711.661753,8710.537753,8711.029252,8711.560253,8717.755753,1,NaN,0.00999999999999943,8.00000000000001,0,2,66,0.5
535,8725.979753,8724.505753,8725.204752,8725.926753,8729.858253,0,2.99999999999994,0.0299999999999997,8.99999999999999,2,1,65,0.5
536,8731.756754,8730.701253,8730.890753,8731.754753,8734.676253,0,2.99999999999994,0.0299999999999997,8.99999999999999,2,1,65,0.5
537,8735.961253,8735.246252,8735.437754,8735.961253,8741.792253,0,NaN,0,8.00000000000001,0,2,66,0.5
538,8744.286255,8742.876253,8743.347753,8744.233755,8747.274257,0,2.99999999999994,0.0299999999999997,8.99999999999999,2,1,65,0.5
539,8749.539752,8748.559752,8748.720253,8749.537752,8752.355753,0,2.99999999999994,0.0299999999999997,8.99999999999999,2,1,65,0.5
540,8754.183253,8753.426252,8753.588752,8754.183253,8760.808255,0,NaN,0,8.00000000000001,1,2,66,0.5
541,8762.576755,8761.204755,8761.700252,8762.475255,8768.020752,0,NaN,0.00999999999999943,8.99999999999999,0,1,65,0.5
542,8769.705253,8768.738753,8769.189752,8769.705253,8774.204753,0,NaN,0,8.00000000000001,1,2,66,0.5
543,8776.492253,8775.381253,8775.717253,8776.390753,8779.865752,1,NaN,0.00999999999999943,8.00000000000001,0,2,66,0.5
544,8785.626752,8784.223253,8784.661253,8785.624247,8789.016753,0,2.99999999999994,0.0299999999999997,8.99999999999999,2,1,65,0.5
545,8790.427253,8789.541252,8789.877252,8790.427253,8795.897253,0,NaN,0,8.00000000000001,1,2,66,0.5
546,8798.879752,8797.227252,8797.737253,8798.827253,8801.748753,0,2.99999999999994,0.0299999999999997,8.99999999999999,2,1,65,0.5
547,8803.543753,8802.705753,8803.012252,8803.543753,8810.017253,0,NaN,0,8.00000000000001,1,2,66,0.5
548,8811.878753,8811.121753,8811.411752,8811.826253,8815.694752,1,2.99999999999994,0.0299999999999997,8.00000000000001,1,2,66,0.5
549,8816.834753,8816.228253,8816.348752,8816.782253,8820.693752,1,2.99999999999994,0.0299999999999997,8.00000000000001,1,2,66,0.5
550,8822.261753,8821.443753,8821.596253,8822.261753,8827.887752,1,NaN,0,8.99999999999999,2,1,65,0.5
551,8830.017253,8829.055253,8829.247252,8829.964754,8832.619753,0,2.99999999999994,0.0299999999999997,8.99999999999999,2,1,65,0.5
552,8834.074253,8833.308754,8833.628752,8834.074253,8840.019252,0,NaN,0,8.00000000000001,1,2,66,0.5
553,8845.346253,8844.233752,8844.693753,8845.293753,8849.155754,1,2.99999999999994,0.0299999999999997,8.00000000000001,1,2,66,0.5
554,8852.695753,8850.729253,8850.978253,8852.695753,8858.196753,1,NaN,0,8.99999999999999,2,1,65,0.5
555,8860.274252,8859.587252,8859.679752,8860.221752,8863.768752,1,2.99999999999994,0.0299999999999997,8.00000000000001,1,2,66,0.5
556,8865.349252,8864.125257,8864.632252,8865.296257,8868.455252,0,2.99999999999994,0.0299999999999997,8.99999999999999,2,1,65,0.5
557,8870.277253,8869.551252,8869.716753,8870.224753,8873.142752,0,2.99999999999994,0.0299999999999997,8.99999999999999,2,1,65,0.5
558,8874.919753,8874.169253,8874.357252,8874.867252,8878.048253,0,2.99999999999994,0.0299999999999997,8.99999999999999,2,1,65,0.5
559,8879.484253,8878.676752,8879.022753,8879.430753,8882.240253,0,2.99999999999994,0.0299999999999997,8.99999999999999,2,1,65,0.5
560,8883.546252,8882.910253,8883.111256,8883.546252,8888.743752,0,NaN,0,8.00000000000001,1,2,66,0.5
561,8890.504752,8889.165753,8889.722252,8890.502254,8893.520252,0,2.99999999999994,0.0299999999999997,8.99999999999999,2,1,65,0.5
562,8895.294756,8894.539752,8894.764252,8895.242247,8898.273753,0,2.99999999999994,0.0299999999999997,8.99999999999999,2,1,65,0.5
563,8899.710253,8898.988753,8899.232253,8899.710253,8900.252753,0,NaN,0,8.00000000000001,1,2,66,0.5
564,8910.965257,8909.718752,8910.057747,8910.913253,8915.208755,0,2.99999999999994,0.0299999999999997,8.99999999999999,2,1,65,0.5
565,8916.708752,8916.030252,8916.299753,8916.708752,8917.732252,0,NaN,0,8.00000000000001,1,2,66,0.5
566,8959.554252,8958.596753,8958.796753,8959.554252,8965.582253,0,NaN,0,8.00000000000001,1,2,66,0.5
567,8968.470753,8967.335753,8967.759755,8968.418253,8974.373753,1,2.99999999999994,0.0299999999999997,8.00000000000001,1,2,66,0.5
568,8975.837752,8974.932253,8975.216752,8975.784753,8978.478253,1,2.99999999999994,0.0299999999999997,8.00000000000001,1,2,66,0.5
569,8979.989257,8979.073252,8979.337753,8979.936253,8983.166757,1,2.99999999999994,0.0299999999999997,8.00000000000001,1,2,66,0.5
570,8985.013753,8983.898257,8984.199752,8984.960752,8988.593752,1,2.99999999999994,0.0299999999999997,8.00000000000001,1,2,66,0.5
571,8990.032753,8989.173753,8989.416247,8989.931252,8994.849253,1,NaN,0.00999999999999943,8.00000000000001,0,2,66,0.5
572,8996.695753,8995.815752,8996.075253,8996.642753,9000.371254,1,2.99999999999994,0.0299999999999997,8.00000000000001,1,2,66,0.5
573,9001.625252,9000.889755,9001.035754,9001.571755,9005.570252,1,2.99999999999994,0.0299999999999997,8.00000000000001,1,2,66,0.5
574,9007.633253,9006.424253,9006.841252,9007.579753,9010.641252,0,2.99999999999994,0.0299999999999997,8.99999999999999,2,1,65,0.5
575,9012.248257,9011.211253,9011.590253,9012.195253,9015.851753,0,2.99999999999994,0.0299999999999997,8.99999999999999,2,1,65,0.5
576,9017.774252,9016.961252,9017.095253,9017.721252,9020.973753,0,2.99999999999994,0.0299999999999997,8.99999999999999,2,1,65,0.5
577,9022.700752,9021.999252,9022.159753,9022.700752,9028.102753,0,NaN,0,8.00000000000001,1,2,66,0.5
578,9029.524253,9028.799753,9028.998257,9029.471753,9033.447753,1,2.99999999999994,0.0299999999999997,8.00000000000001,1,2,66,0.5
579,9034.785752,9034.161752,9034.234253,9034.769253,9038.498253,1,2.99999999999994,0.0299999999999997,8.00000000000001,1,2,66,0.5
580,9040.154253,9039.232753,9039.449754,9040.154253,9045.208757,1,NaN,0,8.99999999999999,0,1,65,0.5
581,9046.741752,9045.823753,9046.109252,9046.741752,9051.821253,0,NaN,0,8.00000000000001,1,2,66,0.5
582,9100.300253,9099.070252,9099.289252,9100.247752,9103.429257,1,2.99999999999994,0.0299999999999997,8.00000000000001,1,2,66,0.5
583,9108.077252,9106.789753,9107.066256,9108.077252,9111.990253,0,NaN,0,8.00000000000001,1,2,66,0.5
584,9117.059753,9115.937753,9116.291252,9117.059753,9121.431252,0,NaN,0,8.00000000000001,1,2,66,0.5
585,9125.032754,9124.056753,9124.327247,9124.979753,9131.102754,1,2.99999999999994,0.0299999999999997,8.00000000000001,1,2,66,0.5
586,9132.451252,9131.591753,9131.875252,9132.349757,9138.347753,1,NaN,0.00999999999999943,8.00000000000001,0,2,66,0.5
587,9141.652253,9140.524753,9140.998753,9141.599752,9145.808254,1,2.99999999999994,0.0299999999999997,8.00000000000001,1,2,66,0.5
588,9147.844752,9146.488253,9146.805253,9147.844752,9527.733255,1,NaN,0,8.99999999999999,0,1,65,0.5
589,9535.362253,9534.299752,9534.423752,9535.309752,9537.759252,0,2.99999999999994,0.0299999999999997,8.99999999999999,2,1,65,0.5
590,9540.119252,9539.148752,9539.540252,9540.119252,9545.776257,0,NaN,0,8.00000000000001,1,2,66,0.5
591,9547.867257,9547.264752,9547.384752,9547.814253,9551.180253,1,2.99999999999994,0.0299999999999997,8.00000000000001,1,2,66,0.5
592,9552.475253,9551.900252,9552.051753,9552.475253,9557.588253,1,NaN,0,8.99999999999999,0,1,65,0.5
593,9560.127253,9558.544253,9559.063752,9560.126252,9567.325253,0,NaN,0.00999999999999943,8.99999999999999,0,1,65,0.5
594,9569.139252,9567.854755,9568.417252,9569.139252,9573.775257,0,NaN,0,8.00000000000001,1,2,66,0.5
595,9576.382253,9574.509752,9575.432253,9576.329252,9578.921753,0,2.99999999999994,0.0299999999999997,8.99999999999999,2,1,65,0.5
596,9582.291754,9580.010752,9581.641252,9582.291754,9585.765755,0,NaN,0,8.00000000000001,1,2,66,0.5
597,9589.567253,9588.713753,9588.955753,9589.514253,9600.961753,1,2.99999999999994,0.0299999999999997,8.00000000000001,1,2,66,0.5
598,9602.581252,9601.591753,9601.888753,9602.581252,9608.707754,0,NaN,0,8.00000000000001,1,2,66,0.5
599,9612.427753,9610.894756,9611.696253,9612.375253,9615.439253,0,2.99999999999994,0.0299999999999997,8.99999999999999,2,1,65,0.5
600,9617.020752,9616.025753,9616.371253,9617.019752,9624.247255,0,NaN,0.00999999999999943,8.99999999999999,0,1,65,0.5
601,9627.175253,9626.207753,9626.632755,9627.121753,9631.526252,1,2.99999999999994,0.0299999999999997,8.00000000000001,1,2,66,0.5
602,9635.922253,9634.804252,9635.031755,9635.821253,9664.489253,1,NaN,0.00999999999999943,8.00000000000001,0,2,66,0.5
603,9694.967752,9693.259757,9693.629257,9694.965253,9698.420752,1,2.99999999999994,0.0299999999999997,8.00000000000001,1,2,66,0.5
604,9703.522754,9702.034254,9702.436253,9703.470254,9708.699253,1,2.99999999999994,0.0299999999999997,8.00000000000001,1,2,66,0.5
605,9712.414252,9711.246753,9711.676253,9712.414252,9720.803252,1,NaN,0,8.99999999999999,2,1,65,0.5
606,9723.252252,9721.211252,9722.006252,9723.249757,9725.812252,0,2.99999999999994,0.0299999999999997,8.99999999999999,2,1,65,0.5
607,9728.808753,9727.976752,9728.179753,9728.756252,9732.540252,1,2.99999999999994,0.0299999999999997,8.00000000000001,1,2,66,0.5
608,9734.093253,9733.279752,9733.528753,9734.040753,9737.327753,1,2.99999999999994,0.0299999999999997,8.00000000000001,1,2,66,0.5
609,9740.107253,9739.163752,9739.544753,9740.107253,9745.406253,1,NaN,0,8.99999999999999,2,1,65,0.5
610,9746.898753,9745.998753,9746.270252,9746.845753,9750.387253,1,2.99999999999994,0.0299999999999997,8.00000000000001,1,2,66,0.5
611,9751.732253,9751.109752,9751.256252,9751.732253,9757.489254,1,NaN,0,8.99999999999999,2,1,65,0.5
612,9759.490752,9758.205253,9758.832752,9759.490752,9768.317753,0,NaN,0,8.00000000000001,1,2,66,0.5
613,9769.616755,9768.743753,9769.049247,9769.564254,9772.996253,1,2.99999999999994,0.0299999999999997,8.00000000000001,1,2,66,0.5
614,9774.499753,9773.750253,9774.003254,9774.499753,9779.629252,1,NaN,0,8.99999999999999,2,1,65,0.5
615,9782.806753,9782.091257,9782.397253,9782.806753,9786.726753,1,NaN,0,8.99999999999999,2,1,65,0.5
616,9794.522753,9792.793752,9793.212253,9794.469753,9797.944753,0,2.99999999999994,0.0299999999999997,8.99999999999999,2,1,65,0.5
617,9800.189253,9799.031253,9799.418252,9800.187752,9806.264752,0,NaN,0.00999999999999943,8.99999999999999,0,1,65,0.5
618,9808.225754,9806.746253,9807.202757,9808.173252,9811.630757,0,2.99999999999994,0.0299999999999997,8.99999999999999,2,1,65,0.5
619,9813.343752,9812.513753,9812.784752,9813.290757,9816.436752,0,2.99999999999994,0.0299999999999997,8.99999999999999,2,1,65,0.5
620,9818.334753,9817.456752,9817.669752,9818.296252,9821.746253,0,2.99999999999994,0.0299999999999997,8.99999999999999,2,1,65,0.5
621,9823.021254,9822.274253,9822.548253,9823.021254,9829.155753,0,NaN,0,8.00000000000001,1,2,66,0.5
622,9830.875752,9829.629753,9830.011257,9830.873253,9834.587253,1,2.99999999999994,0.0299999999999997,8.00000000000001,1,2,66,0.5
623,9836.139753,9835.373253,9835.488253,9836.139753,9841.882757,1,NaN,0,8.99999999999999,2,1,65,0.5
624,9844.780247,9843.185253,9843.754253,9844.727752,9847.798753,0,2.99999999999994,0.0299999999999997,8.99999999999999,2,1,65,0.5
625,9849.297753,9848.436753,9848.760752,9849.297753,9855.514752,0,NaN,0,8.00000000000001,1,2,66,0.5
626,9857.854253,9856.297252,9856.952252,9857.851753,9862.082252,0,2.99999999999994,0.0299999999999997,8.99999999999999,2,1,65,0.5
627,9864.210253,9863.160252,9863.587252,9864.210253,9871.125255,0,NaN,0,8.00000000000001,1,2,66,0.5
628,9872.942257,9872.011258,9872.253254,9872.942257,9878.282253,0,NaN,0,8.00000000000001,1,2,66,0.5
629,9880.627753,9879.626253,9879.992752,9880.627753,9885.680752,0,NaN,0,8.00000000000001,1,2,66,0.5
630,9894.841253,9892.852253,9893.654252,9894.788253,9898.503253,0,2.99999999999994,0.0299999999999997,8.99999999999999,2,1,65,0.5
631,9899.981758,9899.139253,9899.403752,9899.981758,9905.418752,0,NaN,0,8.00000000000001,1,2,66,0.5
632,9907.459755,9906.571253,9906.736253,9907.407253,9911.410253,1,2.99999999999994,0.0299999999999997,8.00000000000001,1,2,66,0.5
633,9913.028254,9912.321252,9912.485252,9913.028254,9917.323255,1,NaN,0,8.99999999999999,2,1,65,0.5
634,9921.757753,9920.925752,9921.035752,9921.704753,9924.211753,1,2.99999999999994,0.0299999999999997,8.00000000000001,1,2,66,0.5
635,9925.713752,9925.192752,9925.239253,9925.660752,9929.395752,1,2.99999999999994,0.0299999999999997,8.00000000000001,1,2,66,0.5
636,9930.673757,9929.968757,9930.108755,9930.673757,9933.394253,1,NaN,0,8.99999999999999,2,1,65,0.5
637,9940.347256,9938.860753,9939.134753,9940.295253,9944.756752,1,2.99999999999994,0.0299999999999997,8.00000000000001,1,2,66,0.5
638,9946.930253,9946.134253,9946.370253,9946.930253,9949.726253,1,NaN,0,8.99999999999999,2,1,65,0.5
639,9953.498752,9952.636753,9952.866753,9953.445253,9956.852753,1,2.99999999999994,0.0299999999999997,8.00000000000001,1,2,66,0.5
640,9958.689753,9957.404753,9957.755752,9958.636752,9961.490754,0,2.99999999999994,0.0299999999999997,8.99999999999999,2,1,65,0.5
641,9963.351752,9962.172252,9962.529253,9963.348752,9966.425252,0,2.99999999999994,0.0299999999999997,8.99999999999999,2,1,65,0.5
642,9967.936753,9967.118256,9967.380253,9967.934752,9970.835753,0,2.99999999999994,0.0299999999999997,8.99999999999999,2,1,65,0.5
643,9972.547752,9971.841755,9972.002253,9972.547752,9978.502253,0,NaN,0,8.00000000000001,1,2,66,0.5
644,9981.424753,9980.122253,9980.421752,9981.371752,9984.929252,1,2.99999999999994,0.0299999999999997,8.00000000000001,1,2,66,0.5
645,9986.135253,9985.372752,9985.465253,9986.135253,9989.123257,1,NaN,0,8.99999999999999,0,1,65,0.5
646,10054.041753,10052.025253,10052.739753,10053.988753,10060.698753,0,2.99999999999994,0.0299999999999997,8.99999999999999,2,1,65,0.5
647,10062.668753,10061.487253,10061.870753,10062.615253,10067.118252,1,2.99999999999994,0.0299999999999997,8.00000000000001,1,2,66,0.5
648,10069.561753,10067.702753,10068.013253,10069.509252,10078.962752,1,2.99999999999994,0.0299999999999997,8.00000000000001,1,2,66,0.5
649,10080.766757,10079.412753,10079.837753,10080.713253,10083.716252,0,2.99999999999994,0.0299999999999997,8.99999999999999,2,1,65,0.5
650,10085.434253,10084.443753,10084.848753,10085.382252,10088.441752,0,2.99999999999994,0.0299999999999997,8.99999999999999,2,1,65,0.5
651,10090.117252,10089.109753,10089.540753,10090.116252,10096.041753,0,NaN,0.00999999999999943,8.99999999999999,0,1,65,0.5
652,10097.896256,10096.886753,10097.139253,10097.842755,10123.153253,1,2.99999999999994,0.0299999999999997,8.00000000000001,1,2,66,0.5
653,10125.07525,10123.744752,10124.211753,10125.022253,10128.792753,1,2.99999999999994,0.0299999999999997,8.00000000000001,1,2,66,0.5
654,10130.533253,10129.515753,10129.857752,10130.533253,10134.222252,1,NaN,0,8.99999999999999,2,1,65,0.5
655,10138.697757,10137.713252,10137.961253,10138.697757,10144.152753,0,NaN,0,8.00000000000001,1,2,66,0.5
656,10146.565253,10145.274753,10145.636753,10146.512253,10149.971753,1,2.99999999999994,0.0299999999999997,8.00000000000001,1,2,66,0.5
657,10151.643753,10150.763252,10150.947752,10151.643753,10157.874253,1,NaN,0,8.99999999999999,2,1,65,0.5
658,10159.411753,10158.570252,10158.778752,10159.359253,10163.035753,1,2.99999999999994,0.0299999999999997,8.00000000000001,1,2,66,0.5
659,10164.639253,10163.718753,10163.956253,10164.636753,10167.513255,1,2.99999999999994,0.0299999999999997,8.00000000000001,1,2,66,0.5
660,10169.007757,10168.285252,10168.398754,10168.954753,10172.184252,1,2.99999999999994,0.0299999999999997,8.00000000000001,1,2,66,0.5
661,10173.701247,10172.662752,10172.836252,10173.648747,10177.136252,1,2.99999999999994,0.0299999999999997,8.00000000000001,1,2,66,0.5
662,10178.437253,10177.734252,10177.873255,10178.437253,10183.472753,1,NaN,0,8.99999999999999,2,1,65,0.5
663,10185.403253,10184.041753,10184.540253,10185.350752,10188.713752,0,2.99999999999994,0.0299999999999997,8.99999999999999,2,1,65,0.5
664,10190.015753,10189.255753,10189.470253,10190.015753,10196.960753,0,NaN,0,8.00000000000001,1,2,66,0.5
665,10215.855753,10214.451253,10214.845252,10215.802757,10219.723752,0,2.99999999999994,0.0299999999999997,8.99999999999999,2,1,65,0.5
666,10221.888753,10220.935252,10221.289752,10221.885753,10225.175253,0,2.99999999999994,0.0299999999999997,8.99999999999999,2,1,65,0.5
667,10226.972253,10225.874252,10226.339753,10226.919257,10230.197252,0,2.99999999999994,0.0299999999999997,8.99999999999999,2,1,65,0.5
668,10231.773752,10230.750253,10231.037752,10231.672253,10237.237252,0,NaN,0.00999999999999943,8.99999999999999,0,1,65,0.5
669,10239.048753,10237.692253,10238.146253,10238.996747,10241.887756,0,2.99999999999994,0.0299999999999997,8.99999999999999,2,1,65,0.5
670,10244.524752,10243.647757,10243.881753,10244.472252,10250.266255,1,2.99999999999994,0.0299999999999997,8.00000000000001,1,2,66,0.5
671,10252.423752,10251.457755,10251.685752,10252.370753,10258.342752,1,2.99999999999994,0.0299999999999997,8.00000000000001,1,2,66,0.5
672,10260.279752,10259.008257,10259.402752,10260.227253,10263.425753,0,2.99999999999994,0.0299999999999997,8.99999999999999,2,1,65,0.5
673,10264.840752,10263.985253,10264.233753,10264.840752,10271.341753,0,NaN,0,8.00000000000001,1,2,66,0.5
674,10273.206252,10271.724253,10272.287252,10273.153752,10276.098252,0,2.99999999999994,0.0299999999999997,8.99999999999999,2,1,65,0.5
675,10277.745753,10276.765752,10277.105753,10277.745753,10316.905253,0,NaN,0,8.00000000000001,1,2,66,0.5
676,10318.627753,10317.645753,10317.788253,10318.574753,10325.205754,1,2.99999999999994,0.0299999999999997,8.00000000000001,1,2,66,0.5
677,10327.947753,10326.875253,10327.238253,10327.947753,10332.888252,1,NaN,0,8.99999999999999,2,1,65,0.5
678,10336.779753,10335.120252,10335.479252,10336.726752,10340.436252,1,2.99999999999994,0.0299999999999997,8.00000000000001,1,2,66,0.5
679,10341.807253,10341.073753,10341.227253,10341.754252,10349.444752,1,2.99999999999994,0.0299999999999997,8.00000000000001,1,2,66,0.5
680,10350.724753,10349.910752,10350.159253,10350.671253,10353.749752,1,2.99999999999994,0.0299999999999997,8.00000000000001,1,2,66,0.5
681,10355.011753,10354.439253,10354.471753,10354.958753,10358.636253,1,2.99999999999994,0.0299999999999997,8.00000000000001,1,2,66,0.5
682,10359.980752,10359.088253,10359.374754,10359.927254,10363.439257,1,2.99999999999994,0.0299999999999997,8.00000000000001,1,2,66,0.5
683,10366.553252,10365.675253,10365.731247,10366.549253,10369.630252,0,2.99999999999994,0.0299999999999997,8.99999999999999,2,1,65,0.5
684,10371.067253,10370.358753,10370.589253,10371.067253,10376.648752,0,NaN,0,8.00000000000001,1,2,66,0.5
685,10378.806253,10377.338753,10377.783754,10378.803753,10382.543254,0,2.99999999999994,0.0299999999999997,8.99999999999999,2,1,65,0.5
686,10384.000753,10383.115753,10383.444753,10383.947752,10386.877257,0,2.99999999999994,0.0299999999999997,8.99999999999999,2,1,65,0.5
687,10388.259752,10387.441253,10387.704753,10388.259752,10390.360252,0,NaN,0,8.00000000000001,0,2,66,0.5
688,10396.022753,10395.129752,10395.209253,10395.969253,10398.663253,0,2.99999999999994,0.0299999999999997,8.99999999999999,2,1,65,0.5
689,10399.903253,10399.108255,10399.385253,10399.903253,10425.427752,0,NaN,0,8.00000000000001,0,2,66,0.5
690,10426.722754,10425.857753,10426.150753,10426.670253,10432.251252,1,2.99999999999994,0.0299999999999997,8.00000000000001,1,2,66,0.5
691,10436.285253,10435.359253,10435.668252,10436.231757,10438.902252,1,2.99999999999994,0.0299999999999997,8.00000000000001,1,2,66,0.5
692,10440.215253,10439.292252,10439.669752,10440.215253,10450.215253,1,NaN,0,8.99999999999999,2,1,65,0.5
693,10451.741752,10450.669753,10450.962757,10451.640253,10453.766253,1,NaN,0.00999999999999943,8.00000000000001,0,2,66,0.5
694,10777.577253,10775.821253,10776.333253,10777.523757,10780.588752,0,2.99999999999994,0.0299999999999997,8.99999999999999,2,1,65,0.5
695,10782.769253,10781.718752,10781.800254,10782.716253,10785.899753,1,2.99999999999994,0.0299999999999997,8.00000000000001,1,2,66,0.5
696,10787.932753,10786.975253,10787.264752,10787.880752,10793.422253,1,2.99999999999994,0.0299999999999997,8.00000000000001,1,2,66,0.5
697,10795.220253,10793.991253,10794.441253,10795.167753,10798.016252,0,2.99999999999994,0.0299999999999997,8.99999999999999,2,1,65,0.5
698,10799.887753,10799.002252,10799.299252,10799.834755,10802.449252,0,2.99999999999994,0.0299999999999997,8.99999999999999,2,1,65,0.5
699,10804.192253,10803.150253,10803.471752,10804.191253,10809.830252,0,NaN,0.00999999999999943,8.99999999999999,0,1,65,0.5
700,10812.124253,10810.668252,10811.135253,10812.121253,10815.110252,0,2.99999999999994,0.0299999999999997,8.99999999999999,2,1,65,0.5
701,10816.664753,10815.651253,10815.955752,10816.612252,10819.515753,0,2.99999999999994,0.0299999999999997,8.99999999999999,2,1,65,0.5
702,10821.133254,10820.097258,10820.411752,10821.080253,10826.871753,1,2.99999999999994,0.0299999999999997,8.00000000000001,1,2,66,0.5
703,10828.692253,10827.388252,10827.838252,10828.639252,10831.400252,0,2.99999999999994,0.0299999999999997,8.99999999999999,2,1,65,0.5
704,10833.044752,10832.107753,10832.382752,10832.991253,10836.111252,1,2.99999999999994,0.0299999999999997,8.00000000000001,1,2,66,0.5
705,10848.267253,10846.889252,10847.243255,10848.214252,10851.446753,0,2.99999999999994,0.0299999999999997,8.99999999999999,2,1,65,0.5
706,10853.641254,10852.757253,10852.953752,10853.638753,10856.663254,0,2.99999999999994,0.0299999999999997,8.99999999999999,2,1,65,0.5
707,10859.556253,10858.697253,10858.816752,10859.503752,10863.240755,1,2.99999999999994,0.0299999999999997,8.00000000000001,1,2,66,0.5
708,10870.998753,10869.777253,10870.210752,10870.945753,10873.436752,0,2.99999999999994,0.0299999999999997,8.99999999999999,2,1,65,0.5
709,10875.002253,10874.016753,10874.277253,10875.002253,10879.803253,0,NaN,0,8.00000000000001,0,2,66,0.5
710,10882.489753,10881.567252,10881.842753,10882.437752,10885.667752,1,2.99999999999994,0.0299999999999997,8.00000000000001,1,2,66,0.5
711,10886.889753,10886.188253,10886.376252,10886.889753,10892.488752,1,NaN,0,8.99999999999999,2,1,65,0.5
712,10895.098747,10894.109257,10894.329753,10895.097252,10906.860757,1,NaN,0.00999999999999943,8.00000000000001,0,2,66,0.5
713,10909.267254,10908.001753,10908.344753,10909.214753,10911.723753,0,2.99999999999994,0.0299999999999997,8.99999999999999,2,1,65,0.5
714,10913.346753,10912.300753,10912.716255,10913.293753,10916.214752,0,2.99999999999994,0.0299999999999997,8.99999999999999,2,1,65,0.5
715,10920.126753,10919.119254,10919.503752,10920.074253,10923.151252,1,2.99999999999994,0.0299999999999997,8.00000000000001,1,2,66,0.5
716,10928.564753,10927.554253,10927.846752,10928.563753,10935.251253,1,NaN,0.00999999999999943,8.00000000000001,0,2,66,0.5
717,10936.913252,10935.714252,10936.270757,10936.860757,10939.980753,1,2.99999999999994,0.0299999999999997,8.00000000000001,1,2,66,0.5
718,10941.842253,10940.448252,10940.907253,10941.789253,10944.978253,0,2.99999999999994,0.0299999999999997,8.99999999999999,2,1,65,0.5
719,10947.443253,10946.458252,10946.753752,10947.390752,10951.136753,1,2.99999999999994,0.0299999999999997,8.00000000000001,1,2,66,0.5
720,10953.131253,10952.012253,10952.441252,10953.078753,10956.160752,0,2.99999999999994,0.0299999999999997,8.99999999999999,2,1,65,0.5
721,10957.951254,10956.923252,10957.203253,10957.849752,10964.694754,1,NaN,0.00999999999999943,8.00000000000001,0,2,66,0.5
722,10966.840757,10965.409253,10965.893752,10966.787753,10970.077753,0,2.99999999999994,0.0299999999999997,8.99999999999999,2,1,65,0.5
723,10971.771253,10970.700752,10971.137253,10971.718252,10974.635252,0,2.99999999999994,0.0299999999999997,8.99999999999999,2,1,65,0.5
724,10976.222752,10975.380252,10975.694253,10976.222752,10983.048252,0,NaN,0,8.00000000000001,1,2,66,0.5
725,10985.824252,10984.847753,10985.057753,10985.821253,10989.001753,1,2.99999999999994,0.0299999999999997,8.00000000000001,1,2,66,0.5
726,10990.625253,10989.445754,10989.845253,10990.623753,10993.917253,0,NaN,0.00999999999999943,8.99999999999999,0,1,65,0.5
727,10998.927753,10997.961257,10998.128753,10998.925253,11002.135252,1,2.99999999999994,0.0299999999999997,8.00000000000001,1,2,66,0.5
728,11003.719253,11002.936252,11003.215253,11003.665753,11006.775253,1,2.99999999999994,0.0299999999999997,8.00000000000001,1,2,66,0.5
729,11008.172253,11007.306253,11007.574753,11008.070253,11029.915253,1,NaN,0.00999999999999943,8.00000000000001,0,2,66,0.5
730,11031.631753,11030.344752,11030.693753,11031.578753,11034.508252,0,2.99999999999994,0.0299999999999997,8.99999999999999,2,1,65,0.5
731,11036.062253,11035.116254,11035.360754,11036.062253,11042.288752,0,NaN,0,8.00000000000001,1,2,66,0.5
732,11048.920753,11047.863753,11048.293754,11048.868253,11053.070754,1,2.99999999999994,0.0299999999999997,8.00000000000001,1,2,66,0.5
733,11054.624753,11053.611752,11053.767252,11054.623257,11060.887252,1,NaN,0.00999999999999943,8.00000000000001,0,2,66,0.5
734,11063.503752,11061.716252,11062.203753,11063.450253,11067.278754,0,2.99999999999994,0.0299999999999997,8.99999999999999,2,1,65,0.5
735,11070.194255,11069.370253,11069.608254,11070.141753,11073.570252,1,2.99999999999994,0.0299999999999997,8.00000000000001,1,2,66,0.5
736,11075.157753,11074.412753,11074.660754,11075.104753,11078.622253,1,2.99999999999994,0.0299999999999997,8.00000000000001,1,2,66,0.5
737,11080.042252,11079.106752,11079.458753,11079.989252,11083.472753,1,2.99999999999994,0.0299999999999997,8.00000000000001,1,2,66,0.5
738,11085.074753,11084.086252,11084.322757,11084.973752,11086.001758,1,NaN,0.00999999999999943,8.00000000000001,0,2,66,0.5
739,11466.004252,11464.236253,11464.639252,11466.004252,11466.111753,0,NaN,0,8.00000000000001,1,2,66,0.5
740,11693.251756,11691.226755,11691.631252,11693.251756,11712.276252,0,NaN,0,8.00000000000001,1,2,66,0.5
741,11715.134753,11713.151253,11713.706253,11715.081752,11720.717752,0,2.99999999999994,0.0299999999999997,8.99999999999999,2,1,65,0.5
742,11722.277252,11721.355753,11721.512252,11722.277252,11730.314253,1,NaN,0,8.99999999999999,2,1,65,0.5
743,11732.480753,11731.138252,11731.603252,11732.428252,11735.127252,0,2.99999999999994,0.0299999999999997,8.99999999999999,2,1,65,0.5
744,11737.514257,11736.615253,11736.845256,11737.461253,11742.213756,1,2.99999999999994,0.0299999999999997,8.00000000000001,1,2,66,0.5
745,11744.718753,11743.183753,11743.623753,11744.666253,11747.533753,0,2.99999999999994,0.0299999999999997,8.99999999999999,2,1,65,0.5
746,11749.413753,11748.319253,11748.728753,11749.361253,11753.151754,1,2.99999999999994,0.0299999999999997,8.00000000000001,1,2,66,0.5
747,11754.759753,11753.949752,11754.251752,11754.706755,11758.428754,1,2.99999999999994,0.0299999999999997,8.00000000000001,1,2,66,0.5
748,11760.348753,11759.494753,11759.774752,11760.296752,11763.654752,1,2.99999999999994,0.0299999999999997,8.00000000000001,1,2,66,0.5
749,11764.960753,11764.250752,11764.364753,11764.960753,11771.059753,1,NaN,0,8.99999999999999,2,1,65,0.5
750,11772.466753,11771.538754,11771.897753,11772.413252,11776.279252,1,2.99999999999994,0.0299999999999997,8.00000000000001,1,2,66,0.5
751,11778.276252,11776.783253,11777.284252,11778.223753,11781.084253,0,2.99999999999994,0.0299999999999997,8.99999999999999,2,1,65,0.5
752,11784.142252,11782.944752,11783.358753,11784.140753,11787.282252,1,NaN,0.00999999999999943,8.00000000000001,0,2,66,0.5
753,11794.868753,11793.523753,11794.020752,11794.816752,11797.555257,0,2.99999999999994,0.0299999999999997,8.99999999999999,2,1,65,0.5
754,11799.449253,11798.304757,11798.662252,11799.449253,11805.907753,0,NaN,0,8.00000000000001,0,2,66,0.5
755,11807.501252,11806.441252,11806.878253,11807.400252,11818.497753,1,NaN,0.00999999999999943,8.00000000000001,0,2,66,0.5
756,11820.829753,11819.421752,11819.859253,11820.776253,11823.775752,0,2.99999999999994,0.0299999999999997,8.99999999999999,2,1,65,0.5
757,11825.590254,11824.440752,11824.910252,11825.537255,11828.627253,0,2.99999999999994,0.0299999999999997,8.99999999999999,2,1,65,0.5
758,11830.301753,11829.414253,11829.686253,11830.301753,11836.612252,0,NaN,0,8.00000000000001,1,2,66,0.5
759,11838.892252,11837.296753,11837.855752,11838.839252,11841.645257,0,2.99999999999994,0.0299999999999997,8.99999999999999,2,1,65,0.5
760,11843.555756,11842.231752,11842.922252,11843.502753,11846.394753,0,2.99999999999994,0.0299999999999997,8.99999999999999,2,1,65,0.5
761,11850.191252,11848.834747,11849.552753,11850.138253,11853.946757,1,2.99999999999994,0.0299999999999997,8.00000000000001,1,2,66,0.5
762,11856.403253,11855.370253,11855.700252,11856.400253,11860.243752,1,2.99999999999994,0.0299999999999997,8.00000000000001,1,2,66,0.5
763,11862.532753,11861.522752,11861.804753,11862.532753,11868.003753,1,NaN,0,8.99999999999999,2,1,65,0.5
764,11870.879755,11869.598255,11869.953755,11870.826754,11873.270253,0,2.99999999999994,0.0299999999999997,8.99999999999999,2,1,65,0.5
765,11875.177753,11873.822253,11874.128755,11875.124252,11878.410252,1,2.99999999999994,0.0299999999999997,8.00000000000001,1,2,66,0.5
766,11879.923253,11879.096753,11879.380252,11879.869753,11883.597256,1,2.99999999999994,0.0299999999999997,8.00000000000001,1,2,66,0.5
767,11885.121752,11884.113752,11884.342254,11885.121752,11891.357753,1,NaN,0,8.99999999999999,2,1,65,0.5
768,11898.978257,11897.816753,11898.179252,11898.975753,11901.817254,0,2.99999999999994,0.0299999999999997,8.99999999999999,2,1,65,0.5
769,11903.207253,11902.320753,11902.625752,11903.153752,11906.154252,0,2.99999999999994,0.0299999999999997,8.99999999999999,2,1,65,0.5
770,11907.950252,11906.689753,11906.936252,11907.950252,11928.790752,0,NaN,0,8.00000000000001,1,2,66,0.5
771,11930.706253,11929.426253,11929.824752,11930.653753,11933.731753,0,2.99999999999994,0.0299999999999997,8.99999999999999,2,1,65,0.5
772,11935.344752,11934.373252,11934.713252,11935.292252,11938.586252,0,2.99999999999994,0.0299999999999997,8.99999999999999,2,1,65,0.5
773,11940.049752,11939.158753,11939.433253,11939.995756,11946.205253,0,NaN,0.00999999999999943,8.99999999999999,0,1,65,0.5
774,11948.759752,11947.611753,11947.770253,11948.757252,11952.005753,0,2.99999999999994,0.0299999999999997,8.99999999999999,2,1,65,0.5
775,11953.744753,11952.543252,11952.880752,11953.742752,11956.413752,0,2.99999999999994,0.0299999999999997,8.99999999999999,2,1,65,0.5
776,11958.790752,11958.035754,11958.200253,11958.738752,11962.241253,1,2.99999999999994,0.0299999999999997,8.00000000000001,1,2,66,0.5
777,11965.242753,11964.337753,11964.623753,11965.242753,11999.424752,1,NaN,0,8.99999999999999,0,1,65,0.5
778,12001.007752,11999.866253,12000.212252,12000.981252,12007.131754,0,NaN,0.00999999999999943,8.99999999999999,0,1,65,0.5
779,12009.409753,12008.385252,12008.853253,12009.409753,12014.546253,1,NaN,0,8.99999999999999,2,1,65,0.5
780,12017.309253,12016.298752,12016.633252,12017.256752,12021.750253,1,2.99999999999994,0.0299999999999997,8.00000000000001,1,2,66,0.5
781,12023.171252,12022.237753,12022.538253,12023.118253,12027.205252,1,2.99999999999994,0.0299999999999997,8.00000000000001,1,2,66,0.5
782,12028.551253,12027.732253,12028.046252,12028.551253,12034.807747,1,NaN,0,8.99999999999999,2,1,65,0.5
783,12042.863752,12041.521753,12041.955253,12042.810253,12046.150753,0,2.99999999999994,0.0299999999999997,8.99999999999999,2,1,65,0.5
784,12047.616253,12046.693753,12046.994752,12047.616253,12052.935754,0,NaN,0,8.00000000000001,1,2,66,0.5
785,12150.327253,12149.047753,12149.449252,12150.274252,12157.844252,1,2.99999999999994,0.0299999999999997,8.00000000000001,1,2,66,0.5
786,12159.323753,12158.475752,12158.713253,12159.271254,12164.544752,1,2.99999999999994,0.0299999999999997,8.00000000000001,1,2,66,0.5
787,12166.738253,12166.042253,12166.199252,12166.738253,12167.345253,1,NaN,0,8.99999999999999,2,1,65,0.5
788,12182.367252,12181.184752,12181.632257,12182.314254,12185.524753,0,2.99999999999994,0.0299999999999997,8.99999999999999,2,1,65,0.5
789,12187.292753,12186.336754,12186.637253,12187.239252,12190.139253,0,2.99999999999994,0.0299999999999997,8.99999999999999,2,1,65,0.5
790,12191.570253,12190.663252,12190.915752,12191.517753,12194.809752,1,2.99999999999994,0.0299999999999997,8.00000000000001,1,2,66,0.5
791,12197.358752,12196.096254,12196.510247,12197.306252,12200.006252,0,2.99999999999994,0.0299999999999997,8.99999999999999,2,1,65,0.5
792,12201.602752,12200.713253,12201.006753,12201.550253,12204.408252,0,2.99999999999994,0.0299999999999997,8.99999999999999,2,1,65,0.5
793,12206.559754,12205.753752,12205.956252,12206.506752,12209.390747,0,2.99999999999994,0.0299999999999997,8.99999999999999,2,1,65,0.5
794,12211.060253,12209.994253,12210.460757,12211.007752,12213.722253,0,2.99999999999994,0.0299999999999997,8.99999999999999,2,1,65,0.5
795,12215.273253,12214.438752,12214.689752,12215.220752,12218.305752,1,2.99999999999994,0.0299999999999997,8.00000000000001,1,2,66,0.5
796,12220.494753,12219.423753,12219.580253,12220.442252,12223.423752,1,2.99999999999994,0.0299999999999997,8.00000000000001,1,2,66,0.5
797,12224.621255,12223.971753,12224.097752,12224.621255,12230.683754,1,NaN,0,8.99999999999999,2,1,65,0.5
798,12232.597753,12231.480755,12231.892753,12232.544753,12235.799252,1,2.99999999999994,0.0299999999999997,8.00000000000001,1,2,66,0.5
799,12237.362753,12236.445253,12236.809752,12237.309753,12240.911257,1,2.99999999999994,0.0299999999999997,8.00000000000001,1,2,66,0.5
800,12243.015253,12241.814753,12242.100753,12243.013253,12246.254252,0,2.99999999999994,0.0299999999999997,8.99999999999999,2,1,65,0.5
801,12248.033753,12247.195752,12247.456252,12247.981252,12250.992753,0,2.99999999999994,0.0299999999999997,8.99999999999999,2,1,65,0.5
802,12252.338753,12251.604252,12251.794252,12252.338753,12257.308254,0,NaN,0,8.00000000000001,1,2,66,0.5
803,12259.561253,12258.889753,12258.937253,12259.561253,12264.956753,1,NaN,0,8.99999999999999,2,1,65,0.5
804,12268.544252,12267.820753,12267.900755,12268.491253,12271.577753,1,2.99999999999994,0.0299999999999997,8.00000000000001,1,2,66,0.5
805,12273.019253,12272.237252,12272.384752,12273.019253,12276.065253,1,NaN,0,8.99999999999999,2,1,65,0.5
806,12279.764752,12278.771754,12279.124252,12279.711753,12282.460253,0,2.99999999999994,0.0299999999999997,8.99999999999999,2,1,65,0.5
807,12283.845253,12283.006752,12283.214753,12283.792752,12286.686252,0,2.99999999999994,0.0299999999999997,8.99999999999999,2,1,65,0.5
808,12291.172252,12290.387252,12290.635257,12291.172252,12293.522753,0,NaN,0,8.00000000000001,1,2,66,0.5
809,12491.016752,12489.500753,12489.928752,12490.964252,12494.296757,0,2.99999999999994,0.0299999999999997,8.99999999999999,2,1,65,0.5
810,12496.361752,12495.203252,12495.356754,12496.309253,12502.373253,1,2.99999999999994,0.0299999999999997,8.00000000000001,1,2,66,0.5
811,12504.353758,12503.249752,12503.492752,12504.300755,12508.152752,1,2.99999999999994,0.0299999999999997,8.00000000000001,1,2,66,0.5
812,12510.621757,12509.632752,12510.011752,12510.621757,12521.202752,1,NaN,0,8.99999999999999,2,1,65,0.5
813,12526.342252,12525.292753,12525.611254,12526.240252,12531.088754,1,NaN,0.00999999999999943,8.00000000000001,0,2,66,0.5
814,12534.234753,12533.495253,12533.711253,12534.182252,12537.656757,1,2.99999999999994,0.0299999999999997,8.00000000000001,1,2,66,0.5
815,12539.148253,12538.404253,12538.539253,12539.095753,12542.781753,1,2.99999999999994,0.0299999999999997,8.00000000000001,1,2,66,0.5
816,12543.993753,12543.213753,12543.369253,12543.993753,12547.941253,1,NaN,0,8.99999999999999,2,1,65,0.5
817,12551.243753,12549.976252,12550.387753,12551.190752,12554.280254,1,2.99999999999994,0.0299999999999997,8.00000000000001,1,2,66,0.5
818,12555.972257,12554.757254,12555.193753,12555.919254,12558.851752,0,2.99999999999994,0.0299999999999997,8.99999999999999,2,1,65,0.5
819,12560.486252,12559.646753,12559.970753,12560.483752,12563.293252,0,2.99999999999994,0.0299999999999997,8.99999999999999,2,1,65,0.5
820,12564.765753,12563.915755,12564.202752,12564.712752,12567.245253,0,2.99999999999994,0.0299999999999997,8.99999999999999,2,1,65,0.5
821,12568.874753,12567.842252,12568.141252,12568.822752,12571.433753,0,2.99999999999994,0.0299999999999997,8.99999999999999,2,1,65,0.5
822,12572.919252,12572.094253,12572.369752,12572.917752,12579.164252,0,NaN,0.00999999999999943,8.99999999999999,0,1,65,0.5
823,12581.780753,12580.883253,12581.102253,12581.727757,12585.078753,1,2.99999999999994,0.0299999999999997,8.00000000000001,1,2,66,0.5
824,12586.280253,12585.459753,12585.736753,12586.227252,12590.148753,1,2.99999999999994,0.0299999999999997,8.00000000000001,1,2,66,0.5
825,12591.480253,12590.646752,12590.872752,12591.427252,12594.811253,1,2.99999999999994,0.0299999999999997,8.00000000000001,1,2,66,0.5
826,12596.427757,12595.317757,12595.750252,12596.425253,12599.226253,0,2.99999999999994,0.0299999999999997,8.99999999999999,2,1,65,0.5
827,12601.737253,12600.808753,12601.032254,12601.684253,12605.509253,1,2.99999999999994,0.0299999999999997,8.00000000000001,1,2,66,0.5
828,12607.232752,12606.496252,12606.727752,12607.232752,12611.937256,1,NaN,0,8.99999999999999,2,1,65,0.5
829,12617.204253,12615.914755,12616.254253,12617.201752,12621.178257,1,2.99999999999994,0.0299999999999997,8.00000000000001,1,2,66,0.5
830,12622.934753,12621.737253,12621.983252,12622.881753,12626.308257,1,2.99999999999994,0.0299999999999997,8.00000000000001,1,2,66,0.5
831,12628.102252,12627.444752,12627.549253,12628.102252,12632.360255,1,NaN,0,8.99999999999999,2,1,65,0.5
832,12635.533753,12634.142253,12634.591753,12635.533753,12642.459757,1,NaN,0,8.99999999999999,2,1,65,0.5
833,12647.158257,12645.723253,12646.025752,12647.104753,12650.027253,0,2.99999999999994,0.0299999999999997,8.99999999999999,2,1,65,0.5
834,12651.805253,12651.134252,12651.190756,12651.752753,12654.438257,0,2.99999999999994,0.0299999999999997,8.99999999999999,2,1,65,0.5
835,12655.748757,12655.116255,12655.322752,12655.748757,12660.980753,0,NaN,0,8.00000000000001,1,2,66,0.5
836,12662.905753,12661.511253,12661.963752,12662.903752,12665.472753,0,2.99999999999994,0.0299999999999997,8.99999999999999,2,1,65,0.5
837,12666.965252,12666.180255,12666.434253,12666.965252,12975.878252,0,NaN,0,8.00000000000001,1,2,66,0.5
838,12979.531252,12978.252753,12978.593253,12979.478752,12985.817753,1,2.99999999999994,0.0299999999999997,8.00000000000001,1,2,66,0.5
839,12987.362753,12986.477752,12986.686752,12987.309252,12990.705253,1,2.99999999999994,0.0299999999999997,8.00000000000001,1,2,66,0.5
840,12994.524252,12993.546752,12993.682256,12994.524252,12994.657753,0,NaN,0,8.00000000000001,1,2,66,0.5
841,13011.436753,13010.173753,13010.504247,13011.335257,13018.811752,0,NaN,0.00999999999999943,8.99999999999999,0,1,65,0.5
842,13027.447252,13026.304747,13026.731753,13027.394255,13044.727752,0,2.99999999999994,0.0299999999999997,8.99999999999999,2,1,65,0.5
843,13045.976752,13045.298251,13045.483752,13045.976752,13046.341752,1,NaN,0,8.99999999999999,2,1,65,0.5
844,13073.530753,13072.326252,13072.672753,13073.429252,13074.135253,0,NaN,0.00999999999999943,8.99999999999999,0,1,65,0.5
845,13089.085753,13088.175753,13088.420252,13089.032753,13092.745753,1,2.99999999999994,0.0299999999999997,8.00000000000001,1,2,66,0.5
846,13094.889253,13094.071752,13094.211755,13094.836253,13098.420753,1,2.99999999999994,0.0299999999999997,8.00000000000001,1,2,66,0.5
847,13119.219753,13117.987753,13118.216252,13119.167252,13124.004753,0,2.99999999999994,0.0299999999999997,8.99999999999999,2,1,65,0.5
848,13132.836752,13132.104753,13132.250755,13132.836752,13183.866252,1,NaN,0,8.99999999999999,2,1,65,0.5
849,13185.551752,13184.285252,13184.606252,13185.548753,13188.214757,0,2.99999999999994,0.0299999999999997,8.99999999999999,2,1,65,0.5
850,13190.151252,13189.320253,13189.484753,13190.098253,13194.354756,1,2.99999999999994,0.0299999999999997,8.00000000000001,1,2,66,0.5
851,13195.628253,13194.802753,13195.058752,13195.575752,13198.823253,1,2.99999999999994,0.0299999999999997,8.00000000000001,1,2,66,0.5
852,13200.266252,13199.452252,13199.589754,13200.213753,13203.586253,1,2.99999999999994,0.0299999999999997,8.00000000000001,1,2,66,0.5
853,13205.118255,13204.171753,13204.619753,13205.118255,13314.074252,1,NaN,0,8.99999999999999,2,1,65,0.5
854,13316.065753,13314.625753,13315.037252,13316.063752,13319.247756,0,2.99999999999994,0.0299999999999997,8.99999999999999,2,1,65,0.5
855,13321.928753,13321.098252,13321.174253,13321.928753,13325.826754,1,NaN,0,8.99999999999999,2,1,65,0.5
856,13330.833253,13329.910252,13330.174253,13330.780752,13333.666752,1,2.99999999999994,0.0299999999999997,8.00000000000001,1,2,66,0.5
857,13338.315253,13337.490757,13337.787252,13338.315253,13346.154252,1,NaN,0,8.99999999999999,2,1,65,0.5
858,13354.508753,13353.382752,13353.834753,13354.456247,13356.872255,0,2.99999999999994,0.0299999999999997,8.99999999999999,2,1,65,0.5
859,13358.657253,13357.495252,13357.732753,13358.654253,13361.264753,0,2.99999999999994,0.0299999999999997,8.99999999999999,2,1,65,0.5
860,13362.577753,13361.869252,13362.063753,13362.577753,13365.313252,1,NaN,0,8.99999999999999,2,1,65,0.5
861,13376.977252,13376.028252,13376.215255,13376.923753,13381.559253,1,2.99999999999994,0.0299999999999997,8.00000000000001,1,2,66,0.5
862,13392.773753,13383.383252,13383.683253,NaN,13398.725253,NaN,NaN,0,8.99999999999999,2,1,65,0.5
863,13400.801252,13400.057753,13400.179247,13400.801252,13404.745752,1,NaN,0,8.99999999999999,2,1,65,0.5
864,13408.102252,13406.739252,13407.310752,13408.048753,13410.615252,0,2.99999999999994,0.0299999999999997,8.99999999999999,2,1,65,0.5
865,13412.744254,13411.659753,13412.061257,13412.691755,13415.263253,0,2.99999999999994,0.0299999999999997,8.99999999999999,2,1,65,0.5
866,13417.134253,13416.388253,13416.525753,13417.081753,13420.265253,1,2.99999999999994,0.0299999999999997,8.00000000000001,1,2,66,0.5
867,13422.060753,13420.845753,13421.200252,13422.008253,13424.736753,0,2.99999999999994,0.0299999999999997,8.99999999999999,2,1,65,0.5
868,13427.158254,13426.255252,13426.511252,13427.105255,13431.826753,1,2.99999999999994,0.0299999999999997,8.00000000000001,1,2,66,0.5
869,13434.053257,13433.019753,13433.228753,13434.000252,13436.815252,0,2.99999999999994,0.0299999999999997,8.99999999999999,2,1,65,0.5
870,13438.255252,13437.472252,13437.788253,13438.202253,13441.073257,0,2.99999999999994,0.0299999999999997,8.99999999999999,2,1,65,0.5
871,13442.449252,13441.689252,13441.923256,13442.449252,13445.024753,0,NaN,0,8.00000000000001,1,2,66,0.5
872,13465.165752,13464.139752,13464.469752,13465.112253,13468.260753,1,2.99999999999994,0.0299999999999997,8.00000000000001,1,2,66,0.5
873,13469.889752,13468.943753,13469.204753,13469.888253,13474.644753,1,NaN,0.00999999999999943,8.00000000000001,0,2,66,0.5
874,13487.056752,13486.143252,13486.451252,13487.003752,13490.361757,1,2.99999999999994,0.0299999999999997,8.00000000000001,1,2,66,0.5
875,13491.937752,13491.054253,13491.286753,13491.936253,13492.282752,1,NaN,0.00999999999999943,8.00000000000001,0,2,66,0.5
876,13568.079752,13566.808753,13567.225253,13568.027252,13571.480253,0,2.99999999999994,0.0299999999999997,8.99999999999999,2,1,65,0.5
877,13578.927753,13577.863253,13578.096253,13578.927753,13579.086752,1,NaN,0,8.99999999999999,2,1,65,0.5
878,13619.355252,13618.434747,13618.697752,13619.355252,13628.033253,1,NaN,0,8.99999999999999,2,1,65,0.5
879,13646.544253,13643.561752,13643.697253,13646.544253,13646.724754,0,NaN,0,8.00000000000001,1,2,66,0.5
880,13697.741753,13696.722753,13697.065753,13697.689253,13702.564253,0,2.99999999999994,0.0299999999999997,8.99999999999999,2,1,65,0.5
881,13703.985252,13703.031253,13703.206754,13703.932753,13708.726253,1,2.99999999999994,0.0299999999999997,8.00000000000001,1,2,66,0.5
882,13710.607252,13709.784752,13709.958754,13710.607252,13783.602753,0,NaN,0,8.00000000000001,1,2,66,0.5
883,13791.860753,13790.604752,13791.065253,13791.807753,13794.199254,0,2.99999999999994,0.0299999999999997,8.99999999999999,2,1,65,0.5
884,13796.787252,13796.081753,13796.237753,13796.787252,13796.916754,1,NaN,0,8.99999999999999,0,1,65,0.5
885,13813.490752,13812.231753,13812.917753,13813.438252,13819.212752,1,2.99999999999994,0.0299999999999997,8.00000000000001,1,2,66,0.5
886,13825.381753,13823.897747,13824.427756,13825.328753,13830.208253,0,2.99999999999994,0.0299999999999997,8.99999999999999,2,1,65,0.5
887,13832.154753,13831.347254,13831.476253,13832.153747,13836.620253,0,NaN,0.00999999999999943,8.99999999999999,0,1,65,0.5
888,13839.407753,13838.152247,13838.602752,13839.354754,13842.677753,0,2.99999999999994,0.0299999999999997,8.99999999999999,2,1,65,0.5
889,13845.539255,13844.416255,13844.784753,13845.486753,13847.185253,1,2.99999999999994,0.0299999999999997,8.00000000000001,1,2,66,0.5
890,13849.674753,13848.214253,13848.741252,13849.673752,13850.246253,0,NaN,0.00999999999999943,8.99999999999999,0,1,65,0.5
891,13867.999257,13867.002252,13867.264752,13867.946753,13872.486253,1,2.99999999999994,0.0299999999999997,8.00000000000001,1,2,66,0.5
892,13884.448252,13883.272253,13883.593753,13884.346253,13918.036253,0,NaN,0.00999999999999943,8.99999999999999,0,1,65,0.5
893,13947.860253,13946.580253,13946.848253,NaN,13951.794253,NaN,NaN,0,8.00000000000001,1,2,66,0.5
894,13954.696253,13953.630252,13953.953253,13954.642752,13957.320757,0,2.99999999999994,0.0299999999999997,8.99999999999999,2,1,65,0.5
895,13959.692753,13958.823253,13959.161753,13959.640752,13962.506753,1,2.99999999999994,0.0299999999999997,8.00000000000001,1,2,66,0.5
896,13980.078753,13978.968252,13979.329253,13980.026252,13983.368252,1,2.99999999999994,0.0299999999999997,8.00000000000001,1,2,66,0.5
897,14290.389753,14289.078253,14289.783753,NaN,NaN,NaN,NaN,0,8.00000000000001,1,2,66,0.5
898,14328.922252,14318.300752,14318.357753,NaN,14348.769253,NaN,NaN,0,8.99999999999999,2,1,65,0.5
899,14359.876748,14358.744252,14359.054752,14359.774754,14360.240753,1,NaN,0.00999999999999943,8.00000000000001,0,2,66,0.5
900,14539.544254,14535.872257,14536.127252,14539.544254,14539.666754,0,NaN,0,8.00000000000001,1,2,66,0.5
901,14548.866252,14547.596754,14548.096753,14548.813752,14552.812252,0,2.99999999999994,0.0299999999999997,8.99999999999999,2,1,65,0.5
902,14555.319252,14554.515753,14554.659252,14555.266253,14559.079253,1,2.99999999999994,0.0299999999999997,8.00000000000001,1,2,66,0.5
903,14571.656253,14570.314254,14570.550254,14571.656253,14580.804253,0,NaN,0,8.00000000000001,1,2,66,0.5
904,14584.656253,14583.491252,14583.754254,14584.603752,14591.760253,1,2.99999999999994,0.0299999999999997,8.00000000000001,1,2,66,0.5
905,14593.622254,14592.538752,14592.872752,14593.569254,14595.995752,0,2.99999999999994,0.0299999999999997,8.99999999999999,2,1,65,0.5
906,14597.881252,14597.067753,14597.263749,14597.828252,14600.115253,1,2.99999999999994,0.0299999999999997,8.00000000000001,1,2,66,0.5
907,14602.424253,14601.287753,14601.684753,14602.371753,14604.956252,0,2.99999999999994,0.0299999999999997,8.99999999999999,2,1,65,0.5
908,14606.887753,14605.670252,14605.907752,14606.834256,14609.943257,1,2.99999999999994,0.0299999999999997,8.00000000000001,1,2,66,0.5
909,14612.476753,14611.394252,14611.721756,14612.375255,14623.118752,0,NaN,0.00999999999999943,8.99999999999999,0,1,65,0.5
910,14625.706752,14624.626755,14624.851247,14625.706752,14646.157252,0,NaN,0,8.00000000000001,1,2,66,0.5
911,14655.768752,14654.758752,14655.08175,14655.715752,14659.778253,0,2.99999999999994,0.0299999999999997,8.99999999999999,2,1,65,0.5
912,14661.205753,14660.388752,14660.544252,14661.152752,14664.428252,1,2.99999999999994,0.0299999999999997,8.00000000000001,1,2,66,0.5
913,14665.812757,14665.120755,14665.354753,14665.812757,14669.862252,1,NaN,0,8.99999999999999,2,1,65,0.5
914,14677.625253,14672.428752,14672.714257,14677.024753,NaN,1,NaN,0.00999999999999943,8.00000000000001,0,2,66,0.5
915,14695.284757,14694.148753,14694.498752,14695.183752,14695.735753,0,NaN,0.00999999999999943,8.99999999999999,0,1,65,0.5
916,14706.526753,14705.478253,14705.672253,14706.474253,14710.362255,1,2.99999999999994,0.0299999999999997,8.00000000000001,1,2,66,0.5
917,14761.297253,14759.302252,14759.896253,14761.244253,14771.087752,0,2.99999999999994,0.0299999999999997,8.99999999999999,2,1,65,0.5
918,14833.153752,14831.584252,14831.974253,14833.151253,14841.495753,0,2.99999999999994,0.0299999999999997,8.99999999999999,2,1,65,0.5
919,14845.569752,14844.475757,14844.882252,14845.517257,14848.285753,1,2.99999999999994,0.0299999999999997,8.00000000000001,1,2,66,0.5
920,14851.021752,14850.134753,14850.497253,14851.021752,14851.306252,1,NaN,0,8.99999999999999,2,1,65,0.5
921,14862.937753,14862.063253,14862.296252,14862.836254,14863.301752,1,NaN,0.00999999999999943,8.00000000000001,0,2,66,0.5
922,14940.456253,14939.297752,14939.865753,14940.403752,14942.825752,1,2.99999999999994,0.0299999999999997,8.00000000000001,1,2,66,0.5
923,14946.680753,14944.332253,14944.472252,14946.680753,14954.096752,0,NaN,0,8.00000000000001,1,2,66,0.5
924,14957.484753,14956.340252,14956.728254,14957.431753,14959.590753,0,2.99999999999994,0.0299999999999997,8.99999999999999,2,1,65,0.5
925,14961.465253,14960.652752,14960.876753,14961.412252,14966.864252,1,2.99999999999994,0.0299999999999997,8.00000000000001,1,2,66,0.5
926,14968.700752,14967.604255,14967.989253,14968.698253,14971.508252,0,2.99999999999994,0.0299999999999997,8.99999999999999,2,1,65,0.5
927,14973.242254,14972.459753,14972.635253,14973.190254,14976.335752,1,2.99999999999994,0.0299999999999997,8.00000000000001,1,2,66,0.5
928,14979.961753,14977.831753,14979.125253,14979.908757,14982.940253,0,2.99999999999994,0.0299999999999997,8.99999999999999,2,1,65,0.5
929,14984.667253,14983.874753,14984.056753,14984.615252,14988.045252,1,2.99999999999994,0.0299999999999997,8.00000000000001,1,2,66,0.5
930,14989.961753,14988.624252,14989.194257,14989.908753,14995.375252,0,2.99999999999994,0.0299999999999997,8.99999999999999,2,1,65,0.5
931,14997.260753,14996.394254,14996.719257,14997.207252,15000.297753,1,2.99999999999994,0.0299999999999997,8.00000000000001,1,2,66,0.5
932,15002.000253,15001.099754,15001.425253,15001.948252,15005.158253,1,2.99999999999994,0.0299999999999997,8.00000000000001,1,2,66,0.5
933,15007.127253,15006.520753,15006.618753,15007.127253,15011.956256,1,NaN,0,8.99999999999999,2,1,65,0.5
934,15016.687753,15015.608752,15015.912253,15016.686753,15016.819753,1,NaN,0.00999999999999943,8.00000000000001,0,2,66,0.5
935,15023.291252,15022.351752,15022.648259,15023.238753,15026.173252,1,2.99999999999994,0.0299999999999997,8.00000000000001,1,2,66,0.5
936,15029.976253,15028.663254,15029.131252,15029.923253,15032.393754,0,2.99999999999994,0.0299999999999997,8.99999999999999,2,1,65,0.5
937,15034.042252,15033.138252,15033.408253,15034.033753,15036.767253,0,2.99999999999994,0.0299999999999997,8.99999999999999,2,1,65,0.5
938,15038.137752,15037.404253,15037.677753,15038.137752,15038.304753,0,NaN,0,8.00000000000001,1,2,66,0.5
939,15057.932753,15056.612252,15056.989753,15057.879752,15060.305253,0,2.99999999999994,0.0299999999999997,8.99999999999999,2,1,65,0.5
940,15061.825253,15060.963253,15061.268753,15061.772252,15064.249753,0,2.99999999999994,0.0299999999999997,8.99999999999999,2,1,65,0.5
941,15066.074253,15064.858752,15065.095247,15066.071253,15073.365752,1,2.99999999999994,0.0299999999999997,8.00000000000001,1,2,66,0.5
942,15075.104252,15074.157752,15074.449252,15075.051253,15079.074253,1,2.99999999999994,0.0299999999999997,8.00000000000001,1,2,66,0.5
943,15080.765752,15079.951752,15080.198253,15080.664253,15081.218253,1,NaN,0.00999999999999943,8.00000000000001,0,2,66,0.5
944,15094.188254,15093.303253,15093.574253,15094.135753,15095.814754,1,2.99999999999994,0.0299999999999997,8.00000000000001,1,2,66,0.5
945,15097.466752,15096.790753,15096.983255,15097.414253,15100.327753,1,2.99999999999994,0.0299999999999997,8.00000000000001,1,2,66,0.5
946,15103.405753,15102.263752,15102.685252,15103.402753,15105.676252,0,2.99999999999994,0.0299999999999997,8.99999999999999,2,1,65,0.5
947,15107.162752,15106.449753,15106.551253,15107.109753,15313.563256,1,2.99999999999994,0.0299999999999997,8.00000000000001,1,2,66,0.5
948,15322.387753,15321.369253,15321.742253,15322.335252,15325.524757,0,2.99999999999994,0.0299999999999997,8.99999999999999,2,1,65,0.5
949,15683.809253,15682.721253,15683.116753,15683.756253,15685.923253,1,2.99999999999994,0.0299999999999997,8.00000000000001,1,2,66,0.5
950,15690.223252,15689.041252,15689.407758,15690.170253,15692.640752,0,2.99999999999994,0.0299999999999997,8.99999999999999,2,1,65,0.5
951,15695.747753,15694.809753,15695.003252,15695.694753,15720.201757,1,2.99999999999994,0.0299999999999997,8.00000000000001,1,2,66,0.5
952,15739.512253,15738.150753,15738.647253,15739.459253,15743.380251,0,2.99999999999994,0.0299999999999997,8.99999999999999,2,1,65,0.5
953,15745.283253,15744.468252,15744.788752,15745.230752,15747.928252,1,2.99999999999994,0.0299999999999997,8.00000000000001,1,2,66,0.5
954,15753.524754,15752.597753,15752.868252,15753.524754,15817.129752,1,NaN,0,8.99999999999999,2,1,65,0.5
955,15838.976253,15837.857252,15838.191754,15838.923757,15863.168253,0,2.99999999999994,0.0299999999999997,8.99999999999999,2,1,65,0.5
956,15876.013252,15874.945253,15875.192753,15876.012252,15878.433752,1,NaN,0.00999999999999943,8.00000000000001,0,2,66,0.5
957,15898.318252,15897.423757,15897.651252,15898.265253,15901.588754,1,2.99999999999994,0.0299999999999997,8.00000000000001,1,2,66,0.5
958,15903.240753,15902.453254,15902.717753,15903.188252,15906.608752,1,2.99999999999994,0.0299999999999997,8.00000000000001,1,2,66,0.5
959,15919.402753,15908.781247,15909.012752,NaN,NaN,NaN,NaN,0,8.00000000000001,0,2,66,0.5
960,16000.818253,16000.040253,16000.193253,16000.716257,16030.863253,1,NaN,0.00999999999999943,8.00000000000001,0,2,66,0.5
961,16032.359755,16031.561252,16031.622252,16032.356755,16041.006252,0,2.99999999999994,0.0299999999999997,8.99999999999999,2,1,65,0.5
962,16113.246752,16102.624754,16103.031255,NaN,NaN,NaN,NaN,0,8.00000000000001,0,2,66,0.5
963,16389.128253,16383.609755,16383.995252,16389.075752,16391.872753,0,2.99999999999994,0.0299999999999997,8.99999999999999,2,1,65,0.5
964,16414.914752,16413.929253,16414.144252,16414.861751,16419.549752,1,2.99999999999994,0.0299999999999997,8.00000000000001,1,2,66,0.5
965,16422.200253,16421.234752,16421.550253,16422.197753,16425.884253,1,2.99999999999994,0.0299999999999997,8.00000000000001,1,2,66,0.5
966,16442.065753,16441.099247,16441.324753,16442.064753,16504.469753,1,NaN,0.00999999999999943,8.00000000000001,0,2,66,0.5
967,16513.989753,16513.012757,16513.270752,16513.988752,16514.661252,1,NaN,0.00999999999999943,8.00000000000001,0,2,66,0.5
968,16586.575753,16583.941752,16584.180253,16586.575753,16711.727757,0,NaN,0,8.00000000000001,0,2,66,0.5
969,16717.187253,16716.050752,16716.444252,16717.187253,16732.376752,0,NaN,0,8.00000000000001,1,2,66,0.5
970,16788.759753,16787.853252,16788.015753,16788.707253,16793.258252,1,2.99999999999994,0.0299999999999997,8.00000000000001,1,2,66,0.5
971,16804.827753,16794.206752,16794.369753,NaN,NaN,NaN,NaN,0,8.00000000000001,1,2,66,0.5
972,16814.027754,16812.615253,16813.063252,16813.974752,16816.261754,0,2.99999999999994,0.0299999999999997,8.99999999999999,2,1,65,0.5
973,16817.717252,16816.927252,16817.116753,16817.615253,16819.175253,1,NaN,0.00999999999999943,8.00000000000001,0,2,66,0.5
974,16978.925254,16977.896252,16978.240753,16978.872254,17026.897253,1,2.99999999999994,0.0299999999999997,8.00000000000001,1,2,66,0.5
975,17038.627252,17037.540253,17037.863254,17038.575252,17041.595252,1,2.99999999999994,0.0299999999999997,8.00000000000001,1,2,66,0.5
976,17044.371752,17042.552753,17042.979253,17044.318752,17046.790253,0,2.99999999999994,0.0299999999999997,8.99999999999999,2,1,65,0.5
977,17049.039254,17047.608753,17047.762253,17048.489252,17053.154252,1,NaN,0,8.00000000000001,1,2,66,0.5
978,17058.460752,17057.413255,17057.502752,17058.408253,17067.061253,1,2.99999999999994,0.0299999999999997,8.00000000000001,1,2,66,0.5
979,17069.331752,17068.353753,17068.643753,17069.328753,17073.594253,1,2.99999999999994,0.0299999999999997,8.00000000000001,1,2,66,0.5
980,17075.449253,17074.359252,17074.573254,17075.447755,17080.928753,1,NaN,0.00999999999999943,8.00000000000001,0,2,66,0.5
981,17083.695753,17082.027753,17082.561752,17083.642753,17086.710253,0,2.99999999999994,0.0299999999999997,8.99999999999999,2,1,65,0.5
982,17088.618253,17087.960753,17087.975753,17088.565253,17092.668753,1,2.99999999999994,0.0299999999999997,8.00000000000001,1,2,66,0.5
983,17094.109753,17093.223258,17093.489254,17094.056753,17098.201252,1,2.99999999999994,0.0299999999999997,8.00000000000001,1,2,66,0.5
984,17099.851752,17098.957752,17099.180252,17099.799253,17102.977253,1,2.99999999999994,0.0299999999999997,8.00000000000001,1,2,66,0.5
985,17106.340253,17105.245253,17105.655253,17106.337753,17108.821753,0,2.99999999999994,0.0299999999999997,8.99999999999999,2,1,65,0.5
986,17110.283757,17109.492253,17109.680752,17110.231253,17113.520753,1,2.99999999999994,0.0299999999999997,8.00000000000001,1,2,66,0.5
987,17114.869252,17114.336252,17114.407255,17114.869252,17118.955752,1,NaN,0,8.99999999999999,2,1,65,0.5
988,17122.286752,17121.258252,17121.641753,17122.286752,17125.840253,0,NaN,0,8.00000000000001,1,2,66,0.5
989,17134.875253,17134.035752,17134.308754,17134.822253,17139.475253,1,2.99999999999994,0.0299999999999997,8.00000000000001,1,2,66,0.5
990,17141.102755,17139.916257,17140.274757,17141.050252,17143.974253,0,2.99999999999994,0.0299999999999997,8.99999999999999,2,1,65,0.5
991,17146.037252,17145.274752,17145.421252,17146.035753,17151.967252,0,NaN,0.00999999999999943,8.99999999999999,0,1,65,0.5
992,17154.330752,17153.120253,17153.571252,17154.278252,17157.489753,0,2.99999999999994,0.0299999999999997,8.99999999999999,2,1,65,0.5
993,17159.052752,17158.047253,17158.450253,17159.000253,17162.522253,1,2.99999999999994,0.0299999999999997,8.00000000000001,1,2,66,0.5
994,17164.204252,17163.496752,17163.684252,17164.204252,17205.620253,1,NaN,0,8.99999999999999,0,1,65,0.5
995,17313.366753,17312.268753,17312.601253,17313.265752,17343.718252,0,NaN,0.00999999999999943,8.99999999999999,0,1,65,0.5
996,17349.939753,17348.795254,17349.239755,17349.939753,17355.246753,1,NaN,0,8.99999999999999,0,1,65,0.5
997,17358.160253,17357.315753,17357.563253,17358.107752,17360.543752,1,2.99999999999994,0.0299999999999997,8.00000000000001,1,2,66,0.5
998,17362.167253,17361.377757,17361.580752,17362.164752,NaN,1,2.99999999999994,0.0299999999999997,8.00000000000001,1,2,66,0.5
