trial,outcome,center_in,center_out,side_in,last_side_out,actions,reward,trial_types,odors,port_side,schedule,odor_name,odor_dur
1,145.625524,139.727531,139.862863,145.572191,146.12819,0,1.99999999999996,0.0200000000000003,5.99999999999996,2,1,65,0.5
2,155.376848,148.074188,148.236855,155.376848,164.816172,0,NaN,0,7.00000000000003,1,2,66,0.5
3,166.958836,166.33417,166.405503,166.918836,177.150826,0,1.99999999999996,0.0200000000000003,5.99999999999996,2,1,65,0.5
4,178.784824,178.058158,178.080158,178.731491,179.888823,0,1.99999999999996,0.0200000000000003,5.99999999999996,2,1,65,0.5
5,184.072819,183.354153,183.512153,184.072819,196.928806,0,NaN,0,7.00000000000003,1,2,66,0.5
6,200.054136,198.932138,199.394804,200.000803,202.392134,1,1.99999999999996,0.0200000000000003,7.00000000000003,1,2,66,0.5
7,204.860132,204.257466,204.330799,204.806798,207.598129,0,1.99999999999996,0.0200000000000003,5.99999999999996,2,1,65,0.5
8,213.257457,209.111461,210.953459,213.257457,236.980766,1,NaN,0,5.99999999999996,2,1,65,0.5
9,238.538098,237.765432,237.810765,238.484765,256.76408,1,1.99999999999996,0.0200000000000003,7.00000000000003,1,2,66,0.5
10,261.067409,257.330746,257.402746,261.067409,264.794738,1,NaN,0,5.99999999999996,2,1,65,0.5
11,280.901389,277.982725,278.778058,280.350056,284.350719,1,NaN,0,7.00000000000003,1,2,66,0.5
12,287.434049,286.72205,286.840716,287.380716,288.036715,0,1.99999999999996,0.0200000000000003,5.99999999999996,2,1,65,0.5
13,360.364643,359.451977,359.613977,360.364643,375.079295,1,NaN,0,5.99999999999996,2,1,65,0.5
14,395.906607,383.283953,383.651286,NaN,436.621233,NaN,NaN,0,7.00000000000003,1,2,66,0.5
15,438.623231,437.185233,437.974565,438.623231,438.905231,0,NaN,0,7.00000000000003,1,2,66,0.5
16,457.395879,446.894556,447.735222,NaN,466.645203,NaN,NaN,0,5.99999999999996,2,1,65,0.5
17,472.075198,470.287866,470.914532,472.021865,481.834521,1,1.99999999999996,0.0200000000000003,7.00000000000003,1,2,66,0.5
18,483.393186,482.503187,482.622521,483.339853,585.974417,0,1.99999999999996,0.0200000000000003,5.99999999999996,2,1,65,0.5
19,664.367005,662.688341,663.169007,664.313672,687.974315,0,1.99999999999996,0.0200000000000003,5.99999999999996,2,1,65,0.5
20,689.271647,688.562981,688.673648,689.271647,695.248308,0,NaN,0,7.00000000000003,1,2,66,0.5
21,697.108306,696.007641,696.09764,697.054973,699.172304,1,1.99999999999996,0.0200000000000003,7.00000000000003,1,2,66,0.5
22,702.023634,700.11697,700.250303,702.023634,725.566278,0,NaN,0,7.00000000000003,1,2,66,0.5
23,728.986274,727.392276,727.476276,728.986274,999.165337,1,NaN,0,5.99999999999996,2,1,65,0.5
24,1003.899333,1000.442669,1002.544001,1003.899333,1013.662656,1,NaN,0,5.99999999999996,2,1,65,0.5
25,1016.40332,1015.501321,1015.575988,1016.40332,1021.410648,1,NaN,0,5.99999999999996,2,1,65,0.5
26,1028.556641,1027.555976,1027.715975,1028.556641,1032.627304,1,NaN,0,5.99999999999996,2,1,65,0.5
27,1037.701965,1035.885301,1036.832633,1037.701965,1038.117965,1,NaN,0,5.99999999999996,2,1,65,0.5
28,1169.787833,1165.121838,1167.029836,1169.787833,1180.009156,1,NaN,0,5.99999999999996,2,1,65,0.5
29,1183.707819,1182.417821,1182.817154,1183.707819,1188.391148,1,NaN,0,5.99999999999996,2,1,65,0.5
30,1192.421144,1189.931147,1191.287812,1192.367811,1193.859143,1,1.99999999999996,0.0200000000000003,7.00000000000003,1,2,66,0.5
31,1201.269135,1196.330474,1197.537139,1201.215802,1487.104183,0,1.99999999999996,0.0200000000000003,5.99999999999996,2,1,65,0.5
32,1490.532179,1488.441515,1489.737513,1490.532179,1495.063508,0,NaN,0,7.00000000000003,1,2,66,0.5
33,1501.290835,1499.367504,1499.38817,1501.237502,1514.308822,1,1.99999999999996,0.0200000000000003,7.00000000000003,1,2,66,0.5
34,1518.468818,1516.47482,1516.875486,1518.468818,1518.718151,0,NaN,0,7.00000000000003,1,2,66,0.5
35,1536.3528,1534.938135,1535.312135,1536.299467,1554.017449,1,1.99999999999996,0.0200000000000003,7.00000000000003,1,2,66,0.5
36,1558.090112,1556.141447,1556.35678,1558.037445,1561.150775,0,1.99999999999996,0.0200000000000003,5.99999999999996,2,1,65,0.5
37,1564.146106,1562.878774,1562.952774,1564.092772,1579.220757,1,1.99999999999996,0.0200000000000003,7.00000000000003,1,2,66,0.5
38,1603.6554,1602.520067,1602.852734,1603.6554,1613.22539,0,NaN,0,7.00000000000003,1,2,66,0.5
39,1617.717385,1614.187389,1614.396055,1617.714719,1623.761379,1,1.99999999999996,0.0200000000000003,7.00000000000003,1,2,66,0.5
40,1626.99671,1624.586712,1624.697378,1626.99671,1629.878707,1,NaN,0,5.99999999999996,2,1,65,0.5
41,1635.604701,1633.814036,1634.100702,1635.602034,1661.248009,1,1.99999999999996,0.0200000000000003,7.00000000000003,1,2,66,0.5
42,1664.884005,1662.95934,1663.846673,1664.884005,1665.152671,0,NaN,0,7.00000000000003,1,2,66,0.5
43,1673.298663,1672.337998,1672.544664,1673.24533,1707.861962,1,1.99999999999996,0.0200000000000003,7.00000000000003,1,2,66,0.5
44,1710.694626,1709.623294,1709.955293,1710.694626,1714.656622,0,NaN,0,7.00000000000003,1,2,66,0.5
45,1718.067285,1717.095953,1717.451286,1718.067285,1722.107281,0,NaN,0,7.00000000000003,1,2,66,0.5
46,1725.229945,1723.942613,1724.434612,1725.229945,1732.677271,0,NaN,0,7.00000000000003,1,2,66,0.5
47,1875.864461,1863.241807,1863.753806,NaN,NaN,NaN,NaN,0,7.00000000000003,1,2,66,0.5
48,2322.862014,2318.054018,2320.944016,2322.862014,2326.33001,0,NaN,0,7.00000000000003,1,2,66,0.5
49,2380.907956,2368.664635,2369.381967,NaN,2441.323229,NaN,NaN,0,7.00000000000003,1,2,66,0.5
50,2574.387095,2572.211098,2573.153097,2574.387095,2623.159047,1,NaN,0,5.99999999999996,2,1,65,0.5
51,2627.806375,2624.678379,2624.798378,2627.806375,2634.703702,0,NaN,0,7.00000000000003,1,2,66,0.5
52,2637.369032,2636.4977,2636.523033,2637.369032,2641.903695,1,NaN,0,5.99999999999996,2,1,65,0.5
53,2644.647692,2643.563693,2643.909026,2644.594359,2650.625019,0,1.99999999999996,0.0200000000000003,5.99999999999996,2,1,65,0.5
54,2652.655684,2651.469685,2651.635018,2652.655684,2690.285646,1,NaN,0,5.99999999999996,2,1,65,0.5
55,2692.99031,2691.906311,2692.206311,2692.99031,2695.902307,1,NaN,0,5.99999999999996,2,1,65,0.5
56,2702.246301,2700.14297,2700.204971,2702.246301,2717.300953,1,NaN,0,5.99999999999996,2,1,65,0.5
57,3116.007221,3113.415223,3114.073889,3116.004554,3117.537886,1,1.99999999999996,0.0200000000000003,7.00000000000003,1,2,66,0.5
58,3125.439878,3119.791883,3120.459216,3125.386544,3234.576435,0,1.99999999999996,0.0200000000000003,5.99999999999996,2,1,65,0.5
59,3237.101766,3235.605101,3236.078434,3237.101766,3245.371758,1,NaN,0,5.99999999999996,2,1,65,0.5
60,3247.787089,3246.872423,3246.940423,3247.733755,3254.582415,1,1.99999999999996,0.0200000000000003,7.00000000000003,1,2,66,0.5
61,3257.663747,3256.713746,3256.75308,3257.610412,3319.78235,0,1.99999999999996,0.0200000000000003,5.99999999999996,2,1,65,0.5
62,5839.734497,5837.745832,5838.154498,5839.681164,5852.187151,0,1.99999999999996,0.0200000000000003,5.99999999999996,2,1,65,0.5
63,5855.317815,5853.67315,5853.749149,5855.317815,6074.989595,1,NaN,0,5.99999999999996,2,1,65,0.5
64,6078.358258,6076.841593,6076.878926,6078.304925,6086.659583,1,1.99999999999996,0.0200000000000003,7.00000000000003,1,2,66,0.5
65,6091.161579,6089.282247,6090.14158,6091.161579,6154.349516,0,NaN,0,7.00000000000003,1,2,66,0.5
66,6159.446177,6157.909512,6158.402178,6159.392844,6167.596836,1,1.99999999999996,0.0200000000000003,7.00000000000003,1,2,66,0.5
67,6172.980164,6171.801498,6171.883498,6172.92683,6187.446816,0,1.99999999999996,0.0200000000000003,5.99999999999996,2,1,65,0.5
68,6190.068813,6189.067481,6189.136814,6190.01548,6198.769471,0,1.99999999999996,0.0200000000000003,5.99999999999996,2,1,65,0.5
69,6200.950136,6200.220136,6200.292803,6200.950136,6204.296132,0,NaN,0,7.00000000000003,1,2,66,0.5
70,6208.012129,6207.240796,6207.262129,6207.958795,6213.083457,1,1.99999999999996,0.0200000000000003,7.00000000000003,1,2,66,0.5
71,6216.80012,6216.017454,6216.088787,6216.80012,6231.287439,0,NaN,0,7.00000000000003,1,2,66,0.5
72,6267.147403,6266.38407,6266.435403,6267.094069,6312.601357,1,1.99999999999996,0.0200000000000003,7.00000000000003,1,2,66,0.5
73,6318.235352,6316.52602,6316.715353,6318.235352,6318.446685,0,NaN,0,7.00000000000003,1,2,66,0.5
74,6328.032008,6326.437343,6326.845343,6327.978675,6333.198003,1,1.99999999999996,0.0200000000000003,7.00000000000003,1,2,66,0.5
75,6337.765999,6336.575333,6336.847333,6337.765999,6500.863836,0,NaN,0,7.00000000000003,1,2,66,0.5
76,6503.704499,6502.137834,6502.7765,6503.704499,6509.173161,0,NaN,0,7.00000000000003,1,2,66,0.5
77,6512.546491,6511.239159,6511.695158,6512.493157,6513.00049,0,1.99999999999996,0.0200000000000003,5.99999999999996,2,1,65,0.5
78,6516.270487,6515.546488,6515.618488,6516.217154,6540.741796,1,1.99999999999996,0.0200000000000003,7.00000000000003,1,2,66,0.5
79,6542.617794,6541.713795,6541.741128,6542.564461,6547.355789,1,1.99999999999996,0.0200000000000003,7.00000000000003,1,2,66,0.5
80,6549.69912,6548.783788,6549.021121,6549.645787,6555.473781,0,1.99999999999996,0.0200000000000003,5.99999999999996,2,1,65,0.5
81,6559.770443,6558.496445,6558.882444,6559.71711,6560.222443,0,1.99999999999996,0.0200000000000003,5.99999999999996,2,1,65,0.5
82,6568.131102,6565.424438,6567.217769,6568.131102,6570.344433,1,NaN,0,5.99999999999996,2,1,65,0.5
83,6597.175073,6595.912407,6596.263074,6597.121739,6598.031739,1,1.99999999999996,0.0200000000000003,7.00000000000003,1,2,66,0.5
84,6618.001719,6616.93572,6617.123719,6617.948385,6640.40303,1,1.99999999999996,0.0200000000000003,7.00000000000003,1,2,66,0.5
85,6644.846358,6644.177026,6644.288359,6644.846358,6655.863014,1,NaN,0,5.99999999999996,2,1,65,0.5
86,6658.784344,6657.990345,6658.257678,6658.784344,6668.037002,1,NaN,0,5.99999999999996,2,1,65,0.5
87,6674.664329,6673.928996,6674.040329,6674.664329,6681.191655,1,NaN,0,5.99999999999996,2,1,65,0.5
88,6683.16632,6682.070988,6682.442321,6683.112987,6684.336986,0,1.99999999999996,0.0200000000000003,5.99999999999996,2,1,65,0.5
89,6687.711649,6686.920983,6687.164983,6687.711649,6695.157641,1,NaN,0,5.99999999999996,2,1,65,0.5
90,6699.666304,6698.636305,6699.051637,6699.666304,6709.164961,1,NaN,0,5.99999999999996,2,1,65,0.5
91,6717.514952,6714.649622,6716.54562,6717.514952,6723.09428,0,NaN,0,7.00000000000003,1,2,66,0.5
92,6730.896939,6729.390941,6730.02094,6730.896939,6737.326933,0,NaN,0,7.00000000000003,1,2,66,0.5
93,6740.32093,6739.373597,6739.703597,6740.267596,6740.760262,0,1.99999999999996,0.0200000000000003,5.99999999999996,2,1,65,0.5
94,6745.040925,6742.681594,6743.894926,6744.987592,6762.612241,1,1.99999999999996,0.0200000000000003,7.00000000000003,1,2,66,0.5
95,6767.82157,6766.89557,6767.134903,6767.82157,6799.40487,0,NaN,0,7.00000000000003,1,2,66,0.5
96,6803.795533,6802.592867,6802.8622,6803.742199,6804.314866,0,1.99999999999996,0.0200000000000003,5.99999999999996,2,1,65,0.5
97,6806.93353,6805.909531,6806.152197,6806.880196,7833.880503,1,1.99999999999996,0.0200000000000003,7.00000000000003,1,2,66,0.5
98,7837.945832,7835.229835,7836.8705,7837.892499,7840.803162,1,1.99999999999996,0.0200000000000003,7.00000000000003,1,2,66,0.5
99,7845.983157,7843.660493,7843.934493,7845.983157,7846.10049,0,NaN,0,7.00000000000003,1,2,66,0.5
100,7856.283814,7855.163148,7855.317148,7856.283814,7861.077142,1,NaN,0,5.99999999999996,2,1,65,0.5
101,7863.683139,7862.021141,7862.153141,7863.629806,11035.591968,1,1.99999999999996,0.0200000000000003,7.00000000000003,1,2,66,0.5
102,11038.595298,11037.032633,11037.535966,11038.595298,11328.504341,0,NaN,0,7.00000000000003,1,2,66,0.5
103,11332.207004,11329.777673,11330.285673,11332.207004,11332.635004,1,NaN,0,5.99999999999996,2,1,65,0.5
104,11339.468997,11338.220998,11338.545665,11339.415664,11340.00433,0,1.99999999999996,0.0200000000000003,5.99999999999996,2,1,65,0.5
105,11345.502991,11342.902994,11344.176992,11345.449658,11346.852323,1,1.99999999999996,0.0200000000000003,7.00000000000003,1,2,66,0.5
106,11352.956317,11351.737651,11351.972318,11352.902984,11353.532316,0,1.99999999999996,0.0200000000000003,5.99999999999996,2,1,65,0.5
107,11365.658304,11364.590308,11364.849638,11365.604971,11369.7223,1,1.99999999999996,0.0200000000000003,7.00000000000003,1,2,66,0.5
108,11373.618963,11372.359631,11372.670964,11373.56563,11373.997629,0,1.99999999999996,0.0200000000000003,5.99999999999996,2,1,65,0.5
109,11378.949624,11378.141625,11378.247625,11378.949624,11594.618075,1,NaN,0,5.99999999999996,2,1,65,0.5
110,11597.288074,11595.754741,11596.008074,11597.234739,11605.224065,1,1.99999999999996,0.0200000000000003,7.00000000000003,1,2,66,0.5
111,11608.756061,11607.496729,11607.921395,11608.702728,11609.717393,0,1.99999999999996,0.0200000000000003,5.99999999999996,2,1,65,0.5
112,11612.342058,11611.260059,11611.578058,11612.342058,11618.408718,1,NaN,0,5.99999999999996,2,1,65,0.5
113,11643.33136,11642.125361,11642.407361,11643.33136,11651.405352,0,NaN,0,7.00000000000003,1,2,66,0.5
114,11653.708683,11652.69535,11652.96135,11653.65535,11658.940011,0,1.99999999999996,0.0200000000000003,5.99999999999996,2,1,65,0.5
115,11661.366675,11660.166676,11660.30801,11661.313342,11664.844005,1,1.99999999999996,0.0200000000000003,7.00000000000003,1,2,66,0.5
116,11668.539335,11667.555336,11667.656669,11668.486001,11677.523326,0,1.99999999999996,0.0200000000000003,5.99999999999996,2,1,65,0.5
117,11713.348623,11711.995958,11712.325291,11713.348623,11720.909282,0,NaN,0,7.00000000000003,1,2,66,0.5
118,11724.295279,11722.463947,11723.313947,11724.295279,11731.535938,0,NaN,0,7.00000000000003,1,2,66,0.5
119,11733.470603,11732.719937,11732.98727,11733.470603,11742.018595,0,NaN,0,7.00000000000003,1,2,66,0.5
120,11744.130592,11743.141927,11743.47926,11744.077259,11751.503252,1,1.99999999999996,0.0200000000000003,7.00000000000003,1,2,66,0.5
121,11754.788582,11753.542583,11754.128582,11754.735248,11755.402581,0,1.99999999999996,0.0200000000000003,5.99999999999996,2,1,65,0.5
122,11758.969911,11757.283246,11758.292578,11758.916578,11768.210568,1,1.99999999999996,0.0200000000000003,7.00000000000003,1,2,66,0.5
123,11782.948554,11781.797888,11782.056554,11782.89522,11783.37722,0,1.99999999999996,0.0200000000000003,5.99999999999996,2,1,65,0.5
124,11785.293885,11784.412552,11784.669885,11785.293885,11792.131878,1,NaN,0,5.99999999999996,2,1,65,0.5
125,11794.459209,11793.63921,11793.709209,11794.459209,11803.324533,1,NaN,0,5.99999999999996,2,1,65,0.5
126,11805.663198,11804.429199,11804.995198,11805.663198,11832.160504,0,NaN,0,7.00000000000003,1,2,66,0.5
127,11843.419826,11841.995161,11842.574494,11843.419826,11874.861795,0,NaN,0,7.00000000000003,1,2,66,0.5
128,11893.763776,11892.431111,11892.507777,11893.763776,11896.74644,1,NaN,0,5.99999999999996,2,1,65,0.5
129,11902.763767,11901.780435,11902.084434,11902.710434,11903.589766,0,1.99999999999996,0.0200000000000003,5.99999999999996,2,1,65,0.5
130,11908.515095,11907.466429,11907.887762,11908.461761,11912.973757,1,1.99999999999996,0.0200000000000003,7.00000000000003,1,2,66,0.5
131,11917.141753,11914.58709,11916.137754,11917.088419,11917.571752,0,1.99999999999996,0.0200000000000003,5.99999999999996,2,1,65,0.5
132,11919.43975,11918.705751,11918.941751,11919.43975,11924.761746,1,NaN,0,5.99999999999996,2,1,65,0.5
133,11927.651742,11925.839744,11926.921076,11927.651742,11935.701734,1,NaN,0,5.99999999999996,2,1,65,0.5
134,11939.760397,11938.850398,11939.160397,11939.707063,11944.748392,1,1.99999999999996,0.0200000000000003,7.00000000000003,1,2,66,0.5
135,11947.743055,11946.609057,11947.047056,11947.689722,11948.088388,0,1.99999999999996,0.0200000000000003,5.99999999999996,2,1,65,0.5
136,11950.820386,11949.998387,11950.01972,11950.820386,11955.363048,1,NaN,0,5.99999999999996,2,1,65,0.5
137,11958.017712,11956.91038,11957.442379,11958.017712,14040.06163,1,NaN,0,5.99999999999996,2,1,65,0.5
138,14044.422959,14043.18696,14043.465626,14044.369625,14919.810083,0,1.99999999999996,0.0200000000000003,5.99999999999996,2,1,65,0.5
139,14923.711413,14922.269414,14922.412081,14923.711413,14923.806746,0,NaN,0,7.00000000000003,1,2,66,0.5
140,14944.162726,14942.919394,14943.140727,14944.162726,14957.740712,1,NaN,0,5.99999999999996,2,1,65,0.5
141,14960.701376,14959.489377,14959.860043,14960.648043,14962.448707,1,1.99999999999996,0.0200000000000003,7.00000000000003,1,2,66,0.5
142,14966.052037,14964.584039,14965.151371,14966.052037,15121.865215,0,NaN,0,7.00000000000003,1,2,66,0.5
143,15127.137209,15124.608545,15126.30921,15127.083876,15135.606534,1,1.99999999999996,0.0200000000000003,7.00000000000003,1,2,66,0.5
144,15139.935863,15138.859198,15138.993198,15139.88253,15140.235863,0,1.99999999999996,0.0200000000000003,5.99999999999996,2,1,65,0.5
145,15142.780527,15141.659195,15141.991195,15142.727194,15148.656521,1,1.99999999999996,0.0200000000000003,7.00000000000003,1,2,66,0.5
146,15151.731851,15150.27052,15150.817852,15151.731851,15155.672514,0,NaN,0,7.00000000000003,1,2,66,0.5
147,15161.543175,15157.597846,15157.889845,15161.489842,15166.961836,1,1.99999999999996,0.0200000000000003,7.00000000000003,1,2,66,0.5
148,15173.555163,15172.91783,15172.977164,15173.555163,15177.365826,1,NaN,0,5.99999999999996,2,1,65,0.5
149,15197.555806,15196.40714,15196.738473,15197.502472,15201.085802,1,1.99999999999996,0.0200000000000003,7.00000000000003,1,2,66,0.5
150,15204.757798,15202.9538,15203.662466,15204.704465,15205.142465,0,1.99999999999996,0.0200000000000003,5.99999999999996,2,1,65,0.5
151,15207.031129,15206.23113,15206.388463,15207.031129,15216.355787,1,NaN,0,5.99999999999996,2,1,65,0.5
152,15219.967783,15219.362451,15219.43645,15219.967783,15228.099775,1,NaN,0,5.99999999999996,2,1,65,0.5
153,15231.193772,15230.339106,15230.497773,15231.140439,15241.842428,1,1.99999999999996,0.0200000000000003,7.00000000000003,1,2,66,0.5
154,15243.691759,15242.657094,15242.87376,15243.638426,15245.175091,0,1.99999999999996,0.0200000000000003,5.99999999999996,2,1,65,0.5
155,15248.094422,15246.351757,15247.471089,15248.094422,15252.326418,1,NaN,0,5.99999999999996,2,1,65,0.5
156,15254.846415,15253.842416,15254.083082,15254.793082,15256.399747,1,1.99999999999996,0.0200000000000003,7.00000000000003,1,2,66,0.5
157,15260.08041,15258.101078,15258.435078,15260.08041,15265.606404,1,NaN,0,5.99999999999996,2,1,65,0.5
158,15267.836402,15266.614403,15267.034403,15267.783069,15268.385068,0,1.99999999999996,0.0200000000000003,5.99999999999996,2,1,65,0.5
159,15271.061732,15269.559067,15270.355066,15271.008399,15284.227052,1,1.99999999999996,0.0200000000000003,7.00000000000003,1,2,66,0.5
160,15287.496382,15286.385717,15286.620383,15287.443049,15288.577048,0,1.99999999999996,0.0200000000000003,5.99999999999996,2,1,65,0.5
161,15291.092379,15290.201713,15290.29838,15291.039045,15299.383037,1,1.99999999999996,0.0200000000000003,7.00000000000003,1,2,66,0.5
162,15303.152367,15301.748368,15302.339701,15303.099033,15304.051699,0,1.99999999999996,0.0200000000000003,5.99999999999996,2,1,65,0.5
163,15305.959031,15305.217031,15305.302365,15305.905697,15313.577023,1,1.99999999999996,0.0200000000000003,7.00000000000003,1,2,66,0.5
164,15316.18502,15315.247021,15315.353688,15316.18502,15322.375014,0,NaN,0,7.00000000000003,1,2,66,0.5
165,15325.336345,15323.742346,15324.040346,15325.283011,15326.50101,0,1.99999999999996,0.0200000000000003,5.99999999999996,2,1,65,0.5
166,15328.866341,15327.924342,15328.156342,15328.813008,15342.868994,1,1.99999999999996,0.0200000000000003,7.00000000000003,1,2,66,0.5
167,15347.315656,15346.350323,15346.581657,15347.315656,15350.592986,0,NaN,0,7.00000000000003,1,2,66,0.5
168,15353.938316,15352.728984,15353.106317,15353.884983,17231.040439,0,1.99999999999996,0.0200000000000003,5.99999999999996,2,1,65,0.5
169,17235.018435,17233.171103,17233.272437,17235.018435,17287.396382,0,NaN,0,7.00000000000003,1,2,66,0.5
170,17303.562366,17290.939712,17291.345712,NaN,17342.303661,NaN,NaN,0,7.00000000000003,1,2,66,0.5
171,17345.338324,17343.975659,17344.366325,17345.338324,17352.078984,0,NaN,0,7.00000000000003,1,2,66,0.5
172,17354.600982,17353.434983,17353.759649,17354.54765,17360.023643,0,1.99999999999996,0.0200000000000003,5.99999999999996,2,1,65,0.5
173,17627.044043,17625.731377,17626.100044,17627.044043,17627.302043,0,NaN,0,7.00000000000003,1,2,66,0.5
174,17634.497369,17633.216037,17633.596703,17634.444035,17642.590027,1,1.99999999999996,0.0200000000000003,7.00000000000003,1,2,66,0.5
175,18225.222111,18224.133446,18224.210112,18225.168778,18259.004078,1,1.99999999999996,0.0200000000000003,7.00000000000003,1,2,66,0.5
176,18263.40874,18262.056741,18262.563407,18263.40874,18268.231402,0,NaN,0,7.00000000000003,1,2,66,0.5
177,18270.158066,18269.284734,18269.364734,18270.158066,18305.132698,1,NaN,0,5.99999999999996,2,1,65,0.5
178,18307.296029,18306.072697,18306.584697,18307.242696,18313.21469,1,1.99999999999996,0.0200000000000003,7.00000000000003,1,2,66,0.5
179,18316.336687,18315.176688,18315.476021,18316.283354,18316.705353,0,1.99999999999996,0.0200000000000003,5.99999999999996,2,1,65,0.5
180,18318.794684,18318.072686,18318.246685,18318.794684,18323.690013,1,NaN,0,5.99999999999996,2,1,65,0.5
181,18326.063344,18325.323345,18325.466011,18326.063344,18337.841332,1,NaN,0,5.99999999999996,2,1,65,0.5
182,18340.662663,18339.059997,18339.963997,18340.662663,18348.079988,0,NaN,0,7.00000000000003,1,2,66,0.5
183,18350.877319,18349.60732,18350.03532,18350.877319,18359.242644,0,NaN,0,7.00000000000003,1,2,66,0.5
184,18362.558641,18361.181309,18361.757975,18362.558641,18368.787968,0,NaN,0,7.00000000000003,1,2,66,0.5
185,18375.369961,18372.521964,18372.645297,18375.369961,18384.490619,0,NaN,0,7.00000000000003,1,2,66,0.5
186,18392.741277,18389.883947,18390.454613,18392.741277,18442.839227,0,NaN,0,7.00000000000003,1,2,66,0.5
187,18585.237085,18583.499753,18583.703753,18585.237085,18588.714414,0,NaN,0,7.00000000000003,1,2,66,0.5
188,18603.455733,18599.40107,18599.639737,18603.4024,18624.643045,1,1.99999999999996,0.0200000000000003,7.00000000000003,1,2,66,0.5
189,18631.569705,18630.046373,18630.517706,18631.516372,18631.925038,0,1.99999999999996,0.0200000000000003,5.99999999999996,2,1,65,0.5
190,18635.072368,18634.361702,18634.385035,18635.072368,18640.183696,1,NaN,0,5.99999999999996,2,1,65,0.5
191,18643.205693,18641.435695,18641.655028,18643.15236,18650.466353,1,1.99999999999996,0.0200000000000003,7.00000000000003,1,2,66,0.5
192,18653.553016,18652.627684,18652.699684,18653.499683,18654.050349,0,1.99999999999996,0.0200000000000003,5.99999999999996,2,1,65,0.5
193,18657.651012,18656.936346,18656.976346,18657.597679,18666.885003,1,1.99999999999996,0.0200000000000003,7.00000000000003,1,2,66,0.5
194,18670.986332,18669.431,18669.671667,18670.986332,18678.133658,1,NaN,0,5.99999999999996,2,1,65,0.5
195,18680.388323,18679.268991,18679.511657,18680.388323,18689.407647,1,NaN,0,5.99999999999996,2,1,65,0.5
196,18692.669644,18691.407645,18691.590978,18692.616311,18696.614973,1,1.99999999999996,0.0200000000000003,7.00000000000003,1,2,66,0.5
197,18701.126302,18699.93697,18700.26697,18701.072969,18701.548968,0,1.99999999999996,0.0200000000000003,5.99999999999996,2,1,65,0.5
198,18704.710298,18704.066299,18704.100966,18704.710298,18707.632962,1,NaN,0,5.99999999999996,2,1,65,0.5
199,18723.030947,18710.408293,18710.621626,NaN,18728.129608,NaN,NaN,0,7.00000000000003,1,2,66,0.5
200,18731.496938,18730.642939,18730.760272,18731.496938,18735.028268,0,NaN,0,7.00000000000003,1,2,66,0.5
201,18740.815596,18739.77493,18740.030263,18740.815596,18745.128925,0,NaN,0,7.00000000000003,1,2,66,0.5
202,18750.261586,18748.044255,18749.516254,18750.261586,18751.671585,0,NaN,0,7.00000000000003,1,2,66,0.5
203,18766.484903,18765.654238,18765.808904,18766.43157,18773.18023,1,1.99999999999996,0.0200000000000003,7.00000000000003,1,2,66,0.5
204,18776.88356,18774.950228,18775.886227,18776.88356,18781.167555,0,NaN,0,7.00000000000003,1,2,66,0.5
205,18788.958215,18786.624883,18786.750216,18788.958215,18792.729544,0,NaN,0,7.00000000000003,1,2,66,0.5
206,18796.21354,18794.290876,18794.478209,18796.160207,18804.133532,0,1.99999999999996,0.0200000000000003,5.99999999999996,2,1,65,0.5
207,18805.893531,18805.034198,18805.256865,18805.840197,18811.972191,1,1.99999999999996,0.0200000000000003,7.00000000000003,1,2,66,0.5
208,18814.957522,18813.934856,18814.223522,18814.957522,18819.473517,0,NaN,0,7.00000000000003,1,2,66,0.5
209,18824.510179,18823.691513,18823.856179,18824.510179,18831.977505,0,NaN,0,7.00000000000003,1,2,66,0.5
210,18835.076835,18834.064836,18834.464169,18835.076835,18842.783494,0,NaN,0,7.00000000000003,1,2,66,0.5
211,18845.505491,18844.512825,18844.761492,18845.452158,18893.277443,0,1.99999999999996,0.0200000000000003,5.99999999999996,2,1,65,0.5
212,19379.59829,19377.575626,19378.358291,19379.544957,19395.963607,1,1.99999999999996,0.0200000000000003,7.00000000000003,1,2,66,0.5
213,19427.844909,19425.781577,19426.943576,19427.791575,19440.964229,1,1.99999999999996,0.0200000000000003,7.00000000000003,1,2,66,0.5
214,19444.395559,19442.88956,19443.546226,19444.395559,19444.826225,0,NaN,0,7.00000000000003,1,2,66,0.5
215,19452.123551,19450.959552,19451.274219,19452.070218,19463.910873,1,1.99999999999996,0.0200000000000003,7.00000000000003,1,2,66,0.5
216,19466.13287,19465.019538,19465.288205,19466.079537,19469.250201,0,1.99999999999996,0.0200000000000003,5.99999999999996,2,1,65,0.5
217,19471.322199,19470.364866,19470.497533,19471.268865,19538.127465,1,1.99999999999996,0.0200000000000003,7.00000000000003,1,2,66,0.5
218,19544.876792,19543.032793,19543.903459,19544.876792,19553.128783,0,NaN,0,7.00000000000003,1,2,66,0.5
219,19556.519447,19555.042781,19555.135448,19556.466113,19562.688107,0,1.99999999999996,0.0200000000000003,5.99999999999996,2,1,65,0.5
220,19564.593439,19563.690106,19563.804106,19564.578105,19567.868769,1,1.99999999999996,0.0200000000000003,7.00000000000003,1,2,66,0.5
221,19570.885432,19569.873433,19570.2781,19570.885432,19632.088038,0,NaN,0,7.00000000000003,1,2,66,0.5
222,19633.42337,19632.75937,19632.90737,19633.42337,19633.923369,1,NaN,0,5.99999999999996,2,1,65,0.5
223,19649.165354,19647.761355,19647.816022,19649.165354,19657.226679,0,NaN,0,7.00000000000003,1,2,66,0.5
224,19664.848005,19662.406674,19663.895339,19664.794672,19667.107336,1,1.99999999999996,0.0200000000000003,7.00000000000003,1,2,66,0.5
225,19682.601321,19681.161989,19681.759321,19682.547987,19692.818644,0,1.99999999999996,0.0200000000000003,5.99999999999996,2,1,65,0.5
226,19695.200641,19694.263309,19694.345975,19695.147308,19699.807303,1,1.99999999999996,0.0200000000000003,7.00000000000003,1,2,66,0.5
227,19702.604634,19701.181969,19701.395302,19702.604634,19707.707295,0,NaN,0,7.00000000000003,1,2,66,0.5
228,19709.936627,19708.968628,19709.316627,19709.936627,19809.448527,0,NaN,0,7.00000000000003,1,2,66,0.5
229,19813.962523,19810.796526,19811.033192,19813.909189,19823.041847,1,1.99999999999996,0.0200000000000003,7.00000000000003,1,2,66,0.5
230,19824.842512,19824.041846,19824.133846,19824.789178,19833.769169,0,1.99999999999996,0.0200000000000003,5.99999999999996,2,1,65,0.5
231,19836.309834,19835.089835,19835.373834,19836.309834,19848.976488,0,NaN,0,7.00000000000003,1,2,66,0.5
232,19851.157819,19850.547819,19850.567819,19851.104485,19855.363148,1,1.99999999999996,0.0200000000000003,7.00000000000003,1,2,66,0.5
233,19859.980477,19858.743811,19859.116477,19859.927143,19866.043804,1,1.99999999999996,0.0200000000000003,7.00000000000003,1,2,66,0.5
234,19868.853134,19867.701136,19867.773802,19868.853134,19875.203795,0,NaN,0,7.00000000000003,1,2,66,0.5
235,19878.109125,19876.635127,19877.011126,19878.055792,19885.047785,1,1.99999999999996,0.0200000000000003,7.00000000000003,1,2,66,0.5
236,19886.913116,19885.838451,19885.959784,19886.913116,19892.293778,0,NaN,0,7.00000000000003,1,2,66,0.5
237,19895.464441,19894.153776,19894.502442,19895.411108,19906.127764,1,1.99999999999996,0.0200000000000003,7.00000000000003,1,2,66,0.5
238,19908.358428,19907.291096,19907.643096,19908.358428,19915.047755,0,NaN,0,7.00000000000003,1,2,66,0.5
239,19917.816419,19916.839753,19917.105753,19917.763085,19922.87508,0,1.99999999999996,0.0200000000000003,5.99999999999996,2,1,65,0.5
240,19924.327745,19923.614413,19923.675079,19924.274412,19933.881736,1,1.99999999999996,0.0200000000000003,7.00000000000003,1,2,66,0.5
241,19935.919067,19935.091068,19935.304401,19935.919067,19943.787726,0,NaN,0,7.00000000000003,1,2,66,0.5
242,19946.431057,19945.703057,19945.829724,19946.431057,20202.311468,0,NaN,0,7.00000000000003,1,2,66,0.5
243,20208.314128,20205.269465,20206.14613,20208.314128,20217.070786,0,NaN,0,7.00000000000003,1,2,66,0.5
244,20222.536781,20221.487448,20221.721448,20222.483447,20236.323434,1,1.99999999999996,0.0200000000000003,7.00000000000003,1,2,66,0.5
245,20244.414092,20242.840094,20243.490093,20244.414092,20251.329419,0,NaN,0,7.00000000000003,1,2,66,0.5
246,20254.022082,20253.102083,20253.259417,20254.022082,20258.286078,0,NaN,0,7.00000000000003,1,2,66,0.5
247,20260.934076,20259.880743,20260.24141,20260.880742,20264.600072,0,1.99999999999996,0.0200000000000003,5.99999999999996,2,1,65,0.5
248,20266.331404,20265.515404,20265.663404,20266.27807,20268.712734,1,1.99999999999996,0.0200000000000003,7.00000000000003,1,2,66,0.5
249,20271.514065,20270.162066,20270.210733,20271.460732,20275.036728,1,1.99999999999996,0.0200000000000003,7.00000000000003,1,2,66,0.5
250,20277.188059,20276.246727,20276.338727,20277.188059,20281.378055,0,NaN,0,7.00000000000003,1,2,66,0.5
251,20284.766052,20283.444053,20283.776053,20284.712718,20290.846712,0,1.99999999999996,0.0200000000000003,5.99999999999996,2,1,65,0.5
252,20292.616044,20291.830711,20291.940045,20292.562711,20302.340034,1,1.99999999999996,0.0200000000000003,7.00000000000003,1,2,66,0.5
253,20304.171366,20303.188033,20303.3827,20304.171366,20335.997334,0,NaN,0,7.00000000000003,1,2,66,0.5
254,20339.153997,20338.323998,20338.361998,20339.153997,20347.645322,1,NaN,0,5.99999999999996,2,1,65,0.5
255,20348.935988,20348.337988,20348.427988,20348.935988,20354.412649,1,NaN,0,5.99999999999996,2,1,65,0.5
256,20356.26798,20355.575981,20355.661981,20356.26798,20362.300641,1,NaN,0,5.99999999999996,2,1,65,0.5
257,20363.770639,20363.167973,20363.271307,20363.770639,20382.777287,1,NaN,0,5.99999999999996,2,1,65,0.5
258,20383.959286,20383.389286,20383.461953,20383.959286,20388.599948,1,NaN,0,5.99999999999996,2,1,65,0.5
259,20390.512613,20389.802613,20390.007947,20390.512613,20394.245942,1,NaN,0,5.99999999999996,2,1,65,0.5
260,20397.712605,20396.18594,20397.150606,20397.712605,20402.7226,1,NaN,0,5.99999999999996,2,1,65,0.5
261,20405.603931,20404.366599,20404.934598,20405.550598,20411.041259,0,1.99999999999996,0.0200000000000003,5.99999999999996,2,1,65,0.5
262,20412.799257,20412.144591,20412.281258,20412.799257,20418.565918,1,NaN,0,5.99999999999996,2,1,65,0.5
263,20421.951915,20421.335915,20421.373248,20421.898581,20424.493245,1,1.99999999999996,0.0200000000000003,7.00000000000003,1,2,66,0.5
264,20426.544577,20425.539244,20425.820577,20426.544577,20429.726573,1,NaN,0,5.99999999999996,2,1,65,0.5
265,20432.89857,20432.204571,20432.395904,20432.89857,20438.281232,1,NaN,0,5.99999999999996,2,1,65,0.5
266,20440.583229,20439.54523,20439.979897,20440.529896,20445.064558,0,1.99999999999996,0.0200000000000003,5.99999999999996,2,1,65,0.5
267,20446.878556,20445.854557,20446.29189,20446.878556,20450.787219,1,NaN,0,5.99999999999996,2,1,65,0.5
268,20454.757215,20453.680549,20454.199216,20454.757215,20459.185877,1,NaN,0,5.99999999999996,2,1,65,0.5
269,20462.391874,20460.893876,20461.631875,20462.338541,20468.487201,0,1.99999999999996,0.0200000000000003,5.99999999999996,2,1,65,0.5
270,20473.734529,20473.003197,20473.199863,20473.681196,20478.835858,1,1.99999999999996,0.0200000000000003,7.00000000000003,1,2,66,0.5
271,20481.849855,20480.436523,20481.094522,20481.796521,20485.261186,0,1.99999999999996,0.0200000000000003,5.99999999999996,2,1,65,0.5
272,20486.775183,20486.121184,20486.262517,20486.775183,20490.821179,1,NaN,0,5.99999999999996,2,1,65,0.5
273,20493.117177,20492.456511,20492.631177,20493.117177,20499.228504,1,NaN,0,5.99999999999996,2,1,65,0.5
274,20501.236502,20500.321836,20500.663169,20501.183169,20506.801163,0,1.99999999999996,0.0200000000000003,5.99999999999996,2,1,65,0.5
275,20508.442495,20507.648497,20507.899162,20508.389161,20517.778485,1,1.99999999999996,0.0200000000000003,7.00000000000003,1,2,66,0.5
276,20519.354484,20518.555151,20518.706484,20519.301151,20526.750476,0,1.99999999999996,0.0200000000000003,5.99999999999996,2,1,65,0.5
277,20528.652476,20527.807809,20527.910475,20528.599141,20541.439795,1,1.99999999999996,0.0200000000000003,7.00000000000003,1,2,66,0.5
278,20543.42046,20542.663127,20542.767794,20543.42046,20548.086455,0,NaN,0,7.00000000000003,1,2,66,0.5
279,20550.000453,20549.144454,20549.370454,20549.94712,20559.131777,0,1.99999999999996,0.0200000000000003,5.99999999999996,2,1,65,0.5
280,20561.089775,20560.227776,20560.341109,20561.036442,20567.801102,1,1.99999999999996,0.0200000000000003,7.00000000000003,1,2,66,0.5
281,20569.879767,20569.005768,20569.174434,20569.879767,20575.203095,0,NaN,0,7.00000000000003,1,2,66,0.5
282,20577.539092,20576.725093,20576.832426,20577.485759,20583.05642,0,1.99999999999996,0.0200000000000003,5.99999999999996,2,1,65,0.5
283,20584.999085,20584.250419,20584.363085,20584.945752,20593.44441,1,1.99999999999996,0.0200000000000003,7.00000000000003,1,2,66,0.5
284,20596.973073,20595.976407,20596.26974,20596.973073,20601.444402,0,NaN,0,7.00000000000003,1,2,66,0.5
285,20603.781066,20602.9204,20603.029733,20603.727733,20607.033063,0,1.99999999999996,0.0200000000000003,5.99999999999996,2,1,65,0.5
286,20608.913728,20608.295728,20608.303728,20608.860394,20613.657057,1,1.99999999999996,0.0200000000000003,7.00000000000003,1,2,66,0.5
287,20615.723054,20615.043721,20615.195721,20615.723054,20624.053712,0,NaN,0,7.00000000000003,1,2,66,0.5
288,20627.365709,20626.68771,20626.770376,20627.365709,20635.161701,0,NaN,0,7.00000000000003,1,2,66,0.5
289,20637.547032,20636.771033,20636.891033,20637.547032,20643.65436,1,NaN,0,5.99999999999996,2,1,65,0.5
290,20649.019687,20648.319688,20648.495688,20649.019687,20654.401015,1,NaN,0,5.99999999999996,2,1,65,0.5
291,20658.051012,20656.889013,20657.412346,20658.051012,20662.981674,0,NaN,0,7.00000000000003,1,2,66,0.5
292,20664.986338,20663.983006,20664.438339,20664.986338,20677.390326,1,NaN,0,5.99999999999996,2,1,65,0.5
293,20678.732991,20678.108325,20678.245658,20678.712991,20683.698319,0,1.99999999999996,0.0200000000000003,5.99999999999996,2,1,65,0.5
294,20685.225651,20684.477652,20684.686985,20685.172318,20691.037645,1,1.99999999999996,0.0200000000000003,7.00000000000003,1,2,66,0.5
295,20692.484311,20691.886311,20691.913645,20692.430977,20705.394298,0,1.99999999999996,0.0200000000000003,5.99999999999996,2,1,65,0.5
296,20708.223628,20707.406296,20707.635629,20708.223628,20715.502954,1,NaN,0,5.99999999999996,2,1,65,0.5
297,20716.90562,20716.19562,20716.370287,20716.852286,20724.691612,1,1.99999999999996,0.0200000000000003,7.00000000000003,1,2,66,0.5
298,20727.140943,20726.292944,20726.450277,20727.087609,20730.26494,0,1.99999999999996,0.0200000000000003,5.99999999999996,2,1,65,0.5
299,20731.781605,20731.071605,20731.201605,20731.728271,20735.515601,1,1.99999999999996,0.0200000000000003,7.00000000000003,1,2,66,0.5
300,20736.9596,20736.212934,20736.420933,20736.9596,20737.671599,0,NaN,0,7.00000000000003,1,2,66,0.5
301,20790.788879,20789.915547,20790.03288,20790.788879,20796.132874,1,NaN,0,5.99999999999996,2,1,65,0.5
302,20798.661538,20797.832872,20797.950205,20798.661538,20805.028198,1,NaN,0,5.99999999999996,2,1,65,0.5
303,20807.577529,20806.194864,20806.47553,20807.577529,20814.350189,0,NaN,0,7.00000000000003,1,2,66,0.5
304,20815.996187,20815.451522,20815.569521,20815.996187,20824.486179,1,NaN,0,5.99999999999996,2,1,65,0.5
305,20827.032843,20825.958177,20826.492843,20827.032843,20832.148838,1,NaN,0,5.99999999999996,2,1,65,0.5
306,20833.838836,20832.978837,20833.334837,20833.838836,20840.825496,0,NaN,0,7.00000000000003,1,2,66,0.5
307,20843.046827,20841.628162,20842.476827,20842.993494,20851.013485,1,1.99999999999996,0.0200000000000003,7.00000000000003,1,2,66,0.5
308,20852.868817,20851.981485,20852.286151,20852.815484,20856.646147,0,1.99999999999996,0.0200000000000003,5.99999999999996,2,1,65,0.5
309,20858.131478,20857.409479,20857.591479,20858.078145,20862.849474,1,1.99999999999996,0.0200000000000003,7.00000000000003,1,2,66,0.5
310,20864.642139,20863.856139,20864.086139,20864.642139,20870.0028,0,NaN,0,7.00000000000003,1,2,66,0.5
311,20871.965465,20871.238799,20871.462132,20871.965465,20876.506793,1,NaN,0,5.99999999999996,2,1,65,0.5
312,20878.714124,20877.749459,20877.999458,20878.660791,20882.492121,0,1.99999999999996,0.0200000000000003,5.99999999999996,2,1,65,0.5
313,20888.073448,20887.448782,20887.556116,20888.044782,20894.331442,1,1.99999999999996,0.0200000000000003,7.00000000000003,1,2,66,0.5
314,20895.672107,20895.047441,20895.182775,20895.656108,20898.064772,0,1.99999999999996,0.0200000000000003,5.99999999999996,2,1,65,0.5
315,20899.700103,20898.962771,20899.154104,20899.700103,20904.686765,1,NaN,0,5.99999999999996,2,1,65,0.5
316,20906.406097,20905.642764,20905.816097,20906.406097,20911.525425,0,NaN,0,7.00000000000003,1,2,66,0.5
317,20915.401421,20914.182756,20914.798088,20915.348088,20920.719416,1,1.99999999999996,0.0200000000000003,7.00000000000003,1,2,66,0.5
318,20922.620747,20921.710748,20921.940748,20922.567414,20925.344744,0,1.99999999999996,0.0200000000000003,5.99999999999996,2,1,65,0.5
319,20926.986076,20926.26541,20926.470743,20926.986076,20932.010071,1,NaN,0,5.99999999999996,2,1,65,0.5
320,20934.071402,20933.224737,20933.46207,20934.018069,20936.044068,0,1.99999999999996,0.0200000000000003,5.99999999999996,2,1,65,0.5
321,20937.395399,20936.662067,20936.904733,20937.395399,20942.968727,1,NaN,0,5.99999999999996,2,1,65,0.5
322,20945.204058,20944.108059,20944.624059,20945.150725,20951.059385,1,1.99999999999996,0.0200000000000003,7.00000000000003,1,2,66,0.5
323,20952.360717,20951.712051,20951.812051,20952.360717,20955.029381,0,NaN,0,7.00000000000003,1,2,66,0.5
324,20967.284703,20966.31737,20966.64737,20967.231369,20971.299365,1,1.99999999999996,0.0200000000000003,7.00000000000003,1,2,66,0.5
325,20973.161363,20972.410031,20972.533364,20973.10803,20977.351359,0,1.99999999999996,0.0200000000000003,5.99999999999996,2,1,65,0.5
326,20978.748691,20978.048692,20978.200692,20978.695358,20983.61802,1,1.99999999999996,0.0200000000000003,7.00000000000003,1,2,66,0.5
327,20985.308685,20984.646685,20984.795352,20985.308685,20990.786679,0,NaN,0,7.00000000000003,1,2,66,0.5
328,20992.572677,20991.545345,20991.958678,20992.519344,20995.103341,1,1.99999999999996,0.0200000000000003,7.00000000000003,1,2,66,0.5
329,20997.113339,20996.314674,20996.55534,20997.060006,21000.754669,0,1.99999999999996,0.0200000000000003,5.99999999999996,2,1,65,0.5
330,21002.361334,21001.736668,21001.839335,21002.312668,21006.657997,1,1.99999999999996,0.0200000000000003,7.00000000000003,1,2,66,0.5
331,21008.267995,21007.518662,21007.693329,21008.214662,21012.772657,0,1.99999999999996,0.0200000000000003,5.99999999999996,2,1,65,0.5
332,21014.591322,21013.905323,21014.033989,21014.537989,21018.412651,1,1.99999999999996,0.0200000000000003,7.00000000000003,1,2,66,0.5
333,21022.377981,21021.568648,21021.868648,21022.377981,21027.740642,0,NaN,0,7.00000000000003,1,2,66,0.5
334,21029.42664,21028.661975,21028.777308,21029.42664,21034.981302,1,NaN,0,5.99999999999996,2,1,65,0.5
335,21036.586633,21035.967301,21036.1173,21036.586633,21041.561295,1,NaN,0,5.99999999999996,2,1,65,0.5
336,21043.862626,21042.952627,21043.10196,21043.862626,21538.579465,0,NaN,0,7.00000000000003,1,2,66,0.5
337,21541.231462,21540.106796,21540.230796,21541.178129,21549.839453,1,1.99999999999996,0.0200000000000003,7.00000000000003,1,2,66,0.5
338,21551.715451,21550.809452,21550.926786,21551.662118,21558.020778,0,1.99999999999996,0.0200000000000003,5.99999999999996,2,1,65,0.5
339,21560.518776,21559.748777,21559.805443,21560.465443,21564.790772,1,1.99999999999996,0.0200000000000003,7.00000000000003,1,2,66,0.5
340,21569.108767,21568.083435,21568.201435,21569.055434,21586.943416,0,1.99999999999996,0.0200000000000003,5.99999999999996,2,1,65,0.5
341,21588.515415,21587.788749,21587.861415,21588.515415,21605.436731,1,NaN,0,5.99999999999996,2,1,65,0.5
342,21606.89673,21606.109397,21606.260064,21606.89673,21612.212058,0,NaN,0,7.00000000000003,1,2,66,0.5
343,21615.368721,21614.156056,21614.698055,21615.315388,21619.849383,0,1.99999999999996,0.0200000000000003,5.99999999999996,2,1,65,0.5
344,21621.129382,21620.558049,21620.610716,21621.129382,21640.06203,1,NaN,0,5.99999999999996,2,1,65,0.5
345,21646.39869,21645.744024,21645.864024,21646.39869,21651.378685,1,NaN,0,5.99999999999996,2,1,65,0.5
346,21653.226017,21652.434017,21652.618684,21653.172683,21656.197347,0,1.99999999999996,0.0200000000000003,5.99999999999996,2,1,65,0.5
347,21659.418677,21658.660011,21658.727344,21659.418677,21665.298671,0,NaN,0,7.00000000000003,1,2,66,0.5
348,21667.832002,21666.534003,21667.146669,21667.778669,21669.274001,1,1.99999999999996,0.0200000000000003,7.00000000000003,1,2,66,0.5
349,21671.773331,21670.581999,21671.149332,21671.719998,21673.63133,0,1.99999999999996,0.0200000000000003,5.99999999999996,2,1,65,0.5
350,21675.867327,21674.849995,21675.288661,21675.813994,21680.292656,1,1.99999999999996,0.0200000000000003,7.00000000000003,1,2,66,0.5
351,21684.798652,21684.011986,21684.231319,21684.798652,21690.874646,0,NaN,0,7.00000000000003,1,2,66,0.5
352,21693.052643,21692.104644,21692.431977,21692.99931,21697.380639,1,1.99999999999996,0.0200000000000003,7.00000000000003,1,2,66,0.5
353,21698.855304,21698.040638,21698.283305,21698.801971,21700.10997,0,1.99999999999996,0.0200000000000003,5.99999999999996,2,1,65,0.5
354,21701.933968,21701.212635,21701.392635,21701.933968,21707.707962,1,NaN,0,5.99999999999996,2,1,65,0.5
355,21710.17196,21709.396627,21709.46796,21710.118626,21713.495956,0,1.99999999999996,0.0200000000000003,5.99999999999996,2,1,65,0.5
356,21715.517954,21714.580622,21714.973955,21715.517954,21720.353949,1,NaN,0,5.99999999999996,2,1,65,0.5
357,21721.887281,21721.141949,21721.339948,21721.887281,21728.215942,0,NaN,0,7.00000000000003,1,2,66,0.5
358,21730.295273,21729.351274,21729.70194,21730.242606,21735.773267,1,1.99999999999996,0.0200000000000003,7.00000000000003,1,2,66,0.5
359,21737.703265,21737.070599,21737.1246,21737.703265,21742.929927,0,NaN,0,7.00000000000003,1,2,66,0.5
360,21744.679258,21743.783926,21744.103926,21744.625925,21750.946586,1,1.99999999999996,0.0200000000000003,7.00000000000003,1,2,66,0.5
361,21752.377251,21751.655252,21751.738585,21752.377251,21759.207244,0,NaN,0,7.00000000000003,1,2,66,0.5
362,21761.637242,21760.02191,21760.489909,21761.583908,21767.031236,1,1.99999999999996,0.0200000000000003,7.00000000000003,1,2,66,0.5
363,21768.508568,21767.716569,21767.891235,21768.455235,21770.925899,0,1.99999999999996,0.0200000000000003,5.99999999999996,2,1,65,0.5
364,21772.909897,21772.199898,21772.318564,21772.856564,21776.657893,1,1.99999999999996,0.0200000000000003,7.00000000000003,1,2,66,0.5
365,21779.681223,21778.910558,21778.992557,21779.62789,21781.151889,0,1.99999999999996,0.0200000000000003,5.99999999999996,2,1,65,0.5
366,21782.528554,21781.793888,21781.931221,21782.475221,21788.429881,1,1.99999999999996,0.0200000000000003,7.00000000000003,1,2,66,0.5
367,21789.935213,21789.190547,21789.327214,21789.88188,21793.114543,0,1.99999999999996,0.0200000000000003,5.99999999999996,2,1,65,0.5
368,21794.993208,21794.275876,21794.389875,21794.939875,21798.773871,1,1.99999999999996,0.0200000000000003,7.00000000000003,1,2,66,0.5
369,21800.707202,21799.910537,21799.980537,21800.707202,21804.218532,0,NaN,0,7.00000000000003,1,2,66,0.5
370,21808.887195,21808.117862,21808.261862,21808.887195,21815.037855,0,NaN,0,7.00000000000003,1,2,66,0.5
371,21817.716519,21817.051853,21817.155186,21817.716519,21823.750513,1,NaN,0,5.99999999999996,2,1,65,0.5
372,21825.641844,21824.689845,21825.059845,21825.641844,21831.547172,0,NaN,0,7.00000000000003,1,2,66,0.5
373,21833.122503,21832.300504,21832.611837,21833.06917,21836.241834,1,1.99999999999996,0.0200000000000003,7.00000000000003,1,2,66,0.5
374,21838.016498,21837.130499,21837.386499,21837.963165,21842.73116,0,1.99999999999996,0.0200000000000003,5.99999999999996,2,1,65,0.5
375,21844.146492,21843.522493,21843.61716,21844.109159,21849.446487,1,1.99999999999996,0.0200000000000003,7.00000000000003,1,2,66,0.5
376,21851.107819,21850.427153,21850.479819,21851.107819,21916.84642,0,NaN,0,7.00000000000003,1,2,66,0.5
377,21919.149751,21918.075752,21918.164418,21919.149751,21925.205078,0,NaN,0,7.00000000000003,1,2,66,0.5
378,21927.315743,21926.455743,21926.523743,21927.262409,21930.18974,1,1.99999999999996,0.0200000000000003,7.00000000000003,1,2,66,0.5
379,21950.898386,21949.550387,21949.95372,21950.898386,21957.345046,1,NaN,0,5.99999999999996,2,1,65,0.5
380,21959.206377,21958.480378,21958.611045,21959.206377,21967.571036,0,NaN,0,7.00000000000003,1,2,66,0.5
381,21969.7997,21969.211701,21969.320367,21969.7997,21974.589029,1,NaN,0,5.99999999999996,2,1,65,0.5
382,21978.305692,21976.737026,21977.676359,21978.305692,21983.445686,1,NaN,0,5.99999999999996,2,1,65,0.5
383,21987.556349,21986.629683,21986.97035,21987.503016,21991.613678,0,1.99999999999996,0.0200000000000003,5.99999999999996,2,1,65,0.5
384,21993.316343,21992.700344,21992.867677,21993.316343,22016.35232,1,NaN,0,5.99999999999996,2,1,65,0.5
385,22017.568319,22016.943653,22016.97232,22017.517652,22025.493644,0,1.99999999999996,0.0200000000000003,5.99999999999996,2,1,65,0.5
386,22027.673642,22026.904976,22027.111643,22027.620309,22031.479638,0,1.99999999999996,0.0200000000000003,5.99999999999996,2,1,65,0.5
387,22033.153637,22032.445637,22032.596971,22033.100303,22038.950298,1,1.99999999999996,0.0200000000000003,7.00000000000003,1,2,66,0.5
388,22040.298296,22039.67363,22039.77363,22040.294296,22048.651621,0,1.99999999999996,0.0200000000000003,5.99999999999996,2,1,65,0.5
389,22050.768952,22050.03162,22050.160286,22050.768952,22057.254279,0,NaN,0,7.00000000000003,1,2,66,0.5
390,22058.868944,22058.106278,22058.303612,22058.815611,22063.159607,1,1.99999999999996,0.0200000000000003,7.00000000000003,1,2,66,0.5
391,22064.604272,22063.908939,22064.004273,22064.604272,22069.434267,0,NaN,0,7.00000000000003,1,2,66,0.5
392,22071.480265,22070.855599,22070.976266,22071.470265,22075.090928,1,1.99999999999996,0.0200000000000003,7.00000000000003,1,2,66,0.5
393,22076.87426,22076.03026,22076.182927,22076.820926,22079.860923,0,1.99999999999996,0.0200000000000003,5.99999999999996,2,1,65,0.5
394,22081.434255,22080.791589,22080.880922,22081.434255,22087.528916,1,NaN,0,5.99999999999996,2,1,65,0.5
395,22089.174247,22088.386248,22088.688914,22089.174247,22095.404908,0,NaN,0,7.00000000000003,1,2,66,0.5
396,22096.882906,22096.042907,22096.308907,22096.829573,22100.540903,0,1.99999999999996,0.0200000000000003,5.99999999999996,2,1,65,0.5
397,22102.066234,22101.298235,22101.523568,22102.012901,22105.913564,1,1.99999999999996,0.0200000000000003,7.00000000000003,1,2,66,0.5
398,22107.578896,22106.78623,22107.068229,22107.578896,22112.617557,0,NaN,0,7.00000000000003,1,2,66,0.5
399,22114.346222,22113.359556,22113.797556,22114.292889,22117.800219,1,1.99999999999996,0.0200000000000003,7.00000000000003,1,2,66,0.5
400,22119.614884,22118.939551,22119.102217,22119.614884,22126.41221,0,NaN,0,7.00000000000003,1,2,66,0.5
401,22128.227542,22127.597542,22127.751542,22128.227542,22132.699537,1,NaN,0,5.99999999999996,2,1,65,0.5
402,22135.634201,22135.066201,22135.114868,22135.634201,22143.908193,1,NaN,0,5.99999999999996,2,1,65,0.5
403,22147.073523,22145.830191,22146.476857,22147.073523,22153.784183,1,NaN,0,5.99999999999996,2,1,65,0.5
404,22155.604181,22154.610182,22155.011515,22155.550848,22159.049511,1,1.99999999999996,0.0200000000000003,7.00000000000003,1,2,66,0.5
405,22160.970176,22159.958843,22160.266843,22160.970176,22166.044837,1,NaN,0,5.99999999999996,2,1,65,0.5
406,22167.986835,22167.158836,22167.385502,22167.933502,22171.748831,0,1.99999999999996,0.0200000000000003,5.99999999999996,2,1,65,0.5
407,22173.41683,22172.747497,22172.971497,22173.41683,22179.123491,1,NaN,0,5.99999999999996,2,1,65,0.5
408,22181.844155,22179.92549,22180.341489,22181.844155,22187.339482,0,NaN,0,7.00000000000003,1,2,66,0.5
409,22189.086147,22188.130148,22188.576148,22189.086147,22194.918808,1,NaN,0,5.99999999999996,2,1,65,0.5
410,22196.78414,22195.646808,22196.173474,22196.730806,22198.574805,0,1.99999999999996,0.0200000000000003,5.99999999999996,2,1,65,0.5
411,22200.21947,22199.466804,22199.690137,22200.166136,22204.457465,1,1.99999999999996,0.0200000000000003,7.00000000000003,1,2,66,0.5
412,22206.03213,22205.261465,22205.478131,22205.978797,22210.450126,0,1.99999999999996,0.0200000000000003,5.99999999999996,2,1,65,0.5
413,22211.619458,22211.064792,22211.215459,22211.619458,22234.750768,1,NaN,0,5.99999999999996,2,1,65,0.5
414,22236.850766,22235.751434,22236.139434,22236.797433,22238.678764,0,1.99999999999996,0.0200000000000003,5.99999999999996,2,1,65,0.5
415,22240.446763,22239.870763,22239.932763,22240.446763,22440.958562,1,NaN,0,5.99999999999996,2,1,65,0.5
416,22444.342559,22442.983227,22443.141893,22444.289226,22446.51189,0,1.99999999999996,0.0200000000000003,5.99999999999996,2,1,65,0.5
417,22452.999217,22450.556553,22450.656553,22452.999217,22459.276544,1,NaN,0,5.99999999999996,2,1,65,0.5
418,22462.095874,22460.528543,22460.855876,22462.042541,22468.458535,1,1.99999999999996,0.0200000000000003,7.00000000000003,1,2,66,0.5
419,22470.617199,22469.555867,22469.678533,22470.563866,22473.299197,0,1.99999999999996,0.0200000000000003,5.99999999999996,2,1,65,0.5
420,22475.392528,22474.777195,22474.859862,22475.392528,22480.816523,1,NaN,0,5.99999999999996,2,1,65,0.5
421,22482.518521,22481.721188,22481.937188,22482.465187,22487.557182,0,1.99999999999996,0.0200000000000003,5.99999999999996,2,1,65,0.5
422,22489.291181,22488.539181,22488.714514,22489.237847,22494.941842,1,1.99999999999996,0.0200000000000003,7.00000000000003,1,2,66,0.5
423,22496.05384,22495.386508,22495.493841,22496.05384,22501.105169,0,NaN,0,7.00000000000003,1,2,66,0.5
424,22503.0845,22502.233834,22502.553167,22503.0845,22581.403088,1,NaN,0,5.99999999999996,2,1,65,0.5
425,22584.125086,22582.84642,22582.93042,22584.071752,22587.324416,1,1.99999999999996,0.0200000000000003,7.00000000000003,1,2,66,0.5
426,22589.78908,22589.125081,22589.239747,22589.78908,22624.067712,0,NaN,0,7.00000000000003,1,2,66,0.5
427,22625.787711,22625.156378,22625.261711,22625.787711,22629.166374,1,NaN,0,5.99999999999996,2,1,65,0.5
428,22632.533704,22631.570372,22631.969705,22632.480371,22637.051033,1,1.99999999999996,0.0200000000000003,7.00000000000003,1,2,66,0.5
429,22638.825698,22638.061698,22638.250365,22638.772364,22641.460362,0,1.99999999999996,0.0200000000000003,5.99999999999996,2,1,65,0.5
430,22642.945694,22642.339027,22642.507027,22642.945694,22647.839689,1,NaN,0,5.99999999999996,2,1,65,0.5
431,22649.606354,22648.738354,22649.063687,22649.606354,22654.548349,0,NaN,0,7.00000000000003,1,2,66,0.5
432,22656.561013,22655.598348,22655.993681,22656.50768,22660.422343,1,1.99999999999996,0.0200000000000003,7.00000000000003,1,2,66,0.5
433,22661.975008,22661.222342,22661.418342,22661.921675,22665.185005,0,1.99999999999996,0.0200000000000003,5.99999999999996,2,1,65,0.5
434,22666.601003,22665.989671,22666.092337,22666.548337,22671.832331,1,1.99999999999996,0.0200000000000003,7.00000000000003,1,2,66,0.5
435,22674.118996,22672.727664,22672.876997,22674.065662,22675.293661,0,1.99999999999996,0.0200000000000003,5.99999999999996,2,1,65,0.5
436,22677.659659,22676.27166,22676.428327,22677.606326,22680.522323,1,1.99999999999996,0.0200000000000003,7.00000000000003,1,2,66,0.5
437,22682.058321,22681.330988,22681.437655,22682.004988,22683.796986,0,1.99999999999996,0.0200000000000003,5.99999999999996,2,1,65,0.5
438,22685.394318,22684.748985,22684.860985,22685.394318,22691.542978,1,NaN,0,5.99999999999996,2,1,65,0.5
439,22693.247643,22692.559644,22692.687644,22693.19431,22694.474975,0,1.99999999999996,0.0200000000000003,5.99999999999996,2,1,65,0.5
440,22695.982974,22695.180975,22695.440974,22695.929641,22699.96297,1,1.99999999999996,0.0200000000000003,7.00000000000003,1,2,66,0.5
441,22703.051633,22702.250301,22702.439634,22702.9983,22707.610962,0,1.99999999999996,0.0200000000000003,5.99999999999996,2,1,65,0.5
442,22709.294294,22708.603628,22708.731628,22709.240961,22713.141623,1,1.99999999999996,0.0200000000000003,7.00000000000003,1,2,66,0.5
443,22714.808288,22714.060956,22714.136289,22714.754955,22718.270952,0,1.99999999999996,0.0200000000000003,5.99999999999996,2,1,65,0.5
444,22719.706283,22719.029617,22719.171617,22719.706283,22733.23427,1,NaN,0,5.99999999999996,2,1,65,0.5
445,22734.549602,22733.920269,22733.971603,22734.549602,22741.053595,1,NaN,0,5.99999999999996,2,1,65,0.5
446,22745.266258,22743.741593,22744.236259,22745.212925,22748.749588,1,1.99999999999996,0.0200000000000003,7.00000000000003,1,2,66,0.5
447,22750.548253,22749.798253,22749.937587,22750.494919,22753.52025,0,1.99999999999996,0.0200000000000003,5.99999999999996,2,1,65,0.5
448,22755.204915,22754.507582,22754.652915,22755.204915,22762.418241,1,NaN,0,5.99999999999996,2,1,65,0.5
449,22763.832906,22763.070907,22763.31024,22763.832906,22768.587568,1,NaN,0,5.99999999999996,2,1,65,0.5
450,22770.806232,22769.6829,22770.007566,22770.752899,22774.082896,0,1.99999999999996,0.0200000000000003,5.99999999999996,2,1,65,0.5
451,22775.541561,22774.831562,22775.064228,22775.541561,22781.582222,1,NaN,0,5.99999999999996,2,1,65,0.5
452,22784.576219,22783.616886,22783.971553,22784.522885,22788.360215,1,1.99999999999996,0.0200000000000003,7.00000000000003,1,2,66,0.5
453,22789.91088,22789.056214,22789.374214,22789.91088,22794.502875,0,NaN,0,7.00000000000003,1,2,66,0.5
454,22796.57354,22795.471541,22795.908207,22796.520207,22797.570206,1,1.99999999999996,0.0200000000000003,7.00000000000003,1,2,66,0.5
455,22799.46087,22798.383538,22798.785538,22799.407537,22802.865534,0,1.99999999999996,0.0200000000000003,5.99999999999996,2,1,65,0.5
456,22804.288866,22803.627533,22803.817533,22804.288866,22810.744859,1,NaN,0,5.99999999999996,2,1,65,0.5
457,22813.10819,22812.348857,22812.572857,22813.054857,22815.713521,0,1.99999999999996,0.0200000000000003,5.99999999999996,2,1,65,0.5
458,22817.328853,22816.54752,22816.76552,22817.275519,22820.952182,1,1.99999999999996,0.0200000000000003,7.00000000000003,1,2,66,0.5
459,22822.948847,22822.055514,22822.344847,22822.895514,22826.75351,0,1.99999999999996,0.0200000000000003,5.99999999999996,2,1,65,0.5
460,22828.098175,22827.406176,22827.549509,22828.044842,22830.644839,1,1.99999999999996,0.0200000000000003,7.00000000000003,1,2,66,0.5
461,22832.264171,22831.620838,22831.690171,22832.210838,22835.810167,0,1.99999999999996,0.0200000000000003,5.99999999999996,2,1,65,0.5
462,22837.076166,22836.446167,22836.524833,22837.076166,22841.590828,1,NaN,0,5.99999999999996,2,1,65,0.5
463,22843.645493,22842.935494,22843.06416,22843.645493,22855.478148,0,NaN,0,7.00000000000003,1,2,66,0.5
464,22858.588811,22857.785479,22857.902145,22858.535478,22862.610807,1,1.99999999999996,0.0200000000000003,7.00000000000003,1,2,66,0.5
465,22864.347472,22863.516806,22863.632806,22864.294139,22867.839469,0,1.99999999999996,0.0200000000000003,5.99999999999996,2,1,65,0.5
466,22869.419467,22868.794801,22868.923468,22869.383467,22870.0928,1,1.99999999999996,0.0200000000000003,7.00000000000003,1,2,66,0.5
467,22872.356797,22871.454798,22871.782131,22872.303464,22873.866796,0,1.99999999999996,0.0200000000000003,5.99999999999996,2,1,65,0.5
468,22875.399461,22874.774795,22874.869462,22875.365461,22876.118127,1,1.99999999999996,0.0200000000000003,7.00000000000003,1,2,66,0.5
469,22878.431458,22877.472792,22877.886125,22878.378125,22879.37479,0,1.99999999999996,0.0200000000000003,5.99999999999996,2,1,65,0.5
470,22882.658121,22881.944121,22882.029454,22882.604787,22886.266784,1,1.99999999999996,0.0200000000000003,7.00000000000003,1,2,66,0.5
471,22887.714115,22887.089449,22887.209449,22887.681449,22888.750781,0,1.99999999999996,0.0200000000000003,5.99999999999996,2,1,65,0.5
472,22890.616779,22889.899447,22890.11478,22890.616779,22897.056773,1,NaN,0,5.99999999999996,2,1,65,0.5
473,22898.666104,22897.784105,22898.192772,22898.666104,22904.478765,1,NaN,0,5.99999999999996,2,1,65,0.5
474,22907.318096,22906.49743,22906.816096,22907.264763,22910.963426,0,1.99999999999996,0.0200000000000003,5.99999999999996,2,1,65,0.5
475,22912.559424,22911.936091,22912.082758,22912.506091,22913.235423,1,1.99999999999996,0.0200000000000003,7.00000000000003,1,2,66,0.5
476,22914.391422,22913.791423,22913.982089,22914.391422,22920.457417,0,NaN,0,7.00000000000003,1,2,66,0.5
477,22921.995414,22921.066082,22921.506748,22921.995414,22927.881409,0,NaN,0,7.00000000000003,1,2,66,0.5
478,22930.662739,22929.780073,22930.18474,22930.662739,22936.1934,1,NaN,0,5.99999999999996,2,1,65,0.5
479,22939.152064,22938.068065,22938.619398,22939.098731,22940.758062,1,1.99999999999996,0.0200000000000003,7.00000000000003,1,2,66,0.5
480,22942.664727,22941.921395,22942.142061,22942.611394,22945.576058,0,1.99999999999996,0.0200000000000003,5.99999999999996,2,1,65,0.5
481,22947.200723,22946.512057,22946.74939,22947.200723,22952.72405,1,NaN,0,5.99999999999996,2,1,65,0.5
482,22954.670715,22954.013382,22954.029382,22954.617382,22959.834043,1,1.99999999999996,0.0200000000000003,7.00000000000003,1,2,66,0.5
483,22962.080041,22960.711376,22960.781376,22962.026708,22963.135373,0,1.99999999999996,0.0200000000000003,5.99999999999996,2,1,65,0.5
484,22964.825372,22964.075372,22964.278706,22964.772038,22971.303365,1,1.99999999999996,0.0200000000000003,7.00000000000003,1,2,66,0.5
485,22972.884697,22971.890698,22972.096698,22972.884697,22978.805358,1,NaN,0,5.99999999999996,2,1,65,0.5
486,22980.377356,22979.59669,22979.81669,22980.324023,23354.071649,0,1.99999999999996,0.0200000000000003,5.99999999999996,2,1,65,0.5
487,23359.032311,23358.083645,23358.256978,23359.032311,23370.670299,1,NaN,0,5.99999999999996,2,1,65,0.5
488,23374.250296,23373.518296,23373.696963,23374.250296,23385.152951,0,NaN,0,7.00000000000003,1,2,66,0.5
489,23386.63095,23386.008951,23386.193617,23386.63095,23392.260278,1,NaN,0,5.99999999999996,2,1,65,0.5
490,23393.963609,23393.338943,23393.460943,23393.929609,23397.199606,0,1.99999999999996,0.0200000000000003,5.99999999999996,2,1,65,0.5
491,23398.750271,23398.057605,23398.250938,23398.750271,23716.343287,1,NaN,0,5.99999999999996,2,1,65,0.5
492,23718.673951,23717.478619,23717.553952,23718.620618,23723.47928,0,1.99999999999996,0.0200000000000003,5.99999999999996,2,1,65,0.5
493,23737.399932,23735.629268,23736.0926,23737.399932,23742.172594,1,NaN,0,5.99999999999996,2,1,65,0.5
494,23746.14059,23744.739258,23744.871925,23746.14059,23752.712584,1,NaN,0,5.99999999999996,2,1,65,0.5
495,23755.257248,23753.753249,23754.517249,23755.203915,23759.975243,1,1.99999999999996,0.0200000000000003,7.00000000000003,1,2,66,0.5
496,23762.381907,23761.431908,23761.685241,23762.328574,23764.911238,0,1.99999999999996,0.0200000000000003,5.99999999999996,2,1,65,0.5
497,23766.755236,23765.819237,23765.970571,23766.701903,23772.172566,1,1.99999999999996,0.0200000000000003,7.00000000000003,1,2,66,0.5
498,23775.016561,23773.117897,23773.573896,23775.016561,23777.875225,0,NaN,0,7.00000000000003,1,2,66,0.5
499,23795.901207,23794.791208,23795.001208,23795.847875,23800.288536,0,1.99999999999996,0.0200000000000003,5.99999999999996,2,1,65,0.5
500,23801.889201,23801.053202,23801.193869,23801.835868,23808.120528,1,1.99999999999996,0.0200000000000003,7.00000000000003,1,2,66,0.5
501,23810.201193,23809.224527,23809.418527,23810.14786,23814.037189,0,1.99999999999996,0.0200000000000003,5.99999999999996,2,1,65,0.5
502,23815.417188,23814.754522,23814.785188,23815.417188,23821.931181,1,NaN,0,5.99999999999996,2,1,65,0.5
503,23823.895179,23822.659849,23823.13918,23823.841846,23829.644507,0,1.99999999999996,0.0200000000000003,5.99999999999996,2,1,65,0.5
504,23831.110505,23830.339173,23830.457839,23831.057172,23835.561168,1,1.99999999999996,0.0200000000000003,7.00000000000003,1,2,66,0.5
505,23837.593832,23836.657833,23836.8045,23837.540499,23840.07783,0,1.99999999999996,0.0200000000000003,5.99999999999996,2,1,65,0.5
506,23841.387162,23840.710496,23840.822496,23841.387162,23846.955156,1,NaN,0,5.99999999999996,2,1,65,0.5
507,23849.181154,23848.305822,23848.545155,23849.181154,23854.739148,0,NaN,0,7.00000000000003,1,2,66,0.5
508,23856.909813,23855.925814,23856.317147,23856.909813,23864.207806,0,NaN,0,7.00000000000003,1,2,66,0.5
509,23868.615135,23867.569802,23868.053802,23868.615135,23870.1178,1,NaN,0,5.99999999999996,2,1,65,0.5
510,23876.285127,23875.263795,23875.592461,23876.231794,23880.257123,0,1.99999999999996,0.0200000000000003,5.99999999999996,2,1,65,0.5
511,23881.791121,23880.971789,23881.177789,23881.737788,23887.166449,1,1.99999999999996,0.0200000000000003,7.00000000000003,1,2,66,0.5
512,23888.768448,23887.995782,23888.169115,23888.768448,23893.716443,0,NaN,0,7.00000000000003,1,2,66,0.5
513,23895.889774,23894.497109,23895.168441,23895.836441,23899.079104,1,1.99999999999996,0.0200000000000003,7.00000000000003,1,2,66,0.5
514,23900.687769,23899.92977,23900.14577,23900.687769,23907.931095,0,NaN,0,7.00000000000003,1,2,66,0.5
515,23909.84576,23908.788428,23909.259761,23909.84576,23915.911754,0,NaN,0,7.00000000000003,1,2,66,0.5
516,23918.953084,23918.063085,23918.149085,23918.953084,23925.023745,1,NaN,0,5.99999999999996,2,1,65,0.5
517,23927.346409,23925.984411,23926.47241,23927.293076,23930.457739,0,1.99999999999996,0.0200000000000003,5.99999999999996,2,1,65,0.5
518,23931.942405,23931.234405,23931.463072,23931.942405,23937.219734,1,NaN,0,5.99999999999996,2,1,65,0.5
519,23939.077731,23938.093065,23938.528398,23939.024397,23942.96506,0,1.99999999999996,0.0200000000000003,5.99999999999996,2,1,65,0.5
520,23944.573059,23943.793059,23943.947726,23944.519725,23947.917055,1,1.99999999999996,0.0200000000000003,7.00000000000003,1,2,66,0.5
521,23949.64172,23948.853054,23949.064387,23949.64172,23954.856382,0,NaN,0,7.00000000000003,1,2,66,0.5
522,23956.733713,23955.717714,23956.175047,23956.733713,23962.553041,1,NaN,0,5.99999999999996,2,1,65,0.5
523,23964.271039,23963.54304,23963.746373,23964.271039,23971.623032,1,NaN,0,5.99999999999996,2,1,65,0.5
524,23974.293696,23973.252363,23973.712363,23974.240362,23976.861026,0,1.99999999999996,0.0200000000000003,5.99999999999996,2,1,65,0.5
525,23979.077024,23977.802359,23978.483025,23979.077024,23984.532352,1,NaN,0,5.99999999999996,2,1,65,0.5
526,23986.10835,23985.177018,23985.518351,23986.10835,23990.699012,0,NaN,0,7.00000000000003,1,2,66,0.5
527,23993.659676,23992.567677,23993.058343,23993.606343,23996.45234,1,1.99999999999996,0.0200000000000003,7.00000000000003,1,2,66,0.5
528,23998.196338,23997.449672,23997.639006,23998.143005,23999.32567,0,1.99999999999996,0.0200000000000003,5.99999999999996,2,1,65,0.5
529,24001.109002,24000.323003,24000.555669,24001.055669,24004.582999,1,1.99999999999996,0.0200000000000003,7.00000000000003,1,2,66,0.5
530,24006.478997,24005.728997,24005.906331,24006.478997,24013.022323,0,NaN,0,7.00000000000003,1,2,66,0.5
531,24014.658322,24013.701656,24014.112322,24014.658322,24020.228983,0,NaN,0,7.00000000000003,1,2,66,0.5
532,24022.410314,24021.388982,24021.944981,24022.410314,24027.034976,1,NaN,0,5.99999999999996,2,1,65,0.5
533,24029.52964,24028.489641,24029.052974,24029.52964,24033.844969,1,NaN,0,5.99999999999996,2,1,65,0.5
534,24037.875632,24035.884967,24036.476967,24037.822299,24040.488296,1,1.99999999999996,0.0200000000000003,7.00000000000003,1,2,66,0.5
535,24042.486961,24041.743628,24041.965628,24042.433627,24045.189625,0,1.99999999999996,0.0200000000000003,5.99999999999996,2,1,65,0.5
536,24047.195623,24046.570957,24046.721623,24047.165623,24050.701619,1,1.99999999999996,0.0200000000000003,7.00000000000003,1,2,66,0.5
537,24052.495617,24051.652952,24051.705618,24052.495617,24056.35028,1,NaN,0,5.99999999999996,2,1,65,0.5
538,24059.152277,24058.273612,24058.567611,24059.152277,24069.276267,0,NaN,0,7.00000000000003,1,2,66,0.5
539,24070.801599,24070.028933,24070.2156,24070.748266,24072.712264,1,1.99999999999996,0.0200000000000003,7.00000000000003,1,2,66,0.5
540,24075.013595,24074.131596,24074.362262,24075.013595,24087.711582,0,NaN,0,7.00000000000003,1,2,66,0.5
541,24089.206247,24088.349581,24088.540915,24089.152914,24092.139578,0,1.99999999999996,0.0200000000000003,5.99999999999996,2,1,65,0.5
542,24093.531576,24092.961577,24093.021577,24093.478243,24097.174906,1,1.99999999999996,0.0200000000000003,7.00000000000003,1,2,66,0.5
543,24098.799571,24098.094905,24098.234905,24098.799571,24103.0329,0,NaN,0,7.00000000000003,1,2,66,0.5
544,24105.469564,24104.493565,24104.995565,24105.469564,24111.084225,1,NaN,0,5.99999999999996,2,1,65,0.5
545,24112.428224,24111.653558,24111.872225,24112.374891,24115.472888,0,1.99999999999996,0.0200000000000003,5.99999999999996,2,1,65,0.5
546,24118.172885,24117.430219,24117.618886,24118.119552,24121.880881,1,1.99999999999996,0.0200000000000003,7.00000000000003,1,2,66,0.5
547,24123.49288,24122.82288,24122.89488,24123.439546,24126.763543,0,1.99999999999996,0.0200000000000003,5.99999999999996,2,1,65,0.5
548,24128.122875,24127.498209,24127.580209,24128.090875,24131.274872,1,1.99999999999996,0.0200000000000003,7.00000000000003,1,2,66,0.5
549,24132.754204,24132.129538,24132.179538,24132.730204,24136.842866,0,1.99999999999996,0.0200000000000003,5.99999999999996,2,1,65,0.5
550,24138.502865,24137.942865,24137.995532,24138.502865,24144.220192,1,NaN,0,5.99999999999996,2,1,65,0.5
551,24145.711524,24144.982858,24145.152858,24145.658196,24149.700187,0,1.99999999999996,0.0200000000000003,5.99999999999996,2,1,65,0.5
552,24151.290852,24150.506853,24150.719519,24151.237519,24152.70885,1,1.99999999999996,0.0200000000000003,7.00000000000003,1,2,66,0.5
553,24154.338849,24153.579516,24153.703516,24154.285516,24156.696846,0,1.99999999999996,0.0200000000000003,5.99999999999996,2,1,65,0.5
554,24158.121512,24157.394846,24157.570181,24158.068178,24162.667507,1,1.99999999999996,0.0200000000000003,7.00000000000003,1,2,66,0.5
555,24163.973506,24163.25484,24163.410173,24163.920173,24164.639505,0,1.99999999999996,0.0200000000000003,5.99999999999996,2,1,65,0.5
556,24165.780171,24165.198171,24165.319505,24165.780171,24170.540166,1,NaN,0,5.99999999999996,2,1,65,0.5
557,24172.514164,24171.725498,24171.924165,24172.460831,24173.514163,0,1.99999999999996,0.0200000000000003,5.99999999999996,2,1,65,0.5
558,24174.810828,24174.096162,24174.286162,24174.757495,24177.773492,1,1.99999999999996,0.0200000000000003,7.00000000000003,1,2,66,0.5
559,24179.512824,24178.781491,24178.948824,24179.45949,24182.032154,0,1.99999999999996,0.0200000000000003,5.99999999999996,2,1,65,0.5
560,24183.658154,24182.973487,24183.106153,24183.658154,24188.460815,1,NaN,0,5.99999999999996,2,1,65,0.5
561,24190.554146,24189.538147,24189.796147,24190.500813,24195.262808,0,1.99999999999996,0.0200000000000003,5.99999999999996,2,1,65,0.5
562,24196.621473,24195.996807,24196.082807,24196.59414,24204.090132,1,1.99999999999996,0.0200000000000003,7.00000000000003,1,2,66,0.5
563,24205.722131,24204.866132,24204.918132,24205.668798,24209.022794,0,1.99999999999996,0.0200000000000003,5.99999999999996,2,1,65,0.5
564,24210.482126,24209.924793,24210.040126,24210.482126,24214.576789,1,NaN,0,5.99999999999996,2,1,65,0.5
565,24218.709451,24217.924785,24217.960785,24218.656118,24221.782115,1,1.99999999999996,0.0200000000000003,7.00000000000003,1,2,66,0.5
566,24223.634113,24222.79478,24223.026113,24223.634113,24229.474107,0,NaN,0,7.00000000000003,1,2,66,0.5
567,24231.144105,24230.20144,24230.551439,24231.144105,24235.836767,1,NaN,0,5.99999999999996,2,1,65,0.5
568,24237.412766,24236.8921,24236.9641,24237.412766,24243.198093,0,NaN,0,7.00000000000003,1,2,66,0.5
569,24244.547425,24243.762759,24243.994093,24244.494092,24249.172754,0,1.99999999999996,0.0200000000000003,5.99999999999996,2,1,65,0.5
570,24250.713419,24250.088753,24250.182753,24250.686086,24255.670081,1,1.99999999999996,0.0200000000000003,7.00000000000003,1,2,66,0.5
571,24257.148079,24256.322747,24256.351413,24257.148079,24262.971407,0,NaN,0,7.00000000000003,1,2,66,0.5
572,24264.756738,24263.47274,24264.204072,24264.756738,24287.272716,0,NaN,0,7.00000000000003,1,2,66,0.5
573,24288.750048,24287.933382,24288.253382,24288.750048,24307.256696,0,NaN,0,7.00000000000003,1,2,66,0.5
574,24309.66336,24308.798028,24308.845361,24309.610027,24310.718692,1,1.99999999999996,0.0200000000000003,7.00000000000003,1,2,66,0.5
575,24313.351356,24312.703357,24312.872024,24313.351356,24319.328017,0,NaN,0,7.00000000000003,1,2,66,0.5
576,24320.813349,24320.09535,24320.358683,24320.813349,24334.063336,1,NaN,0,5.99999999999996,2,1,65,0.5
577,24335.305335,24334.593335,24334.648002,24335.305335,24340.167996,1,NaN,0,5.99999999999996,2,1,65,0.5
578,24343.53266,24342.76066,24343.073327,24343.53266,24405.863264,0,NaN,0,7.00000000000003,1,2,66,0.5
579,24408.722594,24406.93193,24407.426596,24408.722594,24417.314586,0,NaN,0,7.00000000000003,1,2,66,0.5
580,24433.055237,24431.727905,24432.212571,24433.055237,24441.686561,1,NaN,0,5.99999999999996,2,1,65,0.5
581,24442.727894,24442.125228,24442.334561,24442.727894,24447.400556,1,NaN,0,5.99999999999996,2,1,65,0.5
582,24449.398554,24448.596555,24448.967221,24449.398554,24455.201215,0,NaN,0,7.00000000000003,1,2,66,0.5
583,24457.435212,24456.43588,24456.834546,24457.381879,24459.087877,1,1.99999999999996,0.0200000000000003,7.00000000000003,1,2,66,0.5
584,24461.138542,24460.424543,24460.609209,24461.085209,24464.041872,0,1.99999999999996,0.0200000000000003,5.99999999999996,2,1,65,0.5
585,24465.464538,24464.770538,24464.980538,24465.411204,24468.541201,1,1.99999999999996,0.0200000000000003,7.00000000000003,1,2,66,0.5
586,24470.277866,24469.5572,24469.7572,24470.2252,24472.929864,0,1.99999999999996,0.0200000000000003,5.99999999999996,2,1,65,0.5
587,24474.500529,24473.875863,24473.919863,24474.457862,24477.511192,1,1.99999999999996,0.0200000000000003,7.00000000000003,1,2,66,0.5
588,24479.223857,24478.630525,24478.750525,24479.170524,24483.831186,0,1.99999999999996,0.0200000000000003,5.99999999999996,2,1,65,0.5
589,24485.009185,24484.407185,24484.496519,24484.955852,24488.802514,1,1.99999999999996,0.0200000000000003,7.00000000000003,1,2,66,0.5
590,24490.777846,24490.15318,24490.259846,24490.772512,24498.729838,0,1.99999999999996,0.0200000000000003,5.99999999999996,2,1,65,0.5
591,24500.22517,24499.52917,24499.680503,24500.171836,24503.760499,0,1.99999999999996,0.0200000000000003,5.99999999999996,2,1,65,0.5
592,24505.046498,24504.411832,24504.563832,24505.046498,24511.491158,1,NaN,0,5.99999999999996,2,1,65,0.5
593,24512.997157,24512.209158,24512.526491,24512.997157,24517.983819,1,NaN,0,5.99999999999996,2,1,65,0.5
594,24519.86315,24519.118484,24519.39115,24519.86315,24550.106453,0,NaN,0,7.00000000000003,1,2,66,0.5
595,24553.207783,24552.481117,24552.71245,24553.15445,24556.259114,1,1.99999999999996,0.0200000000000003,7.00000000000003,1,2,66,0.5
596,24558.060445,24557.437779,24557.543112,24558.060445,24563.457773,0,NaN,0,7.00000000000003,1,2,66,0.5
597,24566.85377,24566.180437,24566.45377,24566.85377,24582.189088,0,NaN,0,7.00000000000003,1,2,66,0.5
598,24586.124417,24585.561751,24585.581751,24586.124417,24595.649074,0,NaN,0,7.00000000000003,1,2,66,0.5
599,24618.963718,24617.949719,24617.991052,24618.963718,24813.12219,0,NaN,0,7.00000000000003,1,2,66,0.5
600,24815.591521,24814.624189,24814.700188,24815.538188,24818.440185,1,1.99999999999996,0.0200000000000003,7.00000000000003,1,2,66,0.5
601,24820.454183,24819.68685,24819.747517,24820.454183,24897.158773,0,NaN,0,7.00000000000003,1,2,66,0.5
602,24910.580093,24908.930761,24909.228761,24910.580093,24919.163417,0,NaN,0,7.00000000000003,1,2,66,0.5
603,24920.916749,24920.229416,24920.346083,24920.916749,24925.575411,0,NaN,0,7.00000000000003,1,2,66,0.5
604,24927.661409,24926.618077,24927.129409,24927.635409,24929.003407,1,1.99999999999996,0.0200000000000003,7.00000000000003,1,2,66,0.5
605,24930.722072,24929.984073,24930.052073,24930.722072,24937.042733,0,NaN,0,7.00000000000003,1,2,66,0.5
606,24938.738731,24937.666065,24938.152065,24938.738731,24944.273392,0,NaN,0,7.00000000000003,1,2,66,0.5
607,24946.350723,24945.493391,24945.836724,24946.29739,24949.58272,1,1.99999999999996,0.0200000000000003,7.00000000000003,1,2,66,0.5
608,24951.060052,24950.416719,24950.572053,24951.060052,24957.214046,0,NaN,0,7.00000000000003,1,2,66,0.5
609,24958.525378,24957.752045,24958.062045,24958.472045,24963.325373,1,1.99999999999996,0.0200000000000003,7.00000000000003,1,2,66,0.5
610,24964.857372,24964.222039,24964.360039,24964.857372,24971.565365,0,NaN,0,7.00000000000003,1,2,66,0.5
611,24973.132697,24972.470697,24972.644697,24973.132697,25385.428284,0,NaN,0,7.00000000000003,1,2,66,0.5
612,25387.700282,25386.613617,25386.868283,25387.646949,25394.692275,1,1.99999999999996,0.0200000000000003,7.00000000000003,1,2,66,0.5
613,25398.000938,25396.11294,25396.258274,25398.000938,25398.251605,0,NaN,0,7.00000000000003,1,2,66,0.5
614,25408.326261,25407.452935,25407.512262,25408.326261,25418.456918,1,NaN,0,5.99999999999996,2,1,65,0.5
615,25420.13425,25419.398917,25419.578917,25420.13425,25424.795578,1,NaN,0,5.99999999999996,2,1,65,0.5
616,25427.891575,25426.963576,25427.282243,25427.891575,25430.970906,1,NaN,0,5.99999999999996,2,1,65,0.5
617,25438.067565,25437.098233,25437.207566,25438.067565,25440.968896,1,NaN,0,5.99999999999996,2,1,65,0.5
618,25445.464891,25444.554225,25444.821558,25445.464891,25445.645558,1,NaN,0,5.99999999999996,2,1,65,0.5
619,25464.846205,25463.516206,25464.052206,25464.792872,25468.216868,0,1.99999999999996,0.0200000000000003,5.99999999999996,2,1,65,0.5
620,25469.6002,25468.840868,25468.994201,25469.546867,25472.110198,1,1.99999999999996,0.0200000000000003,7.00000000000003,1,2,66,0.5
621,25473.884196,25473.208197,25473.41153,25473.884196,25480.416189,0,NaN,0,7.00000000000003,1,2,66,0.5
622,25486.095517,25485.542184,25485.631518,25486.095517,25491.082179,1,NaN,0,5.99999999999996,2,1,65,0.5
623,25493.646843,25492.322178,25493.102843,25493.646843,25499.51617,0,NaN,0,7.00000000000003,1,2,66,0.5
624,25501.488835,25500.493503,25500.909502,25501.435502,25505.729497,1,1.99999999999996,0.0200000000000003,7.00000000000003,1,2,66,0.5
625,25507.422829,25506.73883,25506.909496,25507.422829,25513.760823,0,NaN,0,7.00000000000003,1,2,66,0.5
626,25518.032152,25517.496819,25517.532152,25518.032152,25628.315375,0,NaN,0,7.00000000000003,1,2,66,0.5
627,25662.70734,25661.622675,25661.949341,25662.70734,25675.635328,0,NaN,0,7.00000000000003,1,2,66,0.5
628,25678.335992,25677.501326,25677.750659,25678.335992,25684.415319,1,NaN,0,5.99999999999996,2,1,65,0.5
629,25686.167984,25685.280651,25685.635318,25686.11465,25691.869311,0,1.99999999999996,0.0200000000000003,5.99999999999996,2,1,65,0.5
630,25693.407976,25692.683977,25692.778644,25693.354643,25697.342639,1,1.99999999999996,0.0200000000000003,7.00000000000003,1,2,66,0.5
631,25698.953971,25698.354638,25698.399305,25698.953971,25699.45797,0,NaN,0,7.00000000000003,1,2,66,0.5
632,25712.659957,25711.844625,25711.917291,25712.659957,27437.221566,1,NaN,0,5.99999999999996,2,1,65,0.5
633,27440.489563,27438.468898,27438.502231,27440.436229,27447.264889,0,1.99999999999996,0.0200000000000003,5.99999999999996,2,1,65,0.5
634,27449.94422,27448.699554,27448.954221,27449.890887,27451.020219,1,1.99999999999996,0.0200000000000003,7.00000000000003,1,2,66,0.5
635,27452.557551,27451.955551,27452.014218,27452.557551,28654.391015,0,NaN,0,7.00000000000003,1,2,66,0.5
636,28656.11368,28655.067015,28655.203015,28656.060347,28816.856186,0,1.99999999999996,0.0200000000000003,5.99999999999996,2,1,65,0.5
637,28818.706184,28817.692852,28817.868185,28818.652851,29322.039681,0,1.99999999999996,0.0200000000000003,5.99999999999996,2,1,65,0.5
638,29325.860344,29324.839678,29324.887678,29325.807011,29327.024343,1,1.99999999999996,0.0200000000000003,7.00000000000003,1,2,66,0.5
639,29329.099674,29328.383675,29328.501676,29329.099674,29334.702335,0,NaN,0,7.00000000000003,1,2,66,0.5
640,29336.918333,29335.646334,29336.195,29336.918333,29339.341664,0,NaN,0,7.00000000000003,1,2,66,0.5
641,29490.546846,29488.585515,29489.066181,29490.546846,29490.685512,0,NaN,0,7.00000000000003,1,2,66,0.5
642,29606.323397,29604.772065,29605.138065,29606.270064,29613.47939,1,1.99999999999996,0.0200000000000003,7.00000000000003,1,2,66,0.5
643,29615.586054,29614.789388,29614.901388,29615.586054,29619.98805,0,NaN,0,7.00000000000003,1,2,66,0.5
644,29635.939367,29634.985368,29635.140035,29635.939367,29717.651285,0,NaN,0,7.00000000000003,1,2,66,0.5
645,29719.280617,29718.555951,29718.579951,29719.280617,29720.873282,1,NaN,0,5.99999999999996,2,1,65,0.5
646,29725.601278,29724.700612,29724.804612,29725.547944,29731.933271,0,1.99999999999996,0.0200000000000003,5.99999999999996,2,1,65,0.5
647,29734.127269,29733.055937,29733.214603,29734.127269,29740.088596,1,NaN,0,5.99999999999996,2,1,65,0.5
648,29742.290594,29741.411928,29741.421928,29742.237261,29752.033918,1,1.99999999999996,0.0200000000000003,7.00000000000003,1,2,66,0.5
649,29754.965248,29753.893916,29754.231916,29754.965248,29758.731911,0,NaN,0,7.00000000000003,1,2,66,0.5
650,29761.934575,29760.700576,29761.252575,29761.934575,29767.665235,0,NaN,0,7.00000000000003,1,2,66,0.5
651,29770.516566,29769.484568,29769.745233,29770.463233,29775.071228,1,1.99999999999996,0.0200000000000003,7.00000000000003,1,2,66,0.5
652,29777.469892,29776.66856,29776.801893,29777.469892,29782.741887,0,NaN,0,7.00000000000003,1,2,66,0.5
653,29785.084551,29783.999886,29784.401885,29785.031218,29788.912548,1,1.99999999999996,0.0200000000000003,7.00000000000003,1,2,66,0.5
654,29791.401878,29790.744546,29790.771212,29791.401878,29797.289873,0,NaN,0,7.00000000000003,1,2,66,0.5
655,29799.227871,29798.289205,29798.579205,29799.174537,29805.125865,1,1.99999999999996,0.0200000000000003,7.00000000000003,1,2,66,0.5
656,29808.162528,29807.307196,29807.339196,29808.162528,29813.610523,0,NaN,0,7.00000000000003,1,2,66,0.5
657,29815.945854,29814.834522,29815.297855,29815.892521,29822.777847,1,1.99999999999996,0.0200000000000003,7.00000000000003,1,2,66,0.5
658,29824.708512,29823.617846,29823.839846,29824.708512,29831.225839,0,NaN,0,7.00000000000003,1,2,66,0.5
659,29834.393835,29833.413836,29833.663169,29834.340502,29838.302498,1,1.99999999999996,0.0200000000000003,7.00000000000003,1,2,66,0.5
660,29840.493163,29839.245164,29839.35383,29840.439829,29844.265159,0,1.99999999999996,0.0200000000000003,5.99999999999996,2,1,65,0.5
661,29845.880491,29845.112491,29845.219825,29845.827157,29850.498486,1,1.99999999999996,0.0200000000000003,7.00000000000003,1,2,66,0.5
662,29852.799817,29851.931818,29852.015818,29852.799817,29872.567131,0,NaN,0,7.00000000000003,1,2,66,0.5
663,29874.216462,29873.20313,29873.252463,29874.216462,30228.191442,0,NaN,0,7.00000000000003,1,2,66,0.5
664,30231.798105,30230.968772,30231.155439,30231.795438,30240.166096,1,1.99999999999996,0.0200000000000003,7.00000000000003,1,2,66,0.5
665,30242.197428,30241.264095,30241.522762,30242.197428,30272.896064,0,NaN,0,7.00000000000003,1,2,66,0.5
666,30275.013395,30274.276062,30274.461395,30275.013395,30280.359389,1,NaN,0,5.99999999999996,2,1,65,0.5
667,30282.768054,30281.560722,30281.993388,30282.71472,30287.792049,1,1.99999999999996,0.0200000000000003,7.00000000000003,1,2,66,0.5
668,30289.67738,30288.672048,30288.852714,30289.624047,30295.302708,0,1.99999999999996,0.0200000000000003,5.99999999999996,2,1,65,0.5
669,30297.166706,30296.145374,30296.30804,30297.113373,30298.809371,0,1.99999999999996,0.0200000000000003,5.99999999999996,2,1,65,0.5
670,30300.541369,30299.726037,30299.894703,30300.488036,30304.318699,1,1.99999999999996,0.0200000000000003,7.00000000000003,1,2,66,0.5
671,30306.893363,30306.056697,30306.214697,30306.84003,30314.458689,0,1.99999999999996,0.0200000000000003,5.99999999999996,2,1,65,0.5
672,30317.877352,30315.970021,30316.277354,30317.824019,30322.316681,0,1.99999999999996,0.0200000000000003,5.99999999999996,2,1,65,0.5
673,30324.044679,30323.250013,30323.28468,30324.044679,30330.078673,1,NaN,0,5.99999999999996,2,1,65,0.5
674,30332.606004,30331.374672,30331.625338,30332.606004,30337.912665,0,NaN,0,7.00000000000003,1,2,66,0.5
675,30340.198663,30339.262664,30339.475997,30340.14533,30345.072658,1,1.99999999999996,0.0200000000000003,7.00000000000003,1,2,66,0.5
676,30347.020656,30346.05599,30346.17399,30346.967323,30351.169319,0,1.99999999999996,0.0200000000000003,5.99999999999996,2,1,65,0.5
677,30352.78065,30352.024651,30352.160651,30352.78065,30356.550647,1,NaN,0,5.99999999999996,2,1,65,0.5
678,30359.151311,30358.232645,30358.487311,30359.097977,30363.007973,1,1.99999999999996,0.0200000000000003,7.00000000000003,1,2,66,0.5
679,30365.402638,30364.471972,30364.624639,30365.349304,30373.09463,0,1.99999999999996,0.0200000000000003,5.99999999999996,2,1,65,0.5
680,30375.768627,30374.701962,30375.047295,30375.715294,30379.808623,1,1.99999999999996,0.0200000000000003,7.00000000000003,1,2,66,0.5
681,30381.635955,30380.862622,30380.935289,30381.582622,30386.274617,0,1.99999999999996,0.0200000000000003,5.99999999999996,2,1,65,0.5
682,30388.035282,30387.354616,30387.383955,30387.981949,30394.149942,1,1.99999999999996,0.0200000000000003,7.00000000000003,1,2,66,0.5
683,30398.230605,30396.581273,30396.66194,30398.230605,30404.099932,1,NaN,0,5.99999999999996,2,1,65,0.5
684,30406.000597,30405.199931,30405.253931,30405.947264,30410.405259,0,1.99999999999996,0.0200000000000003,5.99999999999996,2,1,65,0.5
685,30411.912591,30411.183259,30411.336592,30411.912591,30415.781254,1,NaN,0,5.99999999999996,2,1,65,0.5
686,30418.648585,30417.556586,30417.723919,30418.595251,30419.48725,1,1.99999999999996,0.0200000000000003,7.00000000000003,1,2,66,0.5
687,30421.543915,30420.240583,30420.715916,30421.490582,30426.569243,0,1.99999999999996,0.0200000000000003,5.99999999999996,2,1,65,0.5
688,30428.603908,30427.406576,30427.442576,30428.603908,30434.197236,1,NaN,0,5.99999999999996,2,1,65,0.5
689,30436.294567,30434.977235,30435.504568,30436.241234,30441.059895,0,1.99999999999996,0.0200000000000003,5.99999999999996,2,1,65,0.5
690,30442.825227,30442.087894,30442.171894,30442.771894,30445.502558,1,1.99999999999996,0.0200000000000003,7.00000000000003,1,2,66,0.5
691,30447.459222,30446.60589,30446.789223,30447.405889,30454.315216,0,1.99999999999996,0.0200000000000003,5.99999999999996,2,1,65,0.5
692,30456.396547,30455.545214,30455.771214,30456.396547,30462.209874,0,NaN,0,7.00000000000003,1,2,66,0.5
693,30464.254539,30463.107873,30463.61054,30464.201206,30466.150537,1,1.99999999999996,0.0200000000000003,7.00000000000003,1,2,66,0.5
694,30468.139868,30466.995203,30467.413869,30468.139868,30475.283195,0,NaN,0,7.00000000000003,1,2,66,0.5
695,30476.853193,30475.924527,30476.176527,30476.853193,30482.565854,0,NaN,0,7.00000000000003,1,2,66,0.5
696,30484.474519,30483.251853,30483.591853,30484.474519,30490.21518,1,NaN,0,5.99999999999996,2,1,65,0.5
697,30492.237844,30491.031179,30491.565178,30492.184511,30495.969841,1,1.99999999999996,0.0200000000000003,7.00000000000003,1,2,66,0.5
698,30497.887839,30496.931173,30497.012506,30497.834505,30500.216503,0,1.99999999999996,0.0200000000000003,5.99999999999996,2,1,65,0.5
699,30501.837835,30501.048502,30501.119169,30501.784501,30504.575832,1,1.99999999999996,0.0200000000000003,7.00000000000003,1,2,66,0.5
700,30507.059829,30506.145164,30506.33583,30507.006496,30512.021158,0,1.99999999999996,0.0200000000000003,5.99999999999996,2,1,65,0.5
701,30513.621823,30512.83649,30512.897157,30513.621823,30519.119151,1,NaN,0,5.99999999999996,2,1,65,0.5
702,30522.833814,30521.877815,30522.129814,30522.833814,30528.622475,0,NaN,0,7.00000000000003,1,2,66,0.5
703,30532.883137,30531.977805,30532.212471,30532.883137,30539.581797,1,NaN,0,5.99999999999996,2,1,65,0.5
704,30556.72778,30555.849114,30556.001114,30556.674447,30560.671776,0,1.99999999999996,0.0200000000000003,5.99999999999996,2,1,65,0.5
705,30562.571107,30561.743775,30561.841108,30562.571107,30568.723101,1,NaN,0,5.99999999999996,2,1,65,0.5
706,30571.031765,30570.370433,30570.397766,30571.031765,30577.060426,0,NaN,0,7.00000000000003,1,2,66,0.5
707,30579.397757,30578.434425,30578.757091,30579.344424,30580.19709,1,1.99999999999996,0.0200000000000003,7.00000000000003,1,2,66,0.5
708,30581.791755,30581.007755,30581.190422,30581.738421,30585.572418,0,1.99999999999996,0.0200000000000003,5.99999999999996,2,1,65,0.5
709,30587.258416,30586.474417,30586.64975,30587.258416,30592.511077,1,NaN,0,5.99999999999996,2,1,65,0.5
710,30593.881076,30593.111743,30593.254412,30593.827743,30598.741738,0,1.99999999999996,0.0200000000000003,5.99999999999996,2,1,65,0.5
711,30600.940402,30599.881737,30600.303736,30600.940402,30606.747063,1,NaN,0,5.99999999999996,2,1,65,0.5
712,30608.586395,30607.431729,30607.799729,30608.533061,30642.602361,0,1.99999999999996,0.0200000000000003,5.99999999999996,2,1,65,0.5
713,30706.770296,30705.608964,30705.810297,30706.716963,30707.732962,1,1.99999999999996,0.0200000000000003,7.00000000000003,1,2,66,0.5
714,30709.409627,30708.564295,30708.667628,30709.356294,30715.510954,0,1.99999999999996,0.0200000000000003,5.99999999999996,2,1,65,0.5
715,30717.730952,30716.800286,30716.978953,30717.677619,30721.298282,0,1.99999999999996,0.0200000000000003,5.99999999999996,2,1,65,0.5
716,30723.32228,30722.457614,30722.669614,30723.268947,30727.052943,1,1.99999999999996,0.0200000000000003,7.00000000000003,1,2,66,0.5
717,30729.010941,30728.194275,30728.249608,30728.957608,30733.112937,0,1.99999999999996,0.0200000000000003,5.99999999999996,2,1,65,0.5
718,30734.713602,30733.965603,30734.082269,30734.713602,30741.081595,1,NaN,0,5.99999999999996,2,1,65,0.5
719,30742.520261,30741.698928,30741.884928,30742.520261,30748.978921,0,NaN,0,7.00000000000003,1,2,66,0.5
720,30754.272916,30753.267583,30753.66825,30754.272916,30756.999579,1,NaN,0,5.99999999999996,2,1,65,0.5
721,30761.778241,30760.832909,30760.918242,30761.724908,30764.233572,0,1.99999999999996,0.0200000000000003,5.99999999999996,2,1,65,0.5
722,30766.51957,30765.703571,30765.931571,30766.466237,30770.163566,1,1.99999999999996,0.0200000000000003,7.00000000000003,1,2,66,0.5
723,30771.992898,30771.064899,30771.246899,30771.939565,30775.912227,0,1.99999999999996,0.0200000000000003,5.99999999999996,2,1,65,0.5
724,30777.415559,30776.71356,30776.796893,30777.362226,30780.862222,1,1.99999999999996,0.0200000000000003,7.00000000000003,1,2,66,0.5
725,30782.710887,30781.813555,30782.046888,30782.657554,30787.068883,0,1.99999999999996,0.0200000000000003,5.99999999999996,2,1,65,0.5
726,30789.489547,30788.808214,30788.845548,30789.489547,30794.956875,1,NaN,0,5.99999999999996,2,1,65,0.5
727,30796.62754,30795.691541,30796.004207,30796.62754,30801.562868,0,NaN,0,7.00000000000003,1,2,66,0.5
728,30804.683532,30803.401533,30803.688199,30804.630199,30809.687527,1,1.99999999999996,0.0200000000000003,7.00000000000003,1,2,66,0.5
729,30812.128858,30811.440192,30811.546192,30812.075524,30815.924187,1,1.99999999999996,0.0200000000000003,7.00000000000003,1,2,66,0.5
730,30817.667519,30816.906853,30816.95552,30817.614186,30822.234848,0,1.99999999999996,0.0200000000000003,5.99999999999996,2,1,65,0.5
731,30823.697513,30822.957514,30823.123513,30823.64418,30827.111509,1,1.99999999999996,0.0200000000000003,7.00000000000003,1,2,66,0.5
732,30828.791508,30828.073508,30828.170175,30828.738174,30833.692836,0,1.99999999999996,0.0200000000000003,5.99999999999996,2,1,65,0.5
733,30835.209501,30834.506169,30834.580169,30835.156168,30839.397497,1,1.99999999999996,0.0200000000000003,7.00000000000003,1,2,66,0.5
734,30841.350828,30840.514829,30840.558829,30841.350828,30845.802157,1,NaN,0,5.99999999999996,2,1,65,0.5
735,30847.785489,30846.806823,30847.154156,30847.732155,30851.200152,0,1.99999999999996,0.0200000000000003,5.99999999999996,2,1,65,0.5
736,30852.832817,30852.153484,30852.296818,30852.832817,30857.501479,1,NaN,0,5.99999999999996,2,1,65,0.5
737,30859.250144,30858.344811,30858.650811,30859.250144,30865.930804,1,NaN,0,5.99999999999996,2,1,65,0.5
738,30867.374136,30866.584803,30866.85347,30867.374136,30872.444797,1,NaN,0,5.99999999999996,2,1,65,0.5
739,30873.887463,30873.17613,30873.40213,30873.887463,30878.913458,1,NaN,0,5.99999999999996,2,1,65,0.5
740,30880.822789,30879.83279,30880.290123,30880.769456,30883.802786,0,1.99999999999996,0.0200000000000003,5.99999999999996,2,1,65,0.5
741,30885.020118,30884.448119,30884.478119,30884.966785,30888.012782,1,1.99999999999996,0.0200000000000003,7.00000000000003,1,2,66,0.5
742,30889.832113,30889.157447,30889.300781,30889.832113,30908.004095,0,NaN,0,7.00000000000003,1,2,66,0.5
743,31219.251784,31218.000452,31218.327785,31219.251784,31223.723779,1,NaN,0,5.99999999999996,2,1,65,0.5
744,31227.856442,31226.951776,31227.254443,31227.856442,31411.716258,0,NaN,0,7.00000000000003,1,2,66,0.5
745,31420.633583,31419.699583,31420.009583,31420.633583,31420.879582,1,NaN,0,5.99999999999996,2,1,65,0.5
746,31429.323574,31428.572241,31428.751574,31429.270241,31434.106236,1,1.99999999999996,0.0200000000000003,7.00000000000003,1,2,66,0.5
747,31435.599568,31434.870902,31434.989568,31435.546234,31443.018893,0,1.99999999999996,0.0200000000000003,5.99999999999996,2,1,65,0.5
748,31444.530225,31443.886893,31444.025559,31444.530225,31456.360213,1,NaN,0,5.99999999999996,2,1,65,0.5
749,31457.672879,31457.048213,31457.103546,31457.641546,31462.014874,1,1.99999999999996,0.0200000000000003,7.00000000000003,1,2,66,0.5
750,31463.768873,31462.962207,31463.10554,31463.715539,31467.446202,0,1.99999999999996,0.0200000000000003,5.99999999999996,2,1,65,0.5
751,31469.076867,31468.404201,31468.510201,31469.076867,31474.136196,1,NaN,0,5.99999999999996,2,1,65,0.5
752,31475.770861,31474.935528,31475.094861,31475.717527,31477.293526,0,1.99999999999996,0.0200000000000003,5.99999999999996,2,1,65,0.5
753,31479.040191,31478.111525,31478.490191,31479.040191,31482.333521,1,NaN,0,5.99999999999996,2,1,65,0.5
754,31485.472851,31484.761518,31484.854852,31485.419518,31488.416181,1,1.99999999999996,0.0200000000000003,7.00000000000003,1,2,66,0.5
755,31490.178846,31489.480847,31489.592847,31490.125513,31493.11751,0,1.99999999999996,0.0200000000000003,5.99999999999996,2,1,65,0.5
756,31495.974841,31495.294841,31495.371508,31495.921507,31499.70217,1,1.99999999999996,0.0200000000000003,7.00000000000003,1,2,66,0.5
757,31501.299502,31500.624169,31500.715502,31501.299502,31503.940833,0,NaN,0,7.00000000000003,1,2,66,0.5
758,31509.020161,31507.844162,31508.008162,31509.020161,31514.550822,0,NaN,0,7.00000000000003,1,2,66,0.5
759,31516.691486,31515.767487,31516.16282,31516.691486,31522.392814,1,NaN,0,5.99999999999996,2,1,65,0.5
760,31524.343479,31523.370813,31523.748146,31524.290146,31525.296145,0,1.99999999999996,0.0200000000000003,5.99999999999996,2,1,65,0.5
761,31527.111476,31526.343477,31526.578143,31527.058143,31530.507473,1,1.99999999999996,0.0200000000000003,7.00000000000003,1,2,66,0.5
762,31532.068138,31531.374138,31531.513472,31532.068138,31538.807464,0,NaN,0,7.00000000000003,1,2,66,0.5
763,31540.307463,31539.601464,31539.748797,31540.307463,31545.899457,0,NaN,0,7.00000000000003,1,2,66,0.5
764,31547.944789,31546.634123,31547.312789,31547.891455,31551.422785,1,1.99999999999996,0.0200000000000003,7.00000000000003,1,2,66,0.5
765,31553.27545,31552.306784,31552.702117,31553.27545,31557.977445,0,NaN,0,7.00000000000003,1,2,66,0.5
766,31559.59611,31558.854111,31559.099444,31559.59611,31566.212104,1,NaN,0,5.99999999999996,2,1,65,0.5
767,31568.428101,31567.386102,31567.876102,31568.374768,31572.366097,1,1.99999999999996,0.0200000000000003,7.00000000000003,1,2,66,0.5
768,31574.160762,31573.29543,31573.59143,31574.107429,31575.659427,0,1.99999999999996,0.0200000000000003,5.99999999999996,2,1,65,0.5
769,31576.969426,31576.272094,31576.42676,31576.91676,31580.177423,1,1.99999999999996,0.0200000000000003,7.00000000000003,1,2,66,0.5
770,31581.807421,31581.011422,31581.165422,31581.754088,31584.960085,0,1.99999999999996,0.0200000000000003,5.99999999999996,2,1,65,0.5
771,31586.496083,31585.900084,31586.003417,31586.496083,31588.892081,1,NaN,0,5.99999999999996,2,1,65,0.5
772,31595.073408,31594.240076,31594.473409,31595.073408,31607.890063,1,NaN,0,5.99999999999996,2,1,65,0.5
773,31631.558038,31630.648706,31630.920039,31631.504705,31635.624701,0,1.99999999999996,0.0200000000000003,5.99999999999996,2,1,65,0.5
774,31638.344031,31636.7567,31636.8107,31638.344031,31640.795362,1,NaN,0,5.99999999999996,2,1,65,0.5
775,31644.652692,31643.963359,31644.169359,31644.652692,31651.431352,1,NaN,0,5.99999999999996,2,1,65,0.5
776,31653.130683,31652.297351,31652.620684,31653.130683,31660.548676,1,NaN,0,5.99999999999996,2,1,65,0.5
777,31662.418007,31661.434008,31661.871341,31662.418007,31668.552668,1,NaN,0,5.99999999999996,2,1,65,0.5
778,31670.374666,31669.648667,31669.918667,31670.374666,31677.118659,1,NaN,0,5.99999999999996,2,1,65,0.5
779,31680.369323,31679.307991,31679.821323,31680.315989,31684.249319,0,1.99999999999996,0.0200000000000003,5.99999999999996,2,1,65,0.5
780,31685.417318,31684.883318,31684.988652,31685.417318,31691.498645,1,NaN,0,5.99999999999996,2,1,65,0.5
781,31693.188643,31692.364644,31692.710644,31693.188643,31698.755971,1,NaN,0,5.99999999999996,2,1,65,0.5
782,31700.25197,31699.511304,31699.717303,31700.199303,31704.247966,0,1.99999999999996,0.0200000000000003,5.99999999999996,2,1,65,0.5
783,31706.68663,31706.001297,31706.233297,31706.68663,31711.666625,1,NaN,0,5.99999999999996,2,1,65,0.5
784,31713.907956,31712.849957,31713.339956,31713.854623,31718.096618,0,1.99999999999996,0.0200000000000003,5.99999999999996,2,1,65,0.5
785,31719.412617,31718.821951,31718.949951,31719.412617,32015.374988,1,NaN,0,5.99999999999996,2,1,65,0.5
786,32021.477648,32020.132316,32020.696316,32021.424315,32027.243643,0,1.99999999999996,0.0200000000000003,5.99999999999996,2,1,65,0.5
787,32030.336973,32029.42364,32029.67364,32030.336973,32036.641633,1,NaN,0,5.99999999999996,2,1,65,0.5
788,32038.480965,32037.679632,32037.802965,32038.480965,32044.474292,1,NaN,0,5.99999999999996,2,1,65,0.5
789,32047.962289,32047.086289,32047.215623,32047.962289,32065.889604,1,NaN,0,5.99999999999996,2,1,65,0.5
790,32067.183603,32066.439604,32066.591603,32067.130269,32071.920265,0,1.99999999999996,0.0200000000000003,5.99999999999996,2,1,65,0.5
791,32073.580263,32072.555597,32072.883597,32073.52693,32076.901593,0,1.99999999999996,0.0200000000000003,5.99999999999996,2,1,65,0.5
792,32078.732258,32078.021592,32078.187592,32078.732258,32086.883583,1,NaN,0,5.99999999999996,2,1,65,0.5
793,32088.677581,32087.604916,32088.148248,32088.677581,32093.884909,1,NaN,0,5.99999999999996,2,1,65,0.5
794,32096.57024,32095.783574,32095.880241,32096.57024,32102.236901,0,NaN,0,7.00000000000003,1,2,66,0.5
795,32105.953564,32105.040898,32105.231565,32105.900231,32108.918228,1,1.99999999999996,0.0200000000000003,7.00000000000003,1,2,66,0.5
796,32110.484893,32109.73956,32109.864227,32110.431559,32112.502891,0,1.99999999999996,0.0200000000000003,5.99999999999996,2,1,65,0.5
797,32114.379555,32113.655556,32113.830223,32114.326225,32117.925552,1,1.99999999999996,0.0200000000000003,7.00000000000003,1,2,66,0.5
798,32119.69755,32118.932884,32119.044217,32119.644217,32121.656882,0,1.99999999999996,0.0200000000000003,5.99999999999996,2,1,65,0.5
799,32123.090213,32122.526214,32122.562881,32123.090213,32129.372207,1,NaN,0,5.99999999999996,2,1,65,0.5
800,32131.468205,32130.250873,32130.812872,32131.414872,32136.633533,1,1.99999999999996,0.0200000000000003,7.00000000000003,1,2,66,0.5
801,32137.982865,32137.240199,32137.384199,32137.929532,32142.513527,0,1.99999999999996,0.0200000000000003,5.99999999999996,2,1,65,0.5
802,32143.935526,32143.19686,32143.378193,32143.935526,32148.656855,1,NaN,0,5.99999999999996,2,1,65,0.5
803,32150.746186,32149.856187,32150.082186,32150.692852,32154.078182,0,1.99999999999996,0.0200000000000003,5.99999999999996,2,1,65,0.5
804,32155.841514,32155.142181,32155.269515,32155.841514,32161.689508,1,NaN,0,5.99999999999996,2,1,65,0.5
805,32164.192839,32163.096173,32163.567506,32164.139506,32167.974835,1,1.99999999999996,0.0200000000000003,7.00000000000003,1,2,66,0.5
806,32170.094166,32169.4295,32169.5175,32170.094166,32176.39016,0,NaN,0,7.00000000000003,1,2,66,0.5
807,32177.909492,32177.099493,32177.356826,32177.909492,32184.284819,1,NaN,0,5.99999999999996,2,1,65,0.5
808,32186.11015,32184.930818,32185.508151,32186.11015,32190.729479,0,NaN,0,7.00000000000003,1,2,66,0.5
809,32206.81413,32205.767464,32206.212797,32206.81413,32234.598769,1,NaN,0,5.99999999999996,2,1,65,0.5
810,32236.082767,32235.436101,32235.526101,32236.082767,32242.808094,1,NaN,0,5.99999999999996,2,1,65,0.5
811,32245.221425,32244.117426,32244.686092,32245.221425,32251.224085,0,NaN,0,7.00000000000003,1,2,66,0.5
812,32254.828748,32254.228087,32254.368749,32254.828748,32270.042066,1,NaN,0,5.99999999999996,2,1,65,0.5
813,32273.26073,32272.728064,32272.771397,32273.26073,32301.071369,0,NaN,0,7.00000000000003,1,2,66,0.5
814,32324.000012,32311.377358,32311.539358,NaN,32334.054002,NaN,NaN,0,5.99999999999996,2,1,65,0.5
815,32339.006664,32338.251998,32338.403331,32339.006664,32345.951324,0,NaN,0,7.00000000000003,1,2,66,0.5
816,32347.910655,32346.863323,32347.283989,32347.857322,32352.043318,0,1.99999999999996,0.0200000000000003,5.99999999999996,2,1,65,0.5
817,32353.793983,32353.08465,32353.21465,32353.740649,32364.572639,1,1.99999999999996,0.0200000000000003,7.00000000000003,1,2,66,0.5
818,32370.345966,32369.394634,32369.8093,32370.345966,32376.19596,0,NaN,0,7.00000000000003,1,2,66,0.5
819,32378.283292,32377.391959,32377.719959,32378.283292,32384.238619,1,NaN,0,5.99999999999996,2,1,65,0.5
820,32386.36795,32385.361284,32385.852617,32386.36795,32391.596612,0,NaN,0,7.00000000000003,1,2,66,0.5
821,32393.423276,32392.627944,32392.867944,32393.369943,32395.147275,1,1.99999999999996,0.0200000000000003,7.00000000000003,1,2,66,0.5
822,32397.016606,32396.195274,32396.413273,32396.963273,32400.501936,0,1.99999999999996,0.0200000000000003,5.99999999999996,2,1,65,0.5
823,32402.291934,32401.510602,32401.711935,32402.238601,32409.162594,1,1.99999999999996,0.0200000000000003,7.00000000000003,1,2,66,0.5
824,32410.627926,32409.926593,32410.109926,32410.627926,32416.802586,1,NaN,0,5.99999999999996,2,1,65,0.5
825,32418.629918,32418.021918,32418.053918,32418.629918,32424.189246,1,NaN,0,5.99999999999996,2,1,65,0.5
826,32425.839911,32424.845912,32425.249245,32425.786577,32429.65124,0,1.99999999999996,0.0200000000000003,5.99999999999996,2,1,65,0.5
827,32431.403905,32430.655906,32430.831906,32431.403905,32436.691233,1,NaN,0,5.99999999999996,2,1,65,0.5
828,32438.060565,32437.215899,32437.451232,32438.007232,32441.886561,0,1.99999999999996,0.0200000000000003,5.99999999999996,2,1,65,0.5
829,32443.979893,32443.141227,32443.439226,32443.979893,32450.716552,1,NaN,0,5.99999999999996,2,1,65,0.5
830,32452.557884,32451.788551,32452.011218,32452.557884,32458.991211,1,NaN,0,5.99999999999996,2,1,65,0.5
831,32460.569209,32459.510544,32459.947877,32460.569209,32466.014537,1,NaN,0,5.99999999999996,2,1,65,0.5
832,32467.915869,32466.815203,32467.371202,32467.862535,32470.881866,0,1.99999999999996,0.0200000000000003,5.99999999999996,2,1,65,0.5
833,32472.427864,32471.857865,32471.925865,32472.427864,32478.764524,1,NaN,0,5.99999999999996,2,1,65,0.5
834,32480.963189,32479.679857,32480.327856,32480.909856,32483.701853,1,1.99999999999996,0.0200000000000003,7.00000000000003,1,2,66,0.5
835,32485.329185,32484.467185,32484.749185,32485.275851,32488.167182,0,1.99999999999996,0.0200000000000003,5.99999999999996,2,1,65,0.5
836,32489.882513,32489.055181,32489.197847,32489.82918,32493.919843,1,1.99999999999996,0.0200000000000003,7.00000000000003,1,2,66,0.5
837,32495.773174,32495.044508,32495.169841,32495.773174,32502.020501,0,NaN,0,7.00000000000003,1,2,66,0.5
838,32503.950499,32503.0625,32503.323167,32503.897166,32507.349829,0,1.99999999999996,0.0200000000000003,5.99999999999996,2,1,65,0.5
839,32510.293826,32509.417827,32509.52516,32510.240493,32514.443155,1,1.99999999999996,0.0200000000000003,7.00000000000003,1,2,66,0.5
840,32516.589153,32515.621821,32515.925154,32516.589153,32522.983813,0,NaN,0,7.00000000000003,1,2,66,0.5
841,32524.818478,32524.041812,32524.224479,32524.765145,32528.209142,0,1.99999999999996,0.0200000000000003,5.99999999999996,2,1,65,0.5
842,32529.86914,32529.131141,32529.273141,32529.815807,32534.425802,1,1.99999999999996,0.0200000000000003,7.00000000000003,1,2,66,0.5
843,32535.695134,32534.976468,32535.105801,32535.695134,32540.689129,0,NaN,0,7.00000000000003,1,2,66,0.5
844,32542.849794,32542.081794,32542.295128,32542.849794,32548.777121,1,NaN,0,5.99999999999996,2,1,65,0.5
845,32551.110452,32550.31312,32550.553119,32551.110452,32555.988447,1,NaN,0,5.99999999999996,2,1,65,0.5
846,32557.764445,32556.787113,32557.203779,32557.764445,32563.934439,1,NaN,0,5.99999999999996,2,1,65,0.5
847,32566.27377,32565.104438,32565.619104,32566.220437,32569.136434,0,1.99999999999996,0.0200000000000003,5.99999999999996,2,1,65,0.5
848,32571.091765,32570.327099,32570.541099,32571.091765,32574.006429,1,NaN,0,5.99999999999996,2,1,65,0.5
849,32605.761064,32603.852399,32604.828398,32605.707731,32606.038397,0,1.99999999999996,0.0200000000000003,5.99999999999996,2,1,65,0.5
850,32608.983061,32607.698395,32608.336395,32608.983061,32623.563046,1,NaN,0,5.99999999999996,2,1,65,0.5
851,32626.637043,32625.428378,32625.956377,32626.637043,32643.65436,1,NaN,0,5.99999999999996,2,1,65,0.5
852,32648.669688,32647.429689,32647.863022,32648.669688,32658.345011,1,NaN,0,5.99999999999996,2,1,65,0.5
853,32661.617008,32659.45701,32661.065009,32661.617008,32661.800341,0,NaN,0,7.00000000000003,1,2,66,0.5
854,32707.036296,32705.525631,32706.230297,32706.982963,32731.930938,1,1.99999999999996,0.0200000000000003,7.00000000000003,1,2,66,0.5
855,32738.576265,32737.870265,32737.987598,32738.522931,32739.317597,0,1.99999999999996,0.0200000000000003,5.99999999999996,2,1,65,0.5
856,32742.888927,32742.071594,32742.218261,32742.888927,32753.233583,1,NaN,0,5.99999999999996,2,1,65,0.5
857,32755.348248,32754.678915,32754.889582,32755.348248,32764.443572,1,NaN,0,5.99999999999996,2,1,65,0.5
858,32766.20757,32765.430238,32765.692904,32766.20757,32773.862896,0,NaN,0,7.00000000000003,1,2,66,0.5
859,32775.506894,32774.484229,32774.954895,32775.453561,32779.49489,0,1.99999999999996,0.0200000000000003,5.99999999999996,2,1,65,0.5
860,32782.393554,32781.280222,32781.773555,32782.340221,32789.131547,1,1.99999999999996,0.0200000000000003,7.00000000000003,1,2,66,0.5
861,32791.340878,32790.26288,32790.809546,32791.340878,32796.33954,0,NaN,0,7.00000000000003,1,2,66,0.5
862,32798.734871,32797.813539,32798.218872,32798.734871,32804.482199,0,NaN,0,7.00000000000003,1,2,66,0.5
863,32806.12153,32805.088198,32805.585531,32806.068197,32810.793526,1,1.99999999999996,0.0200000000000003,7.00000000000003,1,2,66,0.5
864,32812.304191,32811.424192,32811.762858,32812.304191,32819.753517,0,NaN,0,7.00000000000003,1,2,66,0.5
865,32821.152849,32820.438183,32820.636849,32821.099515,32822.047514,1,1.99999999999996,0.0200000000000003,7.00000000000003,1,2,66,0.5
866,32824.790845,32824.022846,32824.100846,32824.790845,32855.138815,0,NaN,0,7.00000000000003,1,2,66,0.5
867,32857.492812,32855.776814,32856.104147,32857.439479,32860.482143,1,1.99999999999996,0.0200000000000003,7.00000000000003,1,2,66,0.5
868,32862.95814,32862.296141,32862.344807,32862.95814,32873.585463,0,NaN,0,7.00000000000003,1,2,66,0.5
869,32875.588794,32874.930795,32875.080795,32875.588794,33160.658509,1,NaN,0,5.99999999999996,2,1,65,0.5
870,33164.027839,33162.267174,33162.496507,33164.027839,33171.177165,0,NaN,0,7.00000000000003,1,2,66,0.5
871,33172.395831,33171.771165,33171.891165,33172.383831,33177.957159,1,1.99999999999996,0.0200000000000003,7.00000000000003,1,2,66,0.5
872,33180.415156,33179.483157,33179.619157,33180.415156,33187.235816,0,NaN,0,7.00000000000003,1,2,66,0.5
873,33188.969148,33188.103148,33188.285148,33188.915814,33191.229145,0,1.99999999999996,0.0200000000000003,5.99999999999996,2,1,65,0.5
874,33193.03181,33192.215811,33192.407144,33192.978477,33196.217807,1,1.99999999999996,0.0200000000000003,7.00000000000003,1,2,66,0.5
875,33199.050471,33198.031138,33198.121805,33198.997137,33203.3898,0,1.99999999999996,0.0200000000000003,5.99999999999996,2,1,65,0.5
876,33204.981798,33204.252466,33204.400466,33204.981798,33210.863126,1,NaN,0,5.99999999999996,2,1,65,0.5
877,33212.391124,33211.562458,33211.801791,33212.337791,33216.16112,0,1.99999999999996,0.0200000000000003,5.99999999999996,2,1,65,0.5
878,33217.807785,33217.043119,33217.086453,33217.754452,33220.489116,1,1.99999999999996,0.0200000000000003,7.00000000000003,1,2,66,0.5
879,33222.123114,33221.250449,33221.531782,33222.069781,33224.039779,0,1.99999999999996,0.0200000000000003,5.99999999999996,2,1,65,0.5
880,33225.632444,33224.871778,33225.097111,33225.632444,33402.497601,1,NaN,0,5.99999999999996,2,1,65,0.5
881,33404.378265,33403.570266,33403.6016,33404.378265,33409.715593,0,NaN,0,7.00000000000003,1,2,66,0.5
882,33413.148923,33412.147591,33412.455591,33413.09559,33415.249588,1,1.99999999999996,0.0200000000000003,7.00000000000003,1,2,66,0.5
883,33417.140919,33416.31692,33416.448253,33417.087586,33422.522914,0,1.99999999999996,0.0200000000000003,5.99999999999996,2,1,65,0.5
884,33424.412245,33423.49758,33423.714246,33424.358912,33427.222909,1,1.99999999999996,0.0200000000000003,7.00000000000003,1,2,66,0.5
885,33429.115574,33428.204242,33428.480908,33429.115574,33434.302902,0,NaN,0,7.00000000000003,1,2,66,0.5
886,33436.3169,33435.334901,33435.652901,33436.263567,33438.941564,1,1.99999999999996,0.0200000000000003,7.00000000000003,1,2,66,0.5
887,33440.931562,33439.832897,33440.261563,33440.878229,33443.685559,0,1.99999999999996,0.0200000000000003,5.99999999999996,2,1,65,0.5
888,33445.250225,33444.517559,33444.609559,33445.196891,33446.17489,1,1.99999999999996,0.0200000000000003,7.00000000000003,1,2,66,0.5
889,33459.481544,33447.298889,33447.458222,NaN,33468.770868,NaN,NaN,0,5.99999999999996,2,1,65,0.5
890,33470.394199,33469.4802,33469.761533,33470.340866,33471.201532,1,1.99999999999996,0.0200000000000003,7.00000000000003,1,2,66,0.5
891,33482.412187,33481.458855,33481.510188,33482.412187,33493.594176,1,NaN,0,5.99999999999996,2,1,65,0.5
892,33495.315508,33494.374842,33494.731508,33495.262175,33502.623501,0,1.99999999999996,0.0200000000000003,5.99999999999996,2,1,65,0.5
893,33504.468165,33503.562833,33503.686833,33504.468165,33509.145494,1,NaN,0,5.99999999999996,2,1,65,0.5
894,33511.552158,33510.662826,33510.964826,33511.498825,33513.953489,1,1.99999999999996,0.0200000000000003,7.00000000000003,1,2,66,0.5
895,33515.672821,33514.781488,33514.972822,33515.619488,33521.424148,0,1.99999999999996,0.0200000000000003,5.99999999999996,2,1,65,0.5
896,33524.147479,33523.264147,33523.468146,33524.147479,33529.96614,0,NaN,0,7.00000000000003,1,2,66,0.5
897,33531.953471,33530.736806,33531.344805,33531.900138,33535.226135,1,1.99999999999996,0.0200000000000003,7.00000000000003,1,2,66,0.5
898,33537.848132,33536.9688,33537.230799,33537.794799,33541.000129,0,1.99999999999996,0.0200000000000003,5.99999999999996,2,1,65,0.5
899,33542.377461,33541.729461,33541.860128,33542.377461,33547.651456,1,NaN,0,5.99999999999996,2,1,65,0.5
900,33549.488787,33548.353455,33548.816121,33549.435454,33552.260784,0,1.99999999999996,0.0200000000000003,5.99999999999996,2,1,65,0.5
901,33553.852783,33553.078117,33553.288783,33553.852783,33561.411442,1,NaN,0,5.99999999999996,2,1,65,0.5
902,33563.352106,33562.136774,33562.754774,33563.298773,33566.54677,1,1.99999999999996,0.0200000000000003,7.00000000000003,1,2,66,0.5
903,33568.401435,33567.348769,33567.764769,33568.348101,33571.214765,0,1.99999999999996,0.0200000000000003,5.99999999999996,2,1,65,0.5
904,33573.05143,33572.140764,33572.423431,33572.998097,33576.342093,1,1.99999999999996,0.0200000000000003,7.00000000000003,1,2,66,0.5
905,33578.462091,33577.489426,33577.796092,33578.408758,33581.163422,0,1.99999999999996,0.0200000000000003,5.99999999999996,2,1,65,0.5
906,33582.564754,33581.861421,33582.072088,33582.564754,33587.396082,1,NaN,0,5.99999999999996,2,1,65,0.5
907,33589.068081,33588.260082,33588.480748,33589.014747,33591.683411,0,1.99999999999996,0.0200000000000003,5.99999999999996,2,1,65,0.5
908,33593.49541,33592.596744,33592.844744,33593.442076,33597.037406,1,1.99999999999996,0.0200000000000003,7.00000000000003,1,2,66,0.5
909,33598.660738,33597.908072,33598.032738,33598.607405,33599.872737,0,1.99999999999996,0.0200000000000003,5.99999999999996,2,1,65,0.5
910,33601.274069,33600.516069,33600.688069,33601.220735,33604.924732,1,1.99999999999996,0.0200000000000003,7.00000000000003,1,2,66,0.5
911,33607.055396,33606.34273,33606.546063,33607.055396,33612.362057,0,NaN,0,7.00000000000003,1,2,66,0.5
912,33614.300056,33613.30539,33613.788723,33614.246722,33619.368717,1,1.99999999999996,0.0200000000000003,7.00000000000003,1,2,66,0.5
913,33620.926049,33620.072716,33620.222716,33620.872716,33624.789378,0,1.99999999999996,0.0200000000000003,5.99999999999996,2,1,65,0.5
914,33626.173377,33625.484044,33625.634044,33626.173377,33632.557371,1,NaN,0,5.99999999999996,2,1,65,0.5
915,33634.443369,33633.474036,33633.918036,33634.443369,33641.302029,1,NaN,0,5.99999999999996,2,1,65,0.5
916,33643.032027,33641.912028,33642.497361,33643.032027,33649.675353,1,NaN,0,5.99999999999996,2,1,65,0.5
917,33651.835351,33650.817352,33651.091352,33651.782018,33654.937348,0,1.99999999999996,0.0200000000000003,5.99999999999996,2,1,65,0.5
918,33656.365347,33655.655348,33655.885347,33656.365347,33662.353341,1,NaN,0,5.99999999999996,2,1,65,0.5
919,33663.988673,33663.182673,33663.460006,33663.988673,33692.119978,1,NaN,0,5.99999999999996,2,1,65,0.5
920,33698.772638,33697.942639,33698.097305,33698.719304,33703.4973,0,1.99999999999996,0.0200000000000003,5.99999999999996,2,1,65,0.5
921,33704.855298,33704.117966,33704.264632,33704.855298,33714.027289,1,NaN,0,5.99999999999996,2,1,65,0.5
922,33716.671286,33715.927287,33716.131954,33716.671286,33728.171276,1,NaN,0,5.99999999999996,2,1,65,0.5
923,33870.663799,33867.742469,33868.637801,33870.663799,33876.657793,1,NaN,0,5.99999999999996,2,1,65,0.5
924,33879.84179,33878.899124,33879.235791,33879.84179,33885.353118,1,NaN,0,5.99999999999996,2,1,65,0.5
925,33891.149112,33889.80578,33889.927113,33891.149112,33895.621774,1,NaN,0,5.99999999999996,2,1,65,0.5
926,33898.007105,33897.181106,33897.445106,33898.007105,33901.123769,1,NaN,0,5.99999999999996,2,1,65,0.5
927,33905.690431,33905.059765,33905.121098,33905.690431,33910.419093,1,NaN,0,5.99999999999996,2,1,65,0.5
928,33915.044421,33914.039756,33914.197089,33915.044421,33920.247083,0,NaN,0,7.00000000000003,1,2,66,0.5
929,33923.09108,33922.193081,33922.660414,33923.09108,34025.752978,1,NaN,0,5.99999999999996,2,1,65,0.5
930,34027.140976,34026.462977,34026.57831,34027.087643,34031.813638,0,1.99999999999996,0.0200000000000003,5.99999999999996,2,1,65,0.5
931,34033.09897,34032.404304,34032.541637,34033.045637,34035.756301,1,1.99999999999996,0.0200000000000003,7.00000000000003,1,2,66,0.5
932,34037.353632,34036.631633,34036.6883,34037.353632,34046.919623,0,NaN,0,7.00000000000003,1,2,66,0.5
933,34048.612288,34047.642289,34048.013622,34048.558955,34052.820284,0,1.99999999999996,0.0200000000000003,5.99999999999996,2,1,65,0.5
934,34054.501615,34053.64895,34053.859616,34054.448282,34056.842946,1,1.99999999999996,0.0200000000000003,7.00000000000003,1,2,66,0.5
935,34058.830944,34057.728945,34057.896945,34058.830944,34066.25427,0,NaN,0,7.00000000000003,1,2,66,0.5
936,34067.597602,34066.95027,34067.066936,34067.597602,34067.908269,0,NaN,0,7.00000000000003,1,2,66,0.5
937,34085.632251,34084.742252,34084.903585,34085.632251,34090.505579,1,NaN,0,5.99999999999996,2,1,65,0.5
938,34092.650244,34091.754245,34092.108911,34092.650244,34100.082903,0,NaN,0,7.00000000000003,1,2,66,0.5
939,34102.282234,34101.403568,34101.740235,34102.228901,34106.14823,1,1.99999999999996,0.0200000000000003,7.00000000000003,1,2,66,0.5
940,34107.797562,34106.890896,34107.078229,34107.744229,34110.418226,0,1.99999999999996,0.0200000000000003,5.99999999999996,2,1,65,0.5
941,34112.033558,34111.259559,34111.406225,34111.980225,34114.184889,1,1.99999999999996,0.0200000000000003,7.00000000000003,1,2,66,0.5
942,34115.679554,34114.827555,34114.978222,34115.679554,34120.792218,0,NaN,0,7.00000000000003,1,2,66,0.5
943,34122.396214,34121.609548,34121.872881,34122.396214,34127.424876,1,NaN,0,5.99999999999996,2,1,65,0.5
944,34130.604873,34129.176207,34129.936207,34130.551539,34133.900203,0,1.99999999999996,0.0200000000000003,5.99999999999996,2,1,65,0.5
945,34135.537534,34134.764202,34134.968868,34135.484201,34138.294865,1,1.99999999999996,0.0200000000000003,7.00000000000003,1,2,66,0.5
946,34140.058196,34139.021531,34139.42753,34140.004863,34141.192862,0,1.99999999999996,0.0200000000000003,5.99999999999996,2,1,65,0.5
947,34142.91286,34142.154861,34142.340194,34142.859527,34143.531526,1,1.99999999999996,0.0200000000000003,7.00000000000003,1,2,66,0.5
948,34145.896191,34144.222859,34144.630192,34145.842857,34147.876189,0,1.99999999999996,0.0200000000000003,5.99999999999996,2,1,65,0.5
949,34149.65352,34148.641521,34149.089521,34149.600187,34153.044183,1,1.99999999999996,0.0200000000000003,7.00000000000003,1,2,66,0.5
950,34154.886848,34154.159516,34154.303516,34154.833515,34156.32818,0,1.99999999999996,0.0200000000000003,5.99999999999996,2,1,65,0.5
951,34158.024845,34156.956846,34157.480846,34157.971512,34161.156842,1,1.99999999999996,0.0200000000000003,7.00000000000003,1,2,66,0.5
952,34162.99284,34162.048174,34162.222841,34162.939507,34166.200837,0,1.99999999999996,0.0200000000000003,5.99999999999996,2,1,65,0.5
953,34167.870835,34167.220169,34167.357502,34167.870835,34274.351395,1,NaN,0,5.99999999999996,2,1,65,0.5
954,34278.592725,34276.31206,34276.936726,34278.592725,NaN,0,NaN,0,7.00000000000003,1,2,66,0.5
