trial,outcome,center_in,center_out,side_in,last_side_out,actions,reward,trial_types,odors,port_side,schedule,odor_name,odor_dur
1,12190.512295,12182.418327,12183.214991,12190.459795,14201.609917,1,1.99999999999996,0.0200000000000003,7.00000000000003,1,2,66,0.5
2,14205.325069,14202.647246,14204.586405,14205.272736,14212.723539,0,1.99999999999996,0.0200000000000003,5.99999999999996,2,1,65,0.5
3,14221.303838,14214.438032,14215.328029,14221.303838,14227.406481,1,NaN,0,5.99999999999996,2,1,65,0.5
4,14230.620801,14229.590805,14230.057137,14230.620801,14248.677062,0,NaN,0,7.00000000000003,1,2,66,0.5
5,14260.08535,14258.900855,14259.487019,14260.08535,14265.587495,1,NaN,0,5.99999999999996,2,1,65,0.5
6,14277.458114,14274.628958,14274.728958,14277.405614,14278.652776,1,1.99999999999996,0.0200000000000003,7.00000000000003,1,2,66,0.5
7,14283.060091,14281.858096,14282.53726,14283.007592,14284.964417,0,1.99999999999996,0.0200000000000003,5.99999999999996,2,1,65,0.5
8,14287.412907,14286.525077,14286.938076,14287.412907,14294.33088,1,NaN,0,5.99999999999996,2,1,65,0.5
9,14295.617708,14294.95771,14295.185876,14295.617708,14300.85702,1,NaN,0,5.99999999999996,2,1,65,0.5
10,14307.144162,14306.314832,14306.71883,14307.091829,14441.209625,0,1.99999999999996,0.0200000000000003,5.99999999999996,2,1,65,0.5
11,14444.388279,14443.34595,14443.46395,14444.388279,14449.566592,1,NaN,0,5.99999999999996,2,1,65,0.5
12,14452.242748,14450.942753,14451.299918,14452.242748,14458.681722,0,NaN,0,7.00000000000003,1,2,66,0.5
13,14460.395049,14459.657552,14459.723551,14460.395049,14465.518528,1,NaN,0,5.99999999999996,2,1,65,0.5
14,14468.363683,14467.199355,14467.720186,14468.363683,14480.822467,1,NaN,0,5.99999999999996,2,1,65,0.5
15,14486.521111,14485.174616,14485.245283,14486.468778,14488.780602,1,1.99999999999996,0.0200000000000003,7.00000000000003,1,2,66,0.5
16,14492.444587,14491.491258,14491.960922,14492.392254,14497.959898,0,1.99999999999996,0.0200000000000003,5.99999999999996,2,1,65,0.5
17,14498.999061,14498.51023,14498.540396,14498.999061,14503.596542,1,NaN,0,5.99999999999996,2,1,65,0.5
18,14506.929196,14505.844867,14506.364698,14506.876863,14522.807132,0,1.99999999999996,0.0200000000000003,5.99999999999996,2,1,65,0.5
19,14524.17546,14523.423797,14523.632796,14524.17546,14526.705617,1,NaN,0,5.99999999999996,2,1,65,0.5
20,14531.953429,14531.034933,14531.446431,14531.900929,14546.832536,0,1.99999999999996,0.0200000000000003,5.99999999999996,2,1,65,0.5
21,14548.149864,14547.519033,14547.675366,14548.149864,14554.801004,0,NaN,0,7.00000000000003,1,2,66,0.5
22,14556.740497,14555.525501,14556.058833,14556.740497,14565.188796,0,NaN,0,7.00000000000003,1,2,66,0.5
23,14566.886956,14565.900793,14566.121626,14566.834623,14568.769948,1,1.99999999999996,0.0200000000000003,7.00000000000003,1,2,66,0.5
24,14570.330276,14569.436612,14569.750778,14570.330276,14575.101756,0,NaN,0,7.00000000000003,1,2,66,0.5
25,14576.953082,14575.997086,14576.478084,14576.953082,14582.945725,1,NaN,0,5.99999999999996,2,1,65,0.5
26,14585.741547,14584.778218,14585.213716,14585.741547,14610.700281,0,NaN,0,7.00000000000003,1,2,66,0.5
27,14613.105771,14612.303774,14612.616106,14613.105771,14616.204259,0,NaN,0,7.00000000000003,1,2,66,0.5
28,14619.952077,14619.062081,14619.398746,14619.952077,14620.250243,0,NaN,0,7.00000000000003,1,2,66,0.5
29,14659.083587,14658.322757,14658.560589,14659.031087,14660.80058,1,1.99999999999996,0.0200000000000003,7.00000000000003,1,2,66,0.5
30,14663.422403,14662.711073,14663.020738,14663.422403,14670.024543,0,NaN,0,7.00000000000003,1,2,66,0.5
31,14672.315034,14671.689203,14671.965369,14672.315034,14698.609262,0,NaN,0,7.00000000000003,1,2,66,0.5
32,14702.387747,14701.631084,14701.958916,14702.387747,14729.561639,1,NaN,0,5.99999999999996,2,1,65,0.5
33,14732.770626,14731.989796,14732.313128,14732.718293,14738.527103,0,1.99999999999996,0.0200000000000003,5.99999999999996,2,1,65,0.5
34,14740.492095,14739.765265,14740.013763,14740.439762,14741.308758,1,1.99999999999996,0.0200000000000003,7.00000000000003,1,2,66,0.5
35,14743.921915,14743.233917,14743.47325,14743.869415,14752.962712,0,1.99999999999996,0.0200000000000003,5.99999999999996,2,1,65,0.5
36,14754.386039,14753.687542,14753.928708,14754.333706,14756.519197,1,1.99999999999996,0.0200000000000003,7.00000000000003,1,2,66,0.5
37,14760.794847,14760.090183,14760.369515,14760.794847,14766.599824,0,NaN,0,7.00000000000003,1,2,66,0.5
38,14768.316984,14767.44582,14767.911819,14768.316984,14772.566633,1,NaN,0,5.99999999999996,2,1,65,0.5
39,14776.966116,14774.263127,14774.333626,14776.913616,14791.271058,0,1.99999999999996,0.0200000000000003,5.99999999999996,2,1,65,0.5
40,14793.149718,14792.497387,14792.682053,14793.149718,14797.936698,1,NaN,0,5.99999999999996,2,1,65,0.5
41,14799.572025,14799.066194,14799.114027,14799.572025,14822.154935,0,NaN,0,7.00000000000003,1,2,66,0.5
42,14823.144264,14822.728266,14822.753433,14823.144264,14926.781016,1,NaN,0,5.99999999999996,2,1,65,0.5
43,14929.386173,14928.47001,14928.832342,14929.333673,14938.886801,0,1.99999999999996,0.0200000000000003,5.99999999999996,2,1,65,0.5
44,14940.687127,14939.847464,14940.03913,14940.634628,14942.296288,1,1.99999999999996,0.0200000000000003,7.00000000000003,1,2,66,0.5
45,14943.725949,14942.987118,14943.209951,14943.673449,14956.722897,0,1.99999999999996,0.0200000000000003,5.99999999999996,2,1,65,0.5
46,14958.34939,14957.505727,14957.791226,14958.29689,14959.759718,1,1.99999999999996,0.0200000000000003,7.00000000000003,1,2,66,0.5
47,14961.136212,14960.448548,14960.666881,14961.083713,14965.434362,0,1.99999999999996,0.0200000000000003,5.99999999999996,2,1,65,0.5
48,14967.382021,14966.562024,14966.906023,14967.329854,15017.57032,1,1.99999999999996,0.0200000000000003,7.00000000000003,1,2,66,0.5
49,15019.093481,15018.356817,15018.574483,15019.093481,15023.793295,0,NaN,0,7.00000000000003,1,2,66,0.5
50,15027.165448,15026.375618,15026.572451,15027.165448,15034.291753,1,NaN,0,5.99999999999996,2,1,65,0.5
51,15035.76808,15034.891251,15035.344916,15035.76808,15042.535887,1,NaN,0,5.99999999999996,2,1,65,0.5
52,15044.19138,15043.514883,15043.666216,15044.139047,15047.538033,0,1.99999999999996,0.0200000000000003,5.99999999999996,2,1,65,0.5
53,15049.154027,15048.252031,15048.717862,15049.154027,15054.640838,1,NaN,0,5.99999999999996,2,1,65,0.5
54,15056.123832,15055.374669,15055.676001,15056.123832,15061.980976,0,NaN,0,7.00000000000003,1,2,66,0.5
55,15063.33247,15062.538473,15062.842639,15063.33247,15070.807274,0,NaN,0,7.00000000000003,1,2,66,0.5
56,15072.565933,15071.407105,15072.023769,15072.565933,15075.82442,1,NaN,0,5.99999999999996,2,1,65,0.5
57,15101.731483,15100.526488,15101.107486,15101.731483,15106.214132,1,NaN,0,5.99999999999996,2,1,65,0.5
58,15109.13812,15108.30729,15108.609456,15109.085954,15119.127414,0,1.99999999999996,0.0200000000000003,5.99999999999996,2,1,65,0.5
59,15121.163906,15120.215409,15120.561741,15121.111572,15130.498868,1,1.99999999999996,0.0200000000000003,7.00000000000003,1,2,66,0.5
60,15132.124028,15131.303198,15131.584697,15132.071695,15139.013834,0,1.99999999999996,0.0200000000000003,5.99999999999996,2,1,65,0.5
61,15141.269325,15140.595494,15140.680161,15141.269325,15147.848799,1,NaN,0,5.99999999999996,2,1,65,0.5
62,15149.744458,15148.958961,15149.21396,15149.691958,15158.694755,0,1.99999999999996,0.0200000000000003,5.99999999999996,2,1,65,0.5
63,15161.760243,15160.85708,15161.262078,15161.760243,15169.12638,1,NaN,0,5.99999999999996,2,1,65,0.5
64,15170.482208,15169.764045,15170.060543,15170.482208,15195.215609,1,NaN,0,5.99999999999996,2,1,65,0.5
65,15196.82977,15195.83344,15196.213439,15196.77727,15205.817567,0,1.99999999999996,0.0200000000000003,5.99999999999996,2,1,65,0.5
66,15207.231895,15206.300565,15206.64573,15207.179561,15209.013221,1,1.99999999999996,0.0200000000000003,7.00000000000003,1,2,66,0.5
67,15210.261382,15209.592218,15209.818884,15210.261382,15216.545024,0,NaN,0,7.00000000000003,1,2,66,0.5
68,15218.241184,15217.125188,15217.606186,15218.241184,15223.751495,1,NaN,0,5.99999999999996,2,1,65,0.5
69,15225.979986,15224.812824,15225.474655,15225.979986,15231.553964,1,NaN,0,5.99999999999996,2,1,65,0.5
70,15233.499123,15232.733626,15233.045625,15233.499123,15247.484234,1,NaN,0,5.99999999999996,2,1,65,0.5
71,15248.851895,15248.164064,15248.45623,15248.851895,15255.8792,0,NaN,0,7.00000000000003,1,2,66,0.5
72,15257.808359,15256.501864,15257.263028,15257.75586,15267.214821,0,1.99999999999996,0.0200000000000003,5.99999999999996,2,1,65,0.5
73,15269.843478,15268.623649,15268.927648,15269.843478,15275.330622,1,NaN,0,5.99999999999996,2,1,65,0.5
74,15277.929112,15276.035286,15276.956949,15277.929112,15291.988055,1,NaN,0,5.99999999999996,2,1,65,0.5
75,15294.086214,15292.796052,15293.562383,15294.033714,15296.911036,0,1.99999999999996,0.0200000000000003,5.99999999999996,2,1,65,0.5
76,15298.712862,15297.704533,15298.152864,15298.660529,15316.922789,1,1.99999999999996,0.0200000000000003,7.00000000000003,1,2,66,0.5
77,15318.738949,15317.897785,15318.193784,15318.686782,15340.945526,0,1.99999999999996,0.0200000000000003,5.99999999999996,2,1,65,0.5
78,15343.233351,15342.107522,15342.690019,15343.233351,15353.829142,1,NaN,0,5.99999999999996,2,1,65,0.5
79,15355.534301,15354.686805,15355.086637,15355.534301,15397.930298,1,NaN,0,5.99999999999996,2,1,65,0.5
80,15402.434614,15400.948953,15401.469951,15402.434614,15409.97475,1,NaN,0,5.99999999999996,2,1,65,0.5
81,15411.653244,15410.590914,15411.102746,15411.653244,15419.696211,1,NaN,0,5.99999999999996,2,1,65,0.5
82,15421.439704,15420.280542,15420.93354,15421.439704,15423.198364,1,NaN,0,5.99999999999996,2,1,65,0.5
83,15428.114178,15427.439014,15427.64268,15428.114178,15434.353653,0,NaN,0,7.00000000000003,1,2,66,0.5
84,15436.873809,15435.914813,15436.265312,15436.873809,15706.316898,0,NaN,0,7.00000000000003,1,2,66,0.5
85,15708.36889,15707.092895,15707.692559,15708.36889,15734.682451,1,NaN,0,5.99999999999996,2,1,65,0.5
86,15737.953272,15736.937776,15737.381607,15737.900939,15744.332913,1,1.99999999999996,0.0200000000000003,7.00000000000003,1,2,66,0.5
87,15746.081573,15745.192576,15745.497242,15746.029073,15752.107048,0,1.99999999999996,0.0200000000000003,5.99999999999996,2,1,65,0.5
88,15756.548197,15755.287369,15755.320702,15756.548197,15764.419833,1,NaN,0,5.99999999999996,2,1,65,0.5
89,15765.91916,15764.93233,15765.344162,15765.86666,15792.399387,1,1.99999999999996,0.0200000000000003,7.00000000000003,1,2,66,0.5
90,15800.913187,15799.915691,15800.346189,15800.860687,15803.232344,0,1.99999999999996,0.0200000000000003,5.99999999999996,2,1,65,0.5
91,15804.749671,15804.296506,15804.310173,15804.749671,15808.35999,1,NaN,0,5.99999999999996,2,1,65,0.5
92,15811.79581,15811.137312,15811.357145,15811.79581,15817.58512,0,NaN,0,7.00000000000003,1,2,66,0.5
93,15819.99461,15819.272613,15819.348946,15819.99461,15825.006257,1,NaN,0,5.99999999999996,2,1,65,0.5
94,15827.394247,15825.803087,15826.675417,15827.394247,15836.975209,1,NaN,0,5.99999999999996,2,1,65,0.5
95,15838.310704,15837.56454,15837.827872,15838.310704,15845.388842,0,NaN,0,7.00000000000003,1,2,66,0.5
96,15848.253497,15846.81417,15847.671333,15848.201164,15851.304818,0,1.99999999999996,0.0200000000000003,5.99999999999996,2,1,65,0.5
97,15852.923978,15852.023649,15852.343147,15852.871479,15866.968922,1,1.99999999999996,0.0200000000000003,7.00000000000003,1,2,66,0.5
98,15868.891748,15868.278584,15868.325084,15868.839415,15876.800883,0,1.99999999999996,0.0200000000000003,5.99999999999996,2,1,65,0.5
99,15878.521043,15877.65338,15878.018211,15878.46871,15884.567352,1,1.99999999999996,0.0200000000000003,7.00000000000003,1,2,66,0.5
100,15886.108012,15885.392349,15885.600181,15886.055513,15891.667324,0,1.99999999999996,0.0200000000000003,5.99999999999996,2,1,65,0.5
101,15893.379483,15892.602986,15892.919819,15893.379483,15900.866787,1,NaN,0,5.99999999999996,2,1,65,0.5
102,15902.230448,15901.543784,15901.75395,15902.230448,15908.318424,0,NaN,0,7.00000000000003,1,2,66,0.5
103,15910.590081,15909.738751,15910.02425,15910.537748,15913.34357,1,1.99999999999996,0.0200000000000003,7.00000000000003,1,2,66,0.5
104,15914.771898,15914.056234,15914.290733,15914.771898,15921.159039,0,NaN,0,7.00000000000003,1,2,66,0.5
105,15922.927698,15921.774203,15922.353701,15922.875365,15938.150638,0,1.99999999999996,0.0200000000000003,5.99999999999996,2,1,65,0.5
106,15940.042463,15939.3278,15939.574132,15939.99013,15942.385454,1,1.99999999999996,0.0200000000000003,7.00000000000003,1,2,66,0.5
107,15943.531949,15942.908452,15943.077285,15943.531949,15948.520763,0,NaN,0,7.00000000000003,1,2,66,0.5
108,15950.288589,15949.415926,15949.747258,15950.236256,15957.636726,1,1.99999999999996,0.0200000000000003,7.00000000000003,1,2,66,0.5
109,15960.122883,15959.123387,15959.544719,15960.07055,15963.143538,0,1.99999999999996,0.0200000000000003,5.99999999999996,2,1,65,0.5
110,15964.798698,15964.076367,15964.243867,15964.746365,15970.047843,1,1.99999999999996,0.0200000000000003,7.00000000000003,1,2,66,0.5
111,15971.654337,15970.839673,15971.143673,15971.654337,15977.972812,0,NaN,0,7.00000000000003,1,2,66,0.5
112,15980.629634,15978.850641,15979.709971,15980.577301,15982.744626,1,1.99999999999996,0.0200000000000003,7.00000000000003,1,2,66,0.5
113,15984.312286,15983.646122,15983.873621,15984.312286,15989.839097,0,NaN,0,7.00000000000003,1,2,66,0.5
114,15991.632257,15990.730594,15991.077259,15991.579757,15996.958902,1,1.99999999999996,0.0200000000000003,7.00000000000003,1,2,66,0.5
115,15998.40323,15997.6039,15997.941732,15998.40323,16005.413369,0,NaN,0,7.00000000000003,1,2,66,0.5
116,16007.157528,16006.263365,16006.64153,16007.157528,16014.308833,0,NaN,0,7.00000000000003,1,2,66,0.5
117,16016.221159,16014.763164,16015.508495,16016.221159,16023.659129,1,NaN,0,5.99999999999996,2,1,65,0.5
118,16024.95679,16024.141794,16024.492959,16024.95679,16031.823596,0,NaN,0,7.00000000000003,1,2,66,0.5
119,16034.730585,16032.877425,16034.136254,16034.678085,16045.133876,0,1.99999999999996,0.0200000000000003,5.99999999999996,2,1,65,0.5
120,16047.282868,16046.094372,16046.590871,16047.282868,16053.674009,1,NaN,0,5.99999999999996,2,1,65,0.5
121,16055.355835,16054.415673,16054.805338,16055.355835,16062.161975,0,NaN,0,7.00000000000003,1,2,66,0.5
122,16063.995634,16063.247471,16063.47797,16063.995634,16073.545929,0,NaN,0,7.00000000000003,1,2,66,0.5
123,16075.278922,16073.844595,16074.691591,16075.278922,16081.249232,1,NaN,0,5.99999999999996,2,1,65,0.5
124,16082.62006,16081.80673,16082.094062,16082.567727,16084.500219,1,1.99999999999996,0.0200000000000003,7.00000000000003,1,2,66,0.5
125,16086.248545,16085.276216,16085.724881,16086.196212,16090.047697,0,1.99999999999996,0.0200000000000003,5.99999999999996,2,1,65,0.5
126,16091.493191,16090.746361,16090.997026,16091.440691,16093.685015,1,1.99999999999996,0.0200000000000003,7.00000000000003,1,2,66,0.5
127,16094.93101,16094.276846,16094.491512,16094.93101,16101.472818,0,NaN,0,7.00000000000003,1,2,66,0.5
128,16103.138978,16102.192648,16102.637313,16103.138978,16109.015454,0,NaN,0,7.00000000000003,1,2,66,0.5
129,16110.482782,16109.637452,16109.984784,16110.430448,16116.769923,1,1.99999999999996,0.0200000000000003,7.00000000000003,1,2,66,0.5
130,16118.288584,16117.61192,16117.802419,16118.288584,16121.200072,0,NaN,0,7.00000000000003,1,2,66,0.5
131,16125.030057,16124.339559,16124.561225,16125.030057,16138.717169,0,NaN,0,7.00000000000003,1,2,66,0.5
132,16140.05583,16139.213167,16139.614665,16140.05583,16146.221805,1,NaN,0,5.99999999999996,2,1,65,0.5
133,16148.132464,16147.125135,16147.562633,16148.132464,16153.831108,0,NaN,0,7.00000000000003,1,2,66,0.5
134,16155.299102,16154.453939,16154.814438,16155.246603,16188.104304,1,1.99999999999996,0.0200000000000003,7.00000000000003,1,2,66,0.5
135,16190.476128,16189.471799,16189.774798,16190.476128,16197.527767,0,NaN,0,7.00000000000003,1,2,66,0.5
136,16199.010261,16198.115098,16198.543263,16199.010261,16205.096236,1,NaN,0,5.99999999999996,2,1,65,0.5
137,16207.229561,16205.753234,16206.60573,16207.177061,16212.43954,0,1.99999999999996,0.0200000000000003,5.99999999999996,2,1,65,0.5
138,16214.370699,16213.499036,16213.921368,16214.370699,16220.326342,1,NaN,0,5.99999999999996,2,1,65,0.5
139,16221.73367,16220.954173,16221.246505,16221.73367,16229.28014,0,NaN,0,7.00000000000003,1,2,66,0.5
140,16231.023799,16229.94397,16230.560135,16231.023799,16236.812276,1,NaN,0,5.99999999999996,2,1,65,0.5
141,16238.170938,16237.261441,16237.65894,16238.118604,16243.766915,0,1.99999999999996,0.0200000000000003,5.99999999999996,2,1,65,0.5
142,16245.094243,16244.346579,16244.659412,16245.094243,16253.096878,1,NaN,0,5.99999999999996,2,1,65,0.5
143,16254.379539,16253.593876,16253.900041,16254.327373,16280.584601,1,1.99999999999996,0.0200000000000003,7.00000000000003,1,2,66,0.5
144,16282.489427,16281.414765,16281.834263,16282.436927,16302.203015,0,1.99999999999996,0.0200000000000003,5.99999999999996,2,1,65,0.5
145,16303.577176,16303.022011,16303.058345,16303.577176,16309.551152,1,NaN,0,5.99999999999996,2,1,65,0.5
146,16311.031813,16310.11815,16310.471315,16310.979313,16315.398462,0,1.99999999999996,0.0200000000000003,5.99999999999996,2,1,65,0.5
147,16316.924123,16316.189459,16316.427458,16316.871789,16332.303561,1,1.99999999999996,0.0200000000000003,7.00000000000003,1,2,66,0.5
148,16333.612556,16332.969225,16333.148058,16333.612556,16339.498699,0,NaN,0,7.00000000000003,1,2,66,0.5
149,16341.005693,16340.169696,16340.547028,16341.005693,16347.123668,1,NaN,0,5.99999999999996,2,1,65,0.5
150,16348.719662,16347.724833,16348.132498,16348.667329,16353.240644,0,1.99999999999996,0.0200000000000003,5.99999999999996,2,1,65,0.5
151,16354.572972,16353.890808,16354.110307,16354.520639,16373.805728,1,1.99999999999996,0.0200000000000003,7.00000000000003,1,2,66,0.5
152,16375.528388,16374.749225,16374.877057,16375.475888,16377.365381,0,1.99999999999996,0.0200000000000003,5.99999999999996,2,1,65,0.5
153,16378.566376,16377.943545,16378.104211,16378.526209,16385.343849,1,1.99999999999996,0.0200000000000003,7.00000000000003,1,2,66,0.5
154,16386.889176,16386.040179,16386.357845,16386.836676,16401.410285,0,1.99999999999996,0.0200000000000003,5.99999999999996,2,1,65,0.5
155,16402.623613,16401.997449,16402.171115,16402.623613,16407.873092,1,NaN,0,5.99999999999996,2,1,65,0.5
156,16409.528252,16408.608756,16408.953254,16409.475919,16416.981389,0,1.99999999999996,0.0200000000000003,5.99999999999996,2,1,65,0.5
157,16418.457216,16417.63522,16418.006051,16418.457216,16425.436688,1,NaN,0,5.99999999999996,2,1,65,0.5
158,16426.795683,16425.93802,16426.304852,16426.795683,16433.779322,1,NaN,0,5.99999999999996,2,1,65,0.5
159,16435.046317,16434.25032,16434.584152,16434.993984,16442.062455,1,1.99999999999996,0.0200000000000003,7.00000000000003,1,2,66,0.5
160,16443.444783,16442.736619,16442.944618,16443.39245,16444.693778,0,1.99999999999996,0.0200000000000003,5.99999999999996,2,1,65,0.5
161,16446.059939,16445.437108,16445.631941,16446.042939,16456.798896,1,1.99999999999996,0.0200000000000003,7.00000000000003,1,2,66,0.5
162,16458.44039,16457.661226,16457.858892,16458.44039,16465.767694,0,NaN,0,7.00000000000003,1,2,66,0.5
163,16467.691186,16466.78369,16467.172688,16467.638853,16470.254842,0,1.99999999999996,0.0200000000000003,5.99999999999996,2,1,65,0.5
164,16471.512337,16470.77184,16471.078173,16471.460004,16478.538309,1,1.99999999999996,0.0200000000000003,7.00000000000003,1,2,66,0.5
165,16480.254302,16479.395139,16479.737138,16480.201803,16490.615261,0,1.99999999999996,0.0200000000000003,5.99999999999996,2,1,65,0.5
166,16492.059422,16491.385091,16491.561257,16492.007089,16498.692062,1,1.99999999999996,0.0200000000000003,7.00000000000003,1,2,66,0.5
167,16500.252889,16499.457059,16499.624058,16500.252889,16505.651034,0,NaN,0,7.00000000000003,1,2,66,0.5
168,16506.907196,16506.224699,16506.381531,16506.854696,16509.503686,1,1.99999999999996,0.0200000000000003,7.00000000000003,1,2,66,0.5
169,16510.885513,16509.972517,16510.368182,16510.833014,16517.827486,0,1.99999999999996,0.0200000000000003,5.99999999999996,2,1,65,0.5
170,16519.109147,16518.486483,16518.637482,16519.058814,16520.340975,1,1.99999999999996,0.0200000000000003,7.00000000000003,1,2,66,0.5
171,16521.831136,16520.972306,16521.332138,16521.778803,16527.067615,0,1.99999999999996,0.0200000000000003,5.99999999999996,2,1,65,0.5
172,16528.526109,16527.795279,16528.001112,16528.473776,16530.381269,1,1.99999999999996,0.0200000000000003,7.00000000000003,1,2,66,0.5
173,16532.019762,16531.328598,16531.508097,16532.019762,16538.29707,0,NaN,0,7.00000000000003,1,2,66,0.5
174,16539.99923,16538.829568,16539.337233,16539.94673,16545.596374,0,1.99999999999996,0.0200000000000003,5.99999999999996,2,1,65,0.5
175,16547.018202,16546.201705,16546.565871,16547.018202,16553.739509,1,NaN,0,5.99999999999996,2,1,65,0.5
176,16555.193003,16554.312673,16554.668672,16555.14067,16557.243328,1,1.99999999999996,0.0200000000000003,7.00000000000003,1,2,66,0.5
177,16558.496823,16557.765159,16558.036658,16558.496823,16571.495938,0,NaN,0,7.00000000000003,1,2,66,0.5
178,16573.318264,16572.484434,16572.779932,16573.318264,16579.358739,1,NaN,0,5.99999999999996,2,1,65,0.5
179,16580.8674,16579.92657,16580.406735,16580.8674,16586.766376,1,NaN,0,5.99999999999996,2,1,65,0.5
180,16588.134038,16587.360041,16587.695539,16588.081705,16591.282358,1,1.99999999999996,0.0200000000000003,7.00000000000003,1,2,66,0.5
181,16593.33435,16592.418521,16592.752353,16593.282017,16595.88984,0,1.99999999999996,0.0200000000000003,5.99999999999996,2,1,65,0.5
182,16597.369167,16596.66117,16596.917169,16597.316834,16602.901979,1,1.99999999999996,0.0200000000000003,7.00000000000003,1,2,66,0.5
183,16604.025474,16603.369977,16603.557643,16604.025474,16609.567452,0,NaN,0,7.00000000000003,1,2,66,0.5
184,16611.840276,16610.409615,16611.226445,16611.787776,16616.914423,0,1.99999999999996,0.0200000000000003,5.99999999999996,2,1,65,0.5
185,16618.143251,16617.520253,16617.696586,16618.100418,16618.843248,1,1.99999999999996,0.0200000000000003,7.00000000000003,1,2,66,0.5
186,16619.993577,16619.358079,16619.540745,16619.993577,16637.989505,0,NaN,0,7.00000000000003,1,2,66,0.5
187,16662.890072,16661.83091,16662.358741,16662.837739,16664.074067,1,1.99999999999996,0.0200000000000003,7.00000000000003,1,2,66,0.5
188,16665.565895,16664.631732,16665.013063,16665.513561,16667.667553,0,1.99999999999996,0.0200000000000003,5.99999999999996,2,1,65,0.5
189,16668.887048,16668.182717,16668.407717,16668.834548,16675.210023,1,1.99999999999996,0.0200000000000003,7.00000000000003,1,2,66,0.5
190,16676.641517,16675.734021,16676.114686,16676.589184,16680.437335,0,1.99999999999996,0.0200000000000003,5.99999999999996,2,1,65,0.5
191,16681.75783,16681.032499,16681.306998,16681.705497,16684.596485,1,1.99999999999996,0.0200000000000003,7.00000000000003,1,2,66,0.5
192,16685.996646,16685.271816,16685.482148,16685.944146,16693.47095,0,1.99999999999996,0.0200000000000003,5.99999999999996,2,1,65,0.5
193,16695.245776,16694.28578,16694.472446,16695.193443,16697.119268,1,1.99999999999996,0.0200000000000003,7.00000000000003,1,2,66,0.5
194,16698.227097,16697.553267,16697.728599,16698.227097,16703.869075,0,NaN,0,7.00000000000003,1,2,66,0.5
195,16705.078403,16704.346739,16704.660738,16705.078403,16710.398215,1,NaN,0,5.99999999999996,2,1,65,0.5
196,16711.754543,16710.953546,16711.336878,16711.754543,16717.489187,1,NaN,0,5.99999999999996,2,1,65,0.5
197,16718.988681,16718.103851,16718.41885,16718.936181,16720.465175,1,1.99999999999996,0.0200000000000003,7.00000000000003,1,2,66,0.5
198,16721.779836,16720.921006,16721.269005,16721.727503,16731.655297,0,1.99999999999996,0.0200000000000003,5.99999999999996,2,1,65,0.5
199,16732.899459,16732.285461,16732.436127,16732.846959,16734.298953,1,1.99999999999996,0.0200000000000003,7.00000000000003,1,2,66,0.5
200,16735.569615,16734.798618,16735.014117,16735.517281,16742.338254,0,1.99999999999996,0.0200000000000003,5.99999999999996,2,1,65,0.5
201,16743.648082,16743.025251,16743.180251,16743.608749,16750.054723,1,1.99999999999996,0.0200000000000003,7.00000000000003,1,2,66,0.5
202,16751.511551,16750.784554,16751.013886,16751.511551,16756.934196,0,NaN,0,7.00000000000003,1,2,66,0.5
203,16759.33402,16758.26969,16758.613856,16759.281686,16762.196841,0,1.99999999999996,0.0200000000000003,5.99999999999996,2,1,65,0.5
204,16763.607669,16762.854005,16763.153671,16763.555169,16765.581161,1,1.99999999999996,0.0200000000000003,7.00000000000003,1,2,66,0.5
205,16766.860656,16766.084992,16766.372325,16766.808323,16775.167623,0,1.99999999999996,0.0200000000000003,5.99999999999996,2,1,65,0.5
206,16776.66795,16776.083786,16776.279952,16776.66795,16781.926262,1,NaN,0,5.99999999999996,2,1,65,0.5
207,16783.39559,16782.554093,16782.936758,16783.34309,16787.166575,1,1.99999999999996,0.0200000000000003,7.00000000000003,1,2,66,0.5
208,16788.617069,16787.735073,16788.072071,16788.564569,16793.701882,0,1.99999999999996,0.0200000000000003,5.99999999999996,2,1,65,0.5
209,16795.391542,16794.574879,16794.826544,16795.391542,16800.546021,1,NaN,0,5.99999999999996,2,1,65,0.5
210,16803.926174,16803.144344,16803.414343,16803.926174,16809.09282,0,NaN,0,7.00000000000003,1,2,66,0.5
211,16811.361311,16810.576148,16810.817147,16811.361311,16817.917119,0,NaN,0,7.00000000000003,1,2,66,0.5
212,16821.392438,16820.425275,16820.915773,16821.392438,16832.406227,0,NaN,0,7.00000000000003,1,2,66,0.5
213,16833.643556,16832.981558,16833.159724,16833.643556,16839.415366,1,NaN,0,5.99999999999996,2,1,65,0.5
214,16842.299354,16840.886693,16841.753523,16842.299354,16848.670662,1,NaN,0,5.99999999999996,2,1,65,0.5
215,16851.470318,16850.460488,16851.012486,16851.417818,16853.150478,1,1.99999999999996,0.0200000000000003,7.00000000000003,1,2,66,0.5
216,16855.392802,16854.717971,16854.849804,16855.340302,16858.146958,0,1.99999999999996,0.0200000000000003,5.99999999999996,2,1,65,0.5
217,16859.335786,16858.673789,16858.941121,16859.335786,16865.533095,1,NaN,0,5.99999999999996,2,1,65,0.5
218,16868.131751,16867.029589,16867.709586,16868.131751,16878.117378,1,NaN,0,5.99999999999996,2,1,65,0.5
219,16879.183373,16878.560709,16878.789708,16879.178207,16879.606372,1,1.99999999999996,0.0200000000000003,7.00000000000003,1,2,66,0.5
220,16881.611197,16880.632534,16881.096199,16881.558697,16892.036822,0,1.99999999999996,0.0200000000000003,5.99999999999996,2,1,65,0.5
221,16893.574816,16892.936985,16893.173484,16893.574816,16902.162948,1,NaN,0,5.99999999999996,2,1,65,0.5
222,16903.35061,16902.641946,16902.879112,16903.35061,16908.132091,0,NaN,0,7.00000000000003,1,2,66,0.5
223,16912.312074,16911.382411,16911.785243,16912.312074,16917.927218,0,NaN,0,7.00000000000003,1,2,66,0.5
224,16920.76954,16918.512549,16920.168376,16920.717207,16929.885337,0,1.99999999999996,0.0200000000000003,5.99999999999996,2,1,65,0.5
225,16931.206332,16930.450335,16930.755667,16931.206332,16936.358978,1,NaN,0,5.99999999999996,2,1,65,0.5
226,16937.804139,16936.989309,16937.329808,16937.751639,16939.420633,1,1.99999999999996,0.0200000000000003,7.00000000000003,1,2,66,0.5
227,16941.192959,16940.07063,16940.635961,16941.140459,16944.295446,0,1.99999999999996,0.0200000000000003,5.99999999999996,2,1,65,0.5
228,16946.180272,16945.413109,16945.783607,16946.180272,16948.37893,1,NaN,0,5.99999999999996,2,1,65,0.5
229,16957.808059,16956.861229,16957.218228,16957.755559,16958.968054,1,1.99999999999996,0.0200000000000003,7.00000000000003,1,2,66,0.5
230,16961.972876,16961.202212,16961.438378,16961.972876,16967.700686,0,NaN,0,7.00000000000003,1,2,66,0.5
231,16969.941844,16968.887848,16969.469846,16969.941844,16976.639484,1,NaN,0,5.99999999999996,2,1,65,0.5
232,16978.213144,16977.373814,16977.746979,16978.213144,17074.714258,1,NaN,0,5.99999999999996,2,1,65,0.5
233,17076.416251,17075.383089,17075.88742,17076.363918,17078.393077,1,1.99999999999996,0.0200000000000003,7.00000000000003,1,2,66,0.5
234,17081.435898,17080.437568,17080.871233,17081.383398,17082.557893,0,1.99999999999996,0.0200000000000003,5.99999999999996,2,1,65,0.5
235,17084.963717,17084.029054,17084.436052,17084.963717,17108.065958,1,NaN,0,5.99999999999996,2,1,65,0.5
236,17110.495282,17109.514619,17109.935117,17110.442948,17111.395445,0,1.99999999999996,0.0200000000000003,5.99999999999996,2,1,65,0.5
237,17114.582932,17113.108938,17113.979601,17114.582932,17241.021426,1,NaN,0,5.99999999999996,2,1,65,0.5
238,17243.245084,17242.348087,17242.401921,17243.245084,17263.930834,0,NaN,0,7.00000000000003,1,2,66,0.5
239,17274.873124,17273.802962,17274.312793,17274.820624,17294.327546,0,1.99999999999996,0.0200000000000003,5.99999999999996,2,1,65,0.5
240,17296.044706,17295.177376,17295.538208,17296.044706,17304.20084,1,NaN,0,5.99999999999996,2,1,65,0.5
241,17305.979166,17305.072503,17305.457168,17305.926666,17316.412791,1,1.99999999999996,0.0200000000000003,7.00000000000003,1,2,66,0.5
242,17318.131951,17317.213788,17317.575453,17318.079451,17321.927102,0,1.99999999999996,0.0200000000000003,5.99999999999996,2,1,65,0.5
243,17323.731095,17322.949265,17323.234764,17323.731095,17331.171399,1,NaN,0,5.99999999999996,2,1,65,0.5
244,17332.929058,17331.804563,17332.370227,17332.876559,17335.75988,0,1.99999999999996,0.0200000000000003,5.99999999999996,2,1,65,0.5
245,17337.239541,17336.527544,17336.77521,17337.187041,17351.597317,1,1.99999999999996,0.0200000000000003,7.00000000000003,1,2,66,0.5
246,17354.677477,17353.900641,17354.041474,17354.677477,17362.304774,0,NaN,0,7.00000000000003,1,2,66,0.5
247,17363.966101,17363.260104,17363.481436,17363.966101,17370.085577,1,NaN,0,5.99999999999996,2,1,65,0.5
248,17371.416071,17370.506408,17370.90474,17371.363738,17378.696542,1,1.99999999999996,0.0200000000000003,7.00000000000003,1,2,66,0.5
249,17380.217036,17379.448372,17379.669538,17380.217036,17385.98118,0,NaN,0,7.00000000000003,1,2,66,0.5
250,17388.072338,17386.890676,17387.549173,17388.072338,17395.00231,1,NaN,0,5.99999999999996,2,1,65,0.5
251,17397.367801,17396.591304,17396.841969,17397.367801,17404.409939,0,NaN,0,7.00000000000003,1,2,66,0.5
252,17406.639097,17405.01477,17406.016266,17406.639097,17409.851751,0,NaN,0,7.00000000000003,1,2,66,0.5
253,17413.33407,17412.585073,17412.650906,17413.281737,17423.883861,0,1.99999999999996,0.0200000000000003,5.99999999999996,2,1,65,0.5
254,17425.371189,17424.617858,17424.841191,17425.318689,17432.460661,1,1.99999999999996,0.0200000000000003,7.00000000000003,1,2,66,0.5
255,17434.153487,17433.147491,17433.526823,17434.101154,17437.053809,0,1.99999999999996,0.0200000000000003,5.99999999999996,2,1,65,0.5
256,17438.605636,17437.781472,17438.095638,17438.605636,17444.392446,1,NaN,0,5.99999999999996,2,1,65,0.5
257,17445.973106,17445.03411,17445.500442,17445.920606,17449.588592,1,1.99999999999996,0.0200000000000003,7.00000000000003,1,2,66,0.5
258,17451.319418,17450.595921,17450.745587,17451.267085,17459.387219,0,1.99999999999996,0.0200000000000003,5.99999999999996,2,1,65,0.5
259,17461.027046,17460.127383,17460.552548,17461.027046,17467.814019,1,NaN,0,5.99999999999996,2,1,65,0.5
260,17469.29018,17468.37235,17468.728849,17469.23768,17473.431496,1,1.99999999999996,0.0200000000000003,7.00000000000003,1,2,66,0.5
261,17475.329822,17474.214993,17474.733491,17475.277489,17479.895471,0,1.99999999999996,0.0200000000000003,5.99999999999996,2,1,65,0.5
262,17481.269965,17480.524135,17480.820967,17481.269965,17487.59594,1,NaN,0,5.99999999999996,2,1,65,0.5
263,17488.977101,17487.994438,17488.365937,17488.924601,17497.090902,1,1.99999999999996,0.0200000000000003,7.00000000000003,1,2,66,0.5
264,17499.556225,17498.103731,17498.341063,17499.556225,17504.984704,1,NaN,0,5.99999999999996,2,1,65,0.5
265,17507.007362,17505.539701,17506.414698,17506.955029,17509.403686,0,1.99999999999996,0.0200000000000003,5.99999999999996,2,1,65,0.5
266,17510.962346,17510.195683,17510.442848,17510.910013,17515.176496,1,1.99999999999996,0.0200000000000003,7.00000000000003,1,2,66,0.5
267,17516.950989,17516.331825,17516.412325,17516.898823,17527.674446,0,1.99999999999996,0.0200000000000003,5.99999999999996,2,1,65,0.5
268,17529.230107,17528.512609,17528.792775,17529.230107,17535.265416,1,NaN,0,5.99999999999996,2,1,65,0.5
269,17537.138575,17535.90008,17536.61491,17537.086075,17538.847235,1,1.99999999999996,0.0200000000000003,7.00000000000003,1,2,66,0.5
270,17540.981393,17539.975397,17540.460228,17540.981393,17547.157035,0,NaN,0,7.00000000000003,1,2,66,0.5
271,17548.904861,17547.951865,17548.442363,17548.904861,17556.989329,1,NaN,0,5.99999999999996,2,1,65,0.5
272,17561.986809,17561.396311,17561.430311,17561.986809,17567.066455,1,NaN,0,5.99999999999996,2,1,65,0.5
273,17569.536612,17568.081785,17568.840448,17569.484112,17571.902436,0,1.99999999999996,0.0200000000000003,5.99999999999996,2,1,65,0.5
274,17573.598762,17572.559767,17573.104764,17573.598762,17582.854225,1,NaN,0,5.99999999999996,2,1,65,0.5
275,17585.099716,17584.201053,17584.634218,17585.099716,17590.318529,0,NaN,0,7.00000000000003,1,2,66,0.5
276,17592.141022,17590.869693,17591.600857,17592.088688,17593.599516,1,1.99999999999996,0.0200000000000003,7.00000000000003,1,2,66,0.5
277,17595.743007,17594.16718,17595.212009,17595.690674,17602.702646,0,1.99999999999996,0.0200000000000003,5.99999999999996,2,1,65,0.5
278,17604.321806,17603.354143,17603.903141,17604.321806,17610.671114,1,NaN,0,5.99999999999996,2,1,65,0.5
279,17619.313913,17618.370417,17618.787748,17619.26158,17620.326909,1,1.99999999999996,0.0200000000000003,7.00000000000003,1,2,66,0.5
280,17622.149235,17621.124572,17621.60407,17622.096735,17632.251028,0,1.99999999999996,0.0200000000000003,5.99999999999996,2,1,65,0.5
281,17634.037187,17633.216691,17633.478356,17634.037187,17641.538324,1,NaN,0,5.99999999999996,2,1,65,0.5
282,17643.445483,17642.073655,17642.776819,17643.445483,17651.794116,0,NaN,0,7.00000000000003,1,2,66,0.5
283,17653.051945,17652.298781,17652.57828,17652.999612,17654.287273,1,1.99999999999996,0.0200000000000003,7.00000000000003,1,2,66,0.5
284,17655.721101,17654.790271,17655.214603,17655.668601,17657.818759,0,1.99999999999996,0.0200000000000003,5.99999999999996,2,1,65,0.5
285,17659.223587,17658.335924,17658.772255,17659.223587,17667.330221,1,NaN,0,5.99999999999996,2,1,65,0.5
286,17668.850548,17667.932052,17668.350717,17668.798215,17717.159188,1,1.99999999999996,0.0200000000000003,7.00000000000003,1,2,66,0.5
287,17719.064514,17717.872685,17718.080351,17719.064514,17726.932482,0,NaN,0,7.00000000000003,1,2,66,0.5
288,17728.714142,17727.771979,17728.079978,17728.714142,17735.13445,0,NaN,0,7.00000000000003,1,2,66,0.5
289,17736.75011,17735.83978,17736.193279,17736.75011,17744.31958,0,NaN,0,7.00000000000003,1,2,66,0.5
290,17746.827403,17745.87024,17746.115739,17746.77507,17750.560555,0,1.99999999999996,0.0200000000000003,5.99999999999996,2,1,65,0.5
291,17752.220215,17751.481718,17751.762883,17752.167881,17763.499003,1,1.99999999999996,0.0200000000000003,7.00000000000003,1,2,66,0.5
292,17765.476995,17764.464832,17764.913664,17765.424662,17768.336817,0,1.99999999999996,0.0200000000000003,5.99999999999996,2,1,65,0.5
293,17769.695145,17768.923481,17769.228313,17769.695145,17775.94962,1,NaN,0,5.99999999999996,2,1,65,0.5
294,17778.204777,17776.396785,17777.349447,17778.204777,17784.620085,1,NaN,0,5.99999999999996,2,1,65,0.5
295,17786.282578,17785.261416,17785.741414,17786.230245,17789.92423,0,1.99999999999996,0.0200000000000003,5.99999999999996,2,1,65,0.5
296,17791.362725,17790.536228,17790.94556,17791.362725,17805.14267,1,NaN,0,5.99999999999996,2,1,65,0.5
297,17810.01065,17809.121487,17809.365819,17810.01065,17848.704662,0,NaN,0,7.00000000000003,1,2,66,0.5
298,17850.377322,17849.237493,17849.803491,17850.377322,17855.05047,1,NaN,0,5.99999999999996,2,1,65,0.5
299,17857.662126,17856.009966,17856.834629,17857.609793,17859.794451,0,1.99999999999996,0.0200000000000003,5.99999999999996,2,1,65,0.5
300,17861.165279,17860.440948,17860.731614,17861.112946,17872.451734,1,1.99999999999996,0.0200000000000003,7.00000000000003,1,2,66,0.5
301,17874.104227,17873.203897,17873.535396,17874.051894,17879.689538,0,1.99999999999996,0.0200000000000003,5.99999999999996,2,1,65,0.5
302,17881.066033,17880.351535,17880.603034,17881.013533,17882.487027,1,1.99999999999996,0.0200000000000003,7.00000000000003,1,2,66,0.5
303,17883.743355,17882.987858,17883.279357,17883.743355,17888.944334,0,NaN,0,7.00000000000003,1,2,66,0.5
304,17891.858323,17890.993326,17891.210492,17891.858323,17894.998644,0,NaN,0,7.00000000000003,1,2,66,0.5
305,17898.372463,17897.651133,17897.825799,17898.32013,17905.197436,0,1.99999999999996,0.0200000000000003,5.99999999999996,2,1,65,0.5
306,17906.645264,17905.967266,17906.233099,17906.645264,17912.300074,1,NaN,0,5.99999999999996,2,1,65,0.5
307,17914.278733,17913.478403,17913.805735,17914.278733,17920.468042,1,NaN,0,5.99999999999996,2,1,65,0.5
308,17922.172368,17920.97804,17921.653704,17922.119868,17926.265018,1,1.99999999999996,0.0200000000000003,7.00000000000003,1,2,66,0.5
309,17927.936012,17926.871183,17927.381014,17927.883679,17930.633001,0,1.99999999999996,0.0200000000000003,5.99999999999996,2,1,65,0.5
310,17931.799663,17931.126999,17931.401831,17931.799663,17938.122804,1,NaN,0,5.99999999999996,2,1,65,0.5
311,17939.652132,17938.678469,17939.130634,17939.599632,17940.91596,1,1.99999999999996,0.0200000000000003,7.00000000000003,1,2,66,0.5
312,17942.50512,17941.464291,17942.013789,17942.50512,17949.95059,0,NaN,0,7.00000000000003,1,2,66,0.5
313,17951.400085,17950.528755,17950.899087,17951.347751,17953.679742,0,1.99999999999996,0.0200000000000003,5.99999999999996,2,1,65,0.5
314,17954.824738,17954.211573,17954.425906,17954.824738,17960.872047,1,NaN,0,5.99999999999996,2,1,65,0.5
315,17962.46104,17961.64621,17961.978876,17962.46104,17966.638024,1,NaN,0,5.99999999999996,2,1,65,0.5
316,17970.168009,17968.938681,17969.359679,17970.168009,17976.887316,0,NaN,0,7.00000000000003,1,2,66,0.5
317,17978.695809,17977.509313,17978.246811,17978.695809,17984.811118,1,NaN,0,5.99999999999996,2,1,65,0.5
318,17987.411107,17985.999446,17986.907943,17987.358607,17989.1716,1,1.99999999999996,0.0200000000000003,7.00000000000003,1,2,66,0.5
319,17990.970426,17990.167929,17990.553928,17990.970426,17997.829232,0,NaN,0,7.00000000000003,1,2,66,0.5
320,18002.461714,18001.672717,18002.044215,18002.461714,18165.234229,0,NaN,0,7.00000000000003,1,2,66,0.5
321,18166.922722,18166.028726,18166.463391,18166.922722,18175.537521,1,NaN,0,5.99999999999996,2,1,65,0.5
322,18178.699509,18177.837012,18178.130011,18178.699509,18183.28299,0,NaN,0,7.00000000000003,1,2,66,0.5
323,18186.822476,18184.882317,18186.195645,18186.77031,18194.451112,0,1.99999999999996,0.0200000000000003,5.99999999999996,2,1,65,0.5
324,18195.937273,18195.231276,18195.485442,18195.884773,18200.298256,1,1.99999999999996,0.0200000000000003,7.00000000000003,1,2,66,0.5
325,18202.007582,18201.307918,18201.557917,18202.007582,18210.050383,0,NaN,0,7.00000000000003,1,2,66,0.5
326,18211.459544,18210.557215,18210.942546,18211.459544,18218.29885,0,NaN,0,7.00000000000003,1,2,66,0.5
327,18220.683674,18219.802178,18220.14851,18220.683674,18224.073327,0,NaN,0,7.00000000000003,1,2,66,0.5
328,18227.49248,18226.414818,18226.918316,18227.49248,18234.542785,0,NaN,0,7.00000000000003,1,2,66,0.5
329,18237.119108,18235.353449,18236.427444,18237.066775,18239.824431,0,1.99999999999996,0.0200000000000003,5.99999999999996,2,1,65,0.5
330,18241.491091,18240.690594,18241.018926,18241.438924,18245.020743,1,1.99999999999996,0.0200000000000003,7.00000000000003,1,2,66,0.5
331,18246.255905,18245.551741,18245.829907,18246.255905,18252.018882,0,NaN,0,7.00000000000003,1,2,66,0.5
332,18253.47871,18252.48488,18252.995878,18253.426376,18257.955192,1,1.99999999999996,0.0200000000000003,7.00000000000003,1,2,66,0.5
333,18259.692518,18258.621022,18259.119187,18259.640185,18267.859152,0,1.99999999999996,0.0200000000000003,5.99999999999996,2,1,65,0.5
334,18269.27198,18268.582316,18268.779648,18269.219647,18269.846144,1,1.99999999999996,0.0200000000000003,7.00000000000003,1,2,66,0.5
335,18271.394971,18270.407642,18270.857307,18271.394971,18278.34261,0,NaN,0,7.00000000000003,1,2,66,0.5
336,18280.919933,18279.334273,18280.385269,18280.919933,18287.364907,0,NaN,0,7.00000000000003,1,2,66,0.5
337,18289.487066,18288.057238,18288.932068,18289.487066,18296.615204,0,NaN,0,7.00000000000003,1,2,66,0.5
338,18298.015698,18297.084368,18297.524867,18297.963365,18321.874103,1,1.99999999999996,0.0200000000000003,7.00000000000003,1,2,66,0.5
339,18324.318426,18323.050431,18323.644262,18324.265926,18333.014058,0,1.99999999999996,0.0200000000000003,5.99999999999996,2,1,65,0.5
340,18334.942717,18333.967221,18334.358219,18334.890217,18351.353318,1,1.99999999999996,0.0200000000000003,7.00000000000003,1,2,66,0.5
341,18353.601476,18352.50848,18352.987645,18353.601476,18360.503781,0,NaN,0,7.00000000000003,1,2,66,0.5
342,18361.973442,18361.046946,18361.404778,18361.920942,18365.828927,1,1.99999999999996,0.0200000000000003,7.00000000000003,1,2,66,0.5
343,18367.50142,18366.499091,18366.932922,18367.44892,18370.376909,0,1.99999999999996,0.0200000000000003,5.99999999999996,2,1,65,0.5
344,18371.78007,18370.947573,18371.227405,18371.72757,18374.809391,1,1.99999999999996,0.0200000000000003,7.00000000000003,1,2,66,0.5
345,18376.466884,18375.603221,18375.96072,18376.466884,18381.792696,0,NaN,0,7.00000000000003,1,2,66,0.5
346,18384.460852,18382.846525,18383.882688,18384.460852,18433.854155,0,NaN,0,7.00000000000003,1,2,66,0.5
347,18436.648477,18435.808814,18436.112812,18436.595977,18437.870139,1,1.99999999999996,0.0200000000000003,7.00000000000003,1,2,66,0.5
348,18439.301966,18438.476303,18438.788968,18439.301966,18445.626941,0,NaN,0,7.00000000000003,1,2,66,0.5
349,18448.734929,18447.829765,18448.162931,18448.734929,18454.956237,0,NaN,0,7.00000000000003,1,2,66,0.5
350,18456.685563,18455.516901,18456.114232,18456.63323,18461.522044,0,1.99999999999996,0.0200000000000003,5.99999999999996,2,1,65,0.5
351,18462.926872,18462.154542,18462.446207,18462.874539,18466.218192,1,1.99999999999996,0.0200000000000003,7.00000000000003,1,2,66,0.5
352,18467.60052,18466.845523,18467.118022,18467.60052,18474.765824,0,NaN,0,7.00000000000003,1,2,66,0.5
353,18476.532151,18475.334989,18476.014819,18476.532151,18481.776963,0,NaN,0,7.00000000000003,1,2,66,0.5
354,18483.29779,18482.295961,18482.818626,18483.24529,18487.204775,1,1.99999999999996,0.0200000000000003,7.00000000000003,1,2,66,0.5
355,18489.121434,18487.997438,18488.551769,18489.121434,18495.268742,0,NaN,0,7.00000000000003,1,2,66,0.5
356,18496.877403,18495.882573,18496.423571,18496.877403,18501.970549,1,NaN,0,5.99999999999996,2,1,65,0.5
357,18504.250207,18502.527047,18503.632042,18504.197873,18507.258861,0,1.99999999999996,0.0200000000000003,5.99999999999996,2,1,65,0.5
358,18508.807188,18507.952692,18508.342023,18508.754688,18510.824514,1,1.99999999999996,0.0200000000000003,7.00000000000003,1,2,66,0.5
359,18512.292508,18511.378511,18511.80151,18512.292508,18518.241817,0,NaN,0,7.00000000000003,1,2,66,0.5
360,18519.690478,18518.763148,18519.273646,18519.690478,18524.725291,1,NaN,0,5.99999999999996,2,1,65,0.5
361,18526.242452,18525.238456,18525.744121,18526.242452,18530.798934,1,NaN,0,5.99999999999996,2,1,65,0.5
362,18534.982584,18533.326757,18534.30892,18534.93025,18537.255408,0,1.99999999999996,0.0200000000000003,5.99999999999996,2,1,65,0.5
363,18538.707902,18537.803739,18538.209904,18538.655402,18550.287022,1,1.99999999999996,0.0200000000000003,7.00000000000003,1,2,66,0.5
364,18551.910849,18550.921853,18551.322185,18551.858349,18560.511815,0,1.99999999999996,0.0200000000000003,5.99999999999996,2,1,65,0.5
365,18562.018975,18561.208479,18561.533311,18561.966476,18573.725595,1,1.99999999999996,0.0200000000000003,7.00000000000003,1,2,66,0.5
366,18576.089419,18575.271422,18575.472422,18576.089419,18582.005729,0,NaN,0,7.00000000000003,1,2,66,0.5
367,18584.449219,18582.62156,18583.809555,18584.396886,18592.134688,0,1.99999999999996,0.0200000000000003,5.99999999999996,2,1,65,0.5
368,18593.490683,18592.867852,18593.049018,18593.464683,18602.085148,1,1.99999999999996,0.0200000000000003,7.00000000000003,1,2,66,0.5
369,18603.658642,18602.746312,18603.144311,18603.658642,18610.370949,0,NaN,0,7.00000000000003,1,2,66,0.5
370,18612.347607,18611.644444,18611.768276,18612.295108,18618.30825,0,1.99999999999996,0.0200000000000003,5.99999999999996,2,1,65,0.5
371,18619.815744,18619.054247,18619.300913,18619.763411,18631.871029,1,1.99999999999996,0.0200000000000003,7.00000000000003,1,2,66,0.5
372,18634.271186,18633.265857,18633.702355,18634.218853,18637.497507,0,1.99999999999996,0.0200000000000003,5.99999999999996,2,1,65,0.5
373,18638.946834,18638.132171,18638.47067,18638.946834,18645.597974,1,NaN,0,5.99999999999996,2,1,65,0.5
374,18647.258134,18646.245638,18646.710803,18647.205635,18648.224131,1,1.99999999999996,0.0200000000000003,7.00000000000003,1,2,66,0.5
375,18650.462788,18648.864628,18649.935124,18650.462788,18657.419927,0,NaN,0,7.00000000000003,1,2,66,0.5
376,18659.603418,18658.163091,18658.986754,18659.551085,18661.410745,0,1.99999999999996,0.0200000000000003,5.99999999999996,2,1,65,0.5
377,18662.868739,18661.949076,18662.344407,18662.816239,18666.193392,1,1.99999999999996,0.0200000000000003,7.00000000000003,1,2,66,0.5
378,18667.564053,18666.697223,18667.063222,18667.51172,18673.508863,0,1.99999999999996,0.0200000000000003,5.99999999999996,2,1,65,0.5
379,18674.848857,18674.107027,18674.423692,18674.848857,18682.732659,1,NaN,0,5.99999999999996,2,1,65,0.5
380,18684.15832,18683.254824,18683.656489,18684.105987,18691.560124,1,1.99999999999996,0.0200000000000003,7.00000000000003,1,2,66,0.5
381,18692.885619,18692.044622,18692.393954,18692.885619,18699.335926,0,NaN,0,7.00000000000003,1,2,66,0.5
382,18701.343585,18699.92259,18700.77842,18701.291252,18719.254347,0,1.99999999999996,0.0200000000000003,5.99999999999996,2,1,65,0.5
383,18721.131506,18720.308009,18720.617174,18721.131506,18724.545992,1,NaN,0,5.99999999999996,2,1,65,0.5
384,18727.905145,18726.926149,18727.336647,18727.852812,18729.473139,1,1.99999999999996,0.0200000000000003,7.00000000000003,1,2,66,0.5
385,18731.035966,18730.03147,18730.464468,18730.983466,18732.402294,0,1.99999999999996,0.0200000000000003,5.99999999999996,2,1,65,0.5
386,18733.575123,18732.908959,18733.153624,18733.575123,18738.357437,1,NaN,0,5.99999999999996,2,1,65,0.5
387,18740.317429,18739.065767,18739.751764,18740.317429,18745.898407,0,NaN,0,7.00000000000003,1,2,66,0.5
388,18747.753899,18746.378905,18747.162068,18747.701399,18763.228504,1,1.99999999999996,0.0200000000000003,7.00000000000003,1,2,66,0.5
389,18764.971164,18763.906501,18764.332833,18764.918997,18768.571483,0,1.99999999999996,0.0200000000000003,5.99999999999996,2,1,65,0.5
390,18769.996977,18769.20348,18769.497312,18769.944644,18774.790958,1,1.99999999999996,0.0200000000000003,7.00000000000003,1,2,66,0.5
391,18776.427451,18775.440455,18775.83212,18776.375285,18778.331943,0,1.99999999999996,0.0200000000000003,5.99999999999996,2,1,65,0.5
392,18779.624272,18778.885441,18779.15844,18779.624272,18783.980088,1,NaN,0,5.99999999999996,2,1,65,0.5
393,18786.820243,18786.033413,18786.232912,18786.820243,18792.890885,0,NaN,0,7.00000000000003,1,2,66,0.5
394,18794.560212,18793.362717,18793.992881,18794.507879,18796.78387,1,1.99999999999996,0.0200000000000003,7.00000000000003,1,2,66,0.5
395,18798.385863,18797.365201,18797.852532,18798.33353,18804.603672,0,1.99999999999996,0.0200000000000003,5.99999999999996,2,1,65,0.5
396,18805.915666,18805.183003,18805.508501,18805.915666,18809.596485,1,NaN,0,5.99999999999996,2,1,65,0.5
397,18812.793472,18811.754143,18812.239975,18812.793472,18818.640282,0,NaN,0,7.00000000000003,1,2,66,0.5
398,18820.199276,18819.081114,18819.648945,18820.146776,18821.258938,1,1.99999999999996,0.0200000000000003,7.00000000000003,1,2,66,0.5
399,18822.819099,18821.765436,18822.302434,18822.766766,18824.598592,0,1.99999999999996,0.0200000000000003,5.99999999999996,2,1,65,0.5
400,18825.926586,18825.09809,18825.440255,18825.874253,18829.730405,1,1.99999999999996,0.0200000000000003,7.00000000000003,1,2,66,0.5
401,18831.340731,18830.391735,18830.823734,18831.288398,18835.284549,0,1.99999999999996,0.0200000000000003,5.99999999999996,2,1,65,0.5
402,18836.588377,18835.85988,18836.114046,18836.536044,18837.373207,1,1.99999999999996,0.0200000000000003,7.00000000000003,1,2,66,0.5
403,18838.794535,18837.866539,18838.28287,18838.742202,18841.890023,0,1.99999999999996,0.0200000000000003,5.99999999999996,2,1,65,0.5
404,18843.222184,18842.405687,18842.723353,18843.170017,18844.003014,1,1.99999999999996,0.0200000000000003,7.00000000000003,1,2,66,0.5
405,18845.691841,18845.04351,18845.168843,18845.691841,18851.987816,0,NaN,0,7.00000000000003,1,2,66,0.5
406,18854.27864,18852.892145,18853.647142,18854.226307,18856.039799,0,1.99999999999996,0.0200000000000003,5.99999999999996,2,1,65,0.5
407,18857.542627,18856.585797,18857.005629,18857.490294,18869.281746,1,1.99999999999996,0.0200000000000003,7.00000000000003,1,2,66,0.5
408,18870.879573,18869.929577,18870.340075,18870.827074,18883.933688,0,1.99999999999996,0.0200000000000003,5.99999999999996,2,1,65,0.5
409,18885.398515,18884.674018,18884.897184,18885.346349,18886.682177,1,1.99999999999996,0.0200000000000003,7.00000000000003,1,2,66,0.5
410,18888.000338,18887.166008,18887.49834,18888.000338,18893.753315,0,NaN,0,7.00000000000003,1,2,66,0.5
411,18895.307976,18894.26648,18894.757311,18895.307976,18901.506951,1,NaN,0,5.99999999999996,2,1,65,0.5
412,18903.788775,18902.927445,18903.185944,18903.736275,18904.94477,0,1.99999999999996,0.0200000000000003,5.99999999999996,2,1,65,0.5
413,18906.205599,18905.464935,18905.783434,18906.205599,18911.780743,1,NaN,0,5.99999999999996,2,1,65,0.5
414,18913.860401,18912.354907,18913.30307,18913.860401,18922.534033,0,NaN,0,7.00000000000003,1,2,66,0.5
415,18923.945361,18923.051031,18923.43953,18923.893028,18929.374339,1,1.99999999999996,0.0200000000000003,7.00000000000003,1,2,66,0.5
416,18930.977,18929.987004,18930.406669,18930.9245,18937.139308,0,1.99999999999996,0.0200000000000003,5.99999999999996,2,1,65,0.5
417,18938.394803,18937.771972,18937.977305,18938.34447,18940.11713,1,1.99999999999996,0.0200000000000003,7.00000000000003,1,2,66,0.5
418,18941.719623,18940.793627,18941.194125,18941.667123,18950.341922,0,1.99999999999996,0.0200000000000003,5.99999999999996,2,1,65,0.5
419,18951.888083,18951.028419,18951.340918,18951.835749,18953.461076,1,1.99999999999996,0.0200000000000003,7.00000000000003,1,2,66,0.5
420,18954.893237,18953.969908,18954.358239,18954.840904,18961.68921,0,1.99999999999996,0.0200000000000003,5.99999999999996,2,1,65,0.5
421,18963.073371,18962.354541,18962.612873,18963.020871,18964.756031,1,1.99999999999996,0.0200000000000003,7.00000000000003,1,2,66,0.5
422,18966.392691,18965.507361,18965.85386,18966.340358,18973.322164,0,1.99999999999996,0.0200000000000003,5.99999999999996,2,1,65,0.5
423,18974.773658,18974.071827,18974.27016,18974.773658,18975.746321,1,NaN,0,5.99999999999996,2,1,65,0.5
424,18982.077295,18980.998799,18981.611964,18982.077295,18987.740439,0,NaN,0,7.00000000000003,1,2,66,0.5
425,18989.887264,18988.402603,18989.295933,18989.834931,18991.054426,0,1.99999999999996,0.0200000000000003,5.99999999999996,2,1,65,0.5
426,18992.356254,18991.591424,18991.919422,18992.303754,18996.225405,1,1.99999999999996,0.0200000000000003,7.00000000000003,1,2,66,0.5
427,18997.646233,18996.805736,18997.153568,18997.646233,19003.399043,0,NaN,0,7.00000000000003,1,2,66,0.5
428,19004.96287,19003.919874,19004.437872,19004.96287,19010.103016,0,NaN,0,7.00000000000003,1,2,66,0.5
429,19011.543511,19010.549348,19011.049679,19011.543511,19016.409991,1,NaN,0,5.99999999999996,2,1,65,0.5
430,19018.457316,19017.053989,19017.844819,19018.404983,19020.319642,0,1.99999999999996,0.0200000000000003,5.99999999999996,2,1,65,0.5
431,19021.67397,19020.792974,19021.162972,19021.621637,19022.949632,1,1.99999999999996,0.0200000000000003,7.00000000000003,1,2,66,0.5
432,19024.495959,19023.525463,19024.00813,19024.443459,19038.308404,0,1.99999999999996,0.0200000000000003,5.99999999999996,2,1,65,0.5
433,19039.601398,19038.879235,19039.160567,19039.601398,19044.21888,1,NaN,0,5.99999999999996,2,1,65,0.5
434,19046.268538,19045.103376,19045.723041,19046.268538,19053.101011,0,NaN,0,7.00000000000003,1,2,66,0.5
435,19055.405335,19053.743175,19054.812004,19055.353002,19064.756464,0,1.99999999999996,0.0200000000000003,5.99999999999996,2,1,65,0.5
436,19066.355458,19065.489795,19065.86546,19066.303125,19068.410783,1,1.99999999999996,0.0200000000000003,7.00000000000003,1,2,66,0.5
437,19069.640945,19068.932448,19069.163447,19069.640945,19071.378438,0,NaN,0,7.00000000000003,1,2,66,0.5
438,19076.520251,19075.615421,19076.061586,19076.520251,19083.590889,0,NaN,0,7.00000000000003,1,2,66,0.5
439,19084.971717,19084.050387,19084.550719,19084.971717,19091.641357,1,NaN,0,5.99999999999996,2,1,65,0.5
440,19093.546683,19092.091688,19092.954185,19093.494183,19097.157002,0,1.99999999999996,0.0200000000000003,5.99999999999996,2,1,65,0.5
441,19098.497829,19097.662999,19098.022498,19098.44533,19109.532952,1,1.99999999999996,0.0200000000000003,7.00000000000003,1,2,66,0.5
442,19111.722277,19110.922613,19111.147946,19111.722277,19117.517253,0,NaN,0,7.00000000000003,1,2,66,0.5
443,19119.501079,19118.121584,19118.950248,19119.501079,19125.293722,0,NaN,0,7.00000000000003,1,2,66,0.5
444,19127.056049,19125.744887,19126.576051,19127.056049,19132.563193,1,NaN,0,5.99999999999996,2,1,65,0.5
445,19134.630518,19133.000691,19134.112354,19134.630518,19159.870917,0,NaN,0,7.00000000000003,1,2,66,0.5
446,19161.165412,19160.282082,19160.766247,19161.165412,19228.44131,1,NaN,0,5.99999999999996,2,1,65,0.5
447,19230.512968,19229.491306,19229.938804,19230.512968,19238.388603,0,NaN,0,7.00000000000003,1,2,66,0.5
448,19240.08393,19239.1606,19239.489599,19240.031597,19247.815066,1,1.99999999999996,0.0200000000000003,7.00000000000003,1,2,66,0.5
449,19249.353726,19248.466396,19248.802728,19249.353726,19251.912883,0,NaN,0,7.00000000000003,1,2,66,0.5
450,19260.247516,19259.298187,19259.777018,19260.247516,19265.609161,1,NaN,0,5.99999999999996,2,1,65,0.5
451,19267.853985,19266.74149,19267.283988,19267.801652,19271.693137,0,1.99999999999996,0.0200000000000003,5.99999999999996,2,1,65,0.5
452,19273.037465,19272.332634,19272.638633,19273.037465,19278.36611,1,NaN,0,5.99999999999996,2,1,65,0.5
453,19279.828271,19278.938274,19279.340439,19279.775938,19284.523252,1,1.99999999999996,0.0200000000000003,7.00000000000003,1,2,66,0.5
454,19286.118579,19285.136583,19285.619248,19286.118579,19291.61339,0,NaN,0,7.00000000000003,1,2,66,0.5
455,19294.147547,19292.393554,19293.542383,19294.095214,19298.219364,0,1.99999999999996,0.0200000000000003,5.99999999999996,2,1,65,0.5
456,19299.591692,19298.833195,19299.186693,19299.591692,19305.442835,1,NaN,0,5.99999999999996,2,1,65,0.5
457,19307.695159,19306.790663,19307.073329,19307.695159,19311.185645,0,NaN,0,7.00000000000003,1,2,66,0.5
458,19317.301954,19316.384958,19316.773623,19317.249788,19318.498283,0,1.99999999999996,0.0200000000000003,5.99999999999996,2,1,65,0.5
459,19319.771611,19319.057614,19319.364946,19319.771611,19326.452251,1,NaN,0,5.99999999999996,2,1,65,0.5
460,19329.465239,19328.496743,19329.051241,19329.465239,19335.893547,1,NaN,0,5.99999999999996,2,1,65,0.5
461,19341.070693,19340.197696,19340.623028,19341.070693,19350.84532,0,NaN,0,7.00000000000003,1,2,66,0.5
462,19352.026649,19351.240152,19351.631317,19351.974316,19364.688598,1,1.99999999999996,0.0200000000000003,7.00000000000003,1,2,66,0.5
463,19366.77109,19365.967426,19366.167592,19366.718757,19376.557384,0,1.99999999999996,0.0200000000000003,5.99999999999996,2,1,65,0.5
464,19377.714546,19377.091548,19377.278214,19377.679046,19389.593665,1,1.99999999999996,0.0200000000000003,7.00000000000003,1,2,66,0.5
465,19391.236492,19390.320496,19390.668161,19391.184159,19395.275642,0,1.99999999999996,0.0200000000000003,5.99999999999996,2,1,65,0.5
466,19396.543304,19395.927473,19396.133972,19396.543304,19402.027615,1,NaN,0,5.99999999999996,2,1,65,0.5
467,19404.062107,19403.346443,19403.584609,19404.062107,19408.947921,0,NaN,0,7.00000000000003,1,2,66,0.5
468,19410.879747,19409.914917,19410.447582,19410.879747,19415.946226,1,NaN,0,5.99999999999996,2,1,65,0.5
469,19417.633553,19416.66889,19417.115388,19417.58122,19428.443676,1,1.99999999999996,0.0200000000000003,7.00000000000003,1,2,66,0.5
470,19430.135169,19429.09434,19429.501839,19430.08267,19444.276446,0,1.99999999999996,0.0200000000000003,5.99999999999996,2,1,65,0.5
471,19445.671774,19444.92111,19445.219609,19445.671774,19452.795412,1,NaN,0,5.99999999999996,2,1,65,0.5
472,19453.927408,19453.29441,19453.493576,19453.927408,19461.250378,1,NaN,0,5.99999999999996,2,1,65,0.5
473,19463.46487,19462.079375,19462.815539,19463.41237,19481.831463,0,1.99999999999996,0.0200000000000003,5.99999999999996,2,1,65,0.5
474,19483.636956,19482.704793,19483.069291,19483.584622,19486.299945,1,1.99999999999996,0.0200000000000003,7.00000000000003,1,2,66,0.5
475,19487.805439,19486.914109,19487.293774,19487.805439,19511.306345,0,NaN,0,7.00000000000003,1,2,66,0.5
476,19515.648328,19514.505165,19514.946164,19515.648328,19521.224972,0,NaN,0,7.00000000000003,1,2,66,0.5
477,19522.772966,19521.789136,19522.268468,19522.772966,19529.368606,1,NaN,0,5.99999999999996,2,1,65,0.5
478,19531.116432,19529.90727,19530.592101,19531.116432,19537.635073,0,NaN,0,7.00000000000003,1,2,66,0.5
479,19539.526399,19538.189737,19538.935068,19539.473899,19543.413216,0,1.99999999999996,0.0200000000000003,5.99999999999996,2,1,65,0.5
480,19544.757044,19543.945548,19544.294213,19544.704711,19547.232035,1,1.99999999999996,0.0200000000000003,7.00000000000003,1,2,66,0.5
481,19548.820862,19547.852365,19548.294697,19548.768528,19550.971186,0,1.99999999999996,0.0200000000000003,5.99999999999996,2,1,65,0.5
482,19552.167015,19551.457851,19551.76835,19552.167015,19558.495989,1,NaN,0,5.99999999999996,2,1,65,0.5
483,19560.14565,19559.024821,19559.537652,19560.09315,19564.706631,1,1.99999999999996,0.0200000000000003,7.00000000000003,1,2,66,0.5
484,19566.121792,19565.176629,19565.599628,19566.069459,19568.413616,0,1.99999999999996,0.0200000000000003,5.99999999999996,2,1,65,0.5
485,19569.636945,19568.879448,19569.168113,19569.584445,19574.362759,1,1.99999999999996,0.0200000000000003,7.00000000000003,1,2,66,0.5
486,19575.960586,19575.106423,19575.425255,19575.908087,19577.694079,0,1.99999999999996,0.0200000000000003,5.99999999999996,2,1,65,0.5
487,19578.901241,19578.165577,19578.447243,19578.848908,19582.755559,1,1.99999999999996,0.0200000000000003,7.00000000000003,1,2,66,0.5
488,19584.241553,19583.410557,19583.749388,19584.241553,19586.069046,0,NaN,0,7.00000000000003,1,2,66,0.5
489,19593.767182,19592.852185,19593.131351,19593.714849,19598.508996,0,1.99999999999996,0.0200000000000003,5.99999999999996,2,1,65,0.5
490,19599.935824,19599.18066,19599.435659,19599.883324,19600.798987,1,1.99999999999996,0.0200000000000003,7.00000000000003,1,2,66,0.5
491,19602.314814,19601.388318,19601.798983,19602.314814,19609.658951,0,NaN,0,7.00000000000003,1,2,66,0.5
492,19611.368445,19610.289616,19610.77778,19611.368445,19616.58209,0,NaN,0,7.00000000000003,1,2,66,0.5
493,19618.950248,19617.833252,19618.351417,19618.950248,19624.827057,0,NaN,0,7.00000000000003,1,2,66,0.5
494,19870.073577,19868.724749,19869.330913,19870.073577,19878.104711,0,NaN,0,7.00000000000003,1,2,66,0.5
495,19880.338202,19879.306373,19879.760704,19880.285702,19882.715693,0,1.99999999999996,0.0200000000000003,5.99999999999996,2,1,65,0.5
496,19885.009683,19883.518189,19883.846855,19884.957184,19890.479662,1,1.99999999999996,0.0200000000000003,7.00000000000003,1,2,66,0.5
497,19892.310821,19891.293492,19891.600824,19892.310821,19896.583137,0,NaN,0,7.00000000000003,1,2,66,0.5
498,19902.497113,19899.530792,19899.789958,19902.497113,19909.523085,0,NaN,0,7.00000000000003,1,2,66,0.5
499,19911.978242,19911.090412,19911.484411,19911.926076,19915.870893,1,1.99999999999996,0.0200000000000003,7.00000000000003,1,2,66,0.5
500,19917.63022,19916.658224,19917.074055,19917.577886,19919.705878,0,1.99999999999996,0.0200000000000003,5.99999999999996,2,1,65,0.5
501,19920.92504,19920.207876,19920.435208,19920.872707,19924.270693,1,1.99999999999996,0.0200000000000003,7.00000000000003,1,2,66,0.5
502,19925.902187,19925.003357,19925.384189,19925.902187,19931.993829,0,NaN,0,7.00000000000003,1,2,66,0.5
503,19933.38499,19932.46516,19932.796159,19933.33249,19936.174979,1,1.99999999999996,0.0200000000000003,7.00000000000003,1,2,66,0.5
504,19937.639806,19936.720477,19937.113475,19937.639806,19944.361446,0,NaN,0,7.00000000000003,1,2,66,0.5
505,19946.480104,19944.932444,19945.877773,19946.480104,19948.716429,0,NaN,0,7.00000000000003,1,2,66,0.5
506,19953.516243,19952.511247,19952.933078,19953.516243,19959.087054,0,NaN,0,7.00000000000003,1,2,66,0.5
507,19960.918046,19959.935384,19960.418715,19960.865547,19964.91153,1,1.99999999999996,0.0200000000000003,7.00000000000003,1,2,66,0.5
508,19967.354021,19966.235525,19966.736023,19967.354021,19976.977816,0,NaN,0,7.00000000000003,1,2,66,0.5
509,19979.018474,19977.686979,19978.500976,19978.966141,19984.563619,0,1.99999999999996,0.0200000000000003,5.99999999999996,2,1,65,0.5
510,19985.823947,19985.084283,19985.351282,19985.771614,19988.30377,1,1.99999999999996,0.0200000000000003,7.00000000000003,1,2,66,0.5
511,19989.705098,19988.876768,19989.2541,19989.705098,19997.407901,0,NaN,0,7.00000000000003,1,2,66,0.5
512,19999.646225,19998.735895,19999.051061,19999.594058,20001.593884,0,1.99999999999996,0.0200000000000003,5.99999999999996,2,1,65,0.5
513,20002.735546,20002.057049,20002.303381,20002.683046,20006.64653,1,1.99999999999996,0.0200000000000003,7.00000000000003,1,2,66,0.5
514,20008.409023,20007.275694,20007.939525,20008.409023,20013.594169,0,NaN,0,7.00000000000003,1,2,66,0.5
515,20017.918318,20017.011822,20017.307321,20017.865819,20023.541129,0,1.99999999999996,0.0200000000000003,5.99999999999996,2,1,65,0.5
516,20024.687291,20024.064627,20024.245626,20024.655125,20025.627954,1,1.99999999999996,0.0200000000000003,7.00000000000003,1,2,66,0.5
517,20027.051449,20026.183285,20026.538117,20027.051449,20031.413764,0,NaN,0,7.00000000000003,1,2,66,0.5
518,20035.08725,20033.192757,20034.433586,20035.03475,20036.009746,0,1.99999999999996,0.0200000000000003,5.99999999999996,2,1,65,0.5
519,20037.268741,20036.488244,20036.764743,20037.216408,20039.217733,1,1.99999999999996,0.0200000000000003,7.00000000000003,1,2,66,0.5
520,20040.84106,20039.786898,20040.291396,20040.788727,20043.053718,0,1.99999999999996,0.0200000000000003,5.99999999999996,2,1,65,0.5
521,20044.165047,20043.542049,20043.753882,20044.146047,20049.934024,1,1.99999999999996,0.0200000000000003,7.00000000000003,1,2,66,0.5
522,20051.676183,20050.617188,20051.153852,20051.676183,20056.730497,0,NaN,0,7.00000000000003,1,2,66,0.5
523,20058.294324,20057.463994,20057.809659,20058.24199,20060.688647,1,1.99999999999996,0.0200000000000003,7.00000000000003,1,2,66,0.5
524,20061.924476,20061.188645,20061.453478,20061.871976,20064.247466,1,1.99999999999996,0.0200000000000003,7.00000000000003,1,2,66,0.5
525,20066.323791,20064.989797,20065.76246,20066.271292,20080.724234,0,1.99999999999996,0.0200000000000003,5.99999999999996,2,1,65,0.5
526,20082.301894,20081.507397,20081.884563,20082.301894,20087.884872,1,NaN,0,5.99999999999996,2,1,65,0.5
527,20091.276025,20090.189696,20090.772694,20091.223525,20097.068835,0,1.99999999999996,0.0200000000000003,5.99999999999996,2,1,65,0.5
528,20098.240664,20097.617833,20097.778666,20098.216664,20100.533988,1,1.99999999999996,0.0200000000000003,7.00000000000003,1,2,66,0.5
529,20102.103148,20101.241652,20101.639317,20102.103148,20106.65513,1,NaN,0,5.99999999999996,2,1,65,0.5
530,20109.132954,20108.37679,20108.609456,20109.132954,20115.386762,0,NaN,0,7.00000000000003,1,2,66,0.5
531,20116.961422,20115.95626,20116.477258,20116.961422,20123.442396,1,NaN,0,5.99999999999996,2,1,65,0.5
532,20125.537555,20124.814058,20124.985557,20125.537555,20132.784692,0,NaN,0,7.00000000000003,1,2,66,0.5
533,20134.369353,20133.41219,20133.932188,20134.369353,20149.543292,1,NaN,0,5.99999999999996,2,1,65,0.5
534,20150.829287,20149.998957,20150.361122,20150.829287,20158.866755,1,NaN,0,5.99999999999996,2,1,65,0.5
535,20160.230916,20159.29992,20159.748251,20160.230916,20170.98054,1,NaN,0,5.99999999999996,2,1,65,0.5
536,20172.251368,20171.409871,20171.81987,20172.251368,20174.813024,0,NaN,0,7.00000000000003,1,2,66,0.5
537,20180.076336,20179.337506,20179.653505,20180.076336,20182.276328,0,NaN,0,7.00000000000003,1,2,66,0.5
538,20187.622806,20186.72981,20187.148475,20187.570473,20190.089463,0,1.99999999999996,0.0200000000000003,5.99999999999996,2,1,65,0.5
539,20191.308292,20190.594628,20190.869627,20191.308292,20197.5676,1,NaN,0,5.99999999999996,2,1,65,0.5
540,20199.845091,20198.447763,20199.26026,20199.792591,20201.461751,0,1.99999999999996,0.0200000000000003,5.99999999999996,2,1,65,0.5
541,20202.826412,20202.040249,20202.336414,20202.773912,20205.332735,1,1.99999999999996,0.0200000000000003,7.00000000000003,1,2,66,0.5
542,20206.937229,20205.977733,20206.392065,20206.88473,20209.026887,0,1.99999999999996,0.0200000000000003,5.99999999999996,2,1,65,0.5
543,20210.220716,20209.524719,20209.807384,20210.220716,20217.341521,1,NaN,0,5.99999999999996,2,1,65,0.5
544,20218.702682,20217.814352,20218.24685,20218.702682,20224.536825,0,NaN,0,7.00000000000003,1,2,66,0.5
545,20225.977153,20225.070657,20225.472822,20225.92482,20239.779931,0,1.99999999999996,0.0200000000000003,5.99999999999996,2,1,65,0.5
546,20241.155092,20240.470762,20240.691094,20241.155092,20247.775066,1,NaN,0,5.99999999999996,2,1,65,0.5
547,20249.710058,20248.788062,20249.262226,20249.710058,20255.8312,1,NaN,0,5.99999999999996,2,1,65,0.5
548,20258.045191,20257.068029,20257.456027,20257.992692,20260.87968,0,1.99999999999996,0.0200000000000003,5.99999999999996,2,1,65,0.5
549,20262.385174,20261.501511,20261.882676,20262.385174,20265.085163,1,NaN,0,5.99999999999996,2,1,65,0.5
550,20445.86644,20444.808444,20445.246609,20445.814107,20448.135931,0,1.99999999999996,0.0200000000000003,5.99999999999996,2,1,65,0.5
551,20450.557921,20449.388426,20449.840595,20450.505421,20452.437414,1,1.99999999999996,0.0200000000000003,7.00000000000003,1,2,66,0.5
552,20454.977237,20453.941241,20454.320406,20454.924904,20457.578893,0,1.99999999999996,0.0200000000000003,5.99999999999996,2,1,65,0.5
553,20459.175887,20458.269557,20458.628222,20459.175887,20465.998693,1,NaN,0,5.99999999999996,2,1,65,0.5
554,20474.340493,20472.960665,20473.688329,20474.340493,20479.752304,0,NaN,0,7.00000000000003,1,2,66,0.5
555,20481.591297,20480.8423,20481.080799,20481.591297,20487.65294,0,NaN,0,7.00000000000003,1,2,66,0.5
556,20492.062755,20491.183925,20491.496757,20492.010422,20502.025382,1,1.99999999999996,0.0200000000000003,7.00000000000003,1,2,66,0.5
557,20504.25104,20503.35671,20503.739709,20504.198873,20507.53936,0,1.99999999999996,0.0200000000000003,5.99999999999996,2,1,65,0.5
558,20508.852355,20508.116191,20508.321857,20508.799855,20510.765847,1,1.99999999999996,0.0200000000000003,7.00000000000003,1,2,66,0.5
559,20512.008342,20511.297012,20511.553177,20512.008342,20516.841323,0,NaN,0,7.00000000000003,1,2,66,0.5
560,20519.080647,20518.067485,20518.527983,20519.028314,20524.369793,0,1.99999999999996,0.0200000000000003,5.99999999999996,2,1,65,0.5
561,20525.89062,20525.15229,20525.427622,20525.838287,20529.494439,1,1.99999999999996,0.0200000000000003,7.00000000000003,1,2,66,0.5
562,20531.133599,20530.221436,20530.613601,20531.081266,20538.754735,0,1.99999999999996,0.0200000000000003,5.99999999999996,2,1,65,0.5
563,20540.194063,20539.407733,20539.682065,20540.141896,20542.772719,1,1.99999999999996,0.0200000000000003,7.00000000000003,1,2,66,0.5
564,20544.431379,20543.557716,20543.899715,20544.431379,20551.032186,0,NaN,0,7.00000000000003,1,2,66,0.5
565,20552.358847,20551.495184,20551.919182,20552.358847,20558.24899,1,NaN,0,5.99999999999996,2,1,65,0.5
566,20560.230149,20559.607152,20559.689151,20560.230149,20570.96944,0,NaN,0,7.00000000000003,1,2,66,0.5
567,20572.372934,20571.501937,20571.890269,20572.372934,20579.09824,0,NaN,0,7.00000000000003,1,2,66,0.5
568,20580.599401,20579.568572,20580.07507,20580.599401,20587.713206,0,NaN,0,7.00000000000003,1,2,66,0.5
569,20589.0967,20588.232037,20588.563703,20589.044201,20592.064022,1,1.99999999999996,0.0200000000000003,7.00000000000003,1,2,66,0.5
570,20593.688015,20592.65502,20593.148351,20593.635516,20602.963978,0,1.99999999999996,0.0200000000000003,5.99999999999996,2,1,65,0.5
571,20604.330139,20603.494809,20603.865308,20604.330139,20612.117275,1,NaN,0,5.99999999999996,2,1,65,0.5
572,20613.682769,20612.745106,20613.160604,20613.630436,20614.292933,1,1.99999999999996,0.0200000000000003,7.00000000000003,1,2,66,0.5
573,20615.940593,20614.929097,20615.417428,20615.888093,20619.911744,0,1.99999999999996,0.0200000000000003,5.99999999999996,2,1,65,0.5
574,20621.261238,20620.545075,20620.832907,20621.261238,20627.335881,1,NaN,0,5.99999999999996,2,1,65,0.5
575,20629.24354,20627.824712,20628.665875,20629.19104,20636.446678,0,1.99999999999996,0.0200000000000003,5.99999999999996,2,1,65,0.5
576,20637.942005,20637.093675,20637.423507,20637.889672,20639.696665,1,1.99999999999996,0.0200000000000003,7.00000000000003,1,2,66,0.5
577,20641.274158,20640.373995,20640.737327,20641.221825,20642.536487,0,1.99999999999996,0.0200000000000003,5.99999999999996,2,1,65,0.5
578,20643.795148,20643.049151,20643.379817,20643.795148,20648.744628,1,NaN,0,5.99999999999996,2,1,65,0.5
579,20651.053786,20649.579125,20650.471788,20651.053786,20658.094091,0,NaN,0,7.00000000000003,1,2,66,0.5
580,20659.579418,20658.565423,20659.014921,20659.526919,20662.707573,0,1.99999999999996,0.0200000000000003,5.99999999999996,2,1,65,0.5
581,20664.1414,20663.159071,20663.656069,20664.1414,20684.661318,1,NaN,0,5.99999999999996,2,1,65,0.5
582,20685.94948,20685.15215,20685.532981,20685.94948,20688.626469,1,NaN,0,5.99999999999996,2,1,65,0.5
583,20735.97378,20734.758784,20735.311949,20735.92128,20750.993219,0,1.99999999999996,0.0200000000000003,5.99999999999996,2,1,65,0.5
584,20752.930378,20752.129215,20752.352547,20752.877879,20757.830525,1,1.99999999999996,0.0200000000000003,7.00000000000003,1,2,66,0.5
585,20759.225687,20758.36669,20758.725355,20759.173187,20765.349495,0,1.99999999999996,0.0200000000000003,5.99999999999996,2,1,65,0.5
586,20766.931322,20766.126492,20766.468491,20766.878823,20773.791295,1,1.99999999999996,0.0200000000000003,7.00000000000003,1,2,66,0.5
587,20783.079591,20782.067429,20782.470427,20783.027258,20789.406233,0,1.99999999999996,0.0200000000000003,5.99999999999996,2,1,65,0.5
588,20790.79406,20790.01923,20790.315896,20790.79406,20795.435042,1,NaN,0,5.99999999999996,2,1,65,0.5
589,20797.669533,20796.75837,20797.132035,20797.669533,20802.667346,0,NaN,0,7.00000000000003,1,2,66,0.5
590,20804.389339,20803.30801,20803.813175,20804.336839,20806.980662,0,1.99999999999996,0.0200000000000003,5.99999999999996,2,1,65,0.5
591,20808.179824,20807.445327,20807.688159,20808.127491,20812.877805,1,1.99999999999996,0.0200000000000003,7.00000000000003,1,2,66,0.5
592,20814.334799,20813.420136,20813.816635,20814.282466,20816.170625,0,1.99999999999996,0.0200000000000003,5.99999999999996,2,1,65,0.5
593,20817.47962,20816.75929,20816.993955,20817.427287,20820.069777,1,1.99999999999996,0.0200000000000003,7.00000000000003,1,2,66,0.5
594,20821.79927,20820.838607,20821.283938,20821.746936,20828.215744,0,1.99999999999996,0.0200000000000003,5.99999999999996,2,1,65,0.5
595,20829.615405,20829.027241,20829.20524,20829.615405,20834.90655,1,NaN,0,5.99999999999996,2,1,65,0.5
596,20837.072042,20836.135379,20836.581877,20837.019709,20838.29237,1,1.99999999999996,0.0200000000000003,7.00000000000003,1,2,66,0.5
597,20839.600532,20838.751535,20839.1197,20839.600532,20844.635845,0,NaN,0,7.00000000000003,1,2,66,0.5
598,20847.019669,20845.896673,20846.406838,20846.967336,20860.760447,0,1.99999999999996,0.0200000000000003,5.99999999999996,2,1,65,0.5
599,20862.305774,20861.541777,20861.75361,20862.305774,20873.33073,1,NaN,0,5.99999999999996,2,1,65,0.5
600,20874.748891,20873.920228,20874.267893,20874.748891,20881.398198,0,NaN,0,7.00000000000003,1,2,66,0.5
601,20883.923521,20883.178691,20883.341857,20883.923521,20890.207496,0,NaN,0,7.00000000000003,1,2,66,0.5
602,20893.068485,20891.862156,20892.477487,20893.016151,20902.062782,0,1.99999999999996,0.0200000000000003,5.99999999999996,2,1,65,0.5
603,20903.597442,20902.808112,20903.101944,20903.545109,20906.066433,1,1.99999999999996,0.0200000000000003,7.00000000000003,1,2,66,0.5
604,20907.972925,20907.153595,20907.415427,20907.972925,20913.083571,0,NaN,0,7.00000000000003,1,2,66,0.5
605,20914.660898,20913.638735,20914.112734,20914.608565,20924.99419,0,1.99999999999996,0.0200000000000003,5.99999999999996,2,1,65,0.5
606,20926.467518,20925.693354,20926.003853,20926.415018,20927.875845,1,1.99999999999996,0.0200000000000003,7.00000000000003,1,2,66,0.5
607,20929.482172,20928.695842,20928.993841,20929.482172,20934.678485,0,NaN,0,7.00000000000003,1,2,66,0.5
608,20936.418644,20935.467148,20935.953646,20936.418644,20944.119114,1,NaN,0,5.99999999999996,2,1,65,0.5
609,20945.512775,20944.646612,20945.009443,20945.460442,20946.623604,1,1.99999999999996,0.0200000000000003,7.00000000000003,1,2,66,0.5
610,20948.139431,20947.4806,20947.660599,20948.139431,20954.151574,0,NaN,0,7.00000000000003,1,2,66,0.5
611,20956.193065,20954.973737,20955.686401,20956.193065,20959.584218,1,NaN,0,5.99999999999996,2,1,65,0.5
612,20965.597694,20964.625365,20964.775698,20965.545361,20971.112506,0,1.99999999999996,0.0200000000000003,5.99999999999996,2,1,65,0.5
613,20972.426167,20971.756336,20971.983336,20972.426167,20977.839312,1,NaN,0,5.99999999999996,2,1,65,0.5
614,20979.692638,20978.489809,20979.13964,20979.692638,20985.934113,0,NaN,0,7.00000000000003,1,2,66,0.5
615,20993.761415,20992.826585,20993.106418,20993.709249,20994.525245,0,1.99999999999996,0.0200000000000003,5.99999999999996,2,1,65,0.5
616,20996.184739,20995.401242,20995.661407,20996.132239,20998.908894,1,1.99999999999996,0.0200000000000003,7.00000000000003,1,2,66,0.5
617,21000.441555,20999.619558,20999.974724,21000.441555,21008.24969,0,NaN,0,7.00000000000003,1,2,66,0.5
618,21009.499852,21008.704355,21009.069354,21009.499852,21016.67099,1,NaN,0,5.99999999999996,2,1,65,0.5
619,21017.662653,21017.060822,21017.222655,21017.61032,21026.522117,1,1.99999999999996,0.0200000000000003,7.00000000000003,1,2,66,0.5
620,21028.035778,21027.023282,21027.504947,21027.983445,21033.782588,0,1.99999999999996,0.0200000000000003,5.99999999999996,2,1,65,0.5
621,21035.108083,21034.478419,21034.694418,21035.108083,21041.454724,1,NaN,0,5.99999999999996,2,1,65,0.5
622,21043.645216,21042.386221,21043.133551,21043.645216,21140.75716,0,NaN,0,7.00000000000003,1,2,66,0.5
623,21142.44832,21141.321325,21141.72899,21142.395821,21144.674311,0,1.99999999999996,0.0200000000000003,5.99999999999996,2,1,65,0.5
624,21146.302638,21145.266976,21145.689141,21146.302638,21153.43211,1,NaN,0,5.99999999999996,2,1,65,0.5
625,21155.09077,21154.131607,21154.570605,21155.038437,21159.113587,1,1.99999999999996,0.0200000000000003,7.00000000000003,1,2,66,0.5
626,21160.614248,21159.625252,21160.007083,21160.561748,21162.630906,0,1.99999999999996,0.0200000000000003,5.99999999999996,2,1,65,0.5
627,21163.802735,21163.180071,21163.372237,21163.796568,21165.803227,1,1.99999999999996,0.0200000000000003,7.00000000000003,1,2,66,0.5
628,21167.279888,21166.464224,21166.79989,21167.279888,21173.906361,0,NaN,0,7.00000000000003,1,2,66,0.5
629,21176.447351,21175.436688,21175.855353,21176.395018,21182.270328,0,1.99999999999996,0.0200000000000003,5.99999999999996,2,1,65,0.5
630,21183.510989,21182.888159,21183.094324,21183.501156,21186.486478,1,1.99999999999996,0.0200000000000003,7.00000000000003,1,2,66,0.5
631,21188.271137,21187.51764,21187.761139,21188.271137,21193.502116,0,NaN,0,7.00000000000003,1,2,66,0.5
632,21196.855436,21195.733607,21196.295605,21196.802936,21209.063887,0,1.99999999999996,0.0200000000000003,5.99999999999996,2,1,65,0.5
633,21210.385715,21209.712385,21209.906217,21210.333382,21212.618373,1,1.99999999999996,0.0200000000000003,7.00000000000003,1,2,66,0.5
634,21213.965368,21213.204871,21213.495703,21213.965368,21220.161843,0,NaN,0,7.00000000000003,1,2,66,0.5
635,21222.292668,21221.342838,21221.745336,21222.240334,21226.108819,0,1.99999999999996,0.0200000000000003,5.99999999999996,2,1,65,0.5
636,21227.265481,21226.64265,21226.821983,21227.228648,21229.91997,1,1.99999999999996,0.0200000000000003,7.00000000000003,1,2,66,0.5
637,21231.469964,21230.512801,21230.9688,21231.469964,21237.058442,0,NaN,0,7.00000000000003,1,2,66,0.5
638,21238.184604,21237.505273,21237.730273,21238.132104,21243.904248,1,1.99999999999996,0.0200000000000003,7.00000000000003,1,2,66,0.5
639,21246.767403,21245.876573,21246.210239,21246.767403,21251.988549,0,NaN,0,7.00000000000003,1,2,66,0.5
640,21254.26554,21253.25621,21253.735875,21254.26554,21259.282353,0,NaN,0,7.00000000000003,1,2,66,0.5
641,21260.681847,21259.833517,21260.175349,21260.629514,21263.505669,1,1.99999999999996,0.0200000000000003,7.00000000000003,1,2,66,0.5
642,21264.99983,21264.082667,21264.454999,21264.94733,21268.187984,0,1.99999999999996,0.0200000000000003,5.99999999999996,2,1,65,0.5
643,21269.338979,21268.716149,21268.929648,21269.323979,21274.367626,1,1.99999999999996,0.0200000000000003,7.00000000000003,1,2,66,0.5
644,21276.081952,21275.041457,21275.565121,21276.081952,21282.919258,0,NaN,0,7.00000000000003,1,2,66,0.5
645,21284.253086,21283.507756,21283.797922,21284.200753,21287.815239,1,1.99999999999996,0.0200000000000003,7.00000000000003,1,2,66,0.5
646,21289.524899,21288.39757,21288.994567,21289.472399,21291.346058,0,1.99999999999996,0.0200000000000003,5.99999999999996,2,1,65,0.5
647,21292.384887,21291.79039,21291.980222,21292.384887,21298.448863,1,NaN,0,5.99999999999996,2,1,65,0.5
648,21300.475855,21298.999027,21299.976524,21300.475855,21307.780992,0,NaN,0,7.00000000000003,1,2,66,0.5
649,21309.040821,21308.251157,21308.584822,21308.988487,21310.666647,1,1.99999999999996,0.0200000000000003,7.00000000000003,1,2,66,0.5
650,21311.984142,21311.137479,21311.490144,21311.931642,21328.416743,0,1.99999999999996,0.0200000000000003,5.99999999999996,2,1,65,0.5
651,21330.097903,21329.375739,21329.597405,21330.04557,21334.299553,1,1.99999999999996,0.0200000000000003,7.00000000000003,1,2,66,0.5
652,21335.867713,21334.971384,21335.316716,21335.81538,21339.201533,0,1.99999999999996,0.0200000000000003,5.99999999999996,2,1,65,0.5
653,21340.394029,21339.771364,21339.96253,21340.357529,21342.196021,1,1.99999999999996,0.0200000000000003,7.00000000000003,1,2,66,0.5
654,21343.970348,21342.778352,21343.383517,21343.970348,21348.752995,0,NaN,0,7.00000000000003,1,2,66,0.5
655,21351.659983,21350.208656,21351.044319,21351.659983,21354.97847,0,NaN,0,7.00000000000003,1,2,66,0.5
656,21358.323457,21357.303628,21357.721793,21358.270957,21361.966442,0,1.99999999999996,0.0200000000000003,5.99999999999996,2,1,65,0.5
657,21363.278437,21362.510607,21362.825272,21363.226104,21364.200267,1,1.99999999999996,0.0200000000000003,7.00000000000003,1,2,66,0.5
658,21365.779927,21364.662431,21365.272596,21365.779927,21371.137739,0,NaN,0,7.00000000000003,1,2,66,0.5
659,21373.44573,21372.615566,21372.980565,21373.39323,21375.224389,1,1.99999999999996,0.0200000000000003,7.00000000000003,1,2,66,0.5
660,21376.503717,21375.703887,21376.041053,21376.503717,21380.033537,0,NaN,0,7.00000000000003,1,2,66,0.5
661,21383.956521,21383.112358,21383.443856,21383.904021,21386.67651,1,1.99999999999996,0.0200000000000003,7.00000000000003,1,2,66,0.5
662,21387.814506,21387.191675,21387.391841,21387.809006,21407.861425,1,1.99999999999996,0.0200000000000003,7.00000000000003,1,2,66,0.5
663,21409.722585,21408.826921,21409.173921,21409.670418,21414.503899,0,1.99999999999996,0.0200000000000003,5.99999999999996,2,1,65,0.5
664,21415.806394,21415.109063,21415.350562,21415.753894,21433.648156,1,1.99999999999996,0.0200000000000003,7.00000000000003,1,2,66,0.5
665,21435.244816,21434.208987,21434.661485,21435.192483,21438.973968,0,1.99999999999996,0.0200000000000003,5.99999999999996,2,1,65,0.5
666,21440.209463,21439.588798,21439.753964,21440.157296,21442.106788,1,1.99999999999996,0.0200000000000003,7.00000000000003,1,2,66,0.5
667,21443.775115,21442.819952,21443.259117,21443.722782,21445.321442,0,1.99999999999996,0.0200000000000003,5.99999999999996,2,1,65,0.5
668,21446.550771,21445.885107,21446.090772,21446.550771,21447.204935,1,NaN,0,5.99999999999996,2,1,65,0.5
669,21454.656571,21453.783075,21454.201073,21454.656571,21461.248712,1,NaN,0,5.99999999999996,2,1,65,0.5
670,21462.648873,21461.882709,21462.207708,21462.648873,21469.871344,1,NaN,0,5.99999999999996,2,1,65,0.5
671,21471.481838,21470.369175,21470.966673,21471.481838,21475.500155,0,NaN,0,7.00000000000003,1,2,66,0.5
672,21478.065311,21477.155481,21477.526647,21478.012978,21497.877565,0,1.99999999999996,0.0200000000000003,5.99999999999996,2,1,65,0.5
673,21499.432892,21498.724062,21498.943228,21499.380559,21502.697879,1,1.99999999999996,0.0200000000000003,7.00000000000003,1,2,66,0.5
674,21504.471206,21503.674542,21503.999374,21504.471206,21509.795184,0,NaN,0,7.00000000000003,1,2,66,0.5
675,21512.140508,21511.306345,21511.74751,21512.140508,21518.400983,1,NaN,0,5.99999999999996,2,1,65,0.5
676,21519.886311,21518.889981,21519.346979,21519.886311,21527.508113,1,NaN,0,5.99999999999996,2,1,65,0.5
677,21528.784942,21527.919612,21528.34761,21528.784942,21534.345586,1,NaN,0,5.99999999999996,2,1,65,0.5
678,21537.108742,21535.92808,21536.441578,21537.056242,21543.42155,1,1.99999999999996,0.0200000000000003,7.00000000000003,1,2,66,0.5
679,21544.687711,21543.921381,21544.212047,21544.687711,21549.177027,0,NaN,0,7.00000000000003,1,2,66,0.5
680,21555.492501,21554.762004,21555.03667,21555.492501,21562.002142,0,NaN,0,7.00000000000003,1,2,66,0.5
681,21564.268633,21563.481303,21563.812301,21564.2163,21569.280446,1,1.99999999999996,0.0200000000000003,7.00000000000003,1,2,66,0.5
682,21570.621608,21569.852444,21570.169776,21570.621608,21577.177581,0,NaN,0,7.00000000000003,1,2,66,0.5
683,21578.592742,21577.777412,21578.109744,21578.592742,21584.22872,0,NaN,0,7.00000000000003,1,2,66,0.5
684,21585.672714,21584.795051,21585.241382,21585.672714,21597.42,1,NaN,0,5.99999999999996,2,1,65,0.5
685,21601.137819,21600.216323,21600.636154,21601.085486,21606.878629,0,1.99999999999996,0.0200000000000003,5.99999999999996,2,1,65,0.5
686,21608.034791,21607.411794,21607.60596,21607.988625,21611.353278,1,1.99999999999996,0.0200000000000003,7.00000000000003,1,2,66,0.5
687,21612.728273,21611.913776,21612.264774,21612.728273,21618.208584,0,NaN,0,7.00000000000003,1,2,66,0.5
688,21621.187405,21620.299076,21620.663907,21621.134906,21625.870387,0,1.99999999999996,0.0200000000000003,5.99999999999996,2,1,65,0.5
689,21627.116715,21626.383551,21626.69305,21627.116715,21633.137191,1,NaN,0,5.99999999999996,2,1,65,0.5
690,21634.23452,21633.546689,21633.823521,21634.18202,21637.030509,1,1.99999999999996,0.0200000000000003,7.00000000000003,1,2,66,0.5
691,21638.24517,21637.449507,21637.806839,21638.24517,21649.727458,0,NaN,0,7.00000000000003,1,2,66,0.5
692,21650.76112,21650.14929,21650.315289,21650.708954,21651.521784,1,1.99999999999996,0.0200000000000003,7.00000000000003,1,2,66,0.5
693,21652.851945,21651.983782,21652.362114,21652.799446,21659.842251,0,1.99999999999996,0.0200000000000003,5.99999999999996,2,1,65,0.5
694,21661.099746,21660.420582,21660.652747,21661.047413,21684.090154,1,1.99999999999996,0.0200000000000003,7.00000000000003,1,2,66,0.5
695,21686.239312,21685.260149,21685.668147,21686.187145,21687.879639,0,1.99999999999996,0.0200000000000003,5.99999999999996,2,1,65,0.5
696,21689.491799,21688.648302,21689.000634,21689.491799,21692.909952,1,NaN,0,5.99999999999996,2,1,65,0.5
697,21696.507771,21695.589441,21695.972606,21696.507771,21699.466259,0,NaN,0,7.00000000000003,1,2,66,0.5
698,21710.659881,21709.805051,21710.15105,21710.659881,21817.214955,0,NaN,0,7.00000000000003,1,2,66,0.5
699,21819.977444,21819.162947,21819.395779,21819.977444,21820.244942,1,NaN,0,5.99999999999996,2,1,65,0.5
700,21828.569576,21826.063753,21827.210915,21828.517243,21830.644068,0,1.99999999999996,0.0200000000000003,5.99999999999996,2,1,65,0.5
701,21832.44506,21831.587397,21831.919396,21832.392727,21834.765884,1,1.99999999999996,0.0200000000000003,7.00000000000003,1,2,66,0.5
702,21836.582544,21835.484881,21835.991546,21836.530377,21840.432195,0,1.99999999999996,0.0200000000000003,5.99999999999996,2,1,65,0.5
703,21841.838356,21841.019526,21841.304025,21841.78619,21843.988681,1,1.99999999999996,0.0200000000000003,7.00000000000003,1,2,66,0.5
704,21846.65067,21845.743507,21846.092006,21846.59817,21848.056498,0,1.99999999999996,0.0200000000000003,5.99999999999996,2,1,65,0.5
705,21849.444159,21848.620996,21848.975828,21849.444159,21854.553639,1,NaN,0,5.99999999999996,2,1,65,0.5
706,21857.299294,21856.388465,21856.814963,21857.299294,21864.469432,1,NaN,0,5.99999999999996,2,1,65,0.5
707,21865.614594,21864.876431,21865.123263,21865.562261,21868.217751,1,1.99999999999996,0.0200000000000003,7.00000000000003,1,2,66,0.5
708,21869.678078,21868.820248,21869.166747,21869.625745,21872.691399,0,1.99999999999996,0.0200000000000003,5.99999999999996,2,1,65,0.5
709,21873.880728,21873.266397,21873.464896,21873.880728,21878.907874,1,NaN,0,5.99999999999996,2,1,65,0.5
710,21881.979696,21881.281532,21881.545531,21881.927362,21886.254678,1,1.99999999999996,0.0200000000000003,7.00000000000003,1,2,66,0.5
711,21887.765506,21886.873009,21887.273674,21887.713006,21889.486832,0,1.99999999999996,0.0200000000000003,5.99999999999996,2,1,65,0.5
712,21890.598328,21889.975497,21890.158163,21890.558328,21892.047322,1,1.99999999999996,0.0200000000000003,7.00000000000003,1,2,66,0.5
713,21893.983481,21892.712819,21893.477816,21893.930981,21898.25063,0,1.99999999999996,0.0200000000000003,5.99999999999996,2,1,65,0.5
714,21899.491792,21898.845295,21899.067627,21899.491792,21902.58278,1,NaN,0,5.99999999999996,2,1,65,0.5
715,21906.304265,21905.314936,21905.800767,21906.304265,21912.630406,0,NaN,0,7.00000000000003,1,2,66,0.5
716,21915.401228,21914.555232,21914.90423,21915.348729,21923.061531,0,1.99999999999996,0.0200000000000003,5.99999999999996,2,1,65,0.5
717,21925.042523,21924.299693,21924.610192,21925.042523,21931.502997,1,NaN,0,5.99999999999996,2,1,65,0.5
718,21933.31999,21932.383494,21932.892659,21933.31999,21938.817135,1,NaN,0,5.99999999999996,2,1,65,0.5
719,21941.349791,21940.552461,21940.880127,21941.349791,21949.627092,1,NaN,0,5.99999999999996,2,1,65,0.5
720,21950.847753,21950.05159,21950.354755,21950.847753,21974.563492,0,NaN,0,7.00000000000003,1,2,66,0.5
721,21976.507151,21975.560321,21975.943486,21976.454818,21979.661138,0,1.99999999999996,0.0200000000000003,5.99999999999996,2,1,65,0.5
722,21981.308298,21980.403968,21980.775134,21981.308298,21984.510619,1,NaN,0,5.99999999999996,2,1,65,0.5
723,21987.988771,21986.887276,21987.415107,21987.988771,21997.158568,0,NaN,0,7.00000000000003,1,2,66,0.5
724,21998.648729,21997.643066,21998.096898,21998.648729,22248.416063,1,NaN,0,5.99999999999996,2,1,65,0.5
725,22250.017057,22249.057061,22249.440059,22249.96489,22252.170381,1,1.99999999999996,0.0200000000000003,7.00000000000003,1,2,66,0.5
726,22253.811375,22252.779379,22253.178377,22253.759042,22260.329182,0,1.99999999999996,0.0200000000000003,5.99999999999996,2,1,65,0.5
727,22262.355841,22261.760676,22261.802676,22262.355841,22267.848319,1,NaN,0,5.99999999999996,2,1,65,0.5
728,22269.785644,22268.688315,22269.21448,22269.785644,22271.963136,1,NaN,0,5.99999999999996,2,1,65,0.5
729,22277.275114,22275.743454,22276.609784,22277.222781,22283.727755,0,1.99999999999996,0.0200000000000003,5.99999999999996,2,1,65,0.5
730,22286.527411,22284.995583,22285.815413,22286.527411,22295.082543,1,NaN,0,5.99999999999996,2,1,65,0.5
731,22296.70387,22295.739707,22296.221372,22296.70387,22302.785179,1,NaN,0,5.99999999999996,2,1,65,0.5
732,22304.717338,22303.820341,22304.20484,22304.717338,22305.291502,1,NaN,0,5.99999999999996,2,1,65,0.5
733,22313.464803,22312.667306,22312.916638,22313.464803,22317.775452,0,NaN,0,7.00000000000003,1,2,66,0.5
734,22320.829273,22319.835111,22320.207109,22320.829273,22325.231756,0,NaN,0,7.00000000000003,1,2,66,0.5
735,22334.591052,22333.457056,22333.997721,22334.591052,22343.956681,1,NaN,0,5.99999999999996,2,1,65,0.5
736,22345.629174,22344.751011,22345.091176,22345.576674,22356.66413,1,1.99999999999996,0.0200000000000003,7.00000000000003,1,2,66,0.5
737,22359.30112,22358.25079,22358.729955,22359.24862,22363.023271,0,1.99999999999996,0.0200000000000003,5.99999999999996,2,1,65,0.5
738,22364.632765,22363.674602,22364.143267,22364.632765,22372.145735,1,NaN,0,5.99999999999996,2,1,65,0.5
739,22373.684895,22372.680066,22373.173397,22373.632562,22379.666538,1,1.99999999999996,0.0200000000000003,7.00000000000003,1,2,66,0.5
740,22381.395865,22380.431035,22380.834533,22381.343698,22384.612352,0,1.99999999999996,0.0200000000000003,5.99999999999996,2,1,65,0.5
741,22386.122512,22385.327182,22385.630681,22386.122512,22394.222813,1,NaN,0,5.99999999999996,2,1,65,0.5
742,22395.836473,22394.91631,22395.279309,22395.783974,22398.502129,1,1.99999999999996,0.0200000000000003,7.00000000000003,1,2,66,0.5
743,22400.100123,22399.134794,22399.521125,22400.047623,22407.718759,0,1.99999999999996,0.0200000000000003,5.99999999999996,2,1,65,0.5
744,22409.133254,22408.443923,22408.682255,22409.133254,22415.894393,1,NaN,0,5.99999999999996,2,1,65,0.5
745,22417.657053,22416.745056,22417.119722,22417.657053,22426.393518,1,NaN,0,5.99999999999996,2,1,65,0.5
746,22428.594509,22427.623846,22428.006678,22428.594509,22440.475462,1,NaN,0,5.99999999999996,2,1,65,0.5
747,22442.085788,22441.065626,22441.509624,22442.085788,22447.860265,1,NaN,0,5.99999999999996,2,1,65,0.5
748,22451.128419,22449.95709,22450.339755,22451.126252,22458.081724,1,1.99999999999996,0.0200000000000003,7.00000000000003,1,2,66,0.5
749,22459.494385,22458.656055,22458.961388,22459.494385,22466.816023,0,NaN,0,7.00000000000003,1,2,66,0.5
750,22468.46535,22467.50152,22467.876019,22468.46535,22468.714182,0,NaN,0,7.00000000000003,1,2,66,0.5
751,22477.377314,22475.96282,22476.70965,22477.377314,22606.018633,1,NaN,0,5.99999999999996,2,1,65,0.5
752,22609.15612,22608.041958,22608.311957,22609.15612,22617.317254,0,NaN,0,7.00000000000003,1,2,66,0.5
753,22619.332913,22618.267584,22618.639416,22619.280413,22624.22306,1,1.99999999999996,0.0200000000000003,7.00000000000003,1,2,66,0.5
754,22626.254552,22625.056723,22625.500221,22626.254552,22632.588193,0,NaN,0,7.00000000000003,1,2,66,0.5
755,22634.247353,22633.282857,22633.619522,22634.19502,22640.587494,1,1.99999999999996,0.0200000000000003,7.00000000000003,1,2,66,0.5
756,22643.173151,22641.968656,22642.264988,22643.173151,22647.794799,0,NaN,0,7.00000000000003,1,2,66,0.5
757,22736.967109,22736.045946,22736.356445,22736.967109,24623.116064,1,NaN,0,5.99999999999996,2,1,65,0.5
758,24626.854383,24625.688221,24626.191719,24626.801883,24648.973461,0,1.99999999999996,0.0200000000000003,5.99999999999996,2,1,65,0.5
759,24650.739454,24649.692125,24650.080456,24650.687121,24652.807779,0,1.99999999999996,0.0200000000000003,5.99999999999996,2,1,65,0.5
760,24655.8056,24654.894604,24655.046937,24655.8056,24656.147432,1,NaN,0,5.99999999999996,2,1,65,0.5
761,24712.681539,24711.899376,24712.123708,24712.629206,24713.604369,1,1.99999999999996,0.0200000000000003,7.00000000000003,1,2,66,0.5
762,24728.840975,24727.966978,24728.28981,24728.788808,24730.890966,1,1.99999999999996,0.0200000000000003,7.00000000000003,1,2,66,0.5
763,24734.252286,24733.24479,24733.657789,24734.199787,24748.874395,0,1.99999999999996,0.0200000000000003,5.99999999999996,2,1,65,0.5
764,24750.393555,24749.600558,24749.877224,24750.341222,24753.136211,1,1.99999999999996,0.0200000000000003,7.00000000000003,1,2,66,0.5
765,24754.788871,24753.877541,24754.247373,24754.736538,24757.191861,0,1.99999999999996,0.0200000000000003,5.99999999999996,2,1,65,0.5
766,24758.711522,24757.861025,24758.129358,24758.711522,24762.810172,1,NaN,0,5.99999999999996,2,1,65,0.5
767,24772.806965,24772.094802,24772.267968,24772.806965,24796.292872,1,NaN,0,5.99999999999996,2,1,65,0.5
768,24799.479192,24798.487363,24798.798695,24799.426859,24804.362506,0,1.99999999999996,0.0200000000000003,5.99999999999996,2,1,65,0.5
769,24806.207665,24805.317835,24805.704334,24806.155165,24807.995658,1,1.99999999999996,0.0200000000000003,7.00000000000003,1,2,66,0.5
770,24809.852484,24808.779488,24809.270153,24809.800151,24821.729103,0,1.99999999999996,0.0200000000000003,5.99999999999996,2,1,65,0.5
771,24823.453596,24822.690766,24822.974931,24823.453596,24823.632096,1,NaN,0,5.99999999999996,2,1,65,0.5
772,24832.657559,24831.884896,24832.145895,24832.657559,24832.880392,0,NaN,0,7.00000000000003,1,2,66,0.5
773,25098.540663,25097.606833,25097.981498,25098.540663,25102.498147,1,NaN,0,5.99999999999996,2,1,65,0.5
774,25203.556742,25201.55925,25202.321581,25203.504409,25211.76721,0,1.99999999999996,0.0200000000000003,5.99999999999996,2,1,65,0.5
775,25213.138704,25212.348541,25212.596706,25213.138704,25218.934848,1,NaN,0,5.99999999999996,2,1,65,0.5
776,25270.940306,25270.363142,25270.463642,25270.887973,25272.257801,1,1.99999999999996,0.0200000000000003,7.00000000000003,1,2,66,0.5
777,25275.431288,25274.583958,25274.880291,25275.431288,25277.018615,0,NaN,0,7.00000000000003,1,2,66,0.5
778,25282.077762,25281.454764,25281.645097,25282.056762,25286.69391,1,1.99999999999996,0.0200000000000003,7.00000000000003,1,2,66,0.5
779,25288.27857,25287.305907,25287.732572,25288.22607,25293.098718,0,1.99999999999996,0.0200000000000003,5.99999999999996,2,1,65,0.5
780,25295.623041,25294.722711,25295.116876,25295.623041,25295.771874,1,NaN,0,5.99999999999996,2,1,65,0.5
781,25303.215344,25302.396514,25302.750846,25303.215344,25306.376331,0,NaN,0,7.00000000000003,1,2,66,0.5
782,25313.239137,25312.419807,25312.730972,25313.186804,25316.268625,0,1.99999999999996,0.0200000000000003,5.99999999999996,2,1,65,0.5
783,25317.615453,25316.74379,25317.167955,25317.615453,25325.347922,1,NaN,0,5.99999999999996,2,1,65,0.5
784,25327.400914,25326.580084,25326.889749,25327.348747,25330.8874,0,1.99999999999996,0.0200000000000003,5.99999999999996,2,1,65,0.5
785,25332.076395,25331.453564,25331.639563,25332.066395,25334.494552,1,1.99999999999996,0.0200000000000003,7.00000000000003,1,2,66,0.5
786,25336.135879,25335.112716,25335.600214,25336.083379,25344.595845,0,1.99999999999996,0.0200000000000003,5.99999999999996,2,1,65,0.5
787,25346.038173,25345.340842,25345.593841,25346.038173,25350.303656,1,NaN,0,5.99999999999996,2,1,65,0.5
788,25353.657809,25352.752312,25353.196144,25353.657809,25356.736963,1,NaN,0,5.99999999999996,2,1,65,0.5
789,25363.284437,25362.430607,25362.734272,25363.232104,25371.77057,0,1.99999999999996,0.0200000000000003,5.99999999999996,2,1,65,0.5
790,25373.168397,25372.378734,25372.649733,25373.115898,25377.811212,1,1.99999999999996,0.0200000000000003,7.00000000000003,1,2,66,0.5
791,25391.149659,25378.528876,25378.660542,NaN,25398.794462,NaN,NaN,0,5.99999999999996,2,1,65,0.5
792,25401.157619,25400.258956,25400.615121,25401.105119,25405.00277,0,1.99999999999996,0.0200000000000003,5.99999999999996,2,1,65,0.5
793,25406.525931,25405.621268,25405.839433,25406.525931,25411.562244,1,NaN,0,5.99999999999996,2,1,65,0.5
794,25416.256225,25415.659061,25415.806893,25416.256225,25421.521037,1,NaN,0,5.99999999999996,2,1,65,0.5
795,25423.889361,25423.030865,25423.404363,25423.836861,25432.54916,1,1.99999999999996,0.0200000000000003,7.00000000000003,1,2,66,0.5
796,25434.302153,25433.270657,25433.765655,25434.249653,25437.941638,0,1.99999999999996,0.0200000000000003,5.99999999999996,2,1,65,0.5
797,25439.1863,25438.553969,25438.777968,25439.1863,25443.822781,1,NaN,0,5.99999999999996,2,1,65,0.5
798,25445.850107,25445.246776,25445.431608,25445.850107,25452.841245,1,NaN,0,5.99999999999996,2,1,65,0.5
799,25455.228569,25454.501072,25454.788571,25455.228569,25461.328045,0,NaN,0,7.00000000000003,1,2,66,0.5
800,25465.949193,25465.257029,25465.518861,25465.949193,25470.10401,1,NaN,0,5.99999999999996,2,1,65,0.5
801,25473.711995,25472.787499,25473.175831,25473.659662,25480.8873,0,1.99999999999996,0.0200000000000003,5.99999999999996,2,1,65,0.5
802,25482.158128,25481.536631,25481.77263,25482.158128,25486.799776,1,NaN,0,5.99999999999996,2,1,65,0.5
803,25488.697269,25487.944438,25488.275437,25488.697269,25496.074739,1,NaN,0,5.99999999999996,2,1,65,0.5
804,25497.249901,25496.605904,25496.897736,25497.249901,25501.499051,1,NaN,0,5.99999999999996,2,1,65,0.5
805,25503.544043,25503.031045,25503.183877,25503.544043,25529.349606,1,NaN,0,5.99999999999996,2,1,65,0.5
806,25537.462407,25536.543577,25537.015575,25537.409907,25556.408998,0,1.99999999999996,0.0200000000000003,5.99999999999996,2,1,65,0.5
807,25558.169157,25557.426494,25557.768159,25558.169157,25563.999634,1,NaN,0,5.99999999999996,2,1,65,0.5
808,25566.507624,25565.761127,25566.062959,25566.455291,25570.898773,0,1.99999999999996,0.0200000000000003,5.99999999999996,2,1,65,0.5
809,25572.124602,25571.483271,25571.701603,25572.124602,25581.007066,1,NaN,0,5.99999999999996,2,1,65,0.5
810,25582.201561,25581.467398,25581.74173,25582.149061,25583.346057,0,1.99999999999996,0.0200000000000003,5.99999999999996,2,1,65,0.5
811,25584.665218,25583.934054,25584.247386,25584.665218,25589.121367,1,NaN,0,5.99999999999996,2,1,65,0.5
812,25591.793356,25591.204692,25591.373525,25591.741023,25604.121474,0,1.99999999999996,0.0200000000000003,5.99999999999996,2,1,65,0.5
813,25606.466298,25605.676801,25605.993633,25606.414131,25610.533115,1,1.99999999999996,0.0200000000000003,7.00000000000003,1,2,66,0.5
814,25611.963109,25611.146445,25611.429778,25611.910609,25617.145088,0,1.99999999999996,0.0200000000000003,5.99999999999996,2,1,65,0.5
815,25618.593082,25617.843752,25618.171251,25618.593082,25625.536388,1,NaN,0,5.99999999999996,2,1,65,0.5
816,25627.850545,25627.208881,25627.355047,25627.850545,25634.699685,0,NaN,0,7.00000000000003,1,2,66,0.5
817,25635.667847,25635.076183,25635.287516,25635.667847,25635.840847,0,NaN,0,7.00000000000003,1,2,66,0.5
818,25648.957128,25648.334463,25648.536629,25648.943794,25650.282956,0,1.99999999999996,0.0200000000000003,5.99999999999996,2,1,65,0.5
819,25651.422118,25650.83962,25651.041786,25651.422118,25655.807267,1,NaN,0,5.99999999999996,2,1,65,0.5
820,25658.720422,25657.936092,25658.146591,25658.720422,25664.093734,0,NaN,0,7.00000000000003,1,2,66,0.5
821,25665.764894,25664.895897,25665.284396,25665.764894,25673.086364,0,NaN,0,7.00000000000003,1,2,66,0.5
822,25675.635521,25674.660691,25675.148023,25675.583021,25679.368506,1,1.99999999999996,0.0200000000000003,7.00000000000003,1,2,66,0.5
823,25681.049999,25680.140669,25680.567668,25680.997666,25683.148824,0,1.99999999999996,0.0200000000000003,5.99999999999996,2,1,65,0.5
824,25684.539319,25683.888988,25684.096154,25684.539319,25687.816305,1,NaN,0,5.99999999999996,2,1,65,0.5
825,25692.253788,25691.579124,25691.72579,25692.201455,25694.536779,0,1.99999999999996,0.0200000000000003,5.99999999999996,2,1,65,0.5
826,25695.615441,25694.99261,25695.188276,25695.593274,25696.653603,1,1.99999999999996,0.0200000000000003,7.00000000000003,1,2,66,0.5
827,25698.079431,25697.103935,25697.586266,25698.027098,25708.946721,0,1.99999999999996,0.0200000000000003,5.99999999999996,2,1,65,0.5
828,25710.437715,25709.724718,25709.990883,25710.437715,25874.441559,1,NaN,0,5.99999999999996,2,1,65,0.5
829,25879.631372,25878.849708,25879.12054,25879.578872,25881.581864,1,1.99999999999996,0.0200000000000003,7.00000000000003,1,2,66,0.5
830,25883.136524,25882.228694,25882.54586,25883.084191,25888.41867,0,1.99999999999996,0.0200000000000003,5.99999999999996,2,1,65,0.5
831,25890.418328,25889.169333,25889.486332,25890.418328,25891.154159,1,NaN,0,5.99999999999996,2,1,65,0.5
832,25897.5248,25896.515804,25896.902469,25897.5248,25959.698885,0,NaN,0,7.00000000000003,1,2,66,0.5
833,25961.144212,25960.296382,25960.574714,25961.144212,25961.965542,0,NaN,0,7.00000000000003,1,2,66,0.5
834,25968.374017,25967.43602,25967.830519,25968.32185,25977.558646,0,1.99999999999996,0.0200000000000003,5.99999999999996,2,1,65,0.5
835,25980.104136,25978.962141,25979.543805,25980.051803,25982.092795,1,1.99999999999996,0.0200000000000003,7.00000000000003,1,2,66,0.5
836,25985.696281,25984.88745,25985.139616,25985.696281,25985.868113,0,NaN,0,7.00000000000003,1,2,66,0.5
837,25992.239088,25991.66609,25991.816923,25992.186921,25997.464567,1,1.99999999999996,0.0200000000000003,7.00000000000003,1,2,66,0.5
838,25999.299393,25998.401563,25998.741562,25999.246893,26003.213544,0,1.99999999999996,0.0200000000000003,5.99999999999996,2,1,65,0.5
839,26004.556205,26003.783208,26004.025374,26004.503705,26006.76553,1,1.99999999999996,0.0200000000000003,7.00000000000003,1,2,66,0.5
840,26008.386356,26007.386694,26007.868192,26008.386356,26008.582189,0,NaN,0,7.00000000000003,1,2,66,0.5
841,26015.130663,26014.507999,26014.682165,26015.11183,26020.134476,1,1.99999999999996,0.0200000000000003,7.00000000000003,1,2,66,0.5
842,26021.779136,26020.83564,26021.189639,26021.726636,26023.746795,0,1.99999999999996,0.0200000000000003,5.99999999999996,2,1,65,0.5
843,26025.122456,26024.291293,26024.599125,26025.070123,26029.682938,1,1.99999999999996,0.0200000000000003,7.00000000000003,1,2,66,0.5
844,26033.394256,26032.758259,26032.937425,26033.341923,26038.24007,1,1.99999999999996,0.0200000000000003,7.00000000000003,1,2,66,0.5
845,26040.094063,26039.1569,26039.550232,26040.041563,26045.754207,0,1.99999999999996,0.0200000000000003,5.99999999999996,2,1,65,0.5
846,26047.088702,26046.374538,26046.65287,26047.088702,26053.399343,1,NaN,0,5.99999999999996,2,1,65,0.5
847,26055.522168,26054.588672,26055.028003,26055.522168,26072.359767,0,NaN,0,7.00000000000003,1,2,66,0.5
848,26073.689429,26072.894765,26073.196264,26073.636929,26077.324581,0,1.99999999999996,0.0200000000000003,5.99999999999996,2,1,65,0.5
849,26078.517076,26077.826912,26078.092911,26078.517076,26083.715889,1,NaN,0,5.99999999999996,2,1,65,0.5
850,26088.539536,26087.645373,26088.016205,26088.487203,26092.033689,0,1.99999999999996,0.0200000000000003,5.99999999999996,2,1,65,0.5
851,26093.24035,26092.57052,26092.800352,26093.24035,26093.366683,1,NaN,0,5.99999999999996,2,1,65,0.5
852,26100.572488,26099.738324,26100.035823,26100.520155,26103.42481,1,1.99999999999996,0.0200000000000003,7.00000000000003,1,2,66,0.5
853,26104.848304,26104.027974,26104.360973,26104.795971,26110.558448,0,1.99999999999996,0.0200000000000003,5.99999999999996,2,1,65,0.5
854,26111.77761,26111.128612,26111.348111,26111.77761,26117.322254,1,NaN,0,5.99999999999996,2,1,65,0.5
855,26118.584582,26117.772419,26118.104918,26118.532249,26121.054072,0,1.99999999999996,0.0200000000000003,5.99999999999996,2,1,65,0.5
856,26122.349234,26121.56257,26121.902569,26122.296901,26125.128723,1,1.99999999999996,0.0200000000000003,7.00000000000003,1,2,66,0.5
857,26126.444051,26125.532055,26125.93572,26126.391884,26131.506864,0,1.99999999999996,0.0200000000000003,5.99999999999996,2,1,65,0.5
858,26132.792692,26132.107362,26132.297194,26132.740359,26134.358519,1,1.99999999999996,0.0200000000000003,7.00000000000003,1,2,66,0.5
859,26135.502848,26134.758684,26135.055683,26135.450515,26141.831656,0,1.99999999999996,0.0200000000000003,5.99999999999996,2,1,65,0.5
860,26143.095318,26142.44082,26142.62282,26143.095318,26148.765295,1,NaN,0,5.99999999999996,2,1,65,0.5
861,26150.032623,26149.248293,26149.556792,26150.032623,26178.196844,1,NaN,0,5.99999999999996,2,1,65,0.5
862,26179.347339,26178.610509,26178.879008,26179.347339,26184.917984,0,NaN,0,7.00000000000003,1,2,66,0.5
863,26189.419132,26188.773635,26188.989134,26189.419132,26196.434771,0,NaN,0,7.00000000000003,1,2,66,0.5
864,26198.900928,26198.009598,26198.40393,26198.848595,26211.165712,0,1.99999999999996,0.0200000000000003,5.99999999999996,2,1,65,0.5
865,26212.660539,26211.951876,26212.251041,26212.660539,26218.462183,1,NaN,0,5.99999999999996,2,1,65,0.5
866,26219.996677,26219.104847,26219.474012,26219.996677,26240.860927,0,NaN,0,7.00000000000003,1,2,66,0.5
867,26246.688903,26246.019073,26246.258738,26246.688903,26252.450547,0,NaN,0,7.00000000000003,1,2,66,0.5
868,26254.95737,26253.885875,26254.541705,26254.95737,26256.902862,1,NaN,0,5.99999999999996,2,1,65,0.5
869,26263.007171,26262.023675,26262.49384,26262.954838,26267.474487,0,1.99999999999996,0.0200000000000003,5.99999999999996,2,1,65,0.5
870,26268.634482,26267.953485,26268.158151,26268.582149,26270.200976,1,1.99999999999996,0.0200000000000003,7.00000000000003,1,2,66,0.5
871,26271.512137,26270.77914,26271.068806,26271.512137,26285.519915,0,NaN,0,7.00000000000003,1,2,66,0.5
872,26286.461578,26285.84658,26286.060746,26286.409078,26289.104234,1,1.99999999999996,0.0200000000000003,7.00000000000003,1,2,66,0.5
873,26290.379895,26289.556732,26289.94623,26290.379895,26297.431867,0,NaN,0,7.00000000000003,1,2,66,0.5
874,26300.08069,26299.594025,26299.762858,26300.02819,26301.851849,1,1.99999999999996,0.0200000000000003,7.00000000000003,1,2,66,0.5
875,26303.217677,26302.372514,26302.726179,26303.165344,26311.67731,0,1.99999999999996,0.0200000000000003,5.99999999999996,2,1,65,0.5
876,26312.929472,26312.306807,26312.488807,26312.897638,26314.227966,1,1.99999999999996,0.0200000000000003,7.00000000000003,1,2,66,0.5
877,26315.644627,26314.779964,26315.162129,26315.592461,26323.504596,0,1.99999999999996,0.0200000000000003,5.99999999999996,2,1,65,0.5
878,26324.785258,26324.162427,26324.364759,26324.776758,26326.808083,1,1.99999999999996,0.0200000000000003,7.00000000000003,1,2,66,0.5
879,26328.178577,26327.271414,26327.667079,26328.178577,26334.034887,0,NaN,0,7.00000000000003,1,2,66,0.5
880,26337.924372,26337.351707,26337.56854,26337.924372,26340.754694,1,NaN,0,5.99999999999996,2,1,65,0.5
881,26344.532845,26343.739348,26344.057014,26344.532845,26359.967117,1,NaN,0,5.99999999999996,2,1,65,0.5
882,26360.946446,26360.325449,26360.526781,26360.893946,26367.029922,1,1.99999999999996,0.0200000000000003,7.00000000000003,1,2,66,0.5
883,26369.444746,26367.582753,26367.955252,26369.392412,26386.56601,1,1.99999999999996,0.0200000000000003,7.00000000000003,1,2,66,0.5
884,26391.035326,26390.152663,26390.498828,26390.982826,26392.621153,0,1.99999999999996,0.0200000000000003,5.99999999999996,2,1,65,0.5
885,26393.728815,26393.141984,26393.31065,26393.728815,26399.983623,1,NaN,0,5.99999999999996,2,1,65,0.5
886,26401.718283,26400.79262,26401.208952,26401.66595,26408.849588,0,1.99999999999996,0.0200000000000003,5.99999999999996,2,1,65,0.5
887,26410.198749,26409.477085,26409.706585,26410.146416,26422.216034,1,1.99999999999996,0.0200000000000003,7.00000000000003,1,2,66,0.5
888,26424.833191,26423.046198,26423.586029,26424.780858,26436.482811,1,1.99999999999996,0.0200000000000003,7.00000000000003,1,2,66,0.5
889,26438.30047,26437.400307,26437.753639,26438.24797,26443.727615,0,1.99999999999996,0.0200000000000003,5.99999999999996,2,1,65,0.5
890,26445.051943,26444.437612,26444.620778,26445.051943,26451.960416,1,NaN,0,5.99999999999996,2,1,65,0.5
891,26454.113574,26453.232077,26453.582076,26454.06124,26461.741876,1,1.99999999999996,0.0200000000000003,7.00000000000003,1,2,66,0.5
892,26463.174871,26462.269041,26462.644873,26463.122538,26467.040522,0,1.99999999999996,0.0200000000000003,5.99999999999996,2,1,65,0.5
893,26468.241517,26467.52702,26467.799852,26468.241517,26468.910514,1,NaN,0,5.99999999999996,2,1,65,0.5
894,26478.019811,26477.378147,26477.57348,26478.019811,26715.231696,1,NaN,0,5.99999999999996,2,1,65,0.5
895,26716.80169,26715.879526,26716.195525,26716.80169,26717.056689,0,NaN,0,7.00000000000003,1,2,66,0.5
896,26725.920986,26724.92899,26725.369655,26725.868653,26727.54498,0,1.99999999999996,0.0200000000000003,5.99999999999996,2,1,65,0.5
897,26731.304465,26730.568968,26730.870467,26731.304465,26732.636626,1,NaN,0,5.99999999999996,2,1,65,0.5
898,26739.163933,26738.36477,26738.664102,26739.1116,26741.975756,0,1.99999999999996,0.0200000000000003,5.99999999999996,2,1,65,0.5
899,26743.547749,26742.863085,26743.066918,26743.495249,26746.341571,1,1.99999999999996,0.0200000000000003,7.00000000000003,1,2,66,0.5
900,26747.637399,26746.838569,26747.146235,26747.637399,26750.865387,0,NaN,0,7.00000000000003,1,2,66,0.5
901,26757.244694,26756.256865,26756.683863,26757.192361,26761.906509,0,1.99999999999996,0.0200000000000003,5.99999999999996,2,1,65,0.5
902,26763.014171,26762.39134,26762.596673,26762.991171,26766.324991,1,1.99999999999996,0.0200000000000003,7.00000000000003,1,2,66,0.5
903,26767.596986,26766.721323,26767.086322,26767.544653,26770.548808,0,1.99999999999996,0.0200000000000003,5.99999999999996,2,1,65,0.5
904,26771.636303,26771.033473,26771.197139,26771.583804,26772.823799,1,1.99999999999996,0.0200000000000003,7.00000000000003,1,2,66,0.5
905,26775.589121,26774.923957,26775.155623,26775.589121,26781.450598,0,NaN,0,7.00000000000003,1,2,66,0.5
906,26783.140091,26782.263261,26782.636259,26783.087758,26788.824235,0,1.99999999999996,0.0200000000000003,5.99999999999996,2,1,65,0.5
907,26790.00123,26789.388232,26789.592232,26789.94873,26791.826056,1,1.99999999999996,0.0200000000000003,7.00000000000003,1,2,66,0.5
908,26793.273384,26792.498053,26792.807552,26793.273384,26803.46051,0,NaN,0,7.00000000000003,1,2,66,0.5
909,26804.795004,26804.152507,26804.306839,26804.742671,26807.927992,0,1.99999999999996,0.0200000000000003,5.99999999999996,2,1,65,0.5
910,26808.961488,26808.369323,26808.532989,26808.909154,26810.692814,1,1.99999999999996,0.0200000000000003,7.00000000000003,1,2,66,0.5
911,26812.409974,26811.210312,26811.441978,26812.357474,26816.863456,1,1.99999999999996,0.0200000000000003,7.00000000000003,1,2,66,0.5
912,26818.403116,26817.49612,26817.927952,26818.350783,26820.084776,0,1.99999999999996,0.0200000000000003,5.99999999999996,2,1,65,0.5
913,26821.70327,26821.116272,26821.278772,26821.65077,26823.40943,1,1.99999999999996,0.0200000000000003,7.00000000000003,1,2,66,0.5
914,26824.710258,26823.921594,26824.226926,26824.710258,26831.509231,0,NaN,0,7.00000000000003,1,2,66,0.5
915,26832.915058,26832.090895,26832.42306,26832.862725,26837.416207,0,1.99999999999996,0.0200000000000003,5.99999999999996,2,1,65,0.5
916,26838.446536,26837.859872,26838.034871,26838.446536,26839.2767,1,NaN,0,5.99999999999996,2,1,65,0.5
917,26844.945844,26844.080347,26844.460346,26844.89351,26849.981823,0,1.99999999999996,0.0200000000000003,5.99999999999996,2,1,65,0.5
918,26851.113152,26850.460155,26850.695154,26851.113152,26857.036462,1,NaN,0,5.99999999999996,2,1,65,0.5
919,26860.136616,26859.320119,26859.646785,26860.084283,26864.501432,0,1.99999999999996,0.0200000000000003,5.99999999999996,2,1,65,0.5
920,26865.645761,26865.02293,26865.237929,26865.601594,26867.720419,1,1.99999999999996,0.0200000000000003,7.00000000000003,1,2,66,0.5
921,26869.151747,26868.27875,26868.641749,26869.099247,26871.921569,0,1.99999999999996,0.0200000000000003,5.99999999999996,2,1,65,0.5
922,26873.45173,26872.602566,26872.954065,26873.399396,26876.880383,0,1.99999999999996,0.0200000000000003,5.99999999999996,2,1,65,0.5
923,26878.007545,26877.38488,26877.593546,26877.978378,26880.345202,1,1.99999999999996,0.0200000000000003,7.00000000000003,1,2,66,0.5
924,26882.205861,26881.410364,26881.70653,26882.205861,26889.996497,0,NaN,0,7.00000000000003,1,2,66,0.5
925,26892.064655,26891.279992,26891.457491,26892.012322,26906.053932,1,1.99999999999996,0.0200000000000003,7.00000000000003,1,2,66,0.5
926,26907.466427,26906.654097,26906.991763,26907.466427,26912.788406,0,NaN,0,7.00000000000003,1,2,66,0.5
927,26915.77956,26914.2109,26914.649231,26915.727227,26924.358859,1,1.99999999999996,0.0200000000000003,7.00000000000003,1,2,66,0.5
928,26925.916686,26924.995857,26925.370522,26925.864187,26929.465839,0,1.99999999999996,0.0200000000000003,5.99999999999996,2,1,65,0.5
929,26930.594668,26930.01067,26930.191669,26930.594668,26936.646477,1,NaN,0,5.99999999999996,2,1,65,0.5
930,26938.936801,26937.207475,26937.826472,26938.884301,26941.980455,1,1.99999999999996,0.0200000000000003,7.00000000000003,1,2,66,0.5
931,26944.13428,26942.650119,26943.210784,26944.081781,26950.414422,1,1.99999999999996,0.0200000000000003,7.00000000000003,1,2,66,0.5
932,26952.011749,26951.135919,26951.522084,26951.959249,26958.426056,0,1.99999999999996,0.0200000000000003,5.99999999999996,2,1,65,0.5
933,26959.704051,26959.049887,26959.241886,26959.704051,26967.47302,1,NaN,0,5.99999999999996,2,1,65,0.5
934,26970.017677,26969.085514,26969.502512,26969.965344,26972.373334,0,1.99999999999996,0.0200000000000003,5.99999999999996,2,1,65,0.5
935,26973.541163,26972.864832,26973.140997,26973.541163,26977.885478,1,NaN,0,5.99999999999996,2,1,65,0.5
936,26982.068628,26981.200299,26981.612964,26982.016129,26985.700781,0,1.99999999999996,0.0200000000000003,5.99999999999996,2,1,65,0.5
937,26986.862276,26986.239612,26986.414778,26986.814109,26988.761102,1,1.99999999999996,0.0200000000000003,7.00000000000003,1,2,66,0.5
938,26990.801093,26989.866597,26990.029097,26990.748594,26994.138913,1,1.99999999999996,0.0200000000000003,7.00000000000003,1,2,66,0.5
939,26995.854407,26994.976077,26995.360242,26995.801907,26999.491059,0,1.99999999999996,0.0200000000000003,5.99999999999996,2,1,65,0.5
940,27000.532888,26999.94639,27000.149056,27000.532888,27006.183865,1,NaN,0,5.99999999999996,2,1,65,0.5
941,27007.289694,27006.761363,27006.930362,27007.289694,27014.527999,1,NaN,0,5.99999999999996,2,1,65,0.5
942,27020.581308,27019.647311,27020.117143,27020.581308,27024.812457,1,NaN,0,5.99999999999996,2,1,65,0.5
943,27027.43728,27026.650117,27027.028282,27027.43728,27030.706101,1,NaN,0,5.99999999999996,2,1,65,0.5
944,27036.753243,27036.064412,27036.364411,27036.753243,27041.053226,1,NaN,0,5.99999999999996,2,1,65,0.5
945,27044.751378,27044.024381,27044.286213,27044.698878,27049.428692,0,1.99999999999996,0.0200000000000003,5.99999999999996,2,1,65,0.5
946,27050.482855,27049.895357,27050.08519,27050.482855,27055.218502,1,NaN,0,5.99999999999996,2,1,65,0.5
947,27058.101658,27057.507493,27057.712326,27058.049158,27059.407986,0,1.99999999999996,0.0200000000000003,5.99999999999996,2,1,65,0.5
948,27060.712814,27059.971817,27060.324815,27060.712814,27068.582282,1,NaN,0,5.99999999999996,2,1,65,0.5
949,27069.832277,27069.085947,27069.403112,27069.832277,27070.013777,0,NaN,0,7.00000000000003,1,2,66,0.5
950,27076.74225,27075.705754,27076.211419,27076.689917,27078.274577,0,1.99999999999996,0.0200000000000003,5.99999999999996,2,1,65,0.5
951,27079.406406,27078.729742,27078.977241,27079.353906,27081.64473,1,1.99999999999996,0.0200000000000003,7.00000000000003,1,2,66,0.5
952,27082.965225,27082.143228,27082.46756,27082.912725,27088.048371,0,1.99999999999996,0.0200000000000003,5.99999999999996,2,1,65,0.5
953,27089.1847,27088.561869,27088.736368,27089.136533,27090.277362,1,1.99999999999996,0.0200000000000003,7.00000000000003,1,2,66,0.5
954,27091.561857,27090.777194,27091.070026,27091.509691,27096.401671,0,1.99999999999996,0.0200000000000003,5.99999999999996,2,1,65,0.5
955,27097.357001,27096.825169,27097.008669,27097.357001,27105.529968,1,NaN,0,5.99999999999996,2,1,65,0.5
956,27109.372286,27108.872288,27109.031287,27109.319786,27112.330107,1,1.99999999999996,0.0200000000000003,7.00000000000003,1,2,66,0.5
957,27113.533936,27112.729439,27113.048271,27113.481603,27115.066596,0,1.99999999999996,0.0200000000000003,5.99999999999996,2,1,65,0.5
958,27116.066092,27115.522428,27115.700094,27116.066092,27120.74674,1,NaN,0,5.99999999999996,2,1,65,0.5
959,27122.6109,27122.030235,27122.228568,27122.6109,27128.430876,1,NaN,0,5.99999999999996,2,1,65,0.5
960,27132.954858,27132.221194,27132.47736,27132.902358,27143.188817,0,1.99999999999996,0.0200000000000003,5.99999999999996,2,1,65,0.5
961,27144.424312,27143.848981,27144.036147,27144.424312,27152.377614,1,NaN,0,5.99999999999996,2,1,65,0.5
962,27153.705109,27152.921445,27153.216444,27153.652942,27155.607101,0,1.99999999999996,0.0200000000000003,5.99999999999996,2,1,65,0.5
963,27156.735763,27156.167932,27156.380931,27156.735763,27177.758846,1,NaN,0,5.99999999999996,2,1,65,0.5
964,27178.921841,27178.211844,27178.480843,27178.869341,27180.018337,0,1.99999999999996,0.0200000000000003,5.99999999999996,2,1,65,0.5
965,27181.126666,27180.463335,27180.7435,27181.126666,27190.129963,1,NaN,0,5.99999999999996,2,1,65,0.5
966,27192.927452,27192.191121,27192.470787,27192.874952,27201.631417,0,1.99999999999996,0.0200000000000003,5.99999999999996,2,1,65,0.5
967,27202.916412,27202.331581,27202.51508,27202.916412,27209.215386,1,NaN,0,5.99999999999996,2,1,65,0.5
968,27211.306545,27210.473881,27210.825213,27211.306545,27212.072708,0,NaN,0,7.00000000000003,1,2,66,0.5
969,27219.392512,27218.696015,27218.895181,27219.340179,27223.425163,0,1.99999999999996,0.0200000000000003,5.99999999999996,2,1,65,0.5
970,27224.522159,27223.930994,27224.162493,27224.522159,27228.406976,1,NaN,0,5.99999999999996,2,1,65,0.5
971,27239.472932,27238.607602,27238.949434,27239.420599,27245.456408,1,1.99999999999996,0.0200000000000003,7.00000000000003,1,2,66,0.5
972,27246.785403,27245.941073,27246.305905,27246.73307,27247.3824,0,1.99999999999996,0.0200000000000003,5.99999999999996,2,1,65,0.5
973,27248.667062,27247.916232,27248.265064,27248.667062,27254.431706,1,NaN,0,5.99999999999996,2,1,65,0.5
974,27257.003195,27256.320865,27256.584864,27257.003195,27263.968001,0,NaN,0,7.00000000000003,1,2,66,0.5
975,27266.697823,27265.902826,27266.224158,27266.645657,27272.470467,0,1.99999999999996,0.0200000000000003,5.99999999999996,2,1,65,0.5
976,27273.809295,27273.081131,27273.41363,27273.756795,27278.063111,1,1.99999999999996,0.0200000000000003,7.00000000000003,1,2,66,0.5
977,27279.387939,27278.597109,27278.892941,27279.335606,27280.746267,0,1.99999999999996,0.0200000000000003,5.99999999999996,2,1,65,0.5
978,27281.843763,27281.220765,27281.406764,27281.797763,27282.649926,1,1.99999999999996,0.0200000000000003,7.00000000000003,1,2,66,0.5
979,27284.972917,27283.511256,27283.684922,27284.920417,27288.031238,1,1.99999999999996,0.0200000000000003,7.00000000000003,1,2,66,0.5
980,27289.530065,27288.539403,27288.738235,27289.530065,27295.75304,1,NaN,0,5.99999999999996,2,1,65,0.5
981,27296.950702,27296.346705,27296.60337,27296.950702,27306.960829,1,NaN,0,5.99999999999996,2,1,65,0.5
982,27307.897658,27307.40866,27307.54166,27307.845159,27309.158653,1,1.99999999999996,0.0200000000000003,7.00000000000003,1,2,66,0.5
983,27310.449482,27309.660985,27309.98215,27310.397148,27315.232296,0,1.99999999999996,0.0200000000000003,5.99999999999996,2,1,65,0.5
984,27316.275958,27315.666961,27315.89946,27316.275958,27320.166276,1,NaN,0,5.99999999999996,2,1,65,0.5
985,27322.915098,27322.383767,27322.5381,27322.915098,27329.664405,0,NaN,0,7.00000000000003,1,2,66,0.5
986,27332.117895,27331.056399,27331.608564,27332.065395,27333.818888,0,1.99999999999996,0.0200000000000003,5.99999999999996,2,1,65,0.5
987,27335.214549,27334.639385,27334.829384,27335.214549,27344.814344,1,NaN,0,5.99999999999996,2,1,65,0.5
988,27349.513325,27348.726162,27349.098827,27349.513325,27374.17606,0,NaN,0,7.00000000000003,1,2,66,0.5
989,27375.404222,27374.709391,27374.98539,27375.404222,27381.644697,0,NaN,0,7.00000000000003,1,2,66,0.5
990,27394.526645,27393.995814,27394.083147,27394.526645,27394.672145,1,NaN,0,5.99999999999996,2,1,65,0.5
991,27403.156777,27402.223781,27402.695613,27403.104444,27404.817604,0,1.99999999999996,0.0200000000000003,5.99999999999996,2,1,65,0.5
992,27405.823933,27405.244936,27405.418768,27405.7716,27407.829259,1,1.99999999999996,0.0200000000000003,7.00000000000003,1,2,66,0.5
993,27409.203587,27408.335923,27408.752255,27409.151087,27417.337221,0,1.99999999999996,0.0200000000000003,5.99999999999996,2,1,65,0.5
994,27418.42655,27417.849385,27418.041385,27418.42655,27418.664049,1,NaN,0,5.99999999999996,2,1,65,0.5
995,27425.144189,27424.420192,27424.739858,27425.092023,27427.137681,1,1.99999999999996,0.0200000000000003,7.00000000000003,1,2,66,0.5
996,27428.377343,27427.596346,27427.921678,27428.324843,27440.469461,0,1.99999999999996,0.0200000000000003,5.99999999999996,2,1,65,0.5
997,27441.787456,27441.226125,27441.383291,27441.787456,27637.695173,1,NaN,0,5.99999999999996,2,1,65,0.5
998,27639.461999,27638.569336,27638.720835,27639.409499,27641.129159,1,1.99999999999996,0.0200000000000003,7.00000000000003,1,2,66,0.5
999,27643.207817,27642.249654,27642.679986,27643.155484,27646.479804,0,1.99999999999996,0.0200000000000003,5.99999999999996,2,1,65,0.5
1000,27648.062631,27647.315801,27647.587966,27648.010131,27656.924596,1,1.99999999999996,0.0200000000000003,7.00000000000003,1,2,66,0.5
1001,27658.842088,27657.953092,27658.270924,27658.789755,27661.459077,0,1.99999999999996,0.0200000000000003,5.99999999999996,2,1,65,0.5
1002,27662.734239,27662.063242,27662.220408,27662.734239,27711.413544,1,NaN,0,5.99999999999996,2,1,65,0.5
1003,27712.788872,27711.926209,27712.225041,27712.788872,27720.899006,0,NaN,0,7.00000000000003,1,2,66,0.5
1004,27722.512333,27721.65467,27721.934169,27722.459833,27724.93049,0,1.99999999999996,0.0200000000000003,5.99999999999996,2,1,65,0.5
1005,27725.948153,27725.405822,27725.560821,27725.948153,27733.054124,1,NaN,0,5.99999999999996,2,1,65,0.5
1006,27735.044116,27734.165953,27734.522452,27735.044116,27735.251616,0,NaN,0,7.00000000000003,1,2,66,0.5
1007,27748.135064,27747.512233,27747.717399,27748.105898,27750.436888,1,1.99999999999996,0.0200000000000003,7.00000000000003,1,2,66,0.5
1008,27752.121215,27751.321218,27751.65955,27752.068882,27757.689526,0,1.99999999999996,0.0200000000000003,5.99999999999996,2,1,65,0.5
1009,27758.930521,27758.30069,27758.523523,27758.930521,27771.769303,1,NaN,0,5.99999999999996,2,1,65,0.5
1010,27772.849465,27772.177135,27772.405134,27772.849465,27773.035465,0,NaN,0,7.00000000000003,1,2,66,0.5
1011,27782.631426,27782.154095,27782.230094,27782.579093,27787.777739,1,1.99999999999996,0.0200000000000003,7.00000000000003,1,2,66,0.5
1012,27789.246066,27788.339403,27788.783068,27789.193733,27795.061543,0,1.99999999999996,0.0200000000000003,5.99999999999996,2,1,65,0.5
1013,27796.209705,27795.543041,27795.812373,27796.209705,27830.400402,1,NaN,0,5.99999999999996,2,1,65,0.5
1014,27831.773063,27830.865233,27831.277898,27831.72073,27860.497281,1,1.99999999999996,0.0200000000000003,7.00000000000003,1,2,66,0.5
1015,27861.459944,27860.893446,27861.089612,27861.407444,27862.571773,1,1.99999999999996,0.0200000000000003,7.00000000000003,1,2,66,0.5
1016,27877.61238,27876.436551,27876.763716,27877.560213,27888.685502,1,1.99999999999996,0.0200000000000003,7.00000000000003,1,2,66,0.5
1017,27889.994163,27889.174333,27889.526332,27889.941664,27894.825811,0,1.99999999999996,0.0200000000000003,5.99999999999996,2,1,65,0.5
1018,27896.113472,27895.454308,27895.655307,27896.113472,27903.658442,1,NaN,0,5.99999999999996,2,1,65,0.5
1019,27905.977766,27905.124936,27905.505935,27905.9256,27908.712422,0,1.99999999999996,0.0200000000000003,5.99999999999996,2,1,65,0.5
1020,27909.960417,27909.247086,27909.538085,27909.908084,27912.084575,1,1.99999999999996,0.0200000000000003,7.00000000000003,1,2,66,0.5
1021,27913.792236,27913.046738,27913.343403,27913.739902,27921.055039,0,1.99999999999996,0.0200000000000003,5.99999999999996,2,1,65,0.5
1022,27922.179701,27921.671037,27921.814536,27922.179701,27928.115511,1,NaN,0,5.99999999999996,2,1,65,0.5
1023,27929.081507,27928.499009,27928.693675,27929.081507,27931.638163,0,NaN,0,7.00000000000003,1,2,66,0.5
1024,27940.233129,27939.424132,27939.797631,27940.180629,27952.931078,0,1.99999999999996,0.0200000000000003,5.99999999999996,2,1,65,0.5
1025,27953.904908,27953.415076,27953.546409,27953.904908,27958.881221,1,NaN,0,5.99999999999996,2,1,65,0.5
1026,27960.72988,27959.861884,27960.287549,27960.677381,27966.075026,0,1.99999999999996,0.0200000000000003,5.99999999999996,2,1,65,0.5
1027,27967.289021,27966.61569,27966.833856,27967.289021,27974.629825,1,NaN,0,5.99999999999996,2,1,65,0.5
1028,27977.545813,27976.64065,27977.087148,27977.493313,27984.10112,0,1.99999999999996,0.0200000000000003,5.99999999999996,2,1,65,0.5
1029,27985.782451,27984.637618,27985.352115,27985.782451,27991.554257,1,NaN,0,5.99999999999996,2,1,65,0.5
1030,27994.413246,27993.632415,27993.992081,27994.413246,27997.749232,0,NaN,0,7.00000000000003,1,2,66,0.5
1031,28000.897386,28000.174056,28000.489721,28000.897386,28005.884033,0,NaN,0,7.00000000000003,1,2,66,0.5
1032,28007.972025,28007.299361,28007.56336,28007.919692,28021.819469,1,1.99999999999996,0.0200000000000003,7.00000000000003,1,2,66,0.5
1033,28023.916794,28022.503133,28022.966131,28023.864295,28055.192503,1,1.99999999999996,0.0200000000000003,7.00000000000003,1,2,66,0.5
1034,28056.77833,28055.894,28056.243665,28056.725996,28063.635635,0,1.99999999999996,0.0200000000000003,5.99999999999996,2,1,65,0.5
1035,28065.048796,28064.309133,28064.563632,28064.996463,28074.373426,1,1.99999999999996,0.0200000000000003,7.00000000000003,1,2,66,0.5
1036,28076.400084,28075.164589,28075.480588,28076.347585,28080.838733,1,1.99999999999996,0.0200000000000003,7.00000000000003,1,2,66,0.5
1037,28083.044391,28082.228894,28082.532727,28082.992058,28086.76171,0,1.99999999999996,0.0200000000000003,5.99999999999996,2,1,65,0.5
1038,28087.932705,28087.309874,28087.491373,28087.911205,28091.752523,1,1.99999999999996,0.0200000000000003,7.00000000000003,1,2,66,0.5
1039,28093.587516,28092.705853,28093.032351,28093.535016,28094.98951,0,1.99999999999996,0.0200000000000003,5.99999999999996,2,1,65,0.5
1040,28096.074006,28095.472508,28095.620674,28096.021506,28098.230664,1,1.99999999999996,0.0200000000000003,7.00000000000003,1,2,66,0.5
1041,28100.030823,28098.726662,28099.132327,28099.97849,28105.9358,1,1.99999999999996,0.0200000000000003,7.00000000000003,1,2,66,0.5
1042,28109.896284,28109.030787,28109.341286,28109.843784,28118.358083,0,1.99999999999996,0.0200000000000003,5.99999999999996,2,1,65,0.5
1043,28119.611078,28118.987914,28119.19758,28119.611078,28126.222552,1,NaN,0,5.99999999999996,2,1,65,0.5
1044,28129.054707,28128.001545,28128.037045,28129.002374,28131.825696,1,1.99999999999996,0.0200000000000003,7.00000000000003,1,2,66,0.5
1045,28133.245524,28132.329861,28132.777359,28133.193191,28136.026179,0,1.99999999999996,0.0200000000000003,5.99999999999996,2,1,65,0.5
1046,28137.068175,28136.500011,28136.66901,28137.068175,28167.56272,1,NaN,0,5.99999999999996,2,1,65,0.5
1047,28168.952214,28168.121718,28168.41405,28168.899881,28169.426212,0,1.99999999999996,0.0200000000000003,5.99999999999996,2,1,65,0.5
1048,28170.854707,28169.993377,28170.247876,28170.80254,28172.686533,1,1.99999999999996,0.0200000000000003,7.00000000000003,1,2,66,0.5
1049,28174.553858,28173.821861,28174.057694,28174.501525,28178.701842,0,1.99999999999996,0.0200000000000003,5.99999999999996,2,1,65,0.5
1050,28179.836337,28179.213506,28179.394672,28179.806504,28181.123499,1,1.99999999999996,0.0200000000000003,7.00000000000003,1,2,66,0.5
1051,28182.810825,28182.062828,28182.271661,28182.758326,28185.623148,0,1.99999999999996,0.0200000000000003,5.99999999999996,2,1,65,0.5
1052,28186.683643,28186.113646,28186.277478,28186.631143,28191.361958,1,1.99999999999996,0.0200000000000003,7.00000000000003,1,2,66,0.5
1053,28192.953285,28191.986789,28192.216621,28192.900785,28198.748928,1,1.99999999999996,0.0200000000000003,7.00000000000003,1,2,66,0.5
1054,28200.438588,28199.552092,28199.872757,28200.386255,28201.998082,0,1.99999999999996,0.0200000000000003,5.99999999999996,2,1,65,0.5
1055,28203.051744,28202.46558,28202.603246,28203.051744,28210.269716,1,NaN,0,5.99999999999996,2,1,65,0.5
1056,28213.242704,28211.292545,28211.932042,28213.190371,28216.555357,1,1.99999999999996,0.0200000000000003,7.00000000000003,1,2,66,0.5
1057,28218.029185,28217.183688,28217.44102,28217.976685,28225.636821,1,1.99999999999996,0.0200000000000003,7.00000000000003,1,2,66,0.5
1058,28226.926982,28226.133652,28226.275985,28226.926982,28231.76713,1,NaN,0,5.99999999999996,2,1,65,0.5
1059,28233.559456,28232.674626,28233.018458,28233.507123,28234.088454,0,1.99999999999996,0.0200000000000003,5.99999999999996,2,1,65,0.5
1060,28235.329615,28234.723284,28234.89745,28235.277116,28246.72557,1,1.99999999999996,0.0200000000000003,7.00000000000003,1,2,66,0.5
1061,28250.277889,28249.703391,28249.770891,28250.225556,28260.250516,1,1.99999999999996,0.0200000000000003,7.00000000000003,1,2,66,0.5
1062,28262.311341,28261.522677,28261.74701,28262.259008,28264.214833,0,1.99999999999996,0.0200000000000003,5.99999999999996,2,1,65,0.5
1063,28265.188329,28264.721498,28264.804997,28265.188329,28270.521308,1,NaN,0,5.99999999999996,2,1,65,0.5
1064,28271.922136,28271.088472,28271.446138,28271.922136,28276.65795,0,NaN,0,7.00000000000003,1,2,66,0.5
1065,28279.285606,28277.928445,28278.296443,28279.233106,28287.311907,1,1.99999999999996,0.0200000000000003,7.00000000000003,1,2,66,0.5
1066,28288.897401,28288.196904,28288.32907,28288.845068,28294.922544,1,1.99999999999996,0.0200000000000003,7.00000000000003,1,2,66,0.5
1067,28296.377538,28295.533875,28295.76554,28296.325205,28303.112178,1,1.99999999999996,0.0200000000000003,7.00000000000003,1,2,66,0.5
1068,28304.834671,28304.116507,28304.26684,28304.782171,28306.797996,1,1.99999999999996,0.0200000000000003,7.00000000000003,1,2,66,0.5
1069,28308.536656,28307.725659,28307.997825,28308.484489,28329.683071,0,1.99999999999996,0.0200000000000003,5.99999999999996,2,1,65,0.5
1070,28331.386231,28330.660067,28330.9309,28331.386231,28337.54054,1,NaN,0,5.99999999999996,2,1,65,0.5
1071,28341.895856,28341.107192,28341.220692,28341.843523,28345.956839,1,1.99999999999996,0.0200000000000003,7.00000000000003,1,2,66,0.5
1072,28347.396834,28346.689337,28346.811169,28347.344501,28351.797316,1,1.99999999999996,0.0200000000000003,7.00000000000003,1,2,66,0.5
1073,28353.562976,28352.635979,28353.023645,28353.510643,28356.571964,0,1.99999999999996,0.0200000000000003,5.99999999999996,2,1,65,0.5
1074,28357.561626,28357.007962,28357.191628,28357.561626,28357.708626,1,NaN,0,5.99999999999996,2,1,65,0.5
1075,28374.076894,28373.130064,28373.560062,28374.076894,28377.489713,1,NaN,0,5.99999999999996,2,1,65,0.5
1076,28381.125199,28380.130536,28380.590034,28381.072699,28393.000151,0,1.99999999999996,0.0200000000000003,5.99999999999996,2,1,65,0.5
1077,28394.227146,28393.630649,28393.818981,28394.227146,28400.628121,1,NaN,0,5.99999999999996,2,1,65,0.5
1078,28403.592942,28401.926782,28402.352947,28403.590776,28405.477101,1,1.99999999999996,0.0200000000000003,7.00000000000003,1,2,66,0.5
1079,28406.684763,28405.9476,28406.101599,28406.684763,28411.538577,1,NaN,0,5.99999999999996,2,1,65,0.5
1080,28414.2124,28413.42457,28413.708902,28414.1599,28415.146396,0,1.99999999999996,0.0200000000000003,5.99999999999996,2,1,65,0.5
1081,28416.426391,28415.689394,28415.984226,28416.426391,28416.537057,1,NaN,0,5.99999999999996,2,1,65,0.5
1082,28425.029357,28423.969361,28424.262526,28425.029357,28425.215856,1,NaN,0,5.99999999999996,2,1,65,0.5
1083,28434.083487,28433.537823,28433.716155,28434.083487,28434.198487,1,NaN,0,5.99999999999996,2,1,65,0.5
1084,28445.129276,28444.337279,28444.667945,28445.076776,28446.848269,0,1.99999999999996,0.0200000000000003,5.99999999999996,2,1,65,0.5
1085,28447.851765,28447.303934,28447.5051,28447.851765,28447.988598,1,NaN,0,5.99999999999996,2,1,65,0.5
1086,28454.780404,28454.306406,28454.385572,28454.780404,28454.918904,1,NaN,0,5.99999999999996,2,1,65,0.5
1087,28461.505544,28460.780214,28461.064546,28461.453044,28466.593857,0,1.99999999999996,0.0200000000000003,5.99999999999996,2,1,65,0.5
1088,28467.793352,28467.206521,28467.39252,28467.741019,28481.54213,1,1.99999999999996,0.0200000000000003,7.00000000000003,1,2,66,0.5
1089,28482.798125,28482.071295,28482.337294,28482.798125,28489.322933,0,NaN,0,7.00000000000003,1,2,66,0.5
1090,28491.794756,28490.981093,28491.338425,28491.742256,28495.401242,0,1.99999999999996,0.0200000000000003,5.99999999999996,2,1,65,0.5
1091,28496.439738,28495.928073,28496.084239,28496.439738,28501.510551,1,NaN,0,5.99999999999996,2,1,65,0.5
1092,28503.780375,28503.235377,28503.380876,28503.728042,28513.244337,1,1.99999999999996,0.0200000000000003,7.00000000000003,1,2,66,0.5
1093,28515.231496,28514.442499,28514.757331,28515.178996,28519.09748,0,1.99999999999996,0.0200000000000003,5.99999999999996,2,1,65,0.5
1094,28520.160643,28519.645645,28519.788644,28520.160643,28523.747295,1,NaN,0,5.99999999999996,2,1,65,0.5
1095,28530.402268,28529.745438,28530.01977,28530.402268,28533.153091,0,NaN,0,7.00000000000003,1,2,66,0.5
1096,28542.334887,28541.416224,28541.79139,28542.282388,28546.051872,0,1.99999999999996,0.0200000000000003,5.99999999999996,2,1,65,0.5
1097,28547.276534,28546.66187,28546.870703,28547.224201,28552.451847,1,1.99999999999996,0.0200000000000003,7.00000000000003,1,2,66,0.5
1098,28554.392672,28553.795008,28553.860341,28554.392672,28560.72648,0,NaN,0,7.00000000000003,1,2,66,0.5
1099,28562.630306,28562.133308,28562.246641,28562.577806,28566.992789,1,1.99999999999996,0.0200000000000003,7.00000000000003,1,2,66,0.5
1100,28568.381616,28567.499453,28567.898785,28568.329117,28568.829448,0,1.99999999999996,0.0200000000000003,5.99999999999996,2,1,65,0.5
1101,28569.907777,28569.315446,28569.482779,28569.855277,28574.306593,1,1.99999999999996,0.0200000000000003,7.00000000000003,1,2,66,0.5
1102,28575.646254,28574.820924,28575.059256,28575.593921,28579.298906,1,1.99999999999996,0.0200000000000003,7.00000000000003,1,2,66,0.5
1103,28580.557568,28579.945737,28580.049236,28580.557568,28585.381882,1,NaN,0,5.99999999999996,2,1,65,0.5
1104,28587.55154,28586.787876,28587.099708,28587.499207,28589.554032,0,1.99999999999996,0.0200000000000003,5.99999999999996,2,1,65,0.5
1105,28593.212017,28592.255354,28592.44652,28593.159517,28594.671511,1,1.99999999999996,0.0200000000000003,7.00000000000003,1,2,66,0.5
1106,28596.293671,28595.419508,28595.86334,28596.241338,28599.586325,0,1.99999999999996,0.0200000000000003,5.99999999999996,2,1,65,0.5
1107,28600.638487,28600.067656,28600.303989,28600.638487,28617.141921,1,NaN,0,5.99999999999996,2,1,65,0.5
1108,28619.528412,28618.717748,28619.115247,28619.476079,28637.119008,0,1.99999999999996,0.0200000000000003,5.99999999999996,2,1,65,0.5
1109,28640.606828,28639.767331,28640.132163,28640.554328,28641.911322,1,1.99999999999996,0.0200000000000003,7.00000000000003,1,2,66,0.5
1110,28643.855981,28643.158151,28643.35865,28643.803481,28654.780938,0,1.99999999999996,0.0200000000000003,5.99999999999996,2,1,65,0.5
1111,28656.086599,28655.463768,28655.631101,28656.059099,28661.029913,1,1.99999999999996,0.0200000000000003,7.00000000000003,1,2,66,0.5
1112,28662.781572,28661.75041,28662.163075,28662.729072,28670.680707,0,1.99999999999996,0.0200000000000003,5.99999999999996,2,1,65,0.5
1113,28671.970535,28671.413871,28671.57037,28671.970535,28683.934654,1,NaN,0,5.99999999999996,2,1,65,0.5
1114,28685.316482,28684.388152,28684.770651,28685.263982,28690.928793,0,1.99999999999996,0.0200000000000003,5.99999999999996,2,1,65,0.5
1115,28691.968289,28691.405791,28691.597957,28691.968289,28694.524612,1,NaN,0,5.99999999999996,2,1,65,0.5
1116,28749.534892,28748.840228,28749.023061,28749.482392,28750.448555,1,1.99999999999996,0.0200000000000003,7.00000000000003,1,2,66,0.5
1117,28752.562713,28751.488217,28751.898049,28752.51038,28754.576705,1,1.99999999999996,0.0200000000000003,7.00000000000003,1,2,66,0.5
1118,28756.169699,28755.237869,28755.646367,28756.117366,28757.377694,0,1.99999999999996,0.0200000000000003,5.99999999999996,2,1,65,0.5
1119,28758.534023,28757.948858,28758.133191,28758.534023,28758.674022,1,NaN,0,5.99999999999996,2,1,65,0.5
1120,28766.257992,28765.78766,28765.91616,28766.257992,28766.386991,1,NaN,0,5.99999999999996,2,1,65,0.5
1121,28772.646299,28772.192968,28772.301634,28772.646299,28777.352614,1,NaN,0,5.99999999999996,2,1,65,0.5
1122,28780.580434,28779.816771,28780.108103,28780.528101,28782.917092,0,1.99999999999996,0.0200000000000003,5.99999999999996,2,1,65,0.5
1123,28783.861921,28783.345423,28783.505756,28783.861921,28787.056242,1,NaN,0,5.99999999999996,2,1,65,0.5
1124,28795.631041,28795.056043,28795.212542,28795.578541,28796.934202,1,1.99999999999996,0.0200000000000003,7.00000000000003,1,2,66,0.5
1125,28799.348859,28798.31253,28798.665529,28799.296526,28802.056015,1,1.99999999999996,0.0200000000000003,7.00000000000003,1,2,66,0.5
1126,28803.487509,28802.651679,28803.035678,28803.43501,28809.943317,0,1.99999999999996,0.0200000000000003,5.99999999999996,2,1,65,0.5
1127,28811.022146,28810.430648,28810.594814,28810.969646,28813.821801,1,1.99999999999996,0.0200000000000003,7.00000000000003,1,2,66,0.5
1128,28815.363962,28814.603298,28814.908464,28815.311629,28817.550453,0,1.99999999999996,0.0200000000000003,5.99999999999996,2,1,65,0.5
1129,28818.658782,28818.057618,28818.292117,28818.658782,28822.065602,1,NaN,0,5.99999999999996,2,1,65,0.5
1130,28831.552397,28830.9404,28831.135899,28831.499897,28832.298561,1,1.99999999999996,0.0200000000000003,7.00000000000003,1,2,66,0.5
1131,28833.855055,28833.075891,28833.41889,28833.802888,28837.567206,0,1.99999999999996,0.0200000000000003,5.99999999999996,2,1,65,0.5
1132,28838.487203,28837.962038,28838.144204,28838.487203,28841.371025,1,NaN,0,5.99999999999996,2,1,65,0.5
1133,28846.047672,28845.373175,28845.617008,28845.995339,28847.354834,0,1.99999999999996,0.0200000000000003,5.99999999999996,2,1,65,0.5
1134,28852.084815,28851.461984,28851.680817,28852.070482,28856.483631,0,1.99999999999996,0.0200000000000003,5.99999999999996,2,1,65,0.5
1135,28857.708626,28857.118128,28857.313794,28857.656126,28860.258949,1,1.99999999999996,0.0200000000000003,7.00000000000003,1,2,66,0.5
1136,28861.64061,28860.765947,28861.000946,28861.588277,28862.873438,1,1.99999999999996,0.0200000000000003,7.00000000000003,1,2,66,0.5
1137,28864.208433,28863.477603,28863.746602,28864.1561,28864.93243,0,1.99999999999996,0.0200000000000003,5.99999999999996,2,1,65,0.5
1138,28866.262925,28865.667761,28865.856927,28866.262925,28866.308925,1,NaN,0,5.99999999999996,2,1,65,0.5
1139,28873.41323,28872.706066,28872.971065,28873.360897,28875.714887,1,1.99999999999996,0.0200000000000003,7.00000000000003,1,2,66,0.5
1140,28877.019215,28876.283052,28876.56005,28876.966882,28878.609876,0,1.99999999999996,0.0200000000000003,5.99999999999996,2,1,65,0.5
1141,28879.576538,28879.046207,28879.208206,28879.576538,28879.715704,1,NaN,0,5.99999999999996,2,1,65,0.5
1142,28893.120817,28892.346154,28892.638986,28893.068318,28904.502772,0,1.99999999999996,0.0200000000000003,5.99999999999996,2,1,65,0.5
1143,28905.753767,28905.130769,28905.359435,28905.747767,28910.188749,1,1.99999999999996,0.0200000000000003,7.00000000000003,1,2,66,0.5
1144,28911.643243,28910.844747,28911.035413,28911.59091,28925.756187,1,1.99999999999996,0.0200000000000003,7.00000000000003,1,2,66,0.5
1145,29231.807296,29230.7343,29231.259965,29231.807296,29231.935629,1,NaN,0,5.99999999999996,2,1,65,0.5
1146,29269.667811,29268.780982,29269.21198,29269.615312,29272.4578,0,1.99999999999996,0.0200000000000003,5.99999999999996,2,1,65,0.5
1147,29273.895461,29273.347297,29273.45463,29273.843128,29274.235293,1,1.99999999999996,0.0200000000000003,7.00000000000003,1,2,66,0.5
1148,29276.794616,29275.998119,29276.279785,29276.742116,29284.734918,0,1.99999999999996,0.0200000000000003,5.99999999999996,2,1,65,0.5
1149,29285.858913,29285.268582,29285.352415,29285.80658,29287.43324,1,1.99999999999996,0.0200000000000003,7.00000000000003,1,2,66,0.5
1150,29288.891068,29287.936572,29288.182571,29288.838735,29290.490728,1,1.99999999999996,0.0200000000000003,7.00000000000003,1,2,66,0.5
1151,29292.47222,29291.896056,29291.966389,29292.47222,29315.166796,1,NaN,0,5.99999999999996,2,1,65,0.5
1152,29316.393791,29315.869127,29315.932793,29316.393791,29322.028102,1,NaN,0,5.99999999999996,2,1,65,0.5
1153,29326.189252,29325.122256,29325.348922,29326.136752,29328.161577,1,1.99999999999996,0.0200000000000003,7.00000000000003,1,2,66,0.5
1154,29330.963066,29330.061736,29330.428235,29330.9109,29335.806213,0,1.99999999999996,0.0200000000000003,5.99999999999996,2,1,65,0.5
1155,29336.797043,29336.324045,29336.465877,29336.797043,29343.298183,1,NaN,0,5.99999999999996,2,1,65,0.5
1156,29344.485512,29343.862681,29344.038514,29344.454512,29347.323667,1,1.99999999999996,0.0200000000000003,7.00000000000003,1,2,66,0.5
1157,29348.581996,29347.842332,29348.064831,29348.529663,29354.197807,1,1.99999999999996,0.0200000000000003,7.00000000000003,1,2,66,0.5
1158,29355.579968,29354.729471,29355.129803,29355.527468,29364.608932,0,1.99999999999996,0.0200000000000003,5.99999999999996,2,1,65,0.5
1159,29365.81426,29365.267262,29365.405928,29365.81426,29371.828569,1,NaN,0,5.99999999999996,2,1,65,0.5
1160,29373.679562,29372.901898,29373.253897,29373.679562,29375.564554,0,NaN,0,7.00000000000003,1,2,66,0.5
1161,29388.012005,29386.954676,29387.51984,29387.959671,29390.700827,0,1.99999999999996,0.0200000000000003,5.99999999999996,2,1,65,0.5
1162,29392.056988,29391.330825,29391.653657,29392.056988,29392.461653,1,NaN,0,5.99999999999996,2,1,65,0.5
1163,29398.474963,29397.852132,29398.042631,29398.44413,29399.659625,0,1.99999999999996,0.0200000000000003,5.99999999999996,2,1,65,0.5
1164,29403.141777,29402.257281,29402.61128,29403.089278,29407.657093,0,1.99999999999996,0.0200000000000003,5.99999999999996,2,1,65,0.5
1165,29408.772755,29408.192757,29408.38259,29408.720255,29412.047075,1,1.99999999999996,0.0200000000000003,7.00000000000003,1,2,66,0.5
1166,29413.427736,29412.630739,29412.967238,29413.375403,29418.172717,0,1.99999999999996,0.0200000000000003,5.99999999999996,2,1,65,0.5
1167,29419.297879,29418.771548,29418.931214,29419.297879,29424.904857,1,NaN,0,5.99999999999996,2,1,65,0.5
1168,29428.184177,29427.56118,29427.830345,29428.176511,29441.425458,1,1.99999999999996,0.0200000000000003,7.00000000000003,1,2,66,0.5
1169,29442.968618,29442.135788,29442.484787,29442.916285,29449.371759,0,1.99999999999996,0.0200000000000003,5.99999999999996,2,1,65,0.5
1170,29450.627754,29450.00659,29450.201089,29450.575254,29454.699071,1,1.99999999999996,0.0200000000000003,7.00000000000003,1,2,66,0.5
1171,29456.325565,29455.431235,29455.8094,29456.273232,29468.523349,0,1.99999999999996,0.0200000000000003,5.99999999999996,2,1,65,0.5
1172,29470.676507,29470.036676,29470.293175,29470.676507,29474.10516,1,NaN,0,5.99999999999996,2,1,65,0.5
1173,29501.408218,29500.158056,29500.538388,29501.355885,29505.441535,1,1.99999999999996,0.0200000000000003,7.00000000000003,1,2,66,0.5
1174,29507.973691,29506.870029,29507.251028,29507.921358,29518.654482,1,1.99999999999996,0.0200000000000003,7.00000000000003,1,2,66,0.5
1175,29520.167476,29519.266313,29519.558812,29520.115143,29524.428959,0,1.99999999999996,0.0200000000000003,5.99999999999996,2,1,65,0.5
1176,29525.700287,29524.98329,29525.187456,29525.647787,29530.342769,1,1.99999999999996,0.0200000000000003,7.00000000000003,1,2,66,0.5
1177,29531.903096,29531.147099,29531.349265,29531.850596,29538.34157,1,1.99999999999996,0.0200000000000003,7.00000000000003,1,2,66,0.5
1178,29539.880897,29538.982234,29539.2749,29539.828397,29542.228721,0,1.99999999999996,0.0200000000000003,5.99999999999996,2,1,65,0.5
1179,29543.25155,29542.689719,29542.833052,29543.25155,29543.848548,1,NaN,0,5.99999999999996,2,1,65,0.5
1180,29550.595688,29549.486859,29549.847857,29550.543354,29556.976329,1,1.99999999999996,0.0200000000000003,7.00000000000003,1,2,66,0.5
1181,29558.663822,29557.753326,29558.112491,29558.611322,29560.359315,0,1.99999999999996,0.0200000000000003,5.99999999999996,2,1,65,0.5
1182,29561.436478,29560.814147,29561.010646,29561.436478,29566.977622,1,NaN,0,5.99999999999996,2,1,65,0.5
1183,29570.077776,29569.03428,29569.449612,29570.025443,29582.911558,1,1.99999999999996,0.0200000000000003,7.00000000000003,1,2,66,0.5
1184,29584.432052,29583.510556,29583.916888,29584.379719,29589.757198,0,1.99999999999996,0.0200000000000003,5.99999999999996,2,1,65,0.5
1185,29590.858193,29590.296529,29590.411528,29590.858193,29596.054506,1,NaN,0,5.99999999999996,2,1,65,0.5
1186,29597.842332,29596.935002,29597.287834,29597.789999,29601.512317,0,1.99999999999996,0.0200000000000003,5.99999999999996,2,1,65,0.5
1187,29602.613646,29601.995649,29602.224814,29602.613646,29611.496777,1,NaN,0,5.99999999999996,2,1,65,0.5
1188,29612.830605,29611.981609,29612.196108,29612.830605,29618.20225,1,NaN,0,5.99999999999996,2,1,65,0.5
1189,29619.756744,29618.726082,29619.15708,29619.704244,29626.235885,1,1.99999999999996,0.0200000000000003,7.00000000000003,1,2,66,0.5
1190,29628.150044,29627.134381,29627.330547,29628.150044,29633.377523,1,NaN,0,5.99999999999996,2,1,65,0.5
1191,29635.481848,29634.524185,29634.91485,29635.429348,29638.704502,0,1.99999999999996,0.0200000000000003,5.99999999999996,2,1,65,0.5
1192,29639.773664,29639.150833,29639.340333,29639.725331,29643.872481,1,1.99999999999996,0.0200000000000003,7.00000000000003,1,2,66,0.5
1193,29645.11581,29644.542312,29644.683644,29645.11581,29645.94714,1,NaN,0,5.99999999999996,2,1,65,0.5
1194,29683.013825,29682.45466,29682.61116,29682.961658,29686.728476,1,1.99999999999996,0.0200000000000003,7.00000000000003,1,2,66,0.5
1195,29688.179971,29687.397307,29687.687973,29688.127637,29690.85996,0,1.99999999999996,0.0200000000000003,5.99999999999996,2,1,65,0.5
1196,29691.982789,29691.455791,29691.58229,29691.930289,29692.695286,1,1.99999999999996,0.0200000000000003,7.00000000000003,1,2,66,0.5
1197,29694.479445,29693.634115,29693.873281,29694.479445,29701.517417,1,NaN,0,5.99999999999996,2,1,65,0.5
1198,29703.678409,29702.945578,29703.235744,29703.626075,29707.252728,0,1.99999999999996,0.0200000000000003,5.99999999999996,2,1,65,0.5
1199,29708.24989,29707.752059,29707.859392,29708.197724,29710.506881,1,1.99999999999996,0.0200000000000003,7.00000000000003,1,2,66,0.5
1200,29711.826876,29711.046379,29711.258712,29711.77471,29712.865872,1,1.99999999999996,0.0200000000000003,7.00000000000003,1,2,66,0.5
1201,29714.698865,29713.922868,29714.276366,29714.646698,29716.885022,0,1.99999999999996,0.0200000000000003,5.99999999999996,2,1,65,0.5
1202,29718.170851,29717.55852,29717.816685,29718.170851,29725.622154,1,NaN,0,5.99999999999996,2,1,65,0.5
1203,29728.125644,29727.59598,29727.714312,29728.125644,29728.464309,0,NaN,0,7.00000000000003,1,2,66,0.5
1204,29741.902256,29740.881093,29741.091592,29741.849923,29742.999085,1,1.99999999999996,0.0200000000000003,7.00000000000003,1,2,66,0.5
1205,29744.964577,29744.28158,29744.563745,29744.912077,29747.316401,0,1.99999999999996,0.0200000000000003,5.99999999999996,2,1,65,0.5
1206,29748.419396,29747.893065,29748.068564,29748.367063,29750.000557,1,1.99999999999996,0.0200000000000003,7.00000000000003,1,2,66,0.5
1207,29751.661383,29750.681221,29750.988553,29751.60905,29753.853375,1,1.99999999999996,0.0200000000000003,7.00000000000003,1,2,66,0.5
1208,29755.259702,29754.636871,29754.802037,29755.218202,29761.010013,1,1.99999999999996,0.0200000000000003,7.00000000000003,1,2,66,0.5
1209,29762.729339,29761.847509,29762.127508,29762.676839,29768.783148,1,1.99999999999996,0.0200000000000003,7.00000000000003,1,2,66,0.5
1210,29770.104476,29769.487479,29769.582645,29770.104476,29772.787965,1,NaN,0,5.99999999999996,2,1,65,0.5
1211,29779.681605,29779.058774,29779.285606,29779.660938,29782.764759,0,1.99999999999996,0.0200000000000003,5.99999999999996,2,1,65,0.5
1212,29783.675922,29783.215924,29783.340256,29783.675922,29786.389244,1,NaN,0,5.99999999999996,2,1,65,0.5
1213,29792.116888,29791.632223,29791.795223,29792.116888,29792.253221,1,NaN,0,5.99999999999996,2,1,65,0.5
1214,29802.521013,29801.792849,29802.071515,29802.468513,29806.132165,0,1.99999999999996,0.0200000000000003,5.99999999999996,2,1,65,0.5
1215,29810.149983,29809.398986,29809.778484,29810.149983,29810.368815,0,NaN,0,7.00000000000003,1,2,66,0.5
1216,29958.30439,29957.248728,29957.495727,29958.252057,29966.697857,1,1.99999999999996,0.0200000000000003,7.00000000000003,1,2,66,0.5
1217,29970.518175,29969.757844,29970.042676,29970.465841,29978.870641,0,1.99999999999996,0.0200000000000003,5.99999999999996,2,1,65,0.5
1218,29979.954803,29979.341139,29979.496805,29979.902304,29981.033966,1,1.99999999999996,0.0200000000000003,7.00000000000003,1,2,66,0.5
1219,29982.432127,29981.622797,29981.977295,29982.379794,29991.598424,0,1.99999999999996,0.0200000000000003,5.99999999999996,2,1,65,0.5
1220,29992.812919,29992.166588,29992.40242,29992.812919,29993.478749,1,NaN,0,5.99999999999996,2,1,65,0.5
1221,30009.362019,30008.734355,30008.963687,30009.362019,30107.052628,0,NaN,0,7.00000000000003,1,2,66,0.5
1222,30111.139945,30110.339615,30110.689947,30111.139945,30128.233377,0,NaN,0,7.00000000000003,1,2,66,0.5
1223,30130.531035,30129.761371,30130.094203,30130.531035,30182.52616,0,NaN,0,7.00000000000003,1,2,66,0.5
1224,30184.137987,30183.291657,30183.629489,30184.085487,30190.652127,0,1.99999999999996,0.0200000000000003,5.99999999999996,2,1,65,0.5
1225,30193.263284,30192.488453,30192.792285,30193.263284,30193.532783,0,NaN,0,7.00000000000003,1,2,66,0.5
1226,30208.459389,30206.617063,30206.868729,30208.407223,30212.924038,1,1.99999999999996,0.0200000000000003,7.00000000000003,1,2,66,0.5
1227,30219.078514,30218.30335,30218.650515,30219.078514,30219.23118,0,NaN,0,7.00000000000003,1,2,66,0.5
1228,30252.278881,30251.080552,30251.383218,30252.226548,30256.145365,1,1.99999999999996,0.0200000000000003,7.00000000000003,1,2,66,0.5
1229,30258.626689,30257.586693,30257.860192,30258.574189,30261.243678,1,1.99999999999996,0.0200000000000003,7.00000000000003,1,2,66,0.5
1230,30263.801001,30262.980338,30263.134004,30263.748502,30266.823989,1,1.99999999999996,0.0200000000000003,7.00000000000003,1,2,66,0.5
1231,30268.270984,30267.612153,30267.751152,30268.270984,30270.308475,1,NaN,0,5.99999999999996,2,1,65,0.5
1232,30277.892945,30277.547613,30277.611946,30277.892945,30286.011413,1,NaN,0,5.99999999999996,2,1,65,0.5
1233,30289.469732,30288.658902,30288.966567,30289.417232,30290.713728,1,1.99999999999996,0.0200000000000003,7.00000000000003,1,2,66,0.5
1234,30293.364883,30292.516053,30292.652219,30293.31255,30293.806381,1,1.99999999999996,0.0200000000000003,7.00000000000003,1,2,66,0.5
1235,30296.233038,30295.310709,30295.74404,30296.180539,NaN,0,1.99999999999996,0.0200000000000003,5.99999999999996,2,1,65,0.5
