trial,outcome,center_in,center_out,side_in,last_side_out,actions,reward,trial_types,odors,port_side,schedule,odor_name,odor_dur
1,383.756259,381.515759,382.331259,383.756259,398.873259,1,NaN,0,5.99999999999996,2,1,65,0.5
2,401.384761,400.287759,400.337259,401.332261,401.926259,1,2.99999999999994,0.0299999999999997,7.00000000000003,1,2,66,0.5
3,405.816759,404.542761,405.046759,405.816759,421.120259,0,NaN,0,7.00000000000003,1,2,66,0.5
4,423.843759,422.529259,422.80026,423.791259,429.847259,1,2.99999999999994,0.0299999999999997,7.00000000000003,1,2,66,0.5
5,434.244263,433.591759,433.652754,434.244263,441.053259,1,NaN,0,5.99999999999996,2,1,65,0.5
6,450.030759,449.407259,449.494763,450.01026,458.057759,0,2.99999999999994,0.0299999999999997,5.99999999999996,2,1,65,0.5
7,459.413259,458.726261,458.884262,459.360259,483.36376,0,2.99999999999994,0.0299999999999997,5.99999999999996,2,1,65,0.5
8,484.528759,483.944759,484.017259,484.476259,486.185259,1,2.99999999999994,0.0299999999999997,7.00000000000003,1,2,66,0.5
9,488.415759,487.504759,487.917259,488.415759,495.951759,0,NaN,0,7.00000000000003,1,2,66,0.5
10,497.946759,497.089759,497.414261,497.894259,500.120759,1,2.99999999999994,0.0299999999999997,7.00000000000003,1,2,66,0.5
11,503.083761,501.718759,501.999759,503.030259,535.947259,0,2.99999999999994,0.0299999999999997,5.99999999999996,2,1,65,0.5
12,537.639759,536.771259,536.898759,537.586259,541.312759,1,2.99999999999994,0.0299999999999997,7.00000000000003,1,2,66,0.5
13,544.526263,543.828759,544.057759,544.526263,549.82476,0,NaN,0,7.00000000000003,1,2,66,0.5
14,563.150759,550.529759,550.785259,NaN,667.104759,NaN,NaN,0,5.99999999999996,2,1,65,0.5
15,668.380759,667.690759,667.963259,668.380759,673.770759,0,NaN,0,7.00000000000003,1,2,66,0.5
16,675.20276,674.435759,674.669259,675.14976,681.922259,1,2.99999999999994,0.0299999999999997,7.00000000000003,1,2,66,0.5
17,684.037759,683.187759,683.432759,683.985259,695.610259,0,2.99999999999994,0.0299999999999997,5.99999999999996,2,1,65,0.5
18,697.315259,696.444259,696.544759,697.262759,820.168756,1,2.99999999999994,0.0299999999999997,7.00000000000003,1,2,66,0.5
19,821.788259,820.931259,821.05876,821.735759,828.09826,0,2.99999999999994,0.0299999999999997,5.99999999999996,2,1,65,0.5
20,829.409259,828.715259,828.804259,829.409259,835.47026,1,NaN,0,5.99999999999996,2,1,65,0.5
21,837.003759,836.31226,836.563759,837.003759,843.555759,0,NaN,0,7.00000000000003,1,2,66,0.5
22,847.253759,844.18926,844.46626,846.703759,874.353259,0,NaN,0,5.99999999999996,2,1,65,0.5
23,875.59376,874.82076,875.059759,875.540759,883.175759,1,2.99999999999994,0.0299999999999997,7.00000000000003,1,2,66,0.5
24,885.69426,883.869754,884.15226,885.641259,890.508259,0,2.99999999999994,0.0299999999999997,5.99999999999996,2,1,65,0.5
25,891.94876,891.382259,891.494259,891.94876,909.258259,1,NaN,0,5.99999999999996,2,1,65,0.5
26,927.642264,915.020256,915.161763,NaN,933.655259,NaN,NaN,0,5.99999999999996,2,1,65,0.5
27,941.776759,940.889264,940.898759,941.72426,949.057259,0,2.99999999999994,0.0299999999999997,5.99999999999996,2,1,65,0.5
28,950.083259,949.60726,949.65326,950.083259,955.552259,1,NaN,0,5.99999999999996,2,1,65,0.5
29,969.312259,956.690761,956.963759,NaN,975.050759,NaN,NaN,0,5.99999999999996,2,1,65,0.5
30,984.688259,979.444759,979.649259,984.688259,985.608759,1,NaN,0,5.99999999999996,2,1,65,0.5
31,1062.435259,1049.813759,1049.849759,NaN,1064.344259,NaN,NaN,0,5.99999999999996,2,1,65,0.5
32,1072.47776,1071.853759,NaN,1072.431259,1075.185759,0,2.99999999999994,0.0299999999999997,5.99999999999996,2,1,65,0.5
33,1101.246259,1100.016759,1100.17126,1101.19376,1102.75626,0,2.99999999999994,0.0299999999999997,5.99999999999996,2,1,65,0.5
34,1123.162759,1110.713759,1110.958259,1123.162759,1137.872759,1,NaN,0,5.99999999999996,2,1,65,0.5
35,1139.082259,1138.457259,1138.49576,1139.04026,1141.285259,1,2.99999999999994,0.0299999999999997,7.00000000000003,1,2,66,0.5
36,1167.599759,1154.979259,1155.156759,NaN,1176.412759,NaN,NaN,0,5.99999999999996,2,1,65,0.5
37,1189.932762,1177.809759,1178.149259,1189.879762,1198.078261,0,2.99999999999994,0.0299999999999997,5.99999999999996,2,1,65,0.5
38,1199.492759,1198.517259,1198.592259,1199.439759,1202.805763,0,2.99999999999994,0.0299999999999997,5.99999999999996,2,1,65,0.5
39,1205.71276,1204.345759,1204.587759,1205.710259,1239.28176,1,2.99999999999994,0.0299999999999997,7.00000000000003,1,2,66,0.5
40,1241.301259,1240.047259,1240.226759,1241.248254,1260.605759,0,2.99999999999994,0.0299999999999997,5.99999999999996,2,1,65,0.5
41,1264.278759,1263.578259,1263.773759,1264.225264,1285.913259,0,2.99999999999994,0.0299999999999997,5.99999999999996,2,1,65,0.5
42,1287.930259,1287.32176,1287.493759,1287.930259,1292.063259,1,NaN,0,5.99999999999996,2,1,65,0.5
43,1296.171259,1293.612259,1293.784759,1296.16876,1300.278759,0,2.99999999999994,0.0299999999999997,5.99999999999996,2,1,65,0.5
44,1309.555759,1308.622259,1308.70026,1309.503759,1317.45476,1,2.99999999999994,0.0299999999999997,7.00000000000003,1,2,66,0.5
45,1320.25926,1319.649759,1319.758259,1320.25926,1326.796259,0,NaN,0,7.00000000000003,1,2,66,0.5
46,1327.800259,1327.335759,1327.389259,1327.800259,1333.63076,1,NaN,0,5.99999999999996,2,1,65,0.5
47,1337.402759,1334.609759,1334.84226,1337.349763,1339.28326,0,2.99999999999994,0.0299999999999997,5.99999999999996,2,1,65,0.5
48,1386.37526,1373.753759,1374.647259,NaN,1393.589259,NaN,NaN,0,7.00000000000003,1,2,66,0.5
49,1411.825259,1411.351759,1411.405759,1411.825259,1418.342759,0,NaN,0,7.00000000000003,1,2,66,0.5
50,1424.825261,1419.214759,1419.515259,1424.822759,1434.585759,1,2.99999999999994,0.0299999999999997,7.00000000000003,1,2,66,0.5
51,1437.794262,1435.62526,1436.046759,1437.791759,1440.76276,1,2.99999999999994,0.0299999999999997,7.00000000000003,1,2,66,0.5
52,1462.111759,1461.018261,1461.643259,1462.058259,1465.74626,0,2.99999999999994,0.0299999999999997,5.99999999999996,2,1,65,0.5
53,1468.72126,1466.421759,1466.648259,1468.72126,1473.982759,1,NaN,0,5.99999999999996,2,1,65,0.5
54,1477.791759,1475.71976,1475.946759,1477.739259,1488.461759,0,2.99999999999994,0.0299999999999997,5.99999999999996,2,1,65,0.5
55,1490.530764,1489.704759,1489.95576,1490.530764,1497.756759,0,NaN,0,7.00000000000003,1,2,66,0.5
56,1510.966259,1498.344764,1498.63276,NaN,1668.075759,NaN,NaN,0,7.00000000000003,1,2,66,0.5
57,1669.34876,1668.601259,1668.842254,1669.295759,1677.862759,1,2.99999999999994,0.0299999999999997,7.00000000000003,1,2,66,0.5
58,1679.208759,1678.435259,1678.501259,1679.208759,1685.84826,0,NaN,0,7.00000000000003,1,2,66,0.5
59,1687.558261,1686.77626,1687.002259,1687.505759,1689.795259,1,2.99999999999994,0.0299999999999997,7.00000000000003,1,2,66,0.5
60,1694.149261,1692.052263,1692.28776,1694.097259,1716.478759,0,2.99999999999994,0.0299999999999997,5.99999999999996,2,1,65,0.5
61,1722.99876,1722.350759,1722.54876,1722.99876,1728.087759,0,NaN,0,7.00000000000003,1,2,66,0.5
62,1741.81676,1729.194763,1729.455263,NaN,NaN,NaN,NaN,0,5.99999999999996,2,1,65,0.5
63,1748.507759,1747.737759,1747.762259,1748.507759,1755.582759,0,NaN,0,7.00000000000003,1,2,66,0.5
64,1757.152259,1756.41176,1756.686261,1757.099759,1759.691759,1,2.99999999999994,0.0299999999999997,7.00000000000003,1,2,66,0.5
65,1766.566259,1765.892759,1766.146759,1766.566259,1770.150259,1,NaN,0,5.99999999999996,2,1,65,0.5
66,1779.290259,1772.100261,1773.443259,1779.290259,1784.53076,1,NaN,0,5.99999999999996,2,1,65,0.5
67,1795.630759,1794.451762,1795.014759,1795.578259,1797.967259,0,2.99999999999994,0.0299999999999997,5.99999999999996,2,1,65,0.5
68,1802.503759,1800.449759,1800.704759,1802.503759,1809.127759,1,NaN,0,5.99999999999996,2,1,65,0.5
69,1811.56426,1810.055764,1810.348759,1811.511759,1815.015759,0,2.99999999999994,0.0299999999999997,5.99999999999996,2,1,65,0.5
70,1818.630259,1815.739264,1817.331259,1818.630259,1825.986259,1,NaN,0,5.99999999999996,2,1,65,0.5
71,1830.969759,1829.771759,1830.029759,1830.916759,1833.300759,0,2.99999999999994,0.0299999999999997,5.99999999999996,2,1,65,0.5
72,1835.595259,1834.510259,1834.807259,1835.54226,1838.986759,1,2.99999999999994,0.0299999999999997,7.00000000000003,1,2,66,0.5
73,1840.42626,1839.442759,1839.637259,1840.37376,1850.078759,0,2.99999999999994,0.0299999999999997,5.99999999999996,2,1,65,0.5
74,1851.38676,1850.623259,1850.888259,1851.38676,1856.930759,0,NaN,0,7.00000000000003,1,2,66,0.5
75,1860.351259,1858.99176,1859.461259,1860.351259,1865.771259,0,NaN,0,7.00000000000003,1,2,66,0.5
76,1867.364259,1866.184263,1866.367759,1867.311759,1873.14876,0,2.99999999999994,0.0299999999999997,5.99999999999996,2,1,65,0.5
77,1875.297759,1873.649759,1873.901759,1875.244759,1877.037259,1,2.99999999999994,0.0299999999999997,7.00000000000003,1,2,66,0.5
78,1892.679259,1890.804259,1891.201261,1892.679259,1896.95826,0,NaN,0,7.00000000000003,1,2,66,0.5
79,1899.328259,1898.613259,1898.932259,1899.328259,1908.22026,0,NaN,0,7.00000000000003,1,2,66,0.5
80,1918.035259,1911.064759,1911.342259,1917.981759,1920.414759,0,2.99999999999994,0.0299999999999997,5.99999999999996,2,1,65,0.5
81,1922.361759,1921.781259,1921.790259,1922.309259,1938.094259,1,2.99999999999994,0.0299999999999997,7.00000000000003,1,2,66,0.5
82,1939.539759,1938.780259,1938.799759,1939.48626,1941.509259,0,2.99999999999994,0.0299999999999997,5.99999999999996,2,1,65,0.5
83,1945.157259,1944.311259,1944.581759,1945.103759,1946.998759,1,2.99999999999994,0.0299999999999997,7.00000000000003,1,2,66,0.5
84,1950.307261,1949.202759,1949.434759,1950.25426,1953.37526,0,2.99999999999994,0.0299999999999997,5.99999999999996,2,1,65,0.5
85,2023.408759,2019.617259,2019.790759,2023.408759,2035.686259,1,NaN,0,5.99999999999996,2,1,65,0.5
86,2036.672759,2036.100759,2036.167259,2036.619759,2046.243759,0,2.99999999999994,0.0299999999999997,5.99999999999996,2,1,65,0.5
87,2047.702759,2047.166759,2047.225259,2047.649264,2050.135759,1,2.99999999999994,0.0299999999999997,7.00000000000003,1,2,66,0.5
88,2052.827264,2052.113759,2052.305264,2052.827264,2059.713259,0,NaN,0,7.00000000000003,1,2,66,0.5
89,2061.063759,2060.484259,2060.617259,2061.063759,2066.58326,0,NaN,0,7.00000000000003,1,2,66,0.5
90,2070.028259,2067.256259,2067.525265,2070.028259,2075.935259,1,NaN,0,5.99999999999996,2,1,65,0.5
91,2082.65626,2081.350263,2081.584259,2082.602759,2086.816759,0,2.99999999999994,0.0299999999999997,5.99999999999996,2,1,65,0.5
92,2088.982759,2088.171259,2088.456759,2088.92976,2091.025259,1,2.99999999999994,0.0299999999999997,7.00000000000003,1,2,66,0.5
93,2093.442259,2092.059759,2092.303259,2093.389259,2096.889259,0,2.99999999999994,0.0299999999999997,5.99999999999996,2,1,65,0.5
94,2099.657759,2098.978758,2099.150259,2099.605259,2105.078259,1,2.99999999999994,0.0299999999999997,7.00000000000003,1,2,66,0.5
95,2106.306759,2105.700259,2105.854759,2106.306759,2111.971759,0,NaN,0,7.00000000000003,1,2,66,0.5
96,2113.526759,2112.805259,2113.036259,2113.474759,2115.90326,1,2.99999999999994,0.0299999999999997,7.00000000000003,1,2,66,0.5
97,2117.97026,2116.719259,2117.048259,2117.97026,2122.932259,0,NaN,0,7.00000000000003,1,2,66,0.5
98,2124.826759,2123.740759,2124.011759,2124.826759,2272.393764,0,NaN,0,7.00000000000003,1,2,66,0.5
99,2288.641259,2287.881754,2288.154264,2288.588259,2290.443259,1,2.99999999999994,0.0299999999999997,7.00000000000003,1,2,66,0.5
100,2292.764259,2291.429759,2291.602259,2292.712259,2295.50126,0,2.99999999999994,0.0299999999999997,5.99999999999996,2,1,65,0.5
101,2298.101759,2297.509759,2297.65226,2298.101759,2298.520261,1,NaN,0,5.99999999999996,2,1,65,0.5
102,2314.480759,2313.881759,2314.03576,2314.480759,2319.176259,0,NaN,0,7.00000000000003,1,2,66,0.5
103,2332.65076,2320.02926,2320.417259,NaN,2338.29876,NaN,NaN,0,5.99999999999996,2,1,65,0.5
104,2339.458759,2338.749259,2338.864759,2339.406259,2341.286262,0,2.99999999999994,0.0299999999999997,5.99999999999996,2,1,65,0.5
105,2343.033259,2342.251259,2342.519759,2342.980761,2352.008259,1,2.99999999999994,0.0299999999999997,7.00000000000003,1,2,66,0.5
106,2358.495259,2357.91676,2358.046259,2358.495259,2364.435763,1,NaN,0,5.99999999999996,2,1,65,0.5
107,2371.93076,2370.045259,2370.413759,2371.93076,2377.696259,1,NaN,0,5.99999999999996,2,1,65,0.5
108,2383.521759,2382.588763,2382.744259,2383.468764,2387.913259,0,2.99999999999994,0.0299999999999997,5.99999999999996,2,1,65,0.5
109,2389.927759,2389.206259,2389.43526,2389.927759,2394.376759,1,NaN,0,5.99999999999996,2,1,65,0.5
110,2398.04676,2395.545761,2396.979259,2398.04676,2403.662259,1,NaN,0,5.99999999999996,2,1,65,0.5
111,2405.86776,2404.383259,2405.137259,2405.86526,2408.950259,1,2.99999999999994,0.0299999999999997,7.00000000000003,1,2,66,0.5
112,2410.685759,2409.657759,2409.910259,2410.63276,2411.722259,0,2.99999999999994,0.0299999999999997,5.99999999999996,2,1,65,0.5
113,2414.26876,2413.15726,2413.451259,2414.26876,2420.308759,1,NaN,0,5.99999999999996,2,1,65,0.5
114,2422.012759,2420.90376,2421.49026,2422.012759,2429.390259,0,NaN,0,7.00000000000003,1,2,66,0.5
115,2431.165763,2430.12226,2430.432259,2431.112759,2433.119259,0,2.99999999999994,0.0299999999999997,5.99999999999996,2,1,65,0.5
116,2436.448759,2435.089259,2435.386759,2436.448759,2474.53776,1,NaN,0,5.99999999999996,2,1,65,0.5
117,2477.201259,2475.719759,2476.602759,2477.14776,2479.619759,0,2.99999999999994,0.0299999999999997,5.99999999999996,2,1,65,0.5
118,2481.428759,2480.654762,2480.835759,2481.376264,2490.271259,1,2.99999999999994,0.0299999999999997,7.00000000000003,1,2,66,0.5
119,2492.669259,2491.631759,2491.80926,2492.616759,2494.455254,0,2.99999999999994,0.0299999999999997,5.99999999999996,2,1,65,0.5
120,2497.574759,2496.431759,2496.632259,2497.574759,2515.331259,1,NaN,0,5.99999999999996,2,1,65,0.5
121,2516.668259,2516.097759,2516.172759,2516.615259,2520.023764,0,2.99999999999994,0.0299999999999997,5.99999999999996,2,1,65,0.5
122,2521.656259,2520.847259,2521.055759,2521.656259,2543.363759,1,NaN,0,5.99999999999996,2,1,65,0.5
123,2550.806759,2550.051259,2550.289759,2550.754259,2553.435259,1,2.99999999999994,0.0299999999999997,7.00000000000003,1,2,66,0.5
124,2555.56376,2554.496259,2554.683259,2555.511259,2557.336263,0,2.99999999999994,0.0299999999999997,5.99999999999996,2,1,65,0.5
125,2559.43426,2558.217264,2558.41076,2559.43426,2566.556759,1,NaN,0,5.99999999999996,2,1,65,0.5
126,2568.806259,2567.865259,2568.179254,2568.753259,2572.18676,0,2.99999999999994,0.0299999999999997,5.99999999999996,2,1,65,0.5
127,2575.826254,2575.011259,2575.197259,2575.773261,2580.785259,1,2.99999999999994,0.0299999999999997,7.00000000000003,1,2,66,0.5
128,2582.32376,2581.674259,2581.785259,2582.27076,2584.52626,0,2.99999999999994,0.0299999999999997,5.99999999999996,2,1,65,0.5
129,2590.037764,2588.729759,2589.123259,2589.984759,2724.116259,0,2.99999999999994,0.0299999999999997,5.99999999999996,2,1,65,0.5
130,2726.784259,2725.56476,2725.71026,2726.784259,2732.052759,1,NaN,0,5.99999999999996,2,1,65,0.5
131,2733.15526,2732.516259,2732.605259,2733.15526,2739.754759,0,NaN,0,7.00000000000003,1,2,66,0.5
132,2741.605259,2740.481259,2740.711759,2741.605259,2748.150259,1,NaN,0,5.99999999999996,2,1,65,0.5
133,2750.973259,2748.938759,2749.473759,2750.920264,2754.92476,0,2.99999999999994,0.0299999999999997,5.99999999999996,2,1,65,0.5
134,2758.775759,2757.627759,2757.81376,2758.775759,2773.989259,1,NaN,0,5.99999999999996,2,1,65,0.5
135,2776.24676,2775.48426,2775.59276,2776.193759,2778.22026,0,2.99999999999994,0.0299999999999997,5.99999999999996,2,1,65,0.5
136,2780.121259,2779.188763,2779.346259,2780.121259,2785.229259,1,NaN,0,5.99999999999996,2,1,65,0.5
137,2788.32826,2785.957259,2786.985759,2788.275759,2801.49376,0,2.99999999999994,0.0299999999999997,5.99999999999996,2,1,65,0.5
138,2802.697259,2802.243259,2802.258259,2802.697259,2807.895261,1,NaN,0,5.99999999999996,2,1,65,0.5
139,2809.48876,2808.561259,2808.836259,2809.486259,2811.169259,0,2.99999999999994,0.0299999999999997,5.99999999999996,2,1,65,0.5
140,2813.404259,2812.268759,2812.532759,2813.404259,2821.365759,1,NaN,0,5.99999999999996,2,1,65,0.5
141,2824.533259,2821.972759,2822.570259,2824.533259,2833.72076,1,NaN,0,5.99999999999996,2,1,65,0.5
142,2835.272259,2834.508759,2834.834759,2835.272259,2839.838259,0,NaN,0,7.00000000000003,1,2,66,0.5
143,2842.455761,2840.684759,2841.288759,2842.453259,2843.717259,1,2.99999999999994,0.0299999999999997,7.00000000000003,1,2,66,0.5
144,2846.698759,2845.481763,2845.817761,2846.646259,2850.447759,0,2.99999999999994,0.0299999999999997,5.99999999999996,2,1,65,0.5
145,2852.305762,2851.162759,2851.403759,2852.253259,2893.607758,1,2.99999999999994,0.0299999999999997,7.00000000000003,1,2,66,0.5
146,2894.806259,2894.18226,2894.337259,2894.784259,2897.368259,0,2.99999999999994,0.0299999999999997,5.99999999999996,2,1,65,0.5
147,2899.30526,2898.25876,2898.464759,2899.30526,2904.929259,1,NaN,0,5.99999999999996,2,1,65,0.5
148,2910.350259,2905.636759,2906.125759,2910.350259,2916.574259,1,NaN,0,5.99999999999996,2,1,65,0.5
149,2918.28676,2917.655259,2917.671759,2918.234759,2921.407259,0,2.99999999999994,0.0299999999999997,5.99999999999996,2,1,65,0.5
150,2923.478259,2922.818259,2922.98526,2923.478259,2927.96026,1,NaN,0,5.99999999999996,2,1,65,0.5
151,2930.315259,2928.907759,2929.301761,2930.315259,2935.522254,1,NaN,0,5.99999999999996,2,1,65,0.5
152,2937.12726,2936.231259,2936.553259,2937.07476,2941.866259,1,2.99999999999994,0.0299999999999997,7.00000000000003,1,2,66,0.5
153,2943.382763,2942.702764,2942.734759,2943.329259,2945.59176,0,2.99999999999994,0.0299999999999997,5.99999999999996,2,1,65,0.5
154,2947.837759,2946.455259,2946.799759,2947.837759,2953.70776,1,NaN,0,5.99999999999996,2,1,65,0.5
155,2958.201759,2955.84676,2955.949759,2958.14826,3006.30626,0,2.99999999999994,0.0299999999999997,5.99999999999996,2,1,65,0.5
156,3021.742259,3020.475259,3020.67026,3021.68926,3023.689759,1,2.99999999999994,0.0299999999999997,7.00000000000003,1,2,66,0.5
157,3031.540259,3030.35526,3030.465759,3031.540259,3126.111759,1,NaN,0,5.99999999999996,2,1,65,0.5
158,3128.562259,3127.406259,3127.61326,3128.509759,3129.63076,0,2.99999999999994,0.0299999999999997,5.99999999999996,2,1,65,0.5
159,3133.31226,3131.256259,3131.842759,3133.31226,3160.884759,1,NaN,0,5.99999999999996,2,1,65,0.5
160,3162.25576,3161.503259,3161.713259,3162.203259,3165.304259,0,2.99999999999994,0.0299999999999997,5.99999999999996,2,1,65,0.5
161,3167.571259,3166.42126,3166.688263,3167.517764,3169.639259,1,2.99999999999994,0.0299999999999997,7.00000000000003,1,2,66,0.5
162,3172.72826,3171.647759,3171.804759,3172.67526,3176.142758,0,2.99999999999994,0.0299999999999997,5.99999999999996,2,1,65,0.5
163,3178.705259,3177.955759,3178.185259,3178.652259,3181.148259,1,2.99999999999994,0.0299999999999997,7.00000000000003,1,2,66,0.5
164,3183.486264,3182.700259,3182.889259,3183.433259,3187.624259,0,2.99999999999994,0.0299999999999997,5.99999999999996,2,1,65,0.5
165,3188.842759,3188.18876,3188.347759,3188.842759,3195.430259,1,NaN,0,5.99999999999996,2,1,65,0.5
166,3197.250259,3196.064259,3196.409259,3197.197764,3199.480759,0,2.99999999999994,0.0299999999999997,5.99999999999996,2,1,65,0.5
167,3201.371759,3200.257763,3200.471259,3201.318759,3203.509759,1,2.99999999999994,0.0299999999999997,7.00000000000003,1,2,66,0.5
168,3205.131259,3204.326259,3204.548259,3205.078259,3208.609259,0,2.99999999999994,0.0299999999999997,5.99999999999996,2,1,65,0.5
169,3210.898259,3209.938759,3210.349259,3210.898259,3217.682761,1,NaN,0,5.99999999999996,2,1,65,0.5
170,3219.624759,3218.952759,3219.178764,3219.624759,3225.67976,1,NaN,0,5.99999999999996,2,1,65,0.5
171,3227.271259,3226.528259,3226.819761,3227.271259,3232.194259,0,NaN,0,7.00000000000003,1,2,66,0.5
172,3234.021759,3232.768259,3233.321259,3234.021759,3243.867259,1,NaN,0,5.99999999999996,2,1,65,0.5
173,3254.993759,3253.710259,3254.341259,3254.940759,3258.77926,0,2.99999999999994,0.0299999999999997,5.99999999999996,2,1,65,0.5
174,3262.212259,3261.338763,3261.637763,3262.159263,3270.287259,1,2.99999999999994,0.0299999999999997,7.00000000000003,1,2,66,0.5
175,3277.00876,3276.183759,3276.271759,3276.956259,3278.790259,0,2.99999999999994,0.0299999999999997,5.99999999999996,2,1,65,0.5
176,3280.433759,3279.542259,3279.886759,3280.433759,3285.299259,1,NaN,0,5.99999999999996,2,1,65,0.5
177,3287.768259,3286.431259,3286.584259,3287.768259,3293.088263,1,NaN,0,5.99999999999996,2,1,65,0.5
178,3296.126259,3295.502259,3295.722259,3296.121259,3298.752754,1,2.99999999999994,0.0299999999999997,7.00000000000003,1,2,66,0.5
179,3300.119759,3299.495759,3299.661759,3300.111759,3302.545759,0,2.99999999999994,0.0299999999999997,5.99999999999996,2,1,65,0.5
180,3304.487259,3303.677259,3303.890259,3304.487259,3310.712754,1,NaN,0,5.99999999999996,2,1,65,0.5
181,3313.073759,3311.846259,3312.123261,3313.073759,3321.475759,1,NaN,0,5.99999999999996,2,1,65,0.5
182,3322.80326,3322.051259,3322.243759,3322.750759,3324.864259,0,2.99999999999994,0.0299999999999997,5.99999999999996,2,1,65,0.5
183,3326.88726,3325.844759,3326.258763,3326.834259,3328.786259,1,2.99999999999994,0.0299999999999997,7.00000000000003,1,2,66,0.5
184,3330.599759,3329.904759,3330.089259,3330.599759,3335.430759,0,NaN,0,7.00000000000003,1,2,66,0.5
185,3339.547759,3338.169759,3338.624761,3339.547759,3350.86376,1,NaN,0,5.99999999999996,2,1,65,0.5
186,3355.287259,3354.56776,3354.796759,3355.287259,3366.49276,0,NaN,0,7.00000000000003,1,2,66,0.5
187,3367.444759,3366.85676,3366.896259,3367.391759,3369.507759,1,2.99999999999994,0.0299999999999997,7.00000000000003,1,2,66,0.5
188,3371.890259,3371.030259,3371.34576,3371.837259,3374.981759,0,2.99999999999994,0.0299999999999997,5.99999999999996,2,1,65,0.5
189,3376.456759,3375.75526,3376.008259,3376.456759,3382.288759,1,NaN,0,5.99999999999996,2,1,65,0.5
190,3383.917259,3383.131759,3383.40326,3383.917259,3389.01526,0,NaN,0,7.00000000000003,1,2,66,0.5
191,3391.591259,3390.447259,3391.127259,3391.591259,3403.743254,1,NaN,0,5.99999999999996,2,1,65,0.5
192,3406.56276,3405.840259,3406.056759,3406.510259,3408.826259,1,2.99999999999994,0.0299999999999997,7.00000000000003,1,2,66,0.5
193,3410.478759,3409.63676,3409.872259,3410.42576,3413.09976,1,2.99999999999994,0.0299999999999997,7.00000000000003,1,2,66,0.5
194,3414.875259,3414.08776,3414.27776,3414.821759,3417.17476,0,2.99999999999994,0.0299999999999997,5.99999999999996,2,1,65,0.5
195,3418.58726,3418.013259,3418.112259,3418.534759,3422.662759,1,2.99999999999994,0.0299999999999997,7.00000000000003,1,2,66,0.5
196,3426.11076,3424.598759,3424.95026,3426.11076,3432.48826,1,NaN,0,5.99999999999996,2,1,65,0.5
197,3434.975259,3434.123759,3434.416759,3434.921763,3437.246259,0,2.99999999999994,0.0299999999999997,5.99999999999996,2,1,65,0.5
198,3441.359755,3440.595759,3440.715759,3441.359755,3446.758759,1,NaN,0,5.99999999999996,2,1,65,0.5
199,3448.322259,3447.405259,3447.770759,3448.269259,3459.668259,0,2.99999999999994,0.0299999999999997,5.99999999999996,2,1,65,0.5
200,3462.743759,3462.061759,3462.226759,3462.743759,3467.618759,1,NaN,0,5.99999999999996,2,1,65,0.5
201,3469.20426,3468.402759,3468.664759,3469.151759,3479.619259,0,2.99999999999994,0.0299999999999997,5.99999999999996,2,1,65,0.5
202,3481.667259,3480.882759,3481.171259,3481.615259,3483.911763,1,2.99999999999994,0.0299999999999997,7.00000000000003,1,2,66,0.5
203,3485.389759,3484.627259,3484.809259,3485.337259,3488.97326,0,2.99999999999994,0.0299999999999997,5.99999999999996,2,1,65,0.5
204,3490.927759,3490.179259,3490.404259,3490.927759,3497.125759,1,NaN,0,5.99999999999996,2,1,65,0.5
205,3498.439759,3497.76426,3497.95826,3498.386759,3503.78926,0,2.99999999999994,0.0299999999999997,5.99999999999996,2,1,65,0.5
206,3505.250259,3504.340756,3504.368262,3505.196759,3507.137259,1,2.99999999999994,0.0299999999999997,7.00000000000003,1,2,66,0.5
207,3508.60076,3507.976759,3508.16876,3508.584759,3511.55576,0,2.99999999999994,0.0299999999999997,5.99999999999996,2,1,65,0.5
208,3513.039259,3512.329259,3512.565761,3513.039259,3518.845259,1,NaN,0,5.99999999999996,2,1,65,0.5
209,3520.192763,3519.56876,3519.780759,3520.186759,3522.02226,0,2.99999999999994,0.0299999999999997,5.99999999999996,2,1,65,0.5
210,3524.237263,3523.392259,3523.625259,3524.184261,3525.694259,1,2.99999999999994,0.0299999999999997,7.00000000000003,1,2,66,0.5
211,3530.494259,3529.921259,3529.982259,3530.494259,3536.888761,0,NaN,0,7.00000000000003,1,2,66,0.5
212,3538.208759,3537.449759,3537.693759,3538.155759,3539.695259,0,2.99999999999994,0.0299999999999997,5.99999999999996,2,1,65,0.5
213,3542.209259,3541.481259,3541.73076,3542.156259,3544.57776,1,2.99999999999994,0.0299999999999997,7.00000000000003,1,2,66,0.5
214,3548.741259,3548.066259,3548.265259,3548.741259,3556.427759,0,NaN,0,7.00000000000003,1,2,66,0.5
215,3560.019259,3558.922259,3559.158259,3560.019259,3565.151259,1,NaN,0,5.99999999999996,2,1,65,0.5
216,3566.660261,3565.743759,3566.003259,3566.607259,3572.600759,0,2.99999999999994,0.0299999999999997,5.99999999999996,2,1,65,0.5
217,3574.806759,3573.514759,3574.146259,3574.753259,3577.145259,1,2.99999999999994,0.0299999999999997,7.00000000000003,1,2,66,0.5
218,3578.54376,3577.814759,3578.025259,3578.54376,3586.631261,0,NaN,0,7.00000000000003,1,2,66,0.5
219,3587.966259,3587.259259,3587.477759,3587.966259,3597.615259,0,NaN,0,7.00000000000003,1,2,66,0.5
220,3603.913259,3602.99126,3603.358759,3603.913259,3609.352254,1,NaN,0,5.99999999999996,2,1,65,0.5
221,3612.242764,3611.251761,3611.756259,3612.190759,3615.600259,0,2.99999999999994,0.0299999999999997,5.99999999999996,2,1,65,0.5
222,3617.494759,3616.651259,3616.920259,3617.441759,3620.378259,1,2.99999999999994,0.0299999999999997,7.00000000000003,1,2,66,0.5
223,3621.82726,3621.02176,3621.258259,3621.82726,3632.827762,0,NaN,0,7.00000000000003,1,2,66,0.5
224,3634.841259,3634.21726,3634.400259,3634.794259,3636.388759,0,2.99999999999994,0.0299999999999997,5.99999999999996,2,1,65,0.5
225,3639.348259,3638.798259,3638.89576,3639.295759,3641.56376,1,2.99999999999994,0.0299999999999997,7.00000000000003,1,2,66,0.5
226,3643.917759,3643.167259,3643.376259,3643.917759,3649.762259,0,NaN,0,7.00000000000003,1,2,66,0.5
227,3651.67426,3650.829259,3651.095759,3651.621759,3653.662259,1,2.99999999999994,0.0299999999999997,7.00000000000003,1,2,66,0.5
228,3655.09126,3654.30276,3654.518259,3655.09126,3659.14426,0,NaN,0,7.00000000000003,1,2,66,0.5
229,3662.558259,3661.382759,3662.138761,3662.504764,4039.414759,1,2.99999999999994,0.0299999999999997,7.00000000000003,1,2,66,0.5
230,4088.43226,4087.369759,4087.66776,4088.43226,4115.715759,0,NaN,0,7.00000000000003,1,2,66,0.5
231,4118.764759,4116.91576,4116.96026,4118.764759,4130.046759,1,NaN,0,5.99999999999996,2,1,65,0.5
232,4140.368759,4139.671759,4139.713759,4140.368759,4142.936759,0,NaN,0,7.00000000000003,1,2,66,0.5
233,4147.750759,4146.888259,4147.007759,4147.750759,4213.549259,0,NaN,0,7.00000000000003,1,2,66,0.5
234,4217.005259,4216.371259,4216.543759,4217.005259,4224.124759,1,NaN,0,5.99999999999996,2,1,65,0.5
235,4249.88826,4248.750759,4248.914759,4249.834759,4338.642259,0,2.99999999999994,0.0299999999999997,5.99999999999996,2,1,65,0.5
236,4341.406259,4340.782259,4340.964759,4341.388259,4344.281259,1,2.99999999999994,0.0299999999999997,7.00000000000003,1,2,66,0.5
237,4346.608759,4345.730259,4345.983259,4346.55626,4349.679759,0,2.99999999999994,0.0299999999999997,5.99999999999996,2,1,65,0.5
238,4351.265759,4350.579259,4350.675764,4351.213259,4353.152259,1,2.99999999999994,0.0299999999999997,7.00000000000003,1,2,66,0.5
239,4354.88376,4354.053259,4354.222264,4354.83126,4357.307759,0,2.99999999999994,0.0299999999999997,5.99999999999996,2,1,65,0.5
240,4359.704259,4358.856259,4359.168259,4359.651759,4363.445259,1,2.99999999999994,0.0299999999999997,7.00000000000003,1,2,66,0.5
241,4364.886759,4364.15126,4364.322759,4364.834261,4368.425759,0,2.99999999999994,0.0299999999999997,5.99999999999996,2,1,65,0.5
242,4370.71126,4370.110261,4370.248259,4370.71126,4375.725759,1,NaN,0,5.99999999999996,2,1,65,0.5
243,4378.165759,4377.373759,4377.536259,4378.113759,4379.812259,0,2.99999999999994,0.0299999999999997,5.99999999999996,2,1,65,0.5
244,4382.45276,4381.829259,4381.967263,4382.424262,4389.29376,1,2.99999999999994,0.0299999999999997,7.00000000000003,1,2,66,0.5
245,4391.257259,4390.63276,4390.787259,4391.213259,4392.951759,0,2.99999999999994,0.0299999999999997,5.99999999999996,2,1,65,0.5
246,4395.157759,4394.308259,4394.49326,4395.157759,4907.73476,1,NaN,0,5.99999999999996,2,1,65,0.5
247,4909.347759,4908.495259,4908.56426,4909.294759,4963.927759,1,2.99999999999994,0.0299999999999997,7.00000000000003,1,2,66,0.5
248,4978.010259,4977.350759,4977.477759,4978.010259,5001.55926,1,NaN,0,5.99999999999996,2,1,65,0.5
249,5002.993759,5002.171262,5002.319759,5002.940759,5008.291759,0,2.99999999999994,0.0299999999999997,5.99999999999996,2,1,65,0.5
250,5009.439259,5008.816759,5008.893259,5009.42976,5016.577259,0,2.99999999999994,0.0299999999999997,5.99999999999996,2,1,65,0.5
251,5017.730259,5017.064259,5017.22476,5017.730259,5037.997263,0,NaN,0,7.00000000000003,1,2,66,0.5
252,5044.094259,5043.311259,5043.481259,5044.041759,5052.336264,0,2.99999999999994,0.0299999999999997,5.99999999999996,2,1,65,0.5
253,5053.950259,5053.302759,5053.455256,5053.950259,5059.164259,0,NaN,0,7.00000000000003,1,2,66,0.5
254,5060.984759,5060.200259,5060.414259,5060.984759,5074.832261,1,NaN,0,5.99999999999996,2,1,65,0.5
255,5080.155259,5079.61876,5079.640759,5080.155259,5104.452754,1,NaN,0,5.99999999999996,2,1,65,0.5
256,5112.92426,5112.300759,5112.32826,5112.878259,5125.325259,1,2.99999999999994,0.0299999999999997,7.00000000000003,1,2,66,0.5
257,5131.611259,5130.684261,5130.921759,5131.558259,5133.510259,0,2.99999999999994,0.0299999999999997,5.99999999999996,2,1,65,0.5
258,5135.990759,5135.416254,5135.553259,5135.990759,5219.431754,1,NaN,0,5.99999999999996,2,1,65,0.5
259,5222.394259,5221.860759,5221.908259,5222.394259,5228.91676,1,NaN,0,5.99999999999996,2,1,65,0.5
260,5231.465259,5230.641263,5230.938259,5231.412259,5234.637759,1,2.99999999999994,0.0299999999999997,7.00000000000003,1,2,66,0.5
261,5237.357259,5236.606759,5236.736259,5237.304259,5254.306259,0,2.99999999999994,0.0299999999999997,5.99999999999996,2,1,65,0.5
262,5255.888759,5255.066259,5255.221259,5255.888759,5262.496259,0,NaN,0,7.00000000000003,1,2,66,0.5
263,5265.470759,5264.228264,5264.588259,5265.417759,5267.730759,0,2.99999999999994,0.0299999999999997,5.99999999999996,2,1,65,0.5
264,5277.304759,5276.569764,5276.775759,5277.25226,5282.771259,0,2.99999999999994,0.0299999999999997,5.99999999999996,2,1,65,0.5
265,5286.193259,5285.127759,5285.394259,5286.14076,5290.008259,1,2.99999999999994,0.0299999999999997,7.00000000000003,1,2,66,0.5
266,5292.556259,5291.924759,5292.027259,5292.556259,5297.469759,0,NaN,0,7.00000000000003,1,2,66,0.5
267,5298.882759,5298.199259,5298.360259,5298.882759,5302.33476,0,NaN,0,7.00000000000003,1,2,66,0.5
268,5305.83876,5304.828261,5305.032259,5305.83876,5312.738759,0,NaN,0,7.00000000000003,1,2,66,0.5
269,5318.803764,5318.154259,5318.334259,5318.803764,5333.071259,1,NaN,0,5.99999999999996,2,1,65,0.5
270,5344.412259,5343.68426,5343.832259,5344.35926,5346.946259,0,2.99999999999994,0.0299999999999997,5.99999999999996,2,1,65,0.5
271,5352.847259,5352.12176,5352.39076,5352.794259,5355.665259,1,2.99999999999994,0.0299999999999997,7.00000000000003,1,2,66,0.5
272,5357.370264,5356.767759,5356.865259,5357.370264,5362.229259,0,NaN,0,7.00000000000003,1,2,66,0.5
273,5363.611759,5363.081259,5363.194759,5363.611759,5371.194259,1,NaN,0,5.99999999999996,2,1,65,0.5
274,5374.04726,5371.960263,5372.827759,5374.04726,5377.34026,1,NaN,0,5.99999999999996,2,1,65,0.5
275,5386.956759,5386.051759,5386.292759,5386.956759,5421.406259,0,NaN,0,7.00000000000003,1,2,66,0.5
276,5422.978759,5422.35476,5422.453759,5422.952759,5425.388259,0,2.99999999999994,0.0299999999999997,5.99999999999996,2,1,65,0.5
277,5427.071759,5426.347759,5426.570759,5427.071759,5432.38976,1,NaN,0,5.99999999999996,2,1,65,0.5
278,5434.183759,5433.368759,5433.665259,5434.183759,5440.187759,0,NaN,0,7.00000000000003,1,2,66,0.5
279,5442.691754,5441.995259,5442.244259,5442.691754,5444.30676,1,NaN,0,5.99999999999996,2,1,65,0.5
280,5451.61776,5450.637759,5451.03026,5451.564759,5468.66826,0,2.99999999999994,0.0299999999999997,5.99999999999996,2,1,65,0.5
281,5470.196759,5469.60926,5469.722763,5470.196759,5521.441759,0,NaN,0,7.00000000000003,1,2,66,0.5
282,5526.35226,5525.668759,5525.803259,5526.299759,5529.117259,0,2.99999999999994,0.0299999999999997,5.99999999999996,2,1,65,0.5
283,5531.667259,5531.024763,5531.174263,5531.667259,5540.827759,1,NaN,0,5.99999999999996,2,1,65,0.5
284,5545.970259,5544.963759,5545.277259,5545.918259,5548.187259,1,2.99999999999994,0.0299999999999997,7.00000000000003,1,2,66,0.5
285,5549.681763,5548.935759,5549.206759,5549.681763,5550.07626,0,NaN,0,7.00000000000003,1,2,66,0.5
286,5567.748261,5567.176759,5567.275259,5567.748261,5621.186261,1,NaN,0,5.99999999999996,2,1,65,0.5
287,5622.77226,5621.847259,5622.23826,5622.77226,5640.507259,0,NaN,0,7.00000000000003,1,2,66,0.5
288,5642.622259,5641.838259,5641.870759,5642.569759,5644.946762,0,2.99999999999994,0.0299999999999997,5.99999999999996,2,1,65,0.5
289,5647.437259,5646.318264,5646.59626,5647.437259,6009.930263,1,NaN,0,5.99999999999996,2,1,65,0.5
290,6011.732263,6010.842264,6010.86826,6011.732263,6020.03476,0,NaN,0,7.00000000000003,1,2,66,0.5
291,6022.132259,6021.28776,6021.424759,6022.079259,6028.206264,0,2.99999999999994,0.0299999999999997,5.99999999999996,2,1,65,0.5
292,6031.078759,6030.277761,6030.335261,6031.02576,6036.72276,1,2.99999999999994,0.0299999999999997,7.00000000000003,1,2,66,0.5
293,6038.47776,6037.762259,6037.842759,6038.425259,6051.08126,0,2.99999999999994,0.0299999999999997,5.99999999999996,2,1,65,0.5
294,6053.066259,6052.249259,6052.30976,6053.066259,6059.264759,0,NaN,0,7.00000000000003,1,2,66,0.5
295,6062.08626,6060.313263,6061.196759,6062.08626,6062.37126,1,NaN,0,5.99999999999996,2,1,65,0.5
296,6068.512259,6067.881759,6068.066759,6068.512259,6073.441264,0,NaN,0,7.00000000000003,1,2,66,0.5
297,6074.910759,6074.13576,6074.351763,6074.910759,6082.466259,0,NaN,0,7.00000000000003,1,2,66,0.5
298,6084.159759,6083.40126,6083.57226,6084.159759,6091.407263,0,NaN,0,7.00000000000003,1,2,66,0.5
299,6094.002259,6092.696759,6093.456759,6094.002259,6098.065256,0,NaN,0,7.00000000000003,1,2,66,0.5
300,6101.317759,6100.155759,6100.68826,6101.317759,6125.844759,0,NaN,0,7.00000000000003,1,2,66,0.5
301,6135.642759,6134.749759,6134.944759,6135.640259,6138.642263,0,2.99999999999994,0.0299999999999997,5.99999999999996,2,1,65,0.5
302,6143.59376,6143.004259,6143.089759,6143.585259,6145.585759,1,2.99999999999994,0.0299999999999997,7.00000000000003,1,2,66,0.5
303,6147.550259,6146.741259,6146.919759,6147.497759,6159.81876,0,2.99999999999994,0.0299999999999997,5.99999999999996,2,1,65,0.5
304,6160.841759,6160.249259,6160.301259,6160.789259,6162.982759,1,2.99999999999994,0.0299999999999997,7.00000000000003,1,2,66,0.5
305,6165.018759,6164.184759,6164.390259,6164.966259,6171.870259,0,2.99999999999994,0.0299999999999997,5.99999999999996,2,1,65,0.5
306,6173.583263,6172.728759,6172.832259,6173.530259,6181.534759,1,2.99999999999994,0.0299999999999997,7.00000000000003,1,2,66,0.5
307,6184.777759,6184.064259,6184.209759,6184.72476,6186.81126,0,2.99999999999994,0.0299999999999997,5.99999999999996,2,1,65,0.5
308,6188.610759,6187.964259,6188.106259,6188.610759,6195.937759,1,NaN,0,5.99999999999996,2,1,65,0.5
309,6197.47276,6196.75776,6196.81776,6197.47276,6216.036759,1,NaN,0,5.99999999999996,2,1,65,0.5
310,6217.455259,6216.641761,6216.868259,6217.402259,6223.255259,1,2.99999999999994,0.0299999999999997,7.00000000000003,1,2,66,0.5
311,6224.918759,6224.118259,6224.216259,6224.918759,6230.772259,0,NaN,0,7.00000000000003,1,2,66,0.5
312,6233.263764,6232.56726,6232.835259,6233.263764,6408.219759,1,NaN,0,5.99999999999996,2,1,65,0.5
313,6409.961759,6409.17976,6409.226259,6409.961759,6416.96376,0,NaN,0,7.00000000000003,1,2,66,0.5
314,6418.38126,6417.644759,6417.66976,6418.38126,6419.080259,1,NaN,0,5.99999999999996,2,1,65,0.5
315,6459.510759,6457.411759,6457.65026,6459.458263,6480.21926,0,2.99999999999994,0.0299999999999997,5.99999999999996,2,1,65,0.5
316,6481.807759,6480.923759,6480.987261,6481.75476,6484.717759,1,2.99999999999994,0.0299999999999997,7.00000000000003,1,2,66,0.5
317,6487.295759,6486.525759,6486.601759,6487.242759,6494.178261,0,2.99999999999994,0.0299999999999997,5.99999999999996,2,1,65,0.5
318,6496.010259,6495.130759,6495.437259,6495.957759,6498.316259,0,2.99999999999994,0.0299999999999997,5.99999999999996,2,1,65,0.5
319,6501.199259,6500.448759,6500.597759,6501.146759,6502.921759,1,2.99999999999994,0.0299999999999997,7.00000000000003,1,2,66,0.5
320,6504.636759,6503.848759,6503.99126,6504.583259,6508.054259,0,2.99999999999994,0.0299999999999997,5.99999999999996,2,1,65,0.5
321,6511.160259,6510.211759,6510.223759,6511.160259,6517.868759,1,NaN,0,5.99999999999996,2,1,65,0.5
322,6519.472259,6518.591259,6518.812761,6519.472259,6530.928259,0,NaN,0,7.00000000000003,1,2,66,0.5
323,6537.221259,6536.597259,6536.672759,6537.202759,6539.345259,0,2.99999999999994,0.0299999999999997,5.99999999999996,2,1,65,0.5
324,6543.550759,6542.788759,6542.858759,6543.498261,6545.582259,1,2.99999999999994,0.0299999999999997,7.00000000000003,1,2,66,0.5
325,6547.335259,6546.625259,6546.781759,6547.335259,6552.958763,0,NaN,0,7.00000000000003,1,2,66,0.5
326,6554.898763,6554.118764,6554.314759,6554.845761,6557.574259,1,2.99999999999994,0.0299999999999997,7.00000000000003,1,2,66,0.5
327,6560.315759,6559.40226,6559.607259,6560.263759,6564.275259,0,2.99999999999994,0.0299999999999997,5.99999999999996,2,1,65,0.5
328,6566.619259,6565.93676,6565.95926,6566.619259,6573.94476,1,NaN,0,5.99999999999996,2,1,65,0.5
329,6575.353759,6574.68476,6574.845264,6575.353759,6595.377259,0,NaN,0,7.00000000000003,1,2,66,0.5
330,6596.998759,6596.349259,6596.398259,6596.998759,6597.579259,0,NaN,0,7.00000000000003,1,2,66,0.5
331,6603.306759,6602.742759,6602.762759,6603.253759,6606.857759,1,2.99999999999994,0.0299999999999997,7.00000000000003,1,2,66,0.5
332,6608.331259,6607.646259,6607.851259,6608.331259,6615.83426,0,NaN,0,7.00000000000003,1,2,66,0.5
333,6619.398259,6618.119764,6618.726259,6619.345259,6629.554259,0,2.99999999999994,0.0299999999999997,5.99999999999996,2,1,65,0.5
334,6631.437259,6630.675259,6630.778259,6631.437259,6636.851763,0,NaN,0,7.00000000000003,1,2,66,0.5
335,6639.709259,6638.803759,6639.032759,6639.656759,6641.098759,0,2.99999999999994,0.0299999999999997,5.99999999999996,2,1,65,0.5
336,6643.950759,6643.175759,6643.491759,6643.898259,6649.92776,1,2.99999999999994,0.0299999999999997,7.00000000000003,1,2,66,0.5
337,6651.717763,6651.036759,6651.180763,6651.717763,6659.793259,0,NaN,0,7.00000000000003,1,2,66,0.5
338,6661.62726,6660.874259,6661.140759,6661.62726,6666.862259,1,NaN,0,5.99999999999996,2,1,65,0.5
339,6671.40826,6670.803759,6670.888759,6671.40826,6678.000754,0,NaN,0,7.00000000000003,1,2,66,0.5
340,6680.149259,6679.298759,6679.454259,6680.096759,6681.15776,0,2.99999999999994,0.0299999999999997,5.99999999999996,2,1,65,0.5
341,6685.05976,6684.455259,6684.611264,6685.007759,6687.289259,1,2.99999999999994,0.0299999999999997,7.00000000000003,1,2,66,0.5
342,6689.21526,6688.537759,6688.556259,6689.16226,6693.657759,0,2.99999999999994,0.0299999999999997,5.99999999999996,2,1,65,0.5
343,6695.256259,6694.544759,6694.728259,6695.203259,6699.336259,0,2.99999999999994,0.0299999999999997,5.99999999999996,2,1,65,0.5
344,6701.692259,6701.03976,6701.165261,6701.692259,6705.698759,1,NaN,0,5.99999999999996,2,1,65,0.5
345,6708.926759,6707.515759,6708.109759,6708.926759,6713.891263,1,NaN,0,5.99999999999996,2,1,65,0.5
346,6715.879759,6715.268759,6715.46026,6715.879759,6723.082259,1,NaN,0,5.99999999999996,2,1,65,0.5
347,6726.217759,6725.613759,6725.802259,6726.217759,6736.901759,1,NaN,0,5.99999999999996,2,1,65,0.5
348,6738.675759,6737.914759,6738.030759,6738.622259,6741.641759,0,2.99999999999994,0.0299999999999997,5.99999999999996,2,1,65,0.5
349,6743.682259,6742.948759,6743.157759,6743.682259,6758.841259,1,NaN,0,5.99999999999996,2,1,65,0.5
350,6760.59326,6759.925259,6759.972259,6760.540759,6764.289759,0,2.99999999999994,0.0299999999999997,5.99999999999996,2,1,65,0.5
351,6766.47476,6765.690259,6765.837259,6766.422259,6768.841259,0,2.99999999999994,0.0299999999999997,5.99999999999996,2,1,65,0.5
352,6771.396759,6770.564259,6770.824759,6771.343759,6774.09876,1,2.99999999999994,0.0299999999999997,7.00000000000003,1,2,66,0.5
353,6778.354263,6777.656759,6777.777759,6778.354263,6783.958759,0,NaN,0,7.00000000000003,1,2,66,0.5
354,6785.868759,6785.174759,6785.37876,6785.816259,6992.508259,1,2.99999999999994,0.0299999999999997,7.00000000000003,1,2,66,0.5
355,7002.195764,7001.204759,7001.290259,7002.195764,7006.486759,0,NaN,0,7.00000000000003,1,2,66,0.5
356,7009.45126,7008.30976,7008.398259,7009.45126,7009.807764,0,NaN,0,7.00000000000003,1,2,66,0.5
357,7025.814759,7025.098759,7025.141259,7025.762259,7036.30326,1,2.99999999999994,0.0299999999999997,7.00000000000003,1,2,66,0.5
358,7038.476259,7037.631759,7037.648259,7038.42326,7052.733759,0,2.99999999999994,0.0299999999999997,5.99999999999996,2,1,65,0.5
359,7398.616259,7397.355759,7397.53076,7398.616259,7436.614759,1,NaN,0,5.99999999999996,2,1,65,0.5
360,7438.088759,7437.356759,7437.450259,7438.036259,7444.298759,0,2.99999999999994,0.0299999999999997,5.99999999999996,2,1,65,0.5
361,7446.09476,7445.284259,7445.308761,7446.09476,7478.60126,1,NaN,0,5.99999999999996,2,1,65,0.5
362,7479.817759,7479.21976,7479.331759,7479.817759,7491.490759,0,NaN,0,7.00000000000003,1,2,66,0.5
363,7493.105759,7492.395259,7492.50076,7493.105759,7498.179259,0,NaN,0,7.00000000000003,1,2,66,0.5
364,7506.600259,7505.976261,7506.106759,7506.585259,7510.350759,0,2.99999999999994,0.0299999999999997,5.99999999999996,2,1,65,0.5
365,7512.926259,7512.162759,7512.20676,7512.873259,7524.69526,1,2.99999999999994,0.0299999999999997,7.00000000000003,1,2,66,0.5
366,7526.156259,7525.46526,7525.599261,7526.156259,7534.748763,0,NaN,0,7.00000000000003,1,2,66,0.5
367,7537.506759,7536.622759,7536.990759,7537.45376,7539.562259,0,2.99999999999994,0.0299999999999997,5.99999999999996,2,1,65,0.5
368,7550.252759,7549.49826,7549.552259,7550.252759,7557.276759,0,NaN,0,7.00000000000003,1,2,66,0.5
369,7560.062259,7559.437759,7559.540759,7560.014259,7563.022259,0,2.99999999999994,0.0299999999999997,5.99999999999996,2,1,65,0.5
370,7564.835259,7564.023259,7564.252759,7564.78226,7567.506759,1,2.99999999999994,0.0299999999999997,7.00000000000003,1,2,66,0.5
371,7569.526259,7568.680259,7568.862259,7569.474259,7574.055259,0,2.99999999999994,0.0299999999999997,5.99999999999996,2,1,65,0.5
372,7576.19676,7575.300259,7575.447759,7576.14376,7578.626763,1,2.99999999999994,0.0299999999999997,7.00000000000003,1,2,66,0.5
373,7580.678759,7579.771259,7579.90226,7580.625759,7581.842759,0,2.99999999999994,0.0299999999999997,5.99999999999996,2,1,65,0.5
374,7584.591264,7583.82426,7583.977259,7584.53826,7586.717259,1,2.99999999999994,0.0299999999999997,7.00000000000003,1,2,66,0.5
375,7588.734259,7587.843759,7588.04826,7588.681759,7603.672259,0,2.99999999999994,0.0299999999999997,5.99999999999996,2,1,65,0.5
376,7605.136759,7604.435759,7604.532759,7605.136759,7611.828759,0,NaN,0,7.00000000000003,1,2,66,0.5
377,7614.672259,7614.048264,7614.089759,7614.63526,7617.458259,0,2.99999999999994,0.0299999999999997,5.99999999999996,2,1,65,0.5
378,7619.053759,7618.276759,7618.298259,7619.000763,7620.073759,1,2.99999999999994,0.0299999999999997,7.00000000000003,1,2,66,0.5
379,7621.891759,7621.169759,7621.295259,7621.891759,7626.517259,0,NaN,0,7.00000000000003,1,2,66,0.5
380,7628.016263,7627.24926,7627.51226,7628.016263,7631.944759,1,NaN,0,5.99999999999996,2,1,65,0.5
381,7634.171261,7633.515759,7633.644759,7634.171261,7644.957259,0,NaN,0,7.00000000000003,1,2,66,0.5
382,7646.147759,7645.524759,7645.554759,7646.142259,7648.609759,1,2.99999999999994,0.0299999999999997,7.00000000000003,1,2,66,0.5
383,7650.66926,7649.978259,7650.109759,7650.66926,7655.058259,0,NaN,0,7.00000000000003,1,2,66,0.5
384,7657.397759,7656.695259,7656.898259,7657.397759,7663.87226,0,NaN,0,7.00000000000003,1,2,66,0.5
385,7666.269759,7664.673259,7665.567759,7666.269759,7672.499759,0,NaN,0,7.00000000000003,1,2,66,0.5
386,7677.513259,7676.910759,7677.037259,7677.460759,7680.060759,1,2.99999999999994,0.0299999999999997,7.00000000000003,1,2,66,0.5
387,7681.515259,7680.912759,7681.018259,7681.515259,7687.694759,0,NaN,0,7.00000000000003,1,2,66,0.5
388,7689.03176,7688.277759,7688.451259,7689.03176,7697.508759,0,NaN,0,7.00000000000003,1,2,66,0.5
389,7702.320259,7701.250764,7701.530761,7702.267259,7704.476259,1,2.99999999999994,0.0299999999999997,7.00000000000003,1,2,66,0.5
390,7706.350759,7705.599759,7705.719759,7706.297763,7709.891259,0,2.99999999999994,0.0299999999999997,5.99999999999996,2,1,65,0.5
391,7711.628759,7710.876259,7710.912259,7711.575759,7713.222759,1,2.99999999999994,0.0299999999999997,7.00000000000003,1,2,66,0.5
392,7715.104259,7714.356259,7714.515759,7715.104259,7732.72126,0,NaN,0,7.00000000000003,1,2,66,0.5
393,7744.527259,7743.83976,7743.94576,7744.527259,7750.044759,0,NaN,0,7.00000000000003,1,2,66,0.5
394,7751.967259,7751.171759,7751.337759,7751.914759,7754.261762,0,2.99999999999994,0.0299999999999997,5.99999999999996,2,1,65,0.5
395,7757.221759,7756.331759,7756.590259,7757.168764,7759.256259,1,2.99999999999994,0.0299999999999997,7.00000000000003,1,2,66,0.5
396,7761.542259,7760.816259,7760.905259,7761.542259,7826.541259,0,NaN,0,7.00000000000003,1,2,66,0.5
397,7828.468759,7827.679259,7827.788259,7828.468759,7853.45476,0,NaN,0,7.00000000000003,1,2,66,0.5
398,7854.71376,7853.983259,7854.031259,7854.660759,7857.967259,1,2.99999999999994,0.0299999999999997,7.00000000000003,1,2,66,0.5
399,7860.378259,7859.581259,7859.629259,7860.325759,7865.42376,0,2.99999999999994,0.0299999999999997,5.99999999999996,2,1,65,0.5
400,7867.856761,7867.198264,7867.224759,7867.856761,7872.560259,0,NaN,0,7.00000000000003,1,2,66,0.5
401,7874.505759,7873.617259,7873.797763,7874.505759,7887.021759,0,NaN,0,7.00000000000003,1,2,66,0.5
402,7902.08376,7901.115259,7901.371259,7902.08376,7906.441259,0,NaN,0,7.00000000000003,1,2,66,0.5
403,7911.78376,7910.985259,7911.187259,7911.730759,7913.966759,0,2.99999999999994,0.0299999999999997,5.99999999999996,2,1,65,0.5
404,7916.29176,7915.486759,7915.517759,7916.23876,7923.420759,1,2.99999999999994,0.0299999999999997,7.00000000000003,1,2,66,0.5
405,7925.793759,7925.07976,7925.100759,7925.793759,7935.111259,0,NaN,0,7.00000000000003,1,2,66,0.5
406,7936.560759,7935.88626,7935.916759,7936.50826,7938.398259,1,2.99999999999994,0.0299999999999997,7.00000000000003,1,2,66,0.5
407,7940.395259,7939.605259,7939.757759,7940.395259,7954.431259,0,NaN,0,7.00000000000003,1,2,66,0.5
408,7957.370259,7956.693259,7956.866259,7957.370259,7969.901259,0,NaN,0,7.00000000000003,1,2,66,0.5
409,7971.940259,7971.007763,7971.153259,7971.887259,7975.750759,1,2.99999999999994,0.0299999999999997,7.00000000000003,1,2,66,0.5
410,7978.824259,7977.961764,7978.18126,7978.824259,8002.528759,0,NaN,0,7.00000000000003,1,2,66,0.5
411,8005.57226,8004.673254,8004.734259,8005.519262,8007.311259,0,2.99999999999994,0.0299999999999997,5.99999999999996,2,1,65,0.5
412,8009.045759,8008.177759,8008.223759,8009.045759,8016.825259,1,NaN,0,5.99999999999996,2,1,65,0.5
413,8018.633759,8017.881763,8018.06026,8018.633759,8023.552763,0,NaN,0,7.00000000000003,1,2,66,0.5
414,8026.014759,8025.14926,8025.41076,8025.961755,8030.296759,0,2.99999999999994,0.0299999999999997,5.99999999999996,2,1,65,0.5
415,8032.570764,8031.849759,8031.989259,8032.518759,8035.47576,0,2.99999999999994,0.0299999999999997,5.99999999999996,2,1,65,0.5
416,8037.254259,8036.54076,8036.584263,8037.201759,8038.95176,1,2.99999999999994,0.0299999999999997,7.00000000000003,1,2,66,0.5
417,8040.966259,8040.160759,8040.336759,8040.966259,8045.719259,0,NaN,0,7.00000000000003,1,2,66,0.5
418,8047.491259,8046.825259,8046.990759,8047.491259,8050.359259,0,NaN,0,7.00000000000003,1,2,66,0.5
419,8055.955759,8054.428259,8055.321759,8055.902264,8060.83376,0,2.99999999999994,0.0299999999999997,5.99999999999996,2,1,65,0.5
420,8067.585259,8066.807759,8066.947759,8067.585259,8073.862763,1,NaN,0,5.99999999999996,2,1,65,0.5
421,8075.68526,8074.956759,8075.132764,8075.68526,8087.215759,1,NaN,0,5.99999999999996,2,1,65,0.5
422,8088.548759,8087.836759,8087.955759,8088.548759,8099.782759,1,NaN,0,5.99999999999996,2,1,65,0.5
423,8101.482759,8100.833259,8100.857259,8101.482759,8104.852259,1,NaN,0,5.99999999999996,2,1,65,0.5
424,8108.06626,8107.245258,8107.409759,8108.013759,8111.10776,0,2.99999999999994,0.0299999999999997,5.99999999999996,2,1,65,0.5
425,8113.207259,8112.50026,8112.539759,8113.207259,8148.419259,1,NaN,0,5.99999999999996,2,1,65,0.5
426,8150.72576,8149.862759,8149.994261,8150.673259,8166.936759,0,2.99999999999994,0.0299999999999997,5.99999999999996,2,1,65,0.5
427,8169.402259,8168.543761,8168.793761,8169.402259,8173.191259,0,NaN,0,7.00000000000003,1,2,66,0.5
428,8180.090759,8179.322259,8179.522261,8180.037759,8182.570259,0,2.99999999999994,0.0299999999999997,5.99999999999996,2,1,65,0.5
429,8184.231259,8183.413264,8183.506264,8184.178759,8185.87926,1,2.99999999999994,0.0299999999999997,7.00000000000003,1,2,66,0.5
430,8187.836761,8187.078259,8187.254759,8187.836761,8195.637259,0,NaN,0,7.00000000000003,1,2,66,0.5
431,8198.062259,8196.913759,8197.47076,8198.010259,8202.043259,1,2.99999999999994,0.0299999999999997,7.00000000000003,1,2,66,0.5
432,8204.420259,8203.64726,8203.74776,8204.36676,8207.118259,0,2.99999999999994,0.0299999999999997,5.99999999999996,2,1,65,0.5
433,8209.157261,8208.353759,8208.376759,8209.10426,8212.296759,1,2.99999999999994,0.0299999999999997,7.00000000000003,1,2,66,0.5
434,8214.316259,8213.585259,8213.649759,8214.263759,8216.936764,0,2.99999999999994,0.0299999999999997,5.99999999999996,2,1,65,0.5
435,8219.15676,8218.403759,8218.581759,8219.15676,8225.97176,1,NaN,0,5.99999999999996,2,1,65,0.5
436,8228.992759,8228.264759,8228.33476,8228.939759,8233.78676,0,2.99999999999994,0.0299999999999997,5.99999999999996,2,1,65,0.5
437,8235.79176,8235.106759,8235.181759,8235.79176,8240.887759,1,NaN,0,5.99999999999996,2,1,65,0.5
438,8242.85076,8242.00926,8242.161259,8242.798259,8245.344759,1,2.99999999999994,0.0299999999999997,7.00000000000003,1,2,66,0.5
439,8247.33976,8246.54826,8246.734759,8247.33976,8258.545759,0,NaN,0,7.00000000000003,1,2,66,0.5
440,8260.456259,8259.634759,8259.757759,8260.403759,8264.698259,0,2.99999999999994,0.0299999999999997,5.99999999999996,2,1,65,0.5
441,8266.924259,8266.006763,8266.146764,8266.870759,8269.566759,1,2.99999999999994,0.0299999999999997,7.00000000000003,1,2,66,0.5
442,8271.333759,8270.443759,8270.715259,8271.333759,8278.823759,0,NaN,0,7.00000000000003,1,2,66,0.5
443,8280.978759,8280.138259,8280.288759,8280.978759,8284.781759,1,NaN,0,5.99999999999996,2,1,65,0.5
444,8287.385759,8286.612759,8286.867259,8287.333259,8291.18826,1,2.99999999999994,0.0299999999999997,7.00000000000003,1,2,66,0.5
445,8293.063759,8292.215759,8292.428759,8293.010759,8298.110759,0,2.99999999999994,0.0299999999999997,5.99999999999996,2,1,65,0.5
446,8299.50776,8298.834759,8298.91476,8299.455757,8301.625259,0,2.99999999999994,0.0299999999999997,5.99999999999996,2,1,65,0.5
447,8303.267759,8302.547259,8302.61026,8303.267759,8316.198759,1,NaN,0,5.99999999999996,2,1,65,0.5
448,8318.50526,8317.451759,8317.540759,8318.452764,8320.902759,0,2.99999999999994,0.0299999999999997,5.99999999999996,2,1,65,0.5
449,8322.692759,8321.893759,8321.956759,8322.692759,8335.574759,1,NaN,0,5.99999999999996,2,1,65,0.5
450,8337.836759,8337.029759,8337.326759,8337.836759,8343.727264,0,NaN,0,7.00000000000003,1,2,66,0.5
451,8346.106757,8345.20976,8345.475761,8346.106757,8351.593259,1,NaN,0,5.99999999999996,2,1,65,0.5
452,8354.297259,8352.557259,8352.68626,8354.297259,8365.22426,1,NaN,0,5.99999999999996,2,1,65,0.5
453,8370.399759,8369.252759,8369.74976,8370.399759,8374.666259,1,NaN,0,5.99999999999996,2,1,65,0.5
454,8377.473761,8376.281259,8376.740261,8377.473761,8382.652759,1,NaN,0,5.99999999999996,2,1,65,0.5
455,8384.877259,8383.580759,8383.62976,8384.877259,8390.722759,0,NaN,0,7.00000000000003,1,2,66,0.5
456,8393.76526,8392.935759,8393.23576,8393.713259,8395.141759,0,2.99999999999994,0.0299999999999997,5.99999999999996,2,1,65,0.5
457,8397.65276,8397.02926,8397.103259,8397.634759,8400.082259,1,2.99999999999994,0.0299999999999997,7.00000000000003,1,2,66,0.5
458,8402.088759,8401.36676,8401.464259,8402.035759,8404.29426,0,2.99999999999994,0.0299999999999997,5.99999999999996,2,1,65,0.5
459,8406.141259,8405.462259,8405.569259,8406.141259,8411.041259,1,NaN,0,5.99999999999996,2,1,65,0.5
460,8416.350259,8415.837759,8415.893259,8416.350259,8421.112259,0,NaN,0,7.00000000000003,1,2,66,0.5
461,8428.55626,8427.854261,8428.009259,8428.55626,8445.15926,0,NaN,0,7.00000000000003,1,2,66,0.5
462,8446.384259,8445.82226,8445.875759,8446.384259,8449.55026,1,NaN,0,5.99999999999996,2,1,65,0.5
463,8453.652759,8453.154759,8453.221759,8453.652759,8461.319759,1,NaN,0,5.99999999999996,2,1,65,0.5
464,8462.730759,8462.106759,8462.183759,8462.679759,8465.109759,0,2.99999999999994,0.0299999999999997,5.99999999999996,2,1,65,0.5
465,8467.315759,8466.583259,8466.696259,8467.315759,8473.408259,1,NaN,0,5.99999999999996,2,1,65,0.5
466,8474.943759,8474.153259,8474.345259,8474.891259,8478.02826,0,2.99999999999994,0.0299999999999997,5.99999999999996,2,1,65,0.5
467,8479.558259,8478.926259,8479.032259,8479.558259,8484.330759,1,NaN,0,5.99999999999996,2,1,65,0.5
468,8486.488259,8485.805759,8485.980261,8486.488259,8492.743759,1,NaN,0,5.99999999999996,2,1,65,0.5
469,8494.938759,8494.260259,8494.36276,8494.886259,8499.615759,0,2.99999999999994,0.0299999999999997,5.99999999999996,2,1,65,0.5
470,8501.11376,8500.32026,8500.348759,8501.061259,8503.67326,1,2.99999999999994,0.0299999999999997,7.00000000000003,1,2,66,0.5
471,8505.247259,8504.49726,8504.568259,8505.194259,8509.32276,0,2.99999999999994,0.0299999999999997,5.99999999999996,2,1,65,0.5
472,8511.625259,8510.98676,8511.033759,8511.625259,8519.578761,0,NaN,0,7.00000000000003,1,2,66,0.5
473,8532.02126,8531.268259,8531.354759,8531.968759,9464.368259,0,2.99999999999994,0.0299999999999997,5.99999999999996,2,1,65,0.5
474,9467.541261,9466.276759,9466.684759,9467.541261,9474.87926,1,NaN,0,5.99999999999996,2,1,65,0.5
475,9479.24326,9477.003759,9477.890759,9479.190259,9481.749759,1,2.99999999999994,0.0299999999999997,7.00000000000003,1,2,66,0.5
476,9483.410759,9482.670259,9482.854254,9483.410759,9486.95576,0,NaN,0,7.00000000000003,1,2,66,0.5
477,9490.285759,9488.795259,9489.036759,9490.285759,9505.988259,1,NaN,0,5.99999999999996,2,1,65,0.5
478,9508.453259,9507.62626,9507.753259,9508.400259,9517.41876,0,2.99999999999994,0.0299999999999997,5.99999999999996,2,1,65,0.5
479,9527.944259,9526.54976,9527.034259,9527.944259,9564.072759,0,NaN,0,7.00000000000003,1,2,66,0.5
480,9565.764759,9565.070759,9565.20326,9565.711759,9570.615259,0,2.99999999999994,0.0299999999999997,5.99999999999996,2,1,65,0.5
481,9572.10626,9571.304759,9571.499259,9572.10626,9576.443259,0,NaN,0,7.00000000000003,1,2,66,0.5
482,9580.91476,9580.291759,9580.435259,9580.910761,9583.412259,0,2.99999999999994,0.0299999999999997,5.99999999999996,2,1,65,0.5
483,9585.421259,9584.758259,9584.781259,9585.421259,9591.836264,1,NaN,0,5.99999999999996,2,1,65,0.5
484,9593.566763,9592.849259,9593.035759,9593.566763,9601.796259,0,NaN,0,7.00000000000003,1,2,66,0.5
485,9603.736759,9602.881759,9603.033259,9603.736759,9611.438259,1,NaN,0,5.99999999999996,2,1,65,0.5
486,9612.918759,9612.192759,9612.314259,9612.918759,9626.695759,0,NaN,0,7.00000000000003,1,2,66,0.5
487,9632.670759,9631.963259,9632.203259,9632.670759,9639.70626,1,NaN,0,5.99999999999996,2,1,65,0.5
488,9641.19226,9640.572259,9640.719759,9641.19226,9648.33926,0,NaN,0,7.00000000000003,1,2,66,0.5
489,9650.479259,9649.652259,9649.742259,9650.479259,9662.974259,0,NaN,0,7.00000000000003,1,2,66,0.5
490,9668.470259,9667.517259,9667.908759,9668.470259,9679.987259,0,NaN,0,7.00000000000003,1,2,66,0.5
491,9682.456259,9681.390764,9681.675759,9682.403259,9685.40076,1,2.99999999999994,0.0299999999999997,7.00000000000003,1,2,66,0.5
492,9687.308264,9686.582259,9686.66326,9687.308264,9690.169762,0,NaN,0,7.00000000000003,1,2,66,0.5
493,9694.456259,9693.387759,9693.818259,9694.402759,9697.943759,0,2.99999999999994,0.0299999999999997,5.99999999999996,2,1,65,0.5
494,9700.386259,9699.595259,9699.684258,9700.386259,9734.285759,1,NaN,0,5.99999999999996,2,1,65,0.5
495,9735.848763,9735.08276,9735.276259,9735.795759,9743.490759,0,2.99999999999994,0.0299999999999997,5.99999999999996,2,1,65,0.5
496,9745.21226,9744.534259,9744.63726,9745.21226,9756.70726,0,NaN,0,7.00000000000003,1,2,66,0.5
497,9758.471759,9757.779759,9757.821759,9758.471759,9765.812259,0,NaN,0,7.00000000000003,1,2,66,0.5
498,9768.92776,9768.258754,9768.342759,9768.92776,9782.847759,0,NaN,0,7.00000000000003,1,2,66,0.5
499,9785.907259,9784.828759,9785.284259,9785.907259,9795.79376,0,NaN,0,7.00000000000003,1,2,66,0.5
500,9805.60326,9804.833759,9804.960759,9805.550759,9816.852759,0,2.99999999999994,0.0299999999999997,5.99999999999996,2,1,65,0.5
501,9818.698259,9818.03176,9818.059759,9818.698259,9825.205259,0,NaN,0,7.00000000000003,1,2,66,0.5
502,9826.860259,9826.080259,9826.255759,9826.860259,9830.839759,0,NaN,0,7.00000000000003,1,2,66,0.5
503,9833.611764,9832.867759,9833.064759,9833.611764,9842.689759,0,NaN,0,7.00000000000003,1,2,66,0.5
504,9844.25376,9843.716259,9843.747754,9844.25376,9849.647259,0,NaN,0,7.00000000000003,1,2,66,0.5
505,9851.325759,9850.629259,9850.67826,9851.325759,9851.672759,0,NaN,0,7.00000000000003,1,2,66,0.5
506,9860.902259,9860.133259,9860.395759,9860.848759,9885.401259,1,2.99999999999994,0.0299999999999997,7.00000000000003,1,2,66,0.5
507,9887.759759,9887.133759,9887.206259,9887.759759,9890.88376,0,NaN,0,7.00000000000003,1,2,66,0.5
508,9894.32626,9893.541259,9893.748759,9894.273759,9901.22776,0,2.99999999999994,0.0299999999999997,5.99999999999996,2,1,65,0.5
509,9903.00076,9902.089759,9902.227259,9902.948259,9909.795759,0,2.99999999999994,0.0299999999999997,5.99999999999996,2,1,65,0.5
510,9911.81076,9910.97426,9911.189259,9911.758259,9916.455259,1,2.99999999999994,0.0299999999999997,7.00000000000003,1,2,66,0.5
511,9918.539263,9917.904259,9917.972259,9918.539263,9922.734759,0,NaN,0,7.00000000000003,1,2,66,0.5
512,9936.938759,9936.013259,9936.131759,9936.938759,10217.145261,0,NaN,0,7.00000000000003,1,2,66,0.5
513,10220.07776,10218.942759,10219.033759,10220.024759,10240.566259,0,2.99999999999994,0.0299999999999997,5.99999999999996,2,1,65,0.5
514,10243.206759,10242.605759,10242.620259,10243.206759,10254.269759,0,NaN,0,7.00000000000003,1,2,66,0.5
515,10256.09726,10254.796259,10255.171259,10256.094263,10264.416762,1,2.99999999999994,0.0299999999999997,7.00000000000003,1,2,66,0.5
516,10266.348259,10265.509259,10265.699261,10266.348259,10270.260259,1,NaN,0,5.99999999999996,2,1,65,0.5
517,10273.296259,10272.517759,10272.728259,10273.243263,10283.973762,1,2.99999999999994,0.0299999999999997,7.00000000000003,1,2,66,0.5
518,10285.923259,10284.909259,10285.10676,10285.923259,10304.790259,0,NaN,0,7.00000000000003,1,2,66,0.5
519,10306.983761,10305.958763,10306.086759,10306.93026,10317.355759,0,2.99999999999994,0.0299999999999997,5.99999999999996,2,1,65,0.5
520,10318.936259,10318.234759,10318.345259,10318.936259,10325.111259,0,NaN,0,7.00000000000003,1,2,66,0.5
521,10326.56176,10325.85426,10326.004759,10326.56176,10341.236759,0,NaN,0,7.00000000000003,1,2,66,0.5
522,10342.633764,10341.872759,10342.05876,10342.633764,10358.739263,0,NaN,0,7.00000000000003,1,2,66,0.5
523,10360.370759,10359.562259,10359.639263,10360.370759,10366.956259,0,NaN,0,7.00000000000003,1,2,66,0.5
524,10370.352759,10369.596259,10369.81126,10370.29976,10380.650259,1,2.99999999999994,0.0299999999999997,7.00000000000003,1,2,66,0.5
525,10384.382259,10383.49026,10383.710759,10384.382259,10405.541259,0,NaN,0,7.00000000000003,1,2,66,0.5
526,10409.986259,10409.059264,10409.31676,10409.933259,10416.71726,0,2.99999999999994,0.0299999999999997,5.99999999999996,2,1,65,0.5
527,10418.203759,10417.521759,10417.571259,10418.150759,10423.093759,1,2.99999999999994,0.0299999999999997,7.00000000000003,1,2,66,0.5
528,10425.04776,10424.296259,10424.345259,10424.994759,10430.313259,1,2.99999999999994,0.0299999999999997,7.00000000000003,1,2,66,0.5
529,10432.466759,10431.57426,10431.725761,10432.466759,10436.974759,0,NaN,0,7.00000000000003,1,2,66,0.5
530,10439.096759,10438.275761,10438.40376,10439.044259,10444.901259,0,2.99999999999994,0.0299999999999997,5.99999999999996,2,1,65,0.5
531,10446.600763,10445.822259,10445.992259,10446.600763,10450.80576,0,NaN,0,7.00000000000003,1,2,66,0.5
532,10453.01726,10452.22726,10452.434759,10453.01726,10458.072761,0,NaN,0,7.00000000000003,1,2,66,0.5
533,10460.607259,10459.75076,10459.988759,10460.607259,10462.52176,0,NaN,0,7.00000000000003,1,2,66,0.5
534,10471.982264,10471.247259,10471.286763,10471.982264,10476.550259,1,NaN,0,5.99999999999996,2,1,65,0.5
535,10479.195259,10478.08626,10478.689259,10479.195259,10490.739259,1,NaN,0,5.99999999999996,2,1,65,0.5
536,10492.86176,10491.926259,10492.180759,10492.808759,10498.496759,0,2.99999999999994,0.0299999999999997,5.99999999999996,2,1,65,0.5
537,10500.000259,10499.286759,10499.301259,10499.947759,10504.940254,1,2.99999999999994,0.0299999999999997,7.00000000000003,1,2,66,0.5
538,10506.880261,10506.193761,10506.247759,10506.827259,10516.823759,0,2.99999999999994,0.0299999999999997,5.99999999999996,2,1,65,0.5
539,10518.423259,10517.679259,10517.715259,10518.423259,10523.34326,0,NaN,0,7.00000000000003,1,2,66,0.5
540,10525.090259,10524.158759,10524.400259,10525.03726,10529.247759,0,2.99999999999994,0.0299999999999997,5.99999999999996,2,1,65,0.5
541,10530.889259,10530.094759,10530.222259,10530.889259,10540.997759,1,NaN,0,5.99999999999996,2,1,65,0.5
542,10543.125259,10542.24076,10542.410259,10543.125259,10547.964259,1,NaN,0,5.99999999999996,2,1,65,0.5
543,10550.461263,10549.739259,10549.959759,10550.461263,10562.54626,1,NaN,0,5.99999999999996,2,1,65,0.5
544,10565.044759,10564.211759,10564.282259,10564.991759,10571.03176,1,2.99999999999994,0.0299999999999997,7.00000000000003,1,2,66,0.5
545,10577.504259,10576.156259,10576.354762,10577.45126,10580.991259,0,2.99999999999994,0.0299999999999997,5.99999999999996,2,1,65,0.5
546,10582.660259,10581.823759,10581.90526,10582.660259,10586.447259,1,NaN,0,5.99999999999996,2,1,65,0.5
547,10589.593259,10588.506759,10588.788759,10589.540762,10600.753764,1,2.99999999999994,0.0299999999999997,7.00000000000003,1,2,66,0.5
548,10602.788759,10601.753259,10602.061259,10602.788759,10607.758259,1,NaN,0,5.99999999999996,2,1,65,0.5
549,10613.382259,10612.23526,10612.479259,10613.329259,10615.443764,0,2.99999999999994,0.0299999999999997,5.99999999999996,2,1,65,0.5
550,10617.397261,10616.502254,10616.583763,10617.344759,10622.192761,1,2.99999999999994,0.0299999999999997,7.00000000000003,1,2,66,0.5
551,10624.11776,10623.252259,10623.383259,10624.064759,10630.207759,0,2.99999999999994,0.0299999999999997,5.99999999999996,2,1,65,0.5
552,10632.093763,10631.353264,10631.376259,10632.093763,10644.72076,0,NaN,0,7.00000000000003,1,2,66,0.5
553,10647.303763,10646.529759,10646.713263,10647.303763,10653.541759,0,NaN,0,7.00000000000003,1,2,66,0.5
554,10655.377259,10654.33276,10654.631259,10655.377259,10659.256259,0,NaN,0,7.00000000000003,1,2,66,0.5
555,10663.77776,10662.819759,10663.154764,10663.77776,10687.947762,0,NaN,0,7.00000000000003,1,2,66,0.5
556,10691.02276,10690.113259,10690.276259,10690.970259,10695.336259,0,2.99999999999994,0.0299999999999997,5.99999999999996,2,1,65,0.5
557,10697.598259,10696.571259,10696.769259,10697.545761,10701.892759,1,2.99999999999994,0.0299999999999997,7.00000000000003,1,2,66,0.5
558,10704.231259,10703.355759,10703.53576,10704.231259,10733.60176,0,NaN,0,7.00000000000003,1,2,66,0.5
559,10735.800759,10734.895759,10735.018259,10735.800759,10771.020759,0,NaN,0,7.00000000000003,1,2,66,0.5
560,10772.641259,10771.987259,10772.027259,10772.641259,10776.972759,0,NaN,0,7.00000000000003,1,2,66,0.5
561,10783.630259,10782.907259,10783.072259,10783.630259,10792.347264,0,NaN,0,7.00000000000003,1,2,66,0.5
562,10796.367263,10795.58076,10795.823759,10796.314761,10798.413259,1,2.99999999999994,0.0299999999999997,7.00000000000003,1,2,66,0.5
563,10800.30476,10799.49476,10799.651759,10800.251759,10806.261259,0,2.99999999999994,0.0299999999999997,5.99999999999996,2,1,65,0.5
564,10807.82926,10807.127263,10807.31126,10807.82926,10815.153259,0,NaN,0,7.00000000000003,1,2,66,0.5
565,10819.735259,10818.967259,10819.108259,10819.682759,10822.09676,0,2.99999999999994,0.0299999999999997,5.99999999999996,2,1,65,0.5
566,10823.80676,10823.068759,10823.206259,10823.80676,10829.668259,1,NaN,0,5.99999999999996,2,1,65,0.5
567,10832.832759,10832.208759,10832.259759,10832.826759,10834.938759,1,2.99999999999994,0.0299999999999997,7.00000000000003,1,2,66,0.5
568,10836.68226,10836.05876,10836.085259,10836.647263,10843.682759,0,2.99999999999994,0.0299999999999997,5.99999999999996,2,1,65,0.5
569,10845.489263,10844.71526,10844.884759,10845.489263,10851.447259,1,NaN,0,5.99999999999996,2,1,65,0.5
570,10862.445759,10861.178259,10861.69126,10862.392759,11381.273259,0,2.99999999999994,0.0299999999999997,5.99999999999996,2,1,65,0.5
571,11383.965763,11382.91926,11383.082759,11383.913759,11396.318759,0,2.99999999999994,0.0299999999999997,5.99999999999996,2,1,65,0.5
572,11399.439259,11398.385759,11398.641259,11399.439259,11428.511759,1,NaN,0,5.99999999999996,2,1,65,0.5
573,11432.215263,11430.96626,11431.54976,11432.162759,11439.57776,0,2.99999999999994,0.0299999999999997,5.99999999999996,2,1,65,0.5
574,11442.661259,11441.907259,11441.954259,11442.661259,11452.803759,1,NaN,0,5.99999999999996,2,1,65,0.5
575,11456.156259,11455.603259,11455.723759,11456.156259,11469.436259,1,NaN,0,5.99999999999996,2,1,65,0.5
576,11470.974759,11470.195259,11470.366759,11470.922259,11480.880759,0,2.99999999999994,0.0299999999999997,5.99999999999996,2,1,65,0.5
577,11483.331759,11482.542759,11482.851259,11483.331759,11483.564259,1,NaN,0,5.99999999999996,2,1,65,0.5
578,11502.25226,11501.319261,11501.445259,11502.199259,11509.349761,0,2.99999999999994,0.0299999999999997,5.99999999999996,2,1,65,0.5
579,11511.907759,11511.006764,11511.208263,11511.907759,11512.842263,0,NaN,0,7.00000000000003,1,2,66,0.5
580,11518.889259,11517.986259,11518.204759,11518.835759,11523.15676,1,2.99999999999994,0.0299999999999997,7.00000000000003,1,2,66,0.5
581,11524.738759,11523.894759,11524.01726,11524.738759,11530.630759,1,NaN,0,5.99999999999996,2,1,65,0.5
582,11537.644759,11536.946259,11537.156759,11537.644759,11574.939264,0,NaN,0,7.00000000000003,1,2,66,0.5
583,11576.329759,11575.646259,11575.704259,11576.277259,11596.823759,0,2.99999999999994,0.0299999999999997,5.99999999999996,2,1,65,0.5
584,11598.681759,11597.858259,11598.126259,11598.628759,11603.705759,1,2.99999999999994,0.0299999999999997,7.00000000000003,1,2,66,0.5
585,11606.530263,11605.772259,11606.026759,11606.530263,11624.031759,1,NaN,0,5.99999999999996,2,1,65,0.5
586,11625.588754,11624.961259,11625.102259,11625.588754,11629.460259,0,NaN,0,7.00000000000003,1,2,66,0.5
587,11640.276259,11639.582759,11639.63626,11640.276259,11645.62226,0,NaN,0,7.00000000000003,1,2,66,0.5
588,11647.396259,11646.55726,11646.865759,11647.396259,11653.642759,0,NaN,0,7.00000000000003,1,2,66,0.5
589,11658.655259,11657.976259,11658.125259,11658.655259,11659.001759,0,NaN,0,7.00000000000003,1,2,66,0.5
590,11668.972259,11668.266259,11668.303259,11668.919763,11671.658759,1,2.99999999999994,0.0299999999999997,7.00000000000003,1,2,66,0.5
591,11673.626259,11672.895259,11672.922759,11673.573259,11704.044759,0,2.99999999999994,0.0299999999999997,5.99999999999996,2,1,65,0.5
592,11705.725759,11704.959259,11705.033259,11705.725759,11722.426759,1,NaN,0,5.99999999999996,2,1,65,0.5
593,11724.003259,11723.368759,11723.345759,11724.003259,11735.387259,0,NaN,0,7.00000000000003,1,2,66,0.5
594,11737.223259,11736.530759,11736.594259,11737.223259,11772.489259,0,NaN,0,7.00000000000003,1,2,66,0.5
595,11774.092759,11773.363259,11773.529759,11774.092759,11778.314259,0,NaN,0,7.00000000000003,1,2,66,0.5
596,11781.58526,11780.313759,11780.630259,11781.53276,11788.14826,1,2.99999999999994,0.0299999999999997,7.00000000000003,1,2,66,0.5
597,11789.917259,11789.099759,11789.354759,11789.917259,11794.054259,1,NaN,0,5.99999999999996,2,1,65,0.5
598,11796.321764,11795.638259,11795.856759,11796.321764,11806.257259,1,NaN,0,5.99999999999996,2,1,65,0.5
599,11808.602259,11807.888759,11808.171761,11808.602259,11809.372759,1,NaN,0,5.99999999999996,2,1,65,0.5
600,11816.534261,11814.446259,11814.610759,11816.534261,11825.900759,0,NaN,0,7.00000000000003,1,2,66,0.5
601,11830.695759,11829.764759,11830.050259,11830.643759,11832.838759,0,2.99999999999994,0.0299999999999997,5.99999999999996,2,1,65,0.5
602,11835.391759,11834.55826,11834.777259,11835.391759,11844.236259,1,NaN,0,5.99999999999996,2,1,65,0.5
603,11845.671261,11845.047759,11845.112759,11845.64376,11847.899259,0,2.99999999999994,0.0299999999999997,5.99999999999996,2,1,65,0.5
604,11849.921259,11849.090759,11849.146259,11849.868259,11851.940259,1,2.99999999999994,0.0299999999999997,7.00000000000003,1,2,66,0.5
605,11853.926259,11853.365759,11853.392754,11853.926259,11859.961764,0,NaN,0,7.00000000000003,1,2,66,0.5
606,11861.544259,11860.764759,11861.022763,11861.544259,11878.699759,0,NaN,0,7.00000000000003,1,2,66,0.5
607,11880.529259,11879.389759,11879.500259,11880.529259,11886.74976,1,NaN,0,5.99999999999996,2,1,65,0.5
608,11898.52976,11895.245259,11895.423759,11898.477263,11904.217259,1,2.99999999999994,0.0299999999999997,7.00000000000003,1,2,66,0.5
609,11907.802259,11905.95426,11905.984759,11907.802259,11911.898759,0,NaN,0,7.00000000000003,1,2,66,0.5
610,11915.716259,11915.094261,11915.17826,11915.716259,11925.94726,0,NaN,0,7.00000000000003,1,2,66,0.5
611,11927.628759,11926.81126,11927.110759,11927.628759,11933.58876,0,NaN,0,7.00000000000003,1,2,66,0.5
612,11943.228263,11942.552259,11942.63826,11943.228263,11949.083259,0,NaN,0,7.00000000000003,1,2,66,0.5
613,11950.78826,11950.100759,11950.246759,11950.78826,11959.03576,0,NaN,0,7.00000000000003,1,2,66,0.5
614,11960.943759,11960.218759,11960.355259,11960.943759,11966.224259,0,NaN,0,7.00000000000003,1,2,66,0.5
615,11967.860759,11967.21176,11967.314259,11967.860759,11972.14326,0,NaN,0,7.00000000000003,1,2,66,0.5
616,11983.814759,11982.810759,11983.164259,11983.814759,11996.569259,0,NaN,0,7.00000000000003,1,2,66,0.5
617,11998.43526,11997.624259,11997.832759,11998.382259,12004.984259,1,2.99999999999994,0.0299999999999997,7.00000000000003,1,2,66,0.5
618,12006.844763,12006.058759,12006.154764,12006.791759,12017.410759,1,2.99999999999994,0.0299999999999997,7.00000000000003,1,2,66,0.5
619,12021.004264,12019.069259,12019.485263,12021.004264,12026.851759,1,NaN,0,5.99999999999996,2,1,65,0.5
620,12029.115259,12028.153259,12028.453761,12029.115259,12053.394259,0,NaN,0,7.00000000000003,1,2,66,0.5
621,12108.149759,12106.790759,12106.987759,12108.096759,12123.36026,0,2.99999999999994,0.0299999999999997,5.99999999999996,2,1,65,0.5
622,12125.633259,12124.755759,12124.861759,12125.580259,12131.409759,0,2.99999999999994,0.0299999999999997,5.99999999999996,2,1,65,0.5
623,12133.185761,12132.436259,12132.517759,12133.185761,12139.042259,0,NaN,0,7.00000000000003,1,2,66,0.5
624,12159.284259,12157.284759,12157.369259,12159.284259,12169.387259,0,NaN,0,7.00000000000003,1,2,66,0.5
625,12171.264759,12170.321759,12170.368259,12171.21226,12173.444759,1,2.99999999999994,0.0299999999999997,7.00000000000003,1,2,66,0.5
626,12176.406759,12175.539259,12175.677759,12176.406759,12183.581259,0,NaN,0,7.00000000000003,1,2,66,0.5
627,12186.299759,12185.564259,12185.592259,12186.299759,12191.851259,0,NaN,0,7.00000000000003,1,2,66,0.5
628,12195.059259,12193.96076,12193.999259,12195.007259,12204.769759,1,2.99999999999994,0.0299999999999997,7.00000000000003,1,2,66,0.5
629,12207.061759,12206.109259,12206.229759,12207.061759,12217.257261,0,NaN,0,7.00000000000003,1,2,66,0.5
630,12219.103259,12217.95976,12218.177259,12219.05076,12225.046759,1,2.99999999999994,0.0299999999999997,7.00000000000003,1,2,66,0.5
631,12227.546759,12226.30026,12226.691759,12227.493758,12229.05626,0,2.99999999999994,0.0299999999999997,5.99999999999996,2,1,65,0.5
632,12231.364759,12230.420759,12230.540261,12231.312259,12237.842759,1,2.99999999999994,0.0299999999999997,7.00000000000003,1,2,66,0.5
633,12239.724759,12238.772761,12239.086259,12239.724759,12252.735259,0,NaN,0,7.00000000000003,1,2,66,0.5
634,12255.086259,12254.186759,12254.409259,12255.03276,12256.155759,0,2.99999999999994,0.0299999999999997,5.99999999999996,2,1,65,0.5
635,12258.318259,12257.293759,12257.528759,12258.26476,12263.37326,1,2.99999999999994,0.0299999999999997,7.00000000000003,1,2,66,0.5
636,12265.445759,12264.765759,12264.816759,12265.445759,12277.083759,0,NaN,0,7.00000000000003,1,2,66,0.5
637,12278.951259,12278.004762,12278.19076,12278.898759,12282.446259,0,2.99999999999994,0.0299999999999997,5.99999999999996,2,1,65,0.5
638,12284.645259,12283.584759,12283.787259,12284.593259,12291.98726,1,2.99999999999994,0.0299999999999997,7.00000000000003,1,2,66,0.5
639,12293.786259,12292.98926,12293.103259,12293.733759,12299.472259,0,2.99999999999994,0.0299999999999997,5.99999999999996,2,1,65,0.5
640,12301.452259,12300.58776,12300.671759,12301.399259,12308.147264,1,2.99999999999994,0.0299999999999997,7.00000000000003,1,2,66,0.5
641,12310.526759,12309.786759,12309.801759,12310.474259,12314.022259,0,2.99999999999994,0.0299999999999997,5.99999999999996,2,1,65,0.5
642,12316.335759,12315.266259,12315.595759,12316.335759,12321.193262,1,NaN,0,5.99999999999996,2,1,65,0.5
643,12323.709761,12322.387759,12322.975259,12323.656761,12331.422259,1,2.99999999999994,0.0299999999999997,7.00000000000003,1,2,66,0.5
644,12336.413259,12335.655261,12335.69426,12336.413259,12345.361762,0,NaN,0,7.00000000000003,1,2,66,0.5
645,12347.356259,12346.281259,12346.523261,12347.303759,12349.545759,1,2.99999999999994,0.0299999999999997,7.00000000000003,1,2,66,0.5
646,12352.123759,12350.969759,12351.258759,12352.07126,12364.612759,0,2.99999999999994,0.0299999999999997,5.99999999999996,2,1,65,0.5
647,12367.087259,12365.967259,12366.10676,12367.034759,12373.90576,0,2.99999999999994,0.0299999999999997,5.99999999999996,2,1,65,0.5
648,12375.745259,12374.800264,12375.053261,12375.745259,12382.689754,0,NaN,0,7.00000000000003,1,2,66,0.5
649,12384.705259,12383.584759,12383.659259,12384.651759,12390.435261,1,2.99999999999994,0.0299999999999997,7.00000000000003,1,2,66,0.5
650,12392.300759,12391.458759,12391.547261,12392.300759,12396.624259,0,NaN,0,7.00000000000003,1,2,66,0.5
651,12399.198759,12398.304259,12398.495259,12399.198759,12404.830263,0,NaN,0,7.00000000000003,1,2,66,0.5
652,12406.93226,12406.139259,12406.294259,12406.880259,12412.585759,0,2.99999999999994,0.0299999999999997,5.99999999999996,2,1,65,0.5
653,12414.487759,12413.543259,12413.752259,12414.487759,12418.79276,0,NaN,0,7.00000000000003,1,2,66,0.5
654,12421.950258,12421.198759,12421.230763,12421.950258,12452.266763,0,NaN,0,7.00000000000003,1,2,66,0.5
655,12454.070759,12453.308759,12453.411763,12454.070759,12463.344259,0,NaN,0,7.00000000000003,1,2,66,0.5
656,12465.936759,12465.01226,12465.229759,12465.884259,12476.431763,1,2.99999999999994,0.0299999999999997,7.00000000000003,1,2,66,0.5
657,12479.920759,12478.745259,12479.272759,12479.920759,12486.838759,0,NaN,0,7.00000000000003,1,2,66,0.5
658,12488.407259,12487.620761,12487.854259,12488.407259,12510.30576,0,NaN,0,7.00000000000003,1,2,66,0.5
659,12512.57476,12511.704759,12511.735759,12512.522759,12520.420761,0,2.99999999999994,0.0299999999999997,5.99999999999996,2,1,65,0.5
660,12522.48626,12521.618759,12521.776259,12522.48376,12525.521259,1,2.99999999999994,0.0299999999999997,7.00000000000003,1,2,66,0.5
661,12528.025259,12527.321759,12527.41126,12528.025259,12534.823759,0,NaN,0,7.00000000000003,1,2,66,0.5
662,12536.839759,12535.984759,12536.070261,12536.839759,12537.553759,1,NaN,0,5.99999999999996,2,1,65,0.5
663,12545.944261,12545.084759,12545.156759,12545.891759,12555.743759,0,2.99999999999994,0.0299999999999997,5.99999999999996,2,1,65,0.5
664,12557.372759,12556.561259,12556.592259,12557.372759,12566.639757,0,NaN,0,7.00000000000003,1,2,66,0.5
665,12568.888261,12567.937759,12568.233259,12568.888261,12572.006759,1,NaN,0,5.99999999999996,2,1,65,0.5
666,12577.665259,12576.822259,12576.898259,12577.61226,12587.751763,1,2.99999999999994,0.0299999999999997,7.00000000000003,1,2,66,0.5
667,12589.243259,12588.431759,12588.553759,12589.190263,12620.63076,1,2.99999999999994,0.0299999999999997,7.00000000000003,1,2,66,0.5
668,12632.752759,12632.113259,12632.155259,12632.752759,12639.434259,1,NaN,0,5.99999999999996,2,1,65,0.5
669,12653.73726,12652.40676,12652.640259,12653.684759,12658.780759,1,2.99999999999994,0.0299999999999997,7.00000000000003,1,2,66,0.5
670,12664.50376,12663.593759,12663.79876,12664.450759,12670.185259,0,2.99999999999994,0.0299999999999997,5.99999999999996,2,1,65,0.5
671,12671.857259,12671.115759,12671.220759,12671.804764,12678.826763,0,2.99999999999994,0.0299999999999997,5.99999999999996,2,1,65,0.5
672,12680.354759,12679.589759,12679.640259,12680.354759,12684.271259,0,NaN,0,7.00000000000003,1,2,66,0.5
673,12686.865759,12686.114759,12686.192259,12686.812759,12690.240259,0,2.99999999999994,0.0299999999999997,5.99999999999996,2,1,65,0.5
674,12692.21026,12691.385763,12691.495764,12692.15776,12699.020759,1,2.99999999999994,0.0299999999999997,7.00000000000003,1,2,66,0.5
675,12701.129259,12700.307759,12700.46176,12701.076259,12984.448759,1,2.99999999999994,0.0299999999999997,7.00000000000003,1,2,66,0.5
676,12988.645759,12987.36826,12987.549259,12988.645759,12989.017759,1,NaN,0,5.99999999999996,2,1,65,0.5
677,12998.835759,12997.881763,12998.031764,12998.78276,13005.574259,0,2.99999999999994,0.0299999999999997,5.99999999999996,2,1,65,0.5
678,13008.260259,13006.83476,13006.901259,13008.260259,13031.867259,0,NaN,0,7.00000000000003,1,2,66,0.5
679,13033.816761,13032.870259,13032.924757,13033.816761,13083.295259,1,NaN,0,5.99999999999996,2,1,65,0.5
680,13086.632759,13084.777759,13085.761259,13086.580259,13091.063259,0,2.99999999999994,0.0299999999999997,5.99999999999996,2,1,65,0.5
681,13094.08576,13093.293263,13093.367759,13094.033264,13095.498759,1,2.99999999999994,0.0299999999999997,7.00000000000003,1,2,66,0.5
682,13098.695259,13097.210759,13097.953759,13098.695259,13099.112759,0,NaN,0,7.00000000000003,1,2,66,0.5
683,13106.71026,13105.742259,13105.858259,13106.65726,13110.759759,1,2.99999999999994,0.0299999999999997,7.00000000000003,1,2,66,0.5
684,13114.648259,13113.694259,13113.924259,13114.595759,13117.847261,0,2.99999999999994,0.0299999999999997,5.99999999999996,2,1,65,0.5
685,13120.158259,13119.060259,13119.268259,13120.105259,13127.27176,1,2.99999999999994,0.0299999999999997,7.00000000000003,1,2,66,0.5
686,13129.641259,13128.510759,13128.813759,13129.588759,13132.532259,0,2.99999999999994,0.0299999999999997,5.99999999999996,2,1,65,0.5
687,13134.655259,13133.530259,13133.709259,13134.602259,13140.823263,1,2.99999999999994,0.0299999999999997,7.00000000000003,1,2,66,0.5
688,13144.126759,13143.210259,13143.294259,13144.074759,13150.57326,0,2.99999999999994,0.0299999999999997,5.99999999999996,2,1,65,0.5
689,13152.879759,13152.04176,13152.177759,13152.879759,13153.24226,0,NaN,0,7.00000000000003,1,2,66,0.5
690,13160.42376,13159.324759,13159.523759,13160.42376,13166.753259,0,NaN,0,7.00000000000003,1,2,66,0.5
691,13168.827759,13167.915759,13168.153759,13168.827759,13172.908259,0,NaN,0,7.00000000000003,1,2,66,0.5
692,13191.374259,13189.717759,13189.777759,13191.322256,13194.225759,1,2.99999999999994,0.0299999999999997,7.00000000000003,1,2,66,0.5
693,13196.03876,13195.14726,13195.285259,13196.03876,13202.887759,0,NaN,0,7.00000000000003,1,2,66,0.5
694,13205.547759,13204.629761,13204.855759,13205.547759,13212.224759,0,NaN,0,7.00000000000003,1,2,66,0.5
695,13214.231259,13213.370259,13213.606759,13214.231259,13295.242759,1,NaN,0,5.99999999999996,2,1,65,0.5
696,13305.578759,13304.51176,13304.882759,13305.526759,13529.973761,1,2.99999999999994,0.0299999999999997,7.00000000000003,1,2,66,0.5
697,13534.098759,13533.15976,13533.230761,13534.098759,13544.81526,0,NaN,0,7.00000000000003,1,2,66,0.5
698,13548.577259,13546.051759,13546.097259,13548.577259,13578.401759,0,NaN,0,7.00000000000003,1,2,66,0.5
699,13580.652259,13579.676759,13579.767259,13580.600259,13588.116759,0,2.99999999999994,0.0299999999999997,5.99999999999996,2,1,65,0.5
700,13591.666259,13589.945259,13590.546261,13591.666259,14112.650261,0,NaN,0,7.00000000000003,1,2,66,0.5
701,14151.35426,14149.628259,14149.895259,14151.301759,14186.897761,1,2.99999999999994,0.0299999999999997,7.00000000000003,1,2,66,0.5
702,14191.129759,14190.351259,14190.382259,14191.129759,14200.10076,1,NaN,0,5.99999999999996,2,1,65,0.5
703,14203.690759,14202.712759,14202.972259,14203.690759,14266.165259,0,NaN,0,7.00000000000003,1,2,66,0.5
704,14268.13576,14267.345259,14267.35376,14268.082759,14272.53676,1,2.99999999999994,0.0299999999999997,7.00000000000003,1,2,66,0.5
705,14274.81176,14274.001763,14274.092759,14274.81176,14320.955259,1,NaN,0,5.99999999999996,2,1,65,0.5
706,14326.790759,14325.720259,14325.935259,14326.737759,14342.737759,0,2.99999999999994,0.0299999999999997,5.99999999999996,2,1,65,0.5
707,14344.64976,14343.630259,14343.776759,14344.59676,14354.177259,0,2.99999999999994,0.0299999999999997,5.99999999999996,2,1,65,0.5
708,14356.402764,14355.577259,14355.631763,14356.402764,14361.425259,0,NaN,0,7.00000000000003,1,2,66,0.5
709,14364.896259,14364.107759,14364.33826,14364.896259,14948.344759,0,NaN,0,7.00000000000003,1,2,66,0.5
710,14956.383259,14954.506759,14955.125759,14956.383259,15038.293259,0,NaN,0,7.00000000000003,1,2,66,0.5
711,15051.499259,15050.248759,15050.585759,15051.499259,15137.497759,1,NaN,0,5.99999999999996,2,1,65,0.5
712,15289.723759,15288.419259,15288.957759,15289.671259,15292.703259,1,2.99999999999994,0.0299999999999997,7.00000000000003,1,2,66,0.5
713,15297.994759,15297.089259,15297.415254,15297.994759,15304.034259,0,NaN,0,7.00000000000003,1,2,66,0.5
714,15306.595259,15305.676759,15305.711261,15306.595259,15320.03126,0,NaN,0,7.00000000000003,1,2,66,0.5
715,15334.60526,15333.302259,15333.862259,15334.553259,15338.822259,0,2.99999999999994,0.0299999999999997,5.99999999999996,2,1,65,0.5
716,15341.550759,15340.517259,15340.705759,15341.497259,15347.727263,1,2.99999999999994,0.0299999999999997,7.00000000000003,1,2,66,0.5
717,15350.345259,15349.162759,15349.664759,15350.345259,15356.308263,1,NaN,0,5.99999999999996,2,1,65,0.5
718,15358.886759,15357.730259,15358.162259,15358.834259,15361.454759,0,2.99999999999994,0.0299999999999997,5.99999999999996,2,1,65,0.5
719,15363.603259,15362.347264,15362.553259,15363.550759,15365.24176,1,2.99999999999994,0.0299999999999997,7.00000000000003,1,2,66,0.5
720,15367.65476,15366.972759,15367.005259,15367.65476,15368.16176,0,NaN,0,7.00000000000003,1,2,66,0.5
721,15385.623259,15384.445261,15384.747759,15385.623259,15386.420759,0,NaN,0,7.00000000000003,1,2,66,0.5
722,15399.566259,15398.667259,15398.839759,15399.566259,15400.110264,1,NaN,0,5.99999999999996,2,1,65,0.5
723,15410.969763,15410.289759,15410.441259,15410.917259,15413.689759,1,2.99999999999994,0.0299999999999997,7.00000000000003,1,2,66,0.5
724,15417.483759,15416.676759,15416.75576,15417.481759,15427.810759,1,2.99999999999994,0.0299999999999997,7.00000000000003,1,2,66,0.5
725,15429.341259,15428.549261,15428.574759,15429.341259,15433.158759,1,NaN,0,5.99999999999996,2,1,65,0.5
726,15437.498259,15436.51076,15436.832259,15437.498259,15441.66376,1,NaN,0,5.99999999999996,2,1,65,0.5
727,15445.770259,15444.81326,15444.92726,15445.71726,15447.94176,0,2.99999999999994,0.0299999999999997,5.99999999999996,2,1,65,0.5
728,15449.592259,15448.621761,15448.756759,15449.592259,15536.336259,1,NaN,0,5.99999999999996,2,1,65,0.5
729,15538.322759,15537.510764,15537.705259,15538.269764,15550.209761,0,2.99999999999994,0.0299999999999997,5.99999999999996,2,1,65,0.5
730,15553.308259,15552.307259,15552.372761,15553.308259,15560.432759,1,NaN,0,5.99999999999996,2,1,65,0.5
731,15562.69576,15561.94326,15561.998759,15562.643259,15565.244261,1,2.99999999999994,0.0299999999999997,7.00000000000003,1,2,66,0.5
732,15567.242259,15566.468259,15566.570759,15567.189759,15577.474259,0,2.99999999999994,0.0299999999999997,5.99999999999996,2,1,65,0.5
733,15579.272759,15578.24426,15578.53426,15579.21976,15582.074759,1,2.99999999999994,0.0299999999999997,7.00000000000003,1,2,66,0.5
734,15583.79976,15583.144259,15583.161759,15583.747259,15586.746759,0,2.99999999999994,0.0299999999999997,5.99999999999996,2,1,65,0.5
735,15588.469259,15587.571264,15587.768759,15588.469259,15594.940759,1,NaN,0,5.99999999999996,2,1,65,0.5
736,15597.163759,15596.365259,15596.468259,15597.163759,15604.108759,1,NaN,0,5.99999999999996,2,1,65,0.5
737,15607.368259,15606.522759,15606.619759,15607.368259,15613.44926,1,NaN,0,5.99999999999996,2,1,65,0.5
738,15619.230764,15618.378759,15618.443759,15619.177759,15629.412259,0,2.99999999999994,0.0299999999999997,5.99999999999996,2,1,65,0.5
739,15631.557263,15630.679259,15630.86926,15631.504759,15643.80726,0,2.99999999999994,0.0299999999999997,5.99999999999996,2,1,65,0.5
740,15645.849759,15644.870759,15644.97726,15645.849759,15650.929259,1,NaN,0,5.99999999999996,2,1,65,0.5
741,15653.347259,15651.850758,15651.874259,15653.29426,15670.442259,0,2.99999999999994,0.0299999999999997,5.99999999999996,2,1,65,0.5
742,15673.939759,15672.69326,15673.082259,15673.886759,15687.386763,1,2.99999999999994,0.0299999999999997,7.00000000000003,1,2,66,0.5
743,15689.88726,15688.455259,15688.537759,15689.88726,15694.03326,1,NaN,0,5.99999999999996,2,1,65,0.5
744,15701.230759,15700.291259,15700.33076,15701.230759,15707.654259,1,NaN,0,5.99999999999996,2,1,65,0.5
745,15710.204759,15709.186259,15709.35076,15710.204759,15715.104759,1,NaN,0,5.99999999999996,2,1,65,0.5
746,15734.269761,15732.630762,15733.330759,15734.269761,15737.634259,1,NaN,0,5.99999999999996,2,1,65,0.5
747,15743.320259,15742.617759,15742.649259,15743.320259,15747.438259,1,NaN,0,5.99999999999996,2,1,65,0.5
748,15750.805259,15749.975259,15750.174259,15750.805259,15753.746259,1,NaN,0,5.99999999999996,2,1,65,0.5
749,15757.351759,15756.641759,15756.898259,15757.351759,15777.155761,1,NaN,0,5.99999999999996,2,1,65,0.5
750,15792.036259,15790.940259,15791.139259,15792.033763,15805.605763,1,2.99999999999994,0.0299999999999997,7.00000000000003,1,2,66,0.5
751,15807.270259,15806.337259,15806.428259,15807.270259,15808.263759,1,NaN,0,5.99999999999996,2,1,65,0.5
752,15821.720259,15821.04776,15821.131259,15821.667759,15826.085763,0,2.99999999999994,0.0299999999999997,5.99999999999996,2,1,65,0.5
753,15828.037759,15827.197759,15827.295759,15827.984759,15846.928759,1,2.99999999999994,0.0299999999999997,7.00000000000003,1,2,66,0.5
754,15849.166762,15848.330259,15848.498759,15849.114261,15857.365764,1,2.99999999999994,0.0299999999999997,7.00000000000003,1,2,66,0.5
755,15859.809759,15858.959259,15859.08126,15859.756259,15865.818259,0,2.99999999999994,0.0299999999999997,5.99999999999996,2,1,65,0.5
756,15867.538759,15866.574259,15866.65126,15867.538759,15885.371259,1,NaN,0,5.99999999999996,2,1,65,0.5
757,15888.714259,15887.886263,15887.94126,15888.714259,15933.095259,0,NaN,0,7.00000000000003,1,2,66,0.5
758,15940.397759,15939.445764,15939.513759,15940.344259,15945.777259,0,2.99999999999994,0.0299999999999997,5.99999999999996,2,1,65,0.5
759,15948.36126,15947.082759,15947.119759,15948.35926,15966.358759,1,2.99999999999994,0.0299999999999997,7.00000000000003,1,2,66,0.5
760,15968.22776,15967.26526,15967.41126,15968.175259,15971.545758,1,2.99999999999994,0.0299999999999997,7.00000000000003,1,2,66,0.5
761,15974.351759,15973.531259,15973.56876,15974.34926,15987.139259,1,2.99999999999994,0.0299999999999997,7.00000000000003,1,2,66,0.5
762,15989.941259,15988.82326,15989.042759,15989.888259,15994.17326,1,2.99999999999994,0.0299999999999997,7.00000000000003,1,2,66,0.5
763,15996.265759,15995.343759,15995.452759,15996.265759,16002.854759,1,NaN,0,5.99999999999996,2,1,65,0.5
764,16005.562759,16004.689759,16004.73626,16005.562759,16033.655759,1,NaN,0,5.99999999999996,2,1,65,0.5
765,16036.60876,16035.418259,16035.478263,16036.606254,16041.07076,0,2.99999999999994,0.0299999999999997,5.99999999999996,2,1,65,0.5
766,16042.817759,16041.929759,16042.039759,16042.817759,16057.137259,1,NaN,0,5.99999999999996,2,1,65,0.5
767,16059.16576,16058.131759,16058.187759,16059.16576,16081.711259,1,NaN,0,5.99999999999996,2,1,65,0.5
768,16086.884259,16086.040761,16086.089759,16086.831759,16092.821759,1,2.99999999999994,0.0299999999999997,7.00000000000003,1,2,66,0.5
769,16094.973259,16094.225759,16094.302259,16094.920259,16097.994759,0,2.99999999999994,0.0299999999999997,5.99999999999996,2,1,65,0.5
770,16101.78326,16100.579759,16100.674759,16101.730759,16107.894259,1,2.99999999999994,0.0299999999999997,7.00000000000003,1,2,66,0.5
771,16109.786259,16108.91276,16108.952761,16109.733259,16115.865263,0,2.99999999999994,0.0299999999999997,5.99999999999996,2,1,65,0.5
772,16117.929259,16116.897759,16116.990261,16117.929259,16118.290259,1,NaN,0,5.99999999999996,2,1,65,0.5
773,16125.346259,16124.032259,16124.118759,16125.29376,16133.354759,0,2.99999999999994,0.0299999999999997,5.99999999999996,2,1,65,0.5
774,16135.905759,16135.023259,16135.287761,16135.905759,16144.558763,1,NaN,0,5.99999999999996,2,1,65,0.5
775,16146.032759,16145.305259,16145.387759,16146.032759,16152.923759,0,NaN,0,7.00000000000003,1,2,66,0.5
776,16154.77576,16153.966259,16154.048259,16154.723259,16167.688259,0,2.99999999999994,0.0299999999999997,5.99999999999996,2,1,65,0.5
777,16169.498759,16168.629759,16168.666759,16169.446259,16174.136759,1,2.99999999999994,0.0299999999999997,7.00000000000003,1,2,66,0.5
778,16176.21626,16175.396759,16175.461759,16176.21626,16185.51976,0,NaN,0,7.00000000000003,1,2,66,0.5
779,16187.839761,16186.836259,16187.001759,16187.786761,16193.345259,1,2.99999999999994,0.0299999999999997,7.00000000000003,1,2,66,0.5
780,16195.034759,16194.188759,16194.277259,16194.982259,16199.579759,0,2.99999999999994,0.0299999999999997,5.99999999999996,2,1,65,0.5
781,16201.440259,16200.51426,16200.599759,16201.387759,16215.915259,1,2.99999999999994,0.0299999999999997,7.00000000000003,1,2,66,0.5
782,16218.506259,16217.787259,16217.861259,16218.506259,16221.304259,0,NaN,0,7.00000000000003,1,2,66,0.5
783,16225.414759,16224.365259,16224.59676,16225.362759,16237.42176,0,2.99999999999994,0.0299999999999997,5.99999999999996,2,1,65,0.5
784,16239.668759,16238.543259,16238.849759,16239.615759,16246.028759,0,2.99999999999994,0.0299999999999997,5.99999999999996,2,1,65,0.5
785,16247.932259,16246.82126,16247.050761,16247.929259,16250.502759,1,2.99999999999994,0.0299999999999997,7.00000000000003,1,2,66,0.5
786,16252.333259,16251.342259,16251.527259,16252.280259,16256.492259,1,2.99999999999994,0.0299999999999997,7.00000000000003,1,2,66,0.5
787,16258.381263,16257.547259,16257.71326,16258.328262,16263.458761,1,2.99999999999994,0.0299999999999997,7.00000000000003,1,2,66,0.5
788,16265.23926,16264.478759,16264.580259,16265.23926,16270.482259,1,NaN,0,5.99999999999996,2,1,65,0.5
789,16272.353759,16271.505759,16271.634759,16272.301263,16280.607259,0,2.99999999999994,0.0299999999999997,5.99999999999996,2,1,65,0.5
790,16282.464759,16281.442759,16281.516263,16282.412759,16290.728759,1,2.99999999999994,0.0299999999999997,7.00000000000003,1,2,66,0.5
791,16292.43076,16291.677759,16291.710754,16292.377759,16296.607759,0,2.99999999999994,0.0299999999999997,5.99999999999996,2,1,65,0.5
792,16298.655259,16297.789759,16297.824261,16298.602259,16303.221263,1,2.99999999999994,0.0299999999999997,7.00000000000003,1,2,66,0.5
793,16305.102754,16304.199759,16304.355759,16305.049759,16311.698259,0,2.99999999999994,0.0299999999999997,5.99999999999996,2,1,65,0.5
794,16313.569259,16312.544259,16312.791759,16313.569259,16318.384759,0,NaN,0,7.00000000000003,1,2,66,0.5
795,16320.667759,16319.919759,16319.94076,16320.667759,16325.338759,0,NaN,0,7.00000000000003,1,2,66,0.5
796,16327.356759,16326.37626,16326.634259,16327.356759,16327.821764,0,NaN,0,7.00000000000003,1,2,66,0.5
797,16335.306259,16334.096759,16334.552263,16335.252764,16350.354261,1,2.99999999999994,0.0299999999999997,7.00000000000003,1,2,66,0.5
798,16352.63826,16351.723759,16351.888763,16352.586259,16360.051759,1,2.99999999999994,0.0299999999999997,7.00000000000003,1,2,66,0.5
799,16361.768759,16360.830759,16361.10776,16361.768759,16368.733263,0,NaN,0,7.00000000000003,1,2,66,0.5
800,16371.81176,16370.410759,16371.002759,16371.81176,16378.924259,0,NaN,0,7.00000000000003,1,2,66,0.5
801,16869.24676,16867.964259,16868.30826,16869.244759,16907.280761,1,2.99999999999994,0.0299999999999997,7.00000000000003,1,2,66,0.5
802,16912.714259,16911.883259,16912.028759,16912.714259,16919.351259,0,NaN,0,7.00000000000003,1,2,66,0.5
803,16923.078759,16922.04926,16922.123759,16923.078759,16941.142759,1,NaN,0,5.99999999999996,2,1,65,0.5
804,16945.470759,16944.870259,16944.996759,16945.470759,16946.423759,1,NaN,0,5.99999999999996,2,1,65,0.5
805,16954.286259,16951.653759,16951.811259,16954.286259,16958.06126,0,NaN,0,7.00000000000003,1,2,66,0.5
806,16960.757759,16959.631759,16960.273759,16960.757759,16967.38926,0,NaN,0,7.00000000000003,1,2,66,0.5
807,16971.364264,16970.740759,16970.87276,16971.364264,17046.244759,0,NaN,0,7.00000000000003,1,2,66,0.5
808,17071.778759,17071.009759,17071.20026,17071.778759,17118.848759,0,NaN,0,7.00000000000003,1,2,66,0.5
809,17122.586759,17120.983259,17121.135264,17122.533259,17125.534259,1,2.99999999999994,0.0299999999999997,7.00000000000003,1,2,66,0.5
810,17127.212259,17126.582259,17126.616259,17127.212259,17127.57776,0,NaN,0,7.00000000000003,1,2,66,0.5
811,17154.100759,17141.47876,17141.685759,NaN,NaN,NaN,NaN,0,5.99999999999996,2,1,65,0.5
812,17186.14926,17185.256259,17185.43876,17186.096263,17190.179259,0,2.99999999999994,0.0299999999999997,5.99999999999996,2,1,65,0.5
813,17192.68476,17191.883759,17192.038759,17192.632259,17198.459759,1,2.99999999999994,0.0299999999999997,7.00000000000003,1,2,66,0.5
814,17200.172759,17199.399759,17199.477264,17200.11976,17210.579259,1,2.99999999999994,0.0299999999999997,7.00000000000003,1,2,66,0.5
815,17212.954259,17211.692759,17211.850759,17212.954259,17217.260259,1,NaN,0,5.99999999999996,2,1,65,0.5
816,17252.379761,17251.715259,17251.768259,17252.379761,17273.603759,1,NaN,0,5.99999999999996,2,1,65,0.5
817,17275.286259,17274.492759,17274.677759,17275.233259,17288.591759,0,2.99999999999994,0.0299999999999997,5.99999999999996,2,1,65,0.5
818,17291.109759,17289.429759,17289.463259,17291.109759,17296.167763,0,NaN,0,7.00000000000003,1,2,66,0.5
819,17300.245259,17299.63026,17299.709259,17300.192759,17303.479759,0,2.99999999999994,0.0299999999999997,5.99999999999996,2,1,65,0.5
820,17306.245759,17305.443259,17305.533759,17306.192759,17315.463259,1,2.99999999999994,0.0299999999999997,7.00000000000003,1,2,66,0.5
821,17316.777259,17315.971259,17316.006759,17316.724259,17326.299263,1,2.99999999999994,0.0299999999999997,7.00000000000003,1,2,66,0.5
822,17329.022759,17327.86476,17327.981259,17328.970259,17334.912259,0,2.99999999999994,0.0299999999999997,5.99999999999996,2,1,65,0.5
823,17336.753259,17335.827759,17335.871759,17336.700759,17348.759259,1,2.99999999999994,0.0299999999999997,7.00000000000003,1,2,66,0.5
824,17350.37326,17349.43526,17349.524759,17350.32076,17355.700759,1,2.99999999999994,0.0299999999999997,7.00000000000003,1,2,66,0.5
825,17357.55476,17356.723759,17356.75426,17357.502259,17364.183759,0,2.99999999999994,0.0299999999999997,5.99999999999996,2,1,65,0.5
826,17366.10976,17365.217259,17365.42026,17366.10976,17390.966259,1,NaN,0,5.99999999999996,2,1,65,0.5
827,17393.601259,17392.795759,17392.816259,17393.601259,17396.656759,0,NaN,0,7.00000000000003,1,2,66,0.5
828,17404.17876,17403.311259,17403.449761,17404.125759,17411.40076,0,2.99999999999994,0.0299999999999997,5.99999999999996,2,1,65,0.5
829,17413.07626,17412.296259,17412.360759,17413.07626,17416.773759,0,NaN,0,7.00000000000003,1,2,66,0.5
830,17420.923759,17419.849761,17420.110759,17420.870759,17428.416259,0,2.99999999999994,0.0299999999999997,5.99999999999996,2,1,65,0.5
831,17429.919259,17429.144759,17429.261759,17429.919259,17442.537759,0,NaN,0,7.00000000000003,1,2,66,0.5
832,17447.973759,17447.243259,17447.334759,17447.921759,17457.723759,1,2.99999999999994,0.0299999999999997,7.00000000000003,1,2,66,0.5
833,17459.090259,17458.350759,17458.513759,17459.03776,17464.302759,1,2.99999999999994,0.0299999999999997,7.00000000000003,1,2,66,0.5
834,17466.875759,17466.125759,17466.149759,17466.822759,17474.743259,1,2.99999999999994,0.0299999999999997,7.00000000000003,1,2,66,0.5
835,17476.577759,17475.762259,17475.905759,17476.577759,17481.05726,1,NaN,0,5.99999999999996,2,1,65,0.5
836,17482.851759,17482.02876,17482.22976,17482.798759,17492.63676,0,2.99999999999994,0.0299999999999997,5.99999999999996,2,1,65,0.5
837,17494.71826,17493.841259,17493.925259,17494.665259,17499.113759,0,2.99999999999994,0.0299999999999997,5.99999999999996,2,1,65,0.5
838,17501.279259,17500.42326,17500.571759,17501.226259,17510.252759,1,2.99999999999994,0.0299999999999997,7.00000000000003,1,2,66,0.5
839,17512.153259,17511.349759,17511.37876,17512.100259,17517.785759,1,2.99999999999994,0.0299999999999997,7.00000000000003,1,2,66,0.5
840,17520.037759,17519.21826,17519.285759,17519.984759,17526.191759,0,2.99999999999994,0.0299999999999997,5.99999999999996,2,1,65,0.5
841,17528.08126,17527.210259,17527.344259,17528.08126,17532.362759,0,NaN,0,7.00000000000003,1,2,66,0.5
842,17535.702259,17534.122259,17534.576259,17535.702259,17540.180259,1,NaN,0,5.99999999999996,2,1,65,0.5
843,17542.602259,17541.708759,17541.862759,17542.602259,17567.699761,0,NaN,0,7.00000000000003,1,2,66,0.5
844,17569.261263,17568.341764,17568.380754,17569.208754,17579.046259,1,2.99999999999994,0.0299999999999997,7.00000000000003,1,2,66,0.5
845,17580.94626,17580.112259,17580.140759,17580.89376,17589.54276,0,2.99999999999994,0.0299999999999997,5.99999999999996,2,1,65,0.5
846,17591.312259,17590.498259,17590.531759,17591.312259,17597.198259,0,NaN,0,7.00000000000003,1,2,66,0.5
847,17598.87376,17598.010759,17598.122759,17598.87376,17599.435259,0,NaN,0,7.00000000000003,1,2,66,0.5
848,17607.579759,17606.571259,17606.848259,17607.527259,17611.038259,1,2.99999999999994,0.0299999999999997,7.00000000000003,1,2,66,0.5
849,17613.074759,17612.372259,17612.398759,17613.074759,17618.818259,1,NaN,0,5.99999999999996,2,1,65,0.5
850,17621.131259,17620.074261,17620.419759,17621.078259,17631.150759,0,2.99999999999994,0.0299999999999997,5.99999999999996,2,1,65,0.5
851,17632.983259,17632.157759,17632.181754,17632.930259,17639.184259,0,2.99999999999994,0.0299999999999997,5.99999999999996,2,1,65,0.5
852,17641.296259,17640.441259,17640.490759,17641.243759,17646.589259,1,2.99999999999994,0.0299999999999997,7.00000000000003,1,2,66,0.5
853,17649.50276,17648.355259,17648.56676,17649.50276,17653.88826,0,NaN,0,7.00000000000003,1,2,66,0.5
854,17656.613259,17655.926759,17656.050259,17656.613259,17659.549259,1,NaN,0,5.99999999999996,2,1,65,0.5
855,17664.50826,17663.581759,17663.711759,17664.45526,17669.971759,1,2.99999999999994,0.0299999999999997,7.00000000000003,1,2,66,0.5
856,17671.802259,17671.084759,17671.150759,17671.802259,17673.411759,0,NaN,0,7.00000000000003,1,2,66,0.5
857,17679.251259,17677.345259,17677.488759,17679.198259,17687.786259,1,2.99999999999994,0.0299999999999997,7.00000000000003,1,2,66,0.5
858,17689.604259,17688.689259,17688.778259,17689.572259,17697.841259,1,2.99999999999994,0.0299999999999997,7.00000000000003,1,2,66,0.5
859,17699.990259,17699.102259,17699.145259,17699.937759,17705.392259,1,2.99999999999994,0.0299999999999997,7.00000000000003,1,2,66,0.5
860,17707.316261,17706.55176,17706.631259,17707.316261,17713.232259,1,NaN,0,5.99999999999996,2,1,65,0.5
861,17715.562259,17714.21226,17714.347759,17715.562259,17718.778759,1,NaN,0,5.99999999999996,2,1,65,0.5
862,17722.279759,17721.453259,17721.533759,17722.279759,17882.71026,1,NaN,0,5.99999999999996,2,1,65,0.5
863,18211.331759,18210.140757,18210.531759,18211.331759,18249.062259,1,NaN,0,5.99999999999996,2,1,65,0.5
864,18257.195759,18256.493759,18256.674259,18257.143259,18261.415759,1,2.99999999999994,0.0299999999999997,7.00000000000003,1,2,66,0.5
865,18263.930759,18263.250763,18263.322759,18263.878259,18268.817759,0,2.99999999999994,0.0299999999999997,5.99999999999996,2,1,65,0.5
866,18270.27426,18269.439259,18269.622759,18270.22126,18274.488259,0,2.99999999999994,0.0299999999999997,5.99999999999996,2,1,65,0.5
867,18276.340759,18275.571759,18275.702259,18276.340759,18307.168759,1,NaN,0,5.99999999999996,2,1,65,0.5
868,18309.57626,18308.866759,18309.041259,18309.57626,18317.074764,0,NaN,0,7.00000000000003,1,2,66,0.5
869,18320.918259,18320.360759,18320.498259,18320.918259,18354.225759,1,NaN,0,5.99999999999996,2,1,65,0.5
870,18357.30326,18356.211259,18356.265259,18357.250259,18360.248259,0,2.99999999999994,0.0299999999999997,5.99999999999996,2,1,65,0.5
871,18371.973759,18370.827759,18371.001759,18371.921259,18378.70326,0,2.99999999999994,0.0299999999999997,5.99999999999996,2,1,65,0.5
872,18381.277759,18380.57776,18380.842759,18381.277759,18384.126759,1,NaN,0,5.99999999999996,2,1,65,0.5
873,18387.36226,18386.727259,18386.897759,18387.36226,18389.807259,1,NaN,0,5.99999999999996,2,1,65,0.5
874,18395.759759,18395.119259,18395.179759,18395.759759,18400.00026,1,NaN,0,5.99999999999996,2,1,65,0.5
875,18406.16526,18405.364259,18405.523259,18406.113259,18416.470259,0,2.99999999999994,0.0299999999999997,5.99999999999996,2,1,65,0.5
876,18417.832259,18417.130759,18417.293259,18417.832259,18477.32276,1,NaN,0,5.99999999999996,2,1,65,0.5
877,18478.653759,18478.047763,18478.101259,18478.600759,18481.306259,0,2.99999999999994,0.0299999999999997,5.99999999999996,2,1,65,0.5
878,18483.281259,18482.396259,18482.438259,18483.228759,18491.090759,1,2.99999999999994,0.0299999999999997,7.00000000000003,1,2,66,0.5
879,18492.523262,18491.73176,18491.83826,18492.523262,18542.64526,1,NaN,0,5.99999999999996,2,1,65,0.5
880,18544.185259,18543.436763,18543.588763,18544.185259,18563.380759,1,NaN,0,5.99999999999996,2,1,65,0.5
881,18565.342259,18564.407259,18564.629259,18565.289263,18567.377259,0,2.99999999999994,0.0299999999999997,5.99999999999996,2,1,65,0.5
882,18570.357759,18569.581759,18569.83476,18570.304759,18577.913759,1,2.99999999999994,0.0299999999999997,7.00000000000003,1,2,66,0.5
883,18579.619761,18578.804259,NaN,18579.619761,18584.226759,1,NaN,0,5.99999999999996,2,1,65,0.5
884,18586.989759,18586.362259,18586.572759,18586.989759,18600.863261,1,NaN,0,5.99999999999996,2,1,65,0.5
885,18604.761259,18603.748259,18603.77276,18604.708263,18619.674759,0,2.99999999999994,0.0299999999999997,5.99999999999996,2,1,65,0.5
886,18621.072759,18620.374759,18620.433759,18621.020259,18623.63926,0,2.99999999999994,0.0299999999999997,5.99999999999996,2,1,65,0.5
887,18626.573759,18625.668762,18625.992759,18626.573759,18635.336259,1,NaN,0,5.99999999999996,2,1,65,0.5
888,18636.875261,18636.345259,18636.434759,18636.875261,18643.53526,1,NaN,0,5.99999999999996,2,1,65,0.5
889,18645.13626,18644.200759,18644.341759,18645.13626,18678.041259,1,NaN,0,5.99999999999996,2,1,65,0.5
890,18679.721759,18679.060259,18679.190759,18679.721759,18687.879263,1,NaN,0,5.99999999999996,2,1,65,0.5
891,18699.105759,18698.062759,18698.130259,18699.053259,18705.314759,0,2.99999999999994,0.0299999999999997,5.99999999999996,2,1,65,0.5
892,18730.178759,18729.01226,18729.05626,18730.178759,18744.986259,1,NaN,0,5.99999999999996,2,1,65,0.5
893,18757.591259,18756.967259,18757.076763,18757.567259,18777.825759,1,2.99999999999994,0.0299999999999997,7.00000000000003,1,2,66,0.5
894,18779.536259,18778.59426,18778.711759,18779.536259,18782.523259,1,NaN,0,5.99999999999996,2,1,65,0.5
895,18788.714759,18786.700259,18788.05426,18788.714759,18827.87476,0,NaN,0,7.00000000000003,1,2,66,0.5
896,18829.715259,18829.117259,18829.180259,18829.715259,18854.01726,1,NaN,0,5.99999999999996,2,1,65,0.5
897,18857.12626,18856.549259,18856.580759,18857.12626,18873.87626,1,NaN,0,5.99999999999996,2,1,65,0.5
898,18880.067259,18879.32726,18879.47126,18880.067259,18927.776259,0,NaN,0,7.00000000000003,1,2,66,0.5
899,18929.776759,18928.950759,18929.272759,18929.776759,18938.972759,1,NaN,0,5.99999999999996,2,1,65,0.5
900,18950.153259,18949.287759,18949.347259,18950.153259,19072.21876,0,NaN,0,7.00000000000003,1,2,66,0.5
901,19145.430759,19134.833259,19134.892761,19145.378259,19152.675259,0,2.99999999999994,0.0299999999999997,5.99999999999996,2,1,65,0.5
902,19159.512759,19158.803759,19158.812759,19159.512759,19185.601759,0,NaN,0,7.00000000000003,1,2,66,0.5
903,19254.190759,19252.991761,19253.324259,19254.190759,19259.21276,0,NaN,0,7.00000000000003,1,2,66,0.5
904,19261.980764,19261.03126,19261.127759,19261.928759,19270.220259,1,2.99999999999994,0.0299999999999997,7.00000000000003,1,2,66,0.5
905,19281.547259,19280.172259,19280.480259,19281.547259,19311.938259,0,NaN,0,7.00000000000003,1,2,66,0.5
906,19315.65876,19314.919259,19315.11726,19315.65876,19316.121259,0,NaN,0,7.00000000000003,1,2,66,0.5
907,19322.080259,19321.348259,19321.561759,19322.02776,19332.247259,1,2.99999999999994,0.0299999999999997,7.00000000000003,1,2,66,0.5
908,19333.978259,19333.20276,19333.308259,19333.924759,19349.92626,1,2.99999999999994,0.0299999999999997,7.00000000000003,1,2,66,0.5
909,19352.304259,19350.933259,19351.428759,19352.304259,19360.037259,1,NaN,0,5.99999999999996,2,1,65,0.5
910,19362.150759,19361.217759,19361.36476,19362.097759,19369.31476,1,2.99999999999994,0.0299999999999997,7.00000000000003,1,2,66,0.5
911,19370.941759,19370.181259,19370.300259,19370.941759,19376.313759,1,NaN,0,5.99999999999996,2,1,65,0.5
912,19406.443259,19405.850264,19405.943759,19406.443259,19420.724761,1,NaN,0,5.99999999999996,2,1,65,0.5
913,19441.659259,19440.69976,19440.801759,19441.659259,19458.54376,0,NaN,0,7.00000000000003,1,2,66,0.5
914,19464.045259,19463.237759,19463.306759,19464.045259,19464.199759,1,NaN,0,5.99999999999996,2,1,65,0.5
915,19508.64776,19507.603759,19507.972259,19508.64776,19521.151259,1,NaN,0,5.99999999999996,2,1,65,0.5
916,19542.405259,19541.424259,19541.503759,19542.405259,19553.971759,0,NaN,0,7.00000000000003,1,2,66,0.5
917,19564.580259,19563.881759,19564.01526,19564.580259,19570.40526,1,NaN,0,5.99999999999996,2,1,65,0.5
918,19573.38126,19572.776759,19572.848259,19573.328759,19591.273759,1,2.99999999999994,0.0299999999999997,7.00000000000003,1,2,66,0.5
919,19597.895259,19597.219259,19597.358259,19597.895259,19616.085261,1,NaN,0,5.99999999999996,2,1,65,0.5
920,19618.97676,19617.94126,19618.166759,19618.924259,19623.273759,0,2.99999999999994,0.0299999999999997,5.99999999999996,2,1,65,0.5
921,19625.094259,19624.089759,19624.124759,19625.042259,19637.83526,1,2.99999999999994,0.0299999999999997,7.00000000000003,1,2,66,0.5
922,19705.689759,19704.563759,19704.92126,19705.689759,20004.382259,1,NaN,0,5.99999999999996,2,1,65,0.5
923,20006.751259,20005.882759,20005.993759,20006.698259,20015.463759,0,2.99999999999994,0.0299999999999997,5.99999999999996,2,1,65,0.5
924,20017.358259,20016.50276,20016.57126,20017.358259,20024.07526,0,NaN,0,7.00000000000003,1,2,66,0.5
925,20026.353259,20025.431259,20025.630259,20026.300259,20029.106259,0,2.99999999999994,0.0299999999999997,5.99999999999996,2,1,65,0.5
926,20032.83426,20031.971759,20032.13226,20032.781259,20039.612759,1,2.99999999999994,0.0299999999999997,7.00000000000003,1,2,66,0.5
927,20041.155759,20040.49476,20040.554759,20041.155759,20101.630259,1,NaN,0,5.99999999999996,2,1,65,0.5
928,20112.008759,20111.032759,20111.279259,20111.955259,20115.302259,0,2.99999999999994,0.0299999999999997,5.99999999999996,2,1,65,0.5
929,20117.155761,20116.349759,20116.41526,20117.155761,20131.301259,1,NaN,0,5.99999999999996,2,1,65,0.5
930,20133.030759,20132.31576,20132.503259,20133.030759,20186.893759,1,NaN,0,5.99999999999996,2,1,65,0.5
931,20201.648259,20200.718259,20201.058759,20201.595759,20204.901759,0,2.99999999999994,0.0299999999999997,5.99999999999996,2,1,65,0.5
932,20206.768259,20206.043763,20206.223263,20206.768259,20258.191759,1,NaN,0,5.99999999999996,2,1,65,0.5
933,20260.667259,20259.67926,20259.691259,20260.613759,20264.74526,0,2.99999999999994,0.0299999999999997,5.99999999999996,2,1,65,0.5
934,20267.555263,20266.514263,20266.849759,20267.502759,20276.091259,1,2.99999999999994,0.0299999999999997,7.00000000000003,1,2,66,0.5
935,20277.817759,20276.803759,20277.097759,20277.764759,20281.789259,0,2.99999999999994,0.0299999999999997,5.99999999999996,2,1,65,0.5
936,20284.207759,20283.13926,20283.310759,20284.155259,20289.537759,1,2.99999999999994,0.0299999999999997,7.00000000000003,1,2,66,0.5
937,20291.296761,20290.537759,20290.659259,20291.296761,20299.395763,0,NaN,0,7.00000000000003,1,2,66,0.5
938,20301.269259,20300.178259,20300.392263,20301.216259,20306.240262,1,2.99999999999994,0.0299999999999997,7.00000000000003,1,2,66,0.5
939,20309.232759,20308.35576,20308.629759,20309.180259,20315.404259,0,2.99999999999994,0.0299999999999997,5.99999999999996,2,1,65,0.5
940,20318.080259,20316.540259,20317.172759,20318.027259,20322.909759,1,2.99999999999994,0.0299999999999997,7.00000000000003,1,2,66,0.5
941,20324.753759,20323.937259,20324.126259,20324.753759,20329.023759,0,NaN,0,7.00000000000003,1,2,66,0.5
942,20331.721759,20330.439259,20331.100759,20331.721759,20335.76526,0,NaN,0,7.00000000000003,1,2,66,0.5
943,20348.156259,20347.181259,20347.393259,20348.103759,20360.736259,0,2.99999999999994,0.0299999999999997,5.99999999999996,2,1,65,0.5
944,20363.251759,20362.534763,20362.623259,20363.251759,20398.103759,0,NaN,0,7.00000000000003,1,2,66,0.5
945,20400.297259,20398.861259,20399.074759,20400.244759,20404.989759,1,2.99999999999994,0.0299999999999997,7.00000000000003,1,2,66,0.5
946,20407.528759,20406.708759,20406.76126,20407.528759,20414.547264,0,NaN,0,7.00000000000003,1,2,66,0.5
947,20417.782264,20415.863759,20415.899259,20417.729261,20425.121259,1,2.99999999999994,0.0299999999999997,7.00000000000003,1,2,66,0.5
948,20426.94926,20425.78526,20426.03676,20426.94926,20436.99626,1,NaN,0,5.99999999999996,2,1,65,0.5
949,20438.495259,20437.678759,20437.755759,20438.495259,20438.914259,0,NaN,0,7.00000000000003,1,2,66,0.5
950,20824.030259,20822.565259,20822.943759,20823.97726,20828.692764,1,2.99999999999994,0.0299999999999997,7.00000000000003,1,2,66,0.5
951,20834.142259,20833.228259,20833.354259,20834.142259,20834.493759,0,NaN,0,7.00000000000003,1,2,66,0.5
952,20840.900759,20839.949259,20840.200259,20840.900759,20849.645761,1,NaN,0,5.99999999999996,2,1,65,0.5
953,20851.374759,20850.539759,20850.688759,20851.321759,20855.430259,0,2.99999999999994,0.0299999999999997,5.99999999999996,2,1,65,0.5
954,20857.559259,20856.489259,20856.790259,20857.506759,20862.55826,1,2.99999999999994,0.0299999999999997,7.00000000000003,1,2,66,0.5
955,20864.856759,20863.764759,20863.944259,20864.856759,20865.335259,1,NaN,0,5.99999999999996,2,1,65,0.5
956,20872.15876,20871.038259,20871.43076,20872.106259,20875.782259,0,2.99999999999994,0.0299999999999997,5.99999999999996,2,1,65,0.5
957,20877.883264,20877.022259,20877.036259,20877.883264,20881.362759,1,NaN,0,5.99999999999996,2,1,65,0.5
958,20887.65926,20886.89776,20886.994759,20887.65926,20896.895759,1,NaN,0,5.99999999999996,2,1,65,0.5
959,20898.58376,20897.467261,20897.65826,20898.581259,20902.953259,1,2.99999999999994,0.0299999999999997,7.00000000000003,1,2,66,0.5
960,20904.689759,20903.862259,20904.01876,20904.636259,20909.292759,0,2.99999999999994,0.0299999999999997,5.99999999999996,2,1,65,0.5
961,20911.668759,20910.762259,20910.817259,20911.668759,20925.794264,1,NaN,0,5.99999999999996,2,1,65,0.5
962,20935.546259,20934.75526,20934.808259,20935.546259,20957.089259,1,NaN,0,5.99999999999996,2,1,65,0.5
963,20958.786761,20957.86926,20958.112759,20958.786761,20987.169259,0,NaN,0,7.00000000000003,1,2,66,0.5
964,20988.378759,20987.758761,20987.804261,20988.378759,20991.069759,0,NaN,0,7.00000000000003,1,2,66,0.5
965,21007.891759,21007.12676,21007.238259,21007.83826,21010.672759,0,2.99999999999994,0.0299999999999997,5.99999999999996,2,1,65,0.5
966,21017.829259,21017.205263,21017.30926,21017.812259,21029.375759,1,2.99999999999994,0.0299999999999997,7.00000000000003,1,2,66,0.5
967,21031.22926,21030.329259,21030.513259,21031.176259,21039.50876,1,2.99999999999994,0.0299999999999997,7.00000000000003,1,2,66,0.5
968,21041.665259,21040.500259,21040.82476,21041.61276,21045.407261,1,2.99999999999994,0.0299999999999997,7.00000000000003,1,2,66,0.5
969,21278.316759,21277.219259,21277.312759,21278.263759,21280.885759,1,2.99999999999994,0.0299999999999997,7.00000000000003,1,2,66,0.5
970,21283.725259,21282.710259,21282.810259,21283.672259,21289.960263,0,2.99999999999994,0.0299999999999997,5.99999999999996,2,1,65,0.5
971,21292.930263,21291.830763,21292.04676,21292.930263,21303.447259,1,NaN,0,5.99999999999996,2,1,65,0.5
972,21306.393259,21305.537259,21305.630262,21306.340259,21310.489759,1,2.99999999999994,0.0299999999999997,7.00000000000003,1,2,66,0.5
973,21312.61276,21311.842259,21311.891759,21312.61276,21360.707261,1,NaN,0,5.99999999999996,2,1,65,0.5
974,21368.859259,21367.931759,21368.023259,21368.805761,21371.355759,0,2.99999999999994,0.0299999999999997,5.99999999999996,2,1,65,0.5
975,21373.54876,21372.681764,21372.823759,21373.54876,21393.963759,1,NaN,0,5.99999999999996,2,1,65,0.5
976,21395.860259,21395.150761,21395.203259,21395.807259,21401.64326,0,2.99999999999994,0.0299999999999997,5.99999999999996,2,1,65,0.5
977,21403.699759,21402.763759,21403.01576,21403.699759,21408.680759,0,NaN,0,7.00000000000003,1,2,66,0.5
978,21411.60176,21410.38526,21410.71376,21411.599259,21418.28626,1,2.99999999999994,0.0299999999999997,7.00000000000003,1,2,66,0.5
979,21420.429759,21419.593759,21419.748759,21420.37626,21430.30426,0,2.99999999999994,0.0299999999999997,5.99999999999996,2,1,65,0.5
980,21432.304759,21431.416761,21431.608259,21432.304759,21436.405759,0,NaN,0,7.00000000000003,1,2,66,0.5
981,21439.394259,21438.41176,21438.633759,21439.34126,21442.996759,1,2.99999999999994,0.0299999999999997,7.00000000000003,1,2,66,0.5
982,21444.799259,21444.048759,21444.12976,21444.799259,21459.05176,0,NaN,0,7.00000000000003,1,2,66,0.5
983,21461.592259,21460.786259,21460.902259,21461.592259,21475.093259,0,NaN,0,7.00000000000003,1,2,66,0.5
984,21476.575759,21475.75976,21475.916759,21476.522759,21477.971759,1,2.99999999999994,0.0299999999999997,7.00000000000003,1,2,66,0.5
985,21479.959259,21479.109259,21479.267759,21479.959259,21483.348259,0,NaN,0,7.00000000000003,1,2,66,0.5
986,21488.463759,21487.709759,21487.791759,21488.411259,21490.993259,0,2.99999999999994,0.0299999999999997,5.99999999999996,2,1,65,0.5
987,21492.790259,21491.811259,21491.916261,21492.737259,21495.893759,1,2.99999999999994,0.0299999999999997,7.00000000000003,1,2,66,0.5
988,21497.868259,21497.123259,21497.216259,21497.868259,NaN,0,NaN,0,7.00000000000003,1,2,66,0.5
