trial,outcome,center_in,center_out,side_in,last_side_out,actions,reward,trial_types,odors,port_side,schedule,odor_name,odor_dur
1,2482.12026,2478.435758,2478.528757,2482.12026,2487.915258,1,NaN,0,5.99999999999996,2,1,65,0.5
2,2493.795758,2489.357758,2489.423758,2493.742257,2498.603757,0,2.99999999999994,0.0299999999999997,5.99999999999996,2,1,65,0.5
3,2500.636757,2500.218257,2500.312262,2500.636757,2511.309758,0,NaN,0,7.00000000000003,1,2,66,0.5
4,2514.409757,2513.587262,2513.753258,2514.409757,2517.729757,0,NaN,0,7.00000000000003,1,2,66,0.5
5,2526.138758,2525.667757,2525.771758,2526.138758,2536.160258,0,NaN,0,7.00000000000003,1,2,66,0.5
6,2537.260757,2536.737257,2536.775757,2537.260757,2549.444257,0,NaN,0,7.00000000000003,1,2,66,0.5
7,2550.818757,2550.390757,2550.520262,2550.818757,2557.598258,0,NaN,0,7.00000000000003,1,2,66,0.5
8,2560.463258,2559.341759,2559.794257,2560.463258,2584.767762,0,NaN,0,7.00000000000003,1,2,66,0.5
9,2587.964758,2587.584757,2587.612257,2587.964758,2595.102759,0,NaN,0,7.00000000000003,1,2,66,0.5
10,2597.181259,2596.516257,2596.698258,2597.181259,2611.714257,0,NaN,0,7.00000000000003,1,2,66,0.5
11,2613.326258,2612.700257,2612.934757,2613.326258,2627.914257,0,NaN,0,7.00000000000003,1,2,66,0.5
12,2631.088258,2630.268257,2630.475257,2631.088258,2637.889758,0,NaN,0,7.00000000000003,1,2,66,0.5
13,2641.776258,2640.985258,2641.179258,2641.776258,2650.671257,1,NaN,0,5.99999999999996,2,1,65,0.5
14,2652.943259,2652.200258,2652.229757,2652.940757,2655.868758,1,1.99999999999996,0.0200000000000003,7.00000000000003,1,2,66,0.5
15,2664.207758,2663.140758,2663.383257,2664.205257,2671.948262,0,1.99999999999996,0.0200000000000003,5.99999999999996,2,1,65,0.5
16,2673.800262,2672.546757,2673.089762,2673.797758,2682.311758,0,1.99999999999996,0.0200000000000003,5.99999999999996,2,1,65,0.5
17,2683.911258,2683.170757,2683.199757,2683.909257,2696.122758,1,1.99999999999996,0.0200000000000003,7.00000000000003,1,2,66,0.5
18,2700.465257,2699.623757,2699.651758,2700.465257,2712.548257,1,NaN,0,5.99999999999996,2,1,65,0.5
19,2714.099758,2713.192757,2713.598759,2714.099758,2732.102257,0,NaN,0,7.00000000000003,1,2,66,0.5
20,2733.628257,2732.718757,2732.818757,2733.628257,2745.363757,0,NaN,0,7.00000000000003,1,2,66,0.5
21,2746.554257,2745.853758,2745.941257,2746.551759,2750.928758,1,1.99999999999996,0.0200000000000003,7.00000000000003,1,2,66,0.5
22,2753.402258,2752.230758,2752.621258,2753.349757,2763.241257,0,1.99999999999996,0.0200000000000003,5.99999999999996,2,1,65,0.5
23,2764.670258,2763.875758,2763.885757,2764.66726,2769.807757,1,1.99999999999996,0.0200000000000003,7.00000000000003,1,2,66,0.5
24,2771.367757,2770.384257,2770.692262,2771.367757,2776.199257,0,NaN,0,7.00000000000003,1,2,66,0.5
25,2778.547257,2777.767258,2778.107258,2778.547257,2797.926757,0,NaN,0,7.00000000000003,1,2,66,0.5
26,2806.378758,2805.846258,2805.902262,2806.378758,2812.726257,1,NaN,0,5.99999999999996,2,1,65,0.5
27,2814.336757,2813.481757,2813.655257,2814.336757,2834.602762,1,NaN,0,5.99999999999996,2,1,65,0.5
28,2835.603258,2835.174758,2835.264759,2835.603258,2847.855257,0,NaN,0,7.00000000000003,1,2,66,0.5
29,2849.608757,2848.622758,2848.801757,2849.555758,2856.286257,0,1.99999999999996,0.0200000000000003,5.99999999999996,2,1,65,0.5
30,2857.812757,2857.022757,2857.060757,2857.760257,2862.748757,1,1.99999999999996,0.0200000000000003,7.00000000000003,1,2,66,0.5
31,2864.328758,2863.392762,2863.716258,2864.275758,2868.652257,0,1.99999999999996,0.0200000000000003,5.99999999999996,2,1,65,0.5
32,2870.594257,2869.547257,2869.891257,2870.591758,2872.505258,1,1.99999999999996,0.0200000000000003,7.00000000000003,1,2,66,0.5
33,2876.996258,2876.217758,2876.563758,2876.996258,2898.866757,0,NaN,0,7.00000000000003,1,2,66,0.5
34,2899.997258,2899.373757,2899.458257,2899.984758,2909.570757,1,1.99999999999996,0.0200000000000003,7.00000000000003,1,2,66,0.5
35,2910.918758,2910.226758,2910.316757,2910.918758,2916.238257,1,NaN,0,5.99999999999996,2,1,65,0.5
36,2918.081257,2917.454758,2917.506758,2918.081257,2933.305257,1,NaN,0,5.99999999999996,2,1,65,0.5
37,2935.667258,2934.317257,2934.916257,2935.614758,2962.225757,0,1.99999999999996,0.0200000000000003,5.99999999999996,2,1,65,0.5
38,2972.837258,2971.031257,2971.339757,2972.286757,2992.838757,0,NaN,0,5.99999999999996,2,1,65,0.5
39,2995.372757,2994.046257,2994.300758,2995.372757,2998.482757,0,NaN,0,7.00000000000003,1,2,66,0.5
40,3003.518758,3002.575257,3002.786258,3003.466258,3012.008258,0,1.99999999999996,0.0200000000000003,5.99999999999996,2,1,65,0.5
41,3013.781757,3012.950757,3013.168257,3013.729257,3019.859252,1,1.99999999999996,0.0200000000000003,7.00000000000003,1,2,66,0.5
42,3022.226258,3021.125757,3021.352258,3022.174257,3031.371758,1,1.99999999999996,0.0200000000000003,7.00000000000003,1,2,66,0.5
43,3034.139758,3033.153757,3033.364258,3034.137258,3041.404762,1,1.99999999999996,0.0200000000000003,7.00000000000003,1,2,66,0.5
44,3043.359257,3042.443761,3042.562757,3043.356258,3047.746258,0,1.99999999999996,0.0200000000000003,5.99999999999996,2,1,65,0.5
45,3049.069759,3048.364258,3048.465257,3049.06726,3056.981258,1,1.99999999999996,0.0200000000000003,7.00000000000003,1,2,66,0.5
46,3058.802758,3057.753257,3058.072757,3058.800257,3063.686261,0,1.99999999999996,0.0200000000000003,5.99999999999996,2,1,65,0.5
47,3065.366257,3064.542757,3064.724762,3065.363258,3070.013758,1,1.99999999999996,0.0200000000000003,7.00000000000003,1,2,66,0.5
48,3071.924258,3070.885758,3071.077757,3071.924258,3077.546757,0,NaN,0,7.00000000000003,1,2,66,0.5
49,3079.640758,3078.794259,3079.113757,3079.640758,3091.444758,0,NaN,0,7.00000000000003,1,2,66,0.5
50,3092.704257,3091.831758,3091.864757,3092.651758,3148.197257,1,1.99999999999996,0.0200000000000003,7.00000000000003,1,2,66,0.5
51,3149.373257,3148.584758,3148.753757,3149.319758,3153.724257,1,1.99999999999996,0.0200000000000003,7.00000000000003,1,2,66,0.5
52,3155.474258,3154.509258,3154.727257,3155.474258,3160.735257,0,NaN,0,7.00000000000003,1,2,66,0.5
53,3163.027757,3162.355257,3162.656258,3163.027757,3185.514758,0,NaN,0,7.00000000000003,1,2,66,0.5
54,3187.424758,3186.150262,3186.334757,3187.422257,3191.596257,0,1.99999999999996,0.0200000000000003,5.99999999999996,2,1,65,0.5
55,3193.146257,3192.374258,3192.456257,3193.143758,3196.585758,1,1.99999999999996,0.0200000000000003,7.00000000000003,1,2,66,0.5
56,3198.099258,3197.156257,3197.372757,3198.096757,3203.600758,1,1.99999999999996,0.0200000000000003,7.00000000000003,1,2,66,0.5
57,3206.249258,3205.394258,3205.470758,3206.246757,3211.273257,1,1.99999999999996,0.0200000000000003,7.00000000000003,1,2,66,0.5
58,3212.746758,3211.754757,3212.091257,3212.744757,3223.412257,0,1.99999999999996,0.0200000000000003,5.99999999999996,2,1,65,0.5
59,3225.743757,3224.835257,3225.062257,3225.690757,3229.390257,1,1.99999999999996,0.0200000000000003,7.00000000000003,1,2,66,0.5
60,3230.706257,3229.851757,3230.022758,3230.703257,3233.228262,1,1.99999999999996,0.0200000000000003,7.00000000000003,1,2,66,0.5
61,3235.113758,3233.895757,3234.305259,3235.111257,3240.704258,0,1.99999999999996,0.0200000000000003,5.99999999999996,2,1,65,0.5
62,3242.646257,3241.398257,3241.782257,3242.593257,3245.902759,1,1.99999999999996,0.0200000000000003,7.00000000000003,1,2,66,0.5
63,3247.720762,3246.685257,3247.025758,3247.667761,3256.121757,0,1.99999999999996,0.0200000000000003,5.99999999999996,2,1,65,0.5
64,3257.633258,3256.785258,3256.996757,3257.630757,3261.861757,1,1.99999999999996,0.0200000000000003,7.00000000000003,1,2,66,0.5
65,3264.078762,3263.350257,3263.410757,3264.078762,3271.262257,1,NaN,0,5.99999999999996,2,1,65,0.5
66,3272.366757,3271.785757,3271.912258,3272.366757,3330.509762,1,NaN,0,5.99999999999996,2,1,65,0.5
67,3332.120758,3331.156257,3331.256758,3332.120758,3341.854757,1,NaN,0,5.99999999999996,2,1,65,0.5
68,3343.309262,3342.615257,3342.771757,3343.309262,3351.107759,1,NaN,0,5.99999999999996,2,1,65,0.5
69,3356.373258,3355.450257,3355.802257,3356.373258,3373.345757,1,NaN,0,5.99999999999996,2,1,65,0.5
70,3374.967258,3373.819258,3374.133759,3374.965257,3377.206757,0,1.99999999999996,0.0200000000000003,5.99999999999996,2,1,65,0.5
71,3378.580258,3377.730262,3377.944757,3378.577757,3383.069257,1,1.99999999999996,0.0200000000000003,7.00000000000003,1,2,66,0.5
72,3384.833758,3383.904758,3384.136758,3384.833758,3390.083258,0,NaN,0,7.00000000000003,1,2,66,0.5
73,3394.986757,3393.964757,3394.486757,3394.986757,3398.767758,0,NaN,0,7.00000000000003,1,2,66,0.5
74,3403.512257,3400.431758,3400.701257,3403.512257,3411.110257,0,NaN,0,7.00000000000003,1,2,66,0.5
75,3413.090758,3412.111758,3412.420757,3413.088757,3417.173257,1,1.99999999999996,0.0200000000000003,7.00000000000003,1,2,66,0.5
76,3418.912757,3417.718757,3418.220758,3418.859757,3423.317258,0,1.99999999999996,0.0200000000000003,5.99999999999996,2,1,65,0.5
77,3424.729258,3423.905258,3424.217757,3424.729258,3429.049257,1,NaN,0,5.99999999999996,2,1,65,0.5
78,3431.516758,3430.226257,3430.658258,3431.514257,3436.645257,0,1.99999999999996,0.0200000000000003,5.99999999999996,2,1,65,0.5
79,3438.431262,3437.046258,3437.453757,3438.429258,3441.234259,1,1.99999999999996,0.0200000000000003,7.00000000000003,1,2,66,0.5
80,3442.994258,3441.821262,3442.193757,3442.991759,3446.363257,0,1.99999999999996,0.0200000000000003,5.99999999999996,2,1,65,0.5
81,3447.742257,3446.823757,3447.119258,3447.739258,3449.568762,1,1.99999999999996,0.0200000000000003,7.00000000000003,1,2,66,0.5
82,3451.354757,3450.330758,3450.659257,3451.352259,3457.443257,0,1.99999999999996,0.0200000000000003,5.99999999999996,2,1,65,0.5
83,3458.862757,3458.069757,3458.327257,3458.862757,3472.575258,1,NaN,0,5.99999999999996,2,1,65,0.5
84,3474.632257,3473.217258,3473.597258,3474.629258,3482.781257,0,1.99999999999996,0.0200000000000003,5.99999999999996,2,1,65,0.5
85,3484.337757,3483.537758,3483.624257,3484.335257,3489.435257,1,1.99999999999996,0.0200000000000003,7.00000000000003,1,2,66,0.5
86,3491.34626,3490.425757,3490.452257,3491.343759,3493.396258,0,1.99999999999996,0.0200000000000003,5.99999999999996,2,1,65,0.5
87,3495.261257,3494.009757,3494.378257,3495.258757,3500.043757,0,1.99999999999996,0.0200000000000003,5.99999999999996,2,1,65,0.5
88,3501.460257,3500.565259,3500.802758,3501.457258,3504.227257,1,1.99999999999996,0.0200000000000003,7.00000000000003,1,2,66,0.5
89,3506.018257,3505.026758,3505.255257,3505.965257,3508.301757,1,1.99999999999996,0.0200000000000003,7.00000000000003,1,2,66,0.5
90,3510.040757,3508.766759,3509.281257,3509.987257,3511.795762,0,1.99999999999996,0.0200000000000003,5.99999999999996,2,1,65,0.5
91,3513.756757,3512.421757,3512.758757,3513.703758,3515.970757,0,1.99999999999996,0.0200000000000003,5.99999999999996,2,1,65,0.5
92,3517.500752,3516.560258,3517.003258,3517.500752,3520.254757,1,NaN,0,5.99999999999996,2,1,65,0.5
93,3527.860758,3527.010758,3527.195757,3527.807758,3529.154757,1,1.99999999999996,0.0200000000000003,7.00000000000003,1,2,66,0.5
94,3531.327258,3530.325757,3530.606257,3531.325257,3533.820258,0,1.99999999999996,0.0200000000000003,5.99999999999996,2,1,65,0.5
95,3535.179258,3534.238257,3534.466757,3535.125762,3540.420758,1,1.99999999999996,0.0200000000000003,7.00000000000003,1,2,66,0.5
96,3542.041757,3541.249757,3541.456759,3542.041757,3562.400758,1,NaN,0,5.99999999999996,2,1,65,0.5
97,3563.741257,3562.865757,3563.107258,3563.741257,3722.31376,1,NaN,0,5.99999999999996,2,1,65,0.5
98,3726.920257,3725.835257,3726.167257,3726.917758,3731.796258,0,1.99999999999996,0.0200000000000003,5.99999999999996,2,1,65,0.5
99,3733.292757,3732.448258,3732.610257,3733.292757,3745.121759,1,NaN,0,5.99999999999996,2,1,65,0.5
100,3746.699258,3746.058258,3746.195757,3746.699258,3766.642757,0,NaN,0,7.00000000000003,1,2,66,0.5
101,3768.494257,3767.379757,3767.561257,3768.491757,3772.392257,1,1.99999999999996,0.0200000000000003,7.00000000000003,1,2,66,0.5
102,3773.972258,3772.904257,3773.146757,3773.920257,3777.788757,0,1.99999999999996,0.0200000000000003,5.99999999999996,2,1,65,0.5
103,3778.866258,3778.241257,3778.404258,3778.866258,3838.799257,1,NaN,0,5.99999999999996,2,1,65,0.5
104,3840.629759,3839.502758,3839.673758,3840.577258,3842.499758,0,1.99999999999996,0.0200000000000003,5.99999999999996,2,1,65,0.5
105,3843.983757,3843.121758,3843.338258,3843.930759,3851.842757,1,1.99999999999996,0.0200000000000003,7.00000000000003,1,2,66,0.5
106,3854.015757,3852.834257,3853.048759,3853.962758,3856.958262,0,1.99999999999996,0.0200000000000003,5.99999999999996,2,1,65,0.5
107,3858.332758,3857.411257,3857.606762,3858.330258,3862.686757,1,1.99999999999996,0.0200000000000003,7.00000000000003,1,2,66,0.5
108,3864.328758,3863.293257,3863.584759,3864.276257,3870.660757,0,1.99999999999996,0.0200000000000003,5.99999999999996,2,1,65,0.5
109,3872.327257,3871.171258,3871.597757,3872.327257,3876.027257,1,NaN,0,5.99999999999996,2,1,65,0.5
110,3879.257257,3877.839257,3878.215758,3879.254757,3887.049757,0,1.99999999999996,0.0200000000000003,5.99999999999996,2,1,65,0.5
111,3888.464258,3887.642757,3887.773758,3888.464258,3895.212758,1,NaN,0,5.99999999999996,2,1,65,0.5
112,3897.468758,3896.369757,3896.721757,3897.466257,3906.857263,0,1.99999999999996,0.0200000000000003,5.99999999999996,2,1,65,0.5
113,3908.162258,3907.538758,3907.605257,3908.151258,3909.834257,1,1.99999999999996,0.0200000000000003,7.00000000000003,1,2,66,0.5
114,3911.695257,3910.527757,3910.724757,3911.641758,3919.016257,0,1.99999999999996,0.0200000000000003,5.99999999999996,2,1,65,0.5
115,3921.059762,3919.796758,3920.223258,3921.057755,3928.760258,0,1.99999999999996,0.0200000000000003,5.99999999999996,2,1,65,0.5
116,3933.209758,3932.276257,3932.298758,3933.156757,3942.055257,0,1.99999999999996,0.0200000000000003,5.99999999999996,2,1,65,0.5
117,3944.14026,3943.086258,3943.304257,3944.087259,3952.066757,1,1.99999999999996,0.0200000000000003,7.00000000000003,1,2,66,0.5
118,3953.449762,3952.690757,3952.713757,3953.449762,3957.713758,1,NaN,0,5.99999999999996,2,1,65,0.5
119,3960.58526,3959.220758,3959.670757,3960.53226,3968.937257,0,1.99999999999996,0.0200000000000003,5.99999999999996,2,1,65,0.5
120,3970.603258,3969.628252,3969.823258,3970.549757,3973.980257,1,1.99999999999996,0.0200000000000003,7.00000000000003,1,2,66,0.5
121,3977.757258,3976.540757,3976.800758,3977.754257,3987.571258,0,1.99999999999996,0.0200000000000003,5.99999999999996,2,1,65,0.5
122,3989.321258,3988.208757,3988.548257,3989.318258,3993.948257,0,1.99999999999996,0.0200000000000003,5.99999999999996,2,1,65,0.5
123,3996.037258,3994.587258,3995.077257,3995.984257,4023.939757,0,1.99999999999996,0.0200000000000003,5.99999999999996,2,1,65,0.5
124,4029.617758,4028.334758,4028.526257,4029.564757,4041.348258,0,1.99999999999996,0.0200000000000003,5.99999999999996,2,1,65,0.5
125,4043.459257,4042.438258,4042.747757,4043.459257,4048.932757,0,NaN,0,7.00000000000003,1,2,66,0.5
126,4050.97076,4050.084758,4050.537757,4050.97076,4104.201258,0,NaN,0,7.00000000000003,1,2,66,0.5
127,4105.800257,4104.843257,4105.053757,4105.800257,4112.598257,0,NaN,0,7.00000000000003,1,2,66,0.5
128,4114.278757,4113.115758,4113.389258,4114.278757,4122.081758,0,NaN,0,7.00000000000003,1,2,66,0.5
129,4124.907258,4123.954257,4124.449258,4124.907258,4151.778757,0,NaN,0,7.00000000000003,1,2,66,0.5
130,4153.640257,4152.607758,4152.728257,4153.640257,4154.408258,0,NaN,0,7.00000000000003,1,2,66,0.5
131,4161.43976,4160.498258,4160.796257,4161.43976,4164.219757,0,NaN,0,7.00000000000003,1,2,66,0.5
132,4168.217257,4166.902758,4167.752257,4168.217257,4193.573262,0,NaN,0,7.00000000000003,1,2,66,0.5
133,4195.137762,4194.121756,4194.306759,4195.135758,4199.161257,1,1.99999999999996,0.0200000000000003,7.00000000000003,1,2,66,0.5
134,4230.909257,4229.997757,4230.103757,4230.906757,4240.115757,1,1.99999999999996,0.0200000000000003,7.00000000000003,1,2,66,0.5
135,4242.827258,4241.872257,4242.095258,4242.827258,4254.393757,0,NaN,0,7.00000000000003,1,2,66,0.5
136,4256.223262,4255.127757,4255.344757,4256.220757,4260.126258,0,1.99999999999996,0.0200000000000003,5.99999999999996,2,1,65,0.5
137,4261.591757,4260.698258,4260.818262,4261.589258,4263.013757,1,1.99999999999996,0.0200000000000003,7.00000000000003,1,2,66,0.5
138,4264.998257,4263.927757,4264.138757,4264.945757,4270.076257,1,1.99999999999996,0.0200000000000003,7.00000000000003,1,2,66,0.5
139,4271.637258,4270.866257,4270.945262,4271.634262,4278.315257,0,1.99999999999996,0.0200000000000003,5.99999999999996,2,1,65,0.5
140,4280.118257,4278.897757,4279.318757,4280.115757,4282.151757,0,1.99999999999996,0.0200000000000003,5.99999999999996,2,1,65,0.5
141,4283.948257,4282.979757,4283.085258,4283.945758,4288.703256,1,1.99999999999996,0.0200000000000003,7.00000000000003,1,2,66,0.5
142,4290.302257,4289.256757,4289.484758,4290.249258,4293.613757,1,1.99999999999996,0.0200000000000003,7.00000000000003,1,2,66,0.5
143,4295.544758,4294.262258,4294.466757,4295.542258,4297.819757,0,1.99999999999996,0.0200000000000003,5.99999999999996,2,1,65,0.5
144,4299.060252,4298.362757,4298.373258,4299.060252,4306.216258,1,NaN,0,5.99999999999996,2,1,65,0.5
145,4307.765257,4306.688757,4307.021759,4307.711757,4310.058257,0,1.99999999999996,0.0200000000000003,5.99999999999996,2,1,65,0.5
146,4311.589758,4310.700257,4310.888758,4311.537257,4317.309758,1,1.99999999999996,0.0200000000000003,7.00000000000003,1,2,66,0.5
147,4318.789757,4317.773257,4318.144257,4318.789757,4328.083258,0,NaN,0,7.00000000000003,1,2,66,0.5
148,4329.728758,4328.609758,4328.728257,4329.728758,4335.886757,1,NaN,0,5.99999999999996,2,1,65,0.5
149,4339.463258,4338.428258,4338.603757,4339.461257,4342.257257,0,1.99999999999996,0.0200000000000003,5.99999999999996,2,1,65,0.5
150,4344.111758,4343.107757,4343.409757,4344.059258,4348.180258,1,1.99999999999996,0.0200000000000003,7.00000000000003,1,2,66,0.5
151,4350.298258,4349.249257,4349.516258,4350.295757,4352.637257,0,1.99999999999996,0.0200000000000003,5.99999999999996,2,1,65,0.5
152,4353.916262,4353.198758,4353.316762,4353.916262,4358.091259,1,NaN,0,5.99999999999996,2,1,65,0.5
153,4360.564757,4359.420257,4359.869757,4360.511757,4364.196758,0,1.99999999999996,0.0200000000000003,5.99999999999996,2,1,65,0.5
154,4365.704258,4364.754257,4365.035758,4365.651258,4368.926262,1,1.99999999999996,0.0200000000000003,7.00000000000003,1,2,66,0.5
155,4373.633758,4373.176757,4373.250757,4373.633758,4379.390757,1,NaN,0,5.99999999999996,2,1,65,0.5
156,4383.658258,4382.247259,4382.981257,4383.605257,4394.015758,0,1.99999999999996,0.0200000000000003,5.99999999999996,2,1,65,0.5
157,4396.978257,4395.760759,4396.152258,4396.975758,4406.661257,0,1.99999999999996,0.0200000000000003,5.99999999999996,2,1,65,0.5
158,4408.633758,4407.262758,4407.345758,4408.630757,4415.918257,1,1.99999999999996,0.0200000000000003,7.00000000000003,1,2,66,0.5
159,4417.587262,4416.514757,4416.858258,4417.534257,4421.264257,0,1.99999999999996,0.0200000000000003,5.99999999999996,2,1,65,0.5
160,4424.134758,4423.307258,4423.400258,4424.132258,4429.643757,1,1.99999999999996,0.0200000000000003,7.00000000000003,1,2,66,0.5
161,4431.015762,4430.162259,4430.402757,4431.015762,4442.420258,0,NaN,0,7.00000000000003,1,2,66,0.5
162,4443.443758,4442.881757,4443.081758,4443.443758,4480.353757,0,NaN,0,7.00000000000003,1,2,66,0.5
163,4482.57076,4481.06326,4481.185759,4482.518257,4492.547257,0,1.99999999999996,0.0200000000000003,5.99999999999996,2,1,65,0.5
164,4494.251257,4493.271758,4493.360757,4494.251257,4508.794757,1,NaN,0,5.99999999999996,2,1,65,0.5
165,4510.811758,4509.774262,4510.046757,4510.808759,4523.193757,0,1.99999999999996,0.0200000000000003,5.99999999999996,2,1,65,0.5
166,4525.147762,4523.913759,4524.284257,4525.147762,4527.591258,0,NaN,0,7.00000000000003,1,2,66,0.5
167,4539.277258,4538.333757,4538.483758,4539.224258,4544.113258,1,1.99999999999996,0.0200000000000003,7.00000000000003,1,2,66,0.5
168,4545.837257,4544.676758,4544.869259,4545.834757,4554.287757,1,1.99999999999996,0.0200000000000003,7.00000000000003,1,2,66,0.5
169,4556.107258,4554.789757,4555.267258,4556.104758,4561.889258,0,1.99999999999996,0.0200000000000003,5.99999999999996,2,1,65,0.5
170,4563.167757,4562.514757,4562.638758,4563.167757,4568.925758,1,NaN,0,5.99999999999996,2,1,65,0.5
171,4570.524257,4569.591758,4570.040758,4570.524257,4574.181757,1,NaN,0,5.99999999999996,2,1,65,0.5
172,4577.372257,4576.099262,4576.520262,4577.372257,4582.312757,0,NaN,0,7.00000000000003,1,2,66,0.5
173,4584.673259,4582.896257,4584.113257,4584.673259,4588.032259,0,NaN,0,7.00000000000003,1,2,66,0.5
174,4593.050257,4591.434758,4591.813757,4592.997258,4603.108257,0,1.99999999999996,0.0200000000000003,5.99999999999996,2,1,65,0.5
175,4604.803257,4604.011257,4604.034758,4604.750757,4609.315257,1,1.99999999999996,0.0200000000000003,7.00000000000003,1,2,66,0.5
176,4611.416257,4610.344257,4610.388757,4611.363757,4616.223757,0,1.99999999999996,0.0200000000000003,5.99999999999996,2,1,65,0.5
177,4617.702757,4616.794258,4617.001258,4617.699758,4623.240762,1,1.99999999999996,0.0200000000000003,7.00000000000003,1,2,66,0.5
178,4624.826257,4623.749262,4624.056758,4624.826257,4627.445757,0,NaN,0,7.00000000000003,1,2,66,0.5
179,4634.847258,4633.217257,4633.633257,4634.844758,4647.844258,0,1.99999999999996,0.0200000000000003,5.99999999999996,2,1,65,0.5
180,4819.303258,4818.208257,4818.428757,4819.303258,4845.985759,0,NaN,0,7.00000000000003,1,2,66,0.5
181,4847.716257,4846.607757,4846.692762,4847.716257,4854.977757,0,NaN,0,7.00000000000003,1,2,66,0.5
182,4858.088757,4856.905257,4857.416757,4858.088757,4870.296757,0,NaN,0,7.00000000000003,1,2,66,0.5
183,4872.279257,4871.464757,4871.541758,4872.279257,4877.152761,1,NaN,0,5.99999999999996,2,1,65,0.5
184,4880.069758,4878.055257,4879.006757,4880.017257,4894.947257,0,1.99999999999996,0.0200000000000003,5.99999999999996,2,1,65,0.5
185,4899.740757,4898.196258,4898.786757,4899.738257,4909.991259,1,1.99999999999996,0.0200000000000003,7.00000000000003,1,2,66,0.5
186,4913.482257,4911.537759,4911.67176,4913.429257,4927.604258,1,1.99999999999996,0.0200000000000003,7.00000000000003,1,2,66,0.5
187,4938.187757,4937.085758,4937.263757,4938.187757,4943.653258,1,NaN,0,5.99999999999996,2,1,65,0.5
188,4960.745762,4959.720258,4959.932762,4960.692757,4969.323257,1,1.99999999999996,0.0200000000000003,7.00000000000003,1,2,66,0.5
189,4971.263257,4969.888258,4970.002258,4971.260257,4978.503758,0,1.99999999999996,0.0200000000000003,5.99999999999996,2,1,65,0.5
190,4981.991258,4980.650257,4981.254257,4981.939257,5001.087257,0,1.99999999999996,0.0200000000000003,5.99999999999996,2,1,65,0.5
191,5003.314757,5002.606757,5002.662758,5003.314757,5011.183758,1,NaN,0,5.99999999999996,2,1,65,0.5
192,5013.611258,5012.627257,5012.865757,5013.608758,5022.478258,0,1.99999999999996,0.0200000000000003,5.99999999999996,2,1,65,0.5
193,5026.108258,5024.858757,5025.277757,5026.105258,5032.569758,0,1.99999999999996,0.0200000000000003,5.99999999999996,2,1,65,0.5
194,5034.170258,5033.176759,5033.367757,5034.117757,5040.464257,1,1.99999999999996,0.0200000000000003,7.00000000000003,1,2,66,0.5
195,5042.334758,5041.382758,5041.609258,5042.332258,5048.063757,0,1.99999999999996,0.0200000000000003,5.99999999999996,2,1,65,0.5
196,5052.082257,5050.673257,5051.092758,5052.080257,5058.281258,0,1.99999999999996,0.0200000000000003,5.99999999999996,2,1,65,0.5
197,5061.185261,5059.957757,5060.012258,5061.185261,5065.722757,1,NaN,0,5.99999999999996,2,1,65,0.5
198,5067.704757,5067.033257,5067.141758,5067.704757,5070.969258,1,NaN,0,5.99999999999996,2,1,65,0.5
199,5078.052757,5076.537258,5077.024257,5078.052757,5082.869757,0,NaN,0,7.00000000000003,1,2,66,0.5
200,5087.250258,5085.728757,5086.400757,5087.197762,5091.256258,0,1.99999999999996,0.0200000000000003,5.99999999999996,2,1,65,0.5
201,5093.142757,5091.902257,5092.268757,5093.140262,5102.216762,0,1.99999999999996,0.0200000000000003,5.99999999999996,2,1,65,0.5
202,5104.457762,5103.049257,5103.148757,5104.455758,5109.935258,1,1.99999999999996,0.0200000000000003,7.00000000000003,1,2,66,0.5
203,5111.718257,5110.348758,5110.582757,5111.718257,5113.771758,0,NaN,0,7.00000000000003,1,2,66,0.5
204,5119.339757,5117.675257,5118.002757,5119.339757,5122.943757,0,NaN,0,7.00000000000003,1,2,66,0.5
205,5131.044257,5129.822257,5130.064257,5131.041257,5138.475757,0,1.99999999999996,0.0200000000000003,5.99999999999996,2,1,65,0.5
206,5142.732757,5141.429257,5141.575258,5142.732757,5149.975757,1,NaN,0,5.99999999999996,2,1,65,0.5
207,5155.868757,5154.985257,5155.108758,5155.815262,5157.011257,1,1.99999999999996,0.0200000000000003,7.00000000000003,1,2,66,0.5
208,5162.158258,5159.75626,5160.085257,5162.155257,5164.097758,1,1.99999999999996,0.0200000000000003,7.00000000000003,1,2,66,0.5
209,5166.097263,5164.675759,5164.990757,5166.044757,5177.543757,0,1.99999999999996,0.0200000000000003,5.99999999999996,2,1,65,0.5
210,5181.763757,5180.132757,5180.608757,5181.710757,5184.399758,0,1.99999999999996,0.0200000000000003,5.99999999999996,2,1,65,0.5
211,5186.487758,5184.968262,5185.211252,5186.485257,5193.297258,1,1.99999999999996,0.0200000000000003,7.00000000000003,1,2,66,0.5
212,5195.598257,5194.368758,5194.887258,5195.544757,5202.100757,0,1.99999999999996,0.0200000000000003,5.99999999999996,2,1,65,0.5
213,5204.573258,5202.834258,5203.110758,5204.520258,5206.910758,1,1.99999999999996,0.0200000000000003,7.00000000000003,1,2,66,0.5
214,5209.699758,5208.701757,5209.003259,5209.647757,5213.013257,1,1.99999999999996,0.0200000000000003,7.00000000000003,1,2,66,0.5
215,5218.88926,5217.793757,5218.087757,5218.836757,5227.771257,0,1.99999999999996,0.0200000000000003,5.99999999999996,2,1,65,0.5
216,5229.331257,5228.414757,5228.498262,5229.278262,5235.619758,1,1.99999999999996,0.0200000000000003,7.00000000000003,1,2,66,0.5
217,5237.222758,5236.157758,5236.495757,5237.169758,5239.594758,0,1.99999999999996,0.0200000000000003,5.99999999999996,2,1,65,0.5
218,5241.395258,5240.543258,5240.764757,5241.395258,5255.179257,1,NaN,0,5.99999999999996,2,1,65,0.5
219,5258.071757,5256.811757,5257.132757,5258.069258,5265.569258,0,1.99999999999996,0.0200000000000003,5.99999999999996,2,1,65,0.5
220,5267.121758,5265.957757,5266.117759,5267.119757,5269.875257,0,1.99999999999996,0.0200000000000003,5.99999999999996,2,1,65,0.5
221,5271.385758,5270.435757,5270.587758,5271.383252,5274.556257,1,1.99999999999996,0.0200000000000003,7.00000000000003,1,2,66,0.5
222,5276.370258,5275.710258,5275.771257,5276.370258,5279.530262,1,NaN,0,5.99999999999996,2,1,65,0.5
223,5284.260757,5283.635758,5283.703757,5284.260757,5292.013758,1,NaN,0,5.99999999999996,2,1,65,0.5
224,5295.626258,5294.545258,5294.896257,5295.573757,5303.444757,0,1.99999999999996,0.0200000000000003,5.99999999999996,2,1,65,0.5
225,5304.947258,5304.033758,5304.334757,5304.947258,5308.849257,1,NaN,0,5.99999999999996,2,1,65,0.5
226,5311.794757,5310.433257,5311.026758,5311.742257,5316.971758,0,1.99999999999996,0.0200000000000003,5.99999999999996,2,1,65,0.5
227,5318.919262,5317.990758,5318.196257,5318.917255,5322.512257,0,1.99999999999996,0.0200000000000003,5.99999999999996,2,1,65,0.5
228,5324.555257,5323.278757,5323.644758,5324.502257,5333.568757,0,1.99999999999996,0.0200000000000003,5.99999999999996,2,1,65,0.5
229,5335.180757,5334.193258,5334.353258,5335.177758,5340.041757,1,1.99999999999996,0.0200000000000003,7.00000000000003,1,2,66,0.5
230,5341.614757,5340.562757,5340.846257,5341.561258,5343.974757,0,1.99999999999996,0.0200000000000003,5.99999999999996,2,1,65,0.5
231,5346.265257,5344.718257,5344.921762,5346.212757,5351.98676,1,1.99999999999996,0.0200000000000003,7.00000000000003,1,2,66,0.5
232,5353.827757,5352.571752,5352.957257,5353.825257,5356.840762,0,1.99999999999996,0.0200000000000003,5.99999999999996,2,1,65,0.5
233,5358.557757,5357.411252,5357.573758,5358.504761,5359.824258,1,1.99999999999996,0.0200000000000003,7.00000000000003,1,2,66,0.5
234,5361.714758,5360.778258,5360.964759,5361.661758,5364.624757,1,1.99999999999996,0.0200000000000003,7.00000000000003,1,2,66,0.5
235,5366.636258,5365.598757,5365.874257,5366.636258,5369.009757,0,NaN,0,7.00000000000003,1,2,66,0.5
236,5379.550757,5378.515258,5378.710757,5379.547757,5386.443259,1,1.99999999999996,0.0200000000000003,7.00000000000003,1,2,66,0.5
237,5390.412262,5389.246758,5389.492262,5390.409758,5397.402258,1,1.99999999999996,0.0200000000000003,7.00000000000003,1,2,66,0.5
238,5399.322758,5397.928759,5398.178757,5399.269758,5405.233757,1,1.99999999999996,0.0200000000000003,7.00000000000003,1,2,66,0.5
239,5406.609252,5405.906758,5405.943757,5406.609252,5415.802757,1,NaN,0,5.99999999999996,2,1,65,0.5
240,5418.088258,5416.293758,5416.656757,5418.088258,5429.075757,0,NaN,0,7.00000000000003,1,2,66,0.5
241,5431.243758,5429.660257,5429.897757,5431.241257,5435.920757,1,1.99999999999996,0.0200000000000003,7.00000000000003,1,2,66,0.5
242,5437.452757,5436.653257,5436.727258,5437.400258,5439.830758,0,1.99999999999996,0.0200000000000003,5.99999999999996,2,1,65,0.5
243,5441.239257,5440.341252,5440.485758,5441.186258,5447.356257,1,1.99999999999996,0.0200000000000003,7.00000000000003,1,2,66,0.5
244,5448.602259,5447.756258,5447.992257,5448.599258,5457.230258,0,1.99999999999996,0.0200000000000003,5.99999999999996,2,1,65,0.5
245,5458.681758,5457.800257,5457.913257,5458.629757,5459.749757,1,1.99999999999996,0.0200000000000003,7.00000000000003,1,2,66,0.5
246,5461.888757,5461.088757,5461.170258,5461.888757,5465.794258,1,NaN,0,5.99999999999996,2,1,65,0.5
247,5468.466757,5467.301257,5467.467257,5468.466757,5477.391258,1,NaN,0,5.99999999999996,2,1,65,0.5
248,5479.561758,5478.438259,5478.642257,5479.509757,5489.715758,0,1.99999999999996,0.0200000000000003,5.99999999999996,2,1,65,0.5
249,5491.403257,5490.273258,5490.562757,5491.350259,5499.315258,0,1.99999999999996,0.0200000000000003,5.99999999999996,2,1,65,0.5
250,5501.410259,5499.900257,5500.068758,5501.407757,5508.484758,1,1.99999999999996,0.0200000000000003,7.00000000000003,1,2,66,0.5
251,5511.367757,5509.088257,5509.324758,5511.314258,5516.509257,1,1.99999999999996,0.0200000000000003,7.00000000000003,1,2,66,0.5
252,5518.556757,5517.226757,5517.483262,5518.554262,5523.687757,0,1.99999999999996,0.0200000000000003,5.99999999999996,2,1,65,0.5
253,5525.447758,5524.367757,5524.750258,5525.445757,5528.776758,0,1.99999999999996,0.0200000000000003,5.99999999999996,2,1,65,0.5
254,5530.522258,5529.396257,5529.778258,5530.519257,5533.308258,0,1.99999999999996,0.0200000000000003,5.99999999999996,2,1,65,0.5
255,5535.20476,5533.804762,5533.973758,5535.15226,5537.952758,1,1.99999999999996,0.0200000000000003,7.00000000000003,1,2,66,0.5
256,5541.484758,5540.135257,5540.379257,5541.482257,5676.103762,1,1.99999999999996,0.0200000000000003,7.00000000000003,1,2,66,0.5
257,5683.142258,5681.677757,5681.868757,5683.089258,5686.231257,1,1.99999999999996,0.0200000000000003,7.00000000000003,1,2,66,0.5
258,5688.860758,5687.804258,5688.067757,5688.807758,5691.889757,0,1.99999999999996,0.0200000000000003,5.99999999999996,2,1,65,0.5
259,5694.799258,5693.860258,5694.096258,5694.799258,5695.120258,1,NaN,0,5.99999999999996,2,1,65,0.5
260,5709.291257,5707.766757,5708.093757,5709.288757,5713.534758,1,1.99999999999996,0.0200000000000003,7.00000000000003,1,2,66,0.5
261,5715.256758,5714.295757,5714.477257,5715.254757,5719.606757,0,1.99999999999996,0.0200000000000003,5.99999999999996,2,1,65,0.5
262,5724.180758,5723.556757,5723.612257,5724.164757,5727.617762,1,1.99999999999996,0.0200000000000003,7.00000000000003,1,2,66,0.5
263,5729.49876,5728.511758,5728.707757,5729.496258,5737.178757,0,1.99999999999996,0.0200000000000003,5.99999999999996,2,1,65,0.5
264,5738.785757,5737.663257,5737.947757,5738.783258,5746.836258,0,1.99999999999996,0.0200000000000003,5.99999999999996,2,1,65,0.5
265,5748.883257,5747.790757,5747.988757,5748.883257,5753.878257,0,NaN,0,7.00000000000003,1,2,66,0.5
266,5757.774757,5756.854757,5756.977257,5757.721758,5766.643758,0,1.99999999999996,0.0200000000000003,5.99999999999996,2,1,65,0.5
267,5768.571257,5767.649257,5767.879258,5768.571257,5777.305757,0,NaN,0,7.00000000000003,1,2,66,0.5
268,5779.993258,5777.858757,5778.171757,5779.990757,5782.746258,1,1.99999999999996,0.0200000000000003,7.00000000000003,1,2,66,0.5
269,5785.735257,5783.555257,5783.775757,5785.681758,5788.522758,1,1.99999999999996,0.0200000000000003,7.00000000000003,1,2,66,0.5
270,5790.280258,5789.462757,5789.475757,5790.277757,5793.668257,0,1.99999999999996,0.0200000000000003,5.99999999999996,2,1,65,0.5
271,5795.532258,5794.352257,5794.487257,5795.479759,5798.280258,1,1.99999999999996,0.0200000000000003,7.00000000000003,1,2,66,0.5
272,5799.718757,5798.844258,5799.115758,5799.716257,5806.208262,0,1.99999999999996,0.0200000000000003,5.99999999999996,2,1,65,0.5
273,5809.621757,5808.370757,5808.60176,5809.569257,5815.471257,0,1.99999999999996,0.0200000000000003,5.99999999999996,2,1,65,0.5
274,5817.404757,5816.168258,5816.297257,5817.402757,5820.800758,1,1.99999999999996,0.0200000000000003,7.00000000000003,1,2,66,0.5
275,5822.685757,5821.677259,5822.040258,5822.683257,5828.295257,0,1.99999999999996,0.0200000000000003,5.99999999999996,2,1,65,0.5
276,5829.858257,5828.795758,5829.033257,5829.855757,5832.910258,1,1.99999999999996,0.0200000000000003,7.00000000000003,1,2,66,0.5
277,5835.161758,5833.596757,5833.817258,5835.109757,5837.431257,1,1.99999999999996,0.0200000000000003,7.00000000000003,1,2,66,0.5
278,5839.401257,5838.367762,5838.775757,5839.398262,5847.748757,0,1.99999999999996,0.0200000000000003,5.99999999999996,2,1,65,0.5
279,5849.489257,5848.482257,5848.672258,5849.489257,5855.270258,1,NaN,0,5.99999999999996,2,1,65,0.5
280,5856.84426,5856.004757,5856.083758,5856.79076,5865.822259,1,1.99999999999996,0.0200000000000003,7.00000000000003,1,2,66,0.5
281,5870.137258,5869.171258,5869.349262,5870.137258,5875.421758,0,NaN,0,7.00000000000003,1,2,66,0.5
282,5877.291757,5876.195258,5876.594758,5877.289257,5880.894759,0,1.99999999999996,0.0200000000000003,5.99999999999996,2,1,65,0.5
283,5882.616258,5881.690257,5881.958257,5882.616258,5884.949757,1,NaN,0,5.99999999999996,2,1,65,0.5
284,5891.759258,5890.683262,5890.960258,5891.759258,5898.092257,0,NaN,0,7.00000000000003,1,2,66,0.5
285,5900.348762,5899.078757,5899.164757,5900.346258,5904.361758,1,1.99999999999996,0.0200000000000003,7.00000000000003,1,2,66,0.5
286,5906.270257,5905.023258,5905.255757,5906.267257,5908.841259,0,1.99999999999996,0.0200000000000003,5.99999999999996,2,1,65,0.5
287,5910.373758,5909.356257,5909.546257,5910.320757,5912.778257,1,1.99999999999996,0.0200000000000003,7.00000000000003,1,2,66,0.5
288,5914.352757,5913.449258,5913.743759,5914.350257,5920.381758,0,1.99999999999996,0.0200000000000003,5.99999999999996,2,1,65,0.5
289,5922.353757,5920.84626,5921.037257,5922.301257,5925.075259,1,1.99999999999996,0.0200000000000003,7.00000000000003,1,2,66,0.5
290,5926.762258,5925.690258,5925.859757,5926.709257,5936.535257,0,1.99999999999996,0.0200000000000003,5.99999999999996,2,1,65,0.5
291,5938.481758,5937.304258,5937.407257,5938.478757,5942.630257,1,1.99999999999996,0.0200000000000003,7.00000000000003,1,2,66,0.5
292,5944.125257,5943.138257,5943.36476,5944.125257,5948.921258,0,NaN,0,7.00000000000003,1,2,66,0.5
293,5952.118257,5951.149258,5951.182257,5952.118257,5958.487757,0,NaN,0,7.00000000000003,1,2,66,0.5
294,5960.275257,5959.500758,5959.554757,5960.222257,5963.681262,0,1.99999999999996,0.0200000000000003,5.99999999999996,2,1,65,0.5
295,5965.341757,5964.474257,5964.649763,5965.341757,5969.294758,1,NaN,0,5.99999999999996,2,1,65,0.5
296,5973.138258,5971.749757,5971.800257,5973.138258,5979.726257,0,NaN,0,7.00000000000003,1,2,66,0.5
297,5982.110757,5981.097757,5981.252758,5982.058257,5990.311757,1,1.99999999999996,0.0200000000000003,7.00000000000003,1,2,66,0.5
298,5991.714258,5990.816258,5991.055757,5991.712257,6009.998757,0,1.99999999999996,0.0200000000000003,5.99999999999996,2,1,65,0.5
299,6017.819757,6016.577258,6016.67076,6017.817257,6020.689257,1,1.99999999999996,0.0200000000000003,7.00000000000003,1,2,66,0.5
300,6021.944757,6021.239257,6021.264257,6021.944757,6028.930762,1,NaN,0,5.99999999999996,2,1,65,0.5
301,6030.647757,6029.979757,6030.011262,6030.647757,6035.468257,1,NaN,0,5.99999999999996,2,1,65,0.5
302,6039.580257,6038.633758,6038.807757,6039.577257,6041.900761,0,1.99999999999996,0.0200000000000003,5.99999999999996,2,1,65,0.5
303,6043.762757,6042.775757,6042.948258,6043.760258,6047.470257,1,1.99999999999996,0.0200000000000003,7.00000000000003,1,2,66,0.5
304,6048.863757,6048.053262,6048.239257,6048.811257,6066.818762,0,1.99999999999996,0.0200000000000003,5.99999999999996,2,1,65,0.5
305,6069.274758,6068.177257,6068.398258,6069.274758,6076.243258,1,NaN,0,5.99999999999996,2,1,65,0.5
306,6080.206757,6079.106758,6079.169257,6080.153262,6092.626258,0,1.99999999999996,0.0200000000000003,5.99999999999996,2,1,65,0.5
307,6094.494758,6093.415757,6093.725757,6094.494758,6195.811262,0,NaN,0,7.00000000000003,1,2,66,0.5
308,6198.316758,6197.137758,6197.182257,6198.263758,6205.703259,0,1.99999999999996,0.0200000000000003,5.99999999999996,2,1,65,0.5
309,6209.890757,6208.776758,6208.904257,6209.888757,6212.613257,0,1.99999999999996,0.0200000000000003,5.99999999999996,2,1,65,0.5
310,6214.856758,6213.844757,6213.926257,6214.804257,6217.855257,1,1.99999999999996,0.0200000000000003,7.00000000000003,1,2,66,0.5
311,6221.638257,6220.634262,6220.872757,6221.638257,6228.904257,0,NaN,0,7.00000000000003,1,2,66,0.5
312,6232.044757,6229.776757,6229.984258,6232.042257,6233.881258,1,1.99999999999996,0.0200000000000003,7.00000000000003,1,2,66,0.5
313,6235.401758,6234.510758,6234.769758,6235.399258,6237.846757,0,1.99999999999996,0.0200000000000003,5.99999999999996,2,1,65,0.5
314,6239.422757,6238.469258,6238.695762,6239.422757,6249.800258,1,NaN,0,5.99999999999996,2,1,65,0.5
315,6250.958758,6250.177258,6250.343262,6250.958758,6261.835257,0,NaN,0,7.00000000000003,1,2,66,0.5
316,6263.392258,6262.501757,6262.635757,6263.392258,6273.685257,0,NaN,0,7.00000000000003,1,2,66,0.5
317,6275.404257,6274.378758,6274.615757,6275.351257,6282.299258,0,1.99999999999996,0.0200000000000003,5.99999999999996,2,1,65,0.5
318,6283.825757,6282.886257,6283.049757,6283.772757,6286.358257,1,1.99999999999996,0.0200000000000003,7.00000000000003,1,2,66,0.5
319,6289.039757,6286.957261,6287.183257,6288.987257,6291.641252,1,1.99999999999996,0.0200000000000003,7.00000000000003,1,2,66,0.5
320,6294.724759,6292.318757,6292.599757,6294.722257,6297.814758,1,1.99999999999996,0.0200000000000003,7.00000000000003,1,2,66,0.5
321,6299.691259,6298.614756,6298.853257,6299.689259,6314.441257,1,1.99999999999996,0.0200000000000003,7.00000000000003,1,2,66,0.5
322,6315.907257,6314.928257,6315.212257,6315.904257,6322.245252,0,1.99999999999996,0.0200000000000003,5.99999999999996,2,1,65,0.5
323,6324.317257,6323.048258,6323.142757,6324.263758,6326.808258,1,1.99999999999996,0.0200000000000003,7.00000000000003,1,2,66,0.5
324,6330.623758,6329.907758,6329.962758,6330.623758,6331.732758,1,NaN,0,5.99999999999996,2,1,65,0.5
325,6343.673257,6342.263257,6342.467757,6343.619758,6348.525258,0,1.99999999999996,0.0200000000000003,5.99999999999996,2,1,65,0.5
326,6352.754758,6350.308261,6350.571757,6352.751758,6359.018257,1,1.99999999999996,0.0200000000000003,7.00000000000003,1,2,66,0.5
327,6361.038761,6359.607758,6359.901258,6361.036257,6364.641257,1,1.99999999999996,0.0200000000000003,7.00000000000003,1,2,66,0.5
328,6368.756757,6366.981257,6367.212257,6368.703758,6379.334758,0,1.99999999999996,0.0200000000000003,5.99999999999996,2,1,65,0.5
329,6381.381257,6380.343258,6380.526262,6381.328262,6387.562758,0,1.99999999999996,0.0200000000000003,5.99999999999996,2,1,65,0.5
330,6389.567757,6388.178758,6388.300758,6389.567757,6400.085757,1,NaN,0,5.99999999999996,2,1,65,0.5
331,6401.801758,6400.475757,6400.619257,6401.799257,6404.584757,1,1.99999999999996,0.0200000000000003,7.00000000000003,1,2,66,0.5
332,6406.328758,6405.213758,6405.446257,6406.275752,6416.109258,0,1.99999999999996,0.0200000000000003,5.99999999999996,2,1,65,0.5
333,6418.112258,6417.229257,6417.280257,6418.109757,6421.946758,0,1.99999999999996,0.0200000000000003,5.99999999999996,2,1,65,0.5
334,6424.258257,6423.220757,6423.508758,6424.258257,6431.035257,0,NaN,0,7.00000000000003,1,2,66,0.5
335,6432.805258,6431.625257,6431.930757,6432.802257,6437.514258,0,1.99999999999996,0.0200000000000003,5.99999999999996,2,1,65,0.5
336,6439.27976,6438.075757,6438.490757,6439.27976,6446.313757,0,NaN,0,7.00000000000003,1,2,66,0.5
337,6448.916257,6447.821758,6448.052758,6448.916257,6455.049258,0,NaN,0,7.00000000000003,1,2,66,0.5
338,6461.488258,6459.838757,6460.026758,6461.485258,6467.024258,1,1.99999999999996,0.0200000000000003,7.00000000000003,1,2,66,0.5
339,6468.963258,6467.568258,6467.759758,6468.910757,6475.737761,0,1.99999999999996,0.0200000000000003,5.99999999999996,2,1,65,0.5
340,6477.272757,6476.282757,6476.584757,6477.272757,6482.759257,0,NaN,0,7.00000000000003,1,2,66,0.5
341,6484.848758,6483.470759,6483.712758,6484.848758,6486.994259,0,NaN,0,7.00000000000003,1,2,66,0.5
342,6497.920758,6495.495257,6495.751757,6497.868257,6499.311758,1,1.99999999999996,0.0200000000000003,7.00000000000003,1,2,66,0.5
343,6501.164758,6499.832757,6500.054757,6501.161757,6503.969257,1,1.99999999999996,0.0200000000000003,7.00000000000003,1,2,66,0.5
344,6505.788757,6504.611758,6504.867257,6505.786257,6507.337257,1,1.99999999999996,0.0200000000000003,7.00000000000003,1,2,66,0.5
345,6508.998261,6507.849262,6508.028762,6508.945758,6510.770257,1,1.99999999999996,0.0200000000000003,7.00000000000003,1,2,66,0.5
346,6512.503758,6511.286758,6511.728758,6512.451257,6517.499758,0,1.99999999999996,0.0200000000000003,5.99999999999996,2,1,65,0.5
347,6519.266757,6518.129257,6518.405257,6519.266757,6519.609757,1,NaN,0,5.99999999999996,2,1,65,0.5
348,6527.518761,6526.601757,6526.670258,6527.518761,6532.629757,1,NaN,0,5.99999999999996,2,1,65,0.5
349,6536.879758,6534.712257,6534.926257,6536.877757,6545.878258,1,1.99999999999996,0.0200000000000003,7.00000000000003,1,2,66,0.5
350,6547.232257,6546.295757,6546.535757,6547.179758,6552.847757,0,1.99999999999996,0.0200000000000003,5.99999999999996,2,1,65,0.5
351,6554.542758,6553.296258,6553.567257,6554.542758,6561.012759,1,NaN,0,5.99999999999996,2,1,65,0.5
352,6562.686758,6561.509258,6561.906257,6562.684257,6569.243757,0,1.99999999999996,0.0200000000000003,5.99999999999996,2,1,65,0.5
353,6570.828759,6569.780257,6570.014758,6570.828759,6573.683258,1,NaN,0,5.99999999999996,2,1,65,0.5
354,6653.494258,6652.279258,6652.372762,6653.441257,6659.190257,1,1.99999999999996,0.0200000000000003,7.00000000000003,1,2,66,0.5
355,6662.81976,6661.594258,6661.757257,6662.766759,6677.733257,0,1.99999999999996,0.0200000000000003,5.99999999999996,2,1,65,0.5
356,6679.443757,6678.494757,6678.629757,6679.390757,6683.270258,0,1.99999999999996,0.0200000000000003,5.99999999999996,2,1,65,0.5
357,6685.092758,6683.997259,6684.210759,6685.090257,6686.870258,1,1.99999999999996,0.0200000000000003,7.00000000000003,1,2,66,0.5
358,6688.729257,6687.635758,6687.773257,6688.726257,6690.729258,1,1.99999999999996,0.0200000000000003,7.00000000000003,1,2,66,0.5
359,6692.946758,6691.500257,6691.651757,6692.944757,6694.892757,1,1.99999999999996,0.0200000000000003,7.00000000000003,1,2,66,0.5
360,6706.421257,6705.384757,6705.475257,6706.368258,6715.866258,0,1.99999999999996,0.0200000000000003,5.99999999999996,2,1,65,0.5
361,6718.049257,6717.092257,6717.202257,6717.996757,6720.458758,0,1.99999999999996,0.0200000000000003,5.99999999999996,2,1,65,0.5
362,6722.088757,6721.388758,6721.440258,6722.088757,6726.240258,0,NaN,0,7.00000000000003,1,2,66,0.5
363,6731.419257,6728.531257,6729.007758,6731.416757,6733.633762,1,1.99999999999996,0.0200000000000003,7.00000000000003,1,2,66,0.5
364,6735.546757,6734.458258,6734.688757,6735.544757,6738.881258,0,1.99999999999996,0.0200000000000003,5.99999999999996,2,1,65,0.5
365,6742.185757,6740.965758,6741.068757,6742.183258,6743.173257,1,1.99999999999996,0.0200000000000003,7.00000000000003,1,2,66,0.5
366,6744.773758,6743.830758,6744.124262,6744.770759,6750.703262,0,1.99999999999996,0.0200000000000003,5.99999999999996,2,1,65,0.5
367,6753.050258,6751.167257,6751.393262,6752.99726,6754.376257,1,1.99999999999996,0.0200000000000003,7.00000000000003,1,2,66,0.5
368,6756.758258,6755.242758,6755.512257,6756.755758,6759.486757,1,1.99999999999996,0.0200000000000003,7.00000000000003,1,2,66,0.5
369,6761.734757,6760.072757,6760.268758,6761.732258,6764.764262,1,1.99999999999996,0.0200000000000003,7.00000000000003,1,2,66,0.5
370,6766.315762,6765.450757,6765.649257,6766.263262,6772.299758,0,1.99999999999996,0.0200000000000003,5.99999999999996,2,1,65,0.5
371,6774.113258,6772.88526,6773.075757,6774.113258,6780.159758,1,NaN,0,5.99999999999996,2,1,65,0.5
372,6782.563762,6781.091758,6781.208257,6782.561758,6785.015257,1,1.99999999999996,0.0200000000000003,7.00000000000003,1,2,66,0.5
373,6787.629258,6786.620257,6786.949757,6787.626759,6794.683257,0,1.99999999999996,0.0200000000000003,5.99999999999996,2,1,65,0.5
374,6796.505758,6795.295757,6795.688757,6796.505758,6803.144257,0,NaN,0,7.00000000000003,1,2,66,0.5
375,6804.851757,6803.713258,6804.068258,6804.798758,6812.717758,0,1.99999999999996,0.0200000000000003,5.99999999999996,2,1,65,0.5
376,6815.404258,6813.183257,6813.390258,6815.352257,6821.787257,1,1.99999999999996,0.0200000000000003,7.00000000000003,1,2,66,0.5
377,6823.805759,6822.260757,6822.483257,6823.752759,6826.988758,1,1.99999999999996,0.0200000000000003,7.00000000000003,1,2,66,0.5
378,6828.663262,6827.435758,6827.541757,6828.660762,6837.279758,1,1.99999999999996,0.0200000000000003,7.00000000000003,1,2,66,0.5
379,6839.842757,6837.956258,6838.163758,6839.839758,6843.147257,1,1.99999999999996,0.0200000000000003,7.00000000000003,1,2,66,0.5
380,6845.206758,6843.685258,6843.956757,6845.154259,6847.987758,1,1.99999999999996,0.0200000000000003,7.00000000000003,1,2,66,0.5
381,6849.97676,6848.870257,6849.143757,6849.923759,6855.097762,0,1.99999999999996,0.0200000000000003,5.99999999999996,2,1,65,0.5
382,6856.712258,6855.749757,6855.917758,6856.712258,6862.153758,1,NaN,0,5.99999999999996,2,1,65,0.5
383,6864.505258,6862.796758,6863.042258,6864.502757,6868.595761,1,1.99999999999996,0.0200000000000003,7.00000000000003,1,2,66,0.5
384,6870.600257,6869.288757,6869.533257,6870.597758,6875.332257,1,1.99999999999996,0.0200000000000003,7.00000000000003,1,2,66,0.5
385,6877.013258,6875.879258,6876.062758,6877.010758,6882.238257,0,1.99999999999996,0.0200000000000003,5.99999999999996,2,1,65,0.5
386,6884.014258,6882.834258,6883.046758,6884.014258,6887.967757,1,NaN,0,5.99999999999996,2,1,65,0.5
387,6899.744758,6897.633257,6897.747259,6899.742257,6902.468257,1,1.99999999999996,0.0200000000000003,7.00000000000003,1,2,66,0.5
388,6904.977757,6903.351257,6903.523258,6904.925257,6912.108258,1,1.99999999999996,0.0200000000000003,7.00000000000003,1,2,66,0.5
389,6913.491257,6912.470257,6912.593757,6913.491257,6922.447758,1,NaN,0,5.99999999999996,2,1,65,0.5
390,6924.808758,6923.723257,6923.872758,6924.805762,6934.204257,0,1.99999999999996,0.0200000000000003,5.99999999999996,2,1,65,0.5
391,6936.819257,6934.765757,6934.915257,6936.816757,6947.110758,1,1.99999999999996,0.0200000000000003,7.00000000000003,1,2,66,0.5
392,6949.401758,6947.505257,6947.771257,6949.399757,6953.024757,1,1.99999999999996,0.0200000000000003,7.00000000000003,1,2,66,0.5
393,6956.550757,6955.427258,6955.452757,6956.498257,6959.788757,1,1.99999999999996,0.0200000000000003,7.00000000000003,1,2,66,0.5
394,6961.530257,6960.507757,6960.744257,6961.477257,6969.647257,0,1.99999999999996,0.0200000000000003,5.99999999999996,2,1,65,0.5
395,6972.305757,6971.132762,6971.377258,6972.305757,6979.217757,1,NaN,0,5.99999999999996,2,1,65,0.5
396,6981.941757,6980.780758,6981.241762,6981.889257,6987.809757,0,1.99999999999996,0.0200000000000003,5.99999999999996,2,1,65,0.5
397,6989.668757,6988.414758,6988.497762,6989.668757,6994.961258,1,NaN,0,5.99999999999996,2,1,65,0.5
398,6997.210258,6996.055257,6996.412257,6997.210258,7005.483257,1,NaN,0,5.99999999999996,2,1,65,0.5
399,7007.630259,7006.414257,7006.845752,7007.577759,7015.199757,0,1.99999999999996,0.0200000000000003,5.99999999999996,2,1,65,0.5
400,7017.979257,7016.902757,7017.033758,7017.979257,7032.790252,1,NaN,0,5.99999999999996,2,1,65,0.5
401,7034.911757,7033.351257,7033.708757,7034.908758,7038.014257,0,1.99999999999996,0.0200000000000003,5.99999999999996,2,1,65,0.5
402,7039.69526,7038.586762,7038.886253,7039.692759,7044.407258,0,1.99999999999996,0.0200000000000003,5.99999999999996,2,1,65,0.5
403,7045.864758,7045.003758,7045.170257,7045.862258,7052.700757,0,1.99999999999996,0.0200000000000003,5.99999999999996,2,1,65,0.5
404,7054.958257,7053.748762,7053.808762,7054.955758,7059.973257,1,1.99999999999996,0.0200000000000003,7.00000000000003,1,2,66,0.5
405,7061.910757,7060.425757,7060.627257,7061.910757,7068.220757,1,NaN,0,5.99999999999996,2,1,65,0.5
406,7069.527261,7068.683257,7068.839761,7069.527261,7075.140257,1,NaN,0,5.99999999999996,2,1,65,0.5
407,7076.836758,7075.766758,7075.936257,7076.836758,7076.898758,1,NaN,0,5.99999999999996,2,1,65,0.5
408,7087.866757,7086.772757,7086.936757,7087.813757,7090.871757,0,1.99999999999996,0.0200000000000003,5.99999999999996,2,1,65,0.5
409,7092.504757,7091.580758,7091.624258,7092.504757,7097.528757,1,NaN,0,5.99999999999996,2,1,65,0.5
410,7100.238258,7099.440258,7099.462758,7100.185757,7101.853762,0,1.99999999999996,0.0200000000000003,5.99999999999996,2,1,65,0.5
411,7103.663758,7102.530257,7102.815757,7103.663758,7110.900258,0,NaN,0,7.00000000000003,1,2,66,0.5
412,7113.790758,7112.736258,7113.027257,7113.790758,7116.709762,0,NaN,0,7.00000000000003,1,2,66,0.5
413,7130.462757,7129.523257,7114.469757,7130.460257,7150.615757,0,1.99999999999996,0.0200000000000003,5.99999999999996,2,1,65,0.5
414,7152.851258,7151.622757,7151.873258,7152.798257,7155.790258,1,1.99999999999996,0.0200000000000003,7.00000000000003,1,2,66,0.5
415,7158.578757,7157.327757,7157.533258,7158.578757,7163.522257,0,NaN,0,7.00000000000003,1,2,66,0.5
416,7168.276757,7166.905757,7167.158757,7168.223258,7174.021757,0,1.99999999999996,0.0200000000000003,5.99999999999996,2,1,65,0.5
417,7176.670258,7174.600758,7174.948257,7176.670258,7184.177257,0,NaN,0,7.00000000000003,1,2,66,0.5
418,7185.799757,7184.650257,7184.922257,7185.797257,7193.686758,0,1.99999999999996,0.0200000000000003,5.99999999999996,2,1,65,0.5
419,7195.275757,7194.314258,7194.517757,7195.273257,7199.659257,0,1.99999999999996,0.0200000000000003,5.99999999999996,2,1,65,0.5
420,7201.549759,7200.602757,7200.658758,7201.549759,7208.313758,0,NaN,0,7.00000000000003,1,2,66,0.5
421,7213.893757,7211.680762,7211.894257,7213.890762,7216.849257,1,1.99999999999996,0.0200000000000003,7.00000000000003,1,2,66,0.5
422,7220.234758,7218.433258,7218.686757,7220.181758,7223.125757,1,1.99999999999996,0.0200000000000003,7.00000000000003,1,2,66,0.5
423,7225.202752,7223.708257,7224.031758,7225.200258,7227.843759,1,1.99999999999996,0.0200000000000003,7.00000000000003,1,2,66,0.5
424,7229.843257,7228.460257,7228.675758,7229.840762,7233.801758,1,1.99999999999996,0.0200000000000003,7.00000000000003,1,2,66,0.5
425,7236.167757,7234.578758,7234.741757,7236.165258,7239.822758,1,1.99999999999996,0.0200000000000003,7.00000000000003,1,2,66,0.5
426,7241.320257,7240.338257,7240.544257,7241.320257,7244.762758,1,NaN,0,5.99999999999996,2,1,65,0.5
427,7248.347757,7247.176757,7247.607257,7248.344757,7261.806257,0,1.99999999999996,0.0200000000000003,5.99999999999996,2,1,65,0.5
428,7264.532258,7263.554758,7263.830257,7264.479758,7267.171758,0,1.99999999999996,0.0200000000000003,5.99999999999996,2,1,65,0.5
429,7269.127758,7268.123758,7268.333257,7269.075257,7275.187257,0,1.99999999999996,0.0200000000000003,5.99999999999996,2,1,65,0.5
430,7277.507757,7275.767762,7276.046757,7277.455257,7282.454757,1,1.99999999999996,0.0200000000000003,7.00000000000003,1,2,66,0.5
431,7283.920257,7283.123257,7283.274757,7283.917757,7290.337759,0,1.99999999999996,0.0200000000000003,5.99999999999996,2,1,65,0.5
432,7292.309758,7291.085758,7291.257257,7292.307757,7296.475258,1,1.99999999999996,0.0200000000000003,7.00000000000003,1,2,66,0.5
433,7297.943758,7297.221758,7297.315758,7297.890757,7303.591257,0,1.99999999999996,0.0200000000000003,5.99999999999996,2,1,65,0.5
434,7306.307758,7304.502762,7304.757758,7306.307758,7307.000762,1,NaN,0,5.99999999999996,2,1,65,0.5
435,7313.005757,7311.878257,7312.135257,7313.002758,7318.424257,0,1.99999999999996,0.0200000000000003,5.99999999999996,2,1,65,0.5
436,7321.170258,7319.507757,7319.671258,7321.167257,7323.604757,1,1.99999999999996,0.0200000000000003,7.00000000000003,1,2,66,0.5
437,7325.156258,7324.116257,7324.264757,7325.153758,7330.385757,0,1.99999999999996,0.0200000000000003,5.99999999999996,2,1,65,0.5
438,7332.253758,7330.954758,7331.028757,7332.200757,7334.810758,1,1.99999999999996,0.0200000000000003,7.00000000000003,1,2,66,0.5
439,7337.377258,7336.357257,7336.367757,7337.324757,7340.791762,1,1.99999999999996,0.0200000000000003,7.00000000000003,1,2,66,0.5
440,7343.061757,7341.525757,7341.764758,7343.059257,7346.328757,1,1.99999999999996,0.0200000000000003,7.00000000000003,1,2,66,0.5
441,7349.480257,7348.454258,7348.673257,7349.426757,7352.429758,0,1.99999999999996,0.0200000000000003,5.99999999999996,2,1,65,0.5
442,7354.226258,7353.035757,7353.190257,7354.226258,7356.582757,1,NaN,0,5.99999999999996,2,1,65,0.5
443,7361.809257,7360.640757,7360.830259,7361.809257,7367.720257,0,NaN,0,7.00000000000003,1,2,66,0.5
444,7374.073262,7372.646258,7372.780757,7374.070757,7376.109758,0,1.99999999999996,0.0200000000000003,5.99999999999996,2,1,65,0.5
445,7377.951257,7376.519757,7376.667257,7377.948257,7381.637757,1,1.99999999999996,0.0200000000000003,7.00000000000003,1,2,66,0.5
446,7384.129257,7382.318258,7382.498252,7384.076757,7387.816757,1,1.99999999999996,0.0200000000000003,7.00000000000003,1,2,66,0.5
447,7389.346258,7388.536757,7388.771257,7389.293762,7392.279757,0,1.99999999999996,0.0200000000000003,5.99999999999996,2,1,65,0.5
448,7393.976258,7392.636257,7392.810757,7393.973257,7396.916757,1,1.99999999999996,0.0200000000000003,7.00000000000003,1,2,66,0.5
449,7398.68676,7397.700257,7397.904757,7398.633758,7401.657758,0,1.99999999999996,0.0200000000000003,5.99999999999996,2,1,65,0.5
450,7403.909258,7402.252762,7402.370257,7403.359257,7408.543257,1,NaN,0,7.00000000000003,1,2,66,0.5
451,7424.813757,7423.290757,7423.465258,7424.813757,7430.374757,1,NaN,0,5.99999999999996,2,1,65,0.5
452,7431.814257,7430.858758,7431.090257,7431.811758,7433.327757,0,1.99999999999996,0.0200000000000003,5.99999999999996,2,1,65,0.5
453,7435.009258,7433.826758,7434.041758,7435.009258,7444.130758,1,NaN,0,5.99999999999996,2,1,65,0.5
454,7446.779258,7445.575257,7446.026757,7446.776757,7450.049257,0,1.99999999999996,0.0200000000000003,5.99999999999996,2,1,65,0.5
455,7454.396257,7453.178258,7453.315757,7454.343262,7458.017757,1,1.99999999999996,0.0200000000000003,7.00000000000003,1,2,66,0.5
456,7459.823757,7458.654258,7458.819256,7459.823757,7465.467758,1,NaN,0,5.99999999999996,2,1,65,0.5
457,7472.738257,7471.757758,7471.900257,7472.738257,7479.429258,0,NaN,0,7.00000000000003,1,2,66,0.5
458,7481.096757,7479.911758,7480.239757,7481.094257,7483.407257,0,1.99999999999996,0.0200000000000003,5.99999999999996,2,1,65,0.5
459,7491.755758,7490.844757,7491.020258,7491.752757,7503.558757,1,1.99999999999996,0.0200000000000003,7.00000000000003,1,2,66,0.5
460,7507.050759,7505.486757,7505.876758,7506.99776,7509.136757,1,1.99999999999996,0.0200000000000003,7.00000000000003,1,2,66,0.5
461,7511.367258,7510.460258,7510.764757,7511.314257,7512.653261,0,1.99999999999996,0.0200000000000003,5.99999999999996,2,1,65,0.5
462,7515.216259,7513.349757,7513.590761,7515.163757,7517.061257,1,1.99999999999996,0.0200000000000003,7.00000000000003,1,2,66,0.5
463,7519.807758,7518.601262,7518.890258,7519.805258,7525.458758,0,1.99999999999996,0.0200000000000003,5.99999999999996,2,1,65,0.5
464,7527.082258,7526.093258,7526.155757,7527.079757,7528.484258,1,1.99999999999996,0.0200000000000003,7.00000000000003,1,2,66,0.5
465,7530.574757,7529.575758,7529.869757,7530.522258,7533.689257,0,1.99999999999996,0.0200000000000003,5.99999999999996,2,1,65,0.5
466,7535.467758,7534.390757,7534.642758,7535.467758,7538.288762,0,NaN,0,7.00000000000003,1,2,66,0.5
467,7546.641258,7544.376257,7544.633757,7546.63876,7549.017757,1,1.99999999999996,0.0200000000000003,7.00000000000003,1,2,66,0.5
468,7550.746258,7549.454257,7549.607252,7550.743257,7552.710257,1,1.99999999999996,0.0200000000000003,7.00000000000003,1,2,66,0.5
469,7554.571757,7553.301257,7553.492257,7554.519258,7556.068758,1,1.99999999999996,0.0200000000000003,7.00000000000003,1,2,66,0.5
470,7558.932258,7556.761257,7557.042258,7558.929758,7562.021757,1,1.99999999999996,0.0200000000000003,7.00000000000003,1,2,66,0.5
471,7563.756262,7562.869257,7563.127757,7563.753258,7565.043757,0,1.99999999999996,0.0200000000000003,5.99999999999996,2,1,65,0.5
472,7566.465258,7565.413757,7565.551757,7566.462757,7569.980258,1,1.99999999999996,0.0200000000000003,7.00000000000003,1,2,66,0.5
473,7571.123758,7570.463258,7570.488757,7571.123758,7581.291757,1,NaN,0,5.99999999999996,2,1,65,0.5
474,7582.693257,7581.755262,7582.015762,7582.640759,7584.549257,0,1.99999999999996,0.0200000000000003,5.99999999999996,2,1,65,0.5
475,7586.429257,7584.964257,7585.148757,7586.376757,7589.159757,1,1.99999999999996,0.0200000000000003,7.00000000000003,1,2,66,0.5
476,7591.043257,7590.086258,7590.266257,7591.043257,7599.500757,1,NaN,0,5.99999999999996,2,1,65,0.5
477,7605.473757,7604.576758,7604.701257,7605.471258,7606.978258,0,1.99999999999996,0.0200000000000003,5.99999999999996,2,1,65,0.5
478,7608.687757,7607.471757,7607.522257,7608.687757,7729.800758,1,NaN,0,5.99999999999996,2,1,65,0.5
479,7733.83876,7732.403257,7732.478258,7733.83876,7756.689762,1,NaN,0,5.99999999999996,2,1,65,0.5
480,7758.588757,7757.700757,7757.904257,7758.536259,7759.704757,0,1.99999999999996,0.0200000000000003,5.99999999999996,2,1,65,0.5
481,7761.168257,7760.261758,7760.441257,7761.168257,7769.659257,1,NaN,0,5.99999999999996,2,1,65,0.5
482,7781.258758,7779.985257,7780.299758,7781.256757,7782.359258,0,1.99999999999996,0.0200000000000003,5.99999999999996,2,1,65,0.5
483,7784.237758,7782.965758,7782.998757,7784.235757,7787.896257,1,1.99999999999996,0.0200000000000003,7.00000000000003,1,2,66,0.5
484,7790.986758,7789.818762,7790.005757,7790.984257,7794.328757,0,1.99999999999996,0.0200000000000003,5.99999999999996,2,1,65,0.5
485,7796.628757,7795.652257,7795.894758,7796.626258,7799.671757,0,1.99999999999996,0.0200000000000003,5.99999999999996,2,1,65,0.5
486,7801.925757,7800.160258,7800.395757,7801.923257,7804.000762,1,1.99999999999996,0.0200000000000003,7.00000000000003,1,2,66,0.5
487,7807.166758,7805.523759,7805.781757,7807.164257,7809.133257,1,1.99999999999996,0.0200000000000003,7.00000000000003,1,2,66,0.5
488,7813.430757,7810.964757,7811.153258,7813.430757,7818.850262,1,NaN,0,5.99999999999996,2,1,65,0.5
489,8244.226758,8242.826258,8243.065257,8244.224757,8250.077757,0,1.99999999999996,0.0200000000000003,5.99999999999996,2,1,65,0.5
490,8290.018757,8286.909758,8287.233757,8289.468757,8290.506758,1,NaN,0,7.00000000000003,1,2,66,0.5
491,8310.080757,8297.458262,8297.488757,NaN,8388.570757,NaN,NaN,0,7.00000000000003,1,2,66,0.5
492,8394.676757,8393.372758,8393.432758,8394.126257,8400.459257,1,NaN,0,7.00000000000003,1,2,66,0.5
493,8406.783757,8405.671758,8405.981757,8406.781258,8408.340757,0,1.99999999999996,0.0200000000000003,5.99999999999996,2,1,65,0.5
494,8412.143258,8409.02326,8409.101258,8412.143258,8449.935758,0,NaN,0,7.00000000000003,1,2,66,0.5
495,8463.187258,8459.315758,8459.555758,8462.636758,NaN,1,NaN,0,7.00000000000003,1,2,66,0.5
496,8475.979258,8474.732259,8475.058758,8475.926257,8477.318752,0,1.99999999999996,0.0200000000000003,5.99999999999996,2,1,65,0.5
497,8480.920258,8477.842259,8478.11626,8480.867257,8484.281257,1,1.99999999999996,0.0200000000000003,7.00000000000003,1,2,66,0.5
498,8487.433759,8484.697758,8484.961257,8487.431258,8489.630262,1,1.99999999999996,0.0200000000000003,7.00000000000003,1,2,66,0.5
499,8491.579762,8490.491257,8490.820262,8491.577257,8493.629257,0,1.99999999999996,0.0200000000000003,5.99999999999996,2,1,65,0.5
500,8495.429758,8494.171758,8494.356259,8495.429758,8500.061758,1,NaN,0,5.99999999999996,2,1,65,0.5
501,8503.875258,8502.900257,8503.176257,8503.822758,8509.433757,0,1.99999999999996,0.0200000000000003,5.99999999999996,2,1,65,0.5
502,8512.327759,8510.743258,8510.863757,8512.325258,8518.029258,1,1.99999999999996,0.0200000000000003,7.00000000000003,1,2,66,0.5
503,8520.321257,8518.963258,8519.135759,8520.268257,8524.860762,0,1.99999999999996,0.0200000000000003,5.99999999999996,2,1,65,0.5
504,8526.361758,8525.388758,8525.680257,8526.359757,8528.444258,0,1.99999999999996,0.0200000000000003,5.99999999999996,2,1,65,0.5
505,8530.114757,8529.015257,8529.243257,8530.112257,8537.378257,0,1.99999999999996,0.0200000000000003,5.99999999999996,2,1,65,0.5
506,8539.231757,8538.135257,8538.322257,8539.231757,8547.163257,0,NaN,0,7.00000000000003,1,2,66,0.5
507,8550.476758,8548.402257,8548.504758,8550.424257,8552.655758,1,1.99999999999996,0.0200000000000003,7.00000000000003,1,2,66,0.5
508,8555.224258,8553.703757,8553.710262,8555.221762,8556.516257,1,1.99999999999996,0.0200000000000003,7.00000000000003,1,2,66,0.5
509,8558.482759,8557.504757,8557.629758,8558.430758,8560.737758,0,1.99999999999996,0.0200000000000003,5.99999999999996,2,1,65,0.5
510,8572.117258,8570.868257,8570.992758,8572.117258,8575.938257,1,NaN,0,5.99999999999996,2,1,65,0.5
511,8579.433258,8578.445257,8578.672258,8579.433258,8588.291262,0,NaN,0,7.00000000000003,1,2,66,0.5
512,8592.525257,8590.972757,8591.188258,8592.522258,8595.831257,1,1.99999999999996,0.0200000000000003,7.00000000000003,1,2,66,0.5
513,8597.709758,8596.660757,8596.739258,8597.709758,8598.609758,1,NaN,0,5.99999999999996,2,1,65,0.5
514,8611.053258,8610.274258,8610.499759,8611.053258,8617.923762,0,NaN,0,7.00000000000003,1,2,66,0.5
515,8619.670258,8618.827258,8618.843262,8619.616757,8625.513257,0,1.99999999999996,0.0200000000000003,5.99999999999996,2,1,65,0.5
516,8627.287757,8626.303257,8626.587257,8627.287757,8632.247259,0,NaN,0,7.00000000000003,1,2,66,0.5
517,8637.093257,8635.043258,8635.705758,8637.040257,8639.966757,1,1.99999999999996,0.0200000000000003,7.00000000000003,1,2,66,0.5
518,8644.829757,8642.971258,8643.750759,8644.826757,8654.765257,0,1.99999999999996,0.0200000000000003,5.99999999999996,2,1,65,0.5
519,8656.669758,8655.795758,8655.854758,8656.666758,8662.163257,0,1.99999999999996,0.0200000000000003,5.99999999999996,2,1,65,0.5
520,8664.200257,8663.004258,8663.241257,8664.200257,8672.712757,0,NaN,0,7.00000000000003,1,2,66,0.5
521,8674.655257,8673.281257,8673.565757,8674.652758,8678.44426,0,1.99999999999996,0.0200000000000003,5.99999999999996,2,1,65,0.5
522,8681.996257,8679.214257,8679.451258,8681.943262,8685.853257,1,1.99999999999996,0.0200000000000003,7.00000000000003,1,2,66,0.5
523,8688.929258,8687.485758,8687.640757,8688.926758,8697.777257,1,1.99999999999996,0.0200000000000003,7.00000000000003,1,2,66,0.5
524,8699.917258,8698.446257,8698.605257,8699.917258,8706.647257,1,NaN,0,5.99999999999996,2,1,65,0.5
525,8708.171758,8707.217757,8707.378257,8708.118757,8711.287258,0,1.99999999999996,0.0200000000000003,5.99999999999996,2,1,65,0.5
526,8713.456258,8712.212257,8712.420257,8713.453762,8718.974757,0,1.99999999999996,0.0200000000000003,5.99999999999996,2,1,65,0.5
527,8721.926757,8719.640257,8719.823257,8721.923758,8725.042258,1,1.99999999999996,0.0200000000000003,7.00000000000003,1,2,66,0.5
528,8728.524258,8727.509757,8727.756258,8728.521758,8731.090257,0,1.99999999999996,0.0200000000000003,5.99999999999996,2,1,65,0.5
529,8733.188757,8732.312758,8732.354257,8733.188757,8740.328262,0,NaN,0,7.00000000000003,1,2,66,0.5
530,8743.468257,8741.858258,8741.990758,8742.917757,8743.833257,1,NaN,0,7.00000000000003,1,2,66,0.5
531,8753.226757,8751.803258,8752.121759,8753.226757,8761.544257,1,NaN,0,5.99999999999996,2,1,65,0.5
532,8764.404262,8762.321758,8762.561758,8764.401757,8767.794757,1,1.99999999999996,0.0200000000000003,7.00000000000003,1,2,66,0.5
533,8769.907258,8768.598257,8768.631257,8769.907258,8776.444257,1,NaN,0,5.99999999999996,2,1,65,0.5
534,8778.045762,8776.935762,8777.309758,8777.992758,8780.458257,0,1.99999999999996,0.0200000000000003,5.99999999999996,2,1,65,0.5
535,8782.107758,8780.975758,8781.255258,8782.054258,8784.346757,0,1.99999999999996,0.0200000000000003,5.99999999999996,2,1,65,0.5
536,8785.988757,8784.942257,8785.223257,8785.986258,8788.441258,0,1.99999999999996,0.0200000000000003,5.99999999999996,2,1,65,0.5
537,8790.798757,8789.013757,8789.395757,8790.796257,8795.479257,1,1.99999999999996,0.0200000000000003,7.00000000000003,1,2,66,0.5
538,8799.226758,8798.031257,8798.243257,8799.224258,8803.022758,0,1.99999999999996,0.0200000000000003,5.99999999999996,2,1,65,0.5
539,8805.239257,8803.552257,8803.756258,8805.239257,8817.852257,1,NaN,0,5.99999999999996,2,1,65,0.5
540,8820.381257,8819.293757,8819.413757,8820.328257,8823.117757,0,1.99999999999996,0.0200000000000003,5.99999999999996,2,1,65,0.5
541,8826.627258,8825.225258,8825.452257,8826.624757,8831.487258,1,1.99999999999996,0.0200000000000003,7.00000000000003,1,2,66,0.5
542,8834.858257,8832.301257,8832.550257,8834.805258,8838.634757,1,1.99999999999996,0.0200000000000003,7.00000000000003,1,2,66,0.5
543,8840.263758,8839.271259,8839.518758,8840.211257,8853.372257,0,1.99999999999996,0.0200000000000003,5.99999999999996,2,1,65,0.5
544,8856.874257,8854.475257,8854.657757,8856.871257,8861.994752,1,1.99999999999996,0.0200000000000003,7.00000000000003,1,2,66,0.5
545,8863.658257,8862.461758,8862.671257,8863.655258,8871.034258,0,1.99999999999996,0.0200000000000003,5.99999999999996,2,1,65,0.5
546,8873.602757,8871.807757,8872.124259,8873.602757,8878.474758,1,NaN,0,5.99999999999996,2,1,65,0.5
547,8881.106757,8879.555257,8879.618757,8881.106757,8886.831757,1,NaN,0,5.99999999999996,2,1,65,0.5
548,8888.542259,8887.616757,8887.712257,8888.542259,8894.141258,1,NaN,0,5.99999999999996,2,1,65,0.5
549,8897.391758,8896.404258,8896.483758,8897.339252,8904.668758,0,1.99999999999996,0.0200000000000003,5.99999999999996,2,1,65,0.5
550,8906.782252,8905.542257,8905.746262,8906.782252,8906.836262,1,NaN,0,5.99999999999996,2,1,65,0.5
551,8920.317257,8919.371757,8919.598757,8920.264757,8925.532257,0,1.99999999999996,0.0200000000000003,5.99999999999996,2,1,65,0.5
552,8927.607257,8926.230757,8926.386257,8927.554257,8931.279257,1,1.99999999999996,0.0200000000000003,7.00000000000003,1,2,66,0.5
553,8933.224257,8932.069758,8932.126758,8933.224257,8937.963757,1,NaN,0,5.99999999999996,2,1,65,0.5
554,8939.604257,8938.595258,8938.781257,8939.552257,8960.137757,0,1.99999999999996,0.0200000000000003,5.99999999999996,2,1,65,0.5
555,8962.005762,8961.006758,8961.163252,8961.952758,8969.204758,0,1.99999999999996,0.0200000000000003,5.99999999999996,2,1,65,0.5
556,8972.018262,8970.528762,8970.841262,8972.018262,8976.983758,1,NaN,0,5.99999999999996,2,1,65,0.5
557,8982.561757,8981.066757,8981.129758,8982.559257,8985.708257,1,1.99999999999996,0.0200000000000003,7.00000000000003,1,2,66,0.5
558,8987.300757,8986.322758,8986.498762,8987.298262,8993.877757,0,1.99999999999996,0.0200000000000003,5.99999999999996,2,1,65,0.5
559,8995.905758,8994.765257,8994.936758,8995.905758,9001.338262,1,NaN,0,5.99999999999996,2,1,65,0.5
560,9003.279757,9001.962759,9002.103757,9003.279757,9008.581759,1,NaN,0,5.99999999999996,2,1,65,0.5
561,9011.172257,9009.830757,9010.066257,9011.172257,9018.067757,0,NaN,0,7.00000000000003,1,2,66,0.5
562,9020.071259,9019.088762,9019.300757,9020.018258,9025.644257,0,1.99999999999996,0.0200000000000003,5.99999999999996,2,1,65,0.5
563,9029.620757,9027.856258,9027.977758,9029.617757,9032.511752,1,1.99999999999996,0.0200000000000003,7.00000000000003,1,2,66,0.5
564,9034.486758,9033.257761,9033.29326,9034.486758,9040.274758,1,NaN,0,5.99999999999996,2,1,65,0.5
565,9043.953257,9041.251257,9041.581757,9043.900258,9047.213258,1,1.99999999999996,0.0200000000000003,7.00000000000003,1,2,66,0.5
566,9049.052257,9048.238257,9048.364758,9048.999757,9057.774258,0,1.99999999999996,0.0200000000000003,5.99999999999996,2,1,65,0.5
567,9060.135258,9058.664757,9058.859757,9060.135258,9068.195757,1,NaN,0,5.99999999999996,2,1,65,0.5
568,9069.919757,9068.859758,9069.099757,9069.917757,9077.099752,0,1.99999999999996,0.0200000000000003,5.99999999999996,2,1,65,0.5
569,9079.973257,9077.706257,9077.939758,9079.920257,9086.829758,1,1.99999999999996,0.0200000000000003,7.00000000000003,1,2,66,0.5
570,9088.341757,9087.283759,9087.496257,9088.288757,9094.228257,0,1.99999999999996,0.0200000000000003,5.99999999999996,2,1,65,0.5
571,9096.258763,9094.890757,9095.089257,9096.258763,9099.577258,1,NaN,0,5.99999999999996,2,1,65,0.5
572,9130.047759,9128.919762,9129.113258,9129.995758,9137.039757,0,1.99999999999996,0.0200000000000003,5.99999999999996,2,1,65,0.5
573,9139.122258,9137.671258,9137.838258,9139.120257,9146.130257,0,1.99999999999996,0.0200000000000003,5.99999999999996,2,1,65,0.5
574,9148.392258,9146.891762,9147.003258,9148.392258,9156.435753,1,NaN,0,5.99999999999996,2,1,65,0.5
575,9157.979758,9157.066757,9157.325757,9157.926757,9160.999762,0,1.99999999999996,0.0200000000000003,5.99999999999996,2,1,65,0.5
576,9163.832261,9161.684257,9161.923257,9163.832261,9170.412757,1,NaN,0,5.99999999999996,2,1,65,0.5
577,9174.130757,9171.705757,9171.872257,9174.077757,9177.298257,1,1.99999999999996,0.0200000000000003,7.00000000000003,1,2,66,0.5
578,9178.752257,9177.80226,9178.116257,9178.698757,9182.857757,0,1.99999999999996,0.0200000000000003,5.99999999999996,2,1,65,0.5
579,9187.591259,9186.358757,9186.413758,9187.591259,9188.470757,1,NaN,0,5.99999999999996,2,1,65,0.5
580,9194.999757,9194.160263,9194.192757,9194.947257,9202.251757,0,1.99999999999996,0.0200000000000003,5.99999999999996,2,1,65,0.5
581,9204.109757,9203.003758,9203.232257,9204.05626,9209.048257,0,1.99999999999996,0.0200000000000003,5.99999999999996,2,1,65,0.5
582,9211.432762,9209.772257,9210.182257,9211.432762,9217.999758,0,NaN,0,7.00000000000003,1,2,66,0.5
583,9222.079257,9220.206757,9220.519757,9222.02576,9225.042262,1,1.99999999999996,0.0200000000000003,7.00000000000003,1,2,66,0.5
584,9228.378762,9227.413758,9227.579757,9228.326257,9237.139257,0,1.99999999999996,0.0200000000000003,5.99999999999996,2,1,65,0.5
585,9239.257758,9238.087757,9238.306258,9239.257758,9240.715757,0,NaN,0,7.00000000000003,1,2,66,0.5
586,9247.937758,9246.650259,9246.704259,9247.885258,9250.831757,1,1.99999999999996,0.0200000000000003,7.00000000000003,1,2,66,0.5
587,9252.603258,9251.334257,9251.805758,9252.600757,9259.470757,0,1.99999999999996,0.0200000000000003,5.99999999999996,2,1,65,0.5
588,9262.475758,9260.634762,9260.651258,9262.423257,9265.582257,1,1.99999999999996,0.0200000000000003,7.00000000000003,1,2,66,0.5
589,9268.723258,9267.691756,9267.876757,9268.670758,9274.538257,0,1.99999999999996,0.0200000000000003,5.99999999999996,2,1,65,0.5
590,9277.163758,9275.201252,9275.433262,9277.16126,9284.697258,0,1.99999999999996,0.0200000000000003,5.99999999999996,2,1,65,0.5
591,9286.657757,9285.405757,9285.736759,9286.655257,9291.572262,0,1.99999999999996,0.0200000000000003,5.99999999999996,2,1,65,0.5
592,9295.609257,9293.815757,9293.967758,9295.556257,9298.604257,1,1.99999999999996,0.0200000000000003,7.00000000000003,1,2,66,0.5
593,9300.83676,9299.294259,9299.520257,9300.784757,9303.545757,1,1.99999999999996,0.0200000000000003,7.00000000000003,1,2,66,0.5
594,9305.042258,9304.087258,9304.323258,9305.040257,9313.465257,0,1.99999999999996,0.0200000000000003,5.99999999999996,2,1,65,0.5
595,9316.515757,9314.17876,9314.445257,9316.462757,9319.763257,1,1.99999999999996,0.0200000000000003,7.00000000000003,1,2,66,0.5
596,9322.258257,9320.423262,9320.724262,9322.205758,9325.026757,1,1.99999999999996,0.0200000000000003,7.00000000000003,1,2,66,0.5
597,9326.765258,9325.69026,9325.969258,9326.765258,9333.663759,0,NaN,0,7.00000000000003,1,2,66,0.5
598,9339.481257,9337.806758,9337.997258,9339.481257,9339.509257,1,NaN,0,5.99999999999996,2,1,65,0.5
599,9505.123758,9503.878257,9504.041257,9505.121757,9516.359257,0,1.99999999999996,0.0200000000000003,5.99999999999996,2,1,65,0.5
600,9522.555258,9519.946758,9520.081257,9522.552258,9524.711257,1,1.99999999999996,0.0200000000000003,7.00000000000003,1,2,66,0.5
601,9527.503758,9526.459758,9526.642257,9527.501257,9531.092257,0,1.99999999999996,0.0200000000000003,5.99999999999996,2,1,65,0.5
602,9533.859257,9531.898757,9532.357258,9533.856258,9540.783257,0,1.99999999999996,0.0200000000000003,5.99999999999996,2,1,65,0.5
603,9542.619758,9541.468758,9541.768758,9542.616758,9546.819258,0,1.99999999999996,0.0200000000000003,5.99999999999996,2,1,65,0.5
604,9550.216257,9548.086262,9548.333757,9550.163757,9552.861258,1,1.99999999999996,0.0200000000000003,7.00000000000003,1,2,66,0.5
605,9554.421758,9553.605758,9553.808757,9554.419258,9557.036758,0,1.99999999999996,0.0200000000000003,5.99999999999996,2,1,65,0.5
606,9559.930758,9558.732258,9558.970262,9559.877757,9564.835258,0,1.99999999999996,0.0200000000000003,5.99999999999996,2,1,65,0.5
607,9567.848757,9566.146258,9566.590259,9567.848757,9573.532257,0,NaN,0,7.00000000000003,1,2,66,0.5
608,9579.829257,9579.012257,9579.089758,9579.829257,9580.230757,0,NaN,0,7.00000000000003,1,2,66,0.5
609,9598.529257,9597.488258,9597.535258,9598.529257,9600.948258,0,NaN,0,7.00000000000003,1,2,66,0.5
610,9616.587257,9615.495257,9615.684257,9616.587257,9619.816757,0,NaN,0,7.00000000000003,1,2,66,0.5
611,9626.472758,9623.148257,9623.334757,9626.470257,9629.632758,1,1.99999999999996,0.0200000000000003,7.00000000000003,1,2,66,0.5
612,9631.345757,9630.339258,9630.555259,9631.345757,9635.446257,0,NaN,0,7.00000000000003,1,2,66,0.5
613,9640.404758,9638.877258,9638.974257,9640.402757,9641.748262,1,1.99999999999996,0.0200000000000003,7.00000000000003,1,2,66,0.5
614,9644.241262,9642.526257,9642.741257,9644.189258,9645.680757,1,1.99999999999996,0.0200000000000003,7.00000000000003,1,2,66,0.5
615,9648.263258,9646.260757,9646.631257,9648.260757,9651.586257,1,1.99999999999996,0.0200000000000003,7.00000000000003,1,2,66,0.5
616,9653.181257,9652.190757,9652.376757,9653.128258,9657.457757,0,1.99999999999996,0.0200000000000003,5.99999999999996,2,1,65,0.5
617,9661.692258,9659.854758,9660.084758,9661.692258,9711.089257,1,NaN,0,5.99999999999996,2,1,65,0.5
618,9721.220758,9719.828757,9720.225757,9721.220758,9725.162258,0,NaN,0,7.00000000000003,1,2,66,0.5
619,9733.056757,9732.039262,9732.077762,9733.054757,9737.726258,0,1.99999999999996,0.0200000000000003,5.99999999999996,2,1,65,0.5
620,9747.436257,9746.352252,9746.563258,9747.433758,9754.397257,0,1.99999999999996,0.0200000000000003,5.99999999999996,2,1,65,0.5
621,9757.540257,9755.662257,9755.862258,9757.537257,9763.442257,1,1.99999999999996,0.0200000000000003,7.00000000000003,1,2,66,0.5
622,9765.478757,9764.221758,9764.266759,9765.476757,9773.053258,0,1.99999999999996,0.0200000000000003,5.99999999999996,2,1,65,0.5
623,9774.955758,9773.920758,9774.150257,9774.953757,9780.503257,0,1.99999999999996,0.0200000000000003,5.99999999999996,2,1,65,0.5
624,9783.196257,9781.227258,9781.465757,9783.196257,9792.656757,1,NaN,0,5.99999999999996,2,1,65,0.5
625,9794.832258,9793.025762,9793.224257,9794.829257,9798.084257,1,1.99999999999996,0.0200000000000003,7.00000000000003,1,2,66,0.5
626,9800.470262,9799.053257,9799.275758,9800.417758,9804.274257,1,1.99999999999996,0.0200000000000003,7.00000000000003,1,2,66,0.5
627,9807.022258,9805.160258,9805.384258,9807.022258,9807.784258,1,NaN,0,5.99999999999996,2,1,65,0.5
628,9814.090758,9813.028757,9813.314257,9814.087758,9822.819257,0,1.99999999999996,0.0200000000000003,5.99999999999996,2,1,65,0.5
629,9826.246258,9824.756258,9824.793258,9826.243758,9828.826757,1,1.99999999999996,0.0200000000000003,7.00000000000003,1,2,66,0.5
630,9831.857757,9829.361757,9829.563258,9831.804757,9834.707752,1,1.99999999999996,0.0200000000000003,7.00000000000003,1,2,66,0.5
631,9836.918257,9835.583257,9835.615757,9836.915757,9839.695759,1,1.99999999999996,0.0200000000000003,7.00000000000003,1,2,66,0.5
632,9841.505757,9840.574258,9840.768257,9841.50326,9849.257257,0,1.99999999999996,0.0200000000000003,5.99999999999996,2,1,65,0.5
633,9851.894758,9850.166258,9850.372258,9851.894758,9857.622257,1,NaN,0,5.99999999999996,2,1,65,0.5
634,9860.513257,9858.033257,9858.387757,9860.460752,9862.565257,1,1.99999999999996,0.0200000000000003,7.00000000000003,1,2,66,0.5
635,9866.535257,9865.519758,9865.821762,9866.532762,9871.713758,0,1.99999999999996,0.0200000000000003,5.99999999999996,2,1,65,0.5
636,9874.040257,9872.334758,9872.745257,9874.040257,9877.602757,0,NaN,0,7.00000000000003,1,2,66,0.5
637,9883.062758,9881.645758,9882.166757,9883.059758,9885.051757,0,1.99999999999996,0.0200000000000003,5.99999999999996,2,1,65,0.5
638,9886.911758,9885.884757,9886.082758,9886.909257,9891.883752,0,1.99999999999996,0.0200000000000003,5.99999999999996,2,1,65,0.5
639,9894.523258,9892.393257,9892.806757,9894.521257,9897.538757,1,1.99999999999996,0.0200000000000003,7.00000000000003,1,2,66,0.5
640,9899.648257,9898.623262,9898.777757,9899.645757,9902.512757,0,1.99999999999996,0.0200000000000003,5.99999999999996,2,1,65,0.5
641,9904.986258,9903.025258,9903.196252,9904.933758,9907.598257,1,1.99999999999996,0.0200000000000003,7.00000000000003,1,2,66,0.5
642,9909.000757,9908.149257,9908.393257,9908.998257,9912.220757,0,1.99999999999996,0.0200000000000003,5.99999999999996,2,1,65,0.5
643,9914.683262,9912.926257,9913.081259,9914.631252,9917.472257,1,1.99999999999996,0.0200000000000003,7.00000000000003,1,2,66,0.5
644,9919.691257,9918.080758,9918.299258,9919.691257,9923.163257,1,NaN,0,5.99999999999996,2,1,65,0.5
645,9927.542762,9926.055257,9926.261757,9927.540757,9932.763757,0,1.99999999999996,0.0200000000000003,5.99999999999996,2,1,65,0.5
646,9934.716757,9933.284259,9933.673758,9934.714257,9938.564757,0,1.99999999999996,0.0200000000000003,5.99999999999996,2,1,65,0.5
647,9942.213257,9940.620759,9940.696758,9942.160258,9945.428257,1,1.99999999999996,0.0200000000000003,7.00000000000003,1,2,66,0.5
648,9947.089258,9946.162262,9946.400758,9947.086758,9949.310758,0,1.99999999999996,0.0200000000000003,5.99999999999996,2,1,65,0.5
649,9951.246757,9949.861758,9950.07676,9951.246757,9953.714758,1,NaN,0,5.99999999999996,2,1,65,0.5
650,10275.887757,10274.536757,10274.921257,10275.885258,10277.080757,0,1.99999999999996,0.0200000000000003,5.99999999999996,2,1,65,0.5
651,10281.510757,10279.289757,10279.531257,10281.457762,10283.782257,1,1.99999999999996,0.0200000000000003,7.00000000000003,1,2,66,0.5
652,10290.735757,10287.914758,10288.041757,10290.682758,10291.509757,1,1.99999999999996,0.0200000000000003,7.00000000000003,1,2,66,0.5
653,10293.693258,10292.281758,10292.509258,10293.640257,10296.191757,0,1.99999999999996,0.0200000000000003,5.99999999999996,2,1,65,0.5
654,10298.053758,10297.197259,10297.280757,10298.050757,10304.235757,0,1.99999999999996,0.0200000000000003,5.99999999999996,2,1,65,0.5
655,10309.575758,10308.568757,10308.843257,10309.573257,10315.108262,0,1.99999999999996,0.0200000000000003,5.99999999999996,2,1,65,0.5
656,10318.793757,10315.884758,10316.044757,10318.791258,10328.805757,1,1.99999999999996,0.0200000000000003,7.00000000000003,1,2,66,0.5
657,10331.108262,10330.157257,10330.203752,10331.106257,10334.681758,0,1.99999999999996,0.0200000000000003,5.99999999999996,2,1,65,0.5
658,10337.945257,10336.912257,10337.114258,10337.942758,10353.174258,0,1.99999999999996,0.0200000000000003,5.99999999999996,2,1,65,0.5
659,10355.687758,10354.177257,10354.314758,10355.685257,10356.794757,1,1.99999999999996,0.0200000000000003,7.00000000000003,1,2,66,0.5
660,10358.688257,10357.742257,10358.002257,10358.685758,10363.220762,0,1.99999999999996,0.0200000000000003,5.99999999999996,2,1,65,0.5
661,10365.552258,10364.164757,10364.390757,10365.552258,10370.181259,0,NaN,0,7.00000000000003,1,2,66,0.5
662,10372.746258,10371.714258,10372.071759,10372.693758,10374.732758,0,1.99999999999996,0.0200000000000003,5.99999999999996,2,1,65,0.5
663,10377.462757,10375.836258,10376.024258,10377.409262,10382.541757,1,1.99999999999996,0.0200000000000003,7.00000000000003,1,2,66,0.5
664,10384.105257,10383.302258,10383.471757,10384.105257,10385.790258,0,NaN,0,7.00000000000003,1,2,66,0.5
665,10397.024257,10395.988258,10396.158257,10396.971258,10401.544257,0,1.99999999999996,0.0200000000000003,5.99999999999996,2,1,65,0.5
666,10404.276257,10402.299258,10402.534757,10404.273757,10407.556758,1,1.99999999999996,0.0200000000000003,7.00000000000003,1,2,66,0.5
667,10409.554258,10408.164257,10408.334257,10409.501262,10412.953757,1,1.99999999999996,0.0200000000000003,7.00000000000003,1,2,66,0.5
668,10414.511257,10413.576757,10413.831257,10414.458757,10421.916257,0,1.99999999999996,0.0200000000000003,5.99999999999996,2,1,65,0.5
669,10424.089252,10422.636258,10422.800757,10424.089252,10429.593258,1,NaN,0,5.99999999999996,2,1,65,0.5
670,10437.564257,10436.434758,10436.712257,10437.511257,10439.573757,0,1.99999999999996,0.0200000000000003,5.99999999999996,2,1,65,0.5
671,10442.259258,10440.206757,10440.443758,10442.206258,10444.370257,1,1.99999999999996,0.0200000000000003,7.00000000000003,1,2,66,0.5
672,10446.581258,10445.116258,10445.280262,10446.581258,10454.093759,1,NaN,0,5.99999999999996,2,1,65,0.5
673,10455.645758,10454.563757,10454.895757,10455.592258,10463.773258,0,1.99999999999996,0.0200000000000003,5.99999999999996,2,1,65,0.5
674,10467.295758,10465.761262,10465.896757,10467.242759,10468.378757,1,1.99999999999996,0.0200000000000003,7.00000000000003,1,2,66,0.5
675,10471.161257,10470.096257,10470.233757,10471.158757,10476.370757,0,1.99999999999996,0.0200000000000003,5.99999999999996,2,1,65,0.5
676,10478.922257,10476.947258,10477.184759,10478.919758,10480.131758,1,1.99999999999996,0.0200000000000003,7.00000000000003,1,2,66,0.5
677,10482.076757,10481.165757,10481.437757,10482.024257,10489.021758,0,1.99999999999996,0.0200000000000003,5.99999999999996,2,1,65,0.5
678,10491.88426,10489.949757,10490.134257,10491.881757,10495.794757,1,1.99999999999996,0.0200000000000003,7.00000000000003,1,2,66,0.5
679,10498.315758,10496.670257,10496.921758,10498.262757,10502.008758,1,1.99999999999996,0.0200000000000003,7.00000000000003,1,2,66,0.5
680,10504.612253,10503.668252,10503.850763,10504.558757,10509.278757,0,1.99999999999996,0.0200000000000003,5.99999999999996,2,1,65,0.5
681,10511.701758,10510.687258,10510.813757,10511.69926,10523.266757,0,1.99999999999996,0.0200000000000003,5.99999999999996,2,1,65,0.5
682,10526.959258,10524.553757,10524.769758,10526.408757,10537.271762,1,NaN,0,7.00000000000003,1,2,66,0.5
683,10540.877757,10538.011253,10538.179757,10540.825258,10544.039257,1,1.99999999999996,0.0200000000000003,7.00000000000003,1,2,66,0.5
684,10547.147258,10545.756757,10545.983258,10547.093758,10553.674758,0,1.99999999999996,0.0200000000000003,5.99999999999996,2,1,65,0.5
685,10556.015759,10554.554257,10554.668757,10556.015759,10559.848257,1,NaN,0,5.99999999999996,2,1,65,0.5
686,10564.528257,10563.000258,10563.126257,10564.476257,10568.580257,1,1.99999999999996,0.0200000000000003,7.00000000000003,1,2,66,0.5
687,10570.303761,10569.285257,10569.458757,10570.301258,10577.066758,0,1.99999999999996,0.0200000000000003,5.99999999999996,2,1,65,0.5
688,10579.933757,10577.914257,10578.104758,10579.931757,10587.322762,1,1.99999999999996,0.0200000000000003,7.00000000000003,1,2,66,0.5
689,10589.039257,10587.953257,10588.135257,10588.987257,10594.807757,0,1.99999999999996,0.0200000000000003,5.99999999999996,2,1,65,0.5
690,10597.965257,10596.740257,10597.028757,10597.962757,10604.105758,0,1.99999999999996,0.0200000000000003,5.99999999999996,2,1,65,0.5
691,10606.949758,10604.972757,10605.164258,10606.896758,10610.061258,1,1.99999999999996,0.0200000000000003,7.00000000000003,1,2,66,0.5
692,10615.054257,10614.053257,10614.184257,10615.001257,10620.959757,0,1.99999999999996,0.0200000000000003,5.99999999999996,2,1,65,0.5
693,10623.971758,10621.721257,10621.960257,10623.969257,10626.856757,1,1.99999999999996,0.0200000000000003,7.00000000000003,1,2,66,0.5
694,10629.073757,10627.913758,10628.089258,10629.070757,10638.701757,0,1.99999999999996,0.0200000000000003,5.99999999999996,2,1,65,0.5
695,10642.102258,10639.930757,10640.133257,10642.099758,10643.325757,1,1.99999999999996,0.0200000000000003,7.00000000000003,1,2,66,0.5
696,10646.190757,10645.243262,10645.422257,10646.138257,10652.510258,0,1.99999999999996,0.0200000000000003,5.99999999999996,2,1,65,0.5
697,10656.892757,10655.808258,10655.824758,10656.890257,10665.865262,0,1.99999999999996,0.0200000000000003,5.99999999999996,2,1,65,0.5
698,10669.168757,10667.440262,10667.558258,10669.116257,10673.031757,1,1.99999999999996,0.0200000000000003,7.00000000000003,1,2,66,0.5
699,10674.624757,10673.837258,10673.974258,10674.624757,10681.730758,0,NaN,0,7.00000000000003,1,2,66,0.5
700,10684.637257,10682.655762,10682.712258,10684.584757,10690.159257,1,1.99999999999996,0.0200000000000003,7.00000000000003,1,2,66,0.5
701,10692.372259,10691.184257,10691.337257,10692.319757,10698.112757,0,1.99999999999996,0.0200000000000003,5.99999999999996,2,1,65,0.5
702,10700.815257,10698.930758,10699.273257,10700.812757,10704.159258,1,1.99999999999996,0.0200000000000003,7.00000000000003,1,2,66,0.5
703,10707.434757,10704.736258,10704.883757,10707.432257,10710.463258,1,1.99999999999996,0.0200000000000003,7.00000000000003,1,2,66,0.5
704,10712.379757,10711.321757,10711.594758,10712.377757,10717.653257,0,1.99999999999996,0.0200000000000003,5.99999999999996,2,1,65,0.5
705,10721.079757,10719.601257,10719.976757,10721.026757,10725.964757,0,1.99999999999996,0.0200000000000003,5.99999999999996,2,1,65,0.5
706,10729.898258,10728.207757,10728.232258,10729.845761,10733.677757,1,1.99999999999996,0.0200000000000003,7.00000000000003,1,2,66,0.5
707,10735.631757,10734.625258,10734.797257,10735.578257,10741.888258,0,1.99999999999996,0.0200000000000003,5.99999999999996,2,1,65,0.5
708,10744.334259,10742.538757,10742.744757,10744.332257,10748.228757,1,1.99999999999996,0.0200000000000003,7.00000000000003,1,2,66,0.5
709,10750.469757,10748.990757,10749.045757,10750.416757,10756.604758,0,1.99999999999996,0.0200000000000003,5.99999999999996,2,1,65,0.5
710,10779.150257,10766.536757,10766.697257,10779.150257,10784.919257,1,NaN,0,5.99999999999996,2,1,65,0.5
711,10788.044758,10786.084758,10786.144258,10788.044758,10796.393757,1,NaN,0,5.99999999999996,2,1,65,0.5
712,10805.821258,10803.454258,10803.471258,10805.818757,10810.078257,1,1.99999999999996,0.0200000000000003,7.00000000000003,1,2,66,0.5
713,10818.333258,10816.642758,10816.799757,10818.330757,10820.983758,1,1.99999999999996,0.0200000000000003,7.00000000000003,1,2,66,0.5
714,10823.033758,10822.181757,10822.321757,10822.981757,10827.608757,0,1.99999999999996,0.0200000000000003,5.99999999999996,2,1,65,0.5
715,10830.283757,10828.355758,10828.554752,10830.280257,10831.850257,1,1.99999999999996,0.0200000000000003,7.00000000000003,1,2,66,0.5
716,10836.298258,10833.422758,10833.561258,10836.245757,10839.402258,1,1.99999999999996,0.0200000000000003,7.00000000000003,1,2,66,0.5
717,10842.440258,10840.411258,10840.460757,10842.387762,10843.450258,1,1.99999999999996,0.0200000000000003,7.00000000000003,1,2,66,0.5
718,10844.889258,10843.961257,10844.220257,10844.837257,10852.923258,0,1.99999999999996,0.0200000000000003,5.99999999999996,2,1,65,0.5
719,10855.373258,10853.553757,10853.920758,10855.321257,10857.927762,1,1.99999999999996,0.0200000000000003,7.00000000000003,1,2,66,0.5
720,10860.248257,10858.474757,10858.688758,10860.195758,10863.082757,1,1.99999999999996,0.0200000000000003,7.00000000000003,1,2,66,0.5
721,10868.157759,10865.622757,10865.772757,10868.154759,10871.404257,1,1.99999999999996,0.0200000000000003,7.00000000000003,1,2,66,0.5
722,10872.973259,10871.941758,10872.303257,10872.971259,10876.589257,0,1.99999999999996,0.0200000000000003,5.99999999999996,2,1,65,0.5
723,10879.210758,10877.138257,10877.386257,10879.158257,10881.471757,1,1.99999999999996,0.0200000000000003,7.00000000000003,1,2,66,0.5
724,10883.979757,10882.034757,10882.296257,10883.976758,10886.770257,1,1.99999999999996,0.0200000000000003,7.00000000000003,1,2,66,0.5
725,10889.522757,10888.492258,10888.732757,10889.469757,10895.535758,0,1.99999999999996,0.0200000000000003,5.99999999999996,2,1,65,0.5
726,10898.059258,10896.416257,10896.594758,10898.006258,10900.633758,1,1.99999999999996,0.0200000000000003,7.00000000000003,1,2,66,0.5
727,10903.124258,10901.872757,10902.043262,10903.124258,10910.644757,0,NaN,0,7.00000000000003,1,2,66,0.5
728,10913.638258,10911.568258,10911.699258,10913.585757,10919.635257,1,1.99999999999996,0.0200000000000003,7.00000000000003,1,2,66,0.5
729,10923.142757,10921.584257,10921.647253,10923.089757,10925.845257,1,1.99999999999996,0.0200000000000003,7.00000000000003,1,2,66,0.5
730,10927.791757,10926.963257,10927.094759,10927.789257,10933.758758,0,1.99999999999996,0.0200000000000003,5.99999999999996,2,1,65,0.5
731,10935.846757,10934.433758,10934.591257,10935.793258,10936.908757,1,1.99999999999996,0.0200000000000003,7.00000000000003,1,2,66,0.5
732,10939.243257,10937.873257,10937.893257,10939.243257,10944.283757,1,NaN,0,5.99999999999996,2,1,65,0.5
733,10949.094757,10947.464758,10947.670258,10948.544757,10954.281261,0,NaN,0,5.99999999999996,2,1,65,0.5
734,10959.127258,10957.256262,10957.416259,10959.074758,10965.685258,0,1.99999999999996,0.0200000000000003,5.99999999999996,2,1,65,0.5
735,10968.757257,10966.906257,10967.039761,10968.757257,10971.633757,1,NaN,0,5.99999999999996,2,1,65,0.5
736,10982.034262,10981.060757,10981.284757,10981.981758,10994.942258,0,1.99999999999996,0.0200000000000003,5.99999999999996,2,1,65,0.5
737,10998.163758,10996.122257,10996.361257,10998.161757,11001.640762,0,1.99999999999996,0.0200000000000003,5.99999999999996,2,1,65,0.5
738,11005.768757,11003.938255,11004.129758,11005.766757,11008.867258,1,1.99999999999996,0.0200000000000003,7.00000000000003,1,2,66,0.5
739,11011.217758,11009.498258,11009.520257,11011.217758,11016.302757,1,NaN,0,5.99999999999996,2,1,65,0.5
740,11018.495257,11017.562757,11017.846258,11018.442757,11023.986257,0,1.99999999999996,0.0200000000000003,5.99999999999996,2,1,65,0.5
741,11026.899758,11024.715758,11024.917257,11026.897257,11029.364758,1,1.99999999999996,0.0200000000000003,7.00000000000003,1,2,66,0.5
742,11031.600257,11030.691757,11030.855257,11031.597758,11037.782258,0,1.99999999999996,0.0200000000000003,5.99999999999996,2,1,65,0.5
743,11039.997258,11038.630258,11038.684758,11039.994758,11047.384758,0,1.99999999999996,0.0200000000000003,5.99999999999996,2,1,65,0.5
744,11050.943757,11049.519762,11049.747258,11050.890257,11054.334757,1,1.99999999999996,0.0200000000000003,7.00000000000003,1,2,66,0.5
745,11077.968258,11076.894257,11077.159757,11077.968258,11078.194757,0,NaN,0,7.00000000000003,1,2,66,0.5
746,11086.180758,11085.189258,11085.414257,11086.127258,11089.403757,0,1.99999999999996,0.0200000000000003,5.99999999999996,2,1,65,0.5
747,11096.277757,11094.533257,11094.716257,11096.274757,11099.054257,1,1.99999999999996,0.0200000000000003,7.00000000000003,1,2,66,0.5
748,11101.750752,11099.775259,11100.055757,11101.750752,11107.136257,0,NaN,0,7.00000000000003,1,2,66,0.5
749,11109.791257,11108.206257,11108.384757,11109.788257,11117.859258,0,1.99999999999996,0.0200000000000003,5.99999999999996,2,1,65,0.5
750,11120.384257,11118.474257,11118.745257,11120.330758,11123.448752,1,1.99999999999996,0.0200000000000003,7.00000000000003,1,2,66,0.5
751,11125.326758,11124.39776,11124.44676,11125.324257,11130.328758,0,1.99999999999996,0.0200000000000003,5.99999999999996,2,1,65,0.5
752,11133.349257,11131.135259,11131.577757,11133.349257,11144.557752,1,NaN,0,5.99999999999996,2,1,65,0.5
753,11150.192258,11148.653258,11148.846757,11150.140257,11153.402257,1,1.99999999999996,0.0200000000000003,7.00000000000003,1,2,66,0.5
754,11155.229758,11154.312758,11154.602258,11155.177252,11160.282262,0,1.99999999999996,0.0200000000000003,5.99999999999996,2,1,65,0.5
755,11163.030257,11161.077258,11161.240752,11163.027257,11165.816757,1,1.99999999999996,0.0200000000000003,7.00000000000003,1,2,66,0.5
756,11169.458257,11168.413758,11168.573259,11169.455757,11182.797757,0,1.99999999999996,0.0200000000000003,5.99999999999996,2,1,65,0.5
757,11185.702259,11183.467758,11183.867257,11185.700257,11189.098758,1,1.99999999999996,0.0200000000000003,7.00000000000003,1,2,66,0.5
758,11195.893257,11192.746257,11193.002762,11195.840257,11197.170257,1,1.99999999999996,0.0200000000000003,7.00000000000003,1,2,66,0.5
759,11199.219258,11197.850258,11198.037257,11199.167257,11202.259257,0,1.99999999999996,0.0200000000000003,5.99999999999996,2,1,65,0.5
760,11204.741757,11202.969257,11203.213759,11204.688258,11207.690758,1,1.99999999999996,0.0200000000000003,7.00000000000003,1,2,66,0.5
761,11210.337757,11209.090255,11209.400258,11210.285257,11223.457757,0,1.99999999999996,0.0200000000000003,5.99999999999996,2,1,65,0.5
762,11229.256258,11227.430757,11227.598757,11229.203757,11231.697758,1,1.99999999999996,0.0200000000000003,7.00000000000003,1,2,66,0.5
763,11236.940257,11235.350258,11235.449257,11236.937757,11240.774757,1,1.99999999999996,0.0200000000000003,7.00000000000003,1,2,66,0.5
764,11243.323758,11241.414761,11241.710257,11243.271257,11245.250257,1,1.99999999999996,0.0200000000000003,7.00000000000003,1,2,66,0.5
765,11246.783758,11245.744257,11245.961258,11246.731257,11250.93726,0,1.99999999999996,0.0200000000000003,5.99999999999996,2,1,65,0.5
766,11253.476257,11251.699257,11251.940258,11253.473757,11255.326758,1,1.99999999999996,0.0200000000000003,7.00000000000003,1,2,66,0.5
767,11258.097257,11256.013257,11256.170758,11258.094762,11261.090757,1,1.99999999999996,0.0200000000000003,7.00000000000003,1,2,66,0.5
768,11262.485757,11261.583757,11261.793758,11262.432762,11269.431258,0,1.99999999999996,0.0200000000000003,5.99999999999996,2,1,65,0.5
769,11275.522258,11274.393761,11274.557257,11275.469258,11279.526757,0,1.99999999999996,0.0200000000000003,5.99999999999996,2,1,65,0.5
770,11281.542258,11280.345757,11280.722257,11281.489757,11286.932758,0,1.99999999999996,0.0200000000000003,5.99999999999996,2,1,65,0.5
771,11289.498257,11287.669758,11287.889257,11289.445262,11290.462257,1,1.99999999999996,0.0200000000000003,7.00000000000003,1,2,66,0.5
772,11291.936258,11291.137759,11291.378757,11291.93376,11293.893758,0,1.99999999999996,0.0200000000000003,5.99999999999996,2,1,65,0.5
773,11297.621258,11296.559757,11296.732757,11297.618757,11304.418758,0,1.99999999999996,0.0200000000000003,5.99999999999996,2,1,65,0.5
774,11317.588758,11316.448757,11316.616757,11317.586757,11333.052259,0,1.99999999999996,0.0200000000000003,5.99999999999996,2,1,65,0.5
775,11339.760757,11338.762258,11338.909258,11339.760757,11340.871258,0,NaN,0,7.00000000000003,1,2,66,0.5
776,11416.137257,11413.332257,11413.701757,11416.084759,11417.670757,1,1.99999999999996,0.0200000000000003,7.00000000000003,1,2,66,0.5
777,11419.339757,11418.331258,11418.515762,11419.287257,11422.859258,0,1.99999999999996,0.0200000000000003,5.99999999999996,2,1,65,0.5
778,11426.221258,11424.248258,11424.421257,11425.670757,11444.823262,1,NaN,0,7.00000000000003,1,2,66,0.5
779,11446.552758,11445.673758,11445.782757,11446.550757,11451.317757,0,1.99999999999996,0.0200000000000003,5.99999999999996,2,1,65,0.5
780,11453.077258,11452.228758,11452.326757,11453.077258,11456.590757,0,NaN,0,7.00000000000003,1,2,66,0.5
781,11464.422258,11463.400757,11463.704258,11464.419259,11470.359257,0,1.99999999999996,0.0200000000000003,5.99999999999996,2,1,65,0.5
782,11472.817758,11470.965257,11471.219258,11472.815257,11473.949257,1,1.99999999999996,0.0200000000000003,7.00000000000003,1,2,66,0.5
783,11477.176757,11474.619757,11474.779258,11477.173757,11480.906757,1,1.99999999999996,0.0200000000000003,7.00000000000003,1,2,66,0.5
784,11482.420757,11481.502757,11481.712758,11482.417762,11486.912262,0,1.99999999999996,0.0200000000000003,5.99999999999996,2,1,65,0.5
785,11489.334757,11487.462259,11487.862757,11489.331758,11491.454258,1,1.99999999999996,0.0200000000000003,7.00000000000003,1,2,66,0.5
786,11492.788258,11491.997257,11492.193758,11492.785758,11496.817758,0,1.99999999999996,0.0200000000000003,5.99999999999996,2,1,65,0.5
787,11502.646757,11501.170758,11501.285258,11502.646757,11510.408259,1,NaN,0,5.99999999999996,2,1,65,0.5
788,11515.019257,11513.160758,11513.503258,11514.966263,11517.718257,1,1.99999999999996,0.0200000000000003,7.00000000000003,1,2,66,0.5
789,11519.482257,11518.418758,11518.609759,11519.479257,11524.227757,0,1.99999999999996,0.0200000000000003,5.99999999999996,2,1,65,0.5
790,11526.044758,11525.174258,11525.263759,11525.992257,11530.178258,0,1.99999999999996,0.0200000000000003,5.99999999999996,2,1,65,0.5
791,11532.667258,11531.007757,11531.294757,11532.664257,11534.945759,1,1.99999999999996,0.0200000000000003,7.00000000000003,1,2,66,0.5
792,11537.272758,11536.482258,11536.598758,11537.219757,11540.774757,0,1.99999999999996,0.0200000000000003,5.99999999999996,2,1,65,0.5
793,11543.214258,11541.308257,11541.520758,11543.161259,11545.620258,1,1.99999999999996,0.0200000000000003,7.00000000000003,1,2,66,0.5
794,11548.726757,11546.156752,11546.570258,11548.724757,11551.028757,1,1.99999999999996,0.0200000000000003,7.00000000000003,1,2,66,0.5
795,11553.290757,11551.576758,11551.846257,11553.237757,11555.649758,1,1.99999999999996,0.0200000000000003,7.00000000000003,1,2,66,0.5
796,11557.082757,11556.125258,11556.513757,11557.079758,11562.919259,0,1.99999999999996,0.0200000000000003,5.99999999999996,2,1,65,0.5
797,11566.653258,11564.847257,11565.143758,11566.102259,11574.135757,0,NaN,0,5.99999999999996,2,1,65,0.5
798,11580.068757,11577.402758,11577.551257,11580.068757,11581.119258,1,NaN,0,5.99999999999996,2,1,65,0.5
799,11600.269758,11598.255758,11598.503758,11600.267258,11603.410757,1,1.99999999999996,0.0200000000000003,7.00000000000003,1,2,66,0.5
800,11605.734758,11604.751257,11605.013258,11605.731757,11619.825257,0,1.99999999999996,0.0200000000000003,5.99999999999996,2,1,65,0.5
801,11623.843262,11622.132259,11622.223257,11623.841257,11625.932257,1,1.99999999999996,0.0200000000000003,7.00000000000003,1,2,66,0.5
802,11629.219757,11627.122258,11627.217757,11629.167257,11631.498257,1,1.99999999999996,0.0200000000000003,7.00000000000003,1,2,66,0.5
803,11633.470258,11632.650258,11632.775758,11633.417258,11642.287758,0,1.99999999999996,0.0200000000000003,5.99999999999996,2,1,65,0.5
804,11644.172758,11643.263757,11643.370258,11644.120257,11647.634257,0,1.99999999999996,0.0200000000000003,5.99999999999996,2,1,65,0.5
805,11649.423258,11648.200757,11648.630757,11649.370758,11652.343257,0,1.99999999999996,0.0200000000000003,5.99999999999996,2,1,65,0.5
806,11654.684258,11652.929758,11653.202758,11654.682252,11657.075258,1,1.99999999999996,0.0200000000000003,7.00000000000003,1,2,66,0.5
807,11658.843757,11658.042257,11658.159258,11658.790758,11664.133757,0,1.99999999999996,0.0200000000000003,5.99999999999996,2,1,65,0.5
808,11666.667758,11664.874758,11665.102757,11666.615757,11667.716758,1,1.99999999999996,0.0200000000000003,7.00000000000003,1,2,66,0.5
809,11671.800258,11670.633758,11670.764758,11671.798257,11679.550258,0,1.99999999999996,0.0200000000000003,5.99999999999996,2,1,65,0.5
810,11682.677758,11680.798258,11680.981757,11682.675258,11684.848758,1,1.99999999999996,0.0200000000000003,7.00000000000003,1,2,66,0.5
811,11690.835257,11689.497258,11689.539252,11690.832758,11693.960758,1,1.99999999999996,0.0200000000000003,7.00000000000003,1,2,66,0.5
812,11695.948257,11694.498257,11694.692257,11695.945757,11699.233759,1,1.99999999999996,0.0200000000000003,7.00000000000003,1,2,66,0.5
813,11701.075757,11699.755758,11699.956258,11701.072758,11707.933257,0,1.99999999999996,0.0200000000000003,5.99999999999996,2,1,65,0.5
814,11710.427258,11708.534257,11708.784757,11710.424258,11712.590757,1,1.99999999999996,0.0200000000000003,7.00000000000003,1,2,66,0.5
815,11715.78776,11713.737757,11714.248257,11715.785759,11719.101762,1,1.99999999999996,0.0200000000000003,7.00000000000003,1,2,66,0.5
816,11721.492758,11719.775257,11719.931762,11721.490262,11723.496258,1,1.99999999999996,0.0200000000000003,7.00000000000003,1,2,66,0.5
817,11725.674759,11724.655258,11724.870757,11725.622257,11728.942257,0,1.99999999999996,0.0200000000000003,5.99999999999996,2,1,65,0.5
818,11731.436758,11729.713758,11730.003757,11731.434757,11734.530758,1,1.99999999999996,0.0200000000000003,7.00000000000003,1,2,66,0.5
819,11736.763758,11735.461759,11735.541262,11736.761262,11739.006757,1,1.99999999999996,0.0200000000000003,7.00000000000003,1,2,66,0.5
820,11740.433259,11739.592762,11739.767757,11740.380259,11748.798257,0,1.99999999999996,0.0200000000000003,5.99999999999996,2,1,65,0.5
821,11751.494758,11749.445257,11749.689757,11751.492261,11753.640252,1,1.99999999999996,0.0200000000000003,7.00000000000003,1,2,66,0.5
822,11756.132757,11754.509758,11754.713762,11756.130257,11758.673258,1,1.99999999999996,0.0200000000000003,7.00000000000003,1,2,66,0.5
823,11760.652257,11759.835257,11759.960252,11760.649758,11765.960757,0,1.99999999999996,0.0200000000000003,5.99999999999996,2,1,65,0.5
824,11768.061758,11766.509257,11766.741758,11768.009257,11770.550261,1,1.99999999999996,0.0200000000000003,7.00000000000003,1,2,66,0.5
825,11773.023262,11771.290257,11771.482258,11772.970258,11774.257258,1,1.99999999999996,0.0200000000000003,7.00000000000003,1,2,66,0.5
826,11776.588758,11774.770258,11774.900257,11776.588758,11780.741757,1,NaN,0,5.99999999999996,2,1,65,0.5
827,11785.22076,11784.105258,11784.315758,11785.218257,11788.222758,0,1.99999999999996,0.0200000000000003,5.99999999999996,2,1,65,0.5
828,11790.900258,11789.026758,11789.151756,11790.897758,11792.152758,1,1.99999999999996,0.0200000000000003,7.00000000000003,1,2,66,0.5
829,11794.414257,11793.499258,11793.654757,11794.411258,11798.585258,0,1.99999999999996,0.0200000000000003,5.99999999999996,2,1,65,0.5
830,11800.637757,11799.657757,11800.007758,11800.584758,11801.899257,0,1.99999999999996,0.0200000000000003,5.99999999999996,2,1,65,0.5
831,11804.377257,11802.722757,11802.764257,11804.377257,11812.486258,1,NaN,0,5.99999999999996,2,1,65,0.5
832,11818.228757,11816.254757,11816.511762,11818.225757,11820.929257,1,1.99999999999996,0.0200000000000003,7.00000000000003,1,2,66,0.5
833,11823.407757,11821.838257,11821.993757,11823.407757,11830.203758,1,NaN,0,5.99999999999996,2,1,65,0.5
834,11833.279757,11832.235257,11832.508758,11833.277757,11835.695757,0,1.99999999999996,0.0200000000000003,5.99999999999996,2,1,65,0.5
835,11837.29176,11836.364257,11836.554757,11837.288759,11841.690257,0,1.99999999999996,0.0200000000000003,5.99999999999996,2,1,65,0.5
836,11843.226757,11842.355758,11842.520757,11843.224257,11846.210257,0,1.99999999999996,0.0200000000000003,5.99999999999996,2,1,65,0.5
837,11848.691761,11846.920758,11847.170752,11848.689259,11851.058257,1,1.99999999999996,0.0200000000000003,7.00000000000003,1,2,66,0.5
838,11852.808757,11852.052757,11852.206757,11852.805757,11853.565758,0,1.99999999999996,0.0200000000000003,5.99999999999996,2,1,65,0.5
839,11858.901757,11857.919258,11858.072757,11858.848757,11859.796258,0,1.99999999999996,0.0200000000000003,5.99999999999996,2,1,65,0.5
840,11862.174757,11860.357257,11860.557257,11862.121758,11864.959257,1,1.99999999999996,0.0200000000000003,7.00000000000003,1,2,66,0.5
841,11867.935757,11866.790257,11867.025258,11867.883257,11870.702758,0,1.99999999999996,0.0200000000000003,5.99999999999996,2,1,65,0.5
842,11872.333257,11871.181757,11871.371257,11872.279757,11874.599258,0,1.99999999999996,0.0200000000000003,5.99999999999996,2,1,65,0.5
843,11876.530257,11875.088757,11875.583257,11876.530257,11883.305258,0,NaN,0,7.00000000000003,1,2,66,0.5
844,11885.357757,11883.856758,11884.115258,11885.357757,12316.428258,1,NaN,0,5.99999999999996,2,1,65,0.5
845,12318.104758,12316.979759,12317.04276,12318.104758,12318.131757,1,NaN,0,5.99999999999996,2,1,65,0.5
846,12326.926257,12325.014757,12325.235259,12326.873257,12329.558257,1,1.99999999999996,0.0200000000000003,7.00000000000003,1,2,66,0.5
847,12331.820758,12330.795257,12331.009758,12331.767758,12335.341757,0,1.99999999999996,0.0200000000000003,5.99999999999996,2,1,65,0.5
848,12338.318758,12337.254258,12337.579257,12338.266259,12342.331257,0,1.99999999999996,0.0200000000000003,5.99999999999996,2,1,65,0.5
849,12344.748758,12343.276262,12343.424758,12344.746757,12349.638257,1,1.99999999999996,0.0200000000000003,7.00000000000003,1,2,66,0.5
850,12352.541758,12351.379757,12351.395257,12352.488762,12355.193257,1,1.99999999999996,0.0200000000000003,7.00000000000003,1,2,66,0.5
851,12357.716258,12355.735757,12355.919258,12357.713757,12359.868757,1,1.99999999999996,0.0200000000000003,7.00000000000003,1,2,66,0.5
852,12361.603257,12360.618257,12360.833757,12361.549758,12364.440258,0,1.99999999999996,0.0200000000000003,5.99999999999996,2,1,65,0.5
853,12367.599257,12366.769757,12366.923257,12367.596758,12371.716757,0,1.99999999999996,0.0200000000000003,5.99999999999996,2,1,65,0.5
854,12373.361757,12372.260257,12372.473758,12373.308757,12377.577758,0,1.99999999999996,0.0200000000000003,5.99999999999996,2,1,65,0.5
855,12379.704758,12378.339752,12378.470762,12379.702257,12382.355757,1,1.99999999999996,0.0200000000000003,7.00000000000003,1,2,66,0.5
856,12383.761257,12382.871257,12383.116257,12383.708757,12391.347757,0,1.99999999999996,0.0200000000000003,5.99999999999996,2,1,65,0.5
857,12394.654757,12392.053258,12392.180762,12394.652257,12397.597258,1,1.99999999999996,0.0200000000000003,7.00000000000003,1,2,66,0.5
858,12399.204257,12398.437757,12398.575757,12399.151758,12402.491758,0,1.99999999999996,0.0200000000000003,5.99999999999996,2,1,65,0.5
859,12404.418757,12403.020257,12403.181758,12404.418757,12413.291757,1,NaN,0,5.99999999999996,2,1,65,0.5
860,12415.293758,12413.896757,12414.070757,12415.293758,12434.507257,1,NaN,0,5.99999999999996,2,1,65,0.5
861,12436.373758,12435.250258,12435.31776,12436.373758,12443.685257,1,NaN,0,5.99999999999996,2,1,65,0.5
862,12446.879261,12446.009257,12446.094258,12446.876267,12452.063258,0,1.99999999999996,0.0200000000000003,5.99999999999996,2,1,65,0.5
863,12453.718257,12452.792257,12452.943262,12453.715758,12457.786258,0,1.99999999999996,0.0200000000000003,5.99999999999996,2,1,65,0.5
864,12459.325258,12458.394257,12458.698757,12459.272257,12464.247757,0,1.99999999999996,0.0200000000000003,5.99999999999996,2,1,65,0.5
865,12465.641757,12464.861257,12465.024257,12465.639257,12469.426758,0,1.99999999999996,0.0200000000000003,5.99999999999996,2,1,65,0.5
866,12471.052758,12470.068257,12470.176257,12471.000258,12475.553757,0,1.99999999999996,0.0200000000000003,5.99999999999996,2,1,65,0.5
867,12482.847259,12481.047257,12481.101759,12482.844757,12485.114758,1,1.99999999999996,0.0200000000000003,7.00000000000003,1,2,66,0.5
868,12488.308758,12485.709758,12485.861258,12488.305757,12490.820258,1,1.99999999999996,0.0200000000000003,7.00000000000003,1,2,66,0.5
869,12493.731257,12492.769258,12492.994257,12493.728757,12498.718757,0,1.99999999999996,0.0200000000000003,5.99999999999996,2,1,65,0.5
870,12501.100757,12499.247757,12499.608258,12501.047759,12507.756257,0,1.99999999999996,0.0200000000000003,5.99999999999996,2,1,65,0.5
871,12509.534257,12508.583257,12508.771257,12509.531258,12510.325758,0,1.99999999999996,0.0200000000000003,5.99999999999996,2,1,65,0.5
872,12512.639757,12511.009258,12511.151257,12512.587257,12515.383757,1,1.99999999999996,0.0200000000000003,7.00000000000003,1,2,66,0.5
873,12517.620257,12516.586758,12516.762757,12517.567757,12522.576758,0,1.99999999999996,0.0200000000000003,5.99999999999996,2,1,65,0.5
874,12524.025257,12523.237757,12523.479758,12523.972258,12529.478757,0,1.99999999999996,0.0200000000000003,5.99999999999996,2,1,65,0.5
875,12530.960257,12530.122757,12530.339758,12530.957757,12535.381757,0,1.99999999999996,0.0200000000000003,5.99999999999996,2,1,65,0.5
876,12537.807758,12536.188257,12536.264262,12537.754757,12540.902257,1,1.99999999999996,0.0200000000000003,7.00000000000003,1,2,66,0.5
877,12542.636758,12541.667757,12541.801757,12542.633758,12549.514762,0,1.99999999999996,0.0200000000000003,5.99999999999996,2,1,65,0.5
878,12552.265257,12550.367257,12550.560758,12552.212258,12554.713257,1,1.99999999999996,0.0200000000000003,7.00000000000003,1,2,66,0.5
879,12557.417258,12555.489757,12555.619257,12557.415257,12560.123759,1,1.99999999999996,0.0200000000000003,7.00000000000003,1,2,66,0.5
880,12561.855757,12560.872757,12561.032258,12561.803757,12565.087259,0,1.99999999999996,0.0200000000000003,5.99999999999996,2,1,65,0.5
881,12567.305257,12565.941757,12565.968757,12567.305257,12575.870757,1,NaN,0,5.99999999999996,2,1,65,0.5
882,12578.685258,12576.614761,12576.872257,12578.683258,12581.814262,1,1.99999999999996,0.0200000000000003,7.00000000000003,1,2,66,0.5
883,12584.051258,12582.606758,12582.792757,12583.998757,12591.685757,1,1.99999999999996,0.0200000000000003,7.00000000000003,1,2,66,0.5
884,12593.388757,12592.414257,12592.751257,12593.336257,12601.937257,0,1.99999999999996,0.0200000000000003,5.99999999999996,2,1,65,0.5
885,12603.663757,12602.564257,12602.817257,12603.663757,12611.200257,0,NaN,0,7.00000000000003,1,2,66,0.5
886,12613.915262,12612.429757,12612.596758,12613.863257,12615.971757,1,1.99999999999996,0.0200000000000003,7.00000000000003,1,2,66,0.5
887,12618.472257,12617.685258,12617.813758,12618.469258,12625.340758,0,1.99999999999996,0.0200000000000003,5.99999999999996,2,1,65,0.5
888,12627.990257,12626.080758,12626.375758,12627.937258,12630.746757,1,1.99999999999996,0.0200000000000003,7.00000000000003,1,2,66,0.5
889,12632.710758,12631.435762,12631.521758,12632.708258,12635.267258,1,1.99999999999996,0.0200000000000003,7.00000000000003,1,2,66,0.5
890,12637.691758,12636.453258,12636.563258,12637.691758,12641.645257,1,NaN,0,5.99999999999996,2,1,65,0.5
891,12647.886761,12645.525761,12645.630257,12647.886761,12654.049757,1,NaN,0,5.99999999999996,2,1,65,0.5
892,12656.541257,12654.889257,12655.024257,12656.488257,12662.699257,1,1.99999999999996,0.0200000000000003,7.00000000000003,1,2,66,0.5
893,12665.219258,12663.695757,12663.720757,12665.165762,12669.033758,1,1.99999999999996,0.0200000000000003,7.00000000000003,1,2,66,0.5
894,12673.829762,12672.094756,12672.373257,12673.279757,12683.381757,0,NaN,0,5.99999999999996,2,1,65,0.5
895,12686.689758,12684.490758,12684.636757,12686.687757,12689.209758,1,1.99999999999996,0.0200000000000003,7.00000000000003,1,2,66,0.5
896,12691.964757,12690.183257,12690.243257,12691.911758,12695.052257,1,1.99999999999996,0.0200000000000003,7.00000000000003,1,2,66,0.5
897,12697.321258,12696.461258,12696.673257,12697.319257,12702.394757,0,1.99999999999996,0.0200000000000003,5.99999999999996,2,1,65,0.5
898,12704.256758,12703.178758,12703.576757,12704.204757,12705.114257,0,1.99999999999996,0.0200000000000003,5.99999999999996,2,1,65,0.5
899,12707.476758,12705.682757,12705.858757,12707.474258,12710.646762,1,1.99999999999996,0.0200000000000003,7.00000000000003,1,2,66,0.5
900,12715.934258,12713.432757,12713.664757,12715.881257,12718.225258,1,1.99999999999996,0.0200000000000003,7.00000000000003,1,2,66,0.5
901,12720.247257,12718.934257,12718.953257,12720.194257,12722.944257,1,1.99999999999996,0.0200000000000003,7.00000000000003,1,2,66,0.5
902,12724.670258,12723.825757,12724.003757,12724.617758,12725.787757,0,1.99999999999996,0.0200000000000003,5.99999999999996,2,1,65,0.5
903,12728.054758,12726.271257,12726.503257,12728.054758,12733.541758,1,NaN,0,5.99999999999996,2,1,65,0.5
904,12735.543757,12734.534758,12734.773758,12735.541257,12737.910757,0,1.99999999999996,0.0200000000000003,5.99999999999996,2,1,65,0.5
905,12739.498257,12738.540758,12738.783257,12739.498257,12744.448257,0,NaN,0,7.00000000000003,1,2,66,0.5
906,12748.923259,12746.968258,12747.776757,12748.923259,12759.297762,1,NaN,0,5.99999999999996,2,1,65,0.5
907,12762.779258,12761.338257,12761.513757,12762.726257,12765.202759,1,1.99999999999996,0.0200000000000003,7.00000000000003,1,2,66,0.5
908,12767.620757,12765.817757,12766.131757,12767.617757,12769.948757,1,1.99999999999996,0.0200000000000003,7.00000000000003,1,2,66,0.5
909,12772.193758,12771.310258,12771.538758,12772.191757,12778.089257,0,1.99999999999996,0.0200000000000003,5.99999999999996,2,1,65,0.5
910,12780.542258,12779.025757,12779.139758,12780.539757,12783.381758,1,1.99999999999996,0.0200000000000003,7.00000000000003,1,2,66,0.5
911,12785.779258,12784.490757,12784.589258,12785.726257,12788.909258,1,1.99999999999996,0.0200000000000003,7.00000000000003,1,2,66,0.5
912,12791.218761,12790.338757,12790.571757,12791.216261,12792.229257,0,1.99999999999996,0.0200000000000003,5.99999999999996,2,1,65,0.5
913,12795.453258,12794.165757,12794.433258,12795.401257,12796.418758,0,1.99999999999996,0.0200000000000003,5.99999999999996,2,1,65,0.5
914,12798.090757,12797.047758,12797.268757,12798.087757,12800.267257,0,1.99999999999996,0.0200000000000003,5.99999999999996,2,1,65,0.5
915,12802.301258,12800.750757,12801.037757,12802.299257,12804.594262,1,1.99999999999996,0.0200000000000003,7.00000000000003,1,2,66,0.5
916,12806.899757,12805.328262,12805.523257,12806.897262,12809.167758,1,1.99999999999996,0.0200000000000003,7.00000000000003,1,2,66,0.5
917,12811.406259,12810.370258,12810.520258,12811.353258,12811.871758,0,1.99999999999996,0.0200000000000003,5.99999999999996,2,1,65,0.5
918,12814.586757,12812.565258,12812.863257,12814.584257,12815.530257,1,1.99999999999996,0.0200000000000003,7.00000000000003,1,2,66,0.5
919,12818.392758,12816.634257,12816.692257,12818.390258,12820.664757,1,1.99999999999996,0.0200000000000003,7.00000000000003,1,2,66,0.5
920,12822.732759,12821.674258,12821.822257,12822.729758,12823.926258,0,1.99999999999996,0.0200000000000003,5.99999999999996,2,1,65,0.5
921,12827.597757,12824.560259,12824.754257,12827.597757,12827.643258,1,NaN,0,5.99999999999996,2,1,65,0.5
922,12835.747257,12834.831758,12834.883758,12835.745257,12837.664757,0,1.99999999999996,0.0200000000000003,5.99999999999996,2,1,65,0.5
923,12840.383758,12838.344257,12838.507762,12840.381261,12841.703257,1,1.99999999999996,0.0200000000000003,7.00000000000003,1,2,66,0.5
924,12843.941758,12842.410257,12842.551758,12843.939257,12845.126257,1,1.99999999999996,0.0200000000000003,7.00000000000003,1,2,66,0.5
925,12847.389758,12845.912258,12846.128757,12847.336757,12849.842757,1,1.99999999999996,0.0200000000000003,7.00000000000003,1,2,66,0.5
926,12852.319257,12850.855757,12851.092757,12852.319257,12873.633257,1,NaN,0,5.99999999999996,2,1,65,0.5
927,12875.456258,12874.403257,12874.504257,12875.403258,12879.981258,0,1.99999999999996,0.0200000000000003,5.99999999999996,2,1,65,0.5
928,12883.844258,12881.905757,12882.069257,12883.841757,12886.314257,1,1.99999999999996,0.0200000000000003,7.00000000000003,1,2,66,0.5
929,12888.222257,12887.096758,12887.215758,12888.222257,12900.976757,1,NaN,0,5.99999999999996,2,1,65,0.5
930,12903.094257,12901.627257,12901.762759,12903.091757,12905.654257,1,1.99999999999996,0.0200000000000003,7.00000000000003,1,2,66,0.5
931,12913.734758,12912.475258,12912.638258,12913.682257,12919.717757,0,1.99999999999996,0.0200000000000003,5.99999999999996,2,1,65,0.5
932,12928.150257,12926.985258,12927.013757,12928.147759,12938.397257,0,1.99999999999996,0.0200000000000003,5.99999999999996,2,1,65,0.5
933,12940.025257,12939.058758,12939.280257,12940.023257,12945.465757,0,1.99999999999996,0.0200000000000003,5.99999999999996,2,1,65,0.5
934,12947.404757,12946.502257,12946.642758,12947.404757,12955.014257,0,NaN,0,7.00000000000003,1,2,66,0.5
935,12956.878757,12955.696757,12955.847259,12956.825257,12963.577258,0,1.99999999999996,0.0200000000000003,5.99999999999996,2,1,65,0.5
936,12967.569762,12966.044257,12966.100762,12967.56676,12969.696757,1,1.99999999999996,0.0200000000000003,7.00000000000003,1,2,66,0.5
937,12975.167757,12973.494758,12973.555757,12975.167757,12980.948757,1,NaN,0,5.99999999999996,2,1,65,0.5
938,12983.919758,12982.140757,12982.271757,12983.919758,12985.993757,1,NaN,0,5.99999999999996,2,1,65,0.5
939,12991.265757,12990.058758,12990.340758,12991.212258,13000.959257,0,1.99999999999996,0.0200000000000003,5.99999999999996,2,1,65,0.5
940,13004.877258,13001.724258,13001.860257,13004.874757,13008.351258,1,1.99999999999996,0.0200000000000003,7.00000000000003,1,2,66,0.5
941,13016.481758,13015.381762,13015.481262,13016.479257,13020.451758,0,1.99999999999996,0.0200000000000003,5.99999999999996,2,1,65,0.5
942,13025.075758,13024.042257,13024.206758,13025.073757,13028.123758,0,1.99999999999996,0.0200000000000003,5.99999999999996,2,1,65,0.5
943,13030.224757,13028.955257,13029.056257,13030.224757,13033.944257,0,NaN,0,7.00000000000003,1,2,66,0.5
944,13038.426258,13037.347258,13037.417757,13038.372758,13043.11676,0,1.99999999999996,0.0200000000000003,5.99999999999996,2,1,65,0.5
945,13045.026757,13044.215258,13044.362262,13045.024258,13049.887257,0,1.99999999999996,0.0200000000000003,5.99999999999996,2,1,65,0.5
946,13052.700257,13051.359758,13051.446258,13052.647257,13054.817757,1,1.99999999999996,0.0200000000000003,7.00000000000003,1,2,66,0.5
947,13056.754258,13055.890258,13055.986757,13056.754258,13062.360257,0,NaN,0,7.00000000000003,1,2,66,0.5
948,13064.341762,13062.944757,13063.035758,13064.288758,13066.539757,1,1.99999999999996,0.0200000000000003,7.00000000000003,1,2,66,0.5
949,13068.698257,13067.080258,13067.251257,13068.645758,13071.085758,1,1.99999999999996,0.0200000000000003,7.00000000000003,1,2,66,0.5
950,13072.564759,13071.658757,13071.693257,13072.564759,13079.936258,1,NaN,0,5.99999999999996,2,1,65,0.5
951,13081.974757,13080.531762,13080.72526,13081.974757,13085.603758,1,NaN,0,5.99999999999996,2,1,65,0.5
952,13090.827758,13089.157257,13089.276757,13090.775757,13096.214258,1,1.99999999999996,0.0200000000000003,7.00000000000003,1,2,66,0.5
953,13097.886758,13097.184757,13097.328757,13097.834257,13104.395257,0,1.99999999999996,0.0200000000000003,5.99999999999996,2,1,65,0.5
954,13105.909758,13105.079258,13105.200257,13105.907757,13113.973757,0,1.99999999999996,0.0200000000000003,5.99999999999996,2,1,65,0.5
955,13117.229757,13115.798758,13115.913257,13117.227757,13119.943257,1,1.99999999999996,0.0200000000000003,7.00000000000003,1,2,66,0.5
956,13122.050758,13120.925757,13120.936258,13121.998257,13124.933262,1,1.99999999999996,0.0200000000000003,7.00000000000003,1,2,66,0.5
957,13126.956757,13125.475757,13125.666257,13126.956757,13132.817757,1,NaN,0,5.99999999999996,2,1,65,0.5
958,13134.905759,13133.749257,13134.064257,13134.852757,13136.263758,0,1.99999999999996,0.0200000000000003,5.99999999999996,2,1,65,0.5
959,13137.975258,13136.766757,13137.047258,13137.975258,13138.032757,1,NaN,0,5.99999999999996,2,1,65,0.5
960,13145.904757,13144.633757,13144.797757,13145.901757,13151.147257,0,1.99999999999996,0.0200000000000003,5.99999999999996,2,1,65,0.5
961,13152.898258,13151.853758,13152.177258,13152.895757,13157.814262,0,1.99999999999996,0.0200000000000003,5.99999999999996,2,1,65,0.5
962,13159.302762,13158.337758,13158.599757,13159.300257,13163.974757,0,1.99999999999996,0.0200000000000003,5.99999999999996,2,1,65,0.5
963,13165.632757,13164.614758,13164.691759,13165.579757,13170.759758,0,1.99999999999996,0.0200000000000003,5.99999999999996,2,1,65,0.5
964,13172.519262,13171.427257,13171.451755,13172.466258,13175.765261,0,1.99999999999996,0.0200000000000003,5.99999999999996,2,1,65,0.5
965,13177.820758,13176.971257,13177.118758,13177.820758,13185.128257,0,NaN,0,7.00000000000003,1,2,66,0.5
966,13186.627257,13185.803757,13185.844757,13186.627257,13191.034762,0,NaN,0,7.00000000000003,1,2,66,0.5
967,13195.097257,13193.134258,13193.295762,13195.094758,13197.513758,1,1.99999999999996,0.0200000000000003,7.00000000000003,1,2,66,0.5
968,13199.577758,13198.138757,13198.248757,13199.525257,13204.921257,1,1.99999999999996,0.0200000000000003,7.00000000000003,1,2,66,0.5
969,13206.525757,13205.348258,13205.513259,13206.525757,13212.838257,0,NaN,0,7.00000000000003,1,2,66,0.5
970,13221.821758,13219.899257,13220.018758,13221.819757,13224.486758,1,1.99999999999996,0.0200000000000003,7.00000000000003,1,2,66,0.5
971,13228.601758,13225.903758,13226.042258,13228.54926,13235.050762,1,1.99999999999996,0.0200000000000003,7.00000000000003,1,2,66,0.5
972,13237.959257,13235.707757,13235.831257,13237.956757,13240.545762,1,1.99999999999996,0.0200000000000003,7.00000000000003,1,2,66,0.5
973,13242.822757,13241.342758,13241.452257,13242.822757,13246.096758,1,NaN,0,5.99999999999996,2,1,65,0.5
974,13249.952759,13248.713262,13248.969758,13249.950258,13255.843762,0,1.99999999999996,0.0200000000000003,5.99999999999996,2,1,65,0.5
975,13257.454257,13256.536758,13256.67676,13257.454257,13264.465257,0,NaN,0,7.00000000000003,1,2,66,0.5
976,13266.838257,13265.400758,13265.514758,13266.835758,13270.243759,0,1.99999999999996,0.0200000000000003,5.99999999999996,2,1,65,0.5
977,13271.721257,13270.761258,13271.045757,13271.667758,13274.167757,0,1.99999999999996,0.0200000000000003,5.99999999999996,2,1,65,0.5
978,13276.400759,13275.008258,13275.151258,13276.398757,13279.550759,1,1.99999999999996,0.0200000000000003,7.00000000000003,1,2,66,0.5
979,13282.377758,13281.394757,13281.463257,13282.375258,13283.270258,0,1.99999999999996,0.0200000000000003,5.99999999999996,2,1,65,0.5
980,13286.361757,13283.970758,13284.176757,13286.361757,13294.616258,1,NaN,0,5.99999999999996,2,1,65,0.5
981,13296.632762,13295.381258,13295.675258,13296.630757,13298.209757,0,1.99999999999996,0.0200000000000003,5.99999999999996,2,1,65,0.5
982,13299.640758,13298.720757,13298.953258,13299.640758,13304.630257,0,NaN,0,7.00000000000003,1,2,66,0.5
983,13307.855258,13305.781758,13305.977759,13307.853257,13310.555258,1,1.99999999999996,0.0200000000000003,7.00000000000003,1,2,66,0.5
984,13312.818258,13311.232758,13311.465257,13312.815757,13315.858759,1,1.99999999999996,0.0200000000000003,7.00000000000003,1,2,66,0.5
985,13317.824762,13316.399757,13316.516762,13317.822258,13320.704259,1,1.99999999999996,0.0200000000000003,7.00000000000003,1,2,66,0.5
986,13322.884757,13321.264257,13321.416257,13322.884757,13327.998758,1,NaN,0,5.99999999999996,2,1,65,0.5
987,13329.597757,13328.661757,13328.785257,13329.595757,13342.704258,0,1.99999999999996,0.0200000000000003,5.99999999999996,2,1,65,0.5
988,13345.316759,13343.519257,13343.525758,13345.313759,13347.491757,1,1.99999999999996,0.0200000000000003,7.00000000000003,1,2,66,0.5
989,13349.809258,13348.506762,13348.559258,13349.809258,13355.067257,1,NaN,0,5.99999999999996,2,1,65,0.5
990,13357.986258,13356.953758,13357.168257,13357.983258,13369.884757,0,1.99999999999996,0.0200000000000003,5.99999999999996,2,1,65,0.5
991,13371.421258,13370.488758,13370.688257,13371.418258,13374.766257,0,1.99999999999996,0.0200000000000003,5.99999999999996,2,1,65,0.5
992,13376.147258,13375.402257,13375.519757,13376.144757,13382.454258,0,1.99999999999996,0.0200000000000003,5.99999999999996,2,1,65,0.5
993,13385.050258,13383.232758,13383.321257,13385.047757,13390.942757,1,1.99999999999996,0.0200000000000003,7.00000000000003,1,2,66,0.5
994,13393.171757,13391.314758,13391.536757,13393.119257,13399.823258,1,1.99999999999996,0.0200000000000003,7.00000000000003,1,2,66,0.5
995,13401.428257,13400.539257,13400.652258,13401.375753,13413.909758,0,1.99999999999996,0.0200000000000003,5.99999999999996,2,1,65,0.5
996,13415.563262,13414.700757,13414.763757,13415.563262,13427.333757,0,NaN,0,7.00000000000003,1,2,66,0.5
997,13429.07226,13428.260258,13428.336257,13429.07226,13434.660758,0,NaN,0,7.00000000000003,1,2,66,0.5
998,13465.27726,13452.655758,13452.738757,NaN,13496.949759,NaN,NaN,0,5.99999999999996,2,1,65,0.5
999,13504.150757,13502.776758,13502.919257,13504.150757,13508.749762,0,NaN,0,7.00000000000003,1,2,66,0.5
1000,13511.434258,13509.814758,13509.998262,13511.381258,13513.714757,1,1.99999999999996,0.0200000000000003,7.00000000000003,1,2,66,0.5
1001,13516.199759,13515.220758,13515.366257,13516.197257,13520.299758,0,1.99999999999996,0.0200000000000003,5.99999999999996,2,1,65,0.5
1002,13522.04226,13520.938758,13521.116758,13522.04226,13526.876257,0,NaN,0,7.00000000000003,1,2,66,0.5
1003,13529.509257,13527.631259,13527.753757,13529.506257,13531.972758,1,1.99999999999996,0.0200000000000003,7.00000000000003,1,2,66,0.5
1004,13533.943757,13532.598761,13532.684258,13533.891257,13536.288257,1,1.99999999999996,0.0200000000000003,7.00000000000003,1,2,66,0.5
1005,13538.100257,13536.824757,13536.870758,13538.097758,13540.740758,1,1.99999999999996,0.0200000000000003,7.00000000000003,1,2,66,0.5
1006,13543.112758,13542.130262,13542.302258,13543.110257,13546.773757,0,1.99999999999996,0.0200000000000003,5.99999999999996,2,1,65,0.5
1007,13548.739757,13547.352258,13547.397259,13548.686257,13551.350758,1,1.99999999999996,0.0200000000000003,7.00000000000003,1,2,66,0.5
1008,13553.652258,13552.102757,13552.249758,13553.649258,13557.776257,0,1.99999999999996,0.0200000000000003,5.99999999999996,2,1,65,0.5
1009,13560.817759,13559.374757,13559.494258,13560.765257,13563.192757,1,1.99999999999996,0.0200000000000003,7.00000000000003,1,2,66,0.5
1010,13565.314257,13563.760259,13563.951257,13565.311757,13567.622257,1,1.99999999999996,0.0200000000000003,7.00000000000003,1,2,66,0.5
1011,13569.009758,13568.080258,13568.288257,13569.006758,13574.236758,0,1.99999999999996,0.0200000000000003,5.99999999999996,2,1,65,0.5
1012,13576.059257,13574.789262,13574.956758,13576.059257,13584.885257,1,NaN,0,5.99999999999996,2,1,65,0.5
1013,13586.837757,13585.744762,13585.908257,13586.785259,13590.425757,0,1.99999999999996,0.0200000000000003,5.99999999999996,2,1,65,0.5
1014,13592.824259,13591.341757,13591.377257,13592.821264,13594.956758,1,1.99999999999996,0.0200000000000003,7.00000000000003,1,2,66,0.5
1015,13597.470257,13596.081757,13596.176758,13597.470257,13607.039256,1,NaN,0,5.99999999999996,2,1,65,0.5
1016,13609.336758,13607.702758,13607.871758,13609.334258,13612.292258,1,1.99999999999996,0.0200000000000003,7.00000000000003,1,2,66,0.5
1017,13613.801757,13612.899257,13613.110259,13613.798758,13617.862757,0,1.99999999999996,0.0200000000000003,5.99999999999996,2,1,65,0.5
1018,13619.898257,13618.475757,13618.691257,13619.896257,13622.410262,1,1.99999999999996,0.0200000000000003,7.00000000000003,1,2,66,0.5
1019,13624.406257,13623.240757,13623.348757,13624.403257,13626.958757,1,1.99999999999996,0.0200000000000003,7.00000000000003,1,2,66,0.5
1020,13628.772258,13627.611257,13627.672757,13628.772258,13636.489257,1,NaN,0,5.99999999999996,2,1,65,0.5
1021,13638.796257,13637.132757,13637.261262,13638.743257,13641.588257,1,1.99999999999996,0.0200000000000003,7.00000000000003,1,2,66,0.5
1022,13643.415757,13642.703758,13642.828257,13643.363257,13648.097257,0,1.99999999999996,0.0200000000000003,5.99999999999996,2,1,65,0.5
1023,13650.284758,13648.772257,13648.857757,13650.284758,13653.145257,1,NaN,0,5.99999999999996,2,1,65,0.5
1024,13686.046757,13685.107258,13685.250259,13686.046757,13694.635758,0,NaN,0,7.00000000000003,1,2,66,0.5
1025,13695.905257,13695.076259,13695.165757,13695.852257,13702.720262,0,1.99999999999996,0.0200000000000003,5.99999999999996,2,1,65,0.5
1026,13704.379257,13703.368762,13703.544258,13704.326258,13706.329757,0,1.99999999999996,0.0200000000000003,5.99999999999996,2,1,65,0.5
1027,13708.737257,13707.035758,13707.124257,13708.186757,13718.168259,1,NaN,0,7.00000000000003,1,2,66,0.5
1028,13719.779258,13718.666757,13718.989257,13719.727257,13726.759758,0,1.99999999999996,0.0200000000000003,5.99999999999996,2,1,65,0.5
1029,13728.059758,13727.339257,13727.448258,13728.059758,13732.775758,0,NaN,0,7.00000000000003,1,2,66,0.5
1030,13736.763257,13735.537257,13735.604757,13736.710257,13738.796757,1,1.99999999999996,0.0200000000000003,7.00000000000003,1,2,66,0.5
1031,13740.727257,13739.401256,13739.451757,13740.724758,13743.028257,1,1.99999999999996,0.0200000000000003,7.00000000000003,1,2,66,0.5
1032,13745.027257,13743.619258,13743.659757,13745.024757,NaN,1,1.99999999999996,0.0200000000000003,7.00000000000003,1,2,66,0.5
