trial,outcome,center_in,center_out,side_in,last_side_out,actions,reward,trial_types,odors,port_side,schedule,odor_name,odor_dur
1,2262.367565,2261.358233,2261.682232,2262.367565,2268.238226,0,NaN,0,7.00000000000003,1,2,66,0.5
2,2277.156883,2275.946885,2276.593551,2277.104217,2288.931538,1,2.99999999999994,0.0299999999999997,7.00000000000003,1,2,66,0.5
3,2290.454204,2289.664204,2289.944871,2290.40087,2293.713534,1,2.99999999999994,0.0299999999999997,7.00000000000003,1,2,66,0.5
4,2297.168197,2296.200198,2296.556197,2297.168197,2311.808182,1,NaN,0,5.99999999999996,2,1,65,0.5
5,2314.17418,2313.378181,2313.604847,2314.120847,2325.882835,1,2.99999999999994,0.0299999999999997,7.00000000000003,1,2,66,0.5
6,2327.2275,2326.334834,2326.676834,2327.224833,2330.880163,1,2.99999999999994,0.0299999999999997,7.00000000000003,1,2,66,0.5
7,2332.690828,2331.898829,2332.176828,2332.688161,2339.384821,0,2.99999999999994,0.0299999999999997,5.99999999999996,2,1,65,0.5
8,2340.455487,2339.765488,2339.987487,2340.455487,2343.85415,1,NaN,0,5.99999999999996,2,1,65,0.5
9,2347.432813,2346.654147,2346.896147,2347.37948,2386.236108,1,2.99999999999994,0.0299999999999997,7.00000000000003,1,2,66,0.5
10,2387.68944,2386.725441,2386.886774,2387.686773,2400.266094,0,2.99999999999994,0.0299999999999997,5.99999999999996,2,1,65,0.5
11,2402.334758,2401.614759,2401.779426,2402.334758,2407.07742,1,NaN,0,5.99999999999996,2,1,65,0.5
12,2409.430085,2408.370752,2408.728085,2409.430085,2410.043417,0,NaN,0,7.00000000000003,1,2,66,0.5
13,2419.652074,2418.826075,2419.131408,2419.652074,2426.132734,1,NaN,0,5.99999999999996,2,1,65,0.5
14,2428.648065,2428.031399,2428.236732,2428.648065,2448.368712,1,NaN,0,5.99999999999996,2,1,65,0.5
15,2450.361377,2449.620044,2449.911377,2450.361377,2472.956688,1,NaN,0,5.99999999999996,2,1,65,0.5
16,2474.346686,2473.452687,2473.62802,2474.34402,2479.855347,0,2.99999999999994,0.0299999999999997,5.99999999999996,2,1,65,0.5
17,2485.405342,2484.26401,2484.452676,2485.402675,2489.648671,0,2.99999999999994,0.0299999999999997,5.99999999999996,2,1,65,0.5
18,2491.648669,2490.735337,2490.889336,2491.648669,2496.558664,1,NaN,0,5.99999999999996,2,1,65,0.5
19,2498.925328,2498.031996,2498.141329,2498.925328,2503.51599,0,NaN,0,7.00000000000003,1,2,66,0.5
20,2506.031321,2504.615989,2505.485988,2506.031321,2520.19464,0,NaN,0,7.00000000000003,1,2,66,0.5
21,2524.067303,2523.235304,2523.483304,2524.067303,2530.51863,1,NaN,0,5.99999999999996,2,1,65,0.5
22,2537.15329,2536.418624,2536.501291,2537.15329,2559.955934,1,NaN,0,5.99999999999996,2,1,65,0.5
23,2572.828588,2571.522589,2571.551256,2572.819921,2577.902583,1,2.99999999999994,0.0299999999999997,7.00000000000003,1,2,66,0.5
24,2579.321915,2578.417916,2578.620582,2579.319248,2580.91058,0,2.99999999999994,0.0299999999999997,5.99999999999996,2,1,65,0.5
25,2582.435245,2581.459913,2581.715246,2582.435245,2588.373239,1,NaN,0,5.99999999999996,2,1,65,0.5
26,2589.665238,2588.862572,2589.096572,2589.665238,2638.869188,1,NaN,0,5.99999999999996,2,1,65,0.5
27,2650.021177,2649.101178,2649.337178,2650.021177,2666.561161,1,NaN,0,5.99999999999996,2,1,65,0.5
28,2668.445159,2667.40516,2667.566493,2668.442492,2671.699822,0,2.99999999999994,0.0299999999999997,5.99999999999996,2,1,65,0.5
29,2673.654487,2672.711155,2672.959821,2673.65182,2678.613149,1,2.99999999999994,0.0299999999999997,7.00000000000003,1,2,66,0.5
30,2680.695147,2679.693148,2679.909814,2680.641813,2684.006477,0,2.99999999999994,0.0299999999999997,5.99999999999996,2,1,65,0.5
31,2685.299142,2684.581143,2684.803809,2685.299142,2689.573804,1,NaN,0,5.99999999999996,2,1,65,0.5
32,2691.899802,2690.783803,2691.12447,2691.899802,2696.273798,1,NaN,0,5.99999999999996,2,1,65,0.5
33,2698.665129,2697.49113,2698.095796,2698.665129,2705.973788,1,NaN,0,5.99999999999996,2,1,65,0.5
34,2709.652451,2708.825118,2709.050452,2709.652451,2746.493081,1,NaN,0,5.99999999999996,2,1,65,0.5
35,2765.969067,2765.047062,2765.121729,2765.915728,2768.487725,0,2.99999999999994,0.0299999999999997,5.99999999999996,2,1,65,0.5
36,2771.839722,2771.063723,2771.299056,2771.839722,2775.459719,1,NaN,0,5.99999999999996,2,1,65,0.5
37,2787.239707,2786.301708,2786.630374,2787.186373,2789.624371,1,2.99999999999994,0.0299999999999997,7.00000000000003,1,2,66,0.5
38,2793.197701,2792.429702,2792.519701,2793.144367,2796.003031,0,2.99999999999994,0.0299999999999997,5.99999999999996,2,1,65,0.5
39,2797.669696,2796.998364,2797.22303,2797.669696,2802.839024,1,NaN,0,5.99999999999996,2,1,65,0.5
40,2813.946347,2812.941681,2813.272347,2813.94368,2819.287675,1,2.99999999999994,0.0299999999999997,7.00000000000003,1,2,66,0.5
41,2821.729672,2821.039673,2821.178339,2821.676339,2826.063001,0,2.99999999999994,0.0299999999999997,5.99999999999996,2,1,65,0.5
42,2830.490997,2829.424998,2829.522998,2830.48833,2833.208994,1,2.99999999999994,0.0299999999999997,7.00000000000003,1,2,66,0.5
43,2835.841658,2834.961659,2835.172992,2835.841658,2837.08499,0,NaN,0,7.00000000000003,1,2,66,0.5
44,2852.411642,2850.96831,2851.216976,2852.358308,2858.528302,0,2.99999999999994,0.0299999999999997,5.99999999999996,2,1,65,0.5
45,2859.986301,2859.156302,2859.360968,2859.986301,2866.012961,1,NaN,0,5.99999999999996,2,1,65,0.5
46,2868.328292,2867.062294,2867.272293,2868.325626,2870.639623,0,2.99999999999994,0.0299999999999997,5.99999999999996,2,1,65,0.5
47,2872.307622,2871.253623,2871.583622,2872.304955,2875.279619,1,2.99999999999994,0.0299999999999997,7.00000000000003,1,2,66,0.5
48,2876.520951,2875.878951,2875.942285,2876.518284,2879.439615,0,2.99999999999994,0.0299999999999997,5.99999999999996,2,1,65,0.5
49,2881.931612,2880.45228,2880.982946,2881.928945,2884.768943,1,2.99999999999994,0.0299999999999997,7.00000000000003,1,2,66,0.5
50,2886.529607,2885.502275,2885.615608,2886.526941,2888.642939,0,2.99999999999994,0.0299999999999997,5.99999999999996,2,1,65,0.5
51,2889.860938,2889.134938,2889.384271,2889.860938,2893.9696,1,NaN,0,5.99999999999996,2,1,65,0.5
52,2896.311598,2895.573598,2895.726265,2896.311598,2911.228249,1,NaN,0,5.99999999999996,2,1,65,0.5
53,2913.66558,2912.683581,2912.849581,2913.66558,2918.160909,1,NaN,0,5.99999999999996,2,1,65,0.5
54,2924.320236,2923.280237,2923.568904,2924.31757,2928.681565,1,2.99999999999994,0.0299999999999997,7.00000000000003,1,2,66,0.5
55,2930.789563,2929.595564,2929.928231,2930.786897,2933.009561,0,2.99999999999994,0.0299999999999997,5.99999999999996,2,1,65,0.5
56,2934.26556,2933.494894,2933.724894,2934.26556,2954.950206,1,NaN,0,5.99999999999996,2,1,65,0.5
57,2956.504871,2955.557538,2955.654872,2956.502204,2958.886868,0,2.99999999999994,0.0299999999999997,5.99999999999996,2,1,65,0.5
58,2960.659533,2959.684201,2959.955534,2960.6062,2963.830863,1,2.99999999999994,0.0299999999999997,7.00000000000003,1,2,66,0.5
59,2965.868861,2964.656196,2964.702863,2965.866195,2968.118859,0,2.99999999999994,0.0299999999999997,5.99999999999996,2,1,65,0.5
60,2969.362191,2968.637525,2968.821525,2969.362191,2973.025521,1,NaN,0,5.99999999999996,2,1,65,0.5
61,2978.588182,2977.630183,2977.884849,2978.534849,2981.277513,1,2.99999999999994,0.0299999999999997,7.00000000000003,1,2,66,0.5
62,2982.978178,2981.961512,2982.056179,2982.975511,2989.449505,0,2.99999999999994,0.0299999999999997,5.99999999999996,2,1,65,0.5
63,2991.386836,2990.180837,2990.418837,2991.384169,2992.874168,0,2.99999999999994,0.0299999999999997,5.99999999999996,2,1,65,0.5
64,2994.214833,2993.300167,2993.600167,2994.214833,2995.030832,1,NaN,0,5.99999999999996,2,1,65,0.5
65,3001.118826,3000.332827,3000.560827,3001.118826,3002.194158,1,NaN,0,5.99999999999996,2,1,65,0.5
66,3009.180151,3008.266819,3008.311486,3009.177485,3013.273481,0,2.99999999999994,0.0299999999999997,5.99999999999996,2,1,65,0.5
67,3014.917479,3013.99748,3014.25348,3014.917479,3021.332806,0,NaN,0,7.00000000000003,1,2,66,0.5
68,3025.054136,3024.044803,3024.438803,3025.054136,3029.312131,0,NaN,0,7.00000000000003,1,2,66,0.5
69,3099.088728,3097.516063,3097.660063,3099.088728,3162.313332,1,NaN,0,5.99999999999996,2,1,65,0.5
70,3164.319996,3163.075998,3163.228664,3164.266663,3309.796518,0,2.99999999999994,0.0299999999999997,5.99999999999996,2,1,65,0.5
71,3311.08585,3310.278517,3310.430517,3311.08585,3327.065167,0,NaN,0,7.00000000000003,1,2,66,0.5
72,3330.659163,3329.793164,3329.993831,3330.659163,3334.957159,0,NaN,0,7.00000000000003,1,2,66,0.5
73,3344.581149,3344.006483,3344.106483,3344.527816,3368.320459,0,2.99999999999994,0.0299999999999997,5.99999999999996,2,1,65,0.5
74,3374.959786,3373.91112,3374.159786,3374.957119,3391.809102,1,2.99999999999994,0.0299999999999997,7.00000000000003,1,2,66,0.5
75,3394.409766,3393.644434,3393.8371,3394.409766,3407.70042,1,NaN,0,5.99999999999996,2,1,65,0.5
76,3409.205085,3408.239086,3408.273086,3409.205085,3415.034412,0,NaN,0,7.00000000000003,1,2,66,0.5
77,3421.11174,3420.225074,3420.38374,3421.11174,3426.538401,0,NaN,0,7.00000000000003,1,2,66,0.5
78,3430.936396,3429.873064,3430.223064,3430.883063,3433.609727,1,2.99999999999994,0.0299999999999997,7.00000000000003,1,2,66,0.5
79,3443.519717,3442.335718,3442.453718,3443.51705,3445.641715,0,2.99999999999994,0.0299999999999997,5.99999999999996,2,1,65,0.5
80,3446.959714,3446.171048,3446.424381,3446.90638,3451.269043,1,2.99999999999994,0.0299999999999997,7.00000000000003,1,2,66,0.5
81,3453.257041,3452.105042,3452.336375,3453.257041,3469.809691,0,NaN,0,7.00000000000003,1,2,66,0.5
82,3476.669684,3475.723685,3475.979018,3476.663684,3479.603014,1,2.99999999999994,0.0299999999999997,7.00000000000003,1,2,66,0.5
83,3481.12368,3480.455014,3480.507013,3481.12368,3595.527565,0,NaN,0,7.00000000000003,1,2,66,0.5
84,3599.114228,3598.194229,3598.278229,3599.060895,3613.53488,0,2.99999999999994,0.0299999999999997,5.99999999999996,2,1,65,0.5
85,3615.048879,3614.23088,3614.44088,3615.048879,3617.923543,1,NaN,0,5.99999999999996,2,1,65,0.5
86,3686.192808,3685.127475,3685.300142,3686.192808,3686.369474,0,NaN,0,7.00000000000003,1,2,66,0.5
87,3706.532787,3705.724788,3705.784122,3706.479454,3712.650781,1,2.99999999999994,0.0299999999999997,7.00000000000003,1,2,66,0.5
88,3715.287445,3714.37078,3714.451446,3715.287445,3715.999445,0,NaN,0,7.00000000000003,1,2,66,0.5
89,3723.015438,3722.083439,3722.336772,3723.012771,3728.076099,0,2.99999999999994,0.0299999999999997,5.99999999999996,2,1,65,0.5
90,3729.531431,3728.532766,3728.782099,3729.531431,3730.200097,0,NaN,0,7.00000000000003,1,2,66,0.5
91,3744.936082,3744.14675,3744.245416,3744.882749,3748.649412,1,2.99999999999994,0.0299999999999997,7.00000000000003,1,2,66,0.5
92,3750.334077,3749.293411,3749.408745,3750.334077,3751.122743,0,NaN,0,7.00000000000003,1,2,66,0.5
93,3760.097401,3759.152735,3759.396735,3760.044067,3762.912064,1,2.99999999999994,0.0299999999999997,7.00000000000003,1,2,66,0.5
94,3764.564063,3763.568731,3763.92673,3764.564063,3782.297378,0,NaN,0,7.00000000000003,1,2,66,0.5
95,3783.707377,3782.786711,3783.030044,3783.707377,3784.31271,1,NaN,0,5.99999999999996,2,1,65,0.5
96,3793.734701,3792.592039,3792.648701,3793.681367,3796.220698,0,2.99999999999994,0.0299999999999997,5.99999999999996,2,1,65,0.5
97,3811.078683,3810.290684,3810.372684,3811.078683,3812.006015,0,NaN,0,7.00000000000003,1,2,66,0.5
98,3819.042675,3817.922009,3818.151342,3819.042675,3829.586664,1,NaN,0,5.99999999999996,2,1,65,0.5
99,3832.972661,3832.166662,3832.314662,3832.972661,3833.491994,1,NaN,0,5.99999999999996,2,1,65,0.5
100,3853.399307,3840.776653,3840.961986,NaN,3869.002625,NaN,NaN,0,5.99999999999996,2,1,65,0.5
101,3874.875286,3874.191286,3874.403286,3874.875286,3892.159935,1,NaN,0,5.99999999999996,2,1,65,0.5
102,3896.549932,3895.614598,3895.919931,3896.549932,3900.075261,1,NaN,0,5.99999999999996,2,1,65,0.5
103,3904.40059,3903.55459,3903.841923,3904.40059,4165.072329,1,NaN,0,5.99999999999996,2,1,65,0.5
104,4166.95166,4165.993661,4166.234994,4166.898327,4169.504324,0,2.99999999999994,0.0299999999999997,5.99999999999996,2,1,65,0.5
105,4174.14832,4173.442987,4173.65232,4174.14832,4177.830983,1,NaN,0,5.99999999999996,2,1,65,0.5
106,4182.752978,4182.003645,4182.242978,4182.752978,4187.845639,1,NaN,0,5.99999999999996,2,1,65,0.5
107,4192.841635,4191.890969,4192.333635,4192.841635,4194.2683,0,NaN,0,7.00000000000003,1,2,66,0.5
108,4200.35496,4199.061628,4199.578294,4200.352294,4210.229617,1,2.99999999999994,0.0299999999999997,7.00000000000003,1,2,66,0.5
109,4212.772948,4211.836282,4211.911615,4212.772948,4218.762942,0,NaN,0,7.00000000000003,1,2,66,0.5
110,4220.080274,4219.209608,4219.521608,4220.080274,4226.446934,1,NaN,0,5.99999999999996,2,1,65,0.5
111,4233.315594,4226.898267,4227.042934,4233.315594,4239.878921,1,NaN,0,5.99999999999996,2,1,65,0.5
112,4241.895585,4240.628253,4241.013586,4241.895585,4246.090248,0,NaN,0,7.00000000000003,1,2,66,0.5
113,4270.170224,4268.784225,4269.275558,4270.167557,4271.846222,1,2.99999999999994,0.0299999999999997,7.00000000000003,1,2,66,0.5
114,4276.601551,4275.576218,4275.784885,4276.601551,4277.406217,0,NaN,0,7.00000000000003,1,2,66,0.5
115,4286.076208,4285.427542,4285.577542,4286.076208,4306.743521,0,NaN,0,7.00000000000003,1,2,66,0.5
116,4308.451519,4307.548186,4307.614186,4308.398186,4310.060184,0,2.99999999999994,0.0299999999999997,5.99999999999996,2,1,65,0.5
117,4324.932169,4322.420838,4324.035503,4324.929502,4328.010833,0,2.99999999999994,0.0299999999999997,5.99999999999996,2,1,65,0.5
118,4331.284163,4330.261497,4330.516163,4331.230829,4334.937492,1,2.99999999999994,0.0299999999999997,7.00000000000003,1,2,66,0.5
119,4336.930824,4335.504825,4336.110158,4336.87749,4340.290154,0,2.99999999999994,0.0299999999999997,5.99999999999996,2,1,65,0.5
120,4342.064152,4341.04882,4341.366819,4342.064152,4347.718813,0,NaN,0,7.00000000000003,1,2,66,0.5
121,4350.437477,4349.176811,4349.614144,4350.437477,4356.706804,0,NaN,0,7.00000000000003,1,2,66,0.5
122,4359.653468,4358.87814,4358.919468,4359.653468,4366.696127,0,NaN,0,7.00000000000003,1,2,66,0.5
123,4371.418789,4370.575457,4370.79479,4371.418789,4377.38145,1,NaN,0,5.99999999999996,2,1,65,0.5
124,4382.957444,4381.870112,4382.256112,4382.957444,4395.329432,1,NaN,0,5.99999999999996,2,1,65,0.5
125,4396.894097,4396.240098,4396.391431,4396.894097,4399.938761,1,NaN,0,5.99999999999996,2,1,65,0.5
126,4412.974081,4411.594082,4412.151415,4412.974081,4486.553341,0,NaN,0,7.00000000000003,1,2,66,0.5
127,4520.19264,4518.765309,4519.085975,4520.19264,4521.148639,0,NaN,0,7.00000000000003,1,2,66,0.5
128,4535.321959,4534.438626,4534.765959,4535.321959,4541.831952,1,NaN,0,5.99999999999996,2,1,65,0.5
129,4547.426613,4546.546614,4546.761947,4547.426613,4560.161267,1,NaN,0,5.99999999999996,2,1,65,0.5
130,4562.817931,4561.772599,4562.077932,4562.815264,4566.101261,1,2.99999999999994,0.0299999999999997,7.00000000000003,1,2,66,0.5
131,4569.385258,4568.217926,4568.586592,4569.385258,4829.310998,0,NaN,0,7.00000000000003,1,2,66,0.5
132,4833.95766,4832.492995,4832.958994,4833.95766,4856.359638,0,NaN,0,7.00000000000003,1,2,66,0.5
133,4865.849628,4863.788963,4864.012297,4865.846961,4867.21496,0,2.99999999999994,0.0299999999999997,5.99999999999996,2,1,65,0.5
134,4869.592291,4868.098293,4868.509625,4869.592291,4876.078285,0,NaN,0,7.00000000000003,1,2,66,0.5
135,4877.670283,4876.530284,4876.91495,4877.670283,4882.894944,0,NaN,0,7.00000000000003,1,2,66,0.5
136,4886.126275,4884.680943,4884.741609,4886.072941,4888.969608,0,2.99999999999994,0.0299999999999997,5.99999999999996,2,1,65,0.5
137,4890.545603,4889.424938,4889.774938,4890.49227,4893.113601,0,2.99999999999994,0.0299999999999997,5.99999999999996,2,1,65,0.5
138,4894.512933,4893.620267,4893.9296,4894.512933,4899.727594,0,NaN,0,7.00000000000003,1,2,66,0.5
139,4901.471593,4900.198927,4900.693593,4901.468926,4904.084923,1,2.99999999999994,0.0299999999999997,7.00000000000003,1,2,66,0.5
140,4906.236254,4905.054922,4905.463589,4906.233588,4909.566251,0,2.99999999999994,0.0299999999999997,5.99999999999996,2,1,65,0.5
141,4911.126916,4910.333584,4910.498917,4911.126916,4917.576243,0,NaN,0,7.00000000000003,1,2,66,0.5
142,4922.214238,4921.568906,4921.636906,4922.214238,4927.503566,1,NaN,0,5.99999999999996,2,1,65,0.5
143,4935.037559,4934.35356,4934.376226,4935.037559,4944.989549,1,NaN,0,5.99999999999996,2,1,65,0.5
144,4948.575545,4947.526213,4947.812213,4948.572879,4951.438876,0,2.99999999999994,0.0299999999999997,5.99999999999996,2,1,65,0.5
145,4953.008874,4952.396875,4952.495541,4953.008874,4973.564854,0,NaN,0,7.00000000000003,1,2,66,0.5
146,4981.472179,4980.374847,4980.622847,4981.469513,4984.428176,0,2.99999999999994,0.0299999999999997,5.99999999999996,2,1,65,0.5
147,4988.140839,4987.092174,4987.339507,4988.138173,4990.91017,0,2.99999999999994,0.0299999999999997,5.99999999999996,2,1,65,0.5
148,4992.327502,4991.422169,4991.681502,4992.327502,4996.846164,0,NaN,0,7.00000000000003,1,2,66,0.5
149,4999.673494,4998.642162,4998.892828,4999.670828,5002.203492,1,2.99999999999994,0.0299999999999997,7.00000000000003,1,2,66,0.5
150,5003.818157,5003.250824,5003.319491,5003.818157,5010.41015,0,NaN,0,7.00000000000003,1,2,66,0.5
151,5012.844148,5011.540816,5012.109482,5012.790815,5015.632812,0,2.99999999999994,0.0299999999999997,5.99999999999996,2,1,65,0.5
152,5017.068144,5016.303478,5016.579477,5017.068144,5021.172139,0,NaN,0,7.00000000000003,1,2,66,0.5
153,5029.423465,5028.451466,5028.714132,5029.423465,5036.859457,0,NaN,0,7.00000000000003,1,2,66,0.5
154,5050.110777,5049.035445,5049.248111,5050.108111,5053.441441,0,2.99999999999994,0.0299999999999997,5.99999999999996,2,1,65,0.5
155,5054.996772,5054.014107,5054.248106,5054.943439,5057.690103,1,2.99999999999994,0.0299999999999997,7.00000000000003,1,2,66,0.5
156,5059.300101,5058.470102,5058.518102,5059.300101,5066.708094,0,NaN,0,7.00000000000003,1,2,66,0.5
157,5070.22409,5069.306091,5069.429425,5070.221424,5073.582087,1,2.99999999999994,0.0299999999999997,7.00000000000003,1,2,66,0.5
158,5075.571418,5074.39142,5074.809419,5075.571418,5080.718747,0,NaN,0,7.00000000000003,1,2,66,0.5
159,5083.672744,5083.034744,5083.211411,5083.672744,5087.862739,1,NaN,0,5.99999999999996,2,1,65,0.5
160,5090.864736,5089.343405,5090.15007,5090.811403,5092.620735,0,2.99999999999994,0.0299999999999997,5.99999999999996,2,1,65,0.5
161,5094.170733,5093.352067,5093.6514,5094.170733,5101.342726,0,NaN,0,7.00000000000003,1,2,66,0.5
162,5103.168057,5102.550058,5102.639391,5103.168057,5109.964717,1,NaN,0,5.99999999999996,2,1,65,0.5
163,5112.272715,5110.725383,5111.674716,5112.272715,5112.934715,0,NaN,0,7.00000000000003,1,2,66,0.5
164,5121.301373,5120.269374,5120.646707,5121.248039,5123.820037,1,2.99999999999994,0.0299999999999997,7.00000000000003,1,2,66,0.5
165,5125.466702,5124.751369,5124.953369,5125.466702,5150.19801,0,NaN,0,7.00000000000003,1,2,66,0.5
166,5151.236676,5150.64601,5150.74201,5151.236676,5187.00264,1,NaN,0,5.99999999999996,2,1,65,0.5
167,5188.599972,5187.579974,5187.77664,5188.597305,5191.393303,0,2.99999999999994,0.0299999999999997,5.99999999999996,2,1,65,0.5
168,5192.914634,5191.975302,5192.417302,5192.914634,5203.372624,0,NaN,0,7.00000000000003,1,2,66,0.5
169,5206.537954,5205.540622,5205.940621,5206.537954,5207.803953,0,NaN,0,7.00000000000003,1,2,66,0.5
170,5219.717274,5218.739942,5219.037942,5219.663941,5224.34127,1,2.99999999999994,0.0299999999999997,7.00000000000003,1,2,66,0.5
171,5228.313932,5227.345933,5227.461933,5228.260599,5238.699922,0,2.99999999999994,0.0299999999999997,5.99999999999996,2,1,65,0.5
172,5250.621243,5249.383245,5249.423911,5250.618577,5255.201239,1,2.99999999999994,0.0299999999999997,7.00000000000003,1,2,66,0.5
173,5258.855235,5257.723903,5257.909236,5258.855235,5259.337235,0,NaN,0,7.00000000000003,1,2,66,0.5
174,5267.247227,5266.327228,5266.523227,5267.247227,5268.007226,0,NaN,0,7.00000000000003,1,2,66,0.5
175,5274.539219,5273.767887,5273.828553,5274.485886,5277.503216,1,2.99999999999994,0.0299999999999997,7.00000000000003,1,2,66,0.5
176,5283.193211,5282.411212,5282.539878,5283.190544,5286.276541,1,2.99999999999994,0.0299999999999997,7.00000000000003,1,2,66,0.5
177,5289.255871,5288.329872,5288.517872,5289.202538,5291.866535,0,2.99999999999994,0.0299999999999997,5.99999999999996,2,1,65,0.5
178,5293.582534,5292.542535,5292.865201,5293.5292,5297.966529,1,2.99999999999994,0.0299999999999997,7.00000000000003,1,2,66,0.5
179,5300.666527,5299.743194,5299.989194,5300.666527,5307.14052,0,NaN,0,7.00000000000003,1,2,66,0.5
180,5311.719182,5310.78985,5310.868516,5311.665849,5315.673845,1,2.99999999999994,0.0299999999999997,7.00000000000003,1,2,66,0.5
181,5319.121175,5318.239842,5318.403842,5319.121175,5324.715836,0,NaN,0,7.00000000000003,1,2,66,0.5
182,5327.985166,5326.8065,5327.265167,5327.985166,5332.869828,0,NaN,0,7.00000000000003,1,2,66,0.5
183,5334.703826,5333.556494,5333.84716,5334.650493,5337.261823,1,2.99999999999994,0.0299999999999997,7.00000000000003,1,2,66,0.5
184,5339.781821,5338.681822,5338.944488,5339.781821,5346.341148,0,NaN,0,7.00000000000003,1,2,66,0.5
185,5348.129146,5347.23248,5347.569146,5348.129146,5352.637141,0,NaN,0,7.00000000000003,1,2,66,0.5
186,5355.142472,5353.62514,5354.16314,5355.139806,5357.707803,0,2.99999999999994,0.0299999999999997,5.99999999999996,2,1,65,0.5
187,5359.455801,5358.281802,5358.717802,5359.455801,5364.589797,0,NaN,0,7.00000000000003,1,2,66,0.5
188,5374.948452,5373.83712,5373.92912,5374.895119,5378.986448,1,2.99999999999994,0.0299999999999997,7.00000000000003,1,2,66,0.5
189,5381.100446,5380.067781,5380.141114,5381.100446,5387.151107,0,NaN,0,7.00000000000003,1,2,66,0.5
190,5389.544438,5388.579772,5388.663772,5389.544438,5409.495084,1,NaN,0,5.99999999999996,2,1,65,0.5
191,5412.543748,5411.105083,5411.419083,5412.490415,5416.739744,1,2.99999999999994,0.0299999999999997,7.00000000000003,1,2,66,0.5
192,5419.026408,5417.43641,5417.80841,5419.023742,5422.038405,0,2.99999999999994,0.0299999999999997,5.99999999999996,2,1,65,0.5
193,5424.19507,5423.378404,5423.505071,5424.192403,5428.299732,1,2.99999999999994,0.0299999999999997,7.00000000000003,1,2,66,0.5
194,5430.27973,5429.621064,5429.667731,5430.27973,5473.183021,0,NaN,0,7.00000000000003,1,2,66,0.5
195,5475.995018,5474.607686,5474.754353,5475.995018,5482.908344,0,NaN,0,7.00000000000003,1,2,66,0.5
196,5484.669676,5483.496344,5483.956343,5484.616343,5487.903673,1,2.99999999999994,0.0299999999999997,7.00000000000003,1,2,66,0.5
197,5489.800338,5488.800338,5489.001672,5489.747004,5492.788335,0,2.99999999999994,0.0299999999999997,5.99999999999996,2,1,65,0.5
198,5494.130333,5493.377667,5493.573667,5494.130333,5500.768327,1,NaN,0,5.99999999999996,2,1,65,0.5
199,5502.770325,5501.457659,5501.964992,5502.716991,5505.739655,0,2.99999999999994,0.0299999999999997,5.99999999999996,2,1,65,0.5
200,5507.17432,5506.210988,5506.449654,5507.17432,5510.744983,1,NaN,0,5.99999999999996,2,1,65,0.5
201,5514.908312,5514.042313,5514.276313,5514.908312,5520.454307,1,NaN,0,5.99999999999996,2,1,65,0.5
202,5524.816302,5523.928303,5524.12297,5524.816302,5529.365631,0,NaN,0,7.00000000000003,1,2,66,0.5
203,5531.812295,5530.754297,5531.094296,5531.812295,5536.590291,1,NaN,0,5.99999999999996,2,1,65,0.5
204,5540.027621,5538.708289,5539.174955,5539.974287,5543.56095,1,2.99999999999994,0.0299999999999997,7.00000000000003,1,2,66,0.5
205,5545.627615,5544.31295,5544.800283,5545.624948,5547.844279,0,2.99999999999994,0.0299999999999997,5.99999999999996,2,1,65,0.5
206,5549.081612,5548.258946,5548.586279,5549.081612,5551.893609,1,NaN,0,5.99999999999996,2,1,65,0.5
207,5568.006926,5566.879594,5567.224927,5568.004259,5570.876923,0,2.99999999999994,0.0299999999999997,5.99999999999996,2,1,65,0.5
208,5572.446255,5571.650922,5571.750922,5572.446255,5574.809586,1,NaN,0,5.99999999999996,2,1,65,0.5
209,5579.181581,5578.330916,5578.486915,5579.178915,5582.006245,1,2.99999999999994,0.0299999999999997,7.00000000000003,1,2,66,0.5
210,5583.715577,5582.763578,5582.988244,5583.71291,5586.307574,0,2.99999999999994,0.0299999999999997,5.99999999999996,2,1,65,0.5
211,5588.044239,5587.157573,5587.308907,5588.041573,5591.326903,0,2.99999999999994,0.0299999999999997,5.99999999999996,2,1,65,0.5
212,5592.754235,5592.158235,5592.287568,5592.754235,5597.320897,0,NaN,0,7.00000000000003,1,2,66,0.5
213,5600.110227,5598.844228,5599.331561,5600.056894,5602.474225,1,2.99999999999994,0.0299999999999997,7.00000000000003,1,2,66,0.5
214,5603.796224,5603.017558,5603.323557,5603.796224,5608.986218,0,NaN,0,7.00000000000003,1,2,66,0.5
215,5612.029549,5610.866883,5611.407549,5612.029549,5623.48687,0,NaN,0,7.00000000000003,1,2,66,0.5
216,5625.490868,5624.36687,5624.644203,5625.490868,5631.732862,0,NaN,0,7.00000000000003,1,2,66,0.5
217,5636.688858,5635.695525,5635.854191,5636.686191,5640.37552,0,2.99999999999994,0.0299999999999997,5.99999999999996,2,1,65,0.5
218,5642.160185,5641.184853,5641.44552,5642.160185,5647.022847,0,NaN,0,7.00000000000003,1,2,66,0.5
219,5649.065512,5647.697513,5648.314179,5649.012178,5651.070843,1,2.99999999999994,0.0299999999999997,7.00000000000003,1,2,66,0.5
220,5652.571508,5651.652176,5651.854175,5652.571508,5813.900013,0,NaN,0,7.00000000000003,1,2,66,0.5
221,5819.742008,5818.314009,5818.700009,5819.742008,5827.055334,0,NaN,0,7.00000000000003,1,2,66,0.5
222,5842.304652,5841.347319,5841.439986,5842.304652,5848.139979,0,NaN,0,7.00000000000003,1,2,66,0.5
223,5855.325305,5854.498639,5854.697306,5855.325305,5866.685961,0,NaN,0,7.00000000000003,1,2,66,0.5
224,5868.767292,5867.481293,5867.810626,5868.767292,5875.267285,0,NaN,0,7.00000000000003,1,2,66,0.5
225,5879.797281,5878.389949,5878.900615,5879.794614,5881.579946,0,2.99999999999994,0.0299999999999997,5.99999999999996,2,1,65,0.5
226,5883.209944,5881.997279,5882.331945,5883.207277,5886.799274,1,2.99999999999994,0.0299999999999997,7.00000000000003,1,2,66,0.5
227,5888.407272,5887.809273,5887.873273,5888.407272,5895.918598,0,NaN,0,7.00000000000003,1,2,66,0.5
228,5897.923929,5897.155931,5897.241263,5897.923929,5924.961902,0,NaN,0,7.00000000000003,1,2,66,0.5
229,5928.403232,5927.3439,5927.394567,5928.403232,5942.244552,1,NaN,0,5.99999999999996,2,1,65,0.5
230,5946.856547,5945.874548,5946.100548,5946.803214,5948.006546,1,2.99999999999994,0.0299999999999997,7.00000000000003,1,2,66,0.5
231,5950.45521,5949.492544,5949.712544,5950.45521,5956.459871,0,NaN,0,7.00000000000003,1,2,66,0.5
232,5958.143203,5957.374537,5957.54387,5958.143203,5958.308536,0,NaN,0,7.00000000000003,1,2,66,0.5
233,5965.935861,5965.095196,5965.315195,5965.935861,5969.059858,1,NaN,0,5.99999999999996,2,1,65,0.5
234,5975.195185,5974.183853,5974.557853,5975.141852,5978.812515,1,2.99999999999994,0.0299999999999997,7.00000000000003,1,2,66,0.5
235,5986.408508,5985.714508,5985.808508,5986.405841,5991.903835,1,2.99999999999994,0.0299999999999997,7.00000000000003,1,2,66,0.5
236,6002.981824,6002.232492,6002.286492,6002.979158,6005.808488,1,2.99999999999994,0.0299999999999997,7.00000000000003,1,2,66,0.5
237,6008.382486,6007.201153,6007.58982,6008.379819,6010.84715,0,2.99999999999994,0.0299999999999997,5.99999999999996,2,1,65,0.5
238,6012.101149,6011.380483,6011.591149,6012.101149,6017.967809,1,NaN,0,5.99999999999996,2,1,65,0.5
239,6020.80514,6020.108474,6020.235807,6020.80514,6024.608469,1,NaN,0,5.99999999999996,2,1,65,0.5
240,6027.028467,6026.338468,6026.419801,6027.028467,6035.601125,1,NaN,0,5.99999999999996,2,1,65,0.5
241,6042.411785,6041.330453,6041.618452,6042.409118,6048.195779,1,2.99999999999994,0.0299999999999997,7.00000000000003,1,2,66,0.5
242,6052.789108,6051.539109,6051.719776,6052.736441,6054.781106,0,2.99999999999994,0.0299999999999997,5.99999999999996,2,1,65,0.5
243,6056.630437,6055.271105,6055.722438,6056.627771,6060.722433,1,2.99999999999994,0.0299999999999997,7.00000000000003,1,2,66,0.5
244,6062.673098,6061.751766,6062.147765,6062.673098,6068.428426,0,NaN,0,7.00000000000003,1,2,66,0.5
245,6071.392423,6069.843091,6070.45909,6071.389756,6073.977087,0,2.99999999999994,0.0299999999999997,5.99999999999996,2,1,65,0.5
246,6075.505752,6074.451086,6074.745086,6075.452419,6078.219082,1,2.99999999999994,0.0299999999999997,7.00000000000003,1,2,66,0.5
247,6079.985747,6078.775082,6079.229748,6079.932414,6083.099744,0,2.99999999999994,0.0299999999999997,5.99999999999996,2,1,65,0.5
248,6084.781076,6083.627077,6084.029743,6084.727743,6087.903739,1,2.99999999999994,0.0299999999999997,7.00000000000003,1,2,66,0.5
249,6089.884404,6088.715739,6089.034405,6089.884404,6094.0004,0,NaN,0,7.00000000000003,1,2,66,0.5
250,6096.82573,6095.553065,6096.025065,6096.82573,6102.910391,1,NaN,0,5.99999999999996,2,1,65,0.5
251,6105.487722,6104.03839,6104.676389,6105.485055,6107.97772,0,2.99999999999994,0.0299999999999997,5.99999999999996,2,1,65,0.5
252,6109.265051,6108.437052,6108.735052,6109.265051,6128.761699,1,NaN,0,5.99999999999996,2,1,65,0.5
253,6131.257029,6130.215697,6130.439697,6131.257029,6138.071689,0,NaN,0,7.00000000000003,1,2,66,0.5
254,6140.15102,6139.041688,6139.391021,6140.148354,6143.359684,0,2.99999999999994,0.0299999999999997,5.99999999999996,2,1,65,0.5
255,6144.935016,6143.87835,6144.079017,6144.935016,6151.08101,1,NaN,0,5.99999999999996,2,1,65,0.5
256,6152.965674,6152.225008,6152.319675,6152.965674,6159.478334,0,NaN,0,7.00000000000003,1,2,66,0.5
257,6181.535646,6180.55298,6180.640313,6181.535646,6183.752977,1,NaN,0,5.99999999999996,2,1,65,0.5
258,6196.90163,6195.962965,6196.092965,6196.90163,6203.957623,0,NaN,0,7.00000000000003,1,2,66,0.5
259,6209.150951,6208.262952,6208.352286,6209.148285,6211.414949,0,2.99999999999994,0.0299999999999997,5.99999999999996,2,1,65,0.5
260,6212.736948,6211.877615,6212.176948,6212.736948,6220.983606,0,NaN,0,7.00000000000003,1,2,66,0.5
261,6222.462938,6221.456939,6221.486272,6222.460272,6225.008269,1,2.99999999999994,0.0299999999999997,7.00000000000003,1,2,66,0.5
262,6227.946933,6226.8276,6227.162933,6227.946933,6235.076926,0,NaN,0,7.00000000000003,1,2,66,0.5
263,6236.614257,6235.584258,6235.819591,6236.614257,6245.275582,0,NaN,0,7.00000000000003,1,2,66,0.5
264,6246.558247,6245.676248,6245.789582,6246.558247,6251.560909,1,NaN,0,5.99999999999996,2,1,65,0.5
265,6253.68024,6252.774908,6253.163574,6253.68024,6268.132892,0,NaN,0,7.00000000000003,1,2,66,0.5
266,6283.88821,6282.751545,6283.048878,6283.834877,6289.166205,1,2.99999999999994,0.0299999999999997,7.00000000000003,1,2,66,0.5
267,6290.877536,6289.732204,6290.028871,6290.877536,6297.24353,0,NaN,0,7.00000000000003,1,2,66,0.5
268,6312.793514,6311.646182,6311.830182,6312.790848,6315.558845,0,2.99999999999994,0.0299999999999997,5.99999999999996,2,1,65,0.5
269,6316.90551,6316.068845,6316.380178,6316.90551,6323.370837,0,NaN,0,7.00000000000003,1,2,66,0.5
270,6326.568167,6325.476835,6325.824168,6326.514834,6329.528831,1,2.99999999999994,0.0299999999999997,7.00000000000003,1,2,66,0.5
271,6331.631496,6330.459497,6330.919496,6331.628829,6333.80216,0,2.99999999999994,0.0299999999999997,5.99999999999996,2,1,65,0.5
272,6335.795491,6334.802826,6334.988826,6335.792825,6342.084152,1,2.99999999999994,0.0299999999999997,7.00000000000003,1,2,66,0.5
273,6343.94415,6343.013484,6343.308817,6343.94415,6456.382704,0,NaN,0,7.00000000000003,1,2,66,0.5
274,6458.766702,6457.45537,6457.77537,6458.764035,6651.125843,0,2.99999999999994,0.0299999999999997,5.99999999999996,2,1,65,0.5
275,6656.944504,6655.497838,6655.925171,6656.944504,6661.883165,0,NaN,0,7.00000000000003,1,2,66,0.5
276,6665.213829,6663.81183,6664.28183,6665.211162,6668.168492,0,2.99999999999994,0.0299999999999997,5.99999999999996,2,1,65,0.5
277,6669.765158,6668.711825,6668.914492,6669.711824,6675.877152,1,2.99999999999994,0.0299999999999997,7.00000000000003,1,2,66,0.5
278,6678.769815,6677.534483,6677.803149,6678.716482,6681.001813,0,2.99999999999994,0.0299999999999997,5.99999999999996,2,1,65,0.5
279,6682.809811,6681.593812,6681.885812,6682.756478,6685.500475,1,2.99999999999994,0.0299999999999997,7.00000000000003,1,2,66,0.5
280,6688.728472,6686.814474,6687.347807,6688.725805,6692.584468,0,2.99999999999994,0.0299999999999997,5.99999999999996,2,1,65,0.5
281,6694.4378,6693.229134,6693.397134,6694.435133,6699.059128,1,2.99999999999994,0.0299999999999997,7.00000000000003,1,2,66,0.5
282,6701.349793,6700.30246,6700.471127,6701.296459,6706.487787,0,2.99999999999994,0.0299999999999997,5.99999999999996,2,1,65,0.5
283,6710.239784,6709.007118,6709.267118,6710.18645,6714.623779,1,2.99999999999994,0.0299999999999997,7.00000000000003,1,2,66,0.5
284,6717.403777,6716.283778,6716.657111,6717.403777,6724.152436,0,NaN,0,7.00000000000003,1,2,66,0.5
285,6725.930435,6724.685769,6725.059102,6725.930435,6731.312429,1,NaN,0,5.99999999999996,2,1,65,0.5
286,6735.601758,6734.480426,6734.831092,6735.601758,6741.665752,1,NaN,0,5.99999999999996,2,1,65,0.5
287,6746.307748,6745.093749,6745.495082,6746.307748,6749.657078,1,NaN,0,5.99999999999996,2,1,65,0.5
288,6754.276406,6753.250407,6753.390407,6754.223073,6756.766404,1,2.99999999999994,0.0299999999999997,7.00000000000003,1,2,66,0.5
289,6758.705735,6757.333737,6757.845069,6758.703069,6760.973066,0,2.99999999999994,0.0299999999999997,5.99999999999996,2,1,65,0.5
290,6762.871064,6761.589732,6762.058399,6762.868398,6764.169063,0,2.99999999999994,0.0299999999999997,5.99999999999996,2,1,65,0.5
291,6765.703728,6764.542396,6764.929062,6765.701062,6769.319058,1,2.99999999999994,0.0299999999999997,7.00000000000003,1,2,66,0.5
292,6771.416389,6770.105057,6770.509057,6771.413723,6774.361053,0,2.99999999999994,0.0299999999999997,5.99999999999996,2,1,65,0.5
293,6775.789052,6774.803719,6775.055719,6775.735718,6780.673047,1,2.99999999999994,0.0299999999999997,7.00000000000003,1,2,66,0.5
294,6783.63371,6782.833711,6783.018378,6783.63371,6788.837038,0,NaN,0,7.00000000000003,1,2,66,0.5
295,6791.493702,6790.43037,6790.639037,6791.491036,6794.780366,1,2.99999999999994,0.0299999999999997,7.00000000000003,1,2,66,0.5
296,6796.389698,6795.282365,6795.692365,6796.336364,6799.139695,0,2.99999999999994,0.0299999999999997,5.99999999999996,2,1,65,0.5
297,6800.561027,6799.649028,6800.021027,6800.561027,6806.469688,0,NaN,0,7.00000000000003,1,2,66,0.5
298,6808.156352,6806.92102,6807.389687,6808.156352,6808.759019,0,NaN,0,7.00000000000003,1,2,66,0.5
299,6817.761676,6816.397011,6816.615011,6817.75901,6819.663008,1,2.99999999999994,0.0299999999999997,7.00000000000003,1,2,66,0.5
300,6821.175673,6820.179674,6820.585007,6821.175673,6828.725665,0,NaN,0,7.00000000000003,1,2,66,0.5
301,6830.018331,6829.030998,6829.226998,6829.964997,6832.553661,1,2.99999999999994,0.0299999999999997,7.00000000000003,1,2,66,0.5
302,6834.582993,6833.170327,6833.572994,6834.580326,6837.382323,0,2.99999999999994,0.0299999999999997,5.99999999999996,2,1,65,0.5
303,6839.165655,6838.230322,6838.448989,6839.112322,6843.240984,1,2.99999999999994,0.0299999999999997,7.00000000000003,1,2,66,0.5
304,6844.764983,6843.854983,6844.194983,6844.764983,6851.10831,0,NaN,0,7.00000000000003,1,2,66,0.5
305,6853.906307,6852.682308,6853.176974,6853.90364,6856.701637,0,2.99999999999994,0.0299999999999997,5.99999999999996,2,1,65,0.5
306,6858.028969,6857.094304,6857.344303,6858.028969,6864.958962,1,NaN,0,5.99999999999996,2,1,65,0.5
307,6867.00096,6865.636295,6866.257628,6866.947627,6870.703623,1,2.99999999999994,0.0299999999999997,7.00000000000003,1,2,66,0.5
308,6872.492288,6871.422956,6871.658956,6872.438955,6876.002285,0,2.99999999999994,0.0299999999999997,5.99999999999996,2,1,65,0.5
309,6877.379617,6876.458951,6876.670951,6877.37695,6879.757614,0,2.99999999999994,0.0299999999999997,5.99999999999996,2,1,65,0.5
310,6881.414279,6880.565613,6880.850946,6881.360946,6883.684944,0,2.99999999999994,0.0299999999999997,5.99999999999996,2,1,65,0.5
311,6884.989609,6884.106943,6884.548276,6884.989609,6894.712933,0,NaN,0,7.00000000000003,1,2,66,0.5
312,6896.292931,6895.527598,6895.610932,6896.292931,6898.885595,0,NaN,0,7.00000000000003,1,2,66,0.5
313,6902.908924,6901.809592,6902.172925,6902.908924,6909.964917,0,NaN,0,7.00000000000003,1,2,66,0.5
314,6915.534912,6914.634246,6914.814912,6915.534912,6916.441578,1,NaN,0,5.99999999999996,2,1,65,0.5
315,6924.14957,6923.005571,6923.198238,6924.096237,6927.1809,1,2.99999999999994,0.0299999999999997,7.00000000000003,1,2,66,0.5
316,6929.028898,6927.783566,6927.866233,6929.026232,6934.591559,0,2.99999999999994,0.0299999999999997,5.99999999999996,2,1,65,0.5
317,6936.248891,6935.298225,6935.436225,6936.195558,6939.159555,0,2.99999999999994,0.0299999999999997,5.99999999999996,2,1,65,0.5
318,6940.667553,6939.884887,6940.003554,6940.667553,6943.85155,1,NaN,0,5.99999999999996,2,1,65,0.5
319,6947.548213,6946.543547,6946.902214,6947.545546,6950.28821,1,2.99999999999994,0.0299999999999997,7.00000000000003,1,2,66,0.5
320,6951.738876,6950.82021,6951.210876,6951.738876,6957.906869,0,NaN,0,7.00000000000003,1,2,66,0.5
321,6962.580198,6961.673532,6961.719532,6962.526865,6965.988195,1,2.99999999999994,0.0299999999999997,7.00000000000003,1,2,66,0.5
322,6968.026859,6966.821527,6967.067527,6968.024193,6971.662189,0,2.99999999999994,0.0299999999999997,5.99999999999996,2,1,65,0.5
323,6973.156187,6972.198855,6972.416855,6973.156187,6978.452849,1,NaN,0,5.99999999999996,2,1,65,0.5
324,6980.299514,6979.052182,6979.514181,6980.296847,6982.650178,0,2.99999999999994,0.0299999999999997,5.99999999999996,2,1,65,0.5
325,6984.15751,6983.152844,6983.444844,6984.15751,6984.722176,1,NaN,0,5.99999999999996,2,1,65,0.5
326,6991.303503,6990.310837,6990.755503,6991.303503,6998.418162,1,NaN,0,5.99999999999996,2,1,65,0.5
327,7003.383491,7002.185492,7002.545491,7003.380824,7007.470153,1,2.99999999999994,0.0299999999999997,7.00000000000003,1,2,66,0.5
328,7009.453485,7008.202152,7008.473485,7009.453485,7013.359481,0,NaN,0,7.00000000000003,1,2,66,0.5
329,7020.76814,7019.575474,7019.932807,7020.76814,7021.355473,1,NaN,0,5.99999999999996,2,1,65,0.5
330,7031.579462,7030.651463,7030.87013,7031.579462,7034.686793,1,NaN,0,5.99999999999996,2,1,65,0.5
331,7038.444789,7037.538123,7037.761456,7038.444789,7043.362784,1,NaN,0,5.99999999999996,2,1,65,0.5
332,7045.840115,7044.585449,7044.952116,7045.837448,7048.482779,0,2.99999999999994,0.0299999999999997,5.99999999999996,2,1,65,0.5
333,7050.16411,7049.302778,7049.427445,7050.110777,7052.984108,0,2.99999999999994,0.0299999999999997,5.99999999999996,2,1,65,0.5
334,7054.638773,7053.526774,7053.926773,7054.638773,7059.540101,1,NaN,0,5.99999999999996,2,1,65,0.5
335,7069.119425,7067.813426,7068.086759,7069.116758,7072.869421,0,2.99999999999994,0.0299999999999997,5.99999999999996,2,1,65,0.5
336,7074.386753,7073.484754,7073.640087,7074.386753,7077.106084,1,NaN,0,5.99999999999996,2,1,65,0.5
337,7184.693976,7183.766644,7183.98931,7184.693976,7198.289296,1,NaN,0,5.99999999999996,2,1,65,0.5
338,7199.922627,7198.819962,7199.071962,7199.869294,7203.025291,0,2.99999999999994,0.0299999999999997,5.99999999999996,2,1,65,0.5
339,7205.128622,7203.866623,7204.219956,7205.075289,7206.371288,0,2.99999999999994,0.0299999999999997,5.99999999999996,2,1,65,0.5
340,7207.963286,7206.87262,7207.19262,7207.963286,7213.893947,1,NaN,0,5.99999999999996,2,1,65,0.5
341,7216.176611,7215.122612,7215.577278,7216.176611,7239.180588,0,NaN,0,7.00000000000003,1,2,66,0.5
342,7240.746587,7239.677254,7240.020587,7240.746587,7241.748585,1,NaN,0,5.99999999999996,2,1,65,0.5
343,7251.065243,7250.283244,7250.56991,7251.065243,7251.848575,1,NaN,0,5.99999999999996,2,1,65,0.5
344,7266.523227,7265.549228,7265.597895,7266.520561,7269.757891,0,2.99999999999994,0.0299999999999997,5.99999999999996,2,1,65,0.5
345,7271.467889,7270.427224,7270.599223,7271.414556,7272.543888,0,2.99999999999994,0.0299999999999997,5.99999999999996,2,1,65,0.5
346,7274.379886,7273.472554,7273.489887,7274.379886,7285.522542,1,NaN,0,5.99999999999996,2,1,65,0.5
347,7287.29254,7286.377208,7286.524541,7287.29254,7311.137183,0,NaN,0,7.00000000000003,1,2,66,0.5
348,7312.455182,7311.698516,7311.785182,7312.455182,7323.537837,0,NaN,0,7.00000000000003,1,2,66,0.5
349,7335.019826,7333.961827,7334.275826,7335.019826,7341.241819,0,NaN,0,7.00000000000003,1,2,66,0.5
350,7361.587132,7360.574467,7360.8218,7361.587132,7362.011799,0,NaN,0,7.00000000000003,1,2,66,0.5
351,7375.072452,7373.969121,7374.17312,7375.072452,7378.822448,0,NaN,0,7.00000000000003,1,2,66,0.5
352,7390.37577,7389.255771,7389.715771,7390.37577,7420.588407,0,NaN,0,7.00000000000003,1,2,66,0.5
353,7447.875046,7446.338381,7446.84838,7447.872379,7449.271045,0,2.99999999999994,0.0299999999999997,5.99999999999996,2,1,65,0.5
354,7453.581707,7452.534375,7452.815041,7453.57904,7457.201703,1,2.99999999999994,0.0299999999999997,7.00000000000003,1,2,66,0.5
355,7459.708368,7458.818368,7459.090368,7459.708368,7460.475034,0,NaN,0,7.00000000000003,1,2,66,0.5
356,7467.327693,7466.463028,7466.711694,7467.327693,7476.607684,0,NaN,0,7.00000000000003,1,2,66,0.5
357,7480.88168,7479.832347,7479.991014,7480.828346,7484.14501,1,2.99999999999994,0.0299999999999997,7.00000000000003,1,2,66,0.5
358,7488.687005,7487.491673,7487.779006,7488.684339,7491.574336,0,2.99999999999994,0.0299999999999997,5.99999999999996,2,1,65,0.5
359,7493.005668,7492.212335,7492.485668,7493.005668,7496.014331,1,NaN,0,5.99999999999996,2,1,65,0.5
360,7514.814312,7512.987648,7513.358314,7514.811646,7520.072307,1,2.99999999999994,0.0299999999999997,7.00000000000003,1,2,66,0.5
361,7523.048971,7521.132973,7521.552972,7523.048971,7525.592302,0,NaN,0,7.00000000000003,1,2,66,0.5
362,7796.260698,7794.996699,7795.272699,7796.258031,7797.44003,0,2.99999999999994,0.0299999999999997,5.99999999999996,2,1,65,0.5
363,7800.658027,7799.670694,7799.850027,7800.658027,7813.296014,1,NaN,0,5.99999999999996,2,1,65,0.5
364,7815.179346,7814.123347,7814.31268,7815.176679,7817.246677,0,2.99999999999994,0.0299999999999997,5.99999999999996,2,1,65,0.5
365,7819.078675,7818.070676,7818.362009,7819.076008,7823.232671,1,2.99999999999994,0.0299999999999997,7.00000000000003,1,2,66,0.5
366,7825.911335,7824.826002,7825.162669,7825.911335,7832.086662,0,NaN,0,7.00000000000003,1,2,66,0.5
367,7833.791327,7833.073328,7833.298661,7833.791327,7850.995976,1,NaN,0,5.99999999999996,2,1,65,0.5
368,7852.672641,7851.833309,7852.013309,7852.672641,7858.914635,0,NaN,0,7.00000000000003,1,2,66,0.5
369,7861.021966,7860.056634,7860.4913,7861.021966,7871.129956,0,NaN,0,7.00000000000003,1,2,66,0.5
370,7873.119954,7871.930622,7872.387288,7873.066621,7875.611285,1,2.99999999999994,0.0299999999999997,7.00000000000003,1,2,66,0.5
371,7878.141283,7876.707284,7877.30195,7878.138616,7881.197946,0,2.99999999999994,0.0299999999999997,5.99999999999996,2,1,65,0.5
372,7882.614611,7881.757946,7882.131945,7882.614611,7888.380606,0,NaN,0,7.00000000000003,1,2,66,0.5
373,7931.092563,7930.035231,7930.260564,7931.089896,7933.74456,1,2.99999999999994,0.0299999999999997,7.00000000000003,1,2,66,0.5
374,7935.534558,7934.34456,7934.729893,7935.481225,7938.272556,0,2.99999999999994,0.0299999999999997,5.99999999999996,2,1,65,0.5
375,7939.963221,7938.897888,7939.123888,7939.909887,7943.295217,1,2.99999999999994,0.0299999999999997,7.00000000000003,1,2,66,0.5
376,7945.427215,7944.247883,7944.481216,7945.427215,7950.406544,0,NaN,0,7.00000000000003,1,2,66,0.5
377,7954.939206,7953.869873,7954.23654,7954.939206,7984.751176,1,NaN,0,5.99999999999996,2,1,65,0.5
378,7989.993837,7989.016505,7989.262505,7989.993837,7990.94717,0,NaN,0,7.00000000000003,1,2,66,0.5
379,8011.082483,8010.219817,8010.31715,8011.02915,8014.345813,0,2.99999999999994,0.0299999999999997,5.99999999999996,2,1,65,0.5
380,8018.603142,8017.72181,8017.914476,8018.600475,8020.93314,1,2.99999999999994,0.0299999999999997,7.00000000000003,1,2,66,0.5
381,8023.93847,8023.031804,8023.223804,8023.935803,8026.051135,0,2.99999999999994,0.0299999999999997,5.99999999999996,2,1,65,0.5
382,8027.7678,8026.594467,8026.9178,8027.714466,8030.962463,1,2.99999999999994,0.0299999999999997,7.00000000000003,1,2,66,0.5
383,8032.979794,8032.209128,8032.353795,8032.979794,8037.015124,0,NaN,0,7.00000000000003,1,2,66,0.5
384,8058.615102,8057.662436,8057.817769,8058.561769,8060.438434,1,2.99999999999994,0.0299999999999997,7.00000000000003,1,2,66,0.5
385,8062.385098,8061.068433,8061.456433,8062.382432,8065.403095,0,2.99999999999994,0.0299999999999997,5.99999999999996,2,1,65,0.5
386,8067.098427,8066.078428,8066.412428,8067.09576,8071.627089,1,2.99999999999994,0.0299999999999997,7.00000000000003,1,2,66,0.5
387,8073.67842,8072.641088,8073.036421,8073.67842,8095.273732,0,NaN,0,7.00000000000003,1,2,66,0.5
388,8097.228397,8095.917065,8096.069731,8097.22573,8098.553062,0,2.99999999999994,0.0299999999999997,5.99999999999996,2,1,65,0.5
389,8102.693725,8101.729726,8101.827059,8102.691058,8105.969055,1,2.99999999999994,0.0299999999999997,7.00000000000003,1,2,66,0.5
390,8108.381719,8107.294387,8107.562386,8108.381719,8111.685716,0,NaN,0,7.00000000000003,1,2,66,0.5
391,8116.82771,8116.150378,8116.296378,8116.82771,8123.038371,0,NaN,0,7.00000000000003,1,2,66,0.5
392,8125.080369,8123.971037,8124.050371,8125.077702,8129.231698,0,2.99999999999994,0.0299999999999997,5.99999999999996,2,1,65,0.5
393,8131.161029,8130.039697,8130.37703,8131.108363,8135.449692,1,2.99999999999994,0.0299999999999997,7.00000000000003,1,2,66,0.5
394,8137.699023,8136.725691,8136.787024,8137.696356,8140.808354,0,2.99999999999994,0.0299999999999997,5.99999999999996,2,1,65,0.5
395,8142.467018,8141.439686,8141.709686,8142.413685,8146.444348,1,2.99999999999994,0.0299999999999997,7.00000000000003,1,2,66,0.5
396,8148.742345,8147.841013,8148.189679,8148.742345,8152.400342,0,NaN,0,7.00000000000003,1,2,66,0.5
397,8155.990339,8154.597006,8155.103006,8155.990339,8156.454338,0,NaN,0,7.00000000000003,1,2,66,0.5
398,8164.523663,8163.347664,8163.753664,8164.523663,8170.672323,1,NaN,0,5.99999999999996,2,1,65,0.5
399,8177.696983,8176.571651,8176.801651,8177.694316,8180.710313,1,2.99999999999994,0.0299999999999997,7.00000000000003,1,2,66,0.5
400,8182.670311,8181.662312,8181.852312,8182.667645,8185.465642,0,2.99999999999994,0.0299999999999997,5.99999999999996,2,1,65,0.5
401,8187.140973,8186.121641,8186.309641,8187.08764,8190.30497,1,2.99999999999994,0.0299999999999997,7.00000000000003,1,2,66,0.5
402,8191.914302,8191.006303,8191.25697,8191.914302,8192.844301,0,NaN,0,7.00000000000003,1,2,66,0.5
403,8198.723629,8197.502963,8197.843629,8198.720962,8202.700291,1,2.99999999999994,0.0299999999999997,7.00000000000003,1,2,66,0.5
404,8208.558285,8207.198953,8207.64762,8208.504952,8209.748951,0,2.99999999999994,0.0299999999999997,5.99999999999996,2,1,65,0.5
405,8211.234283,8210.19895,8210.578283,8211.234283,8214.983612,1,NaN,0,5.99999999999996,2,1,65,0.5
406,8219.762274,8218.004276,8218.767609,8219.759608,8222.392938,1,2.99999999999994,0.0299999999999997,7.00000000000003,1,2,66,0.5
407,8224.385603,8223.080271,8223.407604,8224.382936,8227.1416,0,2.99999999999994,0.0299999999999997,5.99999999999996,2,1,65,0.5
408,8228.497599,8227.632266,8227.930266,8228.497599,8229.471598,1,NaN,0,5.99999999999996,2,1,65,0.5
409,8237.326923,8236.388258,8236.451591,8237.326923,8249.990911,0,NaN,0,7.00000000000003,1,2,66,0.5
410,8251.818909,8250.666243,8251.028243,8251.818909,8254.194906,1,NaN,0,5.99999999999996,2,1,65,0.5
411,8269.708224,8268.510892,8268.563559,8269.705558,8272.294222,0,2.99999999999994,0.0299999999999997,5.99999999999996,2,1,65,0.5
412,8273.97622,8273.160887,8273.221554,8273.97622,8275.111552,1,NaN,0,5.99999999999996,2,1,65,0.5
413,8288.658205,8287.56754,8287.844873,8288.655539,8291.238869,1,2.99999999999994,0.0299999999999997,7.00000000000003,1,2,66,0.5
414,8293.318201,8292.354202,8292.533535,8293.318201,8299.246195,0,NaN,0,7.00000000000003,1,2,66,0.5
415,8300.91486,8300.136194,8300.23486,8300.91486,8611.874549,0,NaN,0,7.00000000000003,1,2,66,0.5
416,8614.196546,8612.908548,8613.091214,8614.19388,8615.396545,0,2.99999999999994,0.0299999999999997,5.99999999999996,2,1,65,0.5
417,8619.817874,8618.661875,8618.950542,8619.764541,8623.008538,1,2.99999999999994,0.0299999999999997,7.00000000000003,1,2,66,0.5
418,8625.242535,8624.173203,8624.36387,8625.189202,8628.822532,0,2.99999999999994,0.0299999999999997,5.99999999999996,2,1,65,0.5
419,8630.599197,8629.703198,8629.881864,8630.599197,8636.165858,1,NaN,0,5.99999999999996,2,1,65,0.5
420,8641.089186,8639.901187,8640.211187,8641.035853,8644.08585,0,2.99999999999994,0.0299999999999997,5.99999999999996,2,1,65,0.5
421,8645.667848,8644.578516,8644.829182,8645.614515,8649.417178,1,2.99999999999994,0.0299999999999997,7.00000000000003,1,2,66,0.5
422,8651.312509,8650.138511,8650.229177,8651.309843,8655.082506,0,2.99999999999994,0.0299999999999997,5.99999999999996,2,1,65,0.5
423,8656.605837,8655.851171,8656.011171,8656.552504,8660.525167,0,2.99999999999994,0.0299999999999997,5.99999999999996,2,1,65,0.5
424,8662.195165,8661.121166,8661.501166,8662.195165,8667.338493,0,NaN,0,7.00000000000003,1,2,66,0.5
425,8669.979157,8668.439159,8668.681159,8669.976491,8672.859821,0,2.99999999999994,0.0299999999999997,5.99999999999996,2,1,65,0.5
426,8675.127819,8674.00182,8674.230486,8675.074486,8677.718483,1,2.99999999999994,0.0299999999999997,7.00000000000003,1,2,66,0.5
427,8679.995814,8678.473149,8678.862482,8679.993147,8682.356478,0,2.99999999999994,0.0299999999999997,5.99999999999996,2,1,65,0.5
428,8683.925143,8682.948478,8683.185144,8683.925143,8690.49847,1,NaN,0,5.99999999999996,2,1,65,0.5
429,8692.270468,8691.08847,8691.466469,8692.270468,8699.064462,0,NaN,0,7.00000000000003,1,2,66,0.5
430,8704.243123,8703.426457,8703.53779,8704.243123,8707.52112,1,NaN,0,5.99999999999996,2,1,65,0.5
431,8738.982422,8737.81309,8738.158422,8738.929089,8741.792419,1,2.99999999999994,0.0299999999999997,7.00000000000003,1,2,66,0.5
432,8743.317084,8742.326418,8742.569751,8743.317084,8744.284416,0,NaN,0,7.00000000000003,1,2,66,0.5
433,8753.820407,8752.694408,8752.947074,8753.820407,8757.839736,0,NaN,0,7.00000000000003,1,2,66,0.5
434,8761.193066,8759.826401,8760.2104,8761.190399,8762.789065,0,2.99999999999994,0.0299999999999997,5.99999999999996,2,1,65,0.5
435,8764.43773,8763.346397,8763.64173,8764.384396,8768.166392,1,2.99999999999994,0.0299999999999997,7.00000000000003,1,2,66,0.5
436,8770.31839,8768.963725,8769.429058,8770.31839,8775.823718,0,NaN,0,7.00000000000003,1,2,66,0.5
437,8777.430383,8776.598384,8776.815717,8777.430383,8778.329049,0,NaN,0,7.00000000000003,1,2,66,0.5
438,8789.895704,8789.077038,8789.305038,8789.895704,8809.347018,1,NaN,0,5.99999999999996,2,1,65,0.5
439,8810.93435,8809.853017,8810.275017,8810.881016,8813.95168,1,2.99999999999994,0.0299999999999997,7.00000000000003,1,2,66,0.5
440,8817.921676,8816.91501,8817.152343,8817.868343,8820.15834,0,2.99999999999994,0.0299999999999997,5.99999999999996,2,1,65,0.5
441,8821.949005,8820.933673,8821.04034,8821.946339,8825.666335,1,2.99999999999994,0.0299999999999997,7.00000000000003,1,2,66,0.5
442,8827.694333,8826.595001,8826.635001,8827.691666,8830.25233,0,2.99999999999994,0.0299999999999997,5.99999999999996,2,1,65,0.5
443,8831.770329,8830.776997,8831.01833,8831.770329,8832.681661,0,NaN,0,7.00000000000003,1,2,66,0.5
444,8841.698986,8840.64232,8840.938986,8841.696319,8846.167648,1,2.99999999999994,0.0299999999999997,7.00000000000003,1,2,66,0.5
445,8847.948979,8846.83698,8847.232313,8847.948979,8860.992966,0,NaN,0,7.00000000000003,1,2,66,0.5
446,8862.493631,8861.547632,8861.735632,8862.493631,8878.150949,1,NaN,0,5.99999999999996,2,1,65,0.5
447,8879.920281,8878.826948,8879.069615,8879.920281,8880.662947,0,NaN,0,7.00000000000003,1,2,66,0.5
448,8886.748941,8885.316942,8885.949608,8886.746274,8889.577604,1,2.99999999999994,0.0299999999999997,7.00000000000003,1,2,66,0.5
449,8891.253603,8890.152937,8890.484937,8891.200269,8893.662934,0,2.99999999999994,0.0299999999999997,5.99999999999996,2,1,65,0.5
450,8895.420932,8894.250266,8894.626933,8895.418265,8899.348261,1,2.99999999999994,0.0299999999999997,7.00000000000003,1,2,66,0.5
451,8901.424259,8900.268927,8900.487593,8901.421593,8904.312923,0,2.99999999999994,0.0299999999999997,5.99999999999996,2,1,65,0.5
452,8905.877588,8904.900256,8905.134255,8905.824255,8910.31225,1,2.99999999999994,0.0299999999999997,7.00000000000003,1,2,66,0.5
453,8912.374915,8911.05025,8911.386249,8912.372248,8915.504912,0,2.99999999999994,0.0299999999999997,5.99999999999996,2,1,65,0.5
454,8917.288243,8916.502244,8916.734911,8917.288243,8924.10157,1,NaN,0,5.99999999999996,2,1,65,0.5
455,8927.977566,8926.440901,8926.748234,8927.426233,8932.459561,1,NaN,0,7.00000000000003,1,2,66,0.5
456,8934.518893,8933.702894,8933.93356,8934.518893,8946.945547,0,NaN,0,7.00000000000003,1,2,66,0.5
457,8950.564877,8949.622878,8949.763544,8950.564877,8951.416876,1,NaN,0,5.99999999999996,2,1,65,0.5
458,8960.714867,8959.190868,8959.432201,8960.7122,8962.692198,0,2.99999999999994,0.0299999999999997,5.99999999999996,2,1,65,0.5
459,8964.154863,8963.160197,8963.47953,8964.154863,8965.176862,1,NaN,0,5.99999999999996,2,1,65,0.5
460,8974.354186,8973.457521,8973.564854,8974.35152,8977.15285,1,2.99999999999994,0.0299999999999997,7.00000000000003,1,2,66,0.5
461,8978.842182,8977.926849,8978.119516,8978.842182,8980.169514,0,NaN,0,7.00000000000003,1,2,66,0.5
462,9035.157459,9034.028793,9034.31546,9035.104126,9038.585455,1,2.99999999999994,0.0299999999999997,7.00000000000003,1,2,66,0.5
463,9040.28212,9039.225455,9039.557454,9040.28212,9045.410115,0,NaN,0,7.00000000000003,1,2,66,0.5
464,9047.144113,9046.328781,9046.462781,9047.144113,9052.380775,0,NaN,0,7.00000000000003,1,2,66,0.5
465,9055.584772,9054.34744,9054.788773,9055.582105,9060.301434,0,2.99999999999994,0.0299999999999997,5.99999999999996,2,1,65,0.5
466,9061.794099,9060.760767,9061.015433,9061.740766,9063.626097,1,2.99999999999994,0.0299999999999997,7.00000000000003,1,2,66,0.5
467,9065.142095,9064.366763,9064.442763,9065.142095,9068.326092,0,NaN,0,7.00000000000003,1,2,66,0.5
468,9073.229421,9072.214088,9072.465422,9073.226754,9076.059418,1,2.99999999999994,0.0299999999999997,7.00000000000003,1,2,66,0.5
469,9078.133416,9077.061417,9077.372084,9078.133416,9079.402081,0,NaN,0,7.00000000000003,1,2,66,0.5
470,9094.574066,9093.175401,9093.218067,9094.571399,9096.047398,0,2.99999999999994,0.0299999999999997,5.99999999999996,2,1,65,0.5
471,9097.916729,9096.583397,9097.03473,9097.914063,9100.838726,1,2.99999999999994,0.0299999999999997,7.00000000000003,1,2,66,0.5
472,9102.761391,9101.494059,9101.901392,9102.761391,9105.127389,0,NaN,0,7.00000000000003,1,2,66,0.5
473,9118.120043,9117.217377,9117.44071,9118.120043,9142.860684,1,NaN,0,5.99999999999996,2,1,65,0.5
474,9145.749349,9144.555349,9145.001349,9145.696682,9148.153346,1,2.99999999999994,0.0299999999999997,7.00000000000003,1,2,66,0.5
475,9149.784011,9148.810012,9149.033345,9149.784011,9153.860007,0,NaN,0,7.00000000000003,1,2,66,0.5
476,9157.111337,9155.632672,9156.142671,9157.10867,9157.966669,0,2.99999999999994,0.0299999999999997,5.99999999999996,2,1,65,0.5
477,9161.179333,9160.188667,9160.482001,9161.126,9164.24933,1,2.99999999999994,0.0299999999999997,7.00000000000003,1,2,66,0.5
478,9165.746662,9164.753996,9164.902662,9165.743995,9168.721992,0,2.99999999999994,0.0299999999999997,5.99999999999996,2,1,65,0.5
479,9170.25599,9169.238658,9169.421325,9170.253324,9174.22732,1,2.99999999999994,0.0299999999999997,7.00000000000003,1,2,66,0.5
480,9176.455318,9175.300652,9175.599985,9176.452651,9179.095315,0,2.99999999999994,0.0299999999999997,5.99999999999996,2,1,65,0.5
481,9180.430647,9179.699314,9179.926647,9180.430647,9180.99198,1,NaN,0,5.99999999999996,2,1,65,0.5
482,9192.217968,9191.050636,9191.243969,9192.215302,9194.993299,0,2.99999999999994,0.0299999999999997,5.99999999999996,2,1,65,0.5
483,9196.418631,9195.734632,9195.856631,9196.365298,9198.989962,0,2.99999999999994,0.0299999999999997,5.99999999999996,2,1,65,0.5
484,9200.996626,9199.905961,9200.009961,9200.99396,9204.497956,1,2.99999999999994,0.0299999999999997,7.00000000000003,1,2,66,0.5
485,9206.195954,9205.063289,9205.410622,9206.195954,9207.143953,0,NaN,0,7.00000000000003,1,2,66,0.5
486,9214.028613,9213.148614,9213.348614,9214.028613,9217.888609,1,NaN,0,5.99999999999996,2,1,65,0.5
487,9221.487939,9220.92394,9221.031273,9221.487939,9223.83527,1,NaN,0,5.99999999999996,2,1,65,0.5
488,9228.909932,9228.161932,9228.481265,9228.909932,9235.681925,1,NaN,0,5.99999999999996,2,1,65,0.5
489,9242.155252,9237.231257,9237.865923,9242.155252,9246.405248,0,NaN,0,7.00000000000003,1,2,66,0.5
490,9252.753241,9251.839242,9252.090575,9252.753241,9269.671891,0,NaN,0,7.00000000000003,1,2,66,0.5
491,9272.521221,9271.568556,9271.883889,9272.521221,9272.843888,1,NaN,0,5.99999999999996,2,1,65,0.5
492,9283.227877,9282.213212,9282.541211,9283.227877,9311.531849,1,NaN,0,5.99999999999996,2,1,65,0.5
493,9319.359175,9318.081176,9318.358509,9319.356508,9324.839836,0,2.99999999999994,0.0299999999999997,5.99999999999996,2,1,65,0.5
494,9326.205834,9325.445169,9325.690502,9326.205834,9332.429828,1,NaN,0,5.99999999999996,2,1,65,0.5
495,9338.180489,9337.25849,9337.521823,9338.180489,9338.792489,1,NaN,0,5.99999999999996,2,1,65,0.5
496,9344.959816,9343.931817,9344.160483,9344.957149,9346.653147,0,2.99999999999994,0.0299999999999997,5.99999999999996,2,1,65,0.5
497,9348.451146,9347.51848,9347.56448,9348.448479,9349.382478,0,2.99999999999994,0.0299999999999997,5.99999999999996,2,1,65,0.5
498,9353.194474,9351.978475,9352.452475,9353.191807,9359.524468,1,2.99999999999994,0.0299999999999997,7.00000000000003,1,2,66,0.5
499,9360.9378,9360.091134,9360.218467,9360.884466,9364.035797,0,2.99999999999994,0.0299999999999997,5.99999999999996,2,1,65,0.5
500,9365.767795,9364.699129,9364.861796,9365.765128,9368.075793,0,2.99999999999994,0.0299999999999997,5.99999999999996,2,1,65,0.5
501,9369.677124,9368.608459,9368.956458,9369.677124,9380.42978,1,NaN,0,5.99999999999996,2,1,65,0.5
502,9382.369778,9381.418446,9381.529779,9382.369778,9400.52376,0,NaN,0,7.00000000000003,1,2,66,0.5
503,9405.226422,9403.435091,9404.319756,9405.226422,9411.09375,1,NaN,0,5.99999999999996,2,1,65,0.5
504,9416.126411,9415.330412,9415.622412,9416.126411,9419.885074,1,NaN,0,5.99999999999996,2,1,65,0.5
505,9572.532921,9571.332923,9571.554256,9572.479588,9644.758849,0,2.99999999999994,0.0299999999999997,5.99999999999996,2,1,65,0.5
506,9647.673513,9646.640181,9647.061514,9647.673513,9687.379473,1,NaN,0,5.99999999999996,2,1,65,0.5
507,9704.07479,9703.240791,9703.344124,9704.07479,9704.575456,0,NaN,0,7.00000000000003,1,2,66,0.5
508,9710.51745,9709.544118,9709.905451,9710.51745,9710.838783,1,NaN,0,5.99999999999996,2,1,65,0.5
509,9734.766759,9722.144105,9722.365438,NaN,9746.811414,NaN,NaN,0,5.99999999999996,2,1,65,0.5
510,9748.378746,9747.393413,9747.73008,9748.378746,9759.965401,1,NaN,0,5.99999999999996,2,1,65,0.5
511,9792.605368,9791.772702,9792.064702,9792.605368,9793.8187,0,NaN,0,7.00000000000003,1,2,66,0.5
512,9813.797347,9812.865348,9813.217347,9813.79468,9815.955345,1,2.99999999999994,0.0299999999999997,7.00000000000003,1,2,66,0.5
513,9823.226004,9822.094005,9822.325338,9823.223337,9825.278002,0,2.99999999999994,0.0299999999999997,5.99999999999996,2,1,65,0.5
514,9831.557329,9830.65733,9830.987996,9831.557329,9831.950662,1,NaN,0,5.99999999999996,2,1,65,0.5
515,9846.180648,9845.068649,9845.471315,9846.127314,9848.694645,1,2.99999999999994,0.0299999999999997,7.00000000000003,1,2,66,0.5
516,9850.89931,9850.279977,9850.349977,9850.89931,9851.757309,0,NaN,0,7.00000000000003,1,2,66,0.5
517,9860.720633,9859.712634,9860.027967,9860.720633,9867.748626,1,NaN,0,5.99999999999996,2,1,65,0.5
518,9956.023871,9955.257205,9955.427205,9956.023871,9956.291871,1,NaN,0,5.99999999999996,2,1,65,0.5
519,9983.553177,9982.667845,9982.850511,9983.499844,9984.515843,0,2.99999999999994,0.0299999999999997,5.99999999999996,2,1,65,0.5
520,9995.508498,9994.427833,9994.826499,9995.455165,10002.988491,1,2.99999999999994,0.0299999999999997,7.00000000000003,1,2,66,0.5
521,10011.537816,10010.379817,10010.78515,10011.535149,10033.228461,1,2.99999999999994,0.0299999999999997,7.00000000000003,1,2,66,0.5
522,10039.229788,10038.374456,10038.623789,10039.229788,10073.715754,1,NaN,0,5.99999999999996,2,1,65,0.5
523,10081.417746,10080.70508,10080.899746,10081.417746,10082.059079,1,NaN,0,5.99999999999996,2,1,65,0.5
524,10087.74774,10086.900407,10087.059074,10087.74774,10095.306399,0,NaN,0,7.00000000000003,1,2,66,0.5
525,10107.029054,10106.415721,10106.631721,10107.029054,10107.771053,1,NaN,0,5.99999999999996,2,1,65,0.5
526,10114.581046,10113.375047,10113.573714,10114.578379,10117.19171,0,2.99999999999994,0.0299999999999997,5.99999999999996,2,1,65,0.5
527,10173.019654,10171.718322,10171.928322,10172.966321,10193.266967,0,2.99999999999994,0.0299999999999997,5.99999999999996,2,1,65,0.5
528,10233.050261,10232.075595,10232.234928,10233.047594,10286.538207,0,2.99999999999994,0.0299999999999997,5.99999999999996,2,1,65,0.5
529,10287.808873,10287.102874,10287.134873,10287.806206,10290.054871,1,2.99999999999994,0.0299999999999997,7.00000000000003,1,2,66,0.5
530,10293.300201,10292.150202,10292.316868,10293.297534,10294.542199,0,2.99999999999994,0.0299999999999997,5.99999999999996,2,1,65,0.5
531,10308.654852,10307.452853,10307.60952,10308.652185,10311.02285,0,2.99999999999994,0.0299999999999997,5.99999999999996,2,1,65,0.5
532,10312.532181,10311.756182,10311.960849,10312.532181,10319.983507,1,NaN,0,5.99999999999996,2,1,65,0.5
533,10323.575504,10321.938172,10322.280172,10323.572837,10339.967487,1,2.99999999999994,0.0299999999999997,7.00000000000003,1,2,66,0.5
534,10343.641484,10342.494151,10342.557485,10343.638817,10346.800147,0,2.99999999999994,0.0299999999999997,5.99999999999996,2,1,65,0.5
535,10348.634812,10347.805479,10348.002146,10348.581479,10351.328143,1,2.99999999999994,0.0299999999999997,7.00000000000003,1,2,66,0.5
536,10354.31814,10353.528807,10353.608807,10354.264806,10358.204136,0,2.99999999999994,0.0299999999999997,5.99999999999996,2,1,65,0.5
537,10363.80213,10362.860131,10363.101464,10363.748797,10366.718794,1,2.99999999999994,0.0299999999999997,7.00000000000003,1,2,66,0.5
538,10368.734792,10367.694793,10367.768126,10368.734792,10461.123366,0,NaN,0,7.00000000000003,1,2,66,0.5
539,10545.239949,10544.374616,10544.548616,10545.186615,10563.251931,1,2.99999999999994,0.0299999999999997,7.00000000000003,1,2,66,0.5
540,10565.129929,10563.89593,10564.09793,10565.127262,10567.985926,0,2.99999999999994,0.0299999999999997,5.99999999999996,2,1,65,0.5
541,10573.708587,10572.992588,10573.086588,10573.708587,10578.819915,1,NaN,0,5.99999999999996,2,1,65,0.5
542,10592.053235,10591.17457,10591.315236,10592.050569,10594.468566,1,2.99999999999994,0.0299999999999997,7.00000000000003,1,2,66,0.5
543,10598.235896,10597.399897,10597.436563,10598.233229,10600.97056,0,2.99999999999994,0.0299999999999997,5.99999999999996,2,1,65,0.5
544,10604.40389,10603.500557,10603.783224,10604.350556,10606.942554,1,2.99999999999994,0.0299999999999997,7.00000000000003,1,2,66,0.5
545,10944.232883,10931.678229,10931.847562,NaN,NaN,NaN,NaN,0,5.99999999999996,2,1,65,0.5
546,10961.530866,10960.032867,10960.2522,10961.528199,10963.758864,0,2.99999999999994,0.0299999999999997,5.99999999999996,2,1,65,0.5
547,10966.251528,10965.298195,10965.568862,10966.251528,10966.96886,1,NaN,0,5.99999999999996,2,1,65,0.5
548,10981.485512,10980.58618,10980.846846,10981.485512,10984.556176,1,NaN,0,5.99999999999996,2,1,65,0.5
549,11042.076119,11040.78612,11040.813453,11042.073452,11043.152784,0,2.99999999999994,0.0299999999999997,5.99999999999996,2,1,65,0.5
550,11050.754777,11049.840777,11050.008778,11050.754777,11054.372773,1,NaN,0,5.99999999999996,2,1,65,0.5
551,11057.780103,11056.675437,11056.743437,11057.777436,11060.301434,0,2.99999999999994,0.0299999999999997,5.99999999999996,2,1,65,0.5
552,11065.950761,11065.346762,11065.507428,11065.950761,11070.567423,1,NaN,0,5.99999999999996,2,1,65,0.5
553,11090.54607,11077.923416,11078.144749,NaN,NaN,NaN,NaN,0,5.99999999999996,2,1,65,0.5
554,11100.630727,11100.051394,11100.092061,11100.630727,11101.590726,0,NaN,0,7.00000000000003,1,2,66,0.5
555,11129.058032,11128.021366,11128.153366,11129.055365,11132.932694,0,2.99999999999994,0.0299999999999997,5.99999999999996,2,1,65,0.5
556,11134.45536,11133.64536,11133.760027,11134.45536,11156.83267,1,NaN,0,5.99999999999996,2,1,65,0.5
557,11159.664001,11159.114668,11159.300001,11159.664001,11160.618,1,NaN,0,5.99999999999996,2,1,65,0.5
558,11348.990478,11348.141146,11348.222479,11348.987812,11351.665809,1,2.99999999999994,0.0299999999999997,7.00000000000003,1,2,66,0.5
559,11354.709806,11353.951807,11354.174473,11354.709806,11356.091805,0,NaN,0,7.00000000000003,1,2,66,0.5
560,11361.646466,11360.685133,11360.925133,11361.643799,11365.291795,1,2.99999999999994,0.0299999999999997,7.00000000000003,1,2,66,0.5
561,11368.192459,11367.031127,11367.343793,11368.189792,11370.650457,0,2.99999999999994,0.0299999999999997,5.99999999999996,2,1,65,0.5
562,11372.027122,11371.488456,11371.546456,11372.027122,11382.093112,1,NaN,0,5.99999999999996,2,1,65,0.5
563,11383.730444,11382.684445,11383.040444,11383.727777,11385.611108,1,2.99999999999994,0.0299999999999997,7.00000000000003,1,2,66,0.5
564,11387.783773,11386.356441,11386.479107,11387.781106,11389.673104,0,2.99999999999994,0.0299999999999997,5.99999999999996,2,1,65,0.5
565,11392.571768,11391.871102,11392.115769,11392.571768,11399.104428,1,NaN,0,5.99999999999996,2,1,65,0.5
566,11409.815751,11408.763085,11409.175751,11409.762418,11412.464415,1,2.99999999999994,0.0299999999999997,7.00000000000003,1,2,66,0.5
567,11414.201746,11413.219081,11413.342414,11414.19908,11415.478412,0,2.99999999999994,0.0299999999999997,5.99999999999996,2,1,65,0.5
568,11417.66641,11416.592411,11416.927077,11417.663743,11419.621741,1,2.99999999999994,0.0299999999999997,7.00000000000003,1,2,66,0.5
569,11421.579739,11420.39974,11420.476407,11421.577072,11424.384403,0,2.99999999999994,0.0299999999999997,5.99999999999996,2,1,65,0.5
570,11425.849068,11424.967736,11425.391069,11425.849068,11433.67106,0,NaN,0,7.00000000000003,1,2,66,0.5
571,11435.894391,11434.947059,11435.446392,11435.894391,11442.694385,1,NaN,0,5.99999999999996,2,1,65,0.5
572,11447.217713,11445.829048,11446.671047,11447.16438,11449.423045,1,2.99999999999994,0.0299999999999997,7.00000000000003,1,2,66,0.5
573,11451.215043,11450.021711,11450.483043,11451.215043,11451.763709,0,NaN,0,7.00000000000003,1,2,66,0.5
574,11476.290351,11475.141019,11475.386352,11476.290351,11476.985684,0,NaN,0,7.00000000000003,1,2,66,0.5
575,11501.827659,11501.324326,11501.466326,11501.827659,11509.965651,1,NaN,0,5.99999999999996,2,1,65,0.5
576,11515.542312,11514.547646,11514.778979,11515.539645,11539.374955,0,2.99999999999994,0.0299999999999997,5.99999999999996,2,1,65,0.5
577,11541.332286,11540.468287,11540.55762,11541.278953,11544.34295,1,2.99999999999994,0.0299999999999997,7.00000000000003,1,2,66,0.5
578,11548.326946,11547.264947,11547.35828,11548.324279,11549.871611,0,2.99999999999994,0.0299999999999997,5.99999999999996,2,1,65,0.5
579,11551.662276,11550.396277,11550.728943,11551.659609,11555.215605,1,2.99999999999994,0.0299999999999997,7.00000000000003,1,2,66,0.5
580,11556.856937,11555.958271,11556.162271,11556.856937,11563.429597,0,NaN,0,7.00000000000003,1,2,66,0.5
581,11566.236261,11565.064262,11565.190262,11566.236261,11567.034927,0,NaN,0,7.00000000000003,1,2,66,0.5
582,11573.267587,11572.601588,11572.806921,11573.267587,11576.713584,1,NaN,0,5.99999999999996,2,1,65,0.5
583,11582.970911,11581.820245,11582.247578,11582.968244,11585.384242,1,2.99999999999994,0.0299999999999997,7.00000000000003,1,2,66,0.5
584,11587.001574,11586.346908,11586.550907,11587.001574,11589.446905,0,NaN,0,7.00000000000003,1,2,66,0.5
585,11594.331566,11593.263567,11593.635567,11594.3289,11597.451563,1,2.99999999999994,0.0299999999999997,7.00000000000003,1,2,66,0.5
586,11599.253561,11598.190229,11598.420896,11599.250895,11601.978225,0,2.99999999999994,0.0299999999999997,5.99999999999996,2,1,65,0.5
587,11603.218891,11602.460892,11602.751558,11603.218891,11604.064223,1,NaN,0,5.99999999999996,2,1,65,0.5
588,11698.983462,11698.131463,11698.346129,11698.983462,11705.814788,1,NaN,0,5.99999999999996,2,1,65,0.5
589,11713.421447,11712.492781,11712.753448,11713.418781,11717.325443,1,2.99999999999994,0.0299999999999997,7.00000000000003,1,2,66,0.5
590,11720.092107,11719.090108,11719.164775,11720.092107,11739.237421,0,NaN,0,7.00000000000003,1,2,66,0.5
591,11741.256086,11740.160754,11740.226754,11741.256086,11756.168071,0,NaN,0,7.00000000000003,1,2,66,0.5
592,11762.446732,11761.412733,11761.766066,11762.393398,11764.536729,1,2.99999999999994,0.0299999999999997,7.00000000000003,1,2,66,0.5
593,11766.598727,11765.462729,11765.622062,11766.596061,11768.770059,0,2.99999999999994,0.0299999999999997,5.99999999999996,2,1,65,0.5
594,11770.812723,11769.673391,11770.028057,11770.810056,11772.184055,1,2.99999999999994,0.0299999999999997,7.00000000000003,1,2,66,0.5
595,11773.670054,11772.764055,11772.855388,11773.670054,11781.110046,0,NaN,0,7.00000000000003,1,2,66,0.5
596,11807.03402,11805.884688,11805.936021,11806.980687,11810.060684,0,2.99999999999994,0.0299999999999997,5.99999999999996,2,1,65,0.5
597,11811.732016,11810.702017,11810.944683,11811.678682,11814.15068,1,2.99999999999994,0.0299999999999997,7.00000000000003,1,2,66,0.5
598,11816.747344,11815.810011,11815.872011,11816.744677,11819.104675,0,2.99999999999994,0.0299999999999997,5.99999999999996,2,1,65,0.5
599,11820.616673,11819.599341,11819.806007,11820.616673,11826.986,0,NaN,0,7.00000000000003,1,2,66,0.5
600,11830.712663,11829.487331,11829.909997,11830.709997,11833.251327,1,2.99999999999994,0.0299999999999997,7.00000000000003,1,2,66,0.5
601,11834.817326,11833.743327,11833.997993,11834.814659,11836.291991,0,2.99999999999994,0.0299999999999997,5.99999999999996,2,1,65,0.5
602,11837.858656,11836.81199,11837.173323,11837.855989,11842.011319,1,2.99999999999994,0.0299999999999997,7.00000000000003,1,2,66,0.5
603,11843.499317,11842.495318,11842.657318,11843.499317,11862.173298,0,NaN,0,7.00000000000003,1,2,66,0.5
604,11885.471275,11884.770609,11884.811276,11885.471275,11888.909272,0,NaN,0,7.00000000000003,1,2,66,0.5
605,11892.277935,11891.036603,11891.628602,11892.277935,11892.720601,1,NaN,0,5.99999999999996,2,1,65,0.5
606,11899.720595,11898.657929,11898.977928,11899.717928,11902.299925,1,2.99999999999994,0.0299999999999997,7.00000000000003,1,2,66,0.5
607,11904.245256,11902.790591,11903.067258,11904.24259,11907.192587,0,2.99999999999994,0.0299999999999997,5.99999999999996,2,1,65,0.5
608,11908.475919,11907.741253,11907.983253,11908.475919,11913.873913,1,NaN,0,5.99999999999996,2,1,65,0.5
609,11917.818576,11916.86191,11917.14391,11917.818576,11923.283904,1,NaN,0,5.99999999999996,2,1,65,0.5
610,11924.741903,11923.665904,11924.221903,11924.741903,11925.039902,1,NaN,0,5.99999999999996,2,1,65,0.5
611,11935.011226,11933.979893,11934.323893,11934.957892,11936.746557,1,2.99999999999994,0.0299999999999997,7.00000000000003,1,2,66,0.5
612,11939.715221,11938.496555,11939.015888,11939.715221,11940.13922,1,NaN,0,5.99999999999996,2,1,65,0.5
613,11954.33454,11953.332541,11953.701874,11954.33454,11955.073206,1,NaN,0,5.99999999999996,2,1,65,0.5
614,12027.314467,12026.351801,12026.616467,12027.314467,12027.726466,1,NaN,0,5.99999999999996,2,1,65,0.5
615,12039.923121,12038.813122,12039.153788,12039.920454,12044.983782,1,2.99999999999994,0.0299999999999997,7.00000000000003,1,2,66,0.5
616,12051.907109,12050.80911,12050.98911,12051.853775,12054.649773,0,2.99999999999994,0.0299999999999997,5.99999999999996,2,1,65,0.5
617,12056.151104,12055.232439,12055.545105,12056.151104,12059.712434,1,NaN,0,5.99999999999996,2,1,65,0.5
618,12062.694431,12062.243098,12062.303098,12062.694431,12063.199764,1,NaN,0,5.99999999999996,2,1,65,0.5
619,12068.765759,12068.190426,12068.377092,12068.765759,12068.805758,1,NaN,0,5.99999999999996,2,1,65,0.5
620,12075.643752,12074.689086,12075.114419,12075.643752,12079.383748,1,NaN,0,5.99999999999996,2,1,65,0.5
621,12084.913076,12084.19041,12084.435076,12084.913076,12334.27616,1,NaN,0,5.99999999999996,2,1,65,0.5
622,12335.836825,12334.928826,12335.205492,12335.836825,12343.154151,1,NaN,0,5.99999999999996,2,1,65,0.5
623,12347.002814,12346.400814,12346.617481,12347.002814,12347.548813,1,NaN,0,5.99999999999996,2,1,65,0.5
624,12378.087449,12377.35945,12377.572783,12378.087449,12391.432103,1,NaN,0,5.99999999999996,2,1,65,0.5
625,12393.674767,12392.869434,12393.275434,12393.674767,12400.191427,1,NaN,0,5.99999999999996,2,1,65,0.5
626,12404.301423,12403.317424,12403.440091,12404.298756,12408.616085,0,2.99999999999994,0.0299999999999997,5.99999999999996,2,1,65,0.5
627,12410.34275,12409.281418,12409.508084,12410.340084,12411.560749,0,2.99999999999994,0.0299999999999997,5.99999999999996,2,1,65,0.5
628,12413.210081,12412.262082,12412.714748,12413.210081,12413.688747,1,NaN,0,5.99999999999996,2,1,65,0.5
629,12421.776072,12420.947406,12421.446073,12421.776072,12430.083397,1,NaN,0,5.99999999999996,2,1,65,0.5
630,12432.524061,12430.606063,12431.844062,12432.521395,12434.313393,1,2.99999999999994,0.0299999999999997,7.00000000000003,1,2,66,0.5
631,12436.384724,12435.176725,12435.326059,12436.331391,12438.605389,0,2.99999999999994,0.0299999999999997,5.99999999999996,2,1,65,0.5
632,12440.229387,12439.086722,12439.482721,12440.22672,12442.144052,1,2.99999999999994,0.0299999999999997,7.00000000000003,1,2,66,0.5
633,12444.021383,12442.664051,12442.860718,12444.018717,12446.408714,0,2.99999999999994,0.0299999999999997,5.99999999999996,2,1,65,0.5
634,12447.664713,12446.920047,12447.164713,12447.664713,12454.353373,1,NaN,0,5.99999999999996,2,1,65,0.5
635,12457.126703,12455.697372,12456.558037,12457.126703,12545.681948,1,NaN,0,5.99999999999996,2,1,65,0.5
636,12548.367946,12547.338613,12547.40528,12548.367946,12566.813927,0,NaN,0,7.00000000000003,1,2,66,0.5
637,12582.803911,12581.701912,12582.113912,12582.750578,12584.965909,1,2.99999999999994,0.0299999999999997,7.00000000000003,1,2,66,0.5
638,12588.388572,12587.117907,12587.252573,12588.335239,12591.981902,0,2.99999999999994,0.0299999999999997,5.99999999999996,2,1,65,0.5
639,12593.9959,12592.907234,12593.289901,12593.942567,12598.143896,1,2.99999999999994,0.0299999999999997,7.00000000000003,1,2,66,0.5
640,12603.448557,12602.186558,12602.252558,12603.395224,12608.553885,0,2.99999999999994,0.0299999999999997,5.99999999999996,2,1,65,0.5
641,12611.410549,12610.71855,12610.975216,12611.410549,12615.628545,1,NaN,0,5.99999999999996,2,1,65,0.5
642,12643.744517,12642.133852,12642.245852,12643.74185,12650.049177,0,2.99999999999994,0.0299999999999997,5.99999999999996,2,1,65,0.5
643,12652.332508,12651.205176,12651.606509,12652.329842,12654.461839,1,2.99999999999994,0.0299999999999997,7.00000000000003,1,2,66,0.5
644,12656.456504,12655.394505,12655.586505,12656.456504,12665.813161,0,NaN,0,7.00000000000003,1,2,66,0.5
645,12668.407159,12667.52916,12667.692493,12668.407159,12672.344488,1,NaN,0,5.99999999999996,2,1,65,0.5
646,12677.307817,12676.497151,12676.940484,12677.307817,12678.005816,1,NaN,0,5.99999999999996,2,1,65,0.5
647,12816.763011,12815.611678,12815.792345,12816.760344,12819.175675,0,2.99999999999994,0.0299999999999997,5.99999999999996,2,1,65,0.5
648,12823.70967,12822.683671,12823.001004,12823.70967,12824.526336,0,NaN,0,7.00000000000003,1,2,66,0.5
649,12840.796987,12840.218987,12840.26832,12840.796987,12841.618986,0,NaN,0,7.00000000000003,1,2,66,0.5
650,12847.796979,12846.913647,12847.190313,12847.796979,12929.612231,1,NaN,0,5.99999999999996,2,1,65,0.5
651,12932.144895,12931.252896,12931.584896,12932.142228,12934.841559,1,2.99999999999994,0.0299999999999997,7.00000000000003,1,2,66,0.5
652,12938.378222,12937.483556,12937.71289,12938.378222,12938.974888,0,NaN,0,7.00000000000003,1,2,66,0.5
653,12947.52888,12946.790214,12947.04688,12947.475546,12949.172878,1,2.99999999999994,0.0299999999999997,7.00000000000003,1,2,66,0.5
654,12950.76621,12949.990211,12950.064877,12950.76621,12951.181543,0,NaN,0,7.00000000000003,1,2,66,0.5
655,12967.311527,12966.710194,12966.90486,12967.311527,12972.980188,1,NaN,0,5.99999999999996,2,1,65,0.5
656,13061.685432,13060.403434,13060.6321,13061.682766,13064.428096,1,2.99999999999994,0.0299999999999997,7.00000000000003,1,2,66,0.5
657,13068.753425,13067.764093,13067.936093,13068.753425,13069.496091,0,NaN,0,7.00000000000003,1,2,66,0.5
658,13090.185404,13089.217405,13089.277405,13090.182737,13093.156067,1,2.99999999999994,0.0299999999999997,7.00000000000003,1,2,66,0.5
659,13095.490732,13094.478066,13094.535399,13095.488065,13097.958063,0,2.99999999999994,0.0299999999999997,5.99999999999996,2,1,65,0.5
660,13099.840061,13098.535395,13098.836728,13099.786728,13103.047391,1,2.99999999999994,0.0299999999999997,7.00000000000003,1,2,66,0.5
661,13104.889389,13103.890723,13103.93139,13104.889389,13115.423379,0,NaN,0,7.00000000000003,1,2,66,0.5
662,13116.907377,13115.866045,13116.208044,13116.854044,13120.069374,1,2.99999999999994,0.0299999999999997,7.00000000000003,1,2,66,0.5
663,13121.819372,13120.57404,13120.758707,13121.819372,13122.698705,0,NaN,0,7.00000000000003,1,2,66,0.5
664,13128.508699,13127.5087,13127.745366,13128.455366,13131.756696,1,2.99999999999994,0.0299999999999997,7.00000000000003,1,2,66,0.5
665,13135.690692,13134.446026,13134.867359,13135.690692,13146.577347,0,NaN,0,7.00000000000003,1,2,66,0.5
666,13170.478657,13169.935991,13170.077324,13170.478657,13177.255317,1,NaN,0,5.99999999999996,2,1,65,0.5
667,13178.835982,13178.004649,13178.055316,13178.835982,13180.461314,0,NaN,0,7.00000000000003,1,2,66,0.5
668,13203.091958,13202.097959,13202.315958,13203.089291,13205.572622,1,2.99999999999994,0.0299999999999997,7.00000000000003,1,2,66,0.5
669,13207.971286,13206.331288,13206.504621,13207.971286,13246.261248,0,NaN,0,7.00000000000003,1,2,66,0.5
670,13251.049243,13249.945911,13250.054577,13250.99591,13253.572574,0,2.99999999999994,0.0299999999999997,5.99999999999996,2,1,65,0.5
671,13255.317905,13254.226573,13254.527239,13255.315239,13258.561235,1,2.99999999999994,0.0299999999999997,7.00000000000003,1,2,66,0.5
672,13261.088566,13259.823901,13260.101234,13261.0859,13262.585898,0,2.99999999999994,0.0299999999999997,5.99999999999996,2,1,65,0.5
673,13264.023897,13263.267231,13263.503897,13264.023897,13273.267887,1,NaN,0,5.99999999999996,2,1,65,0.5
674,13278.725882,13277.513883,13277.549222,13278.725882,13279.109882,0,NaN,0,7.00000000000003,1,2,66,0.5
675,13291.085203,13289.969871,13290.306537,13291.03187,13293.7052,1,2.99999999999994,0.0299999999999997,7.00000000000003,1,2,66,0.5
676,13295.299866,13294.470533,13294.513199,13295.299866,13305.691188,0,NaN,0,7.00000000000003,1,2,66,0.5
677,13309.814517,13308.809185,13309.083185,13309.761184,13312.358515,1,2.99999999999994,0.0299999999999997,7.00000000000003,1,2,66,0.5
678,13314.336513,13313.024514,13313.155847,13314.333846,13317.241177,0,2.99999999999994,0.0299999999999997,5.99999999999996,2,1,65,0.5
679,13318.931842,13317.725176,13317.987843,13318.931842,13388.937105,1,NaN,0,5.99999999999996,2,1,65,0.5
680,13435.501725,13432.403062,13432.552395,NaN,13454.700373,NaN,NaN,0,7.00000000000003,1,2,66,0.5
681,13457.757036,13456.726371,13457.039704,13457.75437,13462.545698,1,2.99999999999994,0.0299999999999997,7.00000000000003,1,2,66,0.5
682,13466.426361,13465.337029,13465.602362,13466.426361,13470.37569,0,NaN,0,7.00000000000003,1,2,66,0.5
683,13473.78102,13472.440355,13472.958354,13473.778358,13476.184351,0,2.99999999999994,0.0299999999999997,5.99999999999996,2,1,65,0.5
684,13477.809016,13476.731017,13477.02235,13477.809016,13609.076218,1,NaN,0,5.99999999999996,2,1,65,0.5
685,13620.220207,13619.210208,13619.435541,13620.166874,13621.565539,0,2.99999999999994,0.0299999999999997,5.99999999999996,2,1,65,0.5
686,13623.197537,13622.152872,13622.502871,13623.194871,13624.603536,1,2.99999999999994,0.0299999999999997,7.00000000000003,1,2,66,0.5
687,13637.04819,13636.282191,13636.496857,13637.04819,13649.478178,1,NaN,0,5.99999999999996,2,1,65,0.5
688,13653.106174,13651.988175,13652.310175,13653.103508,13657.221503,1,2.99999999999994,0.0299999999999997,7.00000000000003,1,2,66,0.5
689,13659.848167,13659.074835,13659.264835,13659.848167,13660.650833,0,NaN,0,7.00000000000003,1,2,66,0.5
690,13666.255494,13665.553495,13665.645495,13666.252828,13669.649491,0,2.99999999999994,0.0299999999999997,5.99999999999996,2,1,65,0.5
691,13671.273489,13670.522823,13670.808156,13671.273489,13929.828564,1,NaN,0,5.99999999999996,2,1,65,0.5
692,13941.453886,13940.539887,13940.922553,13941.453886,13953.83654,0,NaN,0,7.00000000000003,1,2,66,0.5
693,13955.403205,13954.261873,13954.449206,13955.403205,13955.734538,1,NaN,0,5.99999999999996,2,1,65,0.5
694,13963.417197,13962.120532,13962.490531,13963.363864,13966.523861,1,2.99999999999994,0.0299999999999997,7.00000000000003,1,2,66,0.5
695,13969.507858,13968.570525,13968.653192,13969.454524,13971.703856,0,2.99999999999994,0.0299999999999997,5.99999999999996,2,1,65,0.5
696,13973.297854,13972.301188,13972.651188,13973.295187,13975.597185,1,2.99999999999994,0.0299999999999997,7.00000000000003,1,2,66,0.5
697,13976.97785,13976.170518,13976.319184,13976.97785,13977.865183,0,NaN,0,7.00000000000003,1,2,66,0.5
698,13985.643842,13984.648509,13984.980509,13985.641175,13987.879173,1,2.99999999999994,0.0299999999999997,7.00000000000003,1,2,66,0.5
699,13989.891171,13988.549839,13988.614505,13989.888504,13992.150502,0,2.99999999999994,0.0299999999999997,5.99999999999996,2,1,65,0.5
700,13993.6945,13992.667835,13992.987834,13993.691834,13996.749164,1,2.99999999999994,0.0299999999999997,7.00000000000003,1,2,66,0.5
701,13998.681829,13997.31183,13997.479163,13998.679162,14002.969158,0,2.99999999999994,0.0299999999999997,5.99999999999996,2,1,65,0.5
702,14005.035156,14003.69449,14003.971823,14005.032489,14008.275819,1,2.99999999999994,0.0299999999999997,7.00000000000003,1,2,66,0.5
703,14010.027151,14008.929152,14009.047152,14010.024484,14012.207148,0,2.99999999999994,0.0299999999999997,5.99999999999996,2,1,65,0.5
704,14013.695147,14012.732481,14012.955814,14013.69248,14018.045809,1,2.99999999999994,0.0299999999999997,7.00000000000003,1,2,66,0.5
705,14020.268474,14018.891142,14019.023142,14020.21514,14023.426471,0,2.99999999999994,0.0299999999999997,5.99999999999996,2,1,65,0.5
706,14024.986469,14024.01447,14024.261803,14024.986469,14031.397129,1,NaN,0,5.99999999999996,2,1,65,0.5
707,14034.685793,14033.411127,14033.751127,14034.685793,14038.637122,1,NaN,0,5.99999999999996,2,1,65,0.5
708,14043.72645,14042.481118,14042.797118,14043.673117,14046.487114,1,2.99999999999994,0.0299999999999997,7.00000000000003,1,2,66,0.5
709,14048.171779,14046.992447,14047.144447,14048.169112,14051.108443,0,2.99999999999994,0.0299999999999997,5.99999999999996,2,1,65,0.5
710,14052.807108,14051.697109,14051.972442,14052.807108,14056.067771,1,NaN,0,5.99999999999996,2,1,65,0.5
711,14077.598416,14076.664417,14076.80575,14077.598416,14080.433747,1,NaN,0,5.99999999999996,2,1,65,0.5
712,14117.709043,14116.529044,14116.754377,14117.706376,14120.700373,0,2.99999999999994,0.0299999999999997,5.99999999999996,2,1,65,0.5
713,14122.351038,14121.399706,14121.742372,14122.297705,14125.177702,1,2.99999999999994,0.0299999999999997,7.00000000000003,1,2,66,0.5
714,14127.172367,14126.049701,14126.250368,14127.1697,14130.995696,0,2.99999999999994,0.0299999999999997,5.99999999999996,2,1,65,0.5
715,14132.733028,14131.592362,14131.828362,14132.733028,14133.202361,1,NaN,0,5.99999999999996,2,1,65,0.5
716,14139.713021,14138.618355,14138.684355,14139.710354,14142.043685,0,2.99999999999994,0.0299999999999997,5.99999999999996,2,1,65,0.5
717,14143.89035,14142.807685,14143.125017,14143.887683,14147.064347,1,2.99999999999994,0.0299999999999997,7.00000000000003,1,2,66,0.5
718,14148.798345,14147.63168,14147.773013,14148.795679,14150.541677,0,2.99999999999994,0.0299999999999997,5.99999999999996,2,1,65,0.5
719,14152.306342,14151.581676,14151.857675,14152.306342,14153.105008,0,NaN,0,7.00000000000003,1,2,66,0.5
720,14172.268988,14171.451656,14171.584322,14172.268988,14173.085654,1,NaN,0,5.99999999999996,2,1,65,0.5
721,14196.206964,14195.016966,14195.158299,14196.204298,14197.730963,0,2.99999999999994,0.0299999999999997,5.99999999999996,2,1,65,0.5
722,14204.497623,14203.86629,14204.091623,14204.497623,14257.076904,1,NaN,0,5.99999999999996,2,1,65,0.5
723,14262.714898,14261.412233,14261.636232,14262.661565,14267.394893,1,2.99999999999994,0.0299999999999997,7.00000000000003,1,2,66,0.5
724,14271.681556,14270.451557,14270.533557,14271.678889,14274.342886,0,2.99999999999994,0.0299999999999997,5.99999999999996,2,1,65,0.5
725,14275.872218,14274.963552,14275.271552,14275.872218,14278.568882,1,NaN,0,5.99999999999996,2,1,65,0.5
726,14291.506202,14290.790203,14290.99487,14291.506202,14298.186196,1,NaN,0,5.99999999999996,2,1,65,0.5
727,14299.824194,14298.588862,14299.096195,14299.821528,14301.136193,1,2.99999999999994,0.0299999999999997,7.00000000000003,1,2,66,0.5
728,14302.720858,14301.622859,14301.820859,14302.718191,14305.458189,0,2.99999999999994,0.0299999999999997,5.99999999999996,2,1,65,0.5
729,14307.188853,14305.956188,14306.206188,14307.188853,14316.661511,1,NaN,0,5.99999999999996,2,1,65,0.5
730,14320.421507,14318.631509,14319.952174,14320.421507,14320.924173,1,NaN,0,5.99999999999996,2,1,65,0.5
731,14330.86483,14329.823497,14329.864164,14330.86483,14331.173496,0,NaN,0,7.00000000000003,1,2,66,0.5
732,14344.739483,14343.436151,14343.519484,14344.18815,14359.764801,0,NaN,0,5.99999999999996,2,1,65,0.5
733,14361.630799,14360.832133,14361.047466,14361.628132,14367.754793,1,2.99999999999994,0.0299999999999997,7.00000000000003,1,2,66,0.5
734,14370.080124,14369.041458,14369.274791,14370.077457,14372.596788,1,2.99999999999994,0.0299999999999997,7.00000000000003,1,2,66,0.5
735,14374.643453,14373.351454,14373.492788,14374.640786,14376.330118,0,2.99999999999994,0.0299999999999997,5.99999999999996,2,1,65,0.5
736,14378.173449,14376.936117,14377.32945,14378.120116,14381.040113,1,2.99999999999994,0.0299999999999997,7.00000000000003,1,2,66,0.5
737,14382.640778,14381.740779,14381.781446,14382.640778,14383.318111,0,NaN,0,7.00000000000003,1,2,66,0.5
738,14669.885157,14669.061825,14669.360491,14669.885157,14670.189824,1,NaN,0,5.99999999999996,2,1,65,0.5
739,14762.843064,14761.761732,14762.083065,14762.843064,14814.18768,1,NaN,0,5.99999999999996,2,1,65,0.5
740,14897.574263,14896.836264,14897.033597,14897.574263,14915.683578,1,NaN,0,5.99999999999996,2,1,65,0.5
741,14918.832242,14917.895576,14918.230242,14918.829575,14923.136237,1,2.99999999999994,0.0299999999999997,7.00000000000003,1,2,66,0.5
742,14927.095567,14926.144234,14926.264234,14927.0929,14932.788894,0,2.99999999999994,0.0299999999999997,5.99999999999996,2,1,65,0.5
743,14942.380218,14941.501552,14941.527552,14942.380218,14949.030212,0,NaN,0,7.00000000000003,1,2,66,0.5
744,14951.842875,14950.937543,14950.980876,14951.789542,14953.778874,0,2.99999999999994,0.0299999999999997,5.99999999999996,2,1,65,0.5
745,14955.314205,14954.372206,14954.548206,14955.311539,14959.246868,0,2.99999999999994,0.0299999999999997,5.99999999999996,2,1,65,0.5
746,14961.306199,14960.416867,14960.625533,14961.303533,14963.488197,1,2.99999999999994,0.0299999999999997,7.00000000000003,1,2,66,0.5
747,14964.716863,14963.988863,14964.118863,14964.716863,14965.609528,0,NaN,0,7.00000000000003,1,2,66,0.5
748,14971.366189,14970.753523,14970.92419,14971.366189,14980.839513,1,NaN,0,5.99999999999996,2,1,65,0.5
749,14982.536845,14981.536846,14981.915512,14982.534178,14985.876841,1,2.99999999999994,0.0299999999999997,7.00000000000003,1,2,66,0.5
750,14987.414173,14986.510841,14986.530174,14987.36084,14989.940837,0,2.99999999999994,0.0299999999999997,5.99999999999996,2,1,65,0.5
751,14991.238836,14990.619503,14990.755503,14991.238836,14992.318168,0,NaN,0,7.00000000000003,1,2,66,0.5
752,14998.590829,14997.25283,14997.58083,14998.588162,15001.500826,0,2.99999999999994,0.0299999999999997,5.99999999999996,2,1,65,0.5
753,15003.227491,15001.994159,15002.210158,15003.224824,15006.780154,0,2.99999999999994,0.0299999999999997,5.99999999999996,2,1,65,0.5
754,15008.310152,15007.374153,15007.57682,15008.256819,15012.115482,0,2.99999999999994,0.0299999999999997,5.99999999999996,2,1,65,0.5
755,15013.940813,15013.104148,15013.318814,15013.88748,15017.311477,1,2.99999999999994,0.0299999999999997,7.00000000000003,1,2,66,0.5
756,15019.251475,15018.161476,15018.231476,15019.251475,15020.612807,0,NaN,0,7.00000000000003,1,2,66,0.5
757,15028.074799,15027.079467,15027.3128,15028.074799,15031.732796,1,NaN,0,5.99999999999996,2,1,65,0.5
758,15035.006792,15034.074793,15034.338126,15035.006792,15035.376792,1,NaN,0,5.99999999999996,2,1,65,0.5
759,15054.38144,15053.528107,15053.726107,15054.378773,15058.592769,1,2.99999999999994,0.0299999999999997,7.00000000000003,1,2,66,0.5
760,15060.8961,15060.110101,15060.4321,15060.8961,15084.132743,1,NaN,0,5.99999999999996,2,1,65,0.5
761,15086.472741,15085.188742,15085.572075,15086.470074,15092.156735,1,2.99999999999994,0.0299999999999997,7.00000000000003,1,2,66,0.5
762,15102.246058,15101.358726,15101.400726,15102.243392,15105.351389,0,2.99999999999994,0.0299999999999997,5.99999999999996,2,1,65,0.5
763,15106.650721,15105.930055,15106.098055,15106.650721,15129.056698,0,NaN,0,7.00000000000003,1,2,66,0.5
764,15130.78203,15129.973364,15130.317364,15130.78203,15135.284692,1,NaN,0,5.99999999999996,2,1,65,0.5
765,15139.718688,15138.783355,15139.062022,15139.718688,15155.757338,1,NaN,0,5.99999999999996,2,1,65,0.5
766,15157.400003,15156.217338,15156.624671,15157.34667,15159.968667,1,2.99999999999994,0.0299999999999997,7.00000000000003,1,2,66,0.5
767,15161.737332,15160.552667,15160.636667,15161.734666,15164.37533,0,2.99999999999994,0.0299999999999997,5.99999999999996,2,1,65,0.5
768,15166.095995,15164.909996,15165.225995,15166.093328,15171.01999,1,2.99999999999994,0.0299999999999997,7.00000000000003,1,2,66,0.5
769,15173.117321,15171.855989,15171.896655,15173.114654,15176.159318,0,2.99999999999994,0.0299999999999997,5.99999999999996,2,1,65,0.5
770,15178.012649,15176.751317,15176.80665,15177.959316,15180.53198,0,2.99999999999994,0.0299999999999997,5.99999999999996,2,1,65,0.5
771,15182.127312,15181.10798,15181.373313,15182.124645,15185.952641,1,2.99999999999994,0.0299999999999997,7.00000000000003,1,2,66,0.5
772,15188.005306,15186.586641,15186.709307,15187.453973,15194.504633,0,NaN,0,5.99999999999996,2,1,65,0.5
773,15197.541963,15196.421964,15196.689964,15197.48863,15199.830627,1,2.99999999999994,0.0299999999999997,7.00000000000003,1,2,66,0.5
774,15201.908625,15200.494627,15200.687293,15201.882625,15204.04129,0,2.99999999999994,0.0299999999999997,5.99999999999996,2,1,65,0.5
775,15205.611955,15204.698623,15204.894622,15205.558622,15210.37595,1,2.99999999999994,0.0299999999999997,7.00000000000003,1,2,66,0.5
776,15212.332615,15211.273949,15211.386616,15212.332615,15212.993948,0,NaN,0,7.00000000000003,1,2,66,0.5
777,15406.149754,15405.443093,15405.533092,15406.149754,15415.055079,0,NaN,0,7.00000000000003,1,2,66,0.5
778,15417.055077,15416.315744,15416.579077,15417.055077,15435.399059,1,NaN,0,5.99999999999996,2,1,65,0.5
779,15441.635052,15440.88572,15441.11172,15441.635052,15448.967045,1,NaN,0,5.99999999999996,2,1,65,0.5
780,15450.41571,15449.557711,15449.837711,15450.41571,15457.79437,1,NaN,0,5.99999999999996,2,1,65,0.5
781,15459.169701,15458.184369,15458.541035,15459.167035,15461.887032,1,2.99999999999994,0.0299999999999997,7.00000000000003,1,2,66,0.5
782,15463.674364,15462.524365,15462.588365,15463.62103,15465.152362,0,2.99999999999994,0.0299999999999997,5.99999999999996,2,1,65,0.5
783,15466.639694,15465.654362,15465.980361,15466.586361,15469.079692,1,2.99999999999994,0.0299999999999997,7.00000000000003,1,2,66,0.5
784,15470.271024,15469.698358,15469.747691,15470.271024,15475.552352,0,NaN,0,7.00000000000003,1,2,66,0.5
785,15478.421016,15477.335017,15477.387683,15478.421016,15491.191003,0,NaN,0,7.00000000000003,1,2,66,0.5
786,15495.656332,15494.786333,15495.062332,15495.653665,15503.278991,1,2.99999999999994,0.0299999999999997,7.00000000000003,1,2,66,0.5
787,15505.866321,15505.126989,15505.403655,15505.866321,15539.026288,1,NaN,0,5.99999999999996,2,1,65,0.5
788,15577.391583,15576.348251,15576.532251,15577.388917,15645.896848,0,2.99999999999994,0.0299999999999997,5.99999999999996,2,1,65,0.5
789,15647.361513,15646.571514,15646.878847,15647.361513,15648.032846,1,NaN,0,5.99999999999996,2,1,65,0.5
790,15654.611506,15653.540174,15653.601507,15654.608839,15655.808171,0,2.99999999999994,0.0299999999999997,5.99999999999996,2,1,65,0.5
791,15687.477473,15686.351474,15686.719474,15687.474806,15695.392799,1,2.99999999999994,0.0299999999999997,7.00000000000003,1,2,66,0.5
792,15699.640794,15698.854795,15699.100128,15699.640794,15704.828789,1,NaN,0,5.99999999999996,2,1,65,0.5
793,15711.584116,15710.708117,15710.94345,15711.581449,15716.986777,1,2.99999999999994,0.0299999999999997,7.00000000000003,1,2,66,0.5
794,15719.010775,15718.183442,15718.438776,15719.010775,15719.370775,1,NaN,0,5.99999999999996,2,1,65,0.5
795,15729.112765,15728.044099,15728.528099,15729.112765,15735.266092,1,NaN,0,5.99999999999996,2,1,65,0.5
796,15740.486087,15739.864087,15740.112754,15740.486087,15763.871397,1,NaN,0,5.99999999999996,2,1,65,0.5
797,15765.829395,15765.090062,15765.341395,15765.829395,15772.158055,1,NaN,0,5.99999999999996,2,1,65,0.5
798,15773.367387,15772.619388,15772.942721,15773.367387,15776.601384,1,NaN,0,5.99999999999996,2,1,65,0.5
799,15783.95471,15782.953378,15783.494044,15783.95471,15786.248708,1,NaN,0,5.99999999999996,2,1,65,0.5
800,15800.348027,15798.947362,15799.516028,15800.34536,15802.854024,0,2.99999999999994,0.0299999999999997,5.99999999999996,2,1,65,0.5
801,15804.254023,15803.332691,15803.76469,15804.20069,15807.042687,1,2.99999999999994,0.0299999999999997,7.00000000000003,1,2,66,0.5
802,15808.666685,15807.524686,15807.675353,15808.664019,15811.710016,0,2.99999999999994,0.0299999999999997,5.99999999999996,2,1,65,0.5
803,15813.49668,15812.195348,15812.409348,15813.494014,15816.104678,0,2.99999999999994,0.0299999999999997,5.99999999999996,2,1,65,0.5
804,15817.323343,15816.599344,15816.780677,15817.323343,15821.471339,1,NaN,0,5.99999999999996,2,1,65,0.5
805,15824.674003,15823.271337,15824.183336,15824.671336,15827.409333,1,2.99999999999994,0.0299999999999997,7.00000000000003,1,2,66,0.5
806,15828.838665,15827.944666,15828.172666,15828.838665,15829.661998,0,NaN,0,7.00000000000003,1,2,66,0.5
807,15913.809913,15912.610581,15912.725915,15913.807247,15917.205243,0,2.99999999999994,0.0299999999999997,5.99999999999996,2,1,65,0.5
808,15918.609909,15917.909909,15918.067243,15918.556575,15921.398573,0,2.99999999999994,0.0299999999999997,5.99999999999996,2,1,65,0.5
809,15923.277237,15922.087239,15922.231905,15923.274571,15925.963901,0,2.99999999999994,0.0299999999999997,5.99999999999996,2,1,65,0.5
810,15927.549233,15926.669234,15926.8179,15927.549233,15928.731899,0,NaN,0,7.00000000000003,1,2,66,0.5
811,15945.724548,15944.35455,15944.819216,15945.724548,15951.677209,0,NaN,0,7.00000000000003,1,2,66,0.5
812,16199.110962,16197.63363,16198.316962,16199.110962,16208.464285,1,NaN,0,5.99999999999996,2,1,65,0.5
813,16225.318269,16224.346936,16224.387603,16225.264935,16228.110266,0,2.99999999999994,0.0299999999999997,5.99999999999996,2,1,65,0.5
814,16231.170929,16230.416264,16230.701597,16231.170929,16231.539596,1,NaN,0,5.99999999999996,2,1,65,0.5
815,16237.784256,16236.944257,16236.994257,16237.784256,16238.386256,0,NaN,0,7.00000000000003,1,2,66,0.5
816,16247.016247,16245.949581,16246.294914,16246.962914,16249.324245,0,2.99999999999994,0.0299999999999997,5.99999999999996,2,1,65,0.5
817,16250.770243,16249.782911,16250.000244,16250.767576,16252.339575,0,2.99999999999994,0.0299999999999997,5.99999999999996,2,1,65,0.5
818,16253.60224,16252.796908,16253.130241,16253.60224,16375.255452,1,NaN,0,5.99999999999996,2,1,65,0.5
819,16404.798756,16403.95409,16404.268756,16404.798756,16406.161421,0,NaN,0,7.00000000000003,1,2,66,0.5
820,16413.064748,16412.078082,16412.138082,16413.064748,16438.757389,0,NaN,0,7.00000000000003,1,2,66,0.5
821,16440.045387,16439.361388,16439.566054,16440.045387,16473.357354,1,NaN,0,5.99999999999996,2,1,65,0.5
822,16479.530681,16478.732015,16478.888015,16479.528014,16482.153345,1,2.99999999999994,0.0299999999999997,7.00000000000003,1,2,66,0.5
823,16483.726677,16482.884678,16483.044011,16483.726677,16488.840005,0,NaN,0,7.00000000000003,1,2,66,0.5
824,16491.742002,16490.609337,16490.894003,16491.739336,16493.325334,0,2.99999999999994,0.0299999999999997,5.99999999999996,2,1,65,0.5
825,16494.893999,16493.768667,16494.176666,16494.891332,16498.299996,1,2.99999999999994,0.0299999999999997,7.00000000000003,1,2,66,0.5
826,16500.087994,16498.905328,16499.027995,16500.085327,16502.273325,0,2.99999999999994,0.0299999999999997,5.99999999999996,2,1,65,0.5
827,16503.490657,16502.756658,16502.970658,16503.490657,16506.321321,1,NaN,0,5.99999999999996,2,1,65,0.5
828,16521.575306,16520.49064,16520.889306,16521.575306,16598.169896,1,NaN,0,5.99999999999996,2,1,65,0.5
829,16613.281214,16611.421883,16611.751216,16613.278547,16616.679877,0,2.99999999999994,0.0299999999999997,5.99999999999996,2,1,65,0.5
830,16620.199207,16618.977208,16619.117208,16620.19654,16622.693205,1,2.99999999999994,0.0299999999999997,7.00000000000003,1,2,66,0.5
831,16625.067869,16623.857203,16623.99987,16625.014536,16628.071866,0,2.99999999999994,0.0299999999999997,5.99999999999996,2,1,65,0.5
832,16744.752416,16743.457751,16743.73175,16744.749749,16749.785744,0,2.99999999999994,0.0299999999999997,5.99999999999996,2,1,65,0.5
833,16753.103741,16752.167742,16752.515075,16753.103741,16767.263727,0,NaN,0,7.00000000000003,1,2,66,0.5
834,16770.51239,16769.497724,16769.843057,16770.51239,16770.801723,1,NaN,0,5.99999999999996,2,1,65,0.5
835,16777.877049,16777.147717,16777.451717,16777.877049,16784.267043,1,NaN,0,5.99999999999996,2,1,65,0.5
836,16786.215041,16785.197709,16785.622375,16786.161708,16789.963037,1,2.99999999999994,0.0299999999999997,7.00000000000003,1,2,66,0.5
837,16791.612369,16790.617037,16790.595703,16791.612369,16835.127659,0,NaN,0,7.00000000000003,1,2,66,0.5
838,16866.431628,16865.221629,16865.295629,16866.431628,16872.415622,0,NaN,0,7.00000000000003,1,2,66,0.5
839,16875.167619,16874.38762,16874.532286,16875.167619,16883.946277,0,NaN,0,7.00000000000003,1,2,66,0.5
840,16889.424938,16888.347606,16888.828938,16889.371605,16891.774269,1,2.99999999999994,0.0299999999999997,7.00000000000003,1,2,66,0.5
841,16893.320934,16892.334935,16892.434268,16893.318267,16895.228265,0,2.99999999999994,0.0299999999999997,5.99999999999996,2,1,65,0.5
842,16896.814264,16895.708265,16896.042931,16896.814264,16899.689594,1,NaN,0,5.99999999999996,2,1,65,0.5
843,16909.167585,16908.468252,16908.767585,16909.167585,16909.597584,1,NaN,0,5.99999999999996,2,1,65,0.5
844,16916.752244,16915.346912,16916.159578,16916.749577,16918.926242,1,2.99999999999994,0.0299999999999997,7.00000000000003,1,2,66,0.5
845,16920.657573,16919.464241,16919.750241,16920.654907,16923.68957,0,2.99999999999994,0.0299999999999997,5.99999999999996,2,1,65,0.5
846,16925.932901,16924.294903,16924.370903,16925.930235,16927.4669,0,2.99999999999994,0.0299999999999997,5.99999999999996,2,1,65,0.5
847,16928.718899,16927.920899,16928.235566,16928.718899,16932.808894,1,NaN,0,5.99999999999996,2,1,65,0.5
848,16935.533558,16934.575559,16935.027559,16935.533558,16936.079558,1,NaN,0,5.99999999999996,2,1,65,0.5
849,16951.833542,16951.02821,16951.196209,16951.833542,17158.265336,1,NaN,0,5.99999999999996,2,1,65,0.5
850,17199.057295,17198.249296,17198.544629,17199.057295,17199.418628,1,NaN,0,5.99999999999996,2,1,65,0.5
851,17219.119275,17218.331942,17218.483275,17219.116609,17222.387938,0,2.99999999999994,0.0299999999999997,5.99999999999996,2,1,65,0.5
852,17223.72927,17223.046604,17223.222604,17223.72927,17330.919164,1,NaN,0,5.99999999999996,2,1,65,0.5
853,17333.843827,17333.170494,17333.452494,17333.843827,17342.787151,1,NaN,0,5.99999999999996,2,1,65,0.5
854,17348.121813,17347.301813,17347.703813,17348.121813,17392.024435,1,NaN,0,5.99999999999996,2,1,65,0.5
855,17402.967091,17402.175092,17402.549758,17402.967091,17407.269087,1,NaN,0,5.99999999999996,2,1,65,0.5
856,17413.359747,17412.127748,17412.647748,17413.307081,17416.229744,1,2.99999999999994,0.0299999999999997,7.00000000000003,1,2,66,0.5
857,17417.673743,17416.763077,17416.893077,17417.671076,17419.742408,0,2.99999999999994,0.0299999999999997,5.99999999999996,2,1,65,0.5
858,17421.482406,17420.19574,17420.495073,17420.931073,17421.897739,0,NaN,0,5.99999999999996,2,1,65,0.5
859,17430.089731,17428.987732,17429.295065,17430.087064,17431.971062,0,2.99999999999994,0.0299999999999997,5.99999999999996,2,1,65,0.5
860,17433.988393,17432.530395,17432.875061,17433.988393,17438.213722,0,NaN,0,7.00000000000003,1,2,66,0.5
861,17441.099053,17440.159054,17440.587053,17441.04572,17444.673049,1,2.99999999999994,0.0299999999999997,7.00000000000003,1,2,66,0.5
862,17446.047715,17445.275049,17445.397715,17446.047715,17453.220374,0,NaN,0,7.00000000000003,1,2,66,0.5
863,17457.34637,17456.567704,17456.691704,17457.34637,17461.618366,0,NaN,0,7.00000000000003,1,2,66,0.5
864,17468.800358,17467.36436,17468.099026,17468.797692,17470.78569,1,2.99999999999994,0.0299999999999997,7.00000000000003,1,2,66,0.5
865,17472.141022,17471.379023,17471.461023,17472.141022,17476.339684,0,NaN,0,7.00000000000003,1,2,66,0.5
866,17480.293014,17479.023015,17479.535681,17480.293014,17480.81768,1,NaN,0,5.99999999999996,2,1,65,0.5
867,17826.464001,17824.940669,17825.448668,17826.410668,17828.187332,0,2.99999999999994,0.0299999999999997,5.99999999999996,2,1,65,0.5
868,17830.17933,17829.129332,17829.356665,17830.176664,17834.553993,1,2.99999999999994,0.0299999999999997,7.00000000000003,1,2,66,0.5
869,17836.384658,17835.378659,17835.456659,17836.384658,17837.022657,0,NaN,0,7.00000000000003,1,2,66,0.5
870,17850.538643,17849.560644,17849.864644,17850.538643,17860.813966,1,NaN,0,5.99999999999996,2,1,65,0.5
871,17863.79863,17862.812631,17863.209297,17863.79863,17863.961297,1,NaN,0,5.99999999999996,2,1,65,0.5
872,17870.435957,17869.627291,17869.955291,17870.435957,17875.500618,1,NaN,0,5.99999999999996,2,1,65,0.5
873,17882.813944,17881.627279,17882.077279,17882.811278,17887.846606,1,2.99999999999994,0.0299999999999997,7.00000000000003,1,2,66,0.5
874,17936.879224,17935.874558,17936.106558,17936.876557,17940.126554,0,2.99999999999994,0.0299999999999997,5.99999999999996,2,1,65,0.5
875,17944.185883,17943.371217,17943.75255,17944.185883,17955.164539,1,NaN,0,5.99999999999996,2,1,65,0.5
876,17957.445203,17956.423871,17956.660537,17957.442537,17960.724533,0,2.99999999999994,0.0299999999999997,5.99999999999996,2,1,65,0.5
877,17962.593198,17961.439866,17961.612532,17962.590531,17965.146529,0,2.99999999999994,0.0299999999999997,5.99999999999996,2,1,65,0.5
878,17966.749194,17965.795861,17965.997861,17966.749194,17975.772518,0,NaN,0,7.00000000000003,1,2,66,0.5
879,17985.136509,17983.963843,17984.361843,17985.083176,17987.742506,1,2.99999999999994,0.0299999999999997,7.00000000000003,1,2,66,0.5
880,17989.507171,17988.301839,17988.379839,17989.507171,17994.724499,0,NaN,0,7.00000000000003,1,2,66,0.5
881,17998.516495,17997.29983,17997.944496,17998.513829,18000.48316,1,2.99999999999994,0.0299999999999997,7.00000000000003,1,2,66,0.5
882,18005.924488,18005.177822,18005.342489,18005.924488,18010.77715,0,NaN,0,7.00000000000003,1,2,66,0.5
883,18016.86181,18015.942478,18015.993811,18016.859144,18020.19314,0,2.99999999999994,0.0299999999999997,5.99999999999996,2,1,65,0.5
884,18022.346472,18021.413806,18021.521806,18022.293138,18025.725135,1,2.99999999999994,0.0299999999999997,7.00000000000003,1,2,66,0.5
885,18031.279796,18026.912467,18028.007799,18031.279796,18031.892462,0,NaN,0,7.00000000000003,1,2,66,0.5
886,18039.477121,18038.647789,18038.896455,18039.477121,18039.792454,1,NaN,0,5.99999999999996,2,1,65,0.5
887,18059.459101,18058.297769,18058.445769,18059.459101,18073.883087,0,NaN,0,7.00000000000003,1,2,66,0.5
888,18075.835085,18074.759753,18075.111086,18075.781752,18078.771749,1,2.99999999999994,0.0299999999999997,7.00000000000003,1,2,66,0.5
889,18082.330412,18081.189079,18081.219079,18082.277078,18085.366409,0,2.99999999999994,0.0299999999999997,5.99999999999996,2,1,65,0.5
890,18087.130407,18086.397074,18086.568407,18087.077074,18092.939068,1,2.99999999999994,0.0299999999999997,7.00000000000003,1,2,66,0.5
891,18095.253732,18094.2664,18094.615733,18095.253732,18096.311731,1,NaN,0,5.99999999999996,2,1,65,0.5
892,18113.875047,18112.569048,18112.907714,18113.87238,18116.601711,0,2.99999999999994,0.0299999999999997,5.99999999999996,2,1,65,0.5
893,18118.490375,18117.62971,18117.684376,18118.437042,18122.433705,1,2.99999999999994,0.0299999999999997,7.00000000000003,1,2,66,0.5
894,18124.21637,18123.221037,18123.421037,18124.163036,18126.080368,0,2.99999999999994,0.0299999999999997,5.99999999999996,2,1,65,0.5
895,18127.421033,18126.623034,18126.8397,18127.421033,18131.226363,1,NaN,0,5.99999999999996,2,1,65,0.5
896,18137.569023,18136.340358,18136.78569,18137.566356,18141.599019,1,2.99999999999994,0.0299999999999997,7.00000000000003,1,2,66,0.5
897,18143.399017,18142.486351,18142.555685,18143.396351,18146.375014,0,2.99999999999994,0.0299999999999997,5.99999999999996,2,1,65,0.5
898,18147.951013,18147.061014,18147.169013,18147.897679,18149.715011,0,2.99999999999994,0.0299999999999997,5.99999999999996,2,1,65,0.5
899,18151.825675,18150.459677,18150.686343,18151.823009,18155.510338,0,2.99999999999994,0.0299999999999997,5.99999999999996,2,1,65,0.5
900,18160.735,18159.107668,18159.655668,18160.681667,18245.143582,1,2.99999999999994,0.0299999999999997,7.00000000000003,1,2,66,0.5
901,18247.332247,18246.165581,18246.444914,18247.32958,18250.796243,1,2.99999999999994,0.0299999999999997,7.00000000000003,1,2,66,0.5
902,18252.554908,18251.480909,18251.603576,18252.552241,18255.686905,0,2.99999999999994,0.0299999999999997,5.99999999999996,2,1,65,0.5
903,18257.226903,18256.296904,18256.338238,18257.17357,18263.064898,0,2.99999999999994,0.0299999999999997,5.99999999999996,2,1,65,0.5
904,18264.542229,18263.62623,18263.722897,18264.542229,18274.202886,0,NaN,0,7.00000000000003,1,2,66,0.5
905,18275.986218,18274.986886,18275.330219,18275.986218,18282.319545,1,NaN,0,5.99999999999996,2,1,65,0.5
906,18284.38221,18283.601544,18283.879543,18284.38221,18289.930871,1,NaN,0,5.99999999999996,2,1,65,0.5
907,18293.861533,18292.891534,18293.079534,18293.8082,18298.414862,1,2.99999999999994,0.0299999999999997,7.00000000000003,1,2,66,0.5
908,18300.380194,18299.407528,18299.719528,18300.380194,18302.940191,1,NaN,0,5.99999999999996,2,1,65,0.5
909,18307.26352,18306.292854,18306.716854,18307.26352,18324.588836,1,NaN,0,5.99999999999996,2,1,65,0.5
910,18326.376834,18325.116169,18325.399502,18326.374168,18328.678832,0,2.99999999999994,0.0299999999999997,5.99999999999996,2,1,65,0.5
911,18330.484163,18329.200831,18329.387498,18330.481497,18333.228827,0,2.99999999999994,0.0299999999999997,5.99999999999996,2,1,65,0.5
912,18334.383493,18333.780827,18333.878827,18334.383493,18341.399486,0,NaN,0,7.00000000000003,1,2,66,0.5
913,18344.002817,18342.703485,18343.136817,18344.002817,18348.344146,0,NaN,0,7.00000000000003,1,2,66,0.5
914,18351.881475,18350.47081,18350.936143,18351.878809,18355.682138,0,2.99999999999994,0.0299999999999997,5.99999999999996,2,1,65,0.5
915,18357.835469,18356.89747,18356.918137,18357.832803,18361.744132,1,2.99999999999994,0.0299999999999997,7.00000000000003,1,2,66,0.5
916,18363.459464,18362.624798,18362.691465,18363.459464,18364.697463,0,NaN,0,7.00000000000003,1,2,66,0.5
917,18373.45012,18372.511455,18372.852121,18373.45012,18373.743454,1,NaN,0,5.99999999999996,2,1,65,0.5
918,18382.519445,18381.488779,18381.567446,18382.516778,18384.492109,0,2.99999999999994,0.0299999999999997,5.99999999999996,2,1,65,0.5
919,18386.958774,18385.956108,18386.185441,18386.956107,18388.940105,1,2.99999999999994,0.0299999999999997,7.00000000000003,1,2,66,0.5
920,18390.53677,18389.477438,18389.602104,18390.53677,18391.07277,0,NaN,0,7.00000000000003,1,2,66,0.5
921,18398.272096,18397.21943,18397.618763,18398.272096,18425.405402,1,NaN,0,5.99999999999996,2,1,65,0.5
922,18427.186067,18425.922735,18426.086735,18427.1834,18430.47073,0,2.99999999999994,0.0299999999999997,5.99999999999996,2,1,65,0.5
923,18435.038726,18433.674727,18433.88406,18434.985392,18438.348722,1,2.99999999999994,0.0299999999999997,7.00000000000003,1,2,66,0.5
924,18440.200054,18438.984055,18439.025388,18440.14672,18443.458717,0,2.99999999999994,0.0299999999999997,5.99999999999996,2,1,65,0.5
925,18445.009382,18444.052717,18444.204716,18445.009382,18448.579379,0,NaN,0,7.00000000000003,1,2,66,0.5
926,18451.358709,18450.743377,18450.93671,18451.358709,18456.285371,1,NaN,0,5.99999999999996,2,1,65,0.5
927,18458.557369,18457.414703,18457.839369,18458.557369,18462.963364,0,NaN,0,7.00000000000003,1,2,66,0.5
928,18465.183362,18464.46003,18464.784029,18465.183362,18467.272693,1,NaN,0,5.99999999999996,2,1,65,0.5
929,18481.523346,18480.83268,18481.017346,18481.523346,18485.558008,1,NaN,0,5.99999999999996,2,1,65,0.5
930,18537.17129,18535.505292,18535.821958,18537.168623,18542.962618,0,2.99999999999994,0.0299999999999997,5.99999999999996,2,1,65,0.5
931,18546.86328,18545.789948,18545.985948,18546.860614,18552.800608,0,2.99999999999994,0.0299999999999997,5.99999999999996,2,1,65,0.5
932,18555.016606,18553.430607,18553.657274,18555.013939,18557.326603,0,2.99999999999994,0.0299999999999997,5.99999999999996,2,1,65,0.5
933,18558.969268,18558.045936,18558.289269,18558.969268,18567.075927,0,NaN,0,7.00000000000003,1,2,66,0.5
934,18571.746589,18570.97859,18571.230589,18571.746589,18572.549921,1,NaN,0,5.99999999999996,2,1,65,0.5
935,18579.656581,18578.893915,18578.909915,18579.653914,18583.069244,1,2.99999999999994,0.0299999999999997,7.00000000000003,1,2,66,0.5
936,18584.721909,18583.668577,18583.71991,18584.719243,18587.882573,0,2.99999999999994,0.0299999999999997,5.99999999999996,2,1,65,0.5
937,18589.349238,18588.450572,18588.521239,18589.346571,18591.603236,0,2.99999999999994,0.0299999999999997,5.99999999999996,2,1,65,0.5
938,18593.071234,18592.141902,18592.280568,18593.068568,18595.975898,0,2.99999999999994,0.0299999999999997,5.99999999999996,2,1,65,0.5
939,18597.825896,18596.611897,18596.623897,18597.772563,18601.879892,1,2.99999999999994,0.0299999999999997,7.00000000000003,1,2,66,0.5
940,18603.783224,18602.574558,18602.720558,18603.780557,18606.698554,0,2.99999999999994,0.0299999999999997,5.99999999999996,2,1,65,0.5
941,18608.231886,18607.332553,18607.42322,18608.178552,18611.805215,0,2.99999999999994,0.0299999999999997,5.99999999999996,2,1,65,0.5
942,18614.392546,18613.035214,18613.289214,18614.38988,18617.040544,0,2.99999999999994,0.0299999999999997,5.99999999999996,2,1,65,0.5
943,18618.507209,18617.843876,18617.925876,18618.507209,18624.537869,0,NaN,0,7.00000000000003,1,2,66,0.5
944,18643.50985,18642.229185,18642.275852,18643.50985,18648.237846,0,NaN,0,7.00000000000003,1,2,66,0.5
945,18651.122509,18649.907177,18650.21251,18651.119843,18653.241174,0,2.99999999999994,0.0299999999999997,5.99999999999996,2,1,65,0.5
946,18654.652506,18653.725174,18654.01184,18654.652506,18660.3965,0,NaN,0,7.00000000000003,1,2,66,0.5
947,18661.976499,18661.297833,18661.385166,18661.976499,18663.473164,0,NaN,0,7.00000000000003,1,2,66,0.5
948,18671.293823,18670.497823,18670.59649,18671.293823,18672.812488,0,NaN,0,7.00000000000003,1,2,66,0.5
949,18678.311149,18676.979817,18677.429817,18678.308482,18681.750479,0,2.99999999999994,0.0299999999999997,5.99999999999996,2,1,65,0.5
950,18682.922478,18682.339812,18682.359812,18682.922478,18683.983143,0,NaN,0,7.00000000000003,1,2,66,0.5
951,18692.153802,18690.903136,18691.379803,18692.153802,18692.801134,0,NaN,0,7.00000000000003,1,2,66,0.5
952,18710.59245,18709.734451,18709.813784,18710.59245,18711.143116,0,NaN,0,7.00000000000003,1,2,66,0.5
953,18720.17444,18719.403775,18719.451108,18720.17444,18860.570967,0,NaN,0,7.00000000000003,1,2,66,0.5
954,18864.461629,18863.602297,18863.87963,18864.458963,18867.65496,1,2.99999999999994,0.0299999999999997,7.00000000000003,1,2,66,0.5
955,18869.106292,18868.493625,18868.579625,18869.106292,18870.026957,0,NaN,0,7.00000000000003,1,2,66,0.5
956,18888.836272,18887.668273,18888.206939,18888.833605,18891.402936,1,2.99999999999994,0.0299999999999997,7.00000000000003,1,2,66,0.5
957,18893.288934,18892.076269,18892.176268,18893.288934,18899.511594,0,NaN,0,7.00000000000003,1,2,66,0.5
958,18902.859591,18902.212258,18902.274258,18902.859591,18903.558257,0,NaN,0,7.00000000000003,1,2,66,0.5
959,18941.722219,18940.687553,18940.786887,18941.669552,18944.310883,0,2.99999999999994,0.0299999999999997,5.99999999999996,2,1,65,0.5
960,18946.156215,18944.930882,18945.168215,18946.15355,18951.184876,1,2.99999999999994,0.0299999999999997,7.00000000000003,1,2,66,0.5
961,18958.555535,18957.60887,18957.846203,18958.502202,18964.496863,1,2.99999999999994,0.0299999999999997,7.00000000000003,1,2,66,0.5
962,18966.119528,18965.075529,18965.273529,18966.119528,18966.83286,0,NaN,0,7.00000000000003,1,2,66,0.5
963,18973.83752,18972.815521,18973.181521,18973.834853,18977.656183,1,2.99999999999994,0.0299999999999997,7.00000000000003,1,2,66,0.5
964,18979.834181,18978.753515,18978.775515,18979.780849,18981.713512,0,2.99999999999994,0.0299999999999997,5.99999999999996,2,1,65,0.5
965,18983.215511,18982.496845,18982.542178,18983.215511,18988.794838,1,NaN,0,5.99999999999996,2,1,65,0.5
966,18989.990171,18989.202171,18989.414838,18989.936837,18994.268166,1,2.99999999999994,0.0299999999999997,7.00000000000003,1,2,66,0.5
967,18995.760165,18995.133499,18995.200832,18995.760165,19003.928157,1,NaN,0,5.99999999999996,2,1,65,0.5
968,19005.498155,19004.380823,19004.729489,19005.495488,19010.23615,1,2.99999999999994,0.0299999999999997,7.00000000000003,1,2,66,0.5
969,19011.922149,19010.849483,19010.942817,19011.868815,19014.41548,0,2.99999999999994,0.0299999999999997,5.99999999999996,2,1,65,0.5
970,19016.124811,19015.156812,19015.182145,19016.122145,19021.974139,0,2.99999999999994,0.0299999999999997,5.99999999999996,2,1,65,0.5
971,19023.938803,19022.510138,19022.782805,19023.88547,19028.567465,0,2.99999999999994,0.0299999999999997,5.99999999999996,2,1,65,0.5
972,19030.325464,19029.202131,19029.592798,19030.27213,19034.586793,1,2.99999999999994,0.0299999999999997,7.00000000000003,1,2,66,0.5
973,19037.09079,19035.668792,19035.859458,19037.088124,19041.708786,0,2.99999999999994,0.0299999999999997,5.99999999999996,2,1,65,0.5
974,19043.546784,19042.285452,19042.750118,19043.49345,19047.20878,1,2.99999999999994,0.0299999999999997,7.00000000000003,1,2,66,0.5
975,19049.134778,19048.231446,19048.354112,19049.134778,19272.677221,0,NaN,0,7.00000000000003,1,2,66,0.5
976,19274.505886,19273.609887,19273.64522,19274.452553,19275.976551,0,2.99999999999994,0.0299999999999997,5.99999999999996,2,1,65,0.5
977,19278.901215,19277.78055,19278.183882,19278.847882,19282.881878,1,2.99999999999994,0.0299999999999997,7.00000000000003,1,2,66,0.5
978,19285.091876,19284.105877,19284.169876,19285.089209,19288.605872,0,2.99999999999994,0.0299999999999997,5.99999999999996,2,1,65,0.5
979,19290.125204,19289.305871,19289.346538,19290.125204,19297.607196,0,NaN,0,7.00000000000003,1,2,66,0.5
980,19302.455192,19300.914526,19301.026526,19302.455192,19303.692524,0,NaN,0,7.00000000000003,1,2,66,0.5
981,19310.26785,19308.927852,19309.691851,19310.26785,19329.891164,1,NaN,0,5.99999999999996,2,1,65,0.5
982,19335.581825,19334.891159,19335.135159,19335.528492,19352.593808,1,2.99999999999994,0.0299999999999997,7.00000000000003,1,2,66,0.5
983,19358.526469,19357.893136,19358.060469,19358.526469,19379.173781,1,NaN,0,5.99999999999996,2,1,65,0.5
984,19384.973776,19384.017777,19384.351776,19384.973776,19391.957102,0,NaN,0,7.00000000000003,1,2,66,0.5
985,19397.39043,19394.435099,19396.321764,19397.387763,19399.571094,0,2.99999999999994,0.0299999999999997,5.99999999999996,2,1,65,0.5
986,19401.429759,19400.073761,19400.972426,19401.429759,19405.697088,1,NaN,0,5.99999999999996,2,1,65,0.5
987,19410.61175,19409.579084,19410.223084,19410.61175,19430.015731,1,NaN,0,5.99999999999996,2,1,65,0.5
988,19431.404396,19430.474397,19430.77173,19431.404396,19434.839059,0,NaN,0,7.00000000000003,1,2,66,0.5
989,19438.860393,19437.68439,19438.011056,19438.857722,19441.797052,0,2.99999999999994,0.0299999999999997,5.99999999999996,2,1,65,0.5
990,19443.211717,19442.239718,19442.597051,19443.158384,19445.511715,1,2.99999999999994,0.0299999999999997,7.00000000000003,1,2,66,0.5
991,19447.077714,19445.963715,19446.224381,19447.075047,19450.353044,0,2.99999999999994,0.0299999999999997,5.99999999999996,2,1,65,0.5
992,19451.845042,19450.906376,19451.062376,19451.791709,19454.816372,1,2.99999999999994,0.0299999999999997,7.00000000000003,1,2,66,0.5
993,19456.031705,19455.316372,19455.455705,19456.031705,19456.975704,0,NaN,0,7.00000000000003,1,2,66,0.5
994,19464.114363,19462.881031,19463.607697,19464.114363,19466.429694,1,NaN,0,5.99999999999996,2,1,65,0.5
995,19475.513685,19473.90502,19474.278353,19475.511018,NaN,0,2.99999999999994,0.0299999999999997,5.99999999999996,2,1,65,0.5
