trial,outcome,center_in,center_out,side_in,last_side_out,actions,reward,trial_types,odors,port_side,schedule,odor_name,odor_dur
1,358.741269,358.010768,358.061269,358.741269,382.920768,1,NaN,0,5.99999999999996,2,1,65,0.5
2,385.943268,384.780768,385.476769,385.890268,397.735768,1,2.99999999999994,0.0299999999999997,7.00000000000003,1,2,66,0.5
3,398.508269,398.107269,398.161769,398.508269,424.054268,1,NaN,0,5.99999999999996,2,1,65,0.5
4,426.048269,425.034268,425.618268,425.995769,431.169769,1,2.99999999999994,0.0299999999999997,7.00000000000003,1,2,66,0.5
5,432.845769,432.295769,432.438769,432.793268,435.925268,0,2.99999999999994,0.0299999999999997,5.99999999999996,2,1,65,0.5
6,441.09377,439.194768,440.109268,441.09377,450.985268,1,NaN,0,5.99999999999996,2,1,65,0.5
7,451.831769,451.315269,451.423268,451.778773,455.186263,1,2.99999999999994,0.0299999999999997,7.00000000000003,1,2,66,0.5
8,456.770769,456.202768,456.278269,456.717769,460.220268,0,2.99999999999994,0.0299999999999997,5.99999999999996,2,1,65,0.5
9,468.615271,467.727768,467.996269,468.615271,474.495269,1,NaN,0,5.99999999999996,2,1,65,0.5
10,477.792769,477.168768,477.393768,477.787268,480.693268,1,2.99999999999994,0.0299999999999997,7.00000000000003,1,2,66,0.5
11,482.073269,481.379769,481.629768,482.020768,484.706768,0,2.99999999999994,0.0299999999999997,5.99999999999996,2,1,65,0.5
12,486.149269,485.471268,485.713768,486.096268,488.737274,1,2.99999999999994,0.0299999999999997,7.00000000000003,1,2,66,0.5
13,492.251268,491.656768,491.683768,492.251268,532.362769,1,NaN,0,5.99999999999996,2,1,65,0.5
14,534.542269,533.541268,534.024769,534.489768,537.656268,1,2.99999999999994,0.0299999999999997,7.00000000000003,1,2,66,0.5
15,539.919768,538.966768,539.402269,539.919768,548.264269,0,NaN,0,7.00000000000003,1,2,66,0.5
16,550.113769,549.110269,549.663269,550.113769,557.025769,0,NaN,0,7.00000000000003,1,2,66,0.5
17,560.448269,558.135768,559.864268,560.395268,563.397268,1,2.99999999999994,0.0299999999999997,7.00000000000003,1,2,66,0.5
18,565.194769,564.479269,564.718769,565.142269,568.643769,0,2.99999999999994,0.0299999999999997,5.99999999999996,2,1,65,0.5
19,571.835768,571.220769,571.404269,571.835768,573.121768,1,NaN,0,5.99999999999996,2,1,65,0.5
20,579.317768,578.469269,578.857768,579.317768,626.345768,1,NaN,0,5.99999999999996,2,1,65,0.5
21,627.747268,626.886269,627.13127,627.747268,661.204268,1,NaN,0,5.99999999999996,2,1,65,0.5
22,667.628769,666.896269,667.126768,667.628769,675.954769,1,NaN,0,5.99999999999996,2,1,65,0.5
23,677.582269,676.811268,677.049769,677.529769,691.746768,1,2.99999999999994,0.0299999999999997,7.00000000000003,1,2,66,0.5
24,693.521268,692.564268,692.661768,693.521268,698.963768,1,NaN,0,5.99999999999996,2,1,65,0.5
25,701.037768,700.293769,700.559768,701.037768,705.603769,1,NaN,0,5.99999999999996,2,1,65,0.5
26,707.327269,706.749268,706.927269,707.327269,709.813768,1,NaN,0,5.99999999999996,2,1,65,0.5
27,718.288769,716.941268,717.576268,718.288769,822.229768,1,NaN,0,5.99999999999996,2,1,65,0.5
28,834.885769,833.315769,833.851765,834.885769,848.199269,1,NaN,0,5.99999999999996,2,1,65,0.5
29,861.228769,848.607268,848.855273,NaN,NaN,NaN,NaN,0,5.99999999999996,2,1,65,0.5
30,909.708269,897.311768,897.574268,NaN,NaN,NaN,NaN,0,7.00000000000003,1,2,66,0.5
31,920.265269,918.118768,918.767268,920.265269,920.777768,1,NaN,0,5.99999999999996,2,1,65,0.5
32,943.102269,930.574768,930.945768,943.049269,949.088273,0,2.99999999999994,0.0299999999999997,5.99999999999996,2,1,65,0.5
33,962.578773,960.637768,961.820268,962.578773,969.371269,1,NaN,0,5.99999999999996,2,1,65,0.5
34,970.728768,970.107769,970.217268,970.728768,987.867263,1,NaN,0,5.99999999999996,2,1,65,0.5
35,989.763269,988.672268,988.876269,989.710768,994.10977,0,2.99999999999994,0.0299999999999997,5.99999999999996,2,1,65,0.5
36,996.188769,995.565768,995.650271,996.136268,999.770768,1,2.99999999999994,0.0299999999999997,7.00000000000003,1,2,66,0.5
37,1001.260768,1000.553771,1000.707768,1001.207269,1008.795768,0,2.99999999999994,0.0299999999999997,5.99999999999996,2,1,65,0.5
38,1010.787269,1009.837768,1010.02077,1010.734269,1014.127268,1,2.99999999999994,0.0299999999999997,7.00000000000003,1,2,66,0.5
39,1015.961269,1015.337268,1015.445268,1015.933769,1019.620268,0,2.99999999999994,0.0299999999999997,5.99999999999996,2,1,65,0.5
40,1021.083768,1020.470768,1020.505269,1021.031268,1024.583269,1,2.99999999999994,0.0299999999999997,7.00000000000003,1,2,66,0.5
41,1025.767268,1025.240268,1025.308269,1025.767268,1030.561268,0,NaN,0,7.00000000000003,1,2,66,0.5
42,1031.850768,1031.211768,1031.402768,1031.850768,1035.404768,0,NaN,0,7.00000000000003,1,2,66,0.5
43,1040.967269,1040.278269,1040.475769,1040.914269,1043.880269,0,2.99999999999994,0.0299999999999997,5.99999999999996,2,1,65,0.5
44,1045.381768,1044.661769,1044.795269,1045.328774,1048.982268,1,2.99999999999994,0.0299999999999997,7.00000000000003,1,2,66,0.5
45,1050.162768,1049.630769,1049.718769,1050.162768,1055.930268,0,NaN,0,7.00000000000003,1,2,66,0.5
46,1057.985268,1056.802268,1057.182769,1057.932768,1060.776768,1,2.99999999999994,0.0299999999999997,7.00000000000003,1,2,66,0.5
47,1062.058268,1061.395268,1061.555268,1062.058268,1068.475268,0,NaN,0,7.00000000000003,1,2,66,0.5
48,1069.845269,1069.122269,1069.420269,1069.845269,1085.449263,1,NaN,0,5.99999999999996,2,1,65,0.5
49,1087.592768,1086.221768,1086.386268,1087.540268,1090.139769,1,2.99999999999994,0.0299999999999997,7.00000000000003,1,2,66,0.5
50,1092.053269,1091.421768,1091.577768,1092.053269,1098.932768,0,NaN,0,7.00000000000003,1,2,66,0.5
51,1100.287768,1099.576768,1099.819768,1100.287768,1103.693769,1,NaN,0,5.99999999999996,2,1,65,0.5
52,1107.118269,1106.294269,1106.596768,1107.066268,1110.199268,1,2.99999999999994,0.0299999999999997,7.00000000000003,1,2,66,0.5
53,1113.141268,1112.594769,1112.602268,1113.088269,1116.394769,0,2.99999999999994,0.0299999999999997,5.99999999999996,2,1,65,0.5
54,1122.210268,1121.58627,1121.706768,1122.161269,1171.708268,1,2.99999999999994,0.0299999999999997,7.00000000000003,1,2,66,0.5
55,1177.213268,1175.725768,1175.975768,1177.213268,1192.377768,0,NaN,0,7.00000000000003,1,2,66,0.5
56,1201.624769,1200.652768,1200.925268,1201.572269,1204.120769,0,2.99999999999994,0.0299999999999997,5.99999999999996,2,1,65,0.5
57,1205.819768,1205.048769,1205.111269,1205.766271,1210.487268,1,2.99999999999994,0.0299999999999997,7.00000000000003,1,2,66,0.5
58,1212.648769,1211.953768,1212.111768,1212.595769,1220.771268,0,2.99999999999994,0.0299999999999997,5.99999999999996,2,1,65,0.5
59,1221.974769,1221.342268,1221.502769,1221.974769,1230.917763,1,NaN,0,5.99999999999996,2,1,65,0.5
60,1232.134268,1231.50627,1231.708769,1232.134268,1239.796769,0,NaN,0,7.00000000000003,1,2,66,0.5
61,1241.084273,1240.461268,1240.646269,1241.076269,1243.348268,1,2.99999999999994,0.0299999999999997,7.00000000000003,1,2,66,0.5
62,1244.517769,1243.898268,1244.104768,1244.517769,1250.718769,0,NaN,0,7.00000000000003,1,2,66,0.5
63,1251.881269,1251.257769,1251.451268,1251.870268,1254.767768,1,2.99999999999994,0.0299999999999997,7.00000000000003,1,2,66,0.5
64,1256.084268,1255.513268,1255.647269,1256.084268,1261.615768,0,NaN,0,7.00000000000003,1,2,66,0.5
65,1263.513273,1262.711769,1263.011269,1263.460768,1266.196769,1,2.99999999999994,0.0299999999999997,7.00000000000003,1,2,66,0.5
66,1267.348764,1266.759269,1266.931269,1267.348764,1333.953268,0,NaN,0,7.00000000000003,1,2,66,0.5
67,1339.384768,1338.659768,1338.765773,1339.384768,1345.415769,0,NaN,0,7.00000000000003,1,2,66,0.5
68,1346.782269,1345.874769,1346.121768,1346.729768,1350.793269,1,2.99999999999994,0.0299999999999997,7.00000000000003,1,2,66,0.5
69,1352.411268,1351.633268,1351.730268,1352.357769,1355.963273,0,2.99999999999994,0.0299999999999997,5.99999999999996,2,1,65,0.5
70,1357.665271,1356.771769,1356.833269,1357.665271,1361.413268,1,NaN,0,5.99999999999996,2,1,65,0.5
71,1365.667269,1364.782268,1364.990268,1365.664769,1368.514268,1,2.99999999999994,0.0299999999999997,7.00000000000003,1,2,66,0.5
72,1369.699768,1369.020769,1369.216269,1369.699768,1376.744268,0,NaN,0,7.00000000000003,1,2,66,0.5
73,1377.848269,1377.225268,1377.397268,1377.833768,1380.493268,1,2.99999999999994,0.0299999999999997,7.00000000000003,1,2,66,0.5
74,1381.618769,1381.013768,1381.174768,1381.618769,1387.021268,0,NaN,0,7.00000000000003,1,2,66,0.5
75,1388.287269,1387.827268,1387.855268,1388.287269,1431.771768,1,NaN,0,5.99999999999996,2,1,65,0.5
76,1439.181768,1438.35227,1438.463769,1439.181768,1446.292268,0,NaN,0,7.00000000000003,1,2,66,0.5
77,1447.444769,1446.891768,1447.006763,1447.444769,1460.947268,1,NaN,0,5.99999999999996,2,1,65,0.5
78,1466.521768,1464.980769,1465.990771,1466.521768,1484.808268,0,NaN,0,7.00000000000003,1,2,66,0.5
79,1486.728268,1485.996768,1486.176268,1486.675769,1489.421768,1,2.99999999999994,0.0299999999999997,7.00000000000003,1,2,66,0.5
80,1490.544268,1489.818768,1490.022269,1490.491268,1493.201768,0,2.99999999999994,0.0299999999999997,5.99999999999996,2,1,65,0.5
81,1494.569768,1493.884769,1494.010768,1494.517268,1497.258768,1,2.99999999999994,0.0299999999999997,7.00000000000003,1,2,66,0.5
82,1498.971768,1498.151269,1498.424769,1498.919268,1502.042769,0,2.99999999999994,0.0299999999999997,5.99999999999996,2,1,65,0.5
83,1503.589769,1502.885269,1502.990768,1503.537268,1506.415768,1,2.99999999999994,0.0299999999999997,7.00000000000003,1,2,66,0.5
84,1507.696269,1507.065768,1507.225268,1507.696269,1513.729268,0,NaN,0,7.00000000000003,1,2,66,0.5
85,1515.072269,1514.304769,1514.577268,1515.019768,1521.526268,1,2.99999999999994,0.0299999999999997,7.00000000000003,1,2,66,0.5
86,1522.740768,1522.145268,1522.297768,1522.687769,1525.486268,0,2.99999999999994,0.0299999999999997,5.99999999999996,2,1,65,0.5
87,1526.817268,1526.113273,1526.303268,1526.763769,1528.856768,1,2.99999999999994,0.0299999999999997,7.00000000000003,1,2,66,0.5
88,1530.113769,1529.422768,1529.607268,1530.061269,1533.151768,0,2.99999999999994,0.0299999999999997,5.99999999999996,2,1,65,0.5
89,1534.720269,1534.127768,1534.259768,1534.667269,1536.149769,1,2.99999999999994,0.0299999999999997,7.00000000000003,1,2,66,0.5
90,1537.356768,1536.732768,1536.898268,1537.344269,1540.348268,0,2.99999999999994,0.0299999999999997,5.99999999999996,2,1,65,0.5
91,1541.537768,1541.016769,1541.046768,1541.528767,1544.354768,1,2.99999999999994,0.0299999999999997,7.00000000000003,1,2,66,0.5
92,1547.593268,1546.857268,1547.045269,1547.540269,1551.069768,0,2.99999999999994,0.0299999999999997,5.99999999999996,2,1,65,0.5
93,1552.395269,1551.655268,1551.803769,1552.343268,1555.135768,1,2.99999999999994,0.0299999999999997,7.00000000000003,1,2,66,0.5
94,1556.524769,1555.835268,1555.998268,1556.471772,1559.246268,0,2.99999999999994,0.0299999999999997,5.99999999999996,2,1,65,0.5
95,1560.420269,1559.811269,1559.900769,1560.368268,1562.825268,1,2.99999999999994,0.0299999999999997,7.00000000000003,1,2,66,0.5
96,1564.104268,1563.543769,1563.676768,1564.104268,1571.035769,0,NaN,0,7.00000000000003,1,2,66,0.5
97,1572.823269,1572.132768,1572.344269,1572.823269,1578.638269,1,NaN,0,5.99999999999996,2,1,65,0.5
98,1579.927269,1579.177769,1579.399774,1579.874768,1582.294269,0,2.99999999999994,0.0299999999999997,5.99999999999996,2,1,65,0.5
99,1583.532269,1582.908768,1582.978768,1583.494768,1586.320268,1,2.99999999999994,0.0299999999999997,7.00000000000003,1,2,66,0.5
100,1587.336269,1586.771269,1586.849269,1587.283269,1591.209769,0,2.99999999999994,0.0299999999999997,5.99999999999996,2,1,65,0.5
101,1592.947269,1592.052269,1592.218768,1592.894269,1594.807268,1,2.99999999999994,0.0299999999999997,7.00000000000003,1,2,66,0.5
102,1596.127269,1595.525268,1595.623268,1596.074769,1598.859768,0,2.99999999999994,0.0299999999999997,5.99999999999996,2,1,65,0.5
103,1600.162268,1599.537268,1599.644268,1600.162268,1605.918269,1,NaN,0,5.99999999999996,2,1,65,0.5
104,1607.565268,1606.924268,1607.130768,1607.565268,1613.229768,0,NaN,0,7.00000000000003,1,2,66,0.5
105,1615.037269,1614.246269,1614.429268,1614.984269,1617.615268,1,2.99999999999994,0.0299999999999997,7.00000000000003,1,2,66,0.5
106,1618.865268,1618.123269,1618.32777,1618.812768,1622.030269,0,2.99999999999994,0.0299999999999997,5.99999999999996,2,1,65,0.5
107,1623.826769,1622.912269,1622.990268,1623.774268,1625.831768,1,2.99999999999994,0.0299999999999997,7.00000000000003,1,2,66,0.5
108,1627.185769,1626.406768,1626.556768,1627.185769,1633.326268,0,NaN,0,7.00000000000003,1,2,66,0.5
109,1635.345268,1634.564768,1634.834268,1635.291769,1637.901768,1,2.99999999999994,0.0299999999999997,7.00000000000003,1,2,66,0.5
110,1639.023769,1638.416769,1638.519768,1638.971269,1641.590268,0,2.99999999999994,0.0299999999999997,5.99999999999996,2,1,65,0.5
111,1642.992269,1642.206268,1642.333768,1642.939268,1645.412268,1,2.99999999999994,0.0299999999999997,7.00000000000003,1,2,66,0.5
112,1646.461768,1645.952268,1646.053768,1646.461768,1652.107769,0,NaN,0,7.00000000000003,1,2,66,0.5
113,1653.989269,1653.420269,1653.591773,1653.989269,1661.523768,1,NaN,0,5.99999999999996,2,1,65,0.5
114,1663.325269,1662.662268,1662.867769,1663.325269,1797.253769,0,NaN,0,7.00000000000003,1,2,66,0.5
115,1799.942269,1799.196769,1799.358768,1799.942269,1805.892269,1,NaN,0,5.99999999999996,2,1,65,0.5
116,1809.918271,1807.365769,1809.017769,1809.865268,1813.141268,1,2.99999999999994,0.0299999999999997,7.00000000000003,1,2,66,0.5
117,1815.827268,1814.998268,1815.160268,1815.774768,1820.115768,0,2.99999999999994,0.0299999999999997,5.99999999999996,2,1,65,0.5
118,1821.381268,1820.715273,1820.874773,1821.381268,1838.645269,1,NaN,0,5.99999999999996,2,1,65,0.5
119,1842.49827,1841.308268,1841.389268,1842.49827,1846.982768,1,NaN,0,5.99999999999996,2,1,65,0.5
120,1852.975268,1851.946269,1852.301269,1852.975268,1870.040268,1,NaN,0,5.99999999999996,2,1,65,0.5
121,1871.220768,1870.545268,1870.710269,1871.220768,1877.140268,1,NaN,0,5.99999999999996,2,1,65,0.5
122,1878.573768,1877.929268,1878.088769,1878.573768,1882.512268,1,NaN,0,5.99999999999996,2,1,65,0.5
123,1885.979268,1885.228269,1885.528268,1885.979268,1931.976269,1,NaN,0,5.99999999999996,2,1,65,0.5
124,1933.696769,1932.524269,1933.178768,1933.696769,1938.371769,1,NaN,0,5.99999999999996,2,1,65,0.5
125,1943.228273,1942.57627,1942.817273,1943.228273,1950.194269,1,NaN,0,5.99999999999996,2,1,65,0.5
126,1952.853269,1951.886268,1952.386769,1952.853269,1961.191269,1,NaN,0,5.99999999999996,2,1,65,0.5
127,1964.291268,1962.417268,1963.714769,1964.238268,1967.184269,1,2.99999999999994,0.0299999999999997,7.00000000000003,1,2,66,0.5
128,1969.152769,1968.415768,1968.575271,1969.099769,1972.692769,0,2.99999999999994,0.0299999999999997,5.99999999999996,2,1,65,0.5
129,1974.063269,1973.41577,1973.588268,1974.063269,1981.025769,1,NaN,0,5.99999999999996,2,1,65,0.5
130,1982.546269,1981.905268,1982.109268,1982.546269,1987.875768,1,NaN,0,5.99999999999996,2,1,65,0.5
131,1991.277269,1988.639269,1990.454268,1991.224269,1995.937269,0,2.99999999999994,0.0299999999999997,5.99999999999996,2,1,65,0.5
132,1998.736269,1997.282268,1998.113268,1998.682769,2001.216269,1,2.99999999999994,0.0299999999999997,7.00000000000003,1,2,66,0.5
133,2002.794269,2002.115269,2002.290268,2002.742268,2005.185268,0,2.99999999999994,0.0299999999999997,5.99999999999996,2,1,65,0.5
134,2006.587269,2005.943269,2006.052768,2006.587269,2012.605768,1,NaN,0,5.99999999999996,2,1,65,0.5
135,2014.350273,2013.242268,2013.747271,2014.297768,2017.604268,0,2.99999999999994,0.0299999999999997,5.99999999999996,2,1,65,0.5
136,2019.128269,2018.356768,2018.564268,2019.128269,2022.245268,1,NaN,0,5.99999999999996,2,1,65,0.5
137,2027.496769,2026.557268,2026.924769,2027.444269,2030.027768,1,2.99999999999994,0.0299999999999997,7.00000000000003,1,2,66,0.5
138,2031.141769,2030.517768,2030.657268,2031.093269,2033.625768,0,2.99999999999994,0.0299999999999997,5.99999999999996,2,1,65,0.5
139,2035.041768,2034.297768,2034.471268,2035.041768,2036.437272,1,NaN,0,5.99999999999996,2,1,65,0.5
140,2041.796768,2040.939268,2041.286269,2041.796768,2048.992768,0,NaN,0,7.00000000000003,1,2,66,0.5
141,2051.786269,2050.819268,2051.231268,2051.733768,2054.606269,1,2.99999999999994,0.0299999999999997,7.00000000000003,1,2,66,0.5
142,2055.643768,2055.092768,2055.166769,2055.643768,2062.004269,0,NaN,0,7.00000000000003,1,2,66,0.5
143,2063.191273,2062.524268,2062.721773,2063.191273,2068.344268,1,NaN,0,5.99999999999996,2,1,65,0.5
144,2070.912269,2070.077268,2070.334269,2070.912269,2076.226268,0,NaN,0,7.00000000000003,1,2,66,0.5
145,2077.643768,2076.899269,2077.150273,2077.643768,2087.782769,0,NaN,0,7.00000000000003,1,2,66,0.5
146,2090.879269,2090.099769,2090.412769,2090.879269,2097.197269,0,NaN,0,7.00000000000003,1,2,66,0.5
147,2099.516269,2098.145768,2098.867269,2099.464268,2102.233269,1,2.99999999999994,0.0299999999999997,7.00000000000003,1,2,66,0.5
148,2103.490768,2102.770769,2102.975269,2103.485269,2106.623768,0,2.99999999999994,0.0299999999999997,5.99999999999996,2,1,65,0.5
149,2108.641771,2107.874268,2108.031769,2108.58927,2111.360268,1,2.99999999999994,0.0299999999999997,7.00000000000003,1,2,66,0.5
150,2112.520774,2111.897273,2112.020269,2112.491273,2115.391768,0,2.99999999999994,0.0299999999999997,5.99999999999996,2,1,65,0.5
151,2117.187768,2116.444768,2116.607769,2117.134769,2120.541271,1,2.99999999999994,0.0299999999999997,7.00000000000003,1,2,66,0.5
152,2121.703269,2121.103768,2121.247268,2121.703269,2126.467269,0,NaN,0,7.00000000000003,1,2,66,0.5
153,2128.45277,2127.501268,2127.853769,2128.400268,2131.78777,1,2.99999999999994,0.0299999999999997,7.00000000000003,1,2,66,0.5
154,2132.997769,2132.309768,2132.462769,2132.944768,2135.443273,0,2.99999999999994,0.0299999999999997,5.99999999999996,2,1,65,0.5
155,2137.008269,2136.181273,2136.405769,2136.955769,2139.536268,1,2.99999999999994,0.0299999999999997,7.00000000000003,1,2,66,0.5
156,2140.764268,2140.142268,2140.258268,2140.764268,2147.033769,0,NaN,0,7.00000000000003,1,2,66,0.5
157,2149.226263,2148.470269,2148.687268,2149.173263,2152.538269,1,2.99999999999994,0.0299999999999997,7.00000000000003,1,2,66,0.5
158,2180.443768,2179.770268,2179.847768,2180.391268,2184.177269,0,2.99999999999994,0.0299999999999997,5.99999999999996,2,1,65,0.5
159,2187.086768,2186.137268,2186.286268,2187.086768,2193.958769,1,NaN,0,5.99999999999996,2,1,65,0.5
160,2195.424269,2194.874769,2194.934769,2195.424269,2200.377269,0,NaN,0,7.00000000000003,1,2,66,0.5
161,2202.491769,2201.676768,2201.949269,2202.439268,2204.709768,1,2.99999999999994,0.0299999999999997,7.00000000000003,1,2,66,0.5
162,2205.712769,2205.182268,2205.305268,2205.712769,2210.954768,0,NaN,0,7.00000000000003,1,2,66,0.5
163,2212.52677,2211.527269,2211.740769,2212.474268,2214.522269,1,2.99999999999994,0.0299999999999997,7.00000000000003,1,2,66,0.5
164,2215.71277,2215.118769,2215.246268,2215.71277,2221.314769,0,NaN,0,7.00000000000003,1,2,66,0.5
165,2222.938769,2222.177268,2222.400768,2222.886768,2230.393769,1,2.99999999999994,0.0299999999999997,7.00000000000003,1,2,66,0.5
166,2319.283268,2317.995268,2318.161769,2319.283268,2325.840268,0,NaN,0,7.00000000000003,1,2,66,0.5
167,2333.336268,2332.234269,2332.661768,2333.283273,2336.835768,1,2.99999999999994,0.0299999999999997,7.00000000000003,1,2,66,0.5
168,2338.68077,2337.627769,2337.803768,2338.628268,2341.755769,1,2.99999999999994,0.0299999999999997,7.00000000000003,1,2,66,0.5
169,2343.600769,2342.407268,2342.64527,2343.598268,2345.779269,1,2.99999999999994,0.0299999999999997,7.00000000000003,1,2,66,0.5
170,2347.109769,2346.474268,2346.637768,2347.109769,2352.027769,0,NaN,0,7.00000000000003,1,2,66,0.5
171,2354.616273,2354.018269,2354.151769,2354.616273,2360.112769,1,NaN,0,5.99999999999996,2,1,65,0.5
172,2363.755768,2363.015769,2363.221268,2363.702768,2366.684768,0,2.99999999999994,0.0299999999999997,5.99999999999996,2,1,65,0.5
173,2368.052768,2367.430769,2367.486268,2367.999768,2370.673268,1,2.99999999999994,0.0299999999999997,7.00000000000003,1,2,66,0.5
174,2372.076269,2371.536768,2371.640763,2372.076269,2379.410268,0,NaN,0,7.00000000000003,1,2,66,0.5
175,2381.447768,2380.484268,2380.940768,2381.394768,2383.971269,0,2.99999999999994,0.0299999999999997,5.99999999999996,2,1,65,0.5
176,2385.211268,2384.554768,2384.701268,2385.211268,2390.152768,1,NaN,0,5.99999999999996,2,1,65,0.5
177,2391.650268,2390.890768,2391.139269,2391.597273,2394.415268,0,2.99999999999994,0.0299999999999997,5.99999999999996,2,1,65,0.5
178,2395.980269,2395.150271,2395.280768,2395.927768,2398.440768,1,2.99999999999994,0.0299999999999997,7.00000000000003,1,2,66,0.5
179,2399.532768,2398.912768,2399.112269,2399.479768,2402.441769,0,2.99999999999994,0.0299999999999997,5.99999999999996,2,1,65,0.5
180,2403.941769,2403.235263,2403.331269,2403.941769,2408.762768,1,NaN,0,5.99999999999996,2,1,65,0.5
181,2410.165768,2409.541768,2409.72577,2410.154769,2412.454269,0,2.99999999999994,0.0299999999999997,5.99999999999996,2,1,65,0.5
182,2413.975269,2413.244769,2413.427269,2413.975269,2418.888268,1,NaN,0,5.99999999999996,2,1,65,0.5
183,2421.741768,2419.816769,2421.023769,2421.688768,2424.772768,0,2.99999999999994,0.0299999999999997,5.99999999999996,2,1,65,0.5
184,2426.806269,2425.797769,2426.284268,2426.800268,2429.124268,1,2.99999999999994,0.0299999999999997,7.00000000000003,1,2,66,0.5
185,2430.159268,2429.565269,2429.753769,2430.159268,2436.892769,0,NaN,0,7.00000000000003,1,2,66,0.5
186,2438.142268,2437.433269,2437.638268,2438.089268,2440.275268,0,2.99999999999994,0.0299999999999997,5.99999999999996,2,1,65,0.5
187,2441.619273,2440.870769,2441.041769,2441.567268,2444.658769,1,2.99999999999994,0.0299999999999997,7.00000000000003,1,2,66,0.5
188,2445.888269,2445.128768,2445.385769,2445.835269,2457.830269,0,2.99999999999994,0.0299999999999997,5.99999999999996,2,1,65,0.5
189,2458.862768,2458.23677,2458.421268,2458.862768,2464.428768,1,NaN,0,5.99999999999996,2,1,65,0.5
190,2467.029268,2466.201769,2466.446269,2466.976268,2472.511768,1,2.99999999999994,0.0299999999999997,7.00000000000003,1,2,66,0.5
191,2474.049769,2473.309268,2473.470769,2473.997768,2478.537768,0,2.99999999999994,0.0299999999999997,5.99999999999996,2,1,65,0.5
192,2479.907768,2479.211769,2479.304769,2479.854269,2483.378768,1,2.99999999999994,0.0299999999999997,7.00000000000003,1,2,66,0.5
193,2484.760768,2484.07877,2484.275268,2484.760768,2493.926768,0,NaN,0,7.00000000000003,1,2,66,0.5
194,2495.187268,2494.497269,2494.654268,2495.133768,2498.64827,0,2.99999999999994,0.0299999999999997,5.99999999999996,2,1,65,0.5
195,2500.25777,2499.465269,2499.630273,2500.205268,2503.179268,1,2.99999999999994,0.0299999999999997,7.00000000000003,1,2,66,0.5
196,2504.144768,2503.639769,2503.739769,2504.144768,2509.174768,0,NaN,0,7.00000000000003,1,2,66,0.5
197,2510.292768,2509.668769,2509.87677,2510.292768,2515.773268,0,NaN,0,7.00000000000003,1,2,66,0.5
198,2518.004768,2516.604269,2517.166269,2517.952271,2520.294268,1,2.99999999999994,0.0299999999999997,7.00000000000003,1,2,66,0.5
199,2521.554769,2520.958269,2521.148768,2521.554769,2528.955769,0,NaN,0,7.00000000000003,1,2,66,0.5
200,2530.253769,2529.519268,2529.742768,2530.253769,2535.856269,1,NaN,0,5.99999999999996,2,1,65,0.5
201,2538.180773,2537.427269,2537.662269,2538.180773,2545.635269,1,NaN,0,5.99999999999996,2,1,65,0.5
202,2546.811268,2546.100269,2546.339269,2546.811268,2560.257768,0,NaN,0,7.00000000000003,1,2,66,0.5
203,2561.483269,2560.937268,2561.103768,2561.483269,2643.262268,1,NaN,0,5.99999999999996,2,1,65,0.5
204,2645.220268,2643.929269,2644.490268,2645.167268,2650.266768,1,2.99999999999994,0.0299999999999997,7.00000000000003,1,2,66,0.5
205,2651.906269,2651.173768,2651.282268,2651.906269,2657.461268,0,NaN,0,7.00000000000003,1,2,66,0.5
206,2659.130269,2657.981773,2658.417768,2659.130269,2665.115268,0,NaN,0,7.00000000000003,1,2,66,0.5
207,2666.741768,2665.695269,2666.152768,2666.688769,2670.121773,1,2.99999999999994,0.0299999999999997,7.00000000000003,1,2,66,0.5
208,2671.433773,2670.712773,2670.872773,2671.381768,2674.950268,0,2.99999999999994,0.0299999999999997,5.99999999999996,2,1,65,0.5
209,2676.335769,2675.651768,2675.812268,2676.335769,2682.738768,1,NaN,0,5.99999999999996,2,1,65,0.5
210,2685.809769,2685.083269,2685.316269,2685.756769,2688.334269,0,2.99999999999994,0.0299999999999997,5.99999999999996,2,1,65,0.5
211,2689.936273,2689.015769,2689.23127,2689.934268,2693.250268,1,2.99999999999994,0.0299999999999997,7.00000000000003,1,2,66,0.5
212,2694.352772,2693.729269,2693.884273,2694.299769,2697.173268,0,2.99999999999994,0.0299999999999997,5.99999999999996,2,1,65,0.5
213,2698.593268,2697.971768,2698.086268,2698.593268,2704.448269,1,NaN,0,5.99999999999996,2,1,65,0.5
214,2705.776269,2705.059269,2705.279768,2705.723269,2708.379269,0,2.99999999999994,0.0299999999999997,5.99999999999996,2,1,65,0.5
215,2709.793769,2709.038769,2709.22077,2709.793769,2716.015768,1,NaN,0,5.99999999999996,2,1,65,0.5
216,2717.284273,2716.586269,2716.773274,2717.284273,2723.020769,0,NaN,0,7.00000000000003,1,2,66,0.5
217,2725.787268,2723.904268,2725.006269,2725.787268,2732.80177,1,NaN,0,5.99999999999996,2,1,65,0.5
218,2734.425769,2733.627269,2733.836273,2734.372768,2737.270271,1,2.99999999999994,0.0299999999999997,7.00000000000003,1,2,66,0.5
219,2738.383269,2737.759272,2737.942269,2738.376269,2740.376269,0,2.99999999999994,0.0299999999999997,5.99999999999996,2,1,65,0.5
220,2741.701768,2741.014273,2741.257269,2741.701768,2747.776268,1,NaN,0,5.99999999999996,2,1,65,0.5
221,2749.375769,2748.453768,2748.709769,2749.323268,2751.764769,0,2.99999999999994,0.0299999999999997,5.99999999999996,2,1,65,0.5
222,2753.91427,2753.050268,2753.258768,2753.91427,2759.455768,1,NaN,0,5.99999999999996,2,1,65,0.5
223,2766.604273,2765.980773,2766.062268,2766.576273,2770.084769,1,2.99999999999994,0.0299999999999997,7.00000000000003,1,2,66,0.5
224,2771.350769,2770.726768,2770.853268,2771.341269,2774.932771,0,2.99999999999994,0.0299999999999997,5.99999999999996,2,1,65,0.5
225,2776.615769,2775.737269,2775.906769,2776.615769,2860.247768,1,NaN,0,5.99999999999996,2,1,65,0.5
226,2864.689769,2862.916773,2863.196274,2864.637273,2898.624268,1,2.99999999999994,0.0299999999999997,7.00000000000003,1,2,66,0.5
227,2901.880269,2900.713768,2901.318273,2901.880269,2908.686768,1,NaN,0,5.99999999999996,2,1,65,0.5
228,2912.525768,2911.159273,2911.790268,2912.525768,2951.362768,1,NaN,0,5.99999999999996,2,1,65,0.5
229,2952.86777,2951.832268,2952.037768,2952.815268,2956.064769,1,2.99999999999994,0.0299999999999997,7.00000000000003,1,2,66,0.5
230,2960.71427,2960.021768,2960.114268,2960.661769,2966.419768,0,2.99999999999994,0.0299999999999997,5.99999999999996,2,1,65,0.5
231,2967.899769,2967.050268,2967.221271,2967.899769,2971.193269,1,NaN,0,5.99999999999996,2,1,65,0.5
232,2975.898268,2974.405269,2974.893768,2975.898268,2982.841768,1,NaN,0,5.99999999999996,2,1,65,0.5
233,2984.396768,2983.380273,2983.814768,2984.343768,2986.333269,1,2.99999999999994,0.0299999999999997,7.00000000000003,1,2,66,0.5
234,2987.452769,2986.756769,2986.913768,2987.400268,2989.449768,0,2.99999999999994,0.0299999999999997,5.99999999999996,2,1,65,0.5
235,2990.749268,2990.02427,2990.257768,2990.749268,3000.117768,1,NaN,0,5.99999999999996,2,1,65,0.5
236,3001.886269,3000.832269,3001.18077,3001.833269,3005.639268,0,2.99999999999994,0.0299999999999997,5.99999999999996,2,1,65,0.5
237,3007.155268,3006.375768,3006.545268,3007.102769,3009.397271,1,2.99999999999994,0.0299999999999997,7.00000000000003,1,2,66,0.5
238,3011.611269,3010.993268,3011.146268,3011.557768,3014.404268,0,2.99999999999994,0.0299999999999997,5.99999999999996,2,1,65,0.5
239,3016.629269,3015.80627,3016.007268,3016.576269,3019.708768,1,2.99999999999994,0.0299999999999997,7.00000000000003,1,2,66,0.5
240,3020.720269,3020.195768,3020.296768,3020.720269,3025.848769,0,NaN,0,7.00000000000003,1,2,66,0.5
241,3028.644768,3027.757768,3028.035768,3028.644768,3034.313268,1,NaN,0,5.99999999999996,2,1,65,0.5
242,3036.354768,3035.054769,3035.793769,3036.354768,3042.302768,0,NaN,0,7.00000000000003,1,2,66,0.5
243,3044.648268,3043.611768,3043.937268,3044.648268,3050.754268,1,NaN,0,5.99999999999996,2,1,65,0.5
244,3341.227268,3339.790268,3339.835268,3341.227268,3351.333768,1,NaN,0,5.99999999999996,2,1,65,0.5
245,3353.475273,3352.294268,3352.400268,3353.475273,3357.811268,0,NaN,0,7.00000000000003,1,2,66,0.5
246,3369.693268,3368.898269,3369.041769,3369.693268,3380.713268,1,NaN,0,5.99999999999996,2,1,65,0.5
247,3382.193268,3381.514768,3381.667768,3382.193268,3386.889768,0,NaN,0,7.00000000000003,1,2,66,0.5
248,3389.607768,3388.256269,3388.998269,3389.554268,3394.753769,0,2.99999999999994,0.0299999999999997,5.99999999999996,2,1,65,0.5
249,3397.450769,3396.101268,3396.704268,3397.397269,3401.411769,1,2.99999999999994,0.0299999999999997,7.00000000000003,1,2,66,0.5
250,3402.761769,3402.138769,3402.230268,3402.717768,3406.798271,0,2.99999999999994,0.0299999999999997,5.99999999999996,2,1,65,0.5
251,3408.716269,3407.626269,3407.987769,3408.663269,3411.601268,1,2.99999999999994,0.0299999999999997,7.00000000000003,1,2,66,0.5
252,3412.982268,3412.186268,3412.350768,3412.982268,3419.470269,0,NaN,0,7.00000000000003,1,2,66,0.5
253,3432.948269,3420.642769,3421.075768,NaN,3439.546768,NaN,NaN,0,5.99999999999996,2,1,65,0.5
254,3441.789769,3440.87577,3440.978768,3441.737268,3444.662768,0,2.99999999999994,0.0299999999999997,5.99999999999996,2,1,65,0.5
255,3446.608773,3445.450769,3445.911768,3446.556769,3450.46277,1,2.99999999999994,0.0299999999999997,7.00000000000003,1,2,66,0.5
256,3451.778268,3451.135768,3451.259768,3451.778268,3455.258769,0,NaN,0,7.00000000000003,1,2,66,0.5
257,3461.345269,3459.214769,3460.249269,3461.345269,3467.037269,1,NaN,0,5.99999999999996,2,1,65,0.5
258,3469.406769,3468.531268,3468.711268,3469.353769,3472.729268,0,2.99999999999994,0.0299999999999997,5.99999999999996,2,1,65,0.5
259,3474.253768,3473.363768,3473.645769,3474.200269,3478.000768,1,2.99999999999994,0.0299999999999997,7.00000000000003,1,2,66,0.5
260,3479.230769,3478.541269,3478.658769,3479.178268,3482.422769,0,2.99999999999994,0.0299999999999997,5.99999999999996,2,1,65,0.5
261,3484.306768,3483.39527,3483.601268,3484.253769,3487.748768,1,2.99999999999994,0.0299999999999997,7.00000000000003,1,2,66,0.5
262,3489.352268,3488.629268,3488.812268,3489.352268,3494.061273,0,NaN,0,7.00000000000003,1,2,66,0.5
263,3496.277268,3495.316769,3495.568769,3496.224268,3499.413269,1,2.99999999999994,0.0299999999999997,7.00000000000003,1,2,66,0.5
264,3500.521768,3499.897768,3500.050269,3500.506768,3503.321269,0,2.99999999999994,0.0299999999999997,5.99999999999996,2,1,65,0.5
265,3504.589769,3503.901769,3504.068768,3504.589769,3509.797768,1,NaN,0,5.99999999999996,2,1,65,0.5
266,3511.527768,3510.708768,3510.958268,3511.527768,3520.468268,0,NaN,0,7.00000000000003,1,2,66,0.5
267,3522.701268,3521.264769,3521.864268,3522.701268,3528.897268,1,NaN,0,5.99999999999996,2,1,65,0.5
268,3531.474769,3530.450273,3530.852273,3531.474769,3537.309268,0,NaN,0,7.00000000000003,1,2,66,0.5
269,3539.014269,3537.850268,3538.329268,3538.961269,3541.779768,0,2.99999999999994,0.0299999999999997,5.99999999999996,2,1,65,0.5
270,3543.312268,3542.481273,3542.722273,3543.312268,3550.216269,1,NaN,0,5.99999999999996,2,1,65,0.5
271,3552.749269,3550.944268,3551.816768,3552.696769,3556.140263,0,2.99999999999994,0.0299999999999997,5.99999999999996,2,1,65,0.5
272,3558.178768,3557.091768,3557.560269,3558.125768,3561.030769,1,2.99999999999994,0.0299999999999997,7.00000000000003,1,2,66,0.5
273,3562.706268,3561.940768,3562.133768,3562.653269,3565.789268,0,2.99999999999994,0.0299999999999997,5.99999999999996,2,1,65,0.5
274,3567.337268,3566.530765,3566.735768,3567.337268,3573.003768,1,NaN,0,5.99999999999996,2,1,65,0.5
275,3576.403769,3575.139768,3575.678269,3576.350269,3579.239268,0,2.99999999999994,0.0299999999999997,5.99999999999996,2,1,65,0.5
276,3580.680269,3580.029769,3580.042269,3580.680269,3586.073269,1,NaN,0,5.99999999999996,2,1,65,0.5
277,3587.779269,3586.725269,3587.174269,3587.779269,3592.563769,0,NaN,0,7.00000000000003,1,2,66,0.5
278,3595.068769,3594.146768,3594.422769,3595.016768,3597.609768,0,2.99999999999994,0.0299999999999997,5.99999999999996,2,1,65,0.5
279,3599.688768,3598.499768,3598.945268,3599.635768,3602.37177,1,2.99999999999994,0.0299999999999997,7.00000000000003,1,2,66,0.5
280,3603.595768,3602.849268,3603.000768,3603.595768,3609.697268,0,NaN,0,7.00000000000003,1,2,66,0.5
281,3611.587768,3610.438269,3610.839763,3611.534768,3614.778768,1,2.99999999999994,0.0299999999999997,7.00000000000003,1,2,66,0.5
282,3616.775268,3615.934768,3616.180768,3616.775268,3624.602268,0,NaN,0,7.00000000000003,1,2,66,0.5
283,3626.478269,3625.528768,3625.612269,3626.425769,3628.973269,0,2.99999999999994,0.0299999999999997,5.99999999999996,2,1,65,0.5
284,3630.428268,3629.541269,3629.750768,3630.428268,3636.379768,1,NaN,0,5.99999999999996,2,1,65,0.5
285,3638.226269,3637.174273,3637.612773,3638.226269,3645.161769,0,NaN,0,7.00000000000003,1,2,66,0.5
286,3647.861769,3646.321768,3647.098769,3647.861769,3663.551268,1,NaN,0,5.99999999999996,2,1,65,0.5
287,3665.321768,3664.445769,3664.666268,3665.321768,3671.624768,0,NaN,0,7.00000000000003,1,2,66,0.5
288,3675.303273,3674.536269,3674.676768,3675.250271,3677.414768,0,2.99999999999994,0.0299999999999997,5.99999999999996,2,1,65,0.5
289,3679.021268,3678.322768,3678.501271,3679.021268,3685.131768,1,NaN,0,5.99999999999996,2,1,65,0.5
290,3687.489268,3686.537268,3687.001769,3687.489268,3699.852269,0,NaN,0,7.00000000000003,1,2,66,0.5
291,3703.944268,3702.63677,3703.185268,3703.891268,3706.399268,1,2.99999999999994,0.0299999999999997,7.00000000000003,1,2,66,0.5
292,3711.415273,3709.231768,3710.669768,3711.363268,3713.698769,0,2.99999999999994,0.0299999999999997,5.99999999999996,2,1,65,0.5
293,3715.57777,3714.707269,3714.860768,3715.564769,3721.057768,1,2.99999999999994,0.0299999999999997,7.00000000000003,1,2,66,0.5
294,3723.62027,3722.641269,3723.031769,3723.62027,3731.453768,0,NaN,0,7.00000000000003,1,2,66,0.5
295,3733.227769,3732.289268,3732.611768,3733.227769,3740.172268,1,NaN,0,5.99999999999996,2,1,65,0.5
296,3742.202269,3741.212268,3741.46577,3742.149269,3744.243769,0,2.99999999999994,0.0299999999999997,5.99999999999996,2,1,65,0.5
297,3745.927768,3745.080268,3745.253768,3745.874769,3748.654271,1,2.99999999999994,0.0299999999999997,7.00000000000003,1,2,66,0.5
298,3750.134265,3749.362268,3749.593769,3750.134265,3756.855269,0,NaN,0,7.00000000000003,1,2,66,0.5
299,3759.942268,3758.527269,3759.311768,3759.942268,3764.428268,1,NaN,0,5.99999999999996,2,1,65,0.5
300,3766.415268,3765.406769,3765.708268,3766.362768,3770.064768,1,2.99999999999994,0.0299999999999997,7.00000000000003,1,2,66,0.5
301,3771.550269,3770.531269,3770.809768,3771.496768,3773.975268,0,2.99999999999994,0.0299999999999997,5.99999999999996,2,1,65,0.5
302,3952.698774,3950.621268,3950.710768,3952.646269,3957.144269,1,2.99999999999994,0.0299999999999997,7.00000000000003,1,2,66,0.5
303,3959.120768,3958.280269,3958.374768,3959.067769,3966.972268,0,2.99999999999994,0.0299999999999997,5.99999999999996,2,1,65,0.5
304,3969.226268,3968.424268,3968.551269,3969.173269,3972.531768,0,2.99999999999994,0.0299999999999997,5.99999999999996,2,1,65,0.5
305,3974.40877,3973.684269,3973.793769,3974.40877,3979.020768,1,NaN,0,5.99999999999996,2,1,65,0.5
306,3980.761269,3979.872268,3979.974268,3980.707772,3983.334268,1,2.99999999999994,0.0299999999999997,7.00000000000003,1,2,66,0.5
307,3985.148268,3984.371268,3984.426768,3985.095269,3987.377768,0,2.99999999999994,0.0299999999999997,5.99999999999996,2,1,65,0.5
308,3989.022269,3988.236269,3988.379268,3988.969769,3991.151773,1,2.99999999999994,0.0299999999999997,7.00000000000003,1,2,66,0.5
309,3992.663769,3992.068271,3992.204768,3992.663769,4009.272268,0,NaN,0,7.00000000000003,1,2,66,0.5
310,4010.582769,4009.941769,4010.051768,4010.582769,4074.237268,1,NaN,0,5.99999999999996,2,1,65,0.5
311,4080.418769,4079.405768,4079.781768,4080.366268,4084.14277,1,2.99999999999994,0.0299999999999997,7.00000000000003,1,2,66,0.5
312,4085.307268,4084.683769,4084.788768,4085.265769,4088.497769,0,2.99999999999994,0.0299999999999997,5.99999999999996,2,1,65,0.5
313,4089.955769,4089.176769,4089.271773,4089.955769,4096.489268,1,NaN,0,5.99999999999996,2,1,65,0.5
314,4097.748768,4097.124769,4097.282273,4097.724768,4100.354268,0,2.99999999999994,0.0299999999999997,5.99999999999996,2,1,65,0.5
315,4101.839269,4100.954769,4101.212268,4101.839269,4102.519269,1,NaN,0,5.99999999999996,2,1,65,0.5
316,4111.211771,4110.261768,4110.517268,4111.158268,4115.555768,0,2.99999999999994,0.0299999999999997,5.99999999999996,2,1,65,0.5
317,4117.072769,4116.155268,4116.36077,4117.019272,4120.098768,1,2.99999999999994,0.0299999999999997,7.00000000000003,1,2,66,0.5
318,4121.249768,4120.634273,4120.743768,4121.196769,4123.985269,0,2.99999999999994,0.0299999999999997,5.99999999999996,2,1,65,0.5
319,4125.970268,4125.237268,4125.363769,4125.970268,4131.457768,1,NaN,0,5.99999999999996,2,1,65,0.5
320,4132.761769,4132.025769,4132.188268,4132.708769,4135.499768,0,2.99999999999994,0.0299999999999997,5.99999999999996,2,1,65,0.5
321,4137.111268,4136.136768,4136.401268,4137.059268,4139.942268,1,2.99999999999994,0.0299999999999997,7.00000000000003,1,2,66,0.5
322,4141.157268,4140.454269,4140.589768,4141.104769,4144.409269,0,2.99999999999994,0.0299999999999997,5.99999999999996,2,1,65,0.5
323,4145.870268,4145.018768,4145.293268,4145.870268,4151.071269,1,NaN,0,5.99999999999996,2,1,65,0.5
324,4153.003269,4152.144268,4152.361768,4152.949772,4155.540268,0,2.99999999999994,0.0299999999999997,5.99999999999996,2,1,65,0.5
325,4157.247768,4156.330768,4156.521768,4157.195268,4160.296769,1,2.99999999999994,0.0299999999999997,7.00000000000003,1,2,66,0.5
326,4162.064768,4161.280269,4161.375268,4162.011769,4164.714768,0,2.99999999999994,0.0299999999999997,5.99999999999996,2,1,65,0.5
327,4166.35627,4165.451268,4165.595269,4166.35627,4171.267268,1,NaN,0,5.99999999999996,2,1,65,0.5
328,4172.781269,4171.966769,4172.187768,4172.781269,4176.933268,1,NaN,0,5.99999999999996,2,1,65,0.5
329,4179.188768,4178.306269,4178.498268,4179.188768,4185.826273,1,NaN,0,5.99999999999996,2,1,65,0.5
330,4188.030768,4186.607769,4187.249769,4187.978269,4191.278268,0,2.99999999999994,0.0299999999999997,5.99999999999996,2,1,65,0.5
331,4193.348768,4192.416769,4192.564269,4193.296268,4195.248269,1,2.99999999999994,0.0299999999999997,7.00000000000003,1,2,66,0.5
332,4196.403268,4195.728269,4195.860269,4196.400768,4198.711768,0,2.99999999999994,0.0299999999999997,5.99999999999996,2,1,65,0.5
333,4199.978269,4199.313268,4199.425268,4199.978269,4205.07627,1,NaN,0,5.99999999999996,2,1,65,0.5
334,4206.582268,4205.587768,4205.826268,4206.582268,4211.597769,0,NaN,0,7.00000000000003,1,2,66,0.5
335,4214.377769,4212.383769,4213.002269,4214.377769,4219.321268,1,NaN,0,5.99999999999996,2,1,65,0.5
336,4220.820769,4219.978768,4220.187268,4220.767768,4223.437269,0,2.99999999999994,0.0299999999999997,5.99999999999996,2,1,65,0.5
337,4225.013268,4224.049268,4224.302269,4224.959768,4228.204268,1,2.99999999999994,0.0299999999999997,7.00000000000003,1,2,66,0.5
338,4229.835769,4228.935769,4229.167769,4229.783268,4232.309269,0,2.99999999999994,0.0299999999999997,5.99999999999996,2,1,65,0.5
339,4234.234768,4233.371768,4233.599268,4234.234768,4240.519269,1,NaN,0,5.99999999999996,2,1,65,0.5
340,4241.992268,4241.126269,4241.390768,4241.939268,4244.795273,0,2.99999999999994,0.0299999999999997,5.99999999999996,2,1,65,0.5
341,4246.672269,4245.427769,4245.934769,4246.619268,4249.914763,1,2.99999999999994,0.0299999999999997,7.00000000000003,1,2,66,0.5
342,4251.713768,4250.942768,4251.084768,4251.713768,4257.012768,0,NaN,0,7.00000000000003,1,2,66,0.5
343,4258.318272,4257.568269,4257.729769,4258.265269,4260.742269,0,2.99999999999994,0.0299999999999997,5.99999999999996,2,1,65,0.5
344,4262.586768,4261.881269,4261.936268,4262.586768,4268.27077,1,NaN,0,5.99999999999996,2,1,65,0.5
345,4270.331768,4269.275271,4269.77227,4270.331768,4275.653268,0,NaN,0,7.00000000000003,1,2,66,0.5
346,4277.544269,4276.338768,4276.951769,4277.544269,4284.186768,1,NaN,0,5.99999999999996,2,1,65,0.5
347,4286.040769,4285.053268,4285.162269,4285.987769,4288.014769,0,2.99999999999994,0.0299999999999997,5.99999999999996,2,1,65,0.5
348,4289.202269,4288.578768,4288.689769,4289.18827,4292.773269,1,2.99999999999994,0.0299999999999997,7.00000000000003,1,2,66,0.5
349,4294.757769,4293.828269,4294.095763,4294.757769,4301.388768,0,NaN,0,7.00000000000003,1,2,66,0.5
350,4303.203768,4302.457768,4302.504768,4303.203768,4308.217768,1,NaN,0,5.99999999999996,2,1,65,0.5
351,4309.875268,4308.805268,4309.281768,4309.821769,4334.698769,0,2.99999999999994,0.0299999999999997,5.99999999999996,2,1,65,0.5
352,4336.745768,4336.004768,4336.033768,4336.745768,4341.579769,0,NaN,0,7.00000000000003,1,2,66,0.5
353,4343.790768,4342.706772,4343.146268,4343.790768,4349.520768,0,NaN,0,7.00000000000003,1,2,66,0.5
354,4352.785769,4350.283268,4351.788769,4352.733268,4356.373769,1,2.99999999999994,0.0299999999999997,7.00000000000003,1,2,66,0.5
355,4358.354768,4357.22127,4357.412769,4358.354768,4365.782268,0,NaN,0,7.00000000000003,1,2,66,0.5
356,4367.457269,4366.407773,4366.720269,4367.404269,4371.062268,1,2.99999999999994,0.0299999999999997,7.00000000000003,1,2,66,0.5
357,4372.264768,4371.612771,4371.770269,4372.264768,4380.145268,0,NaN,0,7.00000000000003,1,2,66,0.5
358,4381.46677,4380.720769,4380.834769,4381.414268,4384.054268,0,2.99999999999994,0.0299999999999997,5.99999999999996,2,1,65,0.5
359,4385.282769,4384.60277,4384.780769,4385.282769,4392.669768,1,NaN,0,5.99999999999996,2,1,65,0.5
360,4394.185768,4393.329269,4393.602769,4394.132768,4396.492268,0,2.99999999999994,0.0299999999999997,5.99999999999996,2,1,65,0.5
361,4398.323268,4397.153768,4397.577269,4398.270768,4401.631268,1,2.99999999999994,0.0299999999999997,7.00000000000003,1,2,66,0.5
362,4403.028773,4402.282768,4402.43327,4403.028773,4410.574268,0,NaN,0,7.00000000000003,1,2,66,0.5
363,4412.499773,4411.218769,4411.787269,4412.499773,4418.363269,1,NaN,0,5.99999999999996,2,1,65,0.5
364,4422.338768,4420.312269,4421.108268,4422.335768,4425.135269,1,2.99999999999994,0.0299999999999997,7.00000000000003,1,2,66,0.5
365,4426.899269,4425.772268,4426.029768,4426.899269,4433.683768,0,NaN,0,7.00000000000003,1,2,66,0.5
366,4435.578769,4434.351269,4434.906268,4435.578769,4437.082268,1,NaN,0,5.99999999999996,2,1,65,0.5
367,4445.813269,4444.976268,4445.296268,4445.813269,4453.767269,0,NaN,0,7.00000000000003,1,2,66,0.5
368,4455.341769,4454.476268,4454.692768,4455.288769,4457.997768,1,2.99999999999994,0.0299999999999997,7.00000000000003,1,2,66,0.5
369,4459.595768,4458.863269,4459.04477,4459.595768,4466.151269,0,NaN,0,7.00000000000003,1,2,66,0.5
370,4467.428269,4466.592768,4466.789269,4467.375269,4472.131769,1,2.99999999999994,0.0299999999999997,7.00000000000003,1,2,66,0.5
371,4474.633769,4473.967768,4474.137269,4474.633769,4479.977768,0,NaN,0,7.00000000000003,1,2,66,0.5
372,4481.64377,4480.839768,4481.029769,4481.641268,4488.071268,1,2.99999999999994,0.0299999999999997,7.00000000000003,1,2,66,0.5
373,4489.416268,4488.733269,4488.922269,4489.416268,4494.303768,0,NaN,0,7.00000000000003,1,2,66,0.5
374,4495.993769,4495.240269,4495.362768,4495.993769,4501.733769,1,NaN,0,5.99999999999996,2,1,65,0.5
375,4503.866268,4502.844768,4503.239769,4503.866268,4509.533769,0,NaN,0,7.00000000000003,1,2,66,0.5
376,4512.095769,4510.288769,4511.368268,4512.043268,4514.780768,1,2.99999999999994,0.0299999999999997,7.00000000000003,1,2,66,0.5
377,4515.925768,4515.339268,4515.49177,4515.925768,4521.531269,0,NaN,0,7.00000000000003,1,2,66,0.5
378,4522.851768,4522.228269,4522.433268,4522.844768,4526.93077,1,2.99999999999994,0.0299999999999997,7.00000000000003,1,2,66,0.5
379,4528.987269,4528.381268,4528.56627,4528.987269,4532.459268,0,NaN,0,7.00000000000003,1,2,66,0.5
380,4565.682768,4553.680768,4553.873268,NaN,4746.684769,NaN,NaN,0,5.99999999999996,2,1,65,0.5
381,5074.148268,5071.884769,5073.092268,5074.148268,5080.562273,1,NaN,0,5.99999999999996,2,1,65,0.5
382,5084.350768,5083.009268,5083.569269,5084.298268,5090.464273,1,2.99999999999994,0.0299999999999997,7.00000000000003,1,2,66,0.5
383,5092.923273,5092.099768,5092.171768,5092.871268,5097.468271,0,2.99999999999994,0.0299999999999997,5.99999999999996,2,1,65,0.5
384,5099.725268,5099.102268,5099.184268,5099.701269,5103.009268,1,2.99999999999994,0.0299999999999997,7.00000000000003,1,2,66,0.5
385,5104.488269,5103.808768,5103.876768,5104.435768,5107.526268,0,2.99999999999994,0.0299999999999997,5.99999999999996,2,1,65,0.5
386,5109.281269,5108.624768,5108.671268,5109.281269,5115.240268,1,NaN,0,5.99999999999996,2,1,65,0.5
387,5116.993273,5116.085768,5116.398269,5116.993273,5123.693268,0,NaN,0,7.00000000000003,1,2,66,0.5
388,5125.638268,5124.513268,5124.984771,5125.638268,5151.117773,1,NaN,0,5.99999999999996,2,1,65,0.5
389,5162.979268,5162.275768,5162.484768,5162.979268,5172.426268,0,NaN,0,7.00000000000003,1,2,66,0.5
390,5173.768768,5172.939769,5173.30677,5173.768768,5179.738268,1,NaN,0,5.99999999999996,2,1,65,0.5
391,5181.658768,5180.431269,5180.934768,5181.656268,5185.151769,1,2.99999999999994,0.0299999999999997,7.00000000000003,1,2,66,0.5
392,5187.094769,5186.227771,5186.496769,5187.092768,5190.120268,0,2.99999999999994,0.0299999999999997,5.99999999999996,2,1,65,0.5
393,5191.744268,5190.917768,5191.038768,5191.744268,5196.785769,1,NaN,0,5.99999999999996,2,1,65,0.5
394,5198.448269,5197.361768,5197.885768,5198.448269,5203.735268,0,NaN,0,7.00000000000003,1,2,66,0.5
395,5206.331269,5204.951268,5205.767268,5206.331269,5238.302269,1,NaN,0,5.99999999999996,2,1,65,0.5
396,5247.935269,5247.244769,5247.359268,5247.881769,5251.600769,0,2.99999999999994,0.0299999999999997,5.99999999999996,2,1,65,0.5
397,5258.437769,5257.566269,5257.734768,5258.435268,5261.277273,1,2.99999999999994,0.0299999999999997,7.00000000000003,1,2,66,0.5
398,5262.750769,5261.989768,5262.114768,5262.698268,5267.758269,0,2.99999999999994,0.0299999999999997,5.99999999999996,2,1,65,0.5
399,5269.441768,5268.609269,5268.710769,5269.441768,5275.586768,1,NaN,0,5.99999999999996,2,1,65,0.5
400,5288.803269,5276.182768,5276.449268,NaN,5299.327269,NaN,NaN,0,5.99999999999996,2,1,65,0.5
401,5301.391268,5300.601768,5300.742768,5301.338268,5304.581268,0,2.99999999999994,0.0299999999999997,5.99999999999996,2,1,65,0.5
402,5306.321769,5305.457268,5305.585768,5306.321769,5310.944769,1,NaN,0,5.99999999999996,2,1,65,0.5
403,5313.891269,5312.606268,5313.113768,5313.838269,5317.971769,0,2.99999999999994,0.0299999999999997,5.99999999999996,2,1,65,0.5
404,5322.514268,5321.681273,5321.795769,5322.511768,5325.742768,1,2.99999999999994,0.0299999999999997,7.00000000000003,1,2,66,0.5
405,5327.264768,5326.422268,5326.593769,5327.211768,5331.086769,0,2.99999999999994,0.0299999999999997,5.99999999999996,2,1,65,0.5
406,5332.634269,5331.858768,5331.990768,5332.581268,5335.898268,1,2.99999999999994,0.0299999999999997,7.00000000000003,1,2,66,0.5
407,5337.345768,5336.52227,5336.704268,5337.345768,5344.255769,0,NaN,0,7.00000000000003,1,2,66,0.5
408,5345.633268,5344.851769,5344.969269,5345.633268,5351.547268,1,NaN,0,5.99999999999996,2,1,65,0.5
409,5352.770769,5352.058768,5352.233769,5352.770769,5359.24427,0,NaN,0,7.00000000000003,1,2,66,0.5
410,5361.617768,5360.673269,5360.881771,5361.564769,5364.540768,1,2.99999999999994,0.0299999999999997,7.00000000000003,1,2,66,0.5
411,5365.884768,5365.199768,5365.341769,5365.884768,5375.557269,0,NaN,0,7.00000000000003,1,2,66,0.5
412,5380.879773,5380.15177,5380.290269,5380.879773,5386.512269,0,NaN,0,7.00000000000003,1,2,66,0.5
413,5388.026768,5386.931769,5387.397268,5388.026768,5394.627768,1,NaN,0,5.99999999999996,2,1,65,0.5
414,5396.897269,5395.173268,5395.986268,5396.894268,5400.569768,0,2.99999999999994,0.0299999999999997,5.99999999999996,2,1,65,0.5
415,5402.442268,5401.379268,5401.807268,5402.390268,5406.947268,1,2.99999999999994,0.0299999999999997,7.00000000000003,1,2,66,0.5
416,5409.100268,5407.723273,5407.894269,5409.047768,5411.930769,0,2.99999999999994,0.0299999999999997,5.99999999999996,2,1,65,0.5
417,5413.652269,5412.764268,5412.889769,5413.599269,5416.068268,1,2.99999999999994,0.0299999999999997,7.00000000000003,1,2,66,0.5
418,5417.36527,5416.621269,5416.733268,5417.36527,5422.34377,0,NaN,0,7.00000000000003,1,2,66,0.5
419,5424.138268,5423.028269,5423.420268,5424.138268,5430.112768,1,NaN,0,5.99999999999996,2,1,65,0.5
420,5432.069773,5430.745768,5431.379273,5432.069773,5437.991768,0,NaN,0,7.00000000000003,1,2,66,0.5
421,5440.613268,5438.745768,5439.913268,5440.613268,5447.284769,1,NaN,0,5.99999999999996,2,1,65,0.5
422,5449.932269,5447.781768,5449.160768,5449.932269,5456.446769,0,NaN,0,7.00000000000003,1,2,66,0.5
423,5459.718768,5458.834268,5459.166769,5459.718768,5465.611268,1,NaN,0,5.99999999999996,2,1,65,0.5
424,5466.898768,5466.068269,5466.326768,5466.898768,5482.136768,1,NaN,0,5.99999999999996,2,1,65,0.5
425,5485.26227,5484.399268,5484.556269,5485.259768,5488.736768,1,2.99999999999994,0.0299999999999997,7.00000000000003,1,2,66,0.5
426,5490.486768,5489.677768,5489.820269,5490.433768,5494.425769,0,2.99999999999994,0.0299999999999997,5.99999999999996,2,1,65,0.5
427,5496.860268,5496.000769,5496.147268,5496.860268,5502.980268,1,NaN,0,5.99999999999996,2,1,65,0.5
428,5505.435769,5504.476269,5504.72927,5505.383768,5508.410769,0,2.99999999999994,0.0299999999999997,5.99999999999996,2,1,65,0.5
429,5510.562269,5509.705769,5509.849769,5510.509269,5513.596269,1,2.99999999999994,0.0299999999999997,7.00000000000003,1,2,66,0.5
430,5515.188769,5514.463768,5514.546269,5515.136268,5518.279268,0,2.99999999999994,0.0299999999999997,5.99999999999996,2,1,65,0.5
431,5519.807768,5519.028268,5519.16177,5519.807768,5525.730268,1,NaN,0,5.99999999999996,2,1,65,0.5
432,5528.020768,5526.820269,5527.330768,5528.020768,5534.749269,0,NaN,0,7.00000000000003,1,2,66,0.5
433,5537.966768,5537.00127,5537.361268,5537.966768,5543.43027,1,NaN,0,5.99999999999996,2,1,65,0.5
434,5545.497269,5544.676768,5544.940268,5545.497269,5549.072268,1,NaN,0,5.99999999999996,2,1,65,0.5
435,5556.524768,5555.844769,5555.959768,5556.524768,5563.349268,1,NaN,0,5.99999999999996,2,1,65,0.5
436,5565.016269,5563.798769,5564.379769,5565.016269,5570.499268,0,NaN,0,7.00000000000003,1,2,66,0.5
437,5571.657768,5570.976268,5571.199768,5571.657768,5575.657268,0,NaN,0,7.00000000000003,1,2,66,0.5
438,5581.989773,5581.094268,5581.329268,5581.937769,5585.795269,1,2.99999999999994,0.0299999999999997,7.00000000000003,1,2,66,0.5
439,5588.704773,5587.813768,5587.910768,5588.704773,5596.676771,0,NaN,0,7.00000000000003,1,2,66,0.5
440,5597.861268,5597.151269,5597.343269,5597.861268,5619.47277,0,NaN,0,7.00000000000003,1,2,66,0.5
441,5627.171268,5626.470268,5626.616769,5627.118769,5630.266268,0,2.99999999999994,0.0299999999999997,5.99999999999996,2,1,65,0.5
442,5631.843768,5631.091768,5631.147269,5631.790769,5635.427768,1,2.99999999999994,0.0299999999999997,7.00000000000003,1,2,66,0.5
443,5637.022769,5636.256768,5636.312768,5637.022769,5639.689768,0,NaN,0,7.00000000000003,1,2,66,0.5
444,5644.409768,5643.527768,5643.686769,5644.357268,5647.675773,0,2.99999999999994,0.0299999999999997,5.99999999999996,2,1,65,0.5
445,5649.303268,5648.441769,5648.50077,5649.303268,5654.990769,1,NaN,0,5.99999999999996,2,1,65,0.5
446,5657.065269,5656.204268,5656.345769,5657.065269,5662.945273,0,NaN,0,7.00000000000003,1,2,66,0.5
447,5664.765268,5663.845769,5663.999268,5664.765268,5737.48227,0,NaN,0,7.00000000000003,1,2,66,0.5
448,5975.873768,5974.814769,5974.864769,5975.873768,5979.654768,1,NaN,0,5.99999999999996,2,1,65,0.5
449,5984.199768,5983.208269,5983.358268,5984.197268,5990.562768,1,2.99999999999994,0.0299999999999997,7.00000000000003,1,2,66,0.5
450,5992.591269,5991.621269,5991.641768,5992.588768,5995.95827,1,2.99999999999994,0.0299999999999997,7.00000000000003,1,2,66,0.5
451,5998.176269,5997.018768,5997.246268,5998.176269,6003.839769,0,NaN,0,7.00000000000003,1,2,66,0.5
452,6005.333768,6004.600768,6004.838268,6005.281268,6009.001768,1,2.99999999999994,0.0299999999999997,7.00000000000003,1,2,66,0.5
453,6010.758769,6009.766768,6009.799268,6010.705769,6012.876769,0,2.99999999999994,0.0299999999999997,5.99999999999996,2,1,65,0.5
454,6014.606768,6013.873268,6013.968768,6014.553769,6017.538268,1,2.99999999999994,0.0299999999999997,7.00000000000003,1,2,66,0.5
455,6019.049269,6018.327268,6018.47727,6019.049269,6031.867268,0,NaN,0,7.00000000000003,1,2,66,0.5
456,6033.706769,6032.704268,6032.986268,6033.706769,6067.841768,1,NaN,0,5.99999999999996,2,1,65,0.5
457,6069.523268,6068.478269,6068.598268,6069.520269,6073.883273,1,2.99999999999994,0.0299999999999997,7.00000000000003,1,2,66,0.5
458,6075.434269,6074.560768,6074.630269,6075.381268,6078.669269,0,2.99999999999994,0.0299999999999997,5.99999999999996,2,1,65,0.5
459,6080.337769,6079.414269,6079.465269,6080.337769,6086.253773,1,NaN,0,5.99999999999996,2,1,65,0.5
460,6087.668769,6086.861768,6086.994268,6087.616268,6090.878268,0,2.99999999999994,0.0299999999999997,5.99999999999996,2,1,65,0.5
461,6092.607269,6091.706268,6091.861768,6092.607269,6099.360269,1,NaN,0,5.99999999999996,2,1,65,0.5
462,6101.239269,6100.230769,6100.581769,6101.239269,6106.364269,1,NaN,0,5.99999999999996,2,1,65,0.5
463,6108.396268,6107.335769,6107.764773,6108.396268,6113.95877,0,NaN,0,7.00000000000003,1,2,66,0.5
464,6116.200269,6114.567269,6115.401768,6116.198268,6119.518769,1,2.99999999999994,0.0299999999999997,7.00000000000003,1,2,66,0.5
465,6121.300269,6120.579269,6120.676768,6121.247768,6131.562268,0,2.99999999999994,0.0299999999999997,5.99999999999996,2,1,65,0.5
466,6133.381268,6132.193773,6132.239269,6133.381268,6145.750268,1,NaN,0,5.99999999999996,2,1,65,0.5
467,6147.010769,6146.189768,6146.298268,6146.957768,6150.457268,1,2.99999999999994,0.0299999999999997,7.00000000000003,1,2,66,0.5
468,6152.152769,6151.377769,6151.513768,6152.152769,6156.879269,0,NaN,0,7.00000000000003,1,2,66,0.5
469,6159.571769,6158.598769,6158.951269,6159.571769,6163.573768,1,NaN,0,5.99999999999996,2,1,65,0.5
470,6167.213768,6165.852769,6166.408268,6167.160769,6171.203768,1,2.99999999999994,0.0299999999999997,7.00000000000003,1,2,66,0.5
471,6172.830268,6171.929268,6172.08777,6172.777268,6176.113764,0,2.99999999999994,0.0299999999999997,5.99999999999996,2,1,65,0.5
472,6177.566269,6176.794768,6176.876269,6177.513268,6182.200268,1,2.99999999999994,0.0299999999999997,7.00000000000003,1,2,66,0.5
473,6183.887769,6182.835773,6183.046273,6183.885268,6187.707268,0,2.99999999999994,0.0299999999999997,5.99999999999996,2,1,65,0.5
474,6189.000768,6188.250769,6188.413769,6189.000768,6649.080268,1,NaN,0,5.99999999999996,2,1,65,0.5
475,6650.70677,6649.817769,6649.850768,6650.654268,6656.371268,0,2.99999999999994,0.0299999999999997,5.99999999999996,2,1,65,0.5
476,6658.329769,6657.424769,6657.515768,6658.327269,6666.178268,1,2.99999999999994,0.0299999999999997,7.00000000000003,1,2,66,0.5
477,6669.167269,6668.037768,6668.140269,6669.114768,6674.76027,1,2.99999999999994,0.0299999999999997,7.00000000000003,1,2,66,0.5
478,6676.553769,6675.460768,6675.593268,6676.553769,6681.732268,0,NaN,0,7.00000000000003,1,2,66,0.5
479,6684.55027,6683.313768,6683.678769,6684.55027,6688.117769,1,NaN,0,5.99999999999996,2,1,65,0.5
480,6691.631268,6690.473269,6690.765773,6691.578268,6694.885768,1,2.99999999999994,0.0299999999999997,7.00000000000003,1,2,66,0.5
481,6696.134269,6695.450268,6695.564768,6696.134269,6703.109269,0,NaN,0,7.00000000000003,1,2,66,0.5
482,6705.260769,6704.156273,6704.711273,6705.260769,6713.633768,0,NaN,0,7.00000000000003,1,2,66,0.5
483,6715.222771,6714.173268,6714.332768,6715.222771,6720.252768,1,NaN,0,5.99999999999996,2,1,65,0.5
484,6722.592269,6720.889769,6721.831268,6722.539268,6726.088768,0,2.99999999999994,0.0299999999999997,5.99999999999996,2,1,65,0.5
485,6728.937269,6727.797273,6727.972268,6728.934768,6732.575768,1,2.99999999999994,0.0299999999999997,7.00000000000003,1,2,66,0.5
486,6734.186268,6733.275768,6733.463269,6734.133768,6738.044269,0,2.99999999999994,0.0299999999999997,5.99999999999996,2,1,65,0.5
487,6739.51327,6738.824768,6738.858273,6739.51327,6743.888268,1,NaN,0,5.99999999999996,2,1,65,0.5
488,6746.673769,6745.603269,6745.769768,6746.671768,6749.021768,1,2.99999999999994,0.0299999999999997,7.00000000000003,1,2,66,0.5
489,6750.519268,6749.785269,6749.921769,6750.519268,6754.475768,0,NaN,0,7.00000000000003,1,2,66,0.5
490,6759.819769,6758.826768,6758.911769,6759.766769,6762.784773,0,2.99999999999994,0.0299999999999997,5.99999999999996,2,1,65,0.5
491,6764.337273,6763.553768,6763.674269,6764.337273,6770.301769,1,NaN,0,5.99999999999996,2,1,65,0.5
492,6772.152769,6771.187268,6771.443769,6772.100268,6775.670769,0,2.99999999999994,0.0299999999999997,5.99999999999996,2,1,65,0.5
493,6777.703269,6776.677773,6776.793769,6777.651268,6784.826269,1,2.99999999999994,0.0299999999999997,7.00000000000003,1,2,66,0.5
494,6787.019273,6786.258272,6786.303268,6787.019273,6793.570269,0,NaN,0,7.00000000000003,1,2,66,0.5
495,6795.164268,6794.321269,6794.445269,6795.164268,6801.040269,1,NaN,0,5.99999999999996,2,1,65,0.5
496,6803.110768,6802.108769,6802.56877,6803.110768,6811.301268,0,NaN,0,7.00000000000003,1,2,66,0.5
497,6812.968773,6812.02377,6812.276268,6812.968773,6818.738769,1,NaN,0,5.99999999999996,2,1,65,0.5
498,6821.023268,6819.531768,6820.301269,6821.023268,6825.938768,0,NaN,0,7.00000000000003,1,2,66,0.5
499,6828.283769,6827.091773,6827.619269,6828.231268,6831.52377,0,2.99999999999994,0.0299999999999997,5.99999999999996,2,1,65,0.5
500,6833.972268,6833.100768,6833.346769,6833.972268,6838.302769,1,NaN,0,5.99999999999996,2,1,65,0.5
501,6847.097268,6846.043768,6846.150769,6847.097268,6853.654268,1,NaN,0,5.99999999999996,2,1,65,0.5
502,6855.175768,6854.273769,6854.326268,6855.123269,6859.045271,0,2.99999999999994,0.0299999999999997,5.99999999999996,2,1,65,0.5
503,6860.719773,6859.857768,6859.964768,6860.719773,6865.926763,1,NaN,0,5.99999999999996,2,1,65,0.5
504,6867.532269,6866.693268,6866.830768,6867.479768,6870.416769,0,2.99999999999994,0.0299999999999997,5.99999999999996,2,1,65,0.5
505,6872.283268,6871.284768,6871.526269,6872.283268,6877.529268,1,NaN,0,5.99999999999996,2,1,65,0.5
506,6879.659268,6878.782769,6878.966769,6879.60627,6883.127268,0,2.99999999999994,0.0299999999999997,5.99999999999996,2,1,65,0.5
507,6884.712768,6883.808269,6883.996768,6884.660273,6888.374768,1,2.99999999999994,0.0299999999999997,7.00000000000003,1,2,66,0.5
508,6890.184268,6889.323769,6889.440269,6890.130769,6892.858769,0,2.99999999999994,0.0299999999999997,5.99999999999996,2,1,65,0.5
509,6894.737769,6893.866768,6894.025768,6894.684768,6898.937268,1,2.99999999999994,0.0299999999999997,7.00000000000003,1,2,66,0.5
510,6900.875769,6899.981269,6900.159268,6900.875769,6909.433769,0,NaN,0,7.00000000000003,1,2,66,0.5
511,6911.205768,6910.122768,6910.418269,6911.152769,6916.066768,1,2.99999999999994,0.0299999999999997,7.00000000000003,1,2,66,0.5
512,6917.900269,6916.848768,6917.089269,6917.847269,6921.131769,0,2.99999999999994,0.0299999999999997,5.99999999999996,2,1,65,0.5
513,6923.240768,6922.416268,6922.524769,6923.187768,6925.914768,1,2.99999999999994,0.0299999999999997,7.00000000000003,1,2,66,0.5
514,6927.614268,6926.747268,6926.87827,6927.611765,6931.166268,0,2.99999999999994,0.0299999999999997,5.99999999999996,2,1,65,0.5
515,6932.703769,6931.966769,6932.035268,6932.650773,6936.357269,1,2.99999999999994,0.0299999999999997,7.00000000000003,1,2,66,0.5
516,6938.645769,6937.709269,6937.824269,6938.592769,6943.158769,0,2.99999999999994,0.0299999999999997,5.99999999999996,2,1,65,0.5
517,6944.603769,6943.820769,6943.989769,6944.551769,6948.857773,1,2.99999999999994,0.0299999999999997,7.00000000000003,1,2,66,0.5
518,6950.537768,6949.707768,6949.862768,6950.484769,6954.770268,0,2.99999999999994,0.0299999999999997,5.99999999999996,2,1,65,0.5
519,6956.566769,6955.662773,6955.772273,6956.514768,6959.293769,1,2.99999999999994,0.0299999999999997,7.00000000000003,1,2,66,0.5
520,6960.812268,6960.151768,6960.236769,6960.812268,6965.636768,0,NaN,0,7.00000000000003,1,2,66,0.5
521,6966.996268,6966.337268,6966.460268,6966.996268,6974.072269,0,NaN,0,7.00000000000003,1,2,66,0.5
522,6976.334268,6975.167268,6975.540268,6976.334268,6986.102773,1,NaN,0,5.99999999999996,2,1,65,0.5
523,6988.744268,6987.652768,6987.832768,6988.744268,6995.369269,0,NaN,0,7.00000000000003,1,2,66,0.5
524,6997.818768,6996.386269,6996.720768,6997.818768,7003.471768,1,NaN,0,5.99999999999996,2,1,65,0.5
525,7005.190769,7004.211269,7004.479769,7005.188268,7011.448769,1,2.99999999999994,0.0299999999999997,7.00000000000003,1,2,66,0.5
526,7013.196768,7012.195769,7012.511268,7013.196768,7018.284768,1,NaN,0,5.99999999999996,2,1,65,0.5
527,7022.784768,7021.726769,7022.014269,7022.784768,7029.774273,1,NaN,0,5.99999999999996,2,1,65,0.5
528,7031.438769,7030.569768,7030.772773,7031.385769,7034.039268,0,2.99999999999994,0.0299999999999997,5.99999999999996,2,1,65,0.5
529,7036.117268,7034.681269,7034.80427,7036.117268,7041.542769,1,NaN,0,5.99999999999996,2,1,65,0.5
530,7043.218272,7042.19927,7042.405769,7043.215771,7046.018269,0,2.99999999999994,0.0299999999999997,5.99999999999996,2,1,65,0.5
531,7047.987269,7046.959268,7047.078769,7047.934769,7051.934769,1,2.99999999999994,0.0299999999999997,7.00000000000003,1,2,66,0.5
532,7053.682773,7052.830768,7052.963273,7053.682773,7060.205268,0,NaN,0,7.00000000000003,1,2,66,0.5
533,7061.914769,7060.947769,7061.136768,7061.914769,7068.517269,1,NaN,0,5.99999999999996,2,1,65,0.5
534,7070.198268,7069.129769,7069.421268,7070.145769,7073.040268,0,2.99999999999994,0.0299999999999997,5.99999999999996,2,1,65,0.5
535,7074.790269,7073.87477,7074.130769,7074.790269,7085.491768,1,NaN,0,5.99999999999996,2,1,65,0.5
536,7087.701269,7086.742268,7086.93077,7087.701269,7094.794768,0,NaN,0,7.00000000000003,1,2,66,0.5
537,7096.413268,7095.490769,7095.722269,7096.413268,7101.957769,1,NaN,0,5.99999999999996,2,1,65,0.5
538,7104.094273,7102.954773,7103.424773,7104.041769,7107.194768,0,2.99999999999994,0.0299999999999997,5.99999999999996,2,1,65,0.5
539,7109.038268,7108.216268,7108.370269,7109.038268,7117.057268,1,NaN,0,5.99999999999996,2,1,65,0.5
540,7122.770768,7121.911269,7122.053769,7122.770768,7127.69977,1,NaN,0,5.99999999999996,2,1,65,0.5
541,7131.428768,7130.54927,7130.770768,7131.428768,7208.899769,1,NaN,0,5.99999999999996,2,1,65,0.5
542,7210.465768,7209.647268,7209.810772,7210.465768,7217.151768,1,NaN,0,5.99999999999996,2,1,65,0.5
543,7219.516268,7218.800768,7218.910268,7219.516268,7224.248772,1,NaN,0,5.99999999999996,2,1,65,0.5
544,7226.841268,7225.69427,7226.133269,7226.788268,7229.764769,0,2.99999999999994,0.0299999999999997,5.99999999999996,2,1,65,0.5
545,7233.497769,7232.581768,7232.780768,7233.497769,7239.721269,1,NaN,0,5.99999999999996,2,1,65,0.5
546,7242.614769,7241.837269,7242.029268,7242.562268,7245.697768,0,2.99999999999994,0.0299999999999997,5.99999999999996,2,1,65,0.5
547,7247.368273,7246.313269,7246.425268,7247.315269,7250.241272,1,2.99999999999994,0.0299999999999997,7.00000000000003,1,2,66,0.5
548,7251.669269,7250.930268,7251.050268,7251.616768,7257.075768,0,2.99999999999994,0.0299999999999997,5.99999999999996,2,1,65,0.5
549,7258.773769,7258.027769,7258.151768,7258.720768,7261.914268,0,2.99999999999994,0.0299999999999997,5.99999999999996,2,1,65,0.5
550,7263.747269,7262.955268,7263.028768,7263.747269,7268.808768,1,NaN,0,5.99999999999996,2,1,65,0.5
551,7270.251268,7269.44827,7269.605269,7270.197773,7273.554769,0,2.99999999999994,0.0299999999999997,5.99999999999996,2,1,65,0.5
552,7275.045768,7274.214269,7274.256768,7275.045768,7277.674268,1,NaN,0,5.99999999999996,2,1,65,0.5
553,7284.23727,7283.437768,7283.572769,7284.23727,7289.705268,0,NaN,0,7.00000000000003,1,2,66,0.5
554,7293.391768,7291.953768,7292.834768,7293.391768,7300.182268,1,NaN,0,5.99999999999996,2,1,65,0.5
555,7301.725769,7300.695768,7300.864769,7301.672273,7304.496269,0,2.99999999999994,0.0299999999999997,5.99999999999996,2,1,65,0.5
556,7306.155768,7305.17827,7305.304769,7306.103268,7310.576768,1,2.99999999999994,0.0299999999999997,7.00000000000003,1,2,66,0.5
557,7312.165768,7311.263269,7311.427268,7312.113268,7314.870768,0,2.99999999999994,0.0299999999999997,5.99999999999996,2,1,65,0.5
558,7317.061768,7316.067268,7316.239768,7317.058768,7321.737269,1,2.99999999999994,0.0299999999999997,7.00000000000003,1,2,66,0.5
559,7323.635269,7322.673268,7322.82377,7323.582269,7327.465268,0,2.99999999999994,0.0299999999999997,5.99999999999996,2,1,65,0.5
560,7329.004768,7328.104269,7328.232268,7328.95227,7332.32827,1,2.99999999999994,0.0299999999999997,7.00000000000003,1,2,66,0.5
561,7334.122269,7333.120273,7333.309773,7334.068773,7337.555268,0,2.99999999999994,0.0299999999999997,5.99999999999996,2,1,65,0.5
562,7339.239268,7338.491268,7338.565768,7339.239268,7360.873268,1,NaN,0,5.99999999999996,2,1,65,0.5
563,7363.371271,7362.292768,7362.449268,7363.371271,7430.612773,1,NaN,0,5.99999999999996,2,1,65,0.5
564,7439.727269,7438.638269,7438.733768,7439.725268,7445.611268,1,2.99999999999994,0.0299999999999997,7.00000000000003,1,2,66,0.5
565,7447.683769,7446.715768,7446.803268,7447.630768,7450.603269,0,2.99999999999994,0.0299999999999997,5.99999999999996,2,1,65,0.5
566,7453.049269,7452.068269,7452.13277,7453.049269,7458.721273,1,NaN,0,5.99999999999996,2,1,65,0.5
567,7460.351269,7459.485768,7459.580769,7460.351269,7467.031263,1,NaN,0,5.99999999999996,2,1,65,0.5
568,7469.008269,7468.086268,7468.228269,7468.955269,7472.222268,0,2.99999999999994,0.0299999999999997,5.99999999999996,2,1,65,0.5
569,7473.956268,7472.939769,7473.067269,7473.956268,7480.455768,1,NaN,0,5.99999999999996,2,1,65,0.5
570,7482.205769,7481.256269,7481.421768,7482.203268,7485.514269,0,2.99999999999994,0.0299999999999997,5.99999999999996,2,1,65,0.5
571,7487.275769,7486.386769,7486.427768,7487.222769,7490.058768,1,2.99999999999994,0.0299999999999997,7.00000000000003,1,2,66,0.5
572,7491.856269,7491.090268,7491.164268,7491.804268,7497.477771,0,2.99999999999994,0.0299999999999997,5.99999999999996,2,1,65,0.5
573,7498.915769,7498.248268,7498.284769,7498.913268,7501.883768,0,2.99999999999994,0.0299999999999997,5.99999999999996,2,1,65,0.5
574,7504.101268,7503.162773,7503.289768,7504.048768,7515.087769,1,2.99999999999994,0.0299999999999997,7.00000000000003,1,2,66,0.5
575,7516.453768,7515.672768,7515.826268,7516.451768,7523.134771,0,2.99999999999994,0.0299999999999997,5.99999999999996,2,1,65,0.5
576,7524.956768,7523.918769,7524.033269,7524.90427,7528.612263,1,2.99999999999994,0.0299999999999997,7.00000000000003,1,2,66,0.5
577,7530.426269,7529.644269,7529.745268,7530.426269,7537.599769,0,NaN,0,7.00000000000003,1,2,66,0.5
578,7540.468769,7539.321269,7539.822269,7540.468769,7543.560268,1,NaN,0,5.99999999999996,2,1,65,0.5
579,7563.579269,7562.600769,7562.688268,7563.526269,7569.248269,0,2.99999999999994,0.0299999999999997,5.99999999999996,2,1,65,0.5
580,7570.868269,7569.949768,7570.051768,7570.868269,7575.773773,1,NaN,0,5.99999999999996,2,1,65,0.5
581,7578.12577,7577.201268,7577.340769,7578.073268,7581.836269,1,2.99999999999994,0.0299999999999997,7.00000000000003,1,2,66,0.5
582,7583.647768,7582.703269,7582.730768,7583.647768,7589.54627,0,NaN,0,7.00000000000003,1,2,66,0.5
583,7591.530269,7590.205768,7590.423768,7590.979769,7598.351269,1,NaN,0,7.00000000000003,1,2,66,0.5
584,7600.534273,7599.695268,7599.832769,7600.531768,7609.172268,0,2.99999999999994,0.0299999999999997,5.99999999999996,2,1,65,0.5
585,7610.399769,7609.604274,7609.684273,7610.399769,7616.238268,1,NaN,0,5.99999999999996,2,1,65,0.5
586,7617.699269,7616.951268,7617.023268,7617.699269,7622.73427,0,NaN,0,7.00000000000003,1,2,66,0.5
587,7624.347769,7623.35277,7623.597268,7624.347769,7739.768268,1,NaN,0,5.99999999999996,2,1,65,0.5
588,7807.837769,7805.338264,7806.740269,7807.784769,7814.168268,1,2.99999999999994,0.0299999999999997,7.00000000000003,1,2,66,0.5
589,7816.675268,7815.178768,7815.243268,7816.672768,7824.373769,0,2.99999999999994,0.0299999999999997,5.99999999999996,2,1,65,0.5
590,7826.678268,7825.701769,7825.741269,7826.678268,8167.838769,0,NaN,0,7.00000000000003,1,2,66,0.5
591,8171.478769,8170.605768,8170.705768,8171.478769,8179.782768,1,NaN,0,5.99999999999996,2,1,65,0.5
592,8185.439269,8183.335769,8184.390768,8185.439269,8192.202769,1,NaN,0,5.99999999999996,2,1,65,0.5
593,8193.882769,8192.974769,8193.258273,8193.882769,8198.352268,1,NaN,0,5.99999999999996,2,1,65,0.5
594,8202.907769,8200.630768,8201.750768,8202.905768,8206.974269,1,2.99999999999994,0.0299999999999997,7.00000000000003,1,2,66,0.5
595,8209.329768,8208.421769,8208.568772,8209.329768,8215.048773,0,NaN,0,7.00000000000003,1,2,66,0.5
596,8217.122269,8215.585768,8216.228773,8217.069272,8221.564768,1,2.99999999999994,0.0299999999999997,7.00000000000003,1,2,66,0.5
597,8223.547768,8222.586268,8222.686766,8223.545269,8226.544269,0,2.99999999999994,0.0299999999999997,5.99999999999996,2,1,65,0.5
598,8228.845268,8227.90277,8227.93477,8228.845268,8233.419769,1,NaN,0,5.99999999999996,2,1,65,0.5
599,8245.970268,8244.795768,8245.099769,8245.970268,8722.666768,1,NaN,0,5.99999999999996,2,1,65,0.5
600,8728.642268,8727.28827,8727.298768,8728.642268,8734.220768,1,NaN,0,5.99999999999996,2,1,65,0.5
601,8737.263273,8736.425268,8736.453268,8737.263273,8744.573768,1,NaN,0,5.99999999999996,2,1,65,0.5
602,8746.578269,8745.350269,8745.562269,8746.525768,8755.387269,0,2.99999999999994,0.0299999999999997,5.99999999999996,2,1,65,0.5
603,8757.216769,8756.264268,8756.309768,8757.164268,8759.899268,0,2.99999999999994,0.0299999999999997,5.99999999999996,2,1,65,0.5
604,8762.435768,8761.17977,8761.570269,8762.435768,8767.056268,1,NaN,0,5.99999999999996,2,1,65,0.5
605,8769.840768,8767.959268,8768.776769,8769.787269,8774.161769,1,2.99999999999994,0.0299999999999997,7.00000000000003,1,2,66,0.5
606,8775.841768,8775.012769,8775.114768,8775.841768,8781.104268,0,NaN,0,7.00000000000003,1,2,66,0.5
607,8782.944268,8781.999768,8782.134768,8782.891769,8803.729769,0,2.99999999999994,0.0299999999999997,5.99999999999996,2,1,65,0.5
608,8805.637268,8804.642768,8804.708268,8805.637268,8860.154268,1,NaN,0,5.99999999999996,2,1,65,0.5
609,8862.185768,8861.129268,8861.174769,8862.132768,8866.645269,0,2.99999999999994,0.0299999999999997,5.99999999999996,2,1,65,0.5
610,8869.127268,8867.648769,8867.838268,8869.124269,8871.893768,1,2.99999999999994,0.0299999999999997,7.00000000000003,1,2,66,0.5
611,8874.145768,8872.745768,8872.867268,8874.092769,8877.438768,0,2.99999999999994,0.0299999999999997,5.99999999999996,2,1,65,0.5
612,8879.604769,8878.360768,8878.427269,8879.604769,8884.728768,1,NaN,0,5.99999999999996,2,1,65,0.5
613,8888.108769,8886.616769,8887.129268,8888.108769,8893.630774,1,NaN,0,5.99999999999996,2,1,65,0.5
614,8895.063269,8894.163769,8894.391773,8895.063269,8902.733768,0,NaN,0,7.00000000000003,1,2,66,0.5
615,8904.96927,8903.503771,8903.990769,8904.96927,8911.239768,1,NaN,0,5.99999999999996,2,1,65,0.5
616,8912.996768,8912.078269,8912.276768,8912.996768,8920.099269,0,NaN,0,7.00000000000003,1,2,66,0.5
617,8923.156768,8921.508769,8922.503269,8923.156768,8926.508269,1,NaN,0,5.99999999999996,2,1,65,0.5
618,8931.051768,8929.187269,8930.379768,8931.051768,8934.867768,0,NaN,0,7.00000000000003,1,2,66,0.5
619,8939.325269,8938.596268,8938.710268,8939.272769,8944.769771,1,2.99999999999994,0.0299999999999997,7.00000000000003,1,2,66,0.5
620,8947.15227,8946.089769,8946.320268,8947.099768,8956.068269,0,2.99999999999994,0.0299999999999997,5.99999999999996,2,1,65,0.5
621,8957.783768,8956.751763,8956.817769,8957.730271,8963.996269,0,2.99999999999994,0.0299999999999997,5.99999999999996,2,1,65,0.5
622,8966.026269,8964.941768,8965.181771,8966.026269,8991.723773,1,NaN,0,5.99999999999996,2,1,65,0.5
623,8993.348268,8992.672771,8992.783773,8993.348268,9002.752768,0,NaN,0,7.00000000000003,1,2,66,0.5
624,9006.272766,9005.122763,9005.400268,9006.272766,9011.970269,1,NaN,0,5.99999999999996,2,1,65,0.5
625,9013.898268,9012.693268,9013.326768,9013.898268,9017.263773,0,NaN,0,7.00000000000003,1,2,66,0.5
626,9021.205269,9020.010768,9020.292769,9021.205269,9026.626768,1,NaN,0,5.99999999999996,2,1,65,0.5
627,9028.538768,9027.486268,9027.758768,9028.485768,9032.876769,0,2.99999999999994,0.0299999999999997,5.99999999999996,2,1,65,0.5
628,9035.407768,9034.281768,9034.541269,9035.407768,9039.656268,1,NaN,0,5.99999999999996,2,1,65,0.5
629,9050.834769,9049.338268,9049.375268,9050.834769,9051.116768,0,NaN,0,7.00000000000003,1,2,66,0.5
630,9057.874268,9057.137268,9057.188768,9057.874268,9061.872269,0,NaN,0,7.00000000000003,1,2,66,0.5
631,9068.714769,9067.575768,9067.833268,9068.714769,9074.813769,0,NaN,0,7.00000000000003,1,2,66,0.5
632,9080.628268,9078.512269,9079.559269,9080.625268,9085.106269,1,2.99999999999994,0.0299999999999997,7.00000000000003,1,2,66,0.5
633,9087.423769,9086.503768,9086.561268,9087.423769,9091.866768,0,NaN,0,7.00000000000003,1,2,66,0.5
634,9093.787768,9092.980768,9093.095268,9093.787768,9098.958768,0,NaN,0,7.00000000000003,1,2,66,0.5
635,9391.63677,9390.394269,9390.522769,9391.63677,9488.791268,0,NaN,0,7.00000000000003,1,2,66,0.5
636,9491.352769,9490.207271,9490.537769,9491.352769,9495.634269,0,NaN,0,7.00000000000003,1,2,66,0.5
637,9499.763273,9497.100769,9497.177268,9499.763273,9504.300768,0,NaN,0,7.00000000000003,1,2,66,0.5
638,9511.479269,9508.899269,9509.983268,9511.426269,9520.637769,1,2.99999999999994,0.0299999999999997,7.00000000000003,1,2,66,0.5
639,9523.246268,9522.046769,9522.105269,9523.246268,10427.415269,0,NaN,0,7.00000000000003,1,2,66,0.5
640,10677.713268,10665.091769,10665.124268,NaN,10682.163768,NaN,NaN,0,7.00000000000003,1,2,66,0.5
641,10684.617769,10683.573268,10683.720268,10684.617769,12065.668268,0,NaN,0,7.00000000000003,1,2,66,0.5
642,12079.266269,12066.645268,12066.671769,NaN,13050.892769,NaN,NaN,0,7.00000000000003,1,2,66,0.5
643,13053.656268,13052.766268,13052.856269,13053.603768,13321.009268,1,2.99999999999994,0.0299999999999997,7.00000000000003,1,2,66,0.5
644,13325.841768,13323.618768,13323.866269,13325.789268,13675.158268,1,2.99999999999994,0.0299999999999997,7.00000000000003,1,2,66,0.5
645,13684.318768,13682.455768,13683.233768,13684.318768,13685.56927,0,NaN,0,7.00000000000003,1,2,66,0.5
646,13695.086769,13693.801269,13693.953769,13695.086769,13696.239269,0,NaN,0,7.00000000000003,1,2,66,0.5
647,13704.458269,13701.073769,13702.840268,13704.458269,13746.063769,1,NaN,0,5.99999999999996,2,1,65,0.5
648,13751.313268,13750.114268,13750.328768,13751.313268,13758.809269,0,NaN,0,7.00000000000003,1,2,66,0.5
649,13761.224268,13759.519768,13760.389269,13761.224268,13767.456268,1,NaN,0,5.99999999999996,2,1,65,0.5
650,13770.783769,13769.123269,13769.757768,13770.781269,13780.019269,1,2.99999999999994,0.0299999999999997,7.00000000000003,1,2,66,0.5
651,13782.688273,13780.962268,13781.262268,13782.688273,13789.058269,1,NaN,0,5.99999999999996,2,1,65,0.5
652,13791.326268,13789.975768,13790.417268,13791.273768,13796.379772,1,2.99999999999994,0.0299999999999997,7.00000000000003,1,2,66,0.5
653,13798.999269,13797.680769,13798.065269,13798.996269,13801.813768,0,2.99999999999994,0.0299999999999997,5.99999999999996,2,1,65,0.5
654,13805.103269,13803.568269,13803.996268,13805.050768,13814.077768,1,2.99999999999994,0.0299999999999997,7.00000000000003,1,2,66,0.5
655,13816.503268,13815.291269,13815.335769,13816.500769,13818.737268,0,2.99999999999994,0.0299999999999997,5.99999999999996,2,1,65,0.5
656,13821.049269,13819.824268,13819.919769,13820.996269,13830.900768,1,2.99999999999994,0.0299999999999997,7.00000000000003,1,2,66,0.5
657,13833.110269,13831.819768,13832.011768,13833.058268,13846.053769,1,2.99999999999994,0.0299999999999997,7.00000000000003,1,2,66,0.5
658,13848.570268,13847.085269,13847.106269,13848.516769,13858.690268,1,2.99999999999994,0.0299999999999997,7.00000000000003,1,2,66,0.5
659,13862.220768,13860.887768,13861.013773,13862.167769,13872.243773,0,2.99999999999994,0.0299999999999997,5.99999999999996,2,1,65,0.5
660,13874.66677,13873.482269,13873.730268,13874.66677,13879.130269,1,NaN,0,5.99999999999996,2,1,65,0.5
661,13881.429268,13880.235268,13880.327769,13881.429268,13891.133268,0,NaN,0,7.00000000000003,1,2,66,0.5
662,13893.089769,13892.175268,13892.201769,13893.037268,13898.016768,0,2.99999999999994,0.0299999999999997,5.99999999999996,2,1,65,0.5
663,13900.523268,13899.308768,13899.333268,13900.523268,13906.943768,1,NaN,0,5.99999999999996,2,1,65,0.5
664,13909.752768,13908.174273,13908.513269,13909.752768,13914.724768,1,NaN,0,5.99999999999996,2,1,65,0.5
665,13919.323769,13918.179268,13918.313269,13919.323769,13924.786268,1,NaN,0,5.99999999999996,2,1,65,0.5
666,13926.855768,13925.821769,13926.000268,13926.855768,13931.141768,1,NaN,0,5.99999999999996,2,1,65,0.5
667,13935.253768,13934.034269,13934.194268,13935.253768,13940.479269,1,NaN,0,5.99999999999996,2,1,65,0.5
668,14053.731269,14052.447773,14052.651771,14053.731269,14132.912268,1,NaN,0,5.99999999999996,2,1,65,0.5
669,14135.050269,14133.943268,14134.062769,14134.997768,14148.989268,0,2.99999999999994,0.0299999999999997,5.99999999999996,2,1,65,0.5
670,14151.466768,14150.111273,14150.323269,14151.466768,14161.667268,1,NaN,0,5.99999999999996,2,1,65,0.5
671,14163.888768,14162.830269,14163.109768,14163.888768,14171.523268,1,NaN,0,5.99999999999996,2,1,65,0.5
672,14175.638268,14172.543269,14173.244768,14175.638268,14183.269269,0,NaN,0,7.00000000000003,1,2,66,0.5
673,14185.347769,14184.543769,14184.562768,14185.345268,14191.050268,0,2.99999999999994,0.0299999999999997,5.99999999999996,2,1,65,0.5
674,14193.514768,14192.071268,14192.413768,14193.514768,14203.186268,1,NaN,0,5.99999999999996,2,1,65,0.5
675,14206.007768,14204.081268,14204.610769,14205.954768,14210.168769,1,2.99999999999994,0.0299999999999997,7.00000000000003,1,2,66,0.5
676,14212.48727,14211.632769,14211.673268,14212.48727,14223.016768,0,NaN,0,7.00000000000003,1,2,66,0.5
677,14224.973269,14223.681773,14224.203769,14224.973269,14232.484268,1,NaN,0,5.99999999999996,2,1,65,0.5
678,14240.250769,14238.654768,14238.923768,14240.247768,14249.213769,1,2.99999999999994,0.0299999999999997,7.00000000000003,1,2,66,0.5
679,14251.352768,14250.266768,14250.304268,14251.352768,14296.521269,0,NaN,0,7.00000000000003,1,2,66,0.5
680,14298.690269,14297.591269,14297.704769,14298.687768,14306.381269,0,2.99999999999994,0.0299999999999997,5.99999999999996,2,1,65,0.5
681,14308.449269,14307.265268,14307.331269,14308.396769,14312.86327,1,2.99999999999994,0.0299999999999997,7.00000000000003,1,2,66,0.5
682,14314.680268,14313.550768,14313.734769,14314.627269,14318.789768,0,2.99999999999994,0.0299999999999997,5.99999999999996,2,1,65,0.5
683,14321.782763,14319.874773,14320.289768,14321.729269,14332.659268,1,2.99999999999994,0.0299999999999997,7.00000000000003,1,2,66,0.5
684,14335.780768,14334.723769,14334.825769,14335.780768,14337.240268,0,NaN,0,7.00000000000003,1,2,66,0.5
685,14345.038269,14342.729269,14343.030768,14345.035768,14362.895268,1,2.99999999999994,0.0299999999999997,7.00000000000003,1,2,66,0.5
686,14365.023269,14363.951768,14364.072268,14365.023269,14372.888268,0,NaN,0,7.00000000000003,1,2,66,0.5
687,14375.163768,14373.978269,14374.242268,14375.163768,14476.283768,0,NaN,0,7.00000000000003,1,2,66,0.5
688,14483.295269,14482.177268,14482.282269,14483.242768,14548.464768,1,2.99999999999994,0.0299999999999997,7.00000000000003,1,2,66,0.5
689,14550.048769,14549.108769,14549.198768,14549.995269,14557.570768,0,2.99999999999994,0.0299999999999997,5.99999999999996,2,1,65,0.5
690,14559.761268,14558.831768,14558.893268,14559.761268,14567.835768,1,NaN,0,5.99999999999996,2,1,65,0.5
691,14571.056769,14569.62577,14569.892769,14571.004269,14579.349771,1,2.99999999999994,0.0299999999999997,7.00000000000003,1,2,66,0.5
692,14581.597768,14580.759269,14580.829769,14581.597768,14592.077268,0,NaN,0,7.00000000000003,1,2,66,0.5
693,14594.382269,14592.923268,14593.374769,14594.379768,14600.39227,1,2.99999999999994,0.0299999999999997,7.00000000000003,1,2,66,0.5
694,14602.656768,14601.497269,14601.556269,14602.603769,14606.407769,0,2.99999999999994,0.0299999999999997,5.99999999999996,2,1,65,0.5
695,14608.659268,14607.470269,14607.551268,14608.659268,14613.326769,1,NaN,0,5.99999999999996,2,1,65,0.5
696,14615.644268,14614.658269,14614.786268,14615.644268,14622.29277,0,NaN,0,7.00000000000003,1,2,66,0.5
697,14623.925768,14623.01877,14623.04877,14623.873269,14627.097268,0,2.99999999999994,0.0299999999999997,5.99999999999996,2,1,65,0.5
698,14629.778268,14628.537768,14628.633769,14629.775768,14643.665269,1,2.99999999999994,0.0299999999999997,7.00000000000003,1,2,66,0.5
699,14646.086769,14645.021768,14645.104269,14646.084768,14652.005769,0,2.99999999999994,0.0299999999999997,5.99999999999996,2,1,65,0.5
700,14654.859769,14653.550269,14653.719268,14654.806769,14662.226268,1,2.99999999999994,0.0299999999999997,7.00000000000003,1,2,66,0.5
701,14664.294768,14663.133769,14663.264268,14664.292268,14672.439766,0,2.99999999999994,0.0299999999999997,5.99999999999996,2,1,65,0.5
702,14674.889269,14673.954768,14674.140769,14674.889269,14680.426768,1,NaN,0,5.99999999999996,2,1,65,0.5
703,14682.396768,14681.384768,14681.456269,14682.343769,14698.96877,0,2.99999999999994,0.0299999999999997,5.99999999999996,2,1,65,0.5
704,14700.830768,14699.894269,14700.023269,14700.778269,14707.413768,0,2.99999999999994,0.0299999999999997,5.99999999999996,2,1,65,0.5
705,14710.202268,14708.791773,14708.873768,14710.199273,14715.704769,1,2.99999999999994,0.0299999999999997,7.00000000000003,1,2,66,0.5
706,14717.851268,14716.610768,14716.665269,14717.798268,14733.702268,0,2.99999999999994,0.0299999999999997,5.99999999999996,2,1,65,0.5
707,14736.607269,14735.416269,14735.478768,14736.554268,14745.830268,0,2.99999999999994,0.0299999999999997,5.99999999999996,2,1,65,0.5
708,14748.315768,14747.290768,14747.337268,14748.315768,14755.764768,1,NaN,0,5.99999999999996,2,1,65,0.5
709,14758.283769,14757.182773,14757.311768,14758.231268,14761.909768,1,2.99999999999994,0.0299999999999997,7.00000000000003,1,2,66,0.5
710,14763.657268,14762.683768,14762.805268,14763.654769,14772.394773,0,2.99999999999994,0.0299999999999997,5.99999999999996,2,1,65,0.5
711,14774.481768,14773.396268,14773.424269,14774.481768,14782.271769,1,NaN,0,5.99999999999996,2,1,65,0.5
712,14785.023768,14783.511269,14783.787768,14785.023768,14795.105768,1,NaN,0,5.99999999999996,2,1,65,0.5
713,14800.003269,14798.512269,14798.931268,14799.950768,14809.978268,1,2.99999999999994,0.0299999999999997,7.00000000000003,1,2,66,0.5
714,14812.048268,14810.852269,14810.908769,14812.048268,14819.679768,1,NaN,0,5.99999999999996,2,1,65,0.5
715,14822.485768,14820.636268,14821.034269,14822.485768,14829.559768,1,NaN,0,5.99999999999996,2,1,65,0.5
716,14831.777769,14830.665768,14830.852268,14831.777769,14840.806768,1,NaN,0,5.99999999999996,2,1,65,0.5
717,14842.663769,14841.588768,14841.678269,14842.611268,14847.883768,0,2.99999999999994,0.0299999999999997,5.99999999999996,2,1,65,0.5
718,14850.141769,14848.883768,14849.008768,14850.088768,14853.750768,1,2.99999999999994,0.0299999999999997,7.00000000000003,1,2,66,0.5
719,14855.848768,14854.606769,14854.656768,14855.846268,14860.489769,0,2.99999999999994,0.0299999999999997,5.99999999999996,2,1,65,0.5
720,14863.414769,14861.994769,14862.019768,14863.414769,14871.566769,1,NaN,0,5.99999999999996,2,1,65,0.5
721,14873.130769,14872.237268,14872.475768,14873.130769,14882.082268,1,NaN,0,5.99999999999996,2,1,65,0.5
722,14883.870269,14882.949768,14883.182769,14883.870269,14890.649768,1,NaN,0,5.99999999999996,2,1,65,0.5
723,14893.706768,14891.766769,14892.056268,14893.706768,15403.70977,1,NaN,0,5.99999999999996,2,1,65,0.5
724,15408.119769,15407.189773,15407.433268,15408.119769,15416.032268,1,NaN,0,5.99999999999996,2,1,65,0.5
725,15418.011768,15417.088768,15417.147268,15417.958773,15426.35877,0,2.99999999999994,0.0299999999999997,5.99999999999996,2,1,65,0.5
726,15429.662269,15428.414268,15428.521768,15429.662269,15438.995269,1,NaN,0,5.99999999999996,2,1,65,0.5
727,15441.190268,15440.020269,15440.079273,15441.190268,15448.251768,1,NaN,0,5.99999999999996,2,1,65,0.5
728,15452.722268,15450.977268,15451.527268,15452.719769,15460.795269,1,2.99999999999994,0.0299999999999997,7.00000000000003,1,2,66,0.5
729,15463.139768,15462.045268,15462.376769,15463.139768,15468.484769,1,NaN,0,5.99999999999996,2,1,65,0.5
730,15470.827769,15469.346268,15469.648269,15470.827769,15475.596768,1,NaN,0,5.99999999999996,2,1,65,0.5
731,15478.900768,15477.457268,15477.663268,15478.900768,15592.583769,1,NaN,0,5.99999999999996,2,1,65,0.5
732,15596.861269,15595.605769,15595.781769,15596.861269,15604.581273,1,NaN,0,5.99999999999996,2,1,65,0.5
733,15614.404268,15612.808268,15613.390268,15614.401268,15618.721268,0,2.99999999999994,0.0299999999999997,5.99999999999996,2,1,65,0.5
734,15622.450768,15621.279768,15621.408769,15622.450768,15628.981773,1,NaN,0,5.99999999999996,2,1,65,0.5
735,15631.350268,15629.96677,15630.114769,15631.350268,15636.274269,1,NaN,0,5.99999999999996,2,1,65,0.5
736,15639.280269,15638.138768,15638.409769,15639.280269,15646.575268,1,NaN,0,5.99999999999996,2,1,65,0.5
737,15648.585268,15647.483269,15647.689768,15648.582768,15652.044268,0,2.99999999999994,0.0299999999999997,5.99999999999996,2,1,65,0.5
738,15654.26827,15653.343269,15653.576269,15654.26827,15654.539769,1,NaN,0,5.99999999999996,2,1,65,0.5
739,15695.642769,15694.503268,15694.694769,15695.642769,15700.828268,1,NaN,0,5.99999999999996,2,1,65,0.5
740,15702.839768,15701.698269,15701.947769,15702.839768,15706.559269,1,NaN,0,5.99999999999996,2,1,65,0.5
741,15709.634769,15708.500269,15708.677768,15709.634769,15719.938269,1,NaN,0,5.99999999999996,2,1,65,0.5
742,15721.252769,15720.480772,15720.611268,15721.252769,15727.478269,1,NaN,0,5.99999999999996,2,1,65,0.5
743,15734.943271,15733.900268,15734.032268,15734.941268,15742.029768,0,2.99999999999994,0.0299999999999997,5.99999999999996,2,1,65,0.5
744,15744.221768,15743.07277,15743.319268,15744.221768,15749.307269,1,NaN,0,5.99999999999996,2,1,65,0.5
745,15752.139769,15749.891769,15751.006768,15752.086773,15755.456268,1,2.99999999999994,0.0299999999999997,7.00000000000003,1,2,66,0.5
746,15757.200269,15756.09277,15756.182769,15757.197769,15762.827768,0,2.99999999999994,0.0299999999999997,5.99999999999996,2,1,65,0.5
747,15765.334269,15763.575269,15764.029269,15765.331769,15771.143768,1,2.99999999999994,0.0299999999999997,7.00000000000003,1,2,66,0.5
748,15773.066769,15772.050768,15772.129769,15773.013773,15779.557269,0,2.99999999999994,0.0299999999999997,5.99999999999996,2,1,65,0.5
749,15782.034268,15780.521768,15780.807768,15781.981268,15786.740768,1,2.99999999999994,0.0299999999999997,7.00000000000003,1,2,66,0.5
750,15789.191268,15787.954269,NaN,15789.188769,15793.937268,0,2.99999999999994,0.0299999999999997,5.99999999999996,2,1,65,0.5
751,15797.511268,15795.019769,15795.257269,15797.458768,15814.810769,1,2.99999999999994,0.0299999999999997,7.00000000000003,1,2,66,0.5
752,15818.039269,15816.290268,15816.571268,15818.039269,15829.704268,0,NaN,0,7.00000000000003,1,2,66,0.5
753,15831.758768,15830.730268,15830.872268,15831.705768,15848.861769,0,2.99999999999994,0.0299999999999997,5.99999999999996,2,1,65,0.5
754,15851.410269,15849.981769,15850.106768,15851.407271,15856.809769,1,2.99999999999994,0.0299999999999997,7.00000000000003,1,2,66,0.5
755,15858.998268,15858.057269,15858.130769,15858.996268,15863.997769,0,2.99999999999994,0.0299999999999997,5.99999999999996,2,1,65,0.5
756,15867.160268,15865.282769,15865.500268,15867.157768,15873.634769,1,2.99999999999994,0.0299999999999997,7.00000000000003,1,2,66,0.5
757,15875.996269,15875.048268,15875.083768,15875.993773,15881.154269,0,2.99999999999994,0.0299999999999997,5.99999999999996,2,1,65,0.5
758,15884.288269,15882.546269,15882.651768,15884.235768,15893.838768,1,2.99999999999994,0.0299999999999997,7.00000000000003,1,2,66,0.5
759,15895.878768,15894.777769,15894.934268,15895.825271,15905.795269,0,2.99999999999994,0.0299999999999997,5.99999999999996,2,1,65,0.5
760,15908.250768,15907.078269,15907.212769,15908.250768,15914.232268,1,NaN,0,5.99999999999996,2,1,65,0.5
761,15915.859768,15915.018268,15915.094268,15915.859768,15927.416269,0,NaN,0,7.00000000000003,1,2,66,0.5
762,15929.769769,15928.398769,15928.469769,15929.767269,15932.930268,0,2.99999999999994,0.0299999999999997,5.99999999999996,2,1,65,0.5
763,15935.297768,15933.965269,15934.102769,15935.244768,15940.804269,1,2.99999999999994,0.0299999999999997,7.00000000000003,1,2,66,0.5
764,15942.564268,15941.702269,15941.813768,15942.564268,15953.022268,0,NaN,0,7.00000000000003,1,2,66,0.5
765,15955.043269,15954.128768,15954.194768,15955.043269,15964.835769,0,NaN,0,7.00000000000003,1,2,66,0.5
766,15966.551269,15965.731769,15965.784769,15966.551269,15974.955268,0,NaN,0,7.00000000000003,1,2,66,0.5
767,15978.709769,15977.09127,15977.183769,15978.657768,15987.285269,1,2.99999999999994,0.0299999999999997,7.00000000000003,1,2,66,0.5
768,15991.679269,15989.041268,15989.386768,15991.626768,15997.027768,1,2.99999999999994,0.0299999999999997,7.00000000000003,1,2,66,0.5
769,15999.336269,15998.483269,15998.517769,15999.336269,16008.889268,0,NaN,0,7.00000000000003,1,2,66,0.5
770,16010.773268,16009.736269,16009.76827,16010.773268,16023.213768,0,NaN,0,7.00000000000003,1,2,66,0.5
771,16025.088769,16024.125268,16024.241268,16025.088769,16035.985772,0,NaN,0,7.00000000000003,1,2,66,0.5
772,16038.533268,16036.657768,16037.225268,16038.480273,16047.609269,1,2.99999999999994,0.0299999999999997,7.00000000000003,1,2,66,0.5
773,16050.350269,16048.907268,16049.281268,16050.350269,16059.121269,0,NaN,0,7.00000000000003,1,2,66,0.5
774,16061.839267,16060.273269,16060.877773,16061.786767,16072.310268,0,2.99999999999994,0.0299999999999997,5.99999999999996,2,1,65,0.5
775,16074.863769,16073.535769,16073.571768,16074.811268,16080.965768,1,2.99999999999994,0.0299999999999997,7.00000000000003,1,2,66,0.5
776,16082.900768,16081.808769,16081.845268,16082.900768,16096.142768,0,NaN,0,7.00000000000003,1,2,66,0.5
777,16097.835769,16096.918768,16097.105269,16097.835769,16106.170769,1,NaN,0,5.99999999999996,2,1,65,0.5
778,16108.856768,16107.600269,16108.068268,16108.856768,16345.459269,0,NaN,0,7.00000000000003,1,2,66,0.5
779,16347.583269,16346.150268,16346.307769,16347.583269,16348.327268,1,NaN,0,5.99999999999996,2,1,65,0.5
780,16354.327272,16353.343768,16353.410268,16354.327272,16360.895768,0,NaN,0,7.00000000000003,1,2,66,0.5
781,16363.579269,16362.145269,16362.677768,16363.526269,16374.678269,0,2.99999999999994,0.0299999999999997,5.99999999999996,2,1,65,0.5
782,16376.529769,16375.441769,16375.590768,16376.477269,16381.027269,1,2.99999999999994,0.0299999999999997,7.00000000000003,1,2,66,0.5
783,16382.944269,16381.870769,16381.978768,16382.891268,16388.830769,0,2.99999999999994,0.0299999999999997,5.99999999999996,2,1,65,0.5
784,16390.823769,16389.625768,16389.756769,16390.823769,16400.038268,1,NaN,0,5.99999999999996,2,1,65,0.5
785,16402.131769,16400.81827,16401.250268,16402.128769,16409.536268,0,2.99999999999994,0.0299999999999997,5.99999999999996,2,1,65,0.5
786,16411.922769,16410.788768,16411.004268,16411.922769,16420.915268,1,NaN,0,5.99999999999996,2,1,65,0.5
787,16422.783769,16421.603768,16421.818269,16422.783769,16424.788768,1,NaN,0,5.99999999999996,2,1,65,0.5
788,16430.096768,16429.038268,16429.137773,16430.096768,16435.782768,0,NaN,0,7.00000000000003,1,2,66,0.5
789,16437.522768,16436.33227,16436.763268,16437.519769,16444.260769,0,2.99999999999994,0.0299999999999997,5.99999999999996,2,1,65,0.5
790,16446.582268,16445.134768,16445.317769,16446.582268,16453.948268,1,NaN,0,5.99999999999996,2,1,65,0.5
791,16456.724268,16454.991268,16455.429269,16456.671268,16461.250768,1,2.99999999999994,0.0299999999999997,7.00000000000003,1,2,66,0.5
792,16462.989768,16462.113768,16462.133768,16462.989768,16468.325268,0,NaN,0,7.00000000000003,1,2,66,0.5
793,16470.519769,16469.218269,16469.383769,16470.516768,16476.164269,0,2.99999999999994,0.0299999999999997,5.99999999999996,2,1,65,0.5
794,16478.291272,16477.038273,16477.275268,16478.291272,16485.082269,1,NaN,0,5.99999999999996,2,1,65,0.5
795,16488.319769,16486.465769,16486.747269,16488.266769,16494.581769,1,2.99999999999994,0.0299999999999997,7.00000000000003,1,2,66,0.5
796,16496.283768,16495.326768,16495.394769,16496.283768,16501.468773,0,NaN,0,7.00000000000003,1,2,66,0.5
797,16504.926769,16503.744768,16504.001269,16504.874268,16540.591268,0,2.99999999999994,0.0299999999999997,5.99999999999996,2,1,65,0.5
798,16542.708769,16541.42377,16541.772268,16542.708769,16587.174268,1,NaN,0,5.99999999999996,2,1,65,0.5
799,16589.228269,16587.787768,16588.218768,16589.176268,16608.069768,1,2.99999999999994,0.0299999999999997,7.00000000000003,1,2,66,0.5
800,16611.150273,16609.685268,16609.978769,16611.150273,16616.143268,1,NaN,0,5.99999999999996,2,1,65,0.5
801,16618.120768,16616.942768,16617.107268,16618.118768,16623.770769,0,2.99999999999994,0.0299999999999997,5.99999999999996,2,1,65,0.5
802,16628.065769,16626.284269,16626.802269,16628.013268,16634.462773,1,2.99999999999994,0.0299999999999997,7.00000000000003,1,2,66,0.5
803,16636.433268,16635.270773,16635.345268,16636.380269,16640.807269,0,2.99999999999994,0.0299999999999997,5.99999999999996,2,1,65,0.5
804,16643.734769,16642.199768,16642.404268,16643.681269,16649.64027,1,2.99999999999994,0.0299999999999997,7.00000000000003,1,2,66,0.5
805,16651.360269,16650.335268,16650.410768,16651.307769,16655.908769,0,2.99999999999994,0.0299999999999997,5.99999999999996,2,1,65,0.5
806,16658.300269,16657.095268,16657.186769,16658.300269,16664.387269,1,NaN,0,5.99999999999996,2,1,65,0.5
807,16666.463768,16665.579768,16665.653768,16666.463768,16678.941272,0,NaN,0,7.00000000000003,1,2,66,0.5
808,16680.785269,16679.846769,16679.857769,16680.733268,16693.850768,0,2.99999999999994,0.0299999999999997,5.99999999999996,2,1,65,0.5
809,16696.132769,16695.098268,16695.128768,16696.132769,16702.727769,1,NaN,0,5.99999999999996,2,1,65,0.5
810,16705.046769,16703.609769,16704.077269,16705.044268,16709.325768,1,2.99999999999994,0.0299999999999997,7.00000000000003,1,2,66,0.5
811,16711.511768,16710.436268,16710.537268,16711.509268,16717.416268,0,2.99999999999994,0.0299999999999997,5.99999999999996,2,1,65,0.5
812,16719.915768,16718.579269,16718.768769,16719.915768,16726.951269,1,NaN,0,5.99999999999996,2,1,65,0.5
813,16728.634268,16727.896268,16728.105268,16728.634268,16733.633769,1,NaN,0,5.99999999999996,2,1,65,0.5
814,16735.893768,16734.768268,16734.878768,16735.891268,16745.542268,0,2.99999999999994,0.0299999999999997,5.99999999999996,2,1,65,0.5
815,16748.092769,16746.539269,16746.954768,16748.039768,16752.225768,1,2.99999999999994,0.0299999999999997,7.00000000000003,1,2,66,0.5
816,16754.042769,16753.184769,16753.267768,16753.989769,16761.357269,0,2.99999999999994,0.0299999999999997,5.99999999999996,2,1,65,0.5
817,16763.765268,16762.620769,16762.770769,16763.765268,16772.400268,1,NaN,0,5.99999999999996,2,1,65,0.5
818,16777.001768,16775.335768,16775.81427,16777.001768,16783.288268,1,NaN,0,5.99999999999996,2,1,65,0.5
819,16785.485769,16784.117768,16784.592769,16785.48327,16793.437268,1,2.99999999999994,0.0299999999999997,7.00000000000003,1,2,66,0.5
820,16796.021768,16794.462768,16795.059268,16795.968769,16806.792769,1,2.99999999999994,0.0299999999999997,7.00000000000003,1,2,66,0.5
821,16809.622769,16808.546269,16808.584268,16809.570268,16815.389769,0,2.99999999999994,0.0299999999999997,5.99999999999996,2,1,65,0.5
822,16817.971269,16816.816768,16817.007269,16817.971269,16828.872268,1,NaN,0,5.99999999999996,2,1,65,0.5
823,16831.392768,16829.967268,16830.376269,16831.392768,16839.471268,1,NaN,0,5.99999999999996,2,1,65,0.5
824,16841.611769,16840.559269,16840.814268,16841.611769,16859.671768,1,NaN,0,5.99999999999996,2,1,65,0.5
825,16861.691768,16860.288768,16860.588268,16861.691768,16930.173269,1,NaN,0,5.99999999999996,2,1,65,0.5
826,16998.105268,16995.113268,16996.187768,16998.105268,17188.113268,1,NaN,0,5.99999999999996,2,1,65,0.5
827,17193.683768,17191.74177,17192.110768,17193.683768,17206.935268,1,NaN,0,5.99999999999996,2,1,65,0.5
828,17216.877268,17215.32127,17215.349769,17216.877268,17226.912269,1,NaN,0,5.99999999999996,2,1,65,0.5
829,17252.601269,17251.061269,17251.634763,17252.601269,17262.729768,1,NaN,0,5.99999999999996,2,1,65,0.5
830,17276.245773,17275.269269,17275.522269,17276.192768,17283.086269,0,2.99999999999994,0.0299999999999997,5.99999999999996,2,1,65,0.5
831,17288.271769,17287.042768,17287.35377,17288.271769,17293.745269,1,NaN,0,5.99999999999996,2,1,65,0.5
832,17296.525769,17294.741268,17295.548768,17296.525769,17302.521269,1,NaN,0,5.99999999999996,2,1,65,0.5
833,17305.863768,17303.722769,17304.876769,17305.810268,17308.652268,1,2.99999999999994,0.0299999999999997,7.00000000000003,1,2,66,0.5
834,17310.858268,17309.482769,17309.562268,17310.855768,17315.110269,0,2.99999999999994,0.0299999999999997,5.99999999999996,2,1,65,0.5
835,17317.786769,17316.133768,17316.472269,17317.786769,17327.531768,1,NaN,0,5.99999999999996,2,1,65,0.5
836,17330.994268,17329.312269,17329.635268,17330.991268,17340.375268,1,2.99999999999994,0.0299999999999997,7.00000000000003,1,2,66,0.5
837,17342.686268,17341.378768,17341.46027,17342.633268,17346.456273,0,2.99999999999994,0.0299999999999997,5.99999999999996,2,1,65,0.5
838,17349.108268,17347.757273,17348.117769,17349.108268,17357.225268,1,NaN,0,5.99999999999996,2,1,65,0.5
839,17359.389769,17358.064268,17358.524768,17359.389769,17365.284268,1,NaN,0,5.99999999999996,2,1,65,0.5
840,17367.942269,17366.340763,17366.902768,17367.942269,17380.506269,1,NaN,0,5.99999999999996,2,1,65,0.5
841,17382.525769,17381.420768,17381.850269,17382.525769,17393.709268,1,NaN,0,5.99999999999996,2,1,65,0.5
842,17394.942769,17394.197268,17394.418268,17394.942769,17399.826768,1,NaN,0,5.99999999999996,2,1,65,0.5
843,17404.450268,17402.719768,17403.350268,17404.397768,17406.920268,1,2.99999999999994,0.0299999999999997,7.00000000000003,1,2,66,0.5
844,17409.13327,17407.846268,17408.088269,17409.130768,17413.146268,0,2.99999999999994,0.0299999999999997,5.99999999999996,2,1,65,0.5
845,17415.385269,17413.961269,17414.424768,17415.382269,17433.198773,1,2.99999999999994,0.0299999999999997,7.00000000000003,1,2,66,0.5
846,17435.150768,17434.107773,17434.375268,17435.150768,17442.538768,1,NaN,0,5.99999999999996,2,1,65,0.5
847,17445.147773,17443.653268,17444.024268,17445.147773,17450.996768,1,NaN,0,5.99999999999996,2,1,65,0.5
848,17455.080768,17453.179268,17453.577268,17455.080768,17455.655768,1,NaN,0,5.99999999999996,2,1,65,0.5
849,17509.592272,17497.636768,17498.097769,NaN,NaN,NaN,NaN,0,5.99999999999996,2,1,65,0.5
850,17760.662268,17758.589769,17758.717768,17760.662268,17783.948768,1,NaN,0,5.99999999999996,2,1,65,0.5
851,17788.093268,17786.479268,17786.728768,17788.093268,17798.363268,1,NaN,0,5.99999999999996,2,1,65,0.5
852,17840.353768,17838.797768,17839.472769,17840.353768,17847.028268,0,NaN,0,7.00000000000003,1,2,66,0.5
853,17848.582269,17847.467769,17848.115769,17848.529269,17858.152768,1,2.99999999999994,0.0299999999999997,7.00000000000003,1,2,66,0.5
854,17859.875769,17858.965768,17859.000269,17859.823268,17867.148768,0,2.99999999999994,0.0299999999999997,5.99999999999996,2,1,65,0.5
855,17869.838769,17868.15227,17868.791768,17869.838769,17896.040268,1,NaN,0,5.99999999999996,2,1,65,0.5
856,17901.079768,17899.925269,17899.952773,17901.077269,17905.448273,0,2.99999999999994,0.0299999999999997,5.99999999999996,2,1,65,0.5
857,18161.833768,18158.993768,18159.666268,18161.78027,18163.827768,1,2.99999999999994,0.0299999999999997,7.00000000000003,1,2,66,0.5
858,18170.115268,18168.647768,18168.968769,18170.115268,18179.547269,0,NaN,0,7.00000000000003,1,2,66,0.5
859,18183.520268,18182.647769,18182.751269,18183.520268,18186.186269,0,NaN,0,7.00000000000003,1,2,66,0.5
860,18190.881768,18189.483769,18190.001268,18190.881768,18194.451768,0,NaN,0,7.00000000000003,1,2,66,0.5
861,18199.798769,18197.734768,18198.815768,18199.745768,18209.308269,1,2.99999999999994,0.0299999999999997,7.00000000000003,1,2,66,0.5
862,18212.965769,18211.762269,18211.933268,18212.965769,18220.810268,0,NaN,0,7.00000000000003,1,2,66,0.5
863,18223.282768,18221.933268,18222.583268,18223.282768,18225.855763,0,NaN,0,7.00000000000003,1,2,66,0.5
864,18233.884273,18232.365768,18232.968269,18233.884273,18234.700268,1,NaN,0,5.99999999999996,2,1,65,0.5
865,18240.923768,18239.989769,18240.233768,18240.923768,18243.315273,0,NaN,0,7.00000000000003,1,2,66,0.5
866,18247.687268,18246.544271,18246.830769,18247.687268,18248.761768,0,NaN,0,7.00000000000003,1,2,66,0.5
867,18257.336273,18255.931768,18256.308268,18257.333767,18269.755773,1,2.99999999999994,0.0299999999999997,7.00000000000003,1,2,66,0.5
868,18273.456769,18272.215768,18272.531269,18273.456769,18279.761769,0,NaN,0,7.00000000000003,1,2,66,0.5
869,18281.958268,18280.515268,18280.945773,18281.955773,18304.847768,1,2.99999999999994,0.0299999999999997,7.00000000000003,1,2,66,0.5
870,18307.383768,18305.782769,18306.335269,18307.383768,18314.375271,1,NaN,0,5.99999999999996,2,1,65,0.5
871,18317.409269,18316.235773,18316.340768,18317.409269,18398.892268,0,NaN,0,7.00000000000003,1,2,66,0.5
872,18400.395768,18399.755268,18399.876768,18400.395768,18400.702269,0,NaN,0,7.00000000000003,1,2,66,0.5
873,18414.245768,18413.285769,18413.479273,18414.245768,18428.419768,1,NaN,0,5.99999999999996,2,1,65,0.5
874,18431.258769,18429.887768,18430.261269,18431.205268,18440.812768,1,2.99999999999994,0.0299999999999997,7.00000000000003,1,2,66,0.5
875,18443.318268,18441.850768,18442.285769,18443.318268,18451.318773,1,NaN,0,5.99999999999996,2,1,65,0.5
876,18454.396269,18452.786768,18453.37127,18454.343768,18459.793768,1,2.99999999999994,0.0299999999999997,7.00000000000003,1,2,66,0.5
877,18461.466269,18460.667268,18460.701268,18461.466269,18471.08377,0,NaN,0,7.00000000000003,1,2,66,0.5
878,18472.972269,18471.991268,18472.135268,18472.972269,18501.249769,0,NaN,0,7.00000000000003,1,2,66,0.5
879,18503.157769,18502.053269,18502.355268,18503.157769,18508.763768,1,NaN,0,5.99999999999996,2,1,65,0.5
880,18514.041268,18512.223268,18513.398769,18514.041268,18520.286269,0,NaN,0,7.00000000000003,1,2,66,0.5
881,18752.189268,18739.567268,18739.684768,NaN,NaN,NaN,NaN,0,5.99999999999996,2,1,65,0.5
882,18969.158768,18957.287268,18959.382269,NaN,NaN,NaN,NaN,0,5.99999999999996,2,1,65,0.5
883,19081.191272,19077.807268,19079.709269,19081.138768,19091.100763,0,2.99999999999994,0.0299999999999997,5.99999999999996,2,1,65,0.5
884,19098.078769,19095.634769,19096.774268,19098.025768,19119.636768,1,2.99999999999994,0.0299999999999997,7.00000000000003,1,2,66,0.5
885,19123.101268,19121.661768,19121.987269,19123.101268,19123.329268,1,NaN,0,5.99999999999996,2,1,65,0.5
886,19253.942769,19241.322263,19241.459268,NaN,NaN,NaN,NaN,0,5.99999999999996,2,1,65,0.5
