trial,outcome,center_in,center_out,side_in,last_side_out,actions,reward,trial_types,odors,port_side,schedule,odor_name,odor_dur
1,705.339639,704.929139,704.973639,705.287139,707.664139,0,1.99999999999996,0.0200000000000003,5.99999999999996,2,1,65,0.5
2,709.760139,709.024139,709.412139,709.707139,712.054139,1,1.99999999999996,0.0200000000000003,7.00000000000003,1,2,66,0.5
3,714.803639,714.203639,714.427139,714.803639,720.795639,0,NaN,0,7.00000000000003,1,2,66,0.5
4,722.174139,721.744639,721.822139,722.174139,728.294639,1,NaN,0,5.99999999999996,2,1,65,0.5
5,730.562139,729.848639,730.279639,730.562139,742.426139,1,NaN,0,5.99999999999996,2,1,65,0.5
6,750.489639,749.600639,749.967139,750.489639,762.861639,1,NaN,0,5.99999999999996,2,1,65,0.5
7,764.074639,763.496139,763.732139,764.074639,840.701139,1,NaN,0,5.99999999999996,2,1,65,0.5
8,842.312639,841.331639,841.602139,842.312639,853.586139,1,NaN,0,5.99999999999996,2,1,65,0.5
9,858.340639,854.332639,854.636139,858.287639,862.416639,0,1.99999999999996,0.0200000000000003,5.99999999999996,2,1,65,0.5
10,864.239139,862.944139,863.533139,864.186639,867.197139,1,1.99999999999996,0.0200000000000003,7.00000000000003,1,2,66,0.5
11,868.657139,868.038639,868.093139,868.604139,873.245139,0,1.99999999999996,0.0200000000000003,5.99999999999996,2,1,65,0.5
12,875.233139,873.953139,874.471639,875.180639,878.358139,1,1.99999999999996,0.0200000000000003,7.00000000000003,1,2,66,0.5
13,879.400639,878.888639,878.964139,879.348139,881.563639,0,1.99999999999996,0.0200000000000003,5.99999999999996,2,1,65,0.5
14,882.861139,882.288639,882.497139,882.861139,890.086639,1,NaN,0,5.99999999999996,2,1,65,0.5
15,891.335139,890.897139,890.987139,891.335139,904.152639,0,NaN,0,7.00000000000003,1,2,66,0.5
16,905.611639,904.680139,905.168139,905.559139,908.700639,1,1.99999999999996,0.0200000000000003,7.00000000000003,1,2,66,0.5
17,909.699639,909.226639,909.281139,909.647639,913.763639,0,1.99999999999996,0.0200000000000003,5.99999999999996,2,1,65,0.5
18,915.223139,914.446139,914.769139,915.171139,917.857139,1,1.99999999999996,0.0200000000000003,7.00000000000003,1,2,66,0.5
19,918.779139,918.332139,918.413639,918.779139,929.971639,0,NaN,0,7.00000000000003,1,2,66,0.5
20,931.003139,930.405639,930.646139,931.003139,950.635639,1,NaN,0,5.99999999999996,2,1,65,0.5
21,952.058639,951.231639,951.650639,952.005639,955.299639,1,1.99999999999996,0.0200000000000003,7.00000000000003,1,2,66,0.5
22,956.393139,955.769639,955.873139,956.369139,959.604139,0,1.99999999999996,0.0200000000000003,5.99999999999996,2,1,65,0.5
23,960.918139,960.085139,960.455139,960.865139,963.572139,1,1.99999999999996,0.0200000000000003,7.00000000000003,1,2,66,0.5
24,964.585139,964.025139,964.114639,964.532139,967.557639,0,1.99999999999996,0.0200000000000003,5.99999999999996,2,1,65,0.5
25,968.971639,968.093639,968.481639,968.918139,971.864139,1,1.99999999999996,0.0200000000000003,7.00000000000003,1,2,66,0.5
26,972.786639,972.349139,972.419139,972.786639,978.444639,0,NaN,0,7.00000000000003,1,2,66,0.5
27,980.093639,979.715639,979.757139,980.093639,983.582139,0,NaN,0,7.00000000000003,1,2,66,0.5
28,988.527139,986.617639,988.005139,988.474139,993.404139,1,1.99999999999996,0.0200000000000003,7.00000000000003,1,2,66,0.5
29,996.575639,996.043139,996.243639,996.575639,1006.254639,1,NaN,0,5.99999999999996,2,1,65,0.5
30,1007.177139,1006.619639,1006.832139,1007.177139,1019.967139,1,NaN,0,5.99999999999996,2,1,65,0.5
31,1021.597639,1021.025139,1021.281639,1021.597639,1030.967139,1,NaN,0,5.99999999999996,2,1,65,0.5
32,1032.342139,1031.748639,1031.855639,1032.342139,1046.005639,0,NaN,0,7.00000000000003,1,2,66,0.5
33,1046.999139,1046.471139,1046.607139,1046.946139,1051.370139,0,1.99999999999996,0.0200000000000003,5.99999999999996,2,1,65,0.5
34,1052.642139,1052.017639,1052.269139,1052.642139,1141.665639,1,NaN,0,5.99999999999996,2,1,65,0.5
35,1143.235639,1142.245139,1142.768139,1143.182639,1147.192639,1,1.99999999999996,0.0200000000000003,7.00000000000003,1,2,66,0.5
36,1148.298139,1147.757139,1147.817639,1148.245639,1152.777139,0,1.99999999999996,0.0200000000000003,5.99999999999996,2,1,65,0.5
37,1154.367139,1153.391639,1153.597139,1154.367139,1154.660139,1,NaN,0,5.99999999999996,2,1,65,0.5
38,1183.203139,1182.595639,1182.754639,1183.203139,1193.258139,1,NaN,0,5.99999999999996,2,1,65,0.5
39,1194.285639,1193.719139,1193.932639,1194.285639,1205.631639,1,NaN,0,5.99999999999996,2,1,65,0.5
40,1208.687139,1208.026139,1208.256639,1208.687139,1208.915639,1,NaN,0,5.99999999999996,2,1,65,0.5
41,1215.747139,1215.124139,1215.328139,1215.725639,1219.315639,0,1.99999999999996,0.0200000000000003,5.99999999999996,2,1,65,0.5
42,1221.756139,1221.200139,1221.403639,1221.756139,1229.887139,1,NaN,0,5.99999999999996,2,1,65,0.5
43,1231.318639,1230.566639,1230.859139,1231.265139,1233.934639,1,1.99999999999996,0.0200000000000003,7.00000000000003,1,2,66,0.5
44,1234.908139,1234.378139,1234.473139,1234.855639,1238.565639,0,1.99999999999996,0.0200000000000003,5.99999999999996,2,1,65,0.5
45,1242.270639,1239.168639,1239.596139,1242.217139,1249.718139,0,1.99999999999996,0.0200000000000003,5.99999999999996,2,1,65,0.5
46,1251.776639,1251.064139,1251.313639,1251.724139,1255.628139,1,1.99999999999996,0.0200000000000003,7.00000000000003,1,2,66,0.5
47,1256.826639,1256.202139,1256.330139,1256.826639,1267.796139,0,NaN,0,7.00000000000003,1,2,66,0.5
48,1269.207139,1268.406139,1268.712639,1269.207139,1279.332639,1,NaN,0,5.99999999999996,2,1,65,0.5
49,1280.738139,1279.899639,1280.153639,1280.738139,1291.273639,1,NaN,0,5.99999999999996,2,1,65,0.5
50,1292.962139,1291.887139,1292.464639,1292.909139,1295.663139,1,1.99999999999996,0.0200000000000003,7.00000000000003,1,2,66,0.5
51,1297.013139,1296.440139,1296.559639,1296.960639,1300.551639,0,1.99999999999996,0.0200000000000003,5.99999999999996,2,1,65,0.5
52,1302.088639,1301.313139,1301.640639,1302.088639,1309.510139,1,NaN,0,5.99999999999996,2,1,65,0.5
53,1310.756139,1309.971639,1310.260639,1310.756139,1315.116639,1,NaN,0,5.99999999999996,2,1,65,0.5
54,1318.667139,1317.369639,1317.836139,1318.614639,1322.218639,0,1.99999999999996,0.0200000000000003,5.99999999999996,2,1,65,0.5
55,1324.232139,1322.965639,1323.309139,1324.179639,1327.757139,0,1.99999999999996,0.0200000000000003,5.99999999999996,2,1,65,0.5
56,1330.392639,1329.716139,1329.992639,1330.392639,1342.266139,1,NaN,0,5.99999999999996,2,1,65,0.5
57,1344.158139,1342.783139,1343.318139,1344.158139,1346.589139,1,NaN,0,5.99999999999996,2,1,65,0.5
58,1364.769639,1354.147639,1354.343139,NaN,NaN,NaN,NaN,0,5.99999999999996,2,1,65,0.5
59,1406.233139,1405.469139,1405.688639,1406.180139,1410.119139,0,1.99999999999996,0.0200000000000003,5.99999999999996,2,1,65,0.5
60,1411.900139,1410.797139,1411.106139,1411.847639,1415.571139,0,1.99999999999996,0.0200000000000003,5.99999999999996,2,1,65,0.5
61,1417.369139,1416.444139,1416.758639,1417.316139,1422.240639,0,1.99999999999996,0.0200000000000003,5.99999999999996,2,1,65,0.5
62,1424.478139,1423.346139,1423.955639,1424.425639,1426.984639,1,1.99999999999996,0.0200000000000003,7.00000000000003,1,2,66,0.5
63,1428.066139,1427.448139,1427.588639,1428.013139,1431.261639,0,1.99999999999996,0.0200000000000003,5.99999999999996,2,1,65,0.5
64,1433.083139,1432.095139,1432.359639,1433.030139,1436.582639,0,1.99999999999996,0.0200000000000003,5.99999999999996,2,1,65,0.5
65,1438.597139,1437.435139,1438.074639,1438.544639,1441.223639,1,1.99999999999996,0.0200000000000003,7.00000000000003,1,2,66,0.5
66,1442.329639,1441.737639,1441.875639,1442.329639,1454.659139,0,NaN,0,7.00000000000003,1,2,66,0.5
67,1456.947139,1455.332139,1455.607639,1456.894139,1459.567139,0,1.99999999999996,0.0200000000000003,5.99999999999996,2,1,65,0.5
68,1461.620139,1460.822139,1461.076139,1461.566639,1465.865639,0,1.99999999999996,0.0200000000000003,5.99999999999996,2,1,65,0.5
69,1467.812139,1466.850139,1467.334139,1467.758639,1470.216639,1,1.99999999999996,0.0200000000000003,7.00000000000003,1,2,66,0.5
70,1471.342139,1470.766639,1470.869139,1471.289139,1473.768139,0,1.99999999999996,0.0200000000000003,5.99999999999996,2,1,65,0.5
71,1475.474639,1474.557639,1475.025139,1475.421639,1478.147139,1,1.99999999999996,0.0200000000000003,7.00000000000003,1,2,66,0.5
72,1479.218139,1478.652139,1478.769139,1479.218139,1491.212639,0,NaN,0,7.00000000000003,1,2,66,0.5
73,1492.507639,1491.673139,1492.092639,1492.455139,1495.376639,1,1.99999999999996,0.0200000000000003,7.00000000000003,1,2,66,0.5
74,1496.474139,1495.847639,1495.956139,1496.474139,1501.524639,0,NaN,0,7.00000000000003,1,2,66,0.5
75,1503.799639,1503.070139,1503.288139,1503.746639,1507.219139,0,1.99999999999996,0.0200000000000003,5.99999999999996,2,1,65,0.5
76,1508.560639,1507.816639,1508.166139,1508.560639,1517.016639,1,NaN,0,5.99999999999996,2,1,65,0.5
77,1517.998139,1517.403139,1517.674639,1517.998139,1526.300139,1,NaN,0,5.99999999999996,2,1,65,0.5
78,1528.999139,1528.331139,1528.592639,1528.999139,1541.871639,1,NaN,0,5.99999999999996,2,1,65,0.5
79,1544.847639,1544.139639,1544.512139,1544.847639,1558.436139,1,NaN,0,5.99999999999996,2,1,65,0.5
80,1559.404139,1558.842639,1559.031639,1559.351639,1563.094139,0,1.99999999999996,0.0200000000000003,5.99999999999996,2,1,65,0.5
81,1564.419139,1563.484139,1563.983639,1564.366139,1567.082139,1,1.99999999999996,0.0200000000000003,7.00000000000003,1,2,66,0.5
82,1568.284139,1567.738139,1567.833139,1568.231139,1571.782639,0,1.99999999999996,0.0200000000000003,5.99999999999996,2,1,65,0.5
83,1573.007139,1572.291139,1572.562639,1573.007139,1585.692639,1,NaN,0,5.99999999999996,2,1,65,0.5
84,1586.544639,1586.028639,1586.141639,1586.492139,1588.603639,0,1.99999999999996,0.0200000000000003,5.99999999999996,2,1,65,0.5
85,1590.088139,1589.216139,1589.656139,1590.035139,1592.755639,1,1.99999999999996,0.0200000000000003,7.00000000000003,1,2,66,0.5
86,1593.849139,1593.258639,1593.336139,1593.796639,1596.555639,0,1.99999999999996,0.0200000000000003,5.99999999999996,2,1,65,0.5
87,1598.282139,1597.122139,1597.710639,1598.229139,1601.320139,1,1.99999999999996,0.0200000000000003,7.00000000000003,1,2,66,0.5
88,1602.430639,1601.833139,1601.966139,1602.430639,1608.855639,0,NaN,0,7.00000000000003,1,2,66,0.5
89,1610.965639,1609.966139,1610.544639,1610.913139,1614.049139,1,1.99999999999996,0.0200000000000003,7.00000000000003,1,2,66,0.5
90,1615.726639,1614.890639,1615.280139,1615.726639,1627.485139,0,NaN,0,7.00000000000003,1,2,66,0.5
91,1629.303139,1628.369639,1628.433639,1629.303139,1637.064639,0,NaN,0,7.00000000000003,1,2,66,0.5
92,1638.155639,1637.657639,1637.739639,1638.155639,1645.762139,0,NaN,0,7.00000000000003,1,2,66,0.5
93,1649.254639,1648.405639,1648.874639,1649.202639,1651.889139,1,1.99999999999996,0.0200000000000003,7.00000000000003,1,2,66,0.5
94,1653.181139,1652.484139,1652.713639,1653.181139,1656.396639,0,NaN,0,7.00000000000003,1,2,66,0.5
95,1660.587639,1659.603639,1660.163639,1660.535139,1663.759139,1,1.99999999999996,0.0200000000000003,7.00000000000003,1,2,66,0.5
96,1664.897639,1664.274139,1664.438639,1664.878139,1666.627639,0,1.99999999999996,0.0200000000000003,5.99999999999996,2,1,65,0.5
97,1668.057139,1667.275139,1667.643639,1668.004139,1670.503139,1,1.99999999999996,0.0200000000000003,7.00000000000003,1,2,66,0.5
98,1671.674139,1671.062639,1671.254639,1671.674139,1678.674139,0,NaN,0,7.00000000000003,1,2,66,0.5
99,1679.721139,1679.193139,1679.273639,1679.668639,1682.800139,0,1.99999999999996,0.0200000000000003,5.99999999999996,2,1,65,0.5
100,1684.299639,1683.386139,1683.855639,1684.247139,1686.902639,1,1.99999999999996,0.0200000000000003,7.00000000000003,1,2,66,0.5
101,1688.129139,1687.505639,1687.669139,1688.101139,1690.757139,0,1.99999999999996,0.0200000000000003,5.99999999999996,2,1,65,0.5
102,1692.245639,1691.551139,1691.876139,1692.245639,1697.281139,1,NaN,0,5.99999999999996,2,1,65,0.5
103,1700.742639,1699.783639,1700.334139,1700.689639,1703.504639,1,1.99999999999996,0.0200000000000003,7.00000000000003,1,2,66,0.5
104,1704.624639,1704.002139,1704.169139,1704.610639,1707.949639,0,1.99999999999996,0.0200000000000003,5.99999999999996,2,1,65,0.5
105,1709.082639,1708.385639,1708.703139,1709.082639,1715.397139,1,NaN,0,5.99999999999996,2,1,65,0.5
106,1716.698639,1715.931639,1716.312639,1716.698639,1724.114639,1,NaN,0,5.99999999999996,2,1,65,0.5
107,1726.584639,1725.772639,1726.203639,1726.532139,1728.791639,1,1.99999999999996,0.0200000000000003,7.00000000000003,1,2,66,0.5
108,1729.825639,1729.250139,1729.352139,1729.772639,1732.693639,0,1.99999999999996,0.0200000000000003,5.99999999999996,2,1,65,0.5
109,1734.169139,1733.109139,1733.815639,1734.169139,1742.878139,1,NaN,0,5.99999999999996,2,1,65,0.5
110,1744.283139,1743.606139,1743.945639,1744.283139,1750.774139,1,NaN,0,5.99999999999996,2,1,65,0.5
111,1752.858639,1751.896639,1752.462139,1752.806139,1755.970139,1,1.99999999999996,0.0200000000000003,7.00000000000003,1,2,66,0.5
112,1757.055639,1756.432139,1756.560639,1757.005139,1759.949639,0,1.99999999999996,0.0200000000000003,5.99999999999996,2,1,65,0.5
113,1761.252639,1760.536639,1760.843639,1761.252639,1769.200139,1,NaN,0,5.99999999999996,2,1,65,0.5
114,1770.703639,1770.030139,1770.400639,1770.703639,1777.856639,1,NaN,0,5.99999999999996,2,1,65,0.5
115,1780.827139,1780.235139,1780.425639,1780.774139,1782.962639,0,1.99999999999996,0.0200000000000003,5.99999999999996,2,1,65,0.5
116,1784.823639,1783.757139,1784.424139,1784.771139,1787.414639,1,1.99999999999996,0.0200000000000003,7.00000000000003,1,2,66,0.5
117,1788.432639,1787.870639,1788.004639,1788.380139,1790.858139,0,1.99999999999996,0.0200000000000003,5.99999999999996,2,1,65,0.5
118,1792.583139,1791.705639,1792.125639,1792.530639,1795.241139,1,1.99999999999996,0.0200000000000003,7.00000000000003,1,2,66,0.5
119,1796.348639,1795.724639,1795.896139,1796.314139,1801.307639,0,1.99999999999996,0.0200000000000003,5.99999999999996,2,1,65,0.5
120,1802.707139,1801.741639,1802.180139,1802.654639,1805.149639,1,1.99999999999996,0.0200000000000003,7.00000000000003,1,2,66,0.5
121,1806.668639,1805.640639,1805.769639,1806.668639,1816.322639,0,NaN,0,7.00000000000003,1,2,66,0.5
122,1817.919139,1816.716639,1817.501639,1817.866639,1820.313139,1,1.99999999999996,0.0200000000000003,7.00000000000003,1,2,66,0.5
123,1821.506639,1820.784639,1820.982139,1821.506639,1829.801639,0,NaN,0,7.00000000000003,1,2,66,0.5
124,1831.789139,1831.061139,1831.372139,1831.789139,1832.260639,0,NaN,0,7.00000000000003,1,2,66,0.5
125,1995.057139,1993.902639,1993.959639,1995.004139,2000.319139,0,1.99999999999996,0.0200000000000003,5.99999999999996,2,1,65,0.5
126,2001.940139,2000.871139,2001.391639,2001.887639,2003.807139,1,1.99999999999996,0.0200000000000003,7.00000000000003,1,2,66,0.5
127,2005.070139,2004.450639,2004.575639,2005.070139,2012.379639,0,NaN,0,7.00000000000003,1,2,66,0.5
128,2023.077639,2022.182639,2022.583639,2023.077639,2032.987139,1,NaN,0,5.99999999999996,2,1,65,0.5
129,2035.654639,2034.428639,2034.663639,2035.601139,2039.069139,0,1.99999999999996,0.0200000000000003,5.99999999999996,2,1,65,0.5
130,2041.373639,2040.079139,2040.500139,2041.321139,2044.392639,0,1.99999999999996,0.0200000000000003,5.99999999999996,2,1,65,0.5
131,2046.438139,2045.516639,2045.962139,2046.385139,2048.172639,1,1.99999999999996,0.0200000000000003,7.00000000000003,1,2,66,0.5
132,2049.380139,2048.704639,2048.874639,2049.327639,2052.051139,0,1.99999999999996,0.0200000000000003,5.99999999999996,2,1,65,0.5
133,2053.807139,2052.780639,2053.356139,2053.754139,2056.017639,1,1.99999999999996,0.0200000000000003,7.00000000000003,1,2,66,0.5
134,2057.492139,2056.761139,2057.075139,2057.492139,2064.484139,0,NaN,0,7.00000000000003,1,2,66,0.5
135,2067.469639,2067.033639,2067.128639,2067.469639,2075.082139,1,NaN,0,5.99999999999996,2,1,65,0.5
136,2076.518139,2075.707639,2076.101139,2076.465639,2078.823639,1,1.99999999999996,0.0200000000000003,7.00000000000003,1,2,66,0.5
137,2079.949139,2079.346139,2079.492639,2079.896139,2082.822139,0,1.99999999999996,0.0200000000000003,5.99999999999996,2,1,65,0.5
138,2084.349139,2083.412139,2083.927639,2084.296639,2088.739639,1,1.99999999999996,0.0200000000000003,7.00000000000003,1,2,66,0.5
139,2090.099639,2089.293139,2089.679639,2090.099639,2098.086139,1,NaN,0,5.99999999999996,2,1,65,0.5
140,2099.820139,2099.142139,2099.457639,2099.820139,2109.189639,1,NaN,0,5.99999999999996,2,1,65,0.5
141,2109.992639,2109.548639,2109.591139,2109.992639,2129.586639,0,NaN,0,7.00000000000003,1,2,66,0.5
142,2131.545139,2130.878639,2131.153639,2131.545139,2131.884139,0,NaN,0,7.00000000000003,1,2,66,0.5
143,2145.880639,2145.398139,2145.481139,2145.828139,2149.090139,0,1.99999999999996,0.0200000000000003,5.99999999999996,2,1,65,0.5
144,2150.402139,2149.535139,2149.971639,2150.349639,2153.085139,1,1.99999999999996,0.0200000000000003,7.00000000000003,1,2,66,0.5
145,2154.156139,2153.635639,2153.702639,2154.156139,2171.705639,0,NaN,0,7.00000000000003,1,2,66,0.5
146,2172.542139,2172.068139,2172.096639,2172.489639,2175.785139,0,1.99999999999996,0.0200000000000003,5.99999999999996,2,1,65,0.5
147,2177.119639,2176.300639,2176.719639,2177.067139,2179.954639,1,1.99999999999996,0.0200000000000003,7.00000000000003,1,2,66,0.5
148,2181.103639,2180.586639,2180.686139,2181.103639,2186.446639,0,NaN,0,7.00000000000003,1,2,66,0.5
149,2189.319639,2188.678139,2188.944139,2189.319639,2201.205639,0,NaN,0,7.00000000000003,1,2,66,0.5
150,2202.432139,2201.964139,2202.002139,2202.380139,2206.430139,0,1.99999999999996,0.0200000000000003,5.99999999999996,2,1,65,0.5
151,2207.874139,2206.995639,2207.454139,2207.821139,2210.621639,1,1.99999999999996,0.0200000000000003,7.00000000000003,1,2,66,0.5
152,2211.774639,2211.219639,2211.376139,2211.774639,2218.207639,0,NaN,0,7.00000000000003,1,2,66,0.5
153,2219.828639,2219.143639,2219.473139,2219.828639,2225.170639,1,NaN,0,5.99999999999996,2,1,65,0.5
154,2227.524639,2226.782639,2227.173139,2227.471639,2229.949639,1,1.99999999999996,0.0200000000000003,7.00000000000003,1,2,66,0.5
155,2230.928639,2230.418139,2230.541139,2230.928639,2239.358139,0,NaN,0,7.00000000000003,1,2,66,0.5
156,2240.596639,2239.853139,2240.213139,2240.596639,2349.883639,1,NaN,0,5.99999999999996,2,1,65,0.5
157,2352.446639,2350.957639,2351.349139,2352.446639,2366.479139,1,NaN,0,5.99999999999996,2,1,65,0.5
158,2367.663639,2366.888139,2367.252139,2367.611139,2370.504139,1,1.99999999999996,0.0200000000000003,7.00000000000003,1,2,66,0.5
159,2371.737639,2371.128139,2371.166139,2371.684639,2374.647139,0,1.99999999999996,0.0200000000000003,5.99999999999996,2,1,65,0.5
160,2376.347139,2375.203639,2375.521639,2376.347139,2383.465139,1,NaN,0,5.99999999999996,2,1,65,0.5
161,2385.176139,2384.029639,2384.677139,2385.124139,2387.842139,1,1.99999999999996,0.0200000000000003,7.00000000000003,1,2,66,0.5
162,2389.017139,2388.331139,2388.508639,2388.965139,2392.267139,0,1.99999999999996,0.0200000000000003,5.99999999999996,2,1,65,0.5
163,2393.768639,2392.797139,2393.298139,2393.715639,2396.165639,1,1.99999999999996,0.0200000000000003,7.00000000000003,1,2,66,0.5
164,2397.182639,2396.674139,2396.729139,2397.182639,2404.893139,0,NaN,0,7.00000000000003,1,2,66,0.5
165,2406.346139,2405.441139,2405.941639,2406.293639,2408.948139,1,1.99999999999996,0.0200000000000003,7.00000000000003,1,2,66,0.5
166,2410.016639,2409.425139,2409.505139,2409.963639,2413.210139,0,1.99999999999996,0.0200000000000003,5.99999999999996,2,1,65,0.5
167,2414.675639,2413.859139,2414.234139,2414.622639,2416.699139,1,1.99999999999996,0.0200000000000003,7.00000000000003,1,2,66,0.5
168,2417.828139,2417.172139,2417.371139,2417.828139,2425.495639,0,NaN,0,7.00000000000003,1,2,66,0.5
169,2428.593639,2426.854139,2427.304139,2428.541139,2431.283639,0,1.99999999999996,0.0200000000000003,5.99999999999996,2,1,65,0.5
170,2432.780639,2431.886139,2432.337639,2432.728139,2435.393639,1,1.99999999999996,0.0200000000000003,7.00000000000003,1,2,66,0.5
171,2436.365639,2435.847139,2435.974639,2436.365639,2443.415139,0,NaN,0,7.00000000000003,1,2,66,0.5
172,2444.987639,2444.105639,2444.582639,2444.935139,2447.402639,1,1.99999999999996,0.0200000000000003,7.00000000000003,1,2,66,0.5
173,2448.807639,2447.931139,2448.060639,2448.754639,2451.640639,0,1.99999999999996,0.0200000000000003,5.99999999999996,2,1,65,0.5
174,2453.292639,2452.347639,2452.847639,2453.240139,2455.747639,1,1.99999999999996,0.0200000000000003,7.00000000000003,1,2,66,0.5
175,2457.003139,2456.360139,2456.520139,2457.003139,2464.055639,0,NaN,0,7.00000000000003,1,2,66,0.5
176,2466.187639,2464.605639,2465.129139,2466.134639,2469.020139,0,1.99999999999996,0.0200000000000003,5.99999999999996,2,1,65,0.5
177,2471.021639,2470.349639,2470.547139,2470.969139,2473.810139,1,1.99999999999996,0.0200000000000003,7.00000000000003,1,2,66,0.5
178,2475.232139,2474.528639,2474.751639,2475.232139,2481.368139,0,NaN,0,7.00000000000003,1,2,66,0.5
179,2482.675139,2481.820639,2482.319639,2482.675139,2488.452139,1,NaN,0,5.99999999999996,2,1,65,0.5
180,2490.546639,2489.169139,2490.025139,2490.494139,2493.259139,1,1.99999999999996,0.0200000000000003,7.00000000000003,1,2,66,0.5
181,2494.547639,2493.924639,2494.068139,2494.528639,2497.166139,0,1.99999999999996,0.0200000000000003,5.99999999999996,2,1,65,0.5
182,2498.897139,2498.025139,2498.442139,2498.844639,2501.361639,1,1.99999999999996,0.0200000000000003,7.00000000000003,1,2,66,0.5
183,2502.481139,2501.857639,2501.945639,2502.449139,2504.912639,0,1.99999999999996,0.0200000000000003,5.99999999999996,2,1,65,0.5
184,2506.406639,2505.671139,2505.965639,2506.406639,2512.882139,1,NaN,0,5.99999999999996,2,1,65,0.5
185,2515.424639,2514.221639,2514.877639,2515.371639,2518.461139,1,1.99999999999996,0.0200000000000003,7.00000000000003,1,2,66,0.5
186,2519.632139,2518.937139,2519.136639,2519.579139,2522.499639,0,1.99999999999996,0.0200000000000003,5.99999999999996,2,1,65,0.5
187,2523.762139,2522.970139,2523.328639,2523.762139,2531.148639,1,NaN,0,5.99999999999996,2,1,65,0.5
188,2532.910639,2532.061139,2532.490639,2532.857639,2535.894139,1,1.99999999999996,0.0200000000000003,7.00000000000003,1,2,66,0.5
189,2536.927139,2536.410639,2536.487639,2536.875139,2540.331139,0,1.99999999999996,0.0200000000000003,5.99999999999996,2,1,65,0.5
190,2541.522139,2540.817639,2541.133639,2541.522139,2547.672639,1,NaN,0,5.99999999999996,2,1,65,0.5
191,2550.400639,2549.506639,2549.949139,2550.347139,2552.865139,1,1.99999999999996,0.0200000000000003,7.00000000000003,1,2,66,0.5
192,2553.916639,2553.293139,2553.458139,2553.866639,2558.329139,0,1.99999999999996,0.0200000000000003,5.99999999999996,2,1,65,0.5
193,2559.721639,2558.931639,2559.276639,2559.721639,2559.873639,1,NaN,0,5.99999999999996,2,1,65,0.5
194,2572.804139,2571.697139,2572.027139,2572.751139,2575.556639,1,1.99999999999996,0.0200000000000003,7.00000000000003,1,2,66,0.5
195,2578.858639,2578.340139,2578.373639,2578.805639,2582.974139,0,1.99999999999996,0.0200000000000003,5.99999999999996,2,1,65,0.5
196,2584.313139,2583.560639,2583.906639,2584.313139,2592.460639,1,NaN,0,5.99999999999996,2,1,65,0.5
197,2595.203639,2593.750639,2594.201639,2595.150639,2597.246139,0,1.99999999999996,0.0200000000000003,5.99999999999996,2,1,65,0.5
198,2599.224139,2598.377639,2598.762139,2599.171139,2602.339639,1,1.99999999999996,0.0200000000000003,7.00000000000003,1,2,66,0.5
199,2603.314639,2602.733639,2602.825139,2603.262139,2604.393139,0,1.99999999999996,0.0200000000000003,5.99999999999996,2,1,65,0.5
200,2605.916639,2605.053139,2605.439639,2605.864139,2608.613139,1,1.99999999999996,0.0200000000000003,7.00000000000003,1,2,66,0.5
201,2609.602139,2609.017139,2609.091639,2609.549139,2612.020139,0,1.99999999999996,0.0200000000000003,5.99999999999996,2,1,65,0.5
202,2613.588139,2612.532139,2612.959639,2613.535139,2616.327139,0,1.99999999999996,0.0200000000000003,5.99999999999996,2,1,65,0.5
203,2618.075139,2617.116639,2617.615639,2618.022139,2620.725139,1,1.99999999999996,0.0200000000000003,7.00000000000003,1,2,66,0.5
204,2621.775139,2621.201139,2621.353639,2621.775139,2628.880139,0,NaN,0,7.00000000000003,1,2,66,0.5
205,2630.665139,2629.817139,2630.270139,2630.612139,2633.551639,1,1.99999999999996,0.0200000000000003,7.00000000000003,1,2,66,0.5
206,2634.633139,2634.050139,2634.106639,2634.580639,2636.848639,0,1.99999999999996,0.0200000000000003,5.99999999999996,2,1,65,0.5
207,2638.205139,2637.371139,2637.777639,2638.152139,2640.539639,1,1.99999999999996,0.0200000000000003,7.00000000000003,1,2,66,0.5
208,2641.582639,2640.959639,2641.119139,2641.538139,2644.325139,0,1.99999999999996,0.0200000000000003,5.99999999999996,2,1,65,0.5
209,2645.815139,2644.930639,2645.303139,2645.762139,2648.078139,1,1.99999999999996,0.0200000000000003,7.00000000000003,1,2,66,0.5
210,2649.101639,2648.525139,2648.675139,2649.101639,2655.951139,0,NaN,0,7.00000000000003,1,2,66,0.5
211,2657.143139,2656.415139,2656.749139,2657.143139,2664.333139,1,NaN,0,5.99999999999996,2,1,65,0.5
212,2665.195639,2664.768139,2664.839139,2665.195639,2673.187139,0,NaN,0,7.00000000000003,1,2,66,0.5
213,2674.033139,2673.673139,2673.712139,2674.033139,2681.076639,0,NaN,0,7.00000000000003,1,2,66,0.5
214,2683.248639,2682.451139,2682.866639,2683.196139,2685.795139,1,1.99999999999996,0.0200000000000003,7.00000000000003,1,2,66,0.5
215,2686.701639,2686.163639,2686.252139,2686.649139,2690.682639,0,1.99999999999996,0.0200000000000003,5.99999999999996,2,1,65,0.5
216,2691.939639,2691.058139,2691.469139,2691.887139,2694.378639,1,1.99999999999996,0.0200000000000003,7.00000000000003,1,2,66,0.5
217,2695.383639,2694.840639,2694.923639,2695.383639,2701.759639,0,NaN,0,7.00000000000003,1,2,66,0.5
218,2703.724139,2703.166139,2703.424639,2703.724139,2708.485639,1,NaN,0,5.99999999999996,2,1,65,0.5
219,2713.162139,2712.286639,2712.692639,2713.109639,2715.201139,1,1.99999999999996,0.0200000000000003,7.00000000000003,1,2,66,0.5
220,2716.391139,2715.595139,2715.934139,2716.391139,2723.088639,0,NaN,0,7.00000000000003,1,2,66,0.5
221,2725.201639,2724.457139,2724.831139,2725.149139,2729.206139,1,1.99999999999996,0.0200000000000003,7.00000000000003,1,2,66,0.5
222,2730.375639,2729.679139,2729.984639,2730.375639,2737.354139,1,NaN,0,5.99999999999996,2,1,65,0.5
223,2738.495139,2737.825139,2738.120139,2738.495139,2745.114639,1,NaN,0,5.99999999999996,2,1,65,0.5
224,2746.262639,2745.492139,2745.873139,2746.262639,2752.677139,1,NaN,0,5.99999999999996,2,1,65,0.5
225,2753.784139,2753.074139,2753.404639,2753.730639,2757.956139,0,1.99999999999996,0.0200000000000003,5.99999999999996,2,1,65,0.5
226,2759.435139,2758.386139,2758.959139,2759.382139,2761.483639,1,1.99999999999996,0.0200000000000003,7.00000000000003,1,2,66,0.5
227,2762.629639,2761.925639,2762.157639,2762.576639,2764.986639,0,1.99999999999996,0.0200000000000003,5.99999999999996,2,1,65,0.5
228,2766.551639,2765.573139,2765.936639,2766.499139,2768.837639,0,1.99999999999996,0.0200000000000003,5.99999999999996,2,1,65,0.5
229,2770.635639,2769.472639,2770.194139,2770.583139,2773.703139,1,1.99999999999996,0.0200000000000003,7.00000000000003,1,2,66,0.5
230,2775.129139,2774.448139,2774.659639,2775.129139,2827.577639,0,NaN,0,7.00000000000003,1,2,66,0.5
231,2828.927639,2828.048639,2828.416639,2828.874639,2833.768139,1,1.99999999999996,0.0200000000000003,7.00000000000003,1,2,66,0.5
232,2835.457639,2834.511139,2834.944639,2835.404639,2837.696639,1,1.99999999999996,0.0200000000000003,7.00000000000003,1,2,66,0.5
233,2838.965139,2838.180139,2838.395139,2838.911639,2841.772139,0,1.99999999999996,0.0200000000000003,5.99999999999996,2,1,65,0.5
234,2843.371139,2842.297639,2842.687139,2843.318139,2845.730639,0,1.99999999999996,0.0200000000000003,5.99999999999996,2,1,65,0.5
235,2848.060639,2846.905639,2847.519139,2848.007639,2851.200639,1,1.99999999999996,0.0200000000000003,7.00000000000003,1,2,66,0.5
236,2852.271139,2851.662139,2851.767139,2852.271139,2859.678639,0,NaN,0,7.00000000000003,1,2,66,0.5
237,2861.174139,2860.233139,2860.737139,2861.121639,2863.599139,1,1.99999999999996,0.0200000000000003,7.00000000000003,1,2,66,0.5
238,2865.042639,2864.118639,2864.553639,2865.042639,2871.983139,0,NaN,0,7.00000000000003,1,2,66,0.5
239,2873.852139,2872.938639,2873.317139,2873.852139,2880.672139,0,NaN,0,7.00000000000003,1,2,66,0.5
240,2882.775639,2881.907139,2882.378639,2882.775639,2889.832639,1,NaN,0,5.99999999999996,2,1,65,0.5
241,2892.022139,2891.146639,2891.610639,2891.969139,2894.295639,1,1.99999999999996,0.0200000000000003,7.00000000000003,1,2,66,0.5
242,2895.309139,2894.697639,2894.875639,2895.256639,2898.016139,0,1.99999999999996,0.0200000000000003,5.99999999999996,2,1,65,0.5
243,2899.621639,2898.799639,2898.899639,2899.568639,2901.981139,0,1.99999999999996,0.0200000000000003,5.99999999999996,2,1,65,0.5
244,2903.744639,2902.806139,2903.096639,2903.692139,2906.507639,0,1.99999999999996,0.0200000000000003,5.99999999999996,2,1,65,0.5
245,2908.180139,2907.182139,2907.705639,2908.127139,2911.299639,1,1.99999999999996,0.0200000000000003,7.00000000000003,1,2,66,0.5
246,2912.532639,2911.795139,2912.027139,2912.480139,2916.116139,0,1.99999999999996,0.0200000000000003,5.99999999999996,2,1,65,0.5
247,2917.491139,2916.611639,2916.903139,2917.438139,2920.330639,0,1.99999999999996,0.0200000000000003,5.99999999999996,2,1,65,0.5
248,2922.499139,2921.554639,2922.036639,2922.446639,2925.156139,1,1.99999999999996,0.0200000000000003,7.00000000000003,1,2,66,0.5
249,2926.175639,2925.604639,2925.661139,2926.122639,2929.606139,0,1.99999999999996,0.0200000000000003,5.99999999999996,2,1,65,0.5
250,2931.224639,2930.267639,2930.601139,2931.171139,2934.177139,0,1.99999999999996,0.0200000000000003,5.99999999999996,2,1,65,0.5
251,2935.839639,2935.038139,2935.405639,2935.786639,2938.607139,1,1.99999999999996,0.0200000000000003,7.00000000000003,1,2,66,0.5
252,2939.662639,2939.089139,2939.237639,2939.662639,2946.776639,0,NaN,0,7.00000000000003,1,2,66,0.5
253,2948.024639,2947.262639,2947.430639,2947.971139,2953.248639,0,1.99999999999996,0.0200000000000003,5.99999999999996,2,1,65,0.5
254,2955.405639,2954.507139,2954.885139,2955.352639,2958.168639,1,1.99999999999996,0.0200000000000003,7.00000000000003,1,2,66,0.5
255,2959.314639,2958.605639,2958.808639,2959.261639,2962.198139,0,1.99999999999996,0.0200000000000003,5.99999999999996,2,1,65,0.5
256,2963.810139,2962.702639,2963.267139,2963.757639,2966.140639,1,1.99999999999996,0.0200000000000003,7.00000000000003,1,2,66,0.5
257,2968.060639,2967.348639,2967.546139,2968.060639,2968.436639,0,NaN,0,7.00000000000003,1,2,66,0.5
258,2998.188139,2997.247139,2997.425139,2998.188139,3005.665639,1,NaN,0,5.99999999999996,2,1,65,0.5
259,3007.025139,3006.364139,3006.629139,3007.025139,3014.526639,1,NaN,0,5.99999999999996,2,1,65,0.5
260,3016.257139,3015.464139,3015.826639,3016.204639,3018.867639,1,1.99999999999996,0.0200000000000003,7.00000000000003,1,2,66,0.5
261,3020.099639,3019.366139,3019.544639,3020.047639,3022.801639,0,1.99999999999996,0.0200000000000003,5.99999999999996,2,1,65,0.5
262,3024.491639,3023.624139,3023.957639,3024.438639,3028.102139,0,1.99999999999996,0.0200000000000003,5.99999999999996,2,1,65,0.5
263,3029.526639,3028.698639,3028.969639,3029.473639,3031.967639,0,1.99999999999996,0.0200000000000003,5.99999999999996,2,1,65,0.5
264,3034.524639,3033.682139,3033.941639,3034.472639,3036.928639,1,1.99999999999996,0.0200000000000003,7.00000000000003,1,2,66,0.5
265,3039.126639,3038.502639,3038.669639,3039.100139,3041.522639,0,1.99999999999996,0.0200000000000003,5.99999999999996,2,1,65,0.5
266,3043.126639,3042.226139,3042.529639,3043.074139,3045.858639,0,1.99999999999996,0.0200000000000003,5.99999999999996,2,1,65,0.5
267,3047.370639,3046.470639,3046.852639,3047.317639,3050.066139,1,1.99999999999996,0.0200000000000003,7.00000000000003,1,2,66,0.5
268,3051.122139,3050.552139,3050.624139,3051.122139,3055.885639,0,NaN,0,7.00000000000003,1,2,66,0.5
269,3059.172639,3058.288139,3058.742139,3059.120139,3061.531639,1,1.99999999999996,0.0200000000000003,7.00000000000003,1,2,66,0.5
270,3062.740639,3062.057639,3062.208139,3062.688139,3065.573639,0,1.99999999999996,0.0200000000000003,5.99999999999996,2,1,65,0.5
271,3066.893639,3066.064639,3066.440139,3066.841139,3069.057639,1,1.99999999999996,0.0200000000000003,7.00000000000003,1,2,66,0.5
272,3070.167639,3069.499639,3069.726639,3070.167639,3077.379639,0,NaN,0,7.00000000000003,1,2,66,0.5
273,3079.047639,3078.433139,3078.698639,3079.047639,3084.848639,1,NaN,0,5.99999999999996,2,1,65,0.5
274,3086.818639,3085.917139,3086.417639,3086.818639,3090.935139,1,NaN,0,5.99999999999996,2,1,65,0.5
275,3094.579639,3093.712139,3094.129139,3094.526139,3097.363639,1,1.99999999999996,0.0200000000000003,7.00000000000003,1,2,66,0.5
276,3098.362139,3097.755139,3097.875139,3098.309639,3100.938639,0,1.99999999999996,0.0200000000000003,5.99999999999996,2,1,65,0.5
277,3102.374639,3101.610139,3101.901139,3102.321139,3107.031139,0,1.99999999999996,0.0200000000000003,5.99999999999996,2,1,65,0.5
278,3108.454639,3107.447139,3107.945139,3108.402139,3110.865639,1,1.99999999999996,0.0200000000000003,7.00000000000003,1,2,66,0.5
279,3112.066639,3111.306639,3111.608639,3112.066639,3226.651639,0,NaN,0,7.00000000000003,1,2,66,0.5
280,3228.400139,3227.638639,3227.907139,3228.400139,3232.903139,0,NaN,0,7.00000000000003,1,2,66,0.5
281,3236.211139,3235.275139,3235.742139,3236.211139,3258.078139,1,NaN,0,5.99999999999996,2,1,65,0.5
282,3259.462639,3258.547639,3259.013639,3259.409639,3261.922139,1,1.99999999999996,0.0200000000000003,7.00000000000003,1,2,66,0.5
283,3263.030639,3262.407639,3262.560139,3262.983639,3265.960639,0,1.99999999999996,0.0200000000000003,5.99999999999996,2,1,65,0.5
284,3267.888639,3266.537139,3266.919139,3267.835639,3270.371139,0,1.99999999999996,0.0200000000000003,5.99999999999996,2,1,65,0.5
285,3272.173139,3271.362139,3271.689639,3272.120639,3274.552139,1,1.99999999999996,0.0200000000000003,7.00000000000003,1,2,66,0.5
286,3276.013139,3275.018139,3275.513139,3276.013139,3283.836639,0,NaN,0,7.00000000000003,1,2,66,0.5
287,3284.786639,3284.211639,3284.390639,3284.733639,3287.330139,0,1.99999999999996,0.0200000000000003,5.99999999999996,2,1,65,0.5
288,3289.056139,3288.202639,3288.581139,3289.003139,3291.235139,1,1.99999999999996,0.0200000000000003,7.00000000000003,1,2,66,0.5
289,3292.260139,3291.652639,3291.837139,3292.260139,3298.876639,0,NaN,0,7.00000000000003,1,2,66,0.5
290,3299.928639,3299.354639,3299.519639,3299.928639,3307.571139,0,NaN,0,7.00000000000003,1,2,66,0.5
291,3309.538139,3308.551139,3309.085639,3309.485639,3311.628139,1,1.99999999999996,0.0200000000000003,7.00000000000003,1,2,66,0.5
292,3312.791139,3312.023639,3312.322639,3312.739139,3315.412639,0,1.99999999999996,0.0200000000000003,5.99999999999996,2,1,65,0.5
293,3316.750639,3315.944639,3316.295139,3316.697639,3318.826639,1,1.99999999999996,0.0200000000000003,7.00000000000003,1,2,66,0.5
294,3319.923139,3319.294139,3319.466639,3319.923139,3328.487639,0,NaN,0,7.00000000000003,1,2,66,0.5
295,3329.766639,3329.000139,3329.309639,3329.714139,3332.299139,0,1.99999999999996,0.0200000000000003,5.99999999999996,2,1,65,0.5
296,3334.059139,3333.154639,3333.497139,3334.006639,3336.116639,0,1.99999999999996,0.0200000000000003,5.99999999999996,2,1,65,0.5
297,3337.833139,3337.067139,3337.342639,3337.780639,3340.782139,1,1.99999999999996,0.0200000000000003,7.00000000000003,1,2,66,0.5
298,3341.828639,3341.190139,3341.344639,3341.828639,3349.009139,0,NaN,0,7.00000000000003,1,2,66,0.5
299,3350.548139,3349.725139,3350.107639,3350.548139,3359.060139,0,NaN,0,7.00000000000003,1,2,66,0.5
300,3360.494139,3359.789639,3360.105139,3360.494139,3366.671639,1,NaN,0,5.99999999999996,2,1,65,0.5
301,3368.857639,3368.008139,3368.441639,3368.805639,3371.382639,1,1.99999999999996,0.0200000000000003,7.00000000000003,1,2,66,0.5
302,3372.567639,3371.807139,3372.113639,3372.567639,3380.436139,0,NaN,0,7.00000000000003,1,2,66,0.5
303,3381.578639,3380.847139,3381.208639,3381.578639,3389.064139,1,NaN,0,5.99999999999996,2,1,65,0.5
304,3391.501139,3390.162139,3390.701639,3391.448139,3393.773139,0,1.99999999999996,0.0200000000000003,5.99999999999996,2,1,65,0.5
305,3395.195139,3394.371139,3394.747139,3395.142639,3397.415639,1,1.99999999999996,0.0200000000000003,7.00000000000003,1,2,66,0.5
306,3398.466139,3397.818139,3398.004639,3398.466139,3538.788639,0,NaN,0,7.00000000000003,1,2,66,0.5
307,3540.667139,3539.611639,3539.985139,3540.667139,3551.669639,0,NaN,0,7.00000000000003,1,2,66,0.5
308,3553.022639,3552.099639,3552.588139,3552.970139,3554.873139,1,1.99999999999996,0.0200000000000003,7.00000000000003,1,2,66,0.5
309,3556.069639,3555.323139,3555.637139,3556.069639,3556.390639,0,NaN,0,7.00000000000003,1,2,66,0.5
310,3588.672139,3587.780639,3588.200139,3588.619639,3590.746639,1,1.99999999999996,0.0200000000000003,7.00000000000003,1,2,66,0.5
311,3591.902139,3591.200639,3591.407139,3591.849639,3594.259639,0,1.99999999999996,0.0200000000000003,5.99999999999996,2,1,65,0.5
312,3595.655639,3594.793139,3595.104639,3595.603639,3598.060639,0,1.99999999999996,0.0200000000000003,5.99999999999996,2,1,65,0.5
313,3599.732639,3598.676639,3599.270639,3599.680639,3602.596639,1,1.99999999999996,0.0200000000000003,7.00000000000003,1,2,66,0.5
314,3603.898639,3603.242639,3603.454639,3603.898639,3611.667139,0,NaN,0,7.00000000000003,1,2,66,0.5
315,3613.220639,3612.107639,3612.514139,3613.220639,3618.287639,0,NaN,0,7.00000000000003,1,2,66,0.5
316,3620.697639,3620.024139,3620.208139,3620.645139,3622.958139,0,1.99999999999996,0.0200000000000003,5.99999999999996,2,1,65,0.5
317,3624.893639,3623.653139,3624.322139,3624.893639,3632.180139,0,NaN,0,7.00000000000003,1,2,66,0.5
318,3633.409639,3632.775639,3633.036139,3633.409639,3647.416639,1,NaN,0,5.99999999999996,2,1,65,0.5
319,3648.614639,3647.819639,3648.232639,3648.614639,3658.011139,1,NaN,0,5.99999999999996,2,1,65,0.5
320,3659.752639,3658.501139,3658.893139,3659.699639,3663.930139,0,1.99999999999996,0.0200000000000003,5.99999999999996,2,1,65,0.5
321,3665.290639,3664.460139,3664.757639,3665.237639,3667.562139,0,1.99999999999996,0.0200000000000003,5.99999999999996,2,1,65,0.5
322,3669.076639,3668.269639,3668.527139,3669.023639,3671.213139,0,1.99999999999996,0.0200000000000003,5.99999999999996,2,1,65,0.5
323,3673.616639,3672.212139,3672.457639,3673.564139,3676.563639,0,1.99999999999996,0.0200000000000003,5.99999999999996,2,1,65,0.5
324,3678.035139,3677.041139,3677.450139,3678.035139,3685.606139,0,NaN,0,7.00000000000003,1,2,66,0.5
325,3686.671139,3686.047139,3686.280639,3686.629639,3690.290139,0,1.99999999999996,0.0200000000000003,5.99999999999996,2,1,65,0.5
326,3691.759139,3690.835639,3691.297139,3691.707139,3693.598139,1,1.99999999999996,0.0200000000000003,7.00000000000003,1,2,66,0.5
327,3695.248639,3694.402639,3694.823639,3695.248639,3700.515639,0,NaN,0,7.00000000000003,1,2,66,0.5
328,3703.168639,3702.286639,3702.723639,3703.115139,3705.787139,1,1.99999999999996,0.0200000000000003,7.00000000000003,1,2,66,0.5
329,3706.820139,3706.197139,3706.355639,3706.767139,3709.349139,0,1.99999999999996,0.0200000000000003,5.99999999999996,2,1,65,0.5
330,3710.874639,3709.895139,3710.421639,3710.822139,3713.353639,1,1.99999999999996,0.0200000000000003,7.00000000000003,1,2,66,0.5
331,3714.523639,3713.848139,3714.009139,3714.470639,3717.172639,0,1.99999999999996,0.0200000000000003,5.99999999999996,2,1,65,0.5
332,3718.669639,3717.695639,3718.178139,3718.617139,3721.413139,1,1.99999999999996,0.0200000000000003,7.00000000000003,1,2,66,0.5
333,3722.705139,3722.081639,3722.250139,3722.676639,3725.215139,0,1.99999999999996,0.0200000000000003,5.99999999999996,2,1,65,0.5
334,3726.745139,3725.844639,3726.220639,3726.745139,3738.880139,0,NaN,0,7.00000000000003,1,2,66,0.5
335,3740.004639,3739.298639,3739.605639,3740.004639,3741.585639,1,NaN,0,5.99999999999996,2,1,65,0.5
336,3748.046639,3747.338639,3747.577639,3747.993639,3750.520139,1,1.99999999999996,0.0200000000000003,7.00000000000003,1,2,66,0.5
337,3751.893139,3751.162139,3751.258139,3751.840139,3754.048639,0,1.99999999999996,0.0200000000000003,5.99999999999996,2,1,65,0.5
338,3757.337139,3756.419139,3756.832639,3757.284639,3759.633639,1,1.99999999999996,0.0200000000000003,7.00000000000003,1,2,66,0.5
339,3761.103639,3760.337139,3760.431639,3761.103639,3766.937639,0,NaN,0,7.00000000000003,1,2,66,0.5
340,3768.921139,3768.181139,3768.572139,3768.921139,3777.856639,1,NaN,0,5.99999999999996,2,1,65,0.5
341,3779.263139,3778.397139,3778.783139,3779.263139,3787.394639,1,NaN,0,5.99999999999996,2,1,65,0.5
342,3788.921139,3788.293639,3788.476139,3788.921139,3793.607139,0,NaN,0,7.00000000000003,1,2,66,0.5
343,3797.482639,3796.826639,3796.911139,3797.430139,3801.394639,0,1.99999999999996,0.0200000000000003,5.99999999999996,2,1,65,0.5
344,3804.165139,3803.185639,3803.659139,3804.111639,3806.770139,1,1.99999999999996,0.0200000000000003,7.00000000000003,1,2,66,0.5
345,3808.416639,3807.759639,3807.859639,3808.416639,3817.199139,0,NaN,0,7.00000000000003,1,2,66,0.5
346,3818.405639,3817.693639,3817.847639,3818.352639,3822.689639,0,1.99999999999996,0.0200000000000003,5.99999999999996,2,1,65,0.5
347,3825.158639,3824.163139,3824.619639,3825.105639,3827.483639,1,1.99999999999996,0.0200000000000003,7.00000000000003,1,2,66,0.5
348,3829.244639,3828.388639,3828.702639,3829.244639,3838.838139,0,NaN,0,7.00000000000003,1,2,66,0.5
349,3840.797139,3839.712139,3840.273639,3840.797139,3845.713139,0,NaN,0,7.00000000000003,1,2,66,0.5
350,3849.215139,3848.462639,3848.746139,3849.215139,3921.263139,1,NaN,0,5.99999999999996,2,1,65,0.5
351,3922.789139,3922.124639,3922.385639,3922.789139,3945.181639,1,NaN,0,5.99999999999996,2,1,65,0.5
352,3946.192139,3945.568139,3945.754139,3946.158639,3949.710139,0,1.99999999999996,0.0200000000000003,5.99999999999996,2,1,65,0.5
353,3951.075639,3950.241139,3950.548639,3951.075639,3953.420139,1,NaN,0,5.99999999999996,2,1,65,0.5
354,4061.836139,4061.100139,4061.258139,4061.783139,4080.225639,0,1.99999999999996,0.0200000000000003,5.99999999999996,2,1,65,0.5
355,4086.883639,4085.422139,4085.754139,4086.883639,4093.029139,1,NaN,0,5.99999999999996,2,1,65,0.5
356,4094.617139,4093.746639,4094.185639,4094.564639,4099.671639,1,1.99999999999996,0.0200000000000003,7.00000000000003,1,2,66,0.5
357,4102.828139,4101.890139,4102.378139,4102.775639,4104.864639,1,1.99999999999996,0.0200000000000003,7.00000000000003,1,2,66,0.5
358,4106.533139,4105.842139,4106.048639,4106.480139,4110.907139,0,1.99999999999996,0.0200000000000003,5.99999999999996,2,1,65,0.5
359,4112.821639,4111.920639,4112.343139,4112.768639,4115.561139,1,1.99999999999996,0.0200000000000003,7.00000000000003,1,2,66,0.5
360,4117.109139,4116.431639,4116.605639,4117.109139,4131.591139,0,NaN,0,7.00000000000003,1,2,66,0.5
361,4132.930139,4132.274639,4132.577139,4132.930139,4133.080639,1,NaN,0,5.99999999999996,2,1,65,0.5
362,4140.761639,4139.872139,4140.316139,4140.709139,4143.277639,1,1.99999999999996,0.0200000000000003,7.00000000000003,1,2,66,0.5
363,4144.867139,4143.980139,4144.338139,4144.867139,4145.086139,0,NaN,0,7.00000000000003,1,2,66,0.5
364,4152.380639,4151.544639,4152.013639,4152.380639,4156.106639,1,NaN,0,5.99999999999996,2,1,65,0.5
365,4159.674139,4159.094639,4159.274139,4159.674139,4169.739139,1,NaN,0,5.99999999999996,2,1,65,0.5
366,4171.083639,4170.166139,4170.586639,4171.031139,4173.825139,1,1.99999999999996,0.0200000000000003,7.00000000000003,1,2,66,0.5
367,4175.722139,4174.391139,4174.550139,4175.670139,4177.412139,0,1.99999999999996,0.0200000000000003,5.99999999999996,2,1,65,0.5
368,4179.231639,4178.266639,4178.636139,4179.179139,4181.729639,0,1.99999999999996,0.0200000000000003,5.99999999999996,2,1,65,0.5
369,4183.782639,4182.765639,4182.870639,4183.729639,4184.927139,0,1.99999999999996,0.0200000000000003,5.99999999999996,2,1,65,0.5
370,4186.478639,4185.477639,4186.000139,4186.425639,4189.176139,1,1.99999999999996,0.0200000000000003,7.00000000000003,1,2,66,0.5
371,4191.108139,4190.483639,4190.589139,4191.087139,4192.685639,0,1.99999999999996,0.0200000000000003,5.99999999999996,2,1,65,0.5
372,4194.745139,4193.858639,4194.286139,4194.692639,4197.323139,1,1.99999999999996,0.0200000000000003,7.00000000000003,1,2,66,0.5
373,4198.613639,4197.847639,4198.006139,4198.561639,4200.335639,0,1.99999999999996,0.0200000000000003,5.99999999999996,2,1,65,0.5
374,4202.724139,4201.747139,4202.265139,4202.671639,4205.350139,1,1.99999999999996,0.0200000000000003,7.00000000000003,1,2,66,0.5
375,4206.744139,4206.022639,4206.202639,4206.691639,4209.178139,0,1.99999999999996,0.0200000000000003,5.99999999999996,2,1,65,0.5
376,4210.814639,4209.844639,4210.335139,4210.761639,4213.462639,1,1.99999999999996,0.0200000000000003,7.00000000000003,1,2,66,0.5
377,4215.196139,4214.193139,4214.575139,4215.196139,4224.132639,0,NaN,0,7.00000000000003,1,2,66,0.5
378,4226.568639,4225.144639,4225.641139,4226.515639,4229.319639,0,1.99999999999996,0.0200000000000003,5.99999999999996,2,1,65,0.5
379,4230.754639,4229.839139,4230.133139,4230.702139,4233.237139,0,1.99999999999996,0.0200000000000003,5.99999999999996,2,1,65,0.5
380,4234.966139,4234.116639,4234.396139,4234.913139,4237.460639,1,1.99999999999996,0.0200000000000003,7.00000000000003,1,2,66,0.5
381,4238.824139,4238.093139,4238.279139,4238.771139,4241.440139,0,1.99999999999996,0.0200000000000003,5.99999999999996,2,1,65,0.5
382,4242.823139,4241.920139,4242.238139,4242.770639,4244.689139,0,1.99999999999996,0.0200000000000003,5.99999999999996,2,1,65,0.5
383,4246.121139,4245.194639,4245.658639,4246.068639,4249.154639,1,1.99999999999996,0.0200000000000003,7.00000000000003,1,2,66,0.5
384,4250.377139,4249.699139,4249.826639,4250.377139,4257.854139,0,NaN,0,7.00000000000003,1,2,66,0.5
385,4260.157139,4258.400639,4258.967139,4260.104139,4263.949139,0,1.99999999999996,0.0200000000000003,5.99999999999996,2,1,65,0.5
386,4266.436639,4265.217139,4265.628139,4266.436639,4272.639139,0,NaN,0,7.00000000000003,1,2,66,0.5
387,4274.135139,4273.220639,4273.643639,4274.082639,4277.872139,1,1.99999999999996,0.0200000000000003,7.00000000000003,1,2,66,0.5
388,4279.465639,4278.370139,4278.978139,4279.465639,4285.390139,0,NaN,0,7.00000000000003,1,2,66,0.5
389,4287.190139,4286.190639,4286.730139,4287.137639,4290.714139,1,1.99999999999996,0.0200000000000003,7.00000000000003,1,2,66,0.5
390,4291.983639,4291.205639,4291.452639,4291.930639,4294.708139,0,1.99999999999996,0.0200000000000003,5.99999999999996,2,1,65,0.5
391,4296.088139,4295.260639,4295.638639,4296.036139,4299.450139,1,1.99999999999996,0.0200000000000003,7.00000000000003,1,2,66,0.5
392,4300.822139,4300.031639,4300.236139,4300.769639,4302.892139,0,1.99999999999996,0.0200000000000003,5.99999999999996,2,1,65,0.5
393,4305.532639,4304.199139,4304.650639,4305.480139,4310.332139,1,1.99999999999996,0.0200000000000003,7.00000000000003,1,2,66,0.5
394,4311.868639,4311.132139,4311.292139,4311.868639,4318.849139,0,NaN,0,7.00000000000003,1,2,66,0.5
395,4320.650639,4319.856139,4320.224139,4320.650639,4325.744139,1,NaN,0,5.99999999999996,2,1,65,0.5
396,4328.413139,4327.635139,4328.000639,4328.413139,4333.959139,1,NaN,0,5.99999999999996,2,1,65,0.5
397,4336.981639,4335.129639,4335.669139,4336.929139,4341.671139,0,1.99999999999996,0.0200000000000003,5.99999999999996,2,1,65,0.5
398,4343.704139,4342.175139,4342.796639,4343.651639,4346.282139,0,1.99999999999996,0.0200000000000003,5.99999999999996,2,1,65,0.5
399,4347.865139,4346.941639,4347.346139,4347.811639,4350.362639,1,1.99999999999996,0.0200000000000003,7.00000000000003,1,2,66,0.5
400,4351.744639,4350.877139,4351.167639,4351.744639,4355.738139,0,NaN,0,7.00000000000003,1,2,66,0.5
401,4359.213639,4358.182139,4358.743139,4359.160639,4362.693139,1,1.99999999999996,0.0200000000000003,7.00000000000003,1,2,66,0.5
402,4364.224639,4363.303639,4363.713139,4364.224639,4370.812139,0,NaN,0,7.00000000000003,1,2,66,0.5
403,4372.846139,4372.101639,4372.521639,4372.846139,4380.067639,1,NaN,0,5.99999999999996,2,1,65,0.5
404,4382.695639,4381.480139,4382.284139,4382.695639,4560.748139,0,NaN,0,7.00000000000003,1,2,66,0.5
405,4581.435639,4580.345139,4580.778639,4581.383139,4583.932639,1,1.99999999999996,0.0200000000000003,7.00000000000003,1,2,66,0.5
406,4585.520139,4584.458139,4584.947139,4585.520139,4585.762639,0,NaN,0,7.00000000000003,1,2,66,0.5
407,4611.091639,4610.254139,4610.594139,4611.091639,4617.999139,1,NaN,0,5.99999999999996,2,1,65,0.5
408,4619.400639,4618.516139,4618.940139,4619.348139,4621.896139,1,1.99999999999996,0.0200000000000003,7.00000000000003,1,2,66,0.5
409,4623.102639,4622.380139,4622.533639,4623.050139,4624.943639,0,1.99999999999996,0.0200000000000003,5.99999999999996,2,1,65,0.5
410,4627.522639,4626.654139,4626.955139,4627.469639,4629.767139,0,1.99999999999996,0.0200000000000003,5.99999999999996,2,1,65,0.5
411,4632.003139,4630.892139,4631.087139,4631.950639,4634.722639,1,1.99999999999996,0.0200000000000003,7.00000000000003,1,2,66,0.5
412,4636.241639,4635.483639,4635.737639,4636.241639,4643.822139,0,NaN,0,7.00000000000003,1,2,66,0.5
413,4645.252639,4644.394639,4644.773139,4645.252639,4651.126139,1,NaN,0,5.99999999999996,2,1,65,0.5
414,4652.882139,4651.689639,4652.005139,4652.829639,4656.679639,0,1.99999999999996,0.0200000000000003,5.99999999999996,2,1,65,0.5
415,4658.628639,4657.418139,4657.720639,4658.575639,4661.249639,0,1.99999999999996,0.0200000000000003,5.99999999999996,2,1,65,0.5
416,4663.014139,4661.996139,4662.494139,4662.962139,4665.943639,1,1.99999999999996,0.0200000000000003,7.00000000000003,1,2,66,0.5
417,4667.126139,4666.398139,4666.588139,4667.073639,4669.681139,0,1.99999999999996,0.0200000000000003,5.99999999999996,2,1,65,0.5
418,4671.851639,4670.453139,4670.745639,4671.799639,4674.141139,0,1.99999999999996,0.0200000000000003,5.99999999999996,2,1,65,0.5
419,4675.906639,4674.879639,4675.412639,4675.854139,4678.391639,1,1.99999999999996,0.0200000000000003,7.00000000000003,1,2,66,0.5
420,4679.639139,4678.871639,4679.106639,4679.586639,4682.598639,0,1.99999999999996,0.0200000000000003,5.99999999999996,2,1,65,0.5
421,4684.154139,4683.155639,4683.621139,4684.101639,4686.880139,1,1.99999999999996,0.0200000000000003,7.00000000000003,1,2,66,0.5
422,4688.022139,4687.397639,4687.538639,4688.010139,4689.902139,0,1.99999999999996,0.0200000000000003,5.99999999999996,2,1,65,0.5
423,4691.548639,4690.519639,4691.001139,4691.495639,4694.110639,1,1.99999999999996,0.0200000000000003,7.00000000000003,1,2,66,0.5
424,4695.807639,4695.354139,4695.418139,4695.807639,4704.439639,0,NaN,0,7.00000000000003,1,2,66,0.5
425,4706.447639,4704.985639,4705.251139,4706.395139,4709.010639,0,1.99999999999996,0.0200000000000003,5.99999999999996,2,1,65,0.5
426,4710.822139,4709.603139,4709.846639,4710.769139,4713.630139,0,1.99999999999996,0.0200000000000003,5.99999999999996,2,1,65,0.5
427,4715.513639,4714.484139,4714.982639,4715.461139,4718.723139,1,1.99999999999996,0.0200000000000003,7.00000000000003,1,2,66,0.5
428,4719.905639,4719.282139,4719.398139,4719.867139,4722.237639,0,1.99999999999996,0.0200000000000003,5.99999999999996,2,1,65,0.5
429,4724.177139,4722.823139,4723.015139,4724.123639,4728.674639,0,1.99999999999996,0.0200000000000003,5.99999999999996,2,1,65,0.5
430,4730.487139,4729.461139,4729.949139,4730.434139,4733.501139,1,1.99999999999996,0.0200000000000003,7.00000000000003,1,2,66,0.5
431,4735.137139,4734.379639,4734.550139,4735.083639,4737.408639,0,1.99999999999996,0.0200000000000003,5.99999999999996,2,1,65,0.5
432,4739.668639,4737.983639,4738.202139,4739.616639,4742.092139,0,1.99999999999996,0.0200000000000003,5.99999999999996,2,1,65,0.5
433,4744.408139,4743.499639,4743.769639,4744.355139,4758.389139,1,1.99999999999996,0.0200000000000003,7.00000000000003,1,2,66,0.5
434,4760.489139,4759.288139,4759.704639,4760.436639,4763.005639,0,1.99999999999996,0.0200000000000003,5.99999999999996,2,1,65,0.5
435,4764.855139,4763.806139,4764.013639,4764.802639,4767.237639,0,1.99999999999996,0.0200000000000003,5.99999999999996,2,1,65,0.5
436,4768.898139,4768.024639,4768.177139,4768.898139,4777.077139,0,NaN,0,7.00000000000003,1,2,66,0.5
437,4846.055639,4844.829139,4845.040639,4846.003139,4849.079139,1,1.99999999999996,0.0200000000000003,7.00000000000003,1,2,66,0.5
438,4850.479139,4849.697639,4849.881639,4850.426639,4852.783139,0,1.99999999999996,0.0200000000000003,5.99999999999996,2,1,65,0.5
439,4854.710139,4853.989139,4854.158139,4854.657639,4857.363139,1,1.99999999999996,0.0200000000000003,7.00000000000003,1,2,66,0.5
440,4858.583639,4857.888639,4858.012139,4858.531139,4860.780139,0,1.99999999999996,0.0200000000000003,5.99999999999996,2,1,65,0.5
441,4862.215139,4861.405139,4861.630639,4862.162639,4865.108639,0,1.99999999999996,0.0200000000000003,5.99999999999996,2,1,65,0.5
442,4867.216639,4866.366639,4866.637139,4867.163139,4870.043639,1,1.99999999999996,0.0200000000000003,7.00000000000003,1,2,66,0.5
443,4871.243139,4870.618139,4870.699139,4871.243139,4878.797639,0,NaN,0,7.00000000000003,1,2,66,0.5
444,4880.170639,4879.247639,4879.694639,4880.117639,4882.743139,1,1.99999999999996,0.0200000000000003,7.00000000000003,1,2,66,0.5
445,4884.256139,4883.272139,4883.528139,4884.204139,4886.998139,0,1.99999999999996,0.0200000000000003,5.99999999999996,2,1,65,0.5
446,4888.840139,4888.097639,4888.324639,4888.787639,4891.307139,1,1.99999999999996,0.0200000000000003,7.00000000000003,1,2,66,0.5
447,4892.757639,4892.012139,4892.259139,4892.757639,4900.698639,0,NaN,0,7.00000000000003,1,2,66,0.5
448,4902.184639,4901.199139,4901.684139,4902.132139,4904.580139,1,1.99999999999996,0.0200000000000003,7.00000000000003,1,2,66,0.5
449,4908.212139,4907.243139,4907.422639,4908.159639,4910.912639,0,1.99999999999996,0.0200000000000003,5.99999999999996,2,1,65,0.5
450,4912.423639,4911.882139,4911.897639,4912.371139,4914.695139,1,1.99999999999996,0.0200000000000003,7.00000000000003,1,2,66,0.5
451,4916.292139,4915.461639,4915.792639,4916.292139,4916.994639,0,NaN,0,7.00000000000003,1,2,66,0.5
452,4923.618139,4922.842639,4922.945639,4923.618139,4931.449139,1,NaN,0,5.99999999999996,2,1,65,0.5
453,4932.882639,4931.937639,4932.350139,4932.829639,4935.773139,1,1.99999999999996,0.0200000000000003,7.00000000000003,1,2,66,0.5
454,4937.675639,4936.790139,4937.061639,4937.622639,4940.579639,1,1.99999999999996,0.0200000000000003,7.00000000000003,1,2,66,0.5
455,4941.940639,4941.253639,4941.417139,4941.888139,4944.764639,0,1.99999999999996,0.0200000000000003,5.99999999999996,2,1,65,0.5
456,4946.517139,4945.415639,4945.715639,4946.517139,4954.587639,1,NaN,0,5.99999999999996,2,1,65,0.5
457,4956.100639,4955.193639,4955.586639,4956.100639,4963.563139,1,NaN,0,5.99999999999996,2,1,65,0.5
458,4965.412639,4964.012639,4964.887139,4965.360639,4968.102139,1,1.99999999999996,0.0200000000000003,7.00000000000003,1,2,66,0.5
459,4969.452139,4968.632639,4968.880139,4969.400139,4971.533139,0,1.99999999999996,0.0200000000000003,5.99999999999996,2,1,65,0.5
460,4974.044139,4972.269639,4972.827639,4973.991639,4976.586639,0,1.99999999999996,0.0200000000000003,5.99999999999996,2,1,65,0.5
461,4978.223139,4977.117639,4977.756139,4978.171139,4980.759639,1,1.99999999999996,0.0200000000000003,7.00000000000003,1,2,66,0.5
462,4982.124139,4981.367639,4981.568639,4982.071639,4984.663139,0,1.99999999999996,0.0200000000000003,5.99999999999996,2,1,65,0.5
463,4986.515139,4985.204639,4985.434139,4986.462139,4989.20564,0,1.99999999999996,0.0200000000000003,5.99999999999996,2,1,65,0.5
464,4990.982139,4989.787639,4990.305639,4990.982139,5128.651139,0,NaN,0,7.00000000000003,1,2,66,0.5
465,5131.733139,5130.591139,5130.994639,5131.733139,5138.559139,1,NaN,0,5.99999999999996,2,1,65,0.5
466,5140.294639,5139.311639,5139.763639,5140.241139,5143.234139,1,1.99999999999996,0.0200000000000003,7.00000000000003,1,2,66,0.5
467,5144.603139,5143.927639,5144.011639,5144.551139,5148.178139,0,1.99999999999996,0.0200000000000003,5.99999999999996,2,1,65,0.5
468,5150.443639,5149.232139,5149.877139,5150.390639,5152.479639,1,1.99999999999996,0.0200000000000003,7.00000000000003,1,2,66,0.5
469,5154.015639,5153.298139,5153.448639,5154.015639,5162.213639,0,NaN,0,7.00000000000003,1,2,66,0.5
470,5164.008139,5162.812139,5163.294139,5163.955139,5167.358139,0,1.99999999999996,0.0200000000000003,5.99999999999996,2,1,65,0.5
471,5169.075139,5167.912139,5168.533639,5169.022639,5171.228139,1,1.99999999999996,0.0200000000000003,7.00000000000003,1,2,66,0.5
472,5172.672139,5171.720639,5172.154639,5172.672139,5179.236639,0,NaN,0,7.00000000000003,1,2,66,0.5
473,5181.209139,5180.330639,5180.362639,5181.156139,5183.895639,0,1.99999999999996,0.0200000000000003,5.99999999999996,2,1,65,0.5
474,5187.799139,5187.040139,5187.291139,5187.746139,5190.430639,1,1.99999999999996,0.0200000000000003,7.00000000000003,1,2,66,0.5
475,5192.056639,5191.295639,5191.440139,5192.056639,5200.127139,0,NaN,0,7.00000000000003,1,2,66,0.5
476,5201.605139,5200.678139,5201.135139,5201.552639,5204.087139,1,1.99999999999996,0.0200000000000003,7.00000000000003,1,2,66,0.5
477,5205.400639,5204.726139,5204.877639,5205.348139,5207.898639,0,1.99999999999996,0.0200000000000003,5.99999999999996,2,1,65,0.5
478,5209.989139,5208.557139,5208.926639,5209.936639,5211.863139,0,1.99999999999996,0.0200000000000003,5.99999999999996,2,1,65,0.5
479,5214.843139,5214.077139,5214.287639,5214.790639,5217.723639,1,1.99999999999996,0.0200000000000003,7.00000000000003,1,2,66,0.5
480,5218.882639,5218.268639,5218.368639,5218.830139,5220.918639,0,1.99999999999996,0.0200000000000003,5.99999999999996,2,1,65,0.5
481,5222.477139,5221.542639,5221.991139,5222.424139,5224.995639,1,1.99999999999996,0.0200000000000003,7.00000000000003,1,2,66,0.5
482,5226.253639,5225.560139,5225.697639,5226.201139,5228.349139,0,1.99999999999996,0.0200000000000003,5.99999999999996,2,1,65,0.5
483,5230.133639,5228.874139,5229.435639,5230.133639,5236.555639,0,NaN,0,7.00000000000003,1,2,66,0.5
484,5238.149639,5237.084639,5237.455139,5238.149639,5244.916139,1,NaN,0,5.99999999999996,2,1,65,0.5
485,5246.861639,5245.474139,5245.985139,5246.808639,5249.936639,0,1.99999999999996,0.0200000000000003,5.99999999999996,2,1,65,0.5
486,5251.749639,5250.926139,5251.167139,5251.697139,5254.166139,1,1.99999999999996,0.0200000000000003,7.00000000000003,1,2,66,0.5
487,5255.569639,5254.778639,5254.998639,5255.517139,5256.404139,0,1.99999999999996,0.0200000000000003,5.99999999999996,2,1,65,0.5
488,5258.233139,5257.304639,5257.761639,5258.180639,5261.068139,1,1.99999999999996,0.0200000000000003,7.00000000000003,1,2,66,0.5
489,5262.237139,5261.524639,5261.722639,5262.237139,5269.355639,0,NaN,0,7.00000000000003,1,2,66,0.5
490,5271.328139,5270.293639,5270.781639,5271.328139,5278.362139,0,NaN,0,7.00000000000003,1,2,66,0.5
491,5280.413139,5279.364639,5279.931639,5280.360639,5282.745139,1,1.99999999999996,0.0200000000000003,7.00000000000003,1,2,66,0.5
492,5283.962639,5283.196139,5283.393139,5283.962639,5291.293639,0,NaN,0,7.00000000000003,1,2,66,0.5
493,5293.069139,5292.266639,5292.621639,5293.016139,5296.723639,1,1.99999999999996,0.0200000000000003,7.00000000000003,1,2,66,0.5
494,5297.965139,5297.152639,5297.372639,5297.912639,5300.623139,0,1.99999999999996,0.0200000000000003,5.99999999999996,2,1,65,0.5
495,5302.144639,5301.306639,5301.669139,5302.092139,5304.902639,1,1.99999999999996,0.0200000000000003,7.00000000000003,1,2,66,0.5
496,5306.055139,5305.302639,5305.508639,5306.002639,5308.450639,0,1.99999999999996,0.0200000000000003,5.99999999999996,2,1,65,0.5
497,5309.985139,5309.110139,5309.464639,5309.931639,5312.468139,1,1.99999999999996,0.0200000000000003,7.00000000000003,1,2,66,0.5
498,5313.556639,5312.922639,5313.094639,5313.556639,5319.288139,0,NaN,0,7.00000000000003,1,2,66,0.5
499,5321.273639,5320.512139,5320.704639,5321.221139,5324.015139,0,1.99999999999996,0.0200000000000003,5.99999999999996,2,1,65,0.5
500,5325.530639,5324.497639,5325.007139,5325.477639,5328.715639,1,1.99999999999996,0.0200000000000003,7.00000000000003,1,2,66,0.5
501,5329.832639,5329.155139,5329.337139,5329.832639,5336.381639,0,NaN,0,7.00000000000003,1,2,66,0.5
502,5338.250139,5336.829139,5337.270139,5338.198139,5340.526139,0,1.99999999999996,0.0200000000000003,5.99999999999996,2,1,65,0.5
503,5342.169639,5341.352139,5341.706639,5342.117139,5345.472139,1,1.99999999999996,0.0200000000000003,7.00000000000003,1,2,66,0.5
504,5346.856139,5345.914639,5346.317639,5346.856139,5353.239639,0,NaN,0,7.00000000000003,1,2,66,0.5
505,5354.711139,5353.993639,5354.318139,5354.711139,5362.824639,1,NaN,0,5.99999999999996,2,1,65,0.5
506,5364.354639,5363.392139,5363.872139,5364.301139,5366.937639,1,1.99999999999996,0.0200000000000003,7.00000000000003,1,2,66,0.5
507,5368.151139,5367.404139,5367.621139,5368.098639,5370.834139,0,1.99999999999996,0.0200000000000003,5.99999999999996,2,1,65,0.5
508,5372.745639,5372.016139,5372.075139,5372.745639,5381.945139,1,NaN,0,5.99999999999996,2,1,65,0.5
509,5383.488139,5382.494639,5382.996639,5383.435639,5386.060139,1,1.99999999999996,0.0200000000000003,7.00000000000003,1,2,66,0.5
510,5387.415639,5386.624139,5386.835139,5387.363139,5390.211139,0,1.99999999999996,0.0200000000000003,5.99999999999996,2,1,65,0.5
511,5391.877639,5390.932639,5391.204639,5391.824639,5394.194639,0,1.99999999999996,0.0200000000000003,5.99999999999996,2,1,65,0.5
512,5396.168639,5394.724139,5395.307139,5396.168639,5396.473139,0,NaN,0,7.00000000000003,1,2,66,0.5
513,5423.091139,5422.361139,5422.408639,5423.091139,5426.795639,0,NaN,0,7.00000000000003,1,2,66,0.5
514,5443.467639,5442.640139,5442.964139,5443.467639,5485.995639,1,NaN,0,5.99999999999996,2,1,65,0.5
515,5487.262139,5486.550139,5486.717639,5487.209139,5489.672139,0,1.99999999999996,0.0200000000000003,5.99999999999996,2,1,65,0.5
516,5492.683139,5491.441139,5491.955639,5492.631139,5494.608639,1,1.99999999999996,0.0200000000000003,7.00000000000003,1,2,66,0.5
517,5495.871139,5495.205639,5495.392639,5495.871139,5502.984139,0,NaN,0,7.00000000000003,1,2,66,0.5
518,5505.200639,5504.210639,5504.739639,5505.148139,5507.445639,1,1.99999999999996,0.0200000000000003,7.00000000000003,1,2,66,0.5
519,5508.483639,5507.909139,5508.029139,5508.483639,5514.646139,0,NaN,0,7.00000000000003,1,2,66,0.5
520,5517.059639,5516.254639,5516.654139,5517.059639,5525.267639,0,NaN,0,7.00000000000003,1,2,66,0.5
521,5526.556139,5525.704139,5526.101639,5526.503639,5528.795639,1,1.99999999999996,0.0200000000000003,7.00000000000003,1,2,66,0.5
522,5529.935639,5529.285139,5529.438639,5529.935639,5540.197139,0,NaN,0,7.00000000000003,1,2,66,0.5
523,5541.445639,5540.709639,5541.049639,5541.445639,5552.657139,1,NaN,0,5.99999999999996,2,1,65,0.5
524,5553.865139,5553.134639,5553.422139,5553.812139,5556.437639,0,1.99999999999996,0.0200000000000003,5.99999999999996,2,1,65,0.5
525,5558.256639,5557.062639,5557.610139,5558.256639,5572.744639,0,NaN,0,7.00000000000003,1,2,66,0.5
526,5573.898639,5573.184139,5573.419639,5573.845639,5577.319139,0,1.99999999999996,0.0200000000000003,5.99999999999996,2,1,65,0.5
527,5578.747139,5577.813139,5578.268639,5578.694139,5581.156139,1,1.99999999999996,0.0200000000000003,7.00000000000003,1,2,66,0.5
528,5582.182639,5581.622139,5581.739639,5582.182639,5592.499639,0,NaN,0,7.00000000000003,1,2,66,0.5
529,5593.792139,5592.941639,5593.340639,5593.739139,5596.218639,1,1.99999999999996,0.0200000000000003,7.00000000000003,1,2,66,0.5
530,5597.420639,5596.690639,5596.869639,5597.368139,5599.777639,0,1.99999999999996,0.0200000000000003,5.99999999999996,2,1,65,0.5
531,5601.381139,5600.376639,5600.815139,5601.328639,5603.792639,1,1.99999999999996,0.0200000000000003,7.00000000000003,1,2,66,0.5
532,5604.949639,5604.236139,5604.405639,5604.896639,5607.073139,0,1.99999999999996,0.0200000000000003,5.99999999999996,2,1,65,0.5
533,5608.462139,5607.585139,5607.955639,5608.409139,5610.545639,1,1.99999999999996,0.0200000000000003,7.00000000000003,1,2,66,0.5
534,5611.691639,5610.996639,5611.193139,5611.691639,5611.978639,0,NaN,0,7.00000000000003,1,2,66,0.5
535,5633.657139,5632.836139,5633.207139,5633.603639,5636.223639,1,1.99999999999996,0.0200000000000003,7.00000000000003,1,2,66,0.5
536,5637.515639,5636.868639,5637.042139,5637.515639,5637.711139,0,NaN,0,7.00000000000003,1,2,66,0.5
537,5708.845639,5707.790639,5708.307139,5708.793139,5711.446139,1,1.99999999999996,0.0200000000000003,7.00000000000003,1,2,66,0.5
538,5712.580639,5711.978639,5712.040639,5712.528139,5714.565639,0,1.99999999999996,0.0200000000000003,5.99999999999996,2,1,65,0.5
539,5715.929639,5715.141139,5715.450639,5715.876639,5717.669639,1,1.99999999999996,0.0200000000000003,7.00000000000003,1,2,66,0.5
540,5719.358639,5718.511639,5718.688639,5719.358639,5724.950639,0,NaN,0,7.00000000000003,1,2,66,0.5
541,5726.383639,5725.803639,5725.926139,5726.383639,5730.932639,0,NaN,0,7.00000000000003,1,2,66,0.5
542,5734.952139,5734.152639,5734.499139,5734.899639,5737.002139,0,1.99999999999996,0.0200000000000003,5.99999999999996,2,1,65,0.5
543,5738.525139,5737.584639,5738.061139,5738.472639,5740.493639,1,1.99999999999996,0.0200000000000003,7.00000000000003,1,2,66,0.5
544,5741.600639,5741.035139,5741.103639,5741.600639,5747.887139,0,NaN,0,7.00000000000003,1,2,66,0.5
545,5748.834639,5748.295139,5748.426639,5748.834639,5751.533639,0,NaN,0,7.00000000000003,1,2,66,0.5
546,5759.123639,5758.406639,5758.697139,5759.123639,5764.928639,0,NaN,0,7.00000000000003,1,2,66,0.5
547,5767.617139,5766.936639,5767.211139,5767.617139,5772.349139,0,NaN,0,7.00000000000003,1,2,66,0.5
548,5775.061639,5774.395639,5774.669139,5775.061639,5782.227139,1,NaN,0,5.99999999999996,2,1,65,0.5
549,5788.842639,5787.973139,5788.426639,5788.789639,5790.952639,1,1.99999999999996,0.0200000000000003,7.00000000000003,1,2,66,0.5
550,5791.989639,5791.400639,5791.574139,5791.989639,5797.755639,0,NaN,0,7.00000000000003,1,2,66,0.5
551,5801.397639,5800.731139,5801.043139,5801.397639,5801.615139,1,NaN,0,5.99999999999996,2,1,65,0.5
552,5820.541639,5819.738639,5820.085139,5820.489639,5822.842639,1,1.99999999999996,0.0200000000000003,7.00000000000003,1,2,66,0.5
553,5823.958139,5823.278139,5823.445639,5823.905139,5825.898139,0,1.99999999999996,0.0200000000000003,5.99999999999996,2,1,65,0.5
554,5827.408639,5826.482639,5826.927139,5827.356139,5829.986639,1,1.99999999999996,0.0200000000000003,7.00000000000003,1,2,66,0.5
555,5831.192639,5830.488139,5830.675639,5831.140139,5833.167139,0,1.99999999999996,0.0200000000000003,5.99999999999996,2,1,65,0.5
556,5834.561139,5833.760139,5834.102139,5834.508639,5837.322639,1,1.99999999999996,0.0200000000000003,7.00000000000003,1,2,66,0.5
557,5838.417139,5837.793639,5837.942639,5838.383139,5840.562139,0,1.99999999999996,0.0200000000000003,5.99999999999996,2,1,65,0.5
558,5841.837139,5841.106139,5841.395639,5841.784639,5844.681139,1,1.99999999999996,0.0200000000000003,7.00000000000003,1,2,66,0.5
559,5845.685139,5845.112639,5845.192639,5845.685139,5857.412139,0,NaN,0,7.00000000000003,1,2,66,0.5
560,5859.021639,5858.192139,5858.483639,5859.021639,5859.272139,0,NaN,0,7.00000000000003,1,2,66,0.5
561,5875.509139,5874.886139,5874.920139,5875.458639,5877.979639,0,1.99999999999996,0.0200000000000003,5.99999999999996,2,1,65,0.5
562,5879.417139,5878.498639,5878.910139,5879.364639,5882.146639,1,1.99999999999996,0.0200000000000003,7.00000000000003,1,2,66,0.5
563,5883.791139,5882.638639,5882.720139,5883.791139,5891.690139,0,NaN,0,7.00000000000003,1,2,66,0.5
564,5894.174639,5893.668139,5893.750139,5894.174639,5899.678639,0,NaN,0,7.00000000000003,1,2,66,0.5
565,5901.846139,5900.760139,5901.393639,5901.793639,5904.019139,1,1.99999999999996,0.0200000000000003,7.00000000000003,1,2,66,0.5
566,5905.211139,5904.501139,5904.630139,5905.159139,5907.508139,0,1.99999999999996,0.0200000000000003,5.99999999999996,2,1,65,0.5
567,5908.924139,5908.098139,5908.470139,5908.872139,5911.392139,1,1.99999999999996,0.0200000000000003,7.00000000000003,1,2,66,0.5
568,5912.485139,5911.861139,5911.938639,5912.443639,5915.619639,0,1.99999999999996,0.0200000000000003,5.99999999999996,2,1,65,0.5
569,5916.987639,5916.204139,5916.447639,5916.935139,5919.193139,0,1.99999999999996,0.0200000000000003,5.99999999999996,2,1,65,0.5
570,5920.578639,5919.781139,5920.120639,5920.526139,5923.515139,1,1.99999999999996,0.0200000000000003,7.00000000000003,1,2,66,0.5
571,5924.607139,5923.963639,5924.053139,5924.607139,5931.546639,0,NaN,0,7.00000000000003,1,2,66,0.5
572,5933.460139,5932.603639,5932.992139,5933.407639,5936.322639,1,1.99999999999996,0.0200000000000003,7.00000000000003,1,2,66,0.5
573,5937.429139,5936.805139,5936.977639,5937.413139,5940.084639,0,1.99999999999996,0.0200000000000003,5.99999999999996,2,1,65,0.5
574,5942.035139,5941.316639,5941.568139,5941.982639,5945.076639,1,1.99999999999996,0.0200000000000003,7.00000000000003,1,2,66,0.5
575,5946.673639,5946.053639,5946.204139,5946.673639,6003.142639,0,NaN,0,7.00000000000003,1,2,66,0.5
576,6005.010639,6004.242639,6004.471139,6005.010639,6006.876139,1,NaN,0,5.99999999999996,2,1,65,0.5
577,6044.463139,6043.605139,6044.031139,6044.463139,6052.477639,1,NaN,0,5.99999999999996,2,1,65,0.5
578,6053.811639,6052.961139,6053.284139,6053.811639,6063.844639,1,NaN,0,5.99999999999996,2,1,65,0.5
579,6065.573139,6064.830139,6064.871639,6065.519639,6068.044139,0,1.99999999999996,0.0200000000000003,5.99999999999996,2,1,65,0.5
580,6069.730139,6068.895639,6069.154639,6069.677639,6071.073639,0,1.99999999999996,0.0200000000000003,5.99999999999996,2,1,65,0.5
581,6072.519139,6071.659639,6071.954139,6072.466139,6074.325639,0,1.99999999999996,0.0200000000000003,5.99999999999996,2,1,65,0.5
582,6075.747139,6074.868139,6075.190639,6075.694639,6077.890639,0,1.99999999999996,0.0200000000000003,5.99999999999996,2,1,65,0.5
583,6079.339639,6078.429639,6078.838639,6079.286639,6081.576139,1,1.99999999999996,0.0200000000000003,7.00000000000003,1,2,66,0.5
584,6082.685639,6082.061139,6082.195639,6082.659639,6084.679639,0,1.99999999999996,0.0200000000000003,5.99999999999996,2,1,65,0.5
585,6086.148139,6085.223639,6085.615139,6086.095139,6088.516639,1,1.99999999999996,0.0200000000000003,7.00000000000003,1,2,66,0.5
586,6089.720639,6089.104139,6089.252639,6089.720639,6097.175139,0,NaN,0,7.00000000000003,1,2,66,0.5
587,6098.811639,6097.727639,6098.062139,6098.758639,6101.106139,0,1.99999999999996,0.0200000000000003,5.99999999999996,2,1,65,0.5
588,6102.667139,6101.864639,6102.078639,6102.615139,6104.612639,0,1.99999999999996,0.0200000000000003,5.99999999999996,2,1,65,0.5
589,6106.766639,6105.696139,6106.115139,6106.713639,6109.342639,1,1.99999999999996,0.0200000000000003,7.00000000000003,1,2,66,0.5
590,6110.406639,6109.865139,6109.935639,6110.354139,6112.714139,0,1.99999999999996,0.0200000000000003,5.99999999999996,2,1,65,0.5
591,6114.152639,6113.325139,6113.602639,6114.100139,6116.232639,0,1.99999999999996,0.0200000000000003,5.99999999999996,2,1,65,0.5
592,6117.685139,6116.758139,6117.171639,6117.632639,6120.120139,1,1.99999999999996,0.0200000000000003,7.00000000000003,1,2,66,0.5
593,6121.141639,6120.604639,6120.678639,6121.141639,6126.342639,0,NaN,0,7.00000000000003,1,2,66,0.5
594,6130.958639,6130.065139,6130.371639,6130.906139,6132.998639,0,1.99999999999996,0.0200000000000003,5.99999999999996,2,1,65,0.5
595,6134.858639,6134.152139,6134.352639,6134.805639,6137.393639,1,1.99999999999996,0.0200000000000003,7.00000000000003,1,2,66,0.5
596,6138.456139,6137.916639,6137.957139,6138.456139,6144.608139,0,NaN,0,7.00000000000003,1,2,66,0.5
597,6146.473639,6145.769139,6146.094139,6146.473639,6153.197139,1,NaN,0,5.99999999999996,2,1,65,0.5
598,6155.140139,6153.496139,6153.802639,6155.087139,6158.603639,0,1.99999999999996,0.0200000000000003,5.99999999999996,2,1,65,0.5
599,6160.474139,6159.126639,6159.674639,6160.474139,6168.838639,0,NaN,0,7.00000000000003,1,2,66,0.5
600,6169.763639,6169.229639,6169.327139,6169.763639,6175.759139,0,NaN,0,7.00000000000003,1,2,66,0.5
601,6179.220639,6178.421139,6178.806139,6179.168639,6181.327139,1,1.99999999999996,0.0200000000000003,7.00000000000003,1,2,66,0.5
602,6182.274139,6181.771139,6181.811139,6182.274139,6194.023639,0,NaN,0,7.00000000000003,1,2,66,0.5
603,6195.997639,6195.318139,6195.598139,6195.997639,6196.227139,0,NaN,0,7.00000000000003,1,2,66,0.5
604,6212.033139,6211.356139,6211.534639,6212.033139,6216.392139,0,NaN,0,7.00000000000003,1,2,66,0.5
605,6219.235139,6218.636139,6218.855139,6219.235139,6222.515139,1,NaN,0,5.99999999999996,2,1,65,0.5
606,6227.863139,6227.444639,6227.487639,6227.810139,6230.417139,0,1.99999999999996,0.0200000000000003,5.99999999999996,2,1,65,0.5
607,6232.023639,6231.176639,6231.376139,6232.023639,6237.723639,0,NaN,0,7.00000000000003,1,2,66,0.5
608,6240.377639,6239.809639,6240.035639,6240.377639,6247.096139,1,NaN,0,5.99999999999996,2,1,65,0.5
609,6248.564139,6247.517139,6247.819139,6248.512139,6250.962639,0,1.99999999999996,0.0200000000000003,5.99999999999996,2,1,65,0.5
610,6252.338639,6251.461139,6251.719139,6252.285639,6254.655639,0,1.99999999999996,0.0200000000000003,5.99999999999996,2,1,65,0.5
611,6256.056139,6255.195139,6255.540639,6256.003639,6258.249639,1,1.99999999999996,0.0200000000000003,7.00000000000003,1,2,66,0.5
612,6259.443139,6258.750139,6258.914139,6259.390139,6261.769139,0,1.99999999999996,0.0200000000000003,5.99999999999996,2,1,65,0.5
613,6263.955139,6263.153139,6263.444639,6263.902639,6266.689639,1,1.99999999999996,0.0200000000000003,7.00000000000003,1,2,66,0.5
614,6267.883639,6267.273139,6267.326639,6267.831139,6270.242639,0,1.99999999999996,0.0200000000000003,5.99999999999996,2,1,65,0.5
615,6271.672139,6270.849639,6271.227139,6271.619139,6274.352639,1,1.99999999999996,0.0200000000000003,7.00000000000003,1,2,66,0.5
616,6275.577139,6274.891639,6275.056139,6275.524139,6277.587139,0,1.99999999999996,0.0200000000000003,5.99999999999996,2,1,65,0.5
617,6279.431639,6278.525139,6278.694139,6279.431639,6286.087639,0,NaN,0,7.00000000000003,1,2,66,0.5
618,6287.627639,6286.754639,6287.192139,6287.575139,6290.763639,1,1.99999999999996,0.0200000000000003,7.00000000000003,1,2,66,0.5
619,6292.158639,6291.252139,6291.410639,6292.158639,6299.461139,0,NaN,0,7.00000000000003,1,2,66,0.5
620,6300.934639,6300.374639,6300.491139,6300.881639,6304.026639,0,1.99999999999996,0.0200000000000003,5.99999999999996,2,1,65,0.5
621,6305.731639,6304.902639,6305.093639,6305.731639,6313.180639,0,NaN,0,7.00000000000003,1,2,66,0.5
622,6315.041639,6314.303639,6314.626639,6314.989139,6317.527139,1,1.99999999999996,0.0200000000000003,7.00000000000003,1,2,66,0.5
623,6318.477139,6318.007139,6318.071139,6318.477139,6327.538139,0,NaN,0,7.00000000000003,1,2,66,0.5
624,6328.726139,6327.976139,6328.303639,6328.726139,6334.697639,1,NaN,0,5.99999999999996,2,1,65,0.5
625,6336.613139,6335.935639,6336.187639,6336.613139,6341.942639,1,NaN,0,5.99999999999996,2,1,65,0.5
626,6344.308139,6343.526139,6343.906139,6344.255139,6346.921639,1,1.99999999999996,0.0200000000000003,7.00000000000003,1,2,66,0.5
627,6347.997139,6347.373139,6347.511139,6347.978139,6350.078139,0,1.99999999999996,0.0200000000000003,5.99999999999996,2,1,65,0.5
628,6351.409139,6350.684139,6350.917639,6351.356139,6353.260639,0,1.99999999999996,0.0200000000000003,5.99999999999996,2,1,65,0.5
629,6354.809139,6354.125139,6354.289639,6354.756139,6357.872139,1,1.99999999999996,0.0200000000000003,7.00000000000003,1,2,66,0.5
630,6358.940639,6358.431139,6358.479639,6358.940639,6368.331139,0,NaN,0,7.00000000000003,1,2,66,0.5
631,6369.952639,6369.246139,6369.484139,6369.900139,6372.464639,1,1.99999999999996,0.0200000000000003,7.00000000000003,1,2,66,0.5
632,6373.584139,6372.958639,6373.102639,6373.584139,6381.228139,0,NaN,0,7.00000000000003,1,2,66,0.5
633,6383.702139,6382.446639,6383.057639,6383.650139,6386.744639,1,1.99999999999996,0.0200000000000003,7.00000000000003,1,2,66,0.5
634,6387.843639,6387.179639,6387.372639,6387.843639,6393.610639,0,NaN,0,7.00000000000003,1,2,66,0.5
635,6396.022639,6395.521639,6395.616139,6395.970639,6398.638139,0,1.99999999999996,0.0200000000000003,5.99999999999996,2,1,65,0.5
636,6400.028139,6399.153639,6399.575639,6399.975139,6402.765639,1,1.99999999999996,0.0200000000000003,7.00000000000003,1,2,66,0.5
637,6403.923639,6403.239139,6403.413139,6403.871139,6406.499139,0,1.99999999999996,0.0200000000000003,5.99999999999996,2,1,65,0.5
638,6407.787139,6407.008139,6407.319639,6407.734639,6410.962639,1,1.99999999999996,0.0200000000000003,7.00000000000003,1,2,66,0.5
639,6412.096639,6411.349639,6411.441639,6412.044139,6414.345639,0,1.99999999999996,0.0200000000000003,5.99999999999996,2,1,65,0.5
640,6415.572639,6414.859639,6415.117639,6415.572639,6420.591139,1,NaN,0,5.99999999999996,2,1,65,0.5
641,6423.583639,6422.506139,6423.069639,6423.531139,6426.197139,1,1.99999999999996,0.0200000000000003,7.00000000000003,1,2,66,0.5
642,6427.283139,6426.660139,6426.782639,6427.238639,6429.207139,0,1.99999999999996,0.0200000000000003,5.99999999999996,2,1,65,0.5
643,6430.643139,6429.737139,6429.954139,6430.590139,6431.960139,0,1.99999999999996,0.0200000000000003,5.99999999999996,2,1,65,0.5
644,6433.249139,6432.466639,6432.782639,6433.196139,6436.161139,1,1.99999999999996,0.0200000000000003,7.00000000000003,1,2,66,0.5
645,6437.278639,6436.630139,6436.763639,6437.278639,6861.007639,0,NaN,0,7.00000000000003,1,2,66,0.5
646,6863.195639,6861.930639,6862.207639,6863.195639,6870.716639,1,NaN,0,5.99999999999996,2,1,65,0.5
647,6872.356639,6871.282139,6871.721139,6872.304139,6875.990139,1,1.99999999999996,0.0200000000000003,7.00000000000003,1,2,66,0.5
648,6877.232139,6876.657639,6876.718639,6877.232139,6885.303139,0,NaN,0,7.00000000000003,1,2,66,0.5
649,6886.786139,6885.791139,6886.050139,6886.734139,6888.879639,0,1.99999999999996,0.0200000000000003,5.99999999999996,2,1,65,0.5
650,6891.560139,6890.534639,6890.822139,6891.507639,6894.007139,1,1.99999999999996,0.0200000000000003,7.00000000000003,1,2,66,0.5
651,6895.270139,6894.705139,6894.743639,6895.217639,6897.842139,0,1.99999999999996,0.0200000000000003,5.99999999999996,2,1,65,0.5
652,6899.134139,6898.384639,6898.600139,6899.081639,6901.047139,0,1.99999999999996,0.0200000000000003,5.99999999999996,2,1,65,0.5
653,6902.483139,6901.646139,6902.003139,6902.429639,6904.619639,1,1.99999999999996,0.0200000000000003,7.00000000000003,1,2,66,0.5
654,6905.734139,6905.096139,6905.213139,6905.734139,6912.347139,0,NaN,0,7.00000000000003,1,2,66,0.5
655,6913.626139,6912.821639,6913.155639,6913.573639,6916.023139,1,1.99999999999996,0.0200000000000003,7.00000000000003,1,2,66,0.5
656,6917.361139,6916.565639,6916.744139,6917.308639,6919.073639,0,1.99999999999996,0.0200000000000003,5.99999999999996,2,1,65,0.5
657,6920.646639,6919.946639,6920.138639,6920.593639,6923.391639,1,1.99999999999996,0.0200000000000003,7.00000000000003,1,2,66,0.5
658,6924.518139,6923.897139,6923.993139,6924.465639,6926.537139,0,1.99999999999996,0.0200000000000003,5.99999999999996,2,1,65,0.5
659,6927.759139,6927.061139,6927.273639,6927.706639,6929.607139,0,1.99999999999996,0.0200000000000003,5.99999999999996,2,1,65,0.5
660,6931.782639,6930.961639,6931.209139,6931.730139,6934.493639,1,1.99999999999996,0.0200000000000003,7.00000000000003,1,2,66,0.5
661,6935.710139,6935.076639,6935.209139,6935.710139,6942.071639,0,NaN,0,7.00000000000003,1,2,66,0.5
662,6943.397639,6942.629139,6942.940139,6943.397639,6955.869139,1,NaN,0,5.99999999999996,2,1,65,0.5
663,6957.589639,6956.411639,6956.666639,6957.537139,6959.836139,0,1.99999999999996,0.0200000000000003,5.99999999999996,2,1,65,0.5
664,6962.095139,6961.349639,6961.588639,6962.042639,6965.725139,1,1.99999999999996,0.0200000000000003,7.00000000000003,1,2,66,0.5
665,6967.029639,6966.350139,6966.508639,6966.977139,6968.957639,0,1.99999999999996,0.0200000000000003,5.99999999999996,2,1,65,0.5
666,6970.732639,6970.075139,6970.158639,6970.732639,6977.588139,1,NaN,0,5.99999999999996,2,1,65,0.5
667,6979.292139,6978.451139,6978.674139,6979.239639,6981.494139,0,1.99999999999996,0.0200000000000003,5.99999999999996,2,1,65,0.5
668,6982.976139,6982.055139,6982.487139,6982.924139,6984.930139,1,1.99999999999996,0.0200000000000003,7.00000000000003,1,2,66,0.5
669,6985.980139,6985.360639,6985.474139,6985.928139,6987.768639,0,1.99999999999996,0.0200000000000003,5.99999999999996,2,1,65,0.5
670,6989.122139,6988.334139,6988.678139,6989.122139,6991.380639,1,NaN,0,5.99999999999996,2,1,65,0.5
671,6998.574139,6997.147639,6997.891139,6998.521139,7000.877139,1,1.99999999999996,0.0200000000000003,7.00000000000003,1,2,66,0.5
672,7002.171139,7001.426639,7001.626139,7002.118139,7004.036639,0,1.99999999999996,0.0200000000000003,5.99999999999996,2,1,65,0.5
673,7005.427639,7004.643639,7004.908139,7005.374639,7007.594139,0,1.99999999999996,0.0200000000000003,5.99999999999996,2,1,65,0.5
674,7008.946139,7008.165639,7008.467639,7008.893139,7010.699139,0,1.99999999999996,0.0200000000000003,5.99999999999996,2,1,65,0.5
675,7012.254139,7011.428139,7011.797139,7012.201139,7014.656139,1,1.99999999999996,0.0200000000000003,7.00000000000003,1,2,66,0.5
676,7015.741639,7015.080139,7015.225639,7015.741639,7022.808639,0,NaN,0,7.00000000000003,1,2,66,0.5
677,7024.121639,7023.217139,7023.616139,7024.068639,7027.120139,1,1.99999999999996,0.0200000000000003,7.00000000000003,1,2,66,0.5
678,7028.460639,7027.662139,7027.875139,7028.407139,7030.591639,0,1.99999999999996,0.0200000000000003,5.99999999999996,2,1,65,0.5
679,7032.129139,7031.173639,7031.654139,7032.075639,7034.305639,1,1.99999999999996,0.0200000000000003,7.00000000000003,1,2,66,0.5
680,7035.369639,7034.747139,7034.856139,7035.324139,7037.968639,0,1.99999999999996,0.0200000000000003,5.99999999999996,2,1,65,0.5
681,7039.368139,7038.546639,7038.860139,7039.316139,7041.231139,0,1.99999999999996,0.0200000000000003,5.99999999999996,2,1,65,0.5
682,7042.609139,7041.760639,7042.108639,7042.556139,7045.126639,1,1.99999999999996,0.0200000000000003,7.00000000000003,1,2,66,0.5
683,7046.203639,7045.590639,7045.647139,7046.151139,7048.516139,0,1.99999999999996,0.0200000000000003,5.99999999999996,2,1,65,0.5
684,7049.947139,7049.131139,7049.461139,7049.894139,7051.829139,0,1.99999999999996,0.0200000000000003,5.99999999999996,2,1,65,0.5
685,7053.247639,7052.431139,7052.777139,7053.195139,7056.147639,1,1.99999999999996,0.0200000000000003,7.00000000000003,1,2,66,0.5
686,7057.341639,7056.586139,7056.782639,7057.341639,7064.808139,0,NaN,0,7.00000000000003,1,2,66,0.5
687,7066.859639,7065.429139,7066.027639,7066.806639,7069.785139,0,1.99999999999996,0.0200000000000003,5.99999999999996,2,1,65,0.5
688,7071.317139,7070.424639,7070.821139,7071.264639,7073.597139,0,1.99999999999996,0.0200000000000003,5.99999999999996,2,1,65,0.5
689,7075.218639,7074.392139,7074.758639,7075.166139,7077.667139,1,1.99999999999996,0.0200000000000003,7.00000000000003,1,2,66,0.5
690,7078.901639,7078.213639,7078.392639,7078.901639,7087.371139,0,NaN,0,7.00000000000003,1,2,66,0.5
691,7088.784139,7087.934139,7088.247639,7088.731139,7091.471639,0,1.99999999999996,0.0200000000000003,5.99999999999996,2,1,65,0.5
692,7092.869139,7091.983139,7092.384139,7092.816639,7095.130639,1,1.99999999999996,0.0200000000000003,7.00000000000003,1,2,66,0.5
693,7096.146139,7095.590139,7095.680639,7096.146139,7102.464139,0,NaN,0,7.00000000000003,1,2,66,0.5
694,7104.148639,7103.165639,7103.474139,7104.096139,7106.680639,0,1.99999999999996,0.0200000000000003,5.99999999999996,2,1,65,0.5
695,7108.584139,7107.811639,7108.109639,7108.531139,7111.255139,1,1.99999999999996,0.0200000000000003,7.00000000000003,1,2,66,0.5
696,7112.467139,7111.768639,7111.937139,7112.467139,7119.293139,0,NaN,0,7.00000000000003,1,2,66,0.5
697,7120.585139,7119.813639,7120.134639,7120.585139,7125.434639,1,NaN,0,5.99999999999996,2,1,65,0.5
698,7142.116639,7141.231639,7141.596139,7142.063639,7144.114639,1,1.99999999999996,0.0200000000000003,7.00000000000003,1,2,66,0.5
699,7145.584139,7144.705139,7144.931139,7145.584139,7150.081639,0,NaN,0,7.00000000000003,1,2,66,0.5
700,7155.088139,7153.020139,7153.458639,7155.036139,7157.537639,0,1.99999999999996,0.0200000000000003,5.99999999999996,2,1,65,0.5
701,7159.308139,7158.582639,7158.806139,7159.255639,7162.139139,1,1.99999999999996,0.0200000000000003,7.00000000000003,1,2,66,0.5
702,7163.442139,7162.668139,7162.815639,7163.442139,7168.095639,0,NaN,0,7.00000000000003,1,2,66,0.5
703,7171.530139,7170.562139,7171.044639,7171.477139,7174.108639,1,1.99999999999996,0.0200000000000003,7.00000000000003,1,2,66,0.5
704,7175.652139,7174.631639,7175.036639,7175.652139,7183.106139,0,NaN,0,7.00000000000003,1,2,66,0.5
705,7184.417139,7183.587639,7183.920139,7184.364639,7187.457139,1,1.99999999999996,0.0200000000000003,7.00000000000003,1,2,66,0.5
706,7188.551639,7187.904139,7188.064639,7188.551639,7197.519139,0,NaN,0,7.00000000000003,1,2,66,0.5
707,7200.191139,7199.332139,7199.573139,7200.138639,7202.229639,0,1.99999999999996,0.0200000000000003,5.99999999999996,2,1,65,0.5
708,7203.755639,7202.878639,7203.082639,7203.702639,7205.619639,0,1.99999999999996,0.0200000000000003,5.99999999999996,2,1,65,0.5
709,7207.148639,7206.376139,7206.655639,7207.096139,7209.442139,1,1.99999999999996,0.0200000000000003,7.00000000000003,1,2,66,0.5
710,7210.586639,7209.911639,7210.073139,7210.586639,7215.870639,0,NaN,0,7.00000000000003,1,2,66,0.5
711,7219.226639,7218.424639,7218.789139,7219.174139,7222.143139,1,1.99999999999996,0.0200000000000003,7.00000000000003,1,2,66,0.5
712,7223.282639,7222.564139,7222.773139,7223.282639,7229.675139,0,NaN,0,7.00000000000003,1,2,66,0.5
713,7231.959639,7230.971639,7231.419139,7231.907639,7234.237139,1,1.99999999999996,0.0200000000000003,7.00000000000003,1,2,66,0.5
714,7235.721139,7235.098139,7235.258139,7235.698139,7237.607139,0,1.99999999999996,0.0200000000000003,5.99999999999996,2,1,65,0.5
715,7238.963639,7238.081639,7238.510639,7238.910139,7241.554139,1,1.99999999999996,0.0200000000000003,7.00000000000003,1,2,66,0.5
716,7242.765639,7242.012139,7242.231139,7242.712639,7244.807139,0,1.99999999999996,0.0200000000000003,5.99999999999996,2,1,65,0.5
717,7246.083139,7245.345139,7245.564139,7246.030639,7248.109139,0,1.99999999999996,0.0200000000000003,5.99999999999996,2,1,65,0.5
718,7249.716139,7248.846639,7249.246639,7249.663139,7252.374639,1,1.99999999999996,0.0200000000000003,7.00000000000003,1,2,66,0.5
719,7253.521639,7252.790639,7252.976139,7253.469139,7255.345639,0,1.99999999999996,0.0200000000000003,5.99999999999996,2,1,65,0.5
720,7256.743639,7256.193639,7256.300639,7256.691139,7259.194639,1,1.99999999999996,0.0200000000000003,7.00000000000003,1,2,66,0.5
721,7260.402639,7259.676139,7259.869639,7260.350139,7262.942639,0,1.99999999999996,0.0200000000000003,5.99999999999996,2,1,65,0.5
722,7264.609139,7263.984639,7264.123139,7264.609139,7270.187139,1,NaN,0,5.99999999999996,2,1,65,0.5
723,7272.112639,7271.185639,7271.614639,7272.059639,7274.256639,1,1.99999999999996,0.0200000000000003,7.00000000000003,1,2,66,0.5
724,7275.351639,7274.727139,7274.902139,7275.332639,7278.473639,0,1.99999999999996,0.0200000000000003,5.99999999999996,2,1,65,0.5
725,7279.620639,7278.906639,7279.099639,7279.567639,7281.720139,0,1.99999999999996,0.0200000000000003,5.99999999999996,2,1,65,0.5
726,7283.050639,7282.234639,7282.465639,7282.998139,7285.401639,0,1.99999999999996,0.0200000000000003,5.99999999999996,2,1,65,0.5
727,7286.870639,7285.952139,7286.338139,7286.817139,7289.518139,1,1.99999999999996,0.0200000000000003,7.00000000000003,1,2,66,0.5
728,7290.701139,7289.983639,7290.178639,7290.701139,7297.064639,0,NaN,0,7.00000000000003,1,2,66,0.5
729,7298.495139,7297.685139,7297.955139,7298.442639,7300.840139,0,1.99999999999996,0.0200000000000003,5.99999999999996,2,1,65,0.5
730,7302.657139,7301.821139,7302.170139,7302.604139,7305.070639,1,1.99999999999996,0.0200000000000003,7.00000000000003,1,2,66,0.5
731,7306.369139,7305.619139,7305.874639,7306.369139,7312.417639,0,NaN,0,7.00000000000003,1,2,66,0.5
732,7313.809139,7313.012639,7313.278639,7313.809139,7319.805139,0,NaN,0,7.00000000000003,1,2,66,0.5
733,7321.790639,7320.686639,7321.352139,7321.738139,7324.200139,1,1.99999999999996,0.0200000000000003,7.00000000000003,1,2,66,0.5
734,7325.342139,7324.680639,7324.826639,7325.342139,7332.674639,0,NaN,0,7.00000000000003,1,2,66,0.5
735,7334.570639,7333.103639,7333.780639,7334.517639,7336.419639,1,1.99999999999996,0.0200000000000003,7.00000000000003,1,2,66,0.5
736,7337.591639,7336.868639,7337.163639,7337.591639,7347.007639,0,NaN,0,7.00000000000003,1,2,66,0.5
737,7349.141639,7348.444639,7348.648139,7349.141639,7356.277139,0,NaN,0,7.00000000000003,1,2,66,0.5
738,7357.613139,7356.828139,7357.164139,7357.561139,7360.004139,1,1.99999999999996,0.0200000000000003,7.00000000000003,1,2,66,0.5
739,7361.111139,7360.428139,7360.584639,7361.111139,7367.116639,0,NaN,0,7.00000000000003,1,2,66,0.5
740,7369.123639,7368.624639,7368.732639,7369.123639,7375.292639,0,NaN,0,7.00000000000003,1,2,66,0.5
741,7378.279139,7376.921639,7377.585639,7378.226139,7381.720639,1,1.99999999999996,0.0200000000000003,7.00000000000003,1,2,66,0.5
742,7383.165639,7382.549139,7382.643639,7383.165639,7391.889139,0,NaN,0,7.00000000000003,1,2,66,0.5
743,7393.078639,7392.346639,7392.655139,7393.026139,7395.647139,1,1.99999999999996,0.0200000000000003,7.00000000000003,1,2,66,0.5
744,7396.655139,7396.108639,7396.192139,7396.655139,7403.582639,0,NaN,0,7.00000000000003,1,2,66,0.5
745,7404.983139,7404.296639,7404.533139,7404.983139,7412.639139,1,NaN,0,5.99999999999996,2,1,65,0.5
746,7416.172639,7415.326639,7415.735139,7416.172639,7423.416139,1,NaN,0,5.99999999999996,2,1,65,0.5
747,7424.711639,7423.877139,7424.280139,7424.658639,7428.340639,1,1.99999999999996,0.0200000000000003,7.00000000000003,1,2,66,0.5
748,7429.866139,7428.794639,7429.424139,7429.866139,7436.143639,0,NaN,0,7.00000000000003,1,2,66,0.5
749,7437.662639,7436.551639,7436.927639,7437.610139,7439.712639,0,1.99999999999996,0.0200000000000003,5.99999999999996,2,1,65,0.5
750,7440.758639,7440.135139,7440.309639,7440.727639,7443.111139,0,1.99999999999996,0.0200000000000003,5.99999999999996,2,1,65,0.5
751,7444.605139,7443.758139,7444.154139,7444.552139,7446.828639,1,1.99999999999996,0.0200000000000003,7.00000000000003,1,2,66,0.5
752,7447.911639,7447.288139,7447.458139,7447.906139,7449.687139,0,1.99999999999996,0.0200000000000003,5.99999999999996,2,1,65,0.5
753,7450.792139,7450.168639,7450.366139,7450.768139,7452.047139,0,1.99999999999996,0.0200000000000003,5.99999999999996,2,1,65,0.5
754,7453.971139,7452.523639,7452.897639,7453.971139,7507.763139,0,NaN,0,7.00000000000003,1,2,66,0.5
755,7509.229139,7508.400639,7508.734639,7509.176139,7513.086139,1,1.99999999999996,0.0200000000000003,7.00000000000003,1,2,66,0.5
756,7514.348639,7513.724139,7513.880139,7514.335139,7516.953639,0,1.99999999999996,0.0200000000000003,5.99999999999996,2,1,65,0.5
757,7518.972639,7518.286639,7518.473139,7518.919639,7521.239639,1,1.99999999999996,0.0200000000000003,7.00000000000003,1,2,66,0.5
758,7522.419139,7521.830139,7521.975639,7522.419139,7529.242139,0,NaN,0,7.00000000000003,1,2,66,0.5
759,7530.373139,7529.693139,7529.903639,7530.320639,7531.962639,0,1.99999999999996,0.0200000000000003,5.99999999999996,2,1,65,0.5
760,7533.266139,7532.503639,7532.736639,7533.213639,7534.915139,0,1.99999999999996,0.0200000000000003,5.99999999999996,2,1,65,0.5
761,7536.636639,7535.893639,7536.124639,7536.584139,7538.351639,1,1.99999999999996,0.0200000000000003,7.00000000000003,1,2,66,0.5
762,7539.490639,7538.993639,7539.044639,7539.490639,7547.254639,0,NaN,0,7.00000000000003,1,2,66,0.5
763,7548.269639,7547.670639,7547.787639,7548.217139,7550.329639,0,1.99999999999996,0.0200000000000003,5.99999999999996,2,1,65,0.5
764,7551.609639,7550.820639,7551.185139,7551.556639,7553.825139,1,1.99999999999996,0.0200000000000003,7.00000000000003,1,2,66,0.5
765,7554.738139,7554.246639,7554.330139,7554.738139,7561.171639,0,NaN,0,7.00000000000003,1,2,66,0.5
766,7562.360639,7561.670639,7561.833639,7562.307639,7564.367639,0,1.99999999999996,0.0200000000000003,5.99999999999996,2,1,65,0.5
767,7565.968139,7565.073139,7565.509639,7565.915139,7568.101139,1,1.99999999999996,0.0200000000000003,7.00000000000003,1,2,66,0.5
768,7569.146139,7568.547639,7568.698139,7569.146139,7579.976639,0,NaN,0,7.00000000000003,1,2,66,0.5
769,7581.087639,7580.342139,7580.649639,7581.035139,7583.191639,1,1.99999999999996,0.0200000000000003,7.00000000000003,1,2,66,0.5
770,7584.351139,7583.722639,7583.834139,7584.351139,7592.068139,0,NaN,0,7.00000000000003,1,2,66,0.5
771,7593.691639,7592.516139,7592.751139,7593.638639,7595.796139,0,1.99999999999996,0.0200000000000003,5.99999999999996,2,1,65,0.5
772,7598.168639,7597.235639,7597.512639,7598.116639,7600.297139,0,1.99999999999996,0.0200000000000003,5.99999999999996,2,1,65,0.5
773,7602.613139,7601.824639,7602.081139,7602.561139,7605.239639,1,1.99999999999996,0.0200000000000003,7.00000000000003,1,2,66,0.5
774,7606.871139,7606.231639,7606.416139,7606.871139,7615.780139,0,NaN,0,7.00000000000003,1,2,66,0.5
775,7617.129139,7616.202139,7616.434139,7617.075639,7618.805639,0,1.99999999999996,0.0200000000000003,5.99999999999996,2,1,65,0.5
776,7620.783139,7620.103639,7620.329139,7620.730639,7623.159139,1,1.99999999999996,0.0200000000000003,7.00000000000003,1,2,66,0.5
777,7624.272139,7623.648139,7623.791139,7624.257639,7626.192639,0,1.99999999999996,0.0200000000000003,5.99999999999996,2,1,65,0.5
778,7627.403639,7626.708139,7626.883639,7627.350639,7629.170139,0,1.99999999999996,0.0200000000000003,5.99999999999996,2,1,65,0.5
779,7630.518139,7630.004639,7630.059639,7630.465139,7632.762639,1,1.99999999999996,0.0200000000000003,7.00000000000003,1,2,66,0.5
780,7633.989139,7633.344639,7633.515639,7633.989139,7640.478639,0,NaN,0,7.00000000000003,1,2,66,0.5
781,7641.950139,7640.969139,7641.442139,7641.897639,7645.691139,0,1.99999999999996,0.0200000000000003,5.99999999999996,2,1,65,0.5
782,7647.331139,7646.323639,7646.596139,7647.278139,7649.330139,0,1.99999999999996,0.0200000000000003,5.99999999999996,2,1,65,0.5
783,7650.781139,7649.996639,7650.339139,7650.728639,7653.243639,1,1.99999999999996,0.0200000000000003,7.00000000000003,1,2,66,0.5
784,7654.410139,7653.737639,7653.930639,7654.410139,7654.858139,0,NaN,0,7.00000000000003,1,2,66,0.5
785,7687.474639,7686.766139,7687.029639,7687.474639,7689.217139,1,NaN,0,5.99999999999996,2,1,65,0.5
786,7827.557139,7826.608139,7826.982639,7827.504639,7831.160639,1,1.99999999999996,0.0200000000000003,7.00000000000003,1,2,66,0.5
787,7832.960139,7832.311639,7832.568639,7832.960139,7840.531639,1,NaN,0,5.99999999999996,2,1,65,0.5
788,7841.942139,7840.932639,7841.159139,7841.889639,7844.037639,0,1.99999999999996,0.0200000000000003,5.99999999999996,2,1,65,0.5
789,7845.389139,7844.618639,7844.830139,7845.335639,7847.240639,0,1.99999999999996,0.0200000000000003,5.99999999999996,2,1,65,0.5
790,7848.829139,7847.816139,7848.104139,7848.829139,7848.991139,0,NaN,0,7.00000000000003,1,2,66,0.5
791,7863.286639,7862.475639,7862.785139,7863.234139,7865.193139,1,1.99999999999996,0.0200000000000003,7.00000000000003,1,2,66,0.5
792,7866.256639,7865.649639,7865.758639,7866.204139,7868.022639,0,1.99999999999996,0.0200000000000003,5.99999999999996,2,1,65,0.5
793,7869.451139,7868.590139,7868.806639,7869.451139,7871.307139,0,NaN,0,7.00000000000003,1,2,66,0.5
794,7878.783639,7878.153639,7878.349139,7878.783639,7889.219639,0,NaN,0,7.00000000000003,1,2,66,0.5
795,7890.095139,7889.649639,7889.706639,7890.095139,7899.390639,0,NaN,0,7.00000000000003,1,2,66,0.5
796,7900.481139,7899.857639,7900.051639,7900.461639,7902.099139,0,1.99999999999996,0.0200000000000003,5.99999999999996,2,1,65,0.5
797,7903.503139,7902.660639,7903.046139,7903.450639,7905.316139,1,1.99999999999996,0.0200000000000003,7.00000000000003,1,2,66,0.5
798,7906.389639,7905.847639,7905.992139,7906.389639,7916.357639,0,NaN,0,7.00000000000003,1,2,66,0.5
799,7917.970139,7916.746639,7917.041139,7917.917639,7919.960139,0,1.99999999999996,0.0200000000000003,5.99999999999996,2,1,65,0.5
800,7921.279639,7920.524639,7920.759639,7921.226639,7923.211639,0,1.99999999999996,0.0200000000000003,5.99999999999996,2,1,65,0.5
801,7924.571639,7923.711639,7924.035139,7924.519639,7926.786639,1,1.99999999999996,0.0200000000000003,7.00000000000003,1,2,66,0.5
802,7927.912139,7927.257139,7927.419139,7927.912139,7934.631139,0,NaN,0,7.00000000000003,1,2,66,0.5
803,7935.949639,7935.054139,7935.323139,7935.896639,7937.976139,0,1.99999999999996,0.0200000000000003,5.99999999999996,2,1,65,0.5
804,7939.959639,7939.288639,7939.500639,7939.907139,7942.449639,1,1.99999999999996,0.0200000000000003,7.00000000000003,1,2,66,0.5
805,7943.724639,7943.023639,7943.186639,7943.724639,7952.841139,0,NaN,0,7.00000000000003,1,2,66,0.5
806,7954.107139,7953.288639,7953.645139,7954.054639,7956.519139,1,1.99999999999996,0.0200000000000003,7.00000000000003,1,2,66,0.5
807,7957.679639,7957.056139,7957.217639,7957.667639,7959.822639,0,1.99999999999996,0.0200000000000003,5.99999999999996,2,1,65,0.5
808,7961.173139,7960.382639,7960.703139,7961.120639,7963.681639,1,1.99999999999996,0.0200000000000003,7.00000000000003,1,2,66,0.5
809,7964.782139,7964.158639,7964.297139,7964.737639,7966.597139,0,1.99999999999996,0.0200000000000003,5.99999999999996,2,1,65,0.5
810,7967.821139,7967.128139,7967.405139,7967.768139,7970.008639,1,1.99999999999996,0.0200000000000003,7.00000000000003,1,2,66,0.5
811,7973.039139,7972.322139,7972.493139,7972.986639,7976.273139,0,1.99999999999996,0.0200000000000003,5.99999999999996,2,1,65,0.5
812,7978.653139,7977.928639,7977.963639,7978.600139,7980.712139,0,1.99999999999996,0.0200000000000003,5.99999999999996,2,1,65,0.5
813,7982.711639,7982.019639,7982.236139,7982.658639,7985.035139,1,1.99999999999996,0.0200000000000003,7.00000000000003,1,2,66,0.5
814,7986.319139,7985.708139,7985.825639,7986.319139,7986.677139,0,NaN,0,7.00000000000003,1,2,66,0.5
815,7998.566139,7997.826139,7998.080139,7998.566139,8004.918139,1,NaN,0,5.99999999999996,2,1,65,0.5
816,8006.540139,8005.636139,8006.058639,8006.488139,8008.801639,1,1.99999999999996,0.0200000000000003,7.00000000000003,1,2,66,0.5
817,8009.816639,8009.272639,8009.391639,8009.816639,8015.323639,0,NaN,0,7.00000000000003,1,2,66,0.5
818,8018.256639,8017.342139,8017.804639,8018.256639,8025.803139,1,NaN,0,5.99999999999996,2,1,65,0.5
819,8027.453139,8026.812639,8027.096139,8027.453139,8029.606139,1,NaN,0,5.99999999999996,2,1,65,0.5
820,8036.909139,8035.996639,8036.463639,8036.856639,8038.724639,1,1.99999999999996,0.0200000000000003,7.00000000000003,1,2,66,0.5
821,8039.829139,8039.224639,8039.337139,8039.776639,8041.517139,0,1.99999999999996,0.0200000000000003,5.99999999999996,2,1,65,0.5
822,8042.897639,8041.995139,8042.249639,8042.845139,8044.866639,0,1.99999999999996,0.0200000000000003,5.99999999999996,2,1,65,0.5
823,8046.252639,8045.350139,8045.764139,8046.199639,8048.261139,1,1.99999999999996,0.0200000000000003,7.00000000000003,1,2,66,0.5
824,8049.352639,8048.785139,8048.864139,8049.352639,8056.380139,0,NaN,0,7.00000000000003,1,2,66,0.5
825,8057.477139,8056.986139,8057.098639,8057.477139,8064.389139,0,NaN,0,7.00000000000003,1,2,66,0.5
826,8066.015639,8065.183639,8065.555639,8065.962639,8068.282639,1,1.99999999999996,0.0200000000000003,7.00000000000003,1,2,66,0.5
827,8069.271639,8068.726139,8068.799139,8069.219639,8071.375639,0,1.99999999999996,0.0200000000000003,5.99999999999996,2,1,65,0.5
828,8073.029639,8072.388639,8072.574639,8072.977139,8075.597139,1,1.99999999999996,0.0200000000000003,7.00000000000003,1,2,66,0.5
829,8076.571639,8076.038639,8076.115139,8076.571639,8081.786139,0,NaN,0,7.00000000000003,1,2,66,0.5
830,8084.848139,8084.308139,8084.435639,8084.848139,8085.093639,0,NaN,0,7.00000000000003,1,2,66,0.5
831,8096.057139,8095.433139,8095.595139,8096.040139,8097.725139,0,1.99999999999996,0.0200000000000003,5.99999999999996,2,1,65,0.5
832,8099.324139,8098.669639,8098.812139,8099.271139,8101.647639,1,1.99999999999996,0.0200000000000003,7.00000000000003,1,2,66,0.5
833,8102.592639,8102.126639,8102.156639,8102.592639,8110.118139,0,NaN,0,7.00000000000003,1,2,66,0.5
834,8111.540139,8110.555639,8111.093139,8111.487139,8113.571639,1,1.99999999999996,0.0200000000000003,7.00000000000003,1,2,66,0.5
835,8115.008139,8114.354639,8114.432139,8114.955639,8116.955139,1,1.99999999999996,0.0200000000000003,7.00000000000003,1,2,66,0.5
836,8118.107639,8117.559139,8117.659139,8118.075639,8119.685639,0,1.99999999999996,0.0200000000000003,5.99999999999996,2,1,65,0.5
837,8120.990639,8120.256639,8120.496139,8120.938139,8122.658139,0,1.99999999999996,0.0200000000000003,5.99999999999996,2,1,65,0.5
838,8123.924139,8123.134139,8123.427639,8123.871639,8126.430139,1,1.99999999999996,0.0200000000000003,7.00000000000003,1,2,66,0.5
839,8127.492139,8126.888139,8126.964639,8127.439139,8129.870639,0,1.99999999999996,0.0200000000000003,5.99999999999996,2,1,65,0.5
840,8131.749639,8131.103639,8131.282639,8131.696639,8134.525639,1,1.99999999999996,0.0200000000000003,7.00000000000003,1,2,66,0.5
841,8135.672139,8135.068139,8135.165639,8135.619639,8137.591139,0,1.99999999999996,0.0200000000000003,5.99999999999996,2,1,65,0.5
842,8138.899639,8138.238139,8138.503139,8138.899639,8144.431639,1,NaN,0,5.99999999999996,2,1,65,0.5
843,8146.358139,8145.484139,8145.861139,8146.305639,8148.655139,1,1.99999999999996,0.0200000000000003,7.00000000000003,1,2,66,0.5
844,8149.629139,8149.120639,8149.194639,8149.629139,8156.464139,0,NaN,0,7.00000000000003,1,2,66,0.5
845,8157.676639,8156.850639,8157.212139,8157.623639,8160.303639,1,1.99999999999996,0.0200000000000003,7.00000000000003,1,2,66,0.5
846,8161.254639,8160.669639,8160.794139,8161.201639,8163.421639,0,1.99999999999996,0.0200000000000003,5.99999999999996,2,1,65,0.5
847,8165.161139,8164.467139,8164.718139,8165.107639,8167.882139,1,1.99999999999996,0.0200000000000003,7.00000000000003,1,2,66,0.5
848,8169.123139,8168.588639,8168.692139,8169.123139,8177.193139,0,NaN,0,7.00000000000003,1,2,66,0.5
849,8178.623139,8177.655639,8178.079639,8178.623139,8185.984639,1,NaN,0,5.99999999999996,2,1,65,0.5
850,8188.658139,8187.427639,8187.879639,8188.605139,8190.703639,1,1.99999999999996,0.0200000000000003,7.00000000000003,1,2,66,0.5
851,8191.723139,8191.167139,8191.285139,8191.723139,8197.439639,0,NaN,0,7.00000000000003,1,2,66,0.5
852,8199.705639,8199.107639,8199.348139,8199.705639,8207.921639,1,NaN,0,5.99999999999996,2,1,65,0.5
853,8209.792139,8208.313639,8208.584639,8209.739139,8212.874639,0,1.99999999999996,0.0200000000000003,5.99999999999996,2,1,65,0.5
854,8214.327639,8213.397139,8213.824139,8214.275139,8216.428139,1,1.99999999999996,0.0200000000000003,7.00000000000003,1,2,66,0.5
855,8217.477639,8216.823639,8216.997139,8217.477639,8223.399639,0,NaN,0,7.00000000000003,1,2,66,0.5
856,8224.672139,8224.084639,8224.202639,8224.619639,8227.277139,0,1.99999999999996,0.0200000000000003,5.99999999999996,2,1,65,0.5
857,8228.588639,8227.717139,8227.925639,8228.535639,8230.334139,0,1.99999999999996,0.0200000000000003,5.99999999999996,2,1,65,0.5
858,8231.645139,8230.822139,8231.165639,8231.592139,8233.751639,1,1.99999999999996,0.0200000000000003,7.00000000000003,1,2,66,0.5
859,8234.702139,8234.203139,8234.245639,8234.649639,8237.004139,0,1.99999999999996,0.0200000000000003,5.99999999999996,2,1,65,0.5
860,8238.204139,8237.473139,8237.690139,8238.152139,8239.679639,0,1.99999999999996,0.0200000000000003,5.99999999999996,2,1,65,0.5
861,8241.328639,8240.664639,8240.837139,8241.276139,8243.829139,1,1.99999999999996,0.0200000000000003,7.00000000000003,1,2,66,0.5
862,8244.983139,8244.359639,8244.444139,8244.944139,8247.383139,0,1.99999999999996,0.0200000000000003,5.99999999999996,2,1,65,0.5
863,8248.661639,8247.924139,8248.219139,8248.608639,8250.943639,1,1.99999999999996,0.0200000000000003,7.00000000000003,1,2,66,0.5
864,8252.073639,8251.435139,8251.602639,8252.073639,8252.953139,0,NaN,0,7.00000000000003,1,2,66,0.5
865,8298.306139,8297.437639,8297.834639,8298.253639,8300.054639,1,1.99999999999996,0.0200000000000003,7.00000000000003,1,2,66,0.5
866,8301.161139,8300.486639,8300.624139,8301.161139,8310.538139,0,NaN,0,7.00000000000003,1,2,66,0.5
867,8311.774139,8311.034139,8311.308639,8311.721639,8313.982639,1,1.99999999999996,0.0200000000000003,7.00000000000003,1,2,66,0.5
868,8315.178639,8314.559639,8314.656139,8315.178639,8383.949639,0,NaN,0,7.00000000000003,1,2,66,0.5
869,8388.254139,8387.546139,8387.580139,8388.254139,8398.559639,0,NaN,0,7.00000000000003,1,2,66,0.5
870,8403.862139,8403.133639,8403.390639,8403.862139,8418.547639,1,NaN,0,5.99999999999996,2,1,65,0.5
871,8419.992639,8418.987639,8419.236639,8419.939139,8421.814139,0,1.99999999999996,0.0200000000000003,5.99999999999996,2,1,65,0.5
872,8423.741639,8422.933639,8423.270639,8423.688639,8426.444639,1,1.99999999999996,0.0200000000000003,7.00000000000003,1,2,66,0.5
873,8428.106139,8427.584639,8427.606639,8428.053139,8430.033139,0,1.99999999999996,0.0200000000000003,5.99999999999996,2,1,65,0.5
874,8431.819139,8431.020639,8431.246139,8431.766639,8433.534639,1,1.99999999999996,0.0200000000000003,7.00000000000003,1,2,66,0.5
875,8434.987639,8434.525139,8434.561139,8434.935139,8436.737139,0,1.99999999999996,0.0200000000000003,5.99999999999996,2,1,65,0.5
876,8438.222139,8437.682139,8437.743139,8438.169139,8439.711639,1,1.99999999999996,0.0200000000000003,7.00000000000003,1,2,66,0.5
877,8441.108639,8440.678639,8440.703639,8441.108639,8441.316139,0,NaN,0,7.00000000000003,1,2,66,0.5
878,8448.549139,8447.853139,8448.081139,8448.496639,8450.418139,0,1.99999999999996,0.0200000000000003,5.99999999999996,2,1,65,0.5
879,8452.206139,8451.611639,8451.770139,8452.154139,8455.252139,1,1.99999999999996,0.0200000000000003,7.00000000000003,1,2,66,0.5
880,8457.386639,8456.762639,8456.946639,8457.333639,8459.513139,1,1.99999999999996,0.0200000000000003,7.00000000000003,1,2,66,0.5
881,8460.527639,8460.010139,8460.065639,8460.475139,8462.302639,0,1.99999999999996,0.0200000000000003,5.99999999999996,2,1,65,0.5
882,8463.582639,8462.851639,8463.153139,8463.529639,8466.751139,1,1.99999999999996,0.0200000000000003,7.00000000000003,1,2,66,0.5
883,8468.305639,8467.587639,8467.842639,8468.252639,8470.464639,1,1.99999999999996,0.0200000000000003,7.00000000000003,1,2,66,0.5
884,8471.466639,8470.973139,8471.012139,8471.413639,8473.416139,0,1.99999999999996,0.0200000000000003,5.99999999999996,2,1,65,0.5
885,8474.754639,8474.064639,8474.314639,8474.701139,8476.769139,1,1.99999999999996,0.0200000000000003,7.00000000000003,1,2,66,0.5
886,8477.743639,8477.192139,8477.234139,8477.691139,8479.636139,0,1.99999999999996,0.0200000000000003,5.99999999999996,2,1,65,0.5
887,8481.410139,8480.763139,8480.968139,8481.357639,8483.510639,1,1.99999999999996,0.0200000000000003,7.00000000000003,1,2,66,0.5
888,8484.781139,8484.190639,8484.307639,8484.728139,8486.716639,0,1.99999999999996,0.0200000000000003,5.99999999999996,2,1,65,0.5
889,8487.929139,8487.222139,8487.417139,8487.876639,8489.636639,0,1.99999999999996,0.0200000000000003,5.99999999999996,2,1,65,0.5
890,8490.921139,8490.196639,8490.467639,8490.869139,8493.585139,1,1.99999999999996,0.0200000000000003,7.00000000000003,1,2,66,0.5
891,8494.681139,8494.057139,8494.162139,8494.650639,8496.347139,0,1.99999999999996,0.0200000000000003,5.99999999999996,2,1,65,0.5
892,8497.581139,8496.876639,8497.074639,8497.528639,8499.179639,0,1.99999999999996,0.0200000000000003,5.99999999999996,2,1,65,0.5
893,8500.601139,8499.895639,8500.156639,8500.548139,8502.747639,1,1.99999999999996,0.0200000000000003,7.00000000000003,1,2,66,0.5
894,8503.786639,8503.309139,8503.341139,8503.786639,8512.424639,0,NaN,0,7.00000000000003,1,2,66,0.5
895,8513.460139,8512.907639,8512.939139,8513.407639,8515.508139,0,1.99999999999996,0.0200000000000003,5.99999999999996,2,1,65,0.5
896,8517.119139,8516.341139,8516.674139,8517.066639,8520.573139,1,1.99999999999996,0.0200000000000003,7.00000000000003,1,2,66,0.5
897,8522.059139,8521.521139,8521.580639,8522.006639,8525.543139,1,1.99999999999996,0.0200000000000003,7.00000000000003,1,2,66,0.5
898,8526.948639,8526.241139,8526.460139,8526.948639,8533.256139,1,NaN,0,5.99999999999996,2,1,65,0.5
899,8535.044139,8534.159639,8534.545639,8534.990639,8537.798639,1,1.99999999999996,0.0200000000000003,7.00000000000003,1,2,66,0.5
900,8539.473139,8538.453139,8539.031139,8539.420139,8542.461639,1,1.99999999999996,0.0200000000000003,7.00000000000003,1,2,66,0.5
901,8544.406639,8542.945639,8543.228139,8544.353639,8546.482139,0,1.99999999999996,0.0200000000000003,5.99999999999996,2,1,65,0.5
902,8548.120639,8547.401639,8547.684139,8548.068139,8551.931139,1,1.99999999999996,0.0200000000000003,7.00000000000003,1,2,66,0.5
903,8554.075639,8552.403139,8552.690139,8554.023139,8556.164139,0,1.99999999999996,0.0200000000000003,5.99999999999996,2,1,65,0.5
904,8557.582139,8556.773639,8557.135639,8557.529639,8561.294639,1,1.99999999999996,0.0200000000000003,7.00000000000003,1,2,66,0.5
905,8562.772639,8561.853639,8562.280139,8562.719139,8565.050639,1,1.99999999999996,0.0200000000000003,7.00000000000003,1,2,66,0.5
906,8566.378639,8565.590639,8565.893639,8566.325639,8569.100639,0,1.99999999999996,0.0200000000000003,5.99999999999996,2,1,65,0.5
907,8570.929139,8569.629639,8569.929139,8570.876139,8572.415139,0,1.99999999999996,0.0200000000000003,5.99999999999996,2,1,65,0.5
908,8573.776639,8573.040139,8573.285639,8573.723639,8576.255639,1,1.99999999999996,0.0200000000000003,7.00000000000003,1,2,66,0.5
909,8577.318639,8576.725639,8576.873639,8577.265639,8579.030639,0,1.99999999999996,0.0200000000000003,5.99999999999996,2,1,65,0.5
910,8580.338139,8579.562139,8579.757639,8580.285139,8581.979639,0,1.99999999999996,0.0200000000000003,5.99999999999996,2,1,65,0.5
911,8583.336139,8582.621139,8582.917139,8583.283139,8585.756639,1,1.99999999999996,0.0200000000000003,7.00000000000003,1,2,66,0.5
912,8586.716639,8586.185639,8586.217139,8586.716639,8592.118139,0,NaN,0,7.00000000000003,1,2,66,0.5
913,8594.765639,8593.514139,8593.766639,8594.713139,8596.735639,0,1.99999999999996,0.0200000000000003,5.99999999999996,2,1,65,0.5
914,8598.155139,8597.276639,8597.444639,8598.102139,8599.625639,0,1.99999999999996,0.0200000000000003,5.99999999999996,2,1,65,0.5
915,8600.946639,8600.251639,8600.502139,8600.894139,8602.808139,1,1.99999999999996,0.0200000000000003,7.00000000000003,1,2,66,0.5
916,8603.890139,8603.267139,8603.399139,8603.868139,8605.646639,0,1.99999999999996,0.0200000000000003,5.99999999999996,2,1,65,0.5
917,8607.067139,8606.251639,8606.560139,8607.014139,8610.109139,1,1.99999999999996,0.0200000000000003,7.00000000000003,1,2,66,0.5
918,8611.552639,8610.720639,8611.077639,8611.499639,8615.322639,1,1.99999999999996,0.0200000000000003,7.00000000000003,1,2,66,0.5
919,8617.383639,8616.450639,8616.590139,8617.330639,8619.134639,0,1.99999999999996,0.0200000000000003,5.99999999999996,2,1,65,0.5
920,8620.550139,8619.853639,8620.106639,8620.497139,8622.021139,0,1.99999999999996,0.0200000000000003,5.99999999999996,2,1,65,0.5
921,8623.506639,8622.715639,8623.058639,8623.453639,8625.469639,1,1.99999999999996,0.0200000000000003,7.00000000000003,1,2,66,0.5
922,8626.595639,8625.968639,8626.117139,8626.595639,9029.637639,0,NaN,0,7.00000000000003,1,2,66,0.5
923,9036.234639,9035.433639,9035.543139,9036.181639,9038.074639,0,1.99999999999996,0.0200000000000003,5.99999999999996,2,1,65,0.5
924,9040.913639,9040.077639,9040.417639,9040.860639,9043.880139,1,1.99999999999996,0.0200000000000003,7.00000000000003,1,2,66,0.5
925,9076.296639,9075.419639,9075.795639,9076.296639,9086.168139,0,NaN,0,7.00000000000003,1,2,66,0.5
926,9087.772139,9086.935639,9087.338639,9087.719139,9090.452639,1,1.99999999999996,0.0200000000000003,7.00000000000003,1,2,66,0.5
927,9092.266139,9091.508639,9091.767639,9092.213639,9095.344639,1,1.99999999999996,0.0200000000000003,7.00000000000003,1,2,66,0.5
928,9097.069139,9096.225639,9096.657639,9097.016139,9100.404639,1,1.99999999999996,0.0200000000000003,7.00000000000003,1,2,66,0.5
929,9101.663639,9101.040639,9101.246139,9101.647639,9103.293139,0,1.99999999999996,0.0200000000000003,5.99999999999996,2,1,65,0.5
930,9104.736639,9104.186139,9104.252139,9104.736639,9117.367639,0,NaN,0,7.00000000000003,1,2,66,0.5
931,9119.030139,9118.304639,9118.546139,9118.977639,9120.278139,0,1.99999999999996,0.0200000000000003,5.99999999999996,2,1,65,0.5
932,9121.692639,9121.016139,9121.277139,9121.639639,9124.572639,1,1.99999999999996,0.0200000000000003,7.00000000000003,1,2,66,0.5
933,9125.765639,9125.013639,9125.315139,9125.712639,9127.731639,1,1.99999999999996,0.0200000000000003,7.00000000000003,1,2,66,0.5
934,9128.945639,9128.345139,9128.542139,9128.945639,9138.081639,0,NaN,0,7.00000000000003,1,2,66,0.5
935,9139.084139,9138.519639,9138.583639,9139.031639,9140.981639,0,1.99999999999996,0.0200000000000003,5.99999999999996,2,1,65,0.5
936,9143.284139,9142.651639,9142.862139,9143.231139,9145.133139,1,1.99999999999996,0.0200000000000003,7.00000000000003,1,2,66,0.5
937,9146.518139,9145.900139,9146.086639,9146.465639,9148.159639,0,1.99999999999996,0.0200000000000003,5.99999999999996,2,1,65,0.5
938,9149.383139,9148.679639,9148.881139,9149.330139,9151.014139,0,1.99999999999996,0.0200000000000003,5.99999999999996,2,1,65,0.5
939,9152.206639,9151.582639,9151.822639,9152.195139,9155.969639,1,1.99999999999996,0.0200000000000003,7.00000000000003,1,2,66,0.5
940,9157.209139,9156.410139,9156.731639,9157.156139,9159.082139,1,1.99999999999996,0.0200000000000003,7.00000000000003,1,2,66,0.5
941,9160.395639,9159.629139,9159.904139,9160.342639,9162.346139,0,1.99999999999996,0.0200000000000003,5.99999999999996,2,1,65,0.5
942,9163.616639,9162.875139,9163.119139,9163.564139,9165.469639,1,1.99999999999996,0.0200000000000003,7.00000000000003,1,2,66,0.5
943,9166.559639,9165.950139,9166.067139,9166.506639,9168.309639,0,1.99999999999996,0.0200000000000003,5.99999999999996,2,1,65,0.5
944,9169.539139,9168.840639,9169.116639,9169.486639,9171.817139,1,1.99999999999996,0.0200000000000003,7.00000000000003,1,2,66,0.5
945,9173.028639,9172.346139,9172.539639,9173.028639,9181.275639,0,NaN,0,7.00000000000003,1,2,66,0.5
946,9183.538139,9182.029639,9182.389139,9183.486139,9185.309139,0,1.99999999999996,0.0200000000000003,5.99999999999996,2,1,65,0.5
947,9186.850139,9186.064639,9186.416639,9186.797639,9188.872639,1,1.99999999999996,0.0200000000000003,7.00000000000003,1,2,66,0.5
948,9189.930139,9189.381639,9189.510139,9189.930139,9246.643639,0,NaN,0,7.00000000000003,1,2,66,0.5
949,9248.358139,9247.287639,9247.566139,9248.305639,9250.175639,0,1.99999999999996,0.0200000000000003,5.99999999999996,2,1,65,0.5
950,9251.635139,9251.018139,9251.157139,9251.582139,9253.293639,1,1.99999999999996,0.0200000000000003,7.00000000000003,1,2,66,0.5
951,9254.819639,9254.142639,9254.311639,9254.766639,9256.837639,0,1.99999999999996,0.0200000000000003,5.99999999999996,2,1,65,0.5
952,9258.097139,9257.390139,9257.592639,9258.044639,9259.289139,0,1.99999999999996,0.0200000000000003,5.99999999999996,2,1,65,0.5
953,9260.622139,9259.881139,9260.191639,9260.569139,9262.758139,1,1.99999999999996,0.0200000000000003,7.00000000000003,1,2,66,0.5
954,9263.930639,9263.372139,9263.433139,9263.878139,9266.741139,0,1.99999999999996,0.0200000000000003,5.99999999999996,2,1,65,0.5
955,9268.302139,9267.596139,9267.745639,9268.249639,9270.212139,1,1.99999999999996,0.0200000000000003,7.00000000000003,1,2,66,0.5
956,9271.328639,9270.745639,9270.812139,9271.275639,9273.109639,0,1.99999999999996,0.0200000000000003,5.99999999999996,2,1,65,0.5
957,9274.405639,9273.782139,9274.036139,9274.399639,9278.058139,1,1.99999999999996,0.0200000000000003,7.00000000000003,1,2,66,0.5
958,9282.333139,9281.275639,9281.539639,9282.280139,9284.011139,0,1.99999999999996,0.0200000000000003,5.99999999999996,2,1,65,0.5
959,9285.108139,9284.483639,9284.656639,9285.098639,9286.758139,0,1.99999999999996,0.0200000000000003,5.99999999999996,2,1,65,0.5
960,9288.156139,9287.279139,9287.487139,9288.103639,9290.050139,1,1.99999999999996,0.0200000000000003,7.00000000000003,1,2,66,0.5
961,9291.124639,9290.545639,9290.618139,9291.124639,9427.926639,0,NaN,0,7.00000000000003,1,2,66,0.5
962,9429.942639,9429.179139,9429.417139,9429.889639,9431.591139,1,1.99999999999996,0.0200000000000003,7.00000000000003,1,2,66,0.5
963,9442.826139,9442.227139,9442.338639,9442.774139,9444.474639,0,1.99999999999996,0.0200000000000003,5.99999999999996,2,1,65,0.5
964,9446.048139,9445.308139,9445.588639,9445.995639,9448.910139,1,1.99999999999996,0.0200000000000003,7.00000000000003,1,2,66,0.5
965,9450.474139,9449.426639,9449.716139,9450.421639,9452.092639,1,1.99999999999996,0.0200000000000003,7.00000000000003,1,2,66,0.5
966,9453.892639,9453.321639,9453.359139,9453.839639,9455.618139,0,1.99999999999996,0.0200000000000003,5.99999999999996,2,1,65,0.5
967,9456.849639,9456.162639,9456.394639,9456.797139,9458.596139,0,1.99999999999996,0.0200000000000003,5.99999999999996,2,1,65,0.5
968,9460.062639,9459.216639,9459.487139,9460.010639,9463.264639,1,1.99999999999996,0.0200000000000003,7.00000000000003,1,2,66,0.5
969,9464.670139,9463.825139,9464.080139,9464.618139,9466.349639,0,1.99999999999996,0.0200000000000003,5.99999999999996,2,1,65,0.5
970,9468.026639,9467.352139,9467.596639,9467.973639,9470.192639,1,1.99999999999996,0.0200000000000003,7.00000000000003,1,2,66,0.5
971,9471.201139,9470.702139,9470.723639,9471.201139,9485.529639,0,NaN,0,7.00000000000003,1,2,66,0.5
972,9487.138639,9486.470139,9486.660639,9487.086139,9488.871639,1,1.99999999999996,0.0200000000000003,7.00000000000003,1,2,66,0.5
973,9489.965639,9489.380139,9489.433639,9489.912639,9492.133139,0,1.99999999999996,0.0200000000000003,5.99999999999996,2,1,65,0.5
974,9493.497639,9492.707639,9492.995139,9493.444639,9495.701139,1,1.99999999999996,0.0200000000000003,7.00000000000003,1,2,66,0.5
975,9496.638139,9496.127139,9496.189639,9496.638139,9497.029639,0,NaN,0,7.00000000000003,1,2,66,0.5
976,9507.034639,9506.218139,9506.463639,9506.982139,9508.446139,0,1.99999999999996,0.0200000000000003,5.99999999999996,2,1,65,0.5
977,9510.341639,9509.679639,9509.873639,9510.288639,9511.922139,1,1.99999999999996,0.0200000000000003,7.00000000000003,1,2,66,0.5
978,9513.287139,9512.663139,9512.853639,9513.265639,9514.811139,0,1.99999999999996,0.0200000000000003,5.99999999999996,2,1,65,0.5
979,9516.098139,9515.390639,9515.655639,9516.045639,9517.778639,1,1.99999999999996,0.0200000000000003,7.00000000000003,1,2,66,0.5
980,9518.690139,9518.195639,9518.243639,9518.690139,9532.955639,0,NaN,0,7.00000000000003,1,2,66,0.5
981,9534.166639,9533.328139,9533.542139,9534.113139,9535.877639,0,1.99999999999996,0.0200000000000003,5.99999999999996,2,1,65,0.5
982,9537.078139,9536.426639,9536.596639,9537.078139,9551.110139,0,NaN,0,7.00000000000003,1,2,66,0.5
983,9552.228639,9551.517639,9551.731139,9552.175639,9553.908639,0,1.99999999999996,0.0200000000000003,5.99999999999996,2,1,65,0.5
984,9555.118639,9554.396639,9554.653139,9555.065639,9557.131639,1,1.99999999999996,0.0200000000000003,7.00000000000003,1,2,66,0.5
985,9558.251139,9557.666139,9557.800139,9558.251139,9579.941639,0,NaN,0,7.00000000000003,1,2,66,0.5
986,9582.006639,9580.402639,9580.670139,9581.954139,9583.530639,0,1.99999999999996,0.0200000000000003,5.99999999999996,2,1,65,0.5
987,9584.862639,9584.062139,9584.399639,9584.809139,9586.446139,1,1.99999999999996,0.0200000000000003,7.00000000000003,1,2,66,0.5
988,9587.817139,9586.921139,9587.238139,9587.764639,9589.395639,1,1.99999999999996,0.0200000000000003,7.00000000000003,1,2,66,0.5
989,9590.520139,9589.946139,9589.995639,9590.520139,9590.751639,0,NaN,0,7.00000000000003,1,2,66,0.5
990,9599.546639,9598.832139,9598.884639,9599.493139,9601.563139,0,1.99999999999996,0.0200000000000003,5.99999999999996,2,1,65,0.5
991,9603.114639,9602.106139,9602.564639,9603.061639,9606.521639,1,1.99999999999996,0.0200000000000003,7.00000000000003,1,2,66,0.5
992,9607.731639,9607.005639,9607.279139,9607.678639,9610.959639,1,1.99999999999996,0.0200000000000003,7.00000000000003,1,2,66,0.5
993,9613.735639,9613.005139,9613.209139,9613.682139,9615.419139,0,1.99999999999996,0.0200000000000003,5.99999999999996,2,1,65,0.5
994,9616.733639,9615.931639,9616.279639,9616.680639,9620.087639,1,1.99999999999996,0.0200000000000003,7.00000000000003,1,2,66,0.5
995,9621.297639,9620.614139,9620.851139,9621.245139,9623.143139,0,1.99999999999996,0.0200000000000003,5.99999999999996,2,1,65,0.5
996,9624.546139,9623.923639,9624.103639,9624.538139,9626.464139,0,1.99999999999996,0.0200000000000003,5.99999999999996,2,1,65,0.5
997,9627.725139,9627.000639,9627.283639,9627.671639,9630.279639,1,1.99999999999996,0.0200000000000003,7.00000000000003,1,2,66,0.5
998,9631.323139,9630.724639,9630.833139,9631.323139,9650.037139,0,NaN,0,7.00000000000003,1,2,66,0.5
999,9650.876139,9650.419139,9650.488639,9650.876139,9651.113139,0,NaN,0,7.00000000000003,1,2,66,0.5
1000,9679.664639,9678.784139,9679.148139,9679.611639,9681.123139,1,1.99999999999996,0.0200000000000003,7.00000000000003,1,2,66,0.5
1001,9682.198639,9681.589639,9681.759139,9682.145639,9684.345139,0,1.99999999999996,0.0200000000000003,5.99999999999996,2,1,65,0.5
1002,9685.653139,9684.948139,9685.190139,9685.653139,9685.864639,0,NaN,0,7.00000000000003,1,2,66,0.5
1003,9694.864139,9693.993639,9694.286139,9694.864139,9701.670139,0,NaN,0,7.00000000000003,1,2,66,0.5
1004,9703.464639,9702.641139,9702.999639,9703.412139,9705.190639,1,1.99999999999996,0.0200000000000003,7.00000000000003,1,2,66,0.5
1005,9706.214639,9705.668639,9705.734639,9706.214639,9712.270139,0,NaN,0,7.00000000000003,1,2,66,0.5
1006,9716.545139,9715.965639,9716.093639,9716.545139,9754.715139,0,NaN,0,7.00000000000003,1,2,66,0.5
1007,9755.921639,9755.159139,9755.464639,9755.869139,9757.596139,1,1.99999999999996,0.0200000000000003,7.00000000000003,1,2,66,0.5
1008,9758.883139,9758.260139,9758.429139,9758.875139,9760.522639,0,1.99999999999996,0.0200000000000003,5.99999999999996,2,1,65,0.5
1009,9761.755639,9761.066639,9761.299639,9761.703139,9763.589639,1,1.99999999999996,0.0200000000000003,7.00000000000003,1,2,66,0.5
1010,9764.685139,9764.169639,9764.257139,9764.685139,9770.073639,0,NaN,0,7.00000000000003,1,2,66,0.5
1011,9772.718639,9771.839639,9772.220139,9772.665139,9774.484139,1,1.99999999999996,0.0200000000000003,7.00000000000003,1,2,66,0.5
1012,9775.486139,9774.960639,9775.091139,9775.486139,9783.414139,0,NaN,0,7.00000000000003,1,2,66,0.5
1013,9785.107139,9784.280139,9784.419139,9785.107139,9789.815639,1,NaN,0,5.99999999999996,2,1,65,0.5
1014,9794.062639,9793.467139,9793.632139,9794.009639,9797.388139,1,1.99999999999996,0.0200000000000003,7.00000000000003,1,2,66,0.5
1015,9798.968639,9797.936139,9798.189639,9798.916639,9800.989639,1,1.99999999999996,0.0200000000000003,7.00000000000003,1,2,66,0.5
1016,9802.746139,9801.988139,9802.249139,9802.746139,9812.800639,1,NaN,0,5.99999999999996,2,1,65,0.5
1017,9814.336139,9813.514139,9813.747139,9814.282639,9816.509139,0,1.99999999999996,0.0200000000000003,5.99999999999996,2,1,65,0.5
1018,9818.091639,9817.218639,9817.534639,9818.039639,9820.099639,1,1.99999999999996,0.0200000000000003,7.00000000000003,1,2,66,0.5
1019,9821.242639,9820.739139,9820.769139,9821.195639,9822.846139,0,1.99999999999996,0.0200000000000003,5.99999999999996,2,1,65,0.5
1020,9823.991139,9823.418139,9823.588639,9823.938639,9826.087639,0,1.99999999999996,0.0200000000000003,5.99999999999996,2,1,65,0.5
1021,9827.398139,9826.684639,9826.906139,9827.345139,9829.128639,0,1.99999999999996,0.0200000000000003,5.99999999999996,2,1,65,0.5
1022,9830.666139,9829.999639,9830.186139,9830.613639,9833.248639,1,1.99999999999996,0.0200000000000003,7.00000000000003,1,2,66,0.5
1023,9834.299639,9833.676639,9833.792139,9834.276639,9836.200639,0,1.99999999999996,0.0200000000000003,5.99999999999996,2,1,65,0.5
1024,9837.449139,9836.825639,9837.039639,9837.413139,9839.742639,0,1.99999999999996,0.0200000000000003,5.99999999999996,2,1,65,0.5
1025,9841.195139,9840.465639,9840.747139,9841.142639,9842.934639,1,1.99999999999996,0.0200000000000003,7.00000000000003,1,2,66,0.5
1026,9844.003639,9843.468139,9843.494139,9844.003639,9846.339139,0,NaN,0,7.00000000000003,1,2,66,0.5
1027,9851.577139,9850.590639,9850.889639,9851.525139,9853.861639,0,1.99999999999996,0.0200000000000003,5.99999999999996,2,1,65,0.5
1028,9856.218639,9855.327639,9855.622639,9856.166139,9859.055139,1,1.99999999999996,0.0200000000000003,7.00000000000003,1,2,66,0.5
1029,9860.368639,9859.703639,9859.855139,9860.368639,9867.842139,0,NaN,0,7.00000000000003,1,2,66,0.5
1030,9869.342639,9868.606639,9868.932639,9869.342639,9876.058639,1,NaN,0,5.99999999999996,2,1,65,0.5
1031,9878.750139,9877.652139,9877.865639,9878.697639,9880.210639,0,1.99999999999996,0.0200000000000003,5.99999999999996,2,1,65,0.5
1032,9881.972639,9881.157139,9881.388139,9881.972639,9882.198639,0,NaN,0,7.00000000000003,1,2,66,0.5
1033,9891.168139,9890.444639,9890.629139,9891.168139,9898.166139,0,NaN,0,7.00000000000003,1,2,66,0.5
1034,9899.872639,9899.396639,9899.452639,9899.872639,9907.376139,0,NaN,0,7.00000000000003,1,2,66,0.5
1035,9908.820139,9908.072639,9908.260639,9908.767139,9910.613139,0,1.99999999999996,0.0200000000000003,5.99999999999996,2,1,65,0.5
1036,9912.041639,9911.331139,9911.480639,9912.041639,9927.260639,0,NaN,0,7.00000000000003,1,2,66,0.5
1037,9928.712639,9927.939139,9928.052139,9928.712639,9933.543139,0,NaN,0,7.00000000000003,1,2,66,0.5
1038,9956.182139,9955.277139,9955.583639,9956.129139,9958.284139,0,1.99999999999996,0.0200000000000003,5.99999999999996,2,1,65,0.5
1039,9959.644139,9958.862139,9959.152139,9959.591139,9961.158139,1,1.99999999999996,0.0200000000000003,7.00000000000003,1,2,66,0.5
1040,9962.255639,9961.741639,9961.846139,9962.255639,9962.556639,0,NaN,0,7.00000000000003,1,2,66,0.5
1041,10243.681139,10242.452639,10242.797139,10243.628639,10246.984139,1,1.99999999999996,0.0200000000000003,7.00000000000003,1,2,66,0.5
1042,10254.960639,10254.116139,10254.235639,10254.908139,10258.510639,1,1.99999999999996,0.0200000000000003,7.00000000000003,1,2,66,0.5
1043,10450.810139,10449.099639,10449.391139,10450.758139,10461.040139,0,1.99999999999996,0.0200000000000003,5.99999999999996,2,1,65,0.5
1044,10462.620639,10461.628139,10461.978639,10462.568139,10464.015139,1,1.99999999999996,0.0200000000000003,7.00000000000003,1,2,66,0.5
1045,10473.768639,10472.650639,10472.865639,10473.716139,10476.889639,1,1.99999999999996,0.0200000000000003,7.00000000000003,1,2,66,0.5
1046,10478.557139,10477.827639,10478.028139,10478.504139,10480.503639,0,1.99999999999996,0.0200000000000003,5.99999999999996,2,1,65,0.5
1047,10481.949139,10481.173139,10481.441639,10481.896139,10487.198139,1,1.99999999999996,0.0200000000000003,7.00000000000003,1,2,66,0.5
1048,10488.821639,10487.998139,10488.297639,10488.768639,10490.499639,0,1.99999999999996,0.0200000000000003,5.99999999999996,2,1,65,0.5
1049,10492.450139,10491.696639,10491.944139,10492.397639,10496.098639,1,1.99999999999996,0.0200000000000003,7.00000000000003,1,2,66,0.5
1050,10497.903139,10497.165639,10497.383639,10497.850639,10499.496639,0,1.99999999999996,0.0200000000000003,5.99999999999996,2,1,65,0.5
1051,10501.053139,10500.295639,10500.517139,10501.000139,10502.737639,0,1.99999999999996,0.0200000000000003,5.99999999999996,2,1,65,0.5
1052,10504.181139,10503.371139,10503.645639,10504.128639,10508.228639,1,1.99999999999996,0.0200000000000003,7.00000000000003,1,2,66,0.5
1053,10510.580139,10509.881639,10510.062139,10510.527139,10515.305639,1,1.99999999999996,0.0200000000000003,7.00000000000003,1,2,66,0.5
1054,10521.377139,10520.535139,10520.798139,10521.324639,10523.067139,0,1.99999999999996,0.0200000000000003,5.99999999999996,2,1,65,0.5
1055,10524.618639,10523.760139,10524.006639,10524.618639,10553.912139,0,NaN,0,7.00000000000003,1,2,66,0.5
1056,10555.418639,10554.819139,10554.914639,10555.366139,10560.686639,1,1.99999999999996,0.0200000000000003,7.00000000000003,1,2,66,0.5
1057,10562.117639,10561.219139,10561.510639,10562.064639,10564.082139,0,1.99999999999996,0.0200000000000003,5.99999999999996,2,1,65,0.5
1058,10565.522639,10564.856639,10565.038139,10565.522639,10565.686639,0,NaN,0,7.00000000000003,1,2,66,0.5
1059,10574.232139,10573.662139,10573.682639,10574.232139,10593.238139,0,NaN,0,7.00000000000003,1,2,66,0.5
1060,10594.868139,10594.087139,10594.351639,10594.814639,10596.591639,0,1.99999999999996,0.0200000000000003,5.99999999999996,2,1,65,0.5
1061,10598.501139,10597.818139,10597.985139,10598.448639,10602.458139,1,1.99999999999996,0.0200000000000003,7.00000000000003,1,2,66,0.5
1062,10603.900139,10603.068139,10603.357139,10603.847139,10605.491139,0,1.99999999999996,0.0200000000000003,5.99999999999996,2,1,65,0.5
1063,10606.728639,10606.024639,10606.247139,10606.675639,10608.863639,1,1.99999999999996,0.0200000000000003,7.00000000000003,1,2,66,0.5
1064,10610.200139,10609.534139,10609.714639,10610.200139,10617.555139,0,NaN,0,7.00000000000003,1,2,66,0.5
1065,10620.479139,10619.728639,10619.955139,10620.479139,10628.101639,1,NaN,0,5.99999999999996,2,1,65,0.5
1066,10630.039639,10629.305139,10629.528139,10629.986639,10632.104639,1,1.99999999999996,0.0200000000000003,7.00000000000003,1,2,66,0.5
1067,10633.327639,10632.703639,10632.822139,10633.278139,10635.240639,0,1.99999999999996,0.0200000000000003,5.99999999999996,2,1,65,0.5
1068,10636.769639,10636.219639,10636.287139,10636.717139,10638.832139,1,1.99999999999996,0.0200000000000003,7.00000000000003,1,2,66,0.5
1069,10640.631139,10640.036639,10640.125639,10640.631139,10648.540139,0,NaN,0,7.00000000000003,1,2,66,0.5
1070,10650.290639,10649.615139,10649.736139,10650.238139,10654.636639,1,1.99999999999996,0.0200000000000003,7.00000000000003,1,2,66,0.5
1071,10656.275639,10655.327639,10655.779639,10656.222639,10658.112639,1,1.99999999999996,0.0200000000000003,7.00000000000003,1,2,66,0.5
1072,10659.504139,10658.880139,10659.014139,10659.488139,10661.934639,0,1.99999999999996,0.0200000000000003,5.99999999999996,2,1,65,0.5
1073,10663.269639,10662.492139,10662.800139,10663.217139,10665.772139,1,1.99999999999996,0.0200000000000003,7.00000000000003,1,2,66,0.5
1074,10667.115639,10666.412639,10666.558139,10667.063639,10669.124139,0,1.99999999999996,0.0200000000000003,5.99999999999996,2,1,65,0.5
1075,10670.410139,10669.787139,10669.982139,10670.396639,10672.316639,0,1.99999999999996,0.0200000000000003,5.99999999999996,2,1,65,0.5
1076,10673.998139,10673.281639,10673.432639,10673.945139,10678.621139,1,1.99999999999996,0.0200000000000003,7.00000000000003,1,2,66,0.5
1077,10679.898639,10679.167139,10679.388639,10679.845639,10681.947139,0,1.99999999999996,0.0200000000000003,5.99999999999996,2,1,65,0.5
1078,10683.323639,10682.643639,10682.848639,10683.270639,10685.115139,0,1.99999999999996,0.0200000000000003,5.99999999999996,2,1,65,0.5
1079,10686.505139,10685.710639,10686.016639,10686.451639,10688.562639,1,1.99999999999996,0.0200000000000003,7.00000000000003,1,2,66,0.5
1080,10689.784639,10689.218139,10689.276639,10689.784639,10697.307139,0,NaN,0,7.00000000000003,1,2,66,0.5
1081,10698.613639,10697.917639,10698.117139,10698.561139,10700.374639,0,1.99999999999996,0.0200000000000003,5.99999999999996,2,1,65,0.5
1082,10702.078639,10701.214139,10701.386639,10702.078639,10707.048639,0,NaN,0,7.00000000000003,1,2,66,0.5
1083,10709.675639,10708.743139,10709.156639,10709.622639,10711.701639,1,1.99999999999996,0.0200000000000003,7.00000000000003,1,2,66,0.5
1084,10713.097639,10712.329139,10712.510639,10713.045139,10715.000139,0,1.99999999999996,0.0200000000000003,5.99999999999996,2,1,65,0.5
1085,10716.730639,10715.904139,10716.171639,10716.677639,10719.211639,1,1.99999999999996,0.0200000000000003,7.00000000000003,1,2,66,0.5
1086,10720.531639,10719.847139,10719.997139,10720.479139,10723.162639,0,1.99999999999996,0.0200000000000003,5.99999999999996,2,1,65,0.5
1087,10725.133139,10723.764139,10723.996639,10725.079639,10727.087139,0,1.99999999999996,0.0200000000000003,5.99999999999996,2,1,65,0.5
1088,10728.880139,10727.760639,10727.910139,10728.880139,10859.867139,0,NaN,0,7.00000000000003,1,2,66,0.5
1089,10861.637639,10860.416139,10860.641639,10861.584639,10863.508639,1,1.99999999999996,0.0200000000000003,7.00000000000003,1,2,66,0.5
1090,10865.529139,10864.794639,10864.933639,10865.476639,10867.413139,0,1.99999999999996,0.0200000000000003,5.99999999999996,2,1,65,0.5
1091,10869.212139,10868.469639,10868.700639,10869.159639,10870.833639,1,1.99999999999996,0.0200000000000003,7.00000000000003,1,2,66,0.5
1092,10872.817139,10871.865139,10871.901139,10872.817139,10873.066639,0,NaN,0,7.00000000000003,1,2,66,0.5
1093,10886.327639,10885.488639,10885.713639,10886.327639,10898.812639,1,NaN,0,5.99999999999996,2,1,65,0.5
1094,10900.836639,10900.111639,10900.291639,10900.784139,10902.690139,1,1.99999999999996,0.0200000000000003,7.00000000000003,1,2,66,0.5
1095,10904.874639,10904.196639,10904.311639,10904.822639,10906.855139,0,1.99999999999996,0.0200000000000003,5.99999999999996,2,1,65,0.5
1096,10908.666139,10907.946139,10908.164139,10908.613639,10910.183639,0,1.99999999999996,0.0200000000000003,5.99999999999996,2,1,65,0.5
1097,10912.253139,10911.528639,10911.614639,10912.200639,10916.059639,1,1.99999999999996,0.0200000000000003,7.00000000000003,1,2,66,0.5
1098,10918.265639,10917.239639,10917.606639,10918.213139,10919.786139,0,1.99999999999996,0.0200000000000003,5.99999999999996,2,1,65,0.5
1099,10921.336639,10920.542639,10920.767639,10921.284139,10923.229639,0,1.99999999999996,0.0200000000000003,5.99999999999996,2,1,65,0.5
1100,10925.051639,10924.190639,10924.508639,10924.998139,10927.139639,1,1.99999999999996,0.0200000000000003,7.00000000000003,1,2,66,0.5
1101,10928.677139,10927.909139,10928.065139,10928.677139,10929.356639,0,NaN,0,7.00000000000003,1,2,66,0.5
1102,10939.820139,10937.198639,10937.468639,10939.766639,10942.003639,0,1.99999999999996,0.0200000000000003,5.99999999999996,2,1,65,0.5
1103,10943.727139,10943.019139,10943.233139,10943.674139,10945.703639,0,1.99999999999996,0.0200000000000003,5.99999999999996,2,1,65,0.5
1104,10948.189139,10947.224639,10947.558639,10948.135639,10952.863139,1,1.99999999999996,0.0200000000000003,7.00000000000003,1,2,66,0.5
1105,10954.594639,10953.764639,10953.925639,10954.542139,10956.658139,1,1.99999999999996,0.0200000000000003,7.00000000000003,1,2,66,0.5
1106,10958.263139,10957.468639,10957.566139,10958.211139,10960.381639,0,1.99999999999996,0.0200000000000003,5.99999999999996,2,1,65,0.5
1107,10962.098139,10961.278639,10961.564639,10962.045639,10964.182639,1,1.99999999999996,0.0200000000000003,7.00000000000003,1,2,66,0.5
1108,10965.434139,10964.788139,10964.868139,10965.434139,10966.118139,0,NaN,0,7.00000000000003,1,2,66,0.5
1109,10973.212639,10972.039139,10972.397639,10973.160139,10974.783139,0,1.99999999999996,0.0200000000000003,5.99999999999996,2,1,65,0.5
1110,10977.118139,10976.425639,10976.546139,10977.065139,10979.346639,1,1.99999999999996,0.0200000000000003,7.00000000000003,1,2,66,0.5
1111,10980.767139,10980.187139,10980.240639,10980.767139,10981.015139,0,NaN,0,7.00000000000003,1,2,66,0.5
1112,11205.087639,11204.000139,11204.256639,11205.035139,12116.278139,1,1.99999999999996,0.0200000000000003,7.00000000000003,1,2,66,0.5
1113,12118.250139,12117.038639,12117.311139,12118.197639,12120.271639,0,1.99999999999996,0.0200000000000003,5.99999999999996,2,1,65,0.5
1114,12124.854139,12123.802139,12124.019639,12124.800639,12126.377139,1,1.99999999999996,0.0200000000000003,7.00000000000003,1,2,66,0.5
1115,12131.099639,12130.039139,12130.318639,12131.047139,12132.837639,1,1.99999999999996,0.0200000000000003,7.00000000000003,1,2,66,0.5
1116,12454.361139,12445.525139,12445.592139,NaN,NaN,NaN,NaN,0,5.99999999999996,2,1,65,0.5
1117,12464.106139,12462.625139,12462.968139,12464.053139,12465.606639,0,1.99999999999996,0.0200000000000003,5.99999999999996,2,1,65,0.5
1118,12467.445139,12466.459639,12466.660639,12467.392139,12469.457639,0,1.99999999999996,0.0200000000000003,5.99999999999996,2,1,65,0.5
1119,12471.293139,12470.343639,12470.535639,12471.240139,12473.575639,0,1.99999999999996,0.0200000000000003,5.99999999999996,2,1,65,0.5
1120,12476.017639,12475.294639,12475.338139,12475.964639,12478.219139,1,1.99999999999996,0.0200000000000003,7.00000000000003,1,2,66,0.5
1121,12485.496139,12484.635139,12484.767639,12485.443639,12487.313639,0,1.99999999999996,0.0200000000000003,5.99999999999996,2,1,65,0.5
1122,12490.456139,12489.571139,12489.745139,12490.403139,12497.569639,1,1.99999999999996,0.0200000000000003,7.00000000000003,1,2,66,0.5
1123,12499.221139,12498.290639,12498.492139,12499.168639,12501.429639,0,1.99999999999996,0.0200000000000003,5.99999999999996,2,1,65,0.5
1124,12503.408639,12502.565139,12502.754139,12503.355639,12505.448639,0,1.99999999999996,0.0200000000000003,5.99999999999996,2,1,65,0.5
1125,12507.482639,12506.585639,12506.869639,12507.482639,12514.041639,0,NaN,0,7.00000000000003,1,2,66,0.5
1126,12516.329139,12515.066639,12515.604639,12516.276139,12519.782139,1,1.99999999999996,0.0200000000000003,7.00000000000003,1,2,66,0.5
1127,12523.664139,12522.724139,12522.776639,12523.664139,12576.036139,0,NaN,0,7.00000000000003,1,2,66,0.5
1128,12577.965139,12577.068639,12577.309639,12577.913139,12579.838139,1,1.99999999999996,0.0200000000000003,7.00000000000003,1,2,66,0.5
1129,12583.294639,12582.518639,12582.661139,12583.294639,12583.644639,0,NaN,0,7.00000000000003,1,2,66,0.5
1130,13365.558139,13362.664139,13363.327139,13365.558139,14254.537139,1,NaN,0,5.99999999999996,2,1,65,0.5
1131,14258.079639,14256.828139,14256.921139,14258.027139,14300.122139,1,1.99999999999996,0.0200000000000003,7.00000000000003,1,2,66,0.5
1132,14301.825139,14300.747139,14300.990139,14301.772639,14304.414139,0,1.99999999999996,0.0200000000000003,5.99999999999996,2,1,65,0.5
1133,14306.095639,14305.317139,14305.521639,14306.043139,14308.531639,0,1.99999999999996,0.0200000000000003,5.99999999999996,2,1,65,0.5
1134,14310.734639,14309.684139,14310.024139,14310.681639,14313.284139,1,1.99999999999996,0.0200000000000003,7.00000000000003,1,2,66,0.5
1135,14315.546639,14314.675639,14314.711639,14315.493639,14317.989639,0,1.99999999999996,0.0200000000000003,5.99999999999996,2,1,65,0.5
1136,14320.308639,14319.489639,14319.746639,14320.255639,14322.444139,0,1.99999999999996,0.0200000000000003,5.99999999999996,2,1,65,0.5
1137,14324.256139,14323.486139,14323.653639,14324.256139,14790.068639,0,NaN,0,7.00000000000003,1,2,66,0.5
1138,14795.010639,14793.790639,14793.960139,14794.958139,15072.543139,1,1.99999999999996,0.0200000000000003,7.00000000000003,1,2,66,0.5
1139,15076.200639,15074.990139,15075.204139,15076.147639,15078.867139,1,1.99999999999996,0.0200000000000003,7.00000000000003,1,2,66,0.5
1140,15083.377639,15079.665639,15079.720639,15083.325139,15092.223639,0,1.99999999999996,0.0200000000000003,5.99999999999996,2,1,65,0.5
1141,15094.737139,15093.825139,15094.088139,15094.684639,15568.600139,1,1.99999999999996,0.0200000000000003,7.00000000000003,1,2,66,0.5
1142,15574.532139,15573.346139,15573.658639,15574.532139,16134.944639,0,NaN,0,7.00000000000003,1,2,66,0.5
1143,16139.597639,16138.834139,16138.940139,16139.544639,16141.523139,1,1.99999999999996,0.0200000000000003,7.00000000000003,1,2,66,0.5
1144,16159.843639,16158.992639,16159.267639,16159.843639,16185.220639,0,NaN,0,7.00000000000003,1,2,66,0.5
1145,16187.061139,16185.999139,16186.242139,16187.008139,16189.148139,0,1.99999999999996,0.0200000000000003,5.99999999999996,2,1,65,0.5
1146,16191.002139,16189.958639,16190.421139,16190.950139,16198.089639,1,1.99999999999996,0.0200000000000003,7.00000000000003,1,2,66,0.5
1147,16340.463639,16339.212639,16339.710139,16340.411139,16343.880139,1,1.99999999999996,0.0200000000000003,7.00000000000003,1,2,66,0.5
1148,16353.866139,16353.139639,16353.186639,16353.866139,16361.323639,0,NaN,0,7.00000000000003,1,2,66,0.5
1149,16363.561139,16362.751139,16362.876139,16363.508639,16368.291139,1,1.99999999999996,0.0200000000000003,7.00000000000003,1,2,66,0.5
1150,16371.834639,16370.615139,16371.179639,16371.782139,16378.041639,1,1.99999999999996,0.0200000000000003,7.00000000000003,1,2,66,0.5
1151,16379.482139,16378.644639,16378.716639,16379.430139,16381.945139,0,1.99999999999996,0.0200000000000003,5.99999999999996,2,1,65,0.5
1152,16383.766639,16382.718139,16382.938639,16383.713639,16386.756139,0,1.99999999999996,0.0200000000000003,5.99999999999996,2,1,65,0.5
1153,16389.255639,16388.324139,16388.629639,16389.202639,16396.171139,1,1.99999999999996,0.0200000000000003,7.00000000000003,1,2,66,0.5
1154,16398.118139,16397.077139,16397.354139,16398.064639,16400.514139,0,1.99999999999996,0.0200000000000003,5.99999999999996,2,1,65,0.5
1155,16402.016639,16401.219139,16401.457639,16401.964139,16403.893639,0,1.99999999999996,0.0200000000000003,5.99999999999996,2,1,65,0.5
1156,16405.961139,16405.108639,16405.321639,16405.908639,16410.943639,1,1.99999999999996,0.0200000000000003,7.00000000000003,1,2,66,0.5
1157,16412.306139,16411.551139,16411.800639,16412.252639,16414.083639,0,1.99999999999996,0.0200000000000003,5.99999999999996,2,1,65,0.5
1158,16415.611639,16414.926639,16415.143639,16415.559139,16417.538139,0,1.99999999999996,0.0200000000000003,5.99999999999996,2,1,65,0.5
1159,16419.364639,16418.395639,16418.814139,16419.312139,16421.956639,1,1.99999999999996,0.0200000000000003,7.00000000000003,1,2,66,0.5
1160,16427.378139,16426.747139,16426.839639,16427.378139,16430.498139,0,NaN,0,7.00000000000003,1,2,66,0.5
1161,16435.792639,16434.769639,16435.038139,16435.739639,16438.189139,0,1.99999999999996,0.0200000000000003,5.99999999999996,2,1,65,0.5
1162,16439.842639,16438.942139,16439.304139,16439.790139,16443.056139,1,1.99999999999996,0.0200000000000003,7.00000000000003,1,2,66,0.5
1163,16444.475639,16443.799639,16443.855639,16444.475639,16450.731139,0,NaN,0,7.00000000000003,1,2,66,0.5
1164,16452.094639,16451.287139,16451.563139,16452.041639,16455.251139,0,1.99999999999996,0.0200000000000003,5.99999999999996,2,1,65,0.5
1165,16457.487639,16456.826139,16456.910139,16457.435139,16460.198139,1,1.99999999999996,0.0200000000000003,7.00000000000003,1,2,66,0.5
1166,16461.696139,16461.037639,16461.090139,16461.696139,16469.009139,0,NaN,0,7.00000000000003,1,2,66,0.5
1167,16470.412139,16469.648139,16469.814639,16470.359139,16473.769139,0,1.99999999999996,0.0200000000000003,5.99999999999996,2,1,65,0.5
1168,16476.126639,16475.243639,16475.540139,16476.073639,16482.356639,1,1.99999999999996,0.0200000000000003,7.00000000000003,1,2,66,0.5
1169,16484.255639,16483.552639,16483.675639,16484.203139,16487.922639,1,1.99999999999996,0.0200000000000003,7.00000000000003,1,2,66,0.5
1170,16489.353139,16488.613139,16488.667139,16489.300139,16493.505139,0,1.99999999999996,0.0200000000000003,5.99999999999996,2,1,65,0.5
1171,16495.617139,16494.828639,16495.078639,16495.564139,16501.036639,1,1.99999999999996,0.0200000000000003,7.00000000000003,1,2,66,0.5
1172,16502.683139,16501.921139,16502.075639,16502.630139,16504.900139,0,1.99999999999996,0.0200000000000003,5.99999999999996,2,1,65,0.5
1173,16507.795139,16506.286639,16506.471139,16507.742639,16510.135639,0,1.99999999999996,0.0200000000000003,5.99999999999996,2,1,65,0.5
1174,16512.011639,16511.311639,16511.486639,16511.958639,16517.656639,1,1.99999999999996,0.0200000000000003,7.00000000000003,1,2,66,0.5
1175,16519.108639,16518.215139,16518.428139,16519.056139,16521.631639,0,1.99999999999996,0.0200000000000003,5.99999999999996,2,1,65,0.5
1176,16523.448639,16522.697139,16522.839639,16523.395639,16528.478139,1,1.99999999999996,0.0200000000000003,7.00000000000003,1,2,66,0.5
1177,16532.065639,16531.358639,16531.549639,16532.013139,16534.454639,0,1.99999999999996,0.0200000000000003,5.99999999999996,2,1,65,0.5
1178,16536.902139,16536.176139,16536.368139,16536.849639,16540.599139,1,1.99999999999996,0.0200000000000003,7.00000000000003,1,2,66,0.5
1179,16541.880639,16541.257639,16541.329639,16541.857639,16544.358139,0,1.99999999999996,0.0200000000000003,5.99999999999996,2,1,65,0.5
1180,16545.757139,16545.133139,16545.317639,16545.734139,16565.051139,0,1.99999999999996,0.0200000000000003,5.99999999999996,2,1,65,0.5
1181,16566.769139,16565.962639,16566.156139,16566.717139,16569.176139,1,1.99999999999996,0.0200000000000003,7.00000000000003,1,2,66,0.5
1182,16570.521639,16569.905139,16569.946139,16570.468639,16573.677639,0,1.99999999999996,0.0200000000000003,5.99999999999996,2,1,65,0.5
1183,16575.205139,16574.520139,16574.702139,16575.152639,16577.272639,0,1.99999999999996,0.0200000000000003,5.99999999999996,2,1,65,0.5
1184,16579.316639,16578.484139,16578.771139,16579.264139,16591.255639,1,1.99999999999996,0.0200000000000003,7.00000000000003,1,2,66,0.5
1185,16594.477639,16593.619639,16593.864139,16594.425139,16596.505139,0,1.99999999999996,0.0200000000000003,5.99999999999996,2,1,65,0.5
1186,16598.664639,16597.919639,16598.132139,16598.612639,16601.105639,1,1.99999999999996,0.0200000000000003,7.00000000000003,1,2,66,0.5
1187,16602.531139,16601.953139,16602.001139,16602.479139,16605.953139,0,1.99999999999996,0.0200000000000003,5.99999999999996,2,1,65,0.5
1188,16607.534639,16606.777639,16606.906639,16607.481139,16610.126639,0,1.99999999999996,0.0200000000000003,5.99999999999996,2,1,65,0.5
1189,16611.869139,16611.012639,16611.306139,16611.816639,16616.587139,1,1.99999999999996,0.0200000000000003,7.00000000000003,1,2,66,0.5
1190,16618.213139,16617.409639,16617.668639,16618.160639,16621.218639,0,1.99999999999996,0.0200000000000003,5.99999999999996,2,1,65,0.5
1191,16622.686639,16621.958639,16622.111639,16622.634139,16625.633139,0,1.99999999999996,0.0200000000000003,5.99999999999996,2,1,65,0.5
1192,16627.290639,16626.556639,16626.711139,16627.238139,16629.836639,1,1.99999999999996,0.0200000000000003,7.00000000000003,1,2,66,0.5
1193,16631.128139,16630.504139,16630.564639,16631.075139,16633.549139,0,1.99999999999996,0.0200000000000003,5.99999999999996,2,1,65,0.5
1194,16635.017139,16634.428639,16634.551139,16635.017139,16635.265139,0,NaN,0,7.00000000000003,1,2,66,0.5
1195,16642.941139,16642.242139,16642.385639,16642.888639,16645.725139,1,1.99999999999996,0.0200000000000003,7.00000000000003,1,2,66,0.5
1196,16646.885639,16646.262139,16646.311639,16646.874139,16649.647639,0,1.99999999999996,0.0200000000000003,5.99999999999996,2,1,65,0.5
1197,16651.534639,16650.692139,16650.924139,16651.534639,16658.877639,0,NaN,0,7.00000000000003,1,2,66,0.5
1198,16660.392139,16659.524639,16659.849139,16660.340139,16663.393139,1,1.99999999999996,0.0200000000000003,7.00000000000003,1,2,66,0.5
1199,16664.711639,16664.013639,16664.154139,16664.659139,16666.954139,0,1.99999999999996,0.0200000000000003,5.99999999999996,2,1,65,0.5
1200,16668.669139,16667.727639,16668.015139,16668.616639,16671.268639,1,1.99999999999996,0.0200000000000003,7.00000000000003,1,2,66,0.5
1201,16672.451139,16671.838639,16671.884639,16672.398639,16674.670139,0,1.99999999999996,0.0200000000000003,5.99999999999996,2,1,65,0.5
1202,16677.115139,16676.328139,16676.587139,16677.062139,16679.627639,1,1.99999999999996,0.0200000000000003,7.00000000000003,1,2,66,0.5
1203,16680.994639,16680.302639,16680.427639,16680.941139,16683.630639,0,1.99999999999996,0.0200000000000003,5.99999999999996,2,1,65,0.5
1204,16685.253139,16684.636639,16684.711139,16685.200139,16688.164139,1,1.99999999999996,0.0200000000000003,7.00000000000003,1,2,66,0.5
1205,16689.361139,16688.758139,16688.839639,16689.308639,16691.103639,0,1.99999999999996,0.0200000000000003,5.99999999999996,2,1,65,0.5
1206,16692.538639,16691.677139,16692.040139,16692.486139,16694.606139,1,1.99999999999996,0.0200000000000003,7.00000000000003,1,2,66,0.5
1207,16695.905639,16695.210639,16695.305139,16695.852639,16699.076139,0,1.99999999999996,0.0200000000000003,5.99999999999996,2,1,65,0.5
1208,16700.597139,16699.847639,16700.054639,16700.544639,16702.251139,0,1.99999999999996,0.0200000000000003,5.99999999999996,2,1,65,0.5
1209,16703.975639,16703.328139,16703.499139,16703.923139,16706.592139,1,1.99999999999996,0.0200000000000003,7.00000000000003,1,2,66,0.5
1210,16707.799139,16707.177139,16707.218139,16707.746639,16709.865639,0,1.99999999999996,0.0200000000000003,5.99999999999996,2,1,65,0.5
1211,16711.886639,16711.145139,16711.334139,16711.833639,16715.114639,1,1.99999999999996,0.0200000000000003,7.00000000000003,1,2,66,0.5
1212,16716.248639,16715.726639,16715.802139,16716.248639,16723.032639,0,NaN,0,7.00000000000003,1,2,66,0.5
1213,16725.289639,16723.735639,16724.140639,16725.237639,16727.694139,0,1.99999999999996,0.0200000000000003,5.99999999999996,2,1,65,0.5
1214,16729.483139,16728.766139,16728.947139,16729.430639,16732.064139,1,1.99999999999996,0.0200000000000003,7.00000000000003,1,2,66,0.5
1215,16733.614639,16733.003139,16733.143639,16733.614639,16740.892139,0,NaN,0,7.00000000000003,1,2,66,0.5
1216,16742.358139,16741.542139,16741.850139,16742.305139,16745.011639,1,1.99999999999996,0.0200000000000003,7.00000000000003,1,2,66,0.5
1217,16746.278139,16745.559139,16745.667639,16746.225139,16748.992139,0,1.99999999999996,0.0200000000000003,5.99999999999996,2,1,65,0.5
1218,16751.160639,16750.360139,16750.628139,16751.107639,16753.907139,1,1.99999999999996,0.0200000000000003,7.00000000000003,1,2,66,0.5
1219,16755.208639,16754.549139,16754.607139,16755.208639,16761.928639,0,NaN,0,7.00000000000003,1,2,66,0.5
1220,16763.770139,16762.880639,16763.252639,16763.717639,16766.639639,1,1.99999999999996,0.0200000000000003,7.00000000000003,1,2,66,0.5
1221,16767.897639,16767.195639,16767.285139,16767.844639,16770.759139,0,1.99999999999996,0.0200000000000003,5.99999999999996,2,1,65,0.5
1222,16772.562139,16771.932139,16772.052139,16772.509639,16775.578639,1,1.99999999999996,0.0200000000000003,7.00000000000003,1,2,66,0.5
1223,16776.837639,16776.105139,16776.222639,16776.784639,16779.618639,0,1.99999999999996,0.0200000000000003,5.99999999999996,2,1,65,0.5
1224,16781.231139,16780.522639,16780.725639,16781.178139,16784.202639,1,1.99999999999996,0.0200000000000003,7.00000000000003,1,2,66,0.5
1225,16785.404139,16784.779639,16784.848639,16785.404139,16797.893639,0,NaN,0,7.00000000000003,1,2,66,0.5
1226,16799.358139,16798.398139,16798.636639,16799.306139,16801.710139,0,1.99999999999996,0.0200000000000003,5.99999999999996,2,1,65,0.5
1227,16803.296139,16802.424639,16802.742639,16803.242639,16807.520639,1,1.99999999999996,0.0200000000000003,7.00000000000003,1,2,66,0.5
1228,16811.804139,16810.910139,16811.284639,16811.751639,16815.854639,1,1.99999999999996,0.0200000000000003,7.00000000000003,1,2,66,0.5
1229,16817.117139,16816.327139,16816.475639,16817.065139,16819.275639,0,1.99999999999996,0.0200000000000003,5.99999999999996,2,1,65,0.5
1230,16820.545139,16819.921139,16820.103639,16820.528639,16822.338139,0,1.99999999999996,0.0200000000000003,5.99999999999996,2,1,65,0.5
1231,16823.991139,16823.295139,16823.471139,16823.938639,16826.358639,1,1.99999999999996,0.0200000000000003,7.00000000000003,1,2,66,0.5
1232,16827.702139,16827.068639,16827.082639,16827.649639,16830.500139,0,1.99999999999996,0.0200000000000003,5.99999999999996,2,1,65,0.5
1233,16832.037639,16831.377139,16831.575639,16831.985139,16850.329639,1,1.99999999999996,0.0200000000000003,7.00000000000003,1,2,66,0.5
1234,16851.857639,16851.030639,16851.239639,16851.805139,16854.244639,0,1.99999999999996,0.0200000000000003,5.99999999999996,2,1,65,0.5
1235,16855.615639,16854.992139,16855.117139,16855.570639,16858.619639,0,1.99999999999996,0.0200000000000003,5.99999999999996,2,1,65,0.5
1236,16860.817639,16860.075639,16860.254639,16860.764639,16863.316139,1,1.99999999999996,0.0200000000000003,7.00000000000003,1,2,66,0.5
1237,16864.690139,16864.073139,16864.123639,16864.637639,16866.731139,0,1.99999999999996,0.0200000000000003,5.99999999999996,2,1,65,0.5
1238,16868.693639,16867.995139,16868.193139,16868.640639,16871.658639,1,1.99999999999996,0.0200000000000003,7.00000000000003,1,2,66,0.5
1239,16872.909639,16872.312639,16872.335639,16872.857139,16875.357139,0,1.99999999999996,0.0200000000000003,5.99999999999996,2,1,65,0.5
1240,16877.110139,16876.354639,16876.472139,16877.057139,16878.678639,0,1.99999999999996,0.0200000000000003,5.99999999999996,2,1,65,0.5
1241,16880.448639,16879.711639,16879.939639,16880.396139,16884.543139,1,1.99999999999996,0.0200000000000003,7.00000000000003,1,2,66,0.5
1242,16886.660139,16885.887639,16885.920139,16886.608139,16889.249639,1,1.99999999999996,0.0200000000000003,7.00000000000003,1,2,66,0.5
1243,16890.408639,16889.785139,16889.829639,16890.358639,16892.376139,0,1.99999999999996,0.0200000000000003,5.99999999999996,2,1,65,0.5
1244,16893.875639,16893.005139,16893.197639,16893.875639,16901.706639,0,NaN,0,7.00000000000003,1,2,66,0.5
1245,16903.060639,16902.283639,16902.480139,16903.007639,16905.413139,0,1.99999999999996,0.0200000000000003,5.99999999999996,2,1,65,0.5
1246,16906.779639,16906.036139,16906.288139,16906.726639,16909.444139,1,1.99999999999996,0.0200000000000003,7.00000000000003,1,2,66,0.5
1247,16910.725639,16910.242639,16910.283639,16910.725639,16916.718639,0,NaN,0,7.00000000000003,1,2,66,0.5
1248,16918.127139,16917.404639,16917.621139,16918.127139,16920.920139,0,NaN,0,7.00000000000003,1,2,66,0.5
1249,16940.217639,16938.755139,16939.033139,16940.165139,16942.310639,0,1.99999999999996,0.0200000000000003,5.99999999999996,2,1,65,0.5
1250,16944.240639,16943.459139,16943.700139,16944.187639,16946.629139,1,1.99999999999996,0.0200000000000003,7.00000000000003,1,2,66,0.5
1251,16948.030639,16947.323639,16947.534639,16948.030639,16948.391139,0,NaN,0,7.00000000000003,1,2,66,0.5
1252,16959.614139,16958.694639,16958.987139,16959.614139,16967.011639,1,NaN,0,5.99999999999996,2,1,65,0.5
1253,16969.195139,16967.482639,16967.903639,16969.142639,16971.207639,0,1.99999999999996,0.0200000000000003,5.99999999999996,2,1,65,0.5
1254,16972.568139,16971.817639,16972.011139,16972.515139,16974.367139,0,1.99999999999996,0.0200000000000003,5.99999999999996,2,1,65,0.5
1255,16976.206139,16975.003639,16975.702139,16976.153639,16978.403139,1,1.99999999999996,0.0200000000000003,7.00000000000003,1,2,66,0.5
1256,16979.889639,16979.209639,16979.363639,16979.837139,16981.780639,0,1.99999999999996,0.0200000000000003,5.99999999999996,2,1,65,0.5
1257,16983.180639,16982.557639,16982.755139,16983.162139,16984.883639,0,1.99999999999996,0.0200000000000003,5.99999999999996,2,1,65,0.5
1258,16986.340639,16985.459139,16985.837639,16986.287639,16988.226139,1,1.99999999999996,0.0200000000000003,7.00000000000003,1,2,66,0.5
1259,16989.840139,16989.266139,16989.350139,16989.840139,16990.204639,0,NaN,0,7.00000000000003,1,2,66,0.5
1260,16997.657639,16997.163139,16997.220139,16997.657639,17110.930639,0,NaN,0,7.00000000000003,1,2,66,0.5
1261,17115.148639,17111.465139,17114.456139,17115.148639,NaN,0,NaN,0,7.00000000000003,1,2,66,0.5
