trial,outcome,center_in,center_out,side_in,last_side_out,actions,reward,trial_types,odors,port_side,schedule,odor_name,odor_dur
1,1664.009764,1662.671263,1663.110264,1663.956763,1686.247763,1,1.99999999999996,0.0200000000000003,8.00000000000001,1,2,66,0.5
2,1695.280263,1693.222264,1693.336263,1695.280263,1710.267267,1,NaN,0,8.99999999999999,2,1,65,0.5
3,1716.150263,1715.566764,1715.613264,1716.150263,1724.283763,1,NaN,0,8.99999999999999,2,1,65,0.5
4,1728.841263,1728.275764,1728.342263,1728.841263,1734.930264,0,NaN,0,8.00000000000001,1,2,66,0.5
5,1737.417263,1736.675763,1736.904764,1737.364263,1744.199765,1,1.99999999999996,0.0200000000000003,8.00000000000001,1,2,66,0.5
6,1746.176264,1745.513263,1745.593764,1746.176264,1753.648763,0,NaN,0,8.00000000000001,1,2,66,0.5
7,1759.375265,1758.842263,1758.874763,1759.360765,1772.691764,1,1.99999999999996,0.0200000000000003,8.00000000000001,1,2,66,0.5
8,1774.883263,1773.851264,1773.995763,1774.831263,1777.338261,1,1.99999999999996,0.0200000000000003,8.00000000000001,1,2,66,0.5
9,1778.758763,1778.289263,1778.328263,1778.758763,1786.939268,0,NaN,0,8.00000000000001,1,2,66,0.5
10,1789.207765,1788.282767,1788.342763,1789.155264,1802.894263,0,1.99999999999996,0.0200000000000003,8.99999999999999,2,1,65,0.5
11,1814.426763,1812.394263,1812.437264,1814.374263,1845.034264,1,1.99999999999996,0.0200000000000003,8.00000000000001,1,2,66,0.5
12,1846.360763,1845.411267,1845.494263,1846.308263,1850.200763,0,1.99999999999996,0.0200000000000003,8.99999999999999,2,1,65,0.5
13,1853.269263,1852.699763,1852.776263,1853.269263,1868.188263,1,NaN,0,8.99999999999999,2,1,65,0.5
14,1869.356263,1868.535763,1868.657763,1869.303264,1881.762266,0,1.99999999999996,0.0200000000000003,8.99999999999999,2,1,65,0.5
15,1883.132764,1882.415264,1882.664263,1883.132764,1888.002763,1,NaN,0,8.99999999999999,2,1,65,0.5
16,1895.255763,1894.447764,1894.500763,1895.202763,1922.790763,0,1.99999999999996,0.0200000000000003,8.99999999999999,2,1,65,0.5
17,1923.773763,1923.271265,1923.299264,1923.721263,1928.137763,1,1.99999999999996,0.0200000000000003,8.00000000000001,1,2,66,0.5
18,1945.715264,1944.921263,1945.228763,1945.715264,1977.047763,1,NaN,0,8.99999999999999,2,1,65,0.5
19,1979.025263,1978.066764,1978.379763,1979.025263,1988.470764,1,NaN,0,8.99999999999999,2,1,65,0.5
20,2003.418263,1997.033263,1997.311763,2003.418263,2008.527763,1,NaN,0,8.99999999999999,2,1,65,0.5
21,2011.014263,2010.258763,2010.478763,2011.014263,2020.124263,1,NaN,0,8.99999999999999,2,1,65,0.5
22,2033.563264,2021.031263,2021.364264,NaN,NaN,NaN,NaN,0,8.99999999999999,2,1,65,0.5
23,2051.656763,2039.125264,2039.355765,NaN,2103.578263,NaN,NaN,0,8.99999999999999,2,1,65,0.5
24,2117.425764,2104.894765,2105.206263,NaN,2365.939764,NaN,NaN,0,8.99999999999999,2,1,65,0.5
25,2424.408763,2411.876764,2412.268263,NaN,NaN,NaN,NaN,0,8.99999999999999,2,1,65,0.5
26,2441.301263,2435.985263,2436.288264,2441.301263,2470.911263,1,NaN,0,8.99999999999999,2,1,65,0.5
27,2523.092263,2510.560266,2510.678263,NaN,2528.496263,NaN,NaN,0,8.99999999999999,2,1,65,0.5
28,2535.131764,2529.040763,2529.346764,2535.131764,2542.958765,1,NaN,0,8.99999999999999,2,1,65,0.5
29,2557.189263,2555.067763,2555.687264,2557.135763,2558.380263,1,1.99999999999996,0.0200000000000003,8.00000000000001,1,2,66,0.5
30,2571.529268,2561.574263,2561.765763,2571.475764,2572.436764,0,1.99999999999996,0.0200000000000003,8.99999999999999,2,1,65,0.5
31,2576.190263,2575.418765,2575.722765,2576.190263,2600.480263,1,NaN,0,8.99999999999999,2,1,65,0.5
32,2628.798263,2626.033263,2626.369764,2628.798263,2642.931263,0,NaN,0,8.00000000000001,1,2,66,0.5
33,2644.872758,2643.518263,2643.716268,2644.872758,2658.241263,0,NaN,0,8.00000000000001,1,2,66,0.5
34,2673.023768,2672.091763,2672.382763,2672.970763,2675.838763,1,1.99999999999996,0.0200000000000003,8.00000000000001,1,2,66,0.5
35,2680.902763,2678.839763,2679.054264,2680.850263,2687.598763,0,1.99999999999996,0.0200000000000003,8.99999999999999,2,1,65,0.5
36,2696.055763,2688.199763,2688.557763,2696.055763,2702.854768,1,NaN,0,8.99999999999999,2,1,65,0.5
37,2705.405765,2704.633264,2704.882263,2705.352268,2707.054263,1,1.99999999999996,0.0200000000000003,8.00000000000001,1,2,66,0.5
38,2711.907264,2709.105264,2709.307764,2711.907264,2718.626267,1,NaN,0,8.99999999999999,2,1,65,0.5
39,2719.851263,2719.076263,2719.361264,2719.851263,2721.074763,1,NaN,0,8.99999999999999,2,1,65,0.5
40,2728.656263,2728.144264,2728.182764,2728.656263,2728.966263,1,NaN,0,8.99999999999999,2,1,65,0.5
41,2806.847768,2805.292263,2805.602763,2806.847768,2811.624264,0,NaN,0,8.00000000000001,1,2,66,0.5
42,2826.153764,2813.622763,2814.081263,NaN,2831.876763,NaN,NaN,0,8.99999999999999,2,1,65,0.5
43,2835.286768,2832.983266,2833.210263,2834.736268,2842.130264,0,NaN,0,8.99999999999999,2,1,65,0.5
44,2843.946763,2843.144763,2843.408263,2843.893763,2845.681263,0,1.99999999999996,0.0200000000000003,8.99999999999999,2,1,65,0.5
45,2846.970763,2846.140763,2846.463264,2846.917767,2859.367763,1,1.99999999999996,0.0200000000000003,8.00000000000001,1,2,66,0.5
46,2860.541264,2859.898764,2860.054263,2860.488763,2866.365263,0,1.99999999999996,0.0200000000000003,8.99999999999999,2,1,65,0.5
47,2867.385765,2866.777268,2866.992765,2867.385765,2871.808265,1,NaN,0,8.99999999999999,2,1,65,0.5
48,2873.822264,2872.888763,2873.215263,2873.769263,2883.145764,1,1.99999999999996,0.0200000000000003,8.00000000000001,1,2,66,0.5
49,2885.553263,2883.774265,2883.991263,2885.553263,2905.864263,1,NaN,0,8.99999999999999,2,1,65,0.5
50,2907.224263,2906.494263,2906.823763,2907.224263,2913.479763,1,NaN,0,8.99999999999999,2,1,65,0.5
51,2915.017766,2914.495763,2914.574265,2915.017766,2921.696763,1,NaN,0,8.99999999999999,2,1,65,0.5
52,2923.250764,2922.529267,2922.808268,2923.197767,2926.632263,0,1.99999999999996,0.0200000000000003,8.99999999999999,2,1,65,0.5
53,2933.872264,2933.338763,2933.386264,2933.861763,2938.102763,0,1.99999999999996,0.0200000000000003,8.99999999999999,2,1,65,0.5
54,2940.934758,2940.345263,2940.545763,2940.934758,2957.482263,1,NaN,0,8.99999999999999,2,1,65,0.5
55,2959.411763,2958.666263,2958.947765,2959.411763,3059.397263,1,NaN,0,8.99999999999999,2,1,65,0.5
56,3069.110263,3067.829764,3068.222763,3069.110263,3075.834263,1,NaN,0,8.99999999999999,2,1,65,0.5
57,3078.818763,3076.531263,3076.846763,3078.818763,3084.038764,1,NaN,0,8.99999999999999,2,1,65,0.5
58,3086.147264,3085.476763,3085.767764,3086.147264,3096.209264,1,NaN,0,8.99999999999999,2,1,65,0.5
59,3146.392268,3140.865264,3141.104764,3146.392268,3149.496764,1,NaN,0,8.99999999999999,2,1,65,0.5
60,3152.577263,3151.917768,3152.032763,3152.524264,3165.512263,0,1.99999999999996,0.0200000000000003,8.99999999999999,2,1,65,0.5
61,3167.000764,3166.031264,3166.101264,3167.000764,3172.130264,1,NaN,0,8.99999999999999,2,1,65,0.5
62,3173.644263,3172.744263,3173.157763,3173.644263,3175.198263,0,NaN,0,8.00000000000001,1,2,66,0.5
63,3189.887264,3189.057263,3189.454763,3189.887264,3197.107764,1,NaN,0,8.99999999999999,2,1,65,0.5
64,3198.305763,3197.594263,3197.915763,3198.305763,3202.154263,0,NaN,0,8.00000000000001,1,2,66,0.5
65,3209.955264,3203.643764,3203.905764,3209.902263,3213.120263,0,1.99999999999996,0.0200000000000003,8.99999999999999,2,1,65,0.5
66,3216.264763,3215.596263,3215.836264,3216.211763,3229.028258,1,1.99999999999996,0.0200000000000003,8.00000000000001,1,2,66,0.5
67,3231.823763,3229.771764,3230.027763,3231.823763,3244.659763,1,NaN,0,8.99999999999999,2,1,65,0.5
68,3249.904268,3248.182763,3248.434268,3249.904268,3255.160763,1,NaN,0,8.99999999999999,2,1,65,0.5
69,3261.215763,3256.006263,3256.264263,3261.215763,3266.672763,1,NaN,0,8.99999999999999,2,1,65,0.5
70,3269.314765,3267.978763,3268.271763,3268.764763,3277.580764,0,NaN,0,8.99999999999999,2,1,65,0.5
71,3278.882763,3278.276264,3278.425267,3278.829764,3282.572263,1,1.99999999999996,0.0200000000000003,8.00000000000001,1,2,66,0.5
72,3285.130763,3283.861763,3284.123763,3285.077763,3293.424763,0,1.99999999999996,0.0200000000000003,8.99999999999999,2,1,65,0.5
73,3294.525263,3293.845263,3294.134258,3294.525263,3301.104263,1,NaN,0,8.99999999999999,2,1,65,0.5
74,3302.630264,3301.849263,3302.129263,3302.630264,3308.946765,1,NaN,0,8.99999999999999,2,1,65,0.5
75,3310.764768,3310.069763,3310.334264,3310.712263,3315.112763,0,1.99999999999996,0.0200000000000003,8.99999999999999,2,1,65,0.5
76,3316.854764,3316.240764,3316.470267,3316.854764,3322.563763,1,NaN,0,8.99999999999999,2,1,65,0.5
77,3323.956767,3323.138263,3323.481263,3323.956767,3438.670263,1,NaN,0,8.99999999999999,2,1,65,0.5
78,3454.664264,3442.133764,3442.584764,NaN,3458.883264,NaN,NaN,0,8.00000000000001,1,2,66,0.5
79,3470.284763,3466.665263,3466.921264,3470.231264,3483.764765,0,1.99999999999996,0.0200000000000003,8.99999999999999,2,1,65,0.5
80,3496.829763,3495.747763,3496.356763,3496.777263,3503.570265,1,1.99999999999996,0.0200000000000003,8.00000000000001,1,2,66,0.5
81,3506.556765,3504.718763,3504.974263,3506.504764,3519.096264,0,1.99999999999996,0.0200000000000003,8.99999999999999,2,1,65,0.5
82,3521.328763,3520.070763,3520.344763,3521.328763,3553.628264,1,NaN,0,8.99999999999999,2,1,65,0.5
83,3555.593263,3554.918763,3555.100763,3555.593263,3561.591264,0,NaN,0,8.00000000000001,1,2,66,0.5
84,3563.488763,3562.813267,3563.086763,3563.488763,3569.754264,0,NaN,0,8.00000000000001,1,2,66,0.5
85,3577.523763,3576.862263,3577.012763,3577.470764,3581.279263,0,1.99999999999996,0.0200000000000003,8.99999999999999,2,1,65,0.5
86,3584.491264,3583.813765,3584.046763,3584.438763,3610.708263,1,1.99999999999996,0.0200000000000003,8.00000000000001,1,2,66,0.5
87,3612.983263,3612.000263,3612.507263,3612.983263,3619.501263,0,NaN,0,8.00000000000001,1,2,66,0.5
88,3628.829263,3620.110263,3620.412763,3628.829263,3634.095264,1,NaN,0,8.99999999999999,2,1,65,0.5
89,3637.626263,3635.601268,3635.801767,3637.572763,3641.276763,0,1.99999999999996,0.0200000000000003,8.99999999999999,2,1,65,0.5
90,3644.252265,3643.167763,3643.582763,3644.199763,3648.740763,1,1.99999999999996,0.0200000000000003,8.00000000000001,1,2,66,0.5
91,3654.085763,3649.742763,3649.759765,3654.085763,3659.862264,1,NaN,0,8.99999999999999,2,1,65,0.5
92,3661.738263,3660.508264,3660.751763,3661.738263,3678.316263,0,NaN,0,8.00000000000001,1,2,66,0.5
93,3681.625264,3679.006763,3679.754264,3681.625264,3691.014263,1,NaN,0,8.99999999999999,2,1,65,0.5
94,3693.756265,3691.950263,3692.313764,3693.756265,3711.556763,1,NaN,0,8.99999999999999,2,1,65,0.5
95,3784.681763,3780.864268,3781.237763,3784.681763,3813.781265,1,NaN,0,8.99999999999999,2,1,65,0.5
96,3815.493764,3814.631763,3814.957767,3815.493764,3827.402765,1,NaN,0,8.99999999999999,2,1,65,0.5
97,3830.081263,3829.434263,3829.654264,3830.081263,3834.704763,1,NaN,0,8.99999999999999,2,1,65,0.5
98,3848.095263,3846.675763,3847.304264,3848.042263,3856.966264,1,1.99999999999996,0.0200000000000003,8.00000000000001,1,2,66,0.5
99,3859.427763,3858.732263,3858.943261,3859.374763,3865.141763,0,1.99999999999996,0.0200000000000003,8.99999999999999,2,1,65,0.5
100,3866.577764,3865.719764,3866.109763,3866.577764,3873.767265,1,NaN,0,8.99999999999999,2,1,65,0.5
101,3876.452764,3875.937764,3876.033763,3876.452764,3881.898263,1,NaN,0,8.99999999999999,2,1,65,0.5
102,3884.619764,3882.530764,3883.923763,3884.619764,3890.858263,1,NaN,0,8.99999999999999,2,1,65,0.5
103,3897.583263,3896.442763,3896.502263,3897.583263,3898.584263,1,NaN,0,8.99999999999999,2,1,65,0.5
104,3907.230764,3906.63826,3906.823264,3907.230764,3915.287763,1,NaN,0,8.99999999999999,2,1,65,0.5
105,3917.439263,3916.700763,3917.037263,3917.439263,4052.244264,1,NaN,0,8.99999999999999,2,1,65,0.5
106,4079.900263,4067.530263,4067.671263,NaN,NaN,NaN,NaN,0,8.99999999999999,2,1,65,0.5
107,4100.972765,4091.239763,4091.522263,4100.972765,4109.704763,1,NaN,0,8.99999999999999,2,1,65,0.5
108,4118.156763,4116.071263,4116.416263,4118.103763,4119.184763,0,1.99999999999996,0.0200000000000003,8.99999999999999,2,1,65,0.5
109,4264.113764,4260.386263,4260.842763,4264.113764,4264.399264,1,NaN,0,8.99999999999999,2,1,65,0.5
110,4278.117263,4275.983264,4276.863764,4278.064263,4287.238764,0,1.99999999999996,0.0200000000000003,8.99999999999999,2,1,65,0.5
111,4288.579774,4287.773763,4288.013263,4288.527763,4300.197263,1,1.99999999999996,0.0200000000000003,8.00000000000001,1,2,66,0.5
112,4304.921763,4300.894763,4301.21076,4304.921763,4312.312763,1,NaN,0,8.99999999999999,2,1,65,0.5
113,4314.325763,4313.652268,4313.900764,4314.325763,4319.783763,1,NaN,0,8.99999999999999,2,1,65,0.5
114,4320.953263,4320.250263,4320.572263,4320.953263,4327.401763,1,NaN,0,8.99999999999999,2,1,65,0.5
115,4329.489264,4328.685263,4328.765264,4329.436764,4368.458263,0,1.99999999999996,0.0200000000000003,8.99999999999999,2,1,65,0.5
116,4374.345263,4369.076765,4369.474763,4374.291763,4380.118264,0,1.99999999999996,0.0200000000000003,8.99999999999999,2,1,65,0.5
117,4381.376763,4380.636763,4380.861763,4381.323763,4387.502763,1,1.99999999999996,0.0200000000000003,8.00000000000001,1,2,66,0.5
118,4389.270763,4388.502763,4388.850263,4389.217763,4398.265264,0,1.99999999999996,0.0200000000000003,8.99999999999999,2,1,65,0.5
119,4400.569263,4399.906763,4400.114267,4400.569263,4407.056263,1,NaN,0,8.99999999999999,2,1,65,0.5
120,4411.166763,4409.928763,4409.954264,4411.166763,4416.495764,1,NaN,0,8.99999999999999,2,1,65,0.5
121,4417.712263,4416.925764,4417.234263,4417.659264,4423.154265,1,1.99999999999996,0.0200000000000003,8.00000000000001,1,2,66,0.5
122,4424.370763,4423.659263,4423.833763,4424.317763,4427.408764,0,1.99999999999996,0.0200000000000003,8.99999999999999,2,1,65,0.5
123,4429.237263,4428.572263,4428.806263,4429.237263,4437.462764,1,NaN,0,8.99999999999999,2,1,65,0.5
124,4439.427764,4438.727263,4439.040263,4439.427764,4454.734263,1,NaN,0,8.99999999999999,2,1,65,0.5
125,4456.422764,4455.916263,4455.999263,4456.369763,4459.142265,1,1.99999999999996,0.0200000000000003,8.00000000000001,1,2,66,0.5
126,4460.839764,4460.140763,4460.427263,4460.786765,4467.684763,0,1.99999999999996,0.0200000000000003,8.99999999999999,2,1,65,0.5
127,4468.844764,4468.075264,4468.444763,4468.844764,4477.892264,1,NaN,0,8.99999999999999,2,1,65,0.5
128,4480.582764,4479.695268,4480.079763,4480.530263,4484.867263,1,1.99999999999996,0.0200000000000003,8.00000000000001,1,2,66,0.5
129,4486.347264,4485.424763,4485.591263,4486.294264,4488.730263,0,1.99999999999996,0.0200000000000003,8.99999999999999,2,1,65,0.5
130,4490.833263,4490.115263,4490.363763,4490.780263,4495.204263,1,1.99999999999996,0.0200000000000003,8.00000000000001,1,2,66,0.5
131,4496.592764,4495.894263,4496.108263,4496.540263,4501.321263,0,1.99999999999996,0.0200000000000003,8.99999999999999,2,1,65,0.5
132,4503.083763,4502.063763,4502.475763,4503.083763,4511.845263,1,NaN,0,8.99999999999999,2,1,65,0.5
133,4513.227763,4512.583262,4512.841763,4513.227763,4521.185768,1,NaN,0,8.99999999999999,2,1,65,0.5
134,4522.873264,4522.281263,4522.455767,4522.820765,4527.603263,0,1.99999999999996,0.0200000000000003,8.99999999999999,2,1,65,0.5
135,4528.958264,4528.236264,4528.506264,4528.905764,4533.110763,1,1.99999999999996,0.0200000000000003,8.00000000000001,1,2,66,0.5
136,4534.716763,4534.301763,4534.325265,4534.716763,4539.675765,0,NaN,0,8.00000000000001,1,2,66,0.5
137,4541.060263,4540.329763,4540.579763,4541.007263,4545.558764,0,1.99999999999996,0.0200000000000003,8.99999999999999,2,1,65,0.5
138,4546.675763,4545.975763,4546.202763,4546.622263,4550.719264,1,1.99999999999996,0.0200000000000003,8.00000000000001,1,2,66,0.5
139,4551.789763,4551.148264,4551.358263,4551.789763,4556.790763,0,NaN,0,8.00000000000001,1,2,66,0.5
140,4558.033764,4557.438264,4557.627764,4558.033764,4564.506764,0,NaN,0,8.00000000000001,1,2,66,0.5
141,4565.580763,4564.974763,4565.178763,4565.580763,4570.881763,1,NaN,0,8.99999999999999,2,1,65,0.5
142,4572.787763,4571.443265,4572.227263,4572.734763,4577.369765,1,1.99999999999996,0.0200000000000003,8.00000000000001,1,2,66,0.5
143,4578.807263,4578.093263,4578.323263,4578.754763,4582.037268,0,1.99999999999996,0.0200000000000003,8.99999999999999,2,1,65,0.5
144,4584.086264,4583.115263,4583.599763,4584.086264,4590.322263,1,NaN,0,8.99999999999999,2,1,65,0.5
145,4591.965263,4591.192263,4591.448763,4591.965263,4598.949263,1,NaN,0,8.99999999999999,2,1,65,0.5
146,4600.181768,4599.430266,4599.715758,4600.129263,4604.486263,1,1.99999999999996,0.0200000000000003,8.00000000000001,1,2,66,0.5
147,4606.842764,4606.021263,4606.283763,4606.789764,4612.719763,0,1.99999999999996,0.0200000000000003,8.99999999999999,2,1,65,0.5
148,4613.979263,4613.326258,4613.515763,4613.979263,4620.971765,1,NaN,0,8.99999999999999,2,1,65,0.5
149,4622.650264,4621.978263,4622.215263,4622.597263,4626.029265,0,1.99999999999996,0.0200000000000003,8.99999999999999,2,1,65,0.5
150,4627.577765,4626.879764,4627.139267,4627.524764,4631.559763,1,1.99999999999996,0.0200000000000003,8.00000000000001,1,2,66,0.5
151,4633.483764,4632.788263,4632.944263,4633.431263,4637.793263,0,1.99999999999996,0.0200000000000003,8.99999999999999,2,1,65,0.5
152,4640.097268,4639.368267,4639.581763,4640.044263,4644.203263,1,1.99999999999996,0.0200000000000003,8.00000000000001,1,2,66,0.5
153,4645.975263,4645.342263,4645.368763,4645.975263,4652.359263,0,NaN,0,8.00000000000001,1,2,66,0.5
154,4653.575263,4652.939763,4653.162764,4653.575263,4660.420263,0,NaN,0,8.00000000000001,1,2,66,0.5
155,4661.658267,4660.860263,4661.198264,4661.60526,4664.778263,1,1.99999999999996,0.0200000000000003,8.00000000000001,1,2,66,0.5
156,4666.337263,4665.759763,4665.897263,4666.337263,4670.920263,0,NaN,0,8.00000000000001,1,2,66,0.5
157,4673.009263,4672.279764,4672.606763,4673.009263,4678.935263,0,NaN,0,8.00000000000001,1,2,66,0.5
158,4680.563264,4679.463263,4680.063764,4680.510763,4690.347263,1,1.99999999999996,0.0200000000000003,8.00000000000001,1,2,66,0.5
159,4691.740763,4690.890764,4691.288764,4691.740763,4698.137263,1,NaN,0,8.99999999999999,2,1,65,0.5
160,4699.193763,4698.534763,4698.749268,4699.141263,4703.767763,0,1.99999999999996,0.0200000000000003,8.99999999999999,2,1,65,0.5
161,4706.451764,4705.918263,4706.064766,4706.419763,4753.279263,1,1.99999999999996,0.0200000000000003,8.00000000000001,1,2,66,0.5
162,4761.811263,4761.005763,4761.328263,4761.811263,4766.954763,1,NaN,0,8.99999999999999,2,1,65,0.5
163,4771.125764,4770.452263,4770.679263,4771.125764,4776.677764,1,NaN,0,8.99999999999999,2,1,65,0.5
164,4777.885263,4777.070764,4777.393763,4777.831763,4782.521763,0,1.99999999999996,0.0200000000000003,8.99999999999999,2,1,65,0.5
165,4783.730764,4783.051263,4783.311264,4783.730764,4788.861267,1,NaN,0,8.99999999999999,2,1,65,0.5
166,4790.129768,4789.362763,4789.684264,4790.077763,4794.887763,0,1.99999999999996,0.0200000000000003,8.99999999999999,2,1,65,0.5
167,4795.993265,4795.326763,4795.576763,4795.993265,4911.452764,1,NaN,0,8.99999999999999,2,1,65,0.5
168,4925.987264,4924.684764,4925.150263,4925.987264,4930.329763,1,NaN,0,8.99999999999999,2,1,65,0.5
169,4947.846263,4946.433264,4946.614763,4947.846263,4955.272264,1,NaN,0,8.99999999999999,2,1,65,0.5
170,4956.481763,4955.799263,4955.971263,4956.481763,4972.317263,0,NaN,0,8.00000000000001,1,2,66,0.5
171,4973.375766,4972.779763,4973.004263,4973.375766,4979.591263,1,NaN,0,8.99999999999999,2,1,65,0.5
172,4981.732265,4981.110763,4981.348263,4981.732265,4986.963763,0,NaN,0,8.00000000000001,1,2,66,0.5
173,4988.113263,4987.488765,4987.739763,4988.113263,4994.860764,0,NaN,0,8.00000000000001,1,2,66,0.5
174,4997.594267,4996.302767,4997.068763,4997.594267,5035.152763,1,NaN,0,8.99999999999999,2,1,65,0.5
175,5051.212763,5050.470263,5050.686763,5051.212763,5054.669263,0,NaN,0,8.00000000000001,1,2,66,0.5
176,5057.849265,5057.254768,5057.486763,5057.849265,5064.234765,0,NaN,0,8.00000000000001,1,2,66,0.5
177,5066.435763,5065.546263,5066.017763,5066.382264,5081.438265,0,1.99999999999996,0.0200000000000003,8.99999999999999,2,1,65,0.5
178,5088.461764,5087.571263,5087.957764,5088.409263,5101.590264,1,1.99999999999996,0.0200000000000003,8.00000000000001,1,2,66,0.5
179,5103.265763,5102.592265,5102.859263,5103.212763,5108.030763,0,1.99999999999996,0.0200000000000003,8.99999999999999,2,1,65,0.5
180,5110.194765,5109.542763,5109.782263,5110.194765,5116.390764,1,NaN,0,8.99999999999999,2,1,65,0.5
181,5118.235263,5117.508763,5117.869263,5118.235263,5123.418768,0,NaN,0,8.00000000000001,1,2,66,0.5
182,5125.044763,5124.421263,5124.615263,5124.992263,5134.430763,0,1.99999999999996,0.0200000000000003,8.99999999999999,2,1,65,0.5
183,5138.692264,5138.050263,5138.220763,5138.692264,5144.592263,1,NaN,0,8.99999999999999,2,1,65,0.5
184,5146.545768,5145.925768,5146.109264,5146.492763,5154.560764,1,1.99999999999996,0.0200000000000003,8.00000000000001,1,2,66,0.5
185,5156.118763,5155.486763,5155.697763,5156.065264,5163.247768,0,1.99999999999996,0.0200000000000003,8.99999999999999,2,1,65,0.5
186,5164.672768,5164.083764,5164.323763,5164.672768,5175.004764,1,NaN,0,8.99999999999999,2,1,65,0.5
187,5175.983263,5175.401763,5175.631265,5175.983263,5182.780263,1,NaN,0,8.99999999999999,2,1,65,0.5
188,5183.930263,5183.268763,5183.529263,5183.930263,5189.190263,1,NaN,0,8.99999999999999,2,1,65,0.5
189,5191.282763,5190.748763,5190.795758,5191.250763,5193.694765,0,1.99999999999996,0.0200000000000003,8.99999999999999,2,1,65,0.5
190,5195.155763,5194.569263,5194.784263,5195.155763,5204.911763,1,NaN,0,8.99999999999999,2,1,65,0.5
191,5206.486264,5205.854764,5206.049763,5206.433764,5211.400763,0,1.99999999999996,0.0200000000000003,8.99999999999999,2,1,65,0.5
192,5212.808763,5212.265263,5212.433263,5212.808763,5218.931763,1,NaN,0,8.99999999999999,2,1,65,0.5
193,5221.722765,5220.967763,5221.349763,5221.722765,5228.581264,1,NaN,0,8.99999999999999,2,1,65,0.5
194,5230.454263,5229.195763,5230.003264,5230.400764,5233.530763,1,1.99999999999996,0.0200000000000003,8.00000000000001,1,2,66,0.5
195,5235.708763,5234.751763,5234.955264,5235.655764,5241.129763,0,1.99999999999996,0.0200000000000003,8.99999999999999,2,1,65,0.5
196,5242.244263,5241.612763,5241.848763,5242.244263,5247.597764,1,NaN,0,8.99999999999999,2,1,65,0.5
197,5266.051764,5265.343263,5265.594764,5265.998263,5277.914263,0,1.99999999999996,0.0200000000000003,8.99999999999999,2,1,65,0.5
198,5279.963258,5279.268767,5279.545263,5279.963258,5286.021263,0,NaN,0,8.00000000000001,1,2,66,0.5
199,5288.449263,5287.781763,5288.023763,5288.396263,5292.800263,0,1.99999999999996,0.0200000000000003,8.99999999999999,2,1,65,0.5
200,5293.962763,5293.273763,5293.504264,5293.909763,5298.530263,1,1.99999999999996,0.0200000000000003,8.00000000000001,1,2,66,0.5
201,5299.876264,5299.250763,5299.431763,5299.876264,5304.795765,0,NaN,0,8.00000000000001,1,2,66,0.5
202,5306.308765,5305.549763,5305.825763,5306.256263,5312.426763,0,1.99999999999996,0.0200000000000003,8.99999999999999,2,1,65,0.5
203,5314.169263,5313.517758,5313.707763,5314.116263,5319.469263,1,1.99999999999996,0.0200000000000003,8.00000000000001,1,2,66,0.5
204,5320.866263,5320.264263,5320.462763,5320.866263,5326.271263,0,NaN,0,8.00000000000001,1,2,66,0.5
205,5327.334264,5326.752263,5326.853763,5327.334264,5333.056263,0,NaN,0,8.00000000000001,1,2,66,0.5
206,5334.536264,5333.678263,5333.935263,5334.483263,5339.312264,1,1.99999999999996,0.0200000000000003,8.00000000000001,1,2,66,0.5
207,5340.864263,5340.255264,5340.418263,5340.811765,5345.059763,0,1.99999999999996,0.0200000000000003,8.99999999999999,2,1,65,0.5
208,5346.706763,5346.101267,5346.310263,5346.706763,5351.228767,1,NaN,0,8.99999999999999,2,1,65,0.5
209,5352.834264,5352.154263,5352.321763,5352.781763,5356.454763,0,1.99999999999996,0.0200000000000003,8.99999999999999,2,1,65,0.5
210,5358.147263,5357.419265,5357.670263,5358.094763,5665.647263,1,1.99999999999996,0.0200000000000003,8.00000000000001,1,2,66,0.5
211,5671.280764,5667.011763,5667.365763,5671.227763,5688.744264,0,1.99999999999996,0.0200000000000003,8.99999999999999,2,1,65,0.5
212,5695.163263,5689.283763,5689.391264,5695.163263,5708.902763,0,NaN,0,8.00000000000001,1,2,66,0.5
213,5710.504763,5709.692263,5709.955763,5710.452263,5714.956263,0,1.99999999999996,0.0200000000000003,8.99999999999999,2,1,65,0.5
214,5716.920763,5716.217263,5716.460763,5716.920763,5727.836263,1,NaN,0,8.99999999999999,2,1,65,0.5
215,5729.069263,5728.529763,5728.644268,5729.069263,5735.734763,0,NaN,0,8.00000000000001,1,2,66,0.5
216,5737.132263,5736.285768,5736.665258,5737.078763,5740.072764,0,1.99999999999996,0.0200000000000003,8.99999999999999,2,1,65,0.5
217,5742.012263,5741.227263,5741.596268,5742.012263,5748.016764,1,NaN,0,8.99999999999999,2,1,65,0.5
218,5749.256763,5748.466268,5748.780263,5749.256763,5754.085258,1,NaN,0,8.99999999999999,2,1,65,0.5
219,5756.128763,5755.411264,5755.619763,5756.075764,5759.558763,0,1.99999999999996,0.0200000000000003,8.99999999999999,2,1,65,0.5
220,5761.613264,5760.888263,5761.127763,5761.560763,5764.961263,1,1.99999999999996,0.0200000000000003,8.00000000000001,1,2,66,0.5
221,5766.538763,5765.873763,5766.101763,5766.485769,5770.433763,0,1.99999999999996,0.0200000000000003,8.99999999999999,2,1,65,0.5
222,5771.770763,5771.069763,5771.366263,5771.770763,5772.741765,1,NaN,0,8.99999999999999,2,1,65,0.5
223,5935.016763,5933.942763,5933.994763,5934.964263,5937.498763,0,1.99999999999996,0.0200000000000003,8.99999999999999,2,1,65,0.5
224,5940.371263,5939.587764,5939.895763,5940.371263,5951.206763,1,NaN,0,8.99999999999999,2,1,65,0.5
225,5954.456764,5953.703761,5953.864264,5954.403763,5957.873263,1,1.99999999999996,0.0200000000000003,8.00000000000001,1,2,66,0.5
226,5959.149267,5958.476763,5958.638263,5959.096263,5963.334263,0,1.99999999999996,0.0200000000000003,8.99999999999999,2,1,65,0.5
227,5965.044763,5964.330764,5964.529267,5964.992263,5968.904263,1,1.99999999999996,0.0200000000000003,8.00000000000001,1,2,66,0.5
228,5976.637763,5975.641263,5975.789763,5976.637763,5981.235763,1,NaN,0,8.99999999999999,2,1,65,0.5
229,5982.502263,5981.923763,5982.067765,5982.502263,5988.149763,1,NaN,0,8.99999999999999,2,1,65,0.5
230,5989.939768,5989.214263,5989.452764,5989.886764,5994.507263,1,1.99999999999996,0.0200000000000003,8.00000000000001,1,2,66,0.5
231,5996.929764,5994.974768,5995.106263,5996.876763,5999.857763,0,1.99999999999996,0.0200000000000003,8.99999999999999,2,1,65,0.5
232,6000.911768,6000.345263,6000.507263,6000.911768,6005.459263,1,NaN,0,8.99999999999999,2,1,65,0.5
233,6007.712263,6007.135763,6007.228763,6007.658763,6012.583264,1,1.99999999999996,0.0200000000000003,8.00000000000001,1,2,66,0.5
234,6013.528763,6012.977263,6013.098264,6013.528763,6020.277265,0,NaN,0,8.00000000000001,1,2,66,0.5
235,6021.591263,6020.823263,6021.130263,6021.538763,6025.225263,1,1.99999999999996,0.0200000000000003,8.00000000000001,1,2,66,0.5
236,6026.822763,6026.197763,6026.340763,6026.769764,6027.531263,0,1.99999999999996,0.0200000000000003,8.99999999999999,2,1,65,0.5
237,6028.723263,6028.120264,6028.327763,6028.723263,6034.685763,1,NaN,0,8.99999999999999,2,1,65,0.5
238,6035.935763,6035.269763,6035.531763,6035.935763,6043.218264,1,NaN,0,8.99999999999999,2,1,65,0.5
239,6044.918763,6044.321263,6044.451263,6044.865764,6053.504263,0,1.99999999999996,0.0200000000000003,8.99999999999999,2,1,65,0.5
240,6054.876263,6054.220768,6054.497763,6054.876263,6091.868763,1,NaN,0,8.99999999999999,2,1,65,0.5
241,6093.186764,6092.448264,6092.714264,6093.186764,6100.833264,1,NaN,0,8.99999999999999,2,1,65,0.5
242,6103.159263,6102.507763,6102.740763,6103.159263,6108.842263,0,NaN,0,8.00000000000001,1,2,66,0.5
243,6110.462263,6109.305763,6109.992763,6110.408764,6113.701263,1,1.99999999999996,0.0200000000000003,8.00000000000001,1,2,66,0.5
244,6115.397764,6114.530763,6114.911763,6115.345263,6118.978763,0,1.99999999999996,0.0200000000000003,8.99999999999999,2,1,65,0.5
245,6120.388263,6119.667765,6119.926763,6120.335264,6123.977763,1,1.99999999999996,0.0200000000000003,8.00000000000001,1,2,66,0.5
246,6126.041263,6125.391263,6125.620763,6126.041263,6130.993764,0,NaN,0,8.00000000000001,1,2,66,0.5
247,6132.278763,6131.488263,6131.765258,6132.226263,6136.040766,0,1.99999999999996,0.0200000000000003,8.99999999999999,2,1,65,0.5
248,6137.319763,6136.663763,6136.861759,6137.267268,6143.904263,1,1.99999999999996,0.0200000000000003,8.00000000000001,1,2,66,0.5
249,6173.846763,6172.909763,6173.131264,6173.793763,6178.612263,1,1.99999999999996,0.0200000000000003,8.00000000000001,1,2,66,0.5
250,6179.660758,6179.104768,6179.221763,6179.660758,6185.026263,0,NaN,0,8.00000000000001,1,2,66,0.5
251,6186.318263,6185.625263,6185.859264,6186.265763,6189.676763,0,1.99999999999996,0.0200000000000003,8.99999999999999,2,1,65,0.5
252,6190.941763,6190.218763,6190.474264,6190.888763,6195.937264,1,1.99999999999996,0.0200000000000003,8.00000000000001,1,2,66,0.5
253,6197.040263,6196.439763,6196.577763,6196.987263,6199.903263,0,1.99999999999996,0.0200000000000003,8.99999999999999,2,1,65,0.5
254,6201.117763,6200.509263,6200.647263,6201.064263,6205.096263,1,1.99999999999996,0.0200000000000003,8.00000000000001,1,2,66,0.5
255,6206.627264,6205.947763,6206.095764,6206.574265,6211.622763,0,1.99999999999996,0.0200000000000003,8.99999999999999,2,1,65,0.5
256,6212.866264,6212.249763,6212.425263,6212.866264,6214.150263,1,NaN,0,8.99999999999999,2,1,65,0.5
257,6225.165265,6224.420765,6224.644768,6225.165265,6230.199263,1,NaN,0,8.99999999999999,2,1,65,0.5
258,6231.513263,6230.768263,6231.014764,6231.492267,6235.934263,1,1.99999999999996,0.0200000000000003,8.00000000000001,1,2,66,0.5
259,6238.313264,6236.946264,6236.982763,6238.260763,6243.500763,0,1.99999999999996,0.0200000000000003,8.99999999999999,2,1,65,0.5
260,6245.498264,6244.916263,6245.056763,6245.498264,6252.466763,1,NaN,0,8.99999999999999,2,1,65,0.5
261,6254.091263,6253.254263,6253.388763,6254.038263,6257.648763,0,1.99999999999996,0.0200000000000003,8.99999999999999,2,1,65,0.5
262,6258.794264,6258.261265,6258.400264,6258.794264,6263.932263,1,NaN,0,8.99999999999999,2,1,65,0.5
263,6265.085764,6264.494263,6264.631763,6265.032263,6267.906763,0,1.99999999999996,0.0200000000000003,8.99999999999999,2,1,65,0.5
264,6269.209763,6268.615268,6268.789263,6269.209763,6274.794764,1,NaN,0,8.99999999999999,2,1,65,0.5
265,6275.889764,6275.265763,6275.402263,6275.837263,6278.894763,0,1.99999999999996,0.0200000000000003,8.99999999999999,2,1,65,0.5
266,6280.156268,6279.517763,6279.689764,6280.103763,6284.042263,1,1.99999999999996,0.0200000000000003,8.00000000000001,1,2,66,0.5
267,6285.370263,6284.718764,6284.860263,6285.316768,6290.360263,0,1.99999999999996,0.0200000000000003,8.99999999999999,2,1,65,0.5
268,6291.906763,6291.270265,6291.482763,6291.906763,6299.017267,1,NaN,0,8.99999999999999,2,1,65,0.5
269,6300.390763,6299.671263,6299.877263,6300.338263,6303.554263,0,1.99999999999996,0.0200000000000003,8.99999999999999,2,1,65,0.5
270,6304.846263,6304.188263,6304.422763,6304.846263,6310.703263,1,NaN,0,8.99999999999999,2,1,65,0.5
271,6311.715263,6311.103763,6311.257763,6311.662263,6315.236767,0,1.99999999999996,0.0200000000000003,8.99999999999999,2,1,65,0.5
272,6316.796263,6316.105764,6316.402263,6316.796263,6322.157763,1,NaN,0,8.99999999999999,2,1,65,0.5
273,6323.235763,6322.625263,6322.783263,6323.183763,6326.524763,0,1.99999999999996,0.0200000000000003,8.99999999999999,2,1,65,0.5
274,6327.759263,6327.098763,6327.342763,6327.759263,6333.197763,1,NaN,0,8.99999999999999,2,1,65,0.5
275,6334.537764,6333.800763,6334.074763,6334.484763,6339.055262,0,1.99999999999996,0.0200000000000003,8.99999999999999,2,1,65,0.5
276,6340.231765,6339.586263,6339.824763,6340.231765,6344.482263,1,NaN,0,8.99999999999999,2,1,65,0.5
277,6347.142264,6346.482763,6346.658263,6347.142264,6353.274263,1,NaN,0,8.99999999999999,2,1,65,0.5
278,6354.821263,6353.865264,6354.377758,6354.821263,6361.419765,1,NaN,0,8.99999999999999,2,1,65,0.5
279,6363.584763,6361.909263,6362.602763,6363.531763,6364.921764,1,1.99999999999996,0.0200000000000003,8.00000000000001,1,2,66,0.5
280,6366.083763,6365.429264,6365.601263,6366.031263,6368.525263,0,1.99999999999996,0.0200000000000003,8.99999999999999,2,1,65,0.5
281,6382.013763,6381.037765,6381.130763,6381.960763,6393.737263,0,1.99999999999996,0.0200000000000003,8.99999999999999,2,1,65,0.5
282,6398.512763,6397.550764,6397.972763,6398.459263,6401.990763,1,1.99999999999996,0.0200000000000003,8.00000000000001,1,2,66,0.5
283,6404.799263,6404.109263,6404.284765,6404.799263,6410.120263,0,NaN,0,8.00000000000001,1,2,66,0.5
284,6411.492263,6410.785264,6411.050263,6411.439763,6414.905764,1,1.99999999999996,0.0200000000000003,8.00000000000001,1,2,66,0.5
285,6416.470264,6415.794765,6415.911263,6416.416768,6419.561763,0,1.99999999999996,0.0200000000000003,8.99999999999999,2,1,65,0.5
286,6420.881263,6420.256762,6420.407763,6420.828263,6422.952263,1,1.99999999999996,0.0200000000000003,8.00000000000001,1,2,66,0.5
287,6424.795764,6424.207265,6424.348763,6424.743263,6428.102761,0,1.99999999999996,0.0200000000000003,8.99999999999999,2,1,65,0.5
288,6429.445264,6428.757263,6428.975263,6429.392263,6433.009764,1,1.99999999999996,0.0200000000000003,8.00000000000001,1,2,66,0.5
289,6434.474763,6433.807263,6433.893763,6434.421268,6437.827264,0,1.99999999999996,0.0200000000000003,8.99999999999999,2,1,65,0.5
290,6440.095763,6439.537763,6439.629263,6440.095763,6444.461763,1,NaN,0,8.99999999999999,2,1,65,0.5
291,6446.741764,6446.129763,6446.333263,6446.688767,6450.007263,1,1.99999999999996,0.0200000000000003,8.00000000000001,1,2,66,0.5
292,6451.343263,6450.612263,6450.748763,6451.343263,6456.992763,1,NaN,0,8.99999999999999,2,1,65,0.5
293,6458.678263,6458.091263,6458.190763,6458.625263,6461.036764,0,1.99999999999996,0.0200000000000003,8.99999999999999,2,1,65,0.5
294,6462.241763,6461.593763,6461.858268,6462.241763,6467.834263,1,NaN,0,8.99999999999999,2,1,65,0.5
295,6469.335764,6468.844263,6468.905263,6469.282763,6471.981263,0,1.99999999999996,0.0200000000000003,8.99999999999999,2,1,65,0.5
296,6473.503263,6472.524763,6472.884263,6473.503263,6478.859263,1,NaN,0,8.99999999999999,2,1,65,0.5
297,6480.206763,6479.602263,6479.780263,6480.154264,6482.746263,0,1.99999999999996,0.0200000000000003,8.99999999999999,2,1,65,0.5
298,6484.248763,6483.263763,6483.789263,6484.248763,6494.365763,1,NaN,0,8.99999999999999,2,1,65,0.5
299,6495.448763,6494.765263,6494.986763,6495.448763,6501.105763,0,NaN,0,8.00000000000001,1,2,66,0.5
300,6502.330764,6501.603764,6501.892764,6502.277765,6504.851763,1,1.99999999999996,0.0200000000000003,8.00000000000001,1,2,66,0.5
301,6506.853763,6506.207763,6506.398767,6506.800268,6509.344263,0,1.99999999999996,0.0200000000000003,8.99999999999999,2,1,65,0.5
302,6510.486763,6509.863763,6510.079263,6510.433763,6671.524263,1,1.99999999999996,0.0200000000000003,8.00000000000001,1,2,66,0.5
303,6686.436763,6684.555764,6684.684268,6686.383763,6692.482763,1,1.99999999999996,0.0200000000000003,8.00000000000001,1,2,66,0.5
304,6694.162763,6693.306264,6693.497263,6694.109763,6698.593266,0,1.99999999999996,0.0200000000000003,8.99999999999999,2,1,65,0.5
305,6699.941261,6699.218765,6699.384265,6699.888266,6703.958763,1,1.99999999999996,0.0200000000000003,8.00000000000001,1,2,66,0.5
306,6705.506763,6704.862764,6704.910763,6705.453264,6708.083763,0,1.99999999999996,0.0200000000000003,8.99999999999999,2,1,65,0.5
307,6709.447763,6708.888763,6709.038263,6709.447763,6715.284263,1,NaN,0,8.99999999999999,2,1,65,0.5
308,6734.689263,6733.774263,6734.103763,6734.689263,6747.387763,0,NaN,0,8.00000000000001,1,2,66,0.5
309,6749.020764,6748.487763,6748.596764,6749.006763,6757.799263,1,1.99999999999996,0.0200000000000003,8.00000000000001,1,2,66,0.5
310,6758.881263,6758.245263,6758.414268,6758.828763,6761.917263,0,1.99999999999996,0.0200000000000003,8.99999999999999,2,1,65,0.5
311,6763.575263,6762.955263,6763.092764,6763.522263,6770.075763,1,1.99999999999996,0.0200000000000003,8.00000000000001,1,2,66,0.5
312,6771.278263,6770.665765,6770.865263,6771.225763,6774.162264,1,1.99999999999996,0.0200000000000003,8.00000000000001,1,2,66,0.5
313,6775.877263,6775.341763,6775.426263,6775.877263,6782.066764,0,NaN,0,8.00000000000001,1,2,66,0.5
314,6783.297764,6782.763763,6782.881265,6783.269264,6785.482265,0,1.99999999999996,0.0200000000000003,8.99999999999999,2,1,65,0.5
315,6786.570263,6786.042263,6786.216263,6786.570263,6792.407263,1,NaN,0,8.99999999999999,2,1,65,0.5
316,6793.763263,6792.978263,6793.254764,6793.710764,6796.937263,1,1.99999999999996,0.0200000000000003,8.00000000000001,1,2,66,0.5
317,6798.183263,6797.611264,6797.756263,6798.183263,6804.196263,0,NaN,0,8.00000000000001,1,2,66,0.5
318,6805.703263,6805.041764,6805.313263,6805.650263,6809.692763,0,1.99999999999996,0.0200000000000003,8.99999999999999,2,1,65,0.5
319,6810.909263,6810.288264,6810.444764,6810.856763,6814.204763,1,1.99999999999996,0.0200000000000003,8.00000000000001,1,2,66,0.5
320,6815.501764,6815.053763,6815.091763,6815.501764,6821.513763,0,NaN,0,8.00000000000001,1,2,66,0.5
321,6822.754263,6821.927263,6822.290263,6822.701263,6825.314763,0,1.99999999999996,0.0200000000000003,8.99999999999999,2,1,65,0.5
322,6826.487263,6825.847263,6826.088263,6826.487263,6833.007263,1,NaN,0,8.99999999999999,2,1,65,0.5
323,6834.173263,6833.496763,6833.796763,6834.173263,6839.484767,1,NaN,0,8.99999999999999,2,1,65,0.5
324,6841.940263,6841.248263,6841.398263,6841.940263,6848.439765,0,NaN,0,8.00000000000001,1,2,66,0.5
325,6849.892263,6849.180263,6849.427763,6849.839264,6852.959763,0,1.99999999999996,0.0200000000000003,8.99999999999999,2,1,65,0.5
326,6854.812763,6854.154263,6854.323263,6854.760263,6856.865763,1,1.99999999999996,0.0200000000000003,8.00000000000001,1,2,66,0.5
327,6857.870263,6857.322265,6857.500763,6857.870263,6873.996763,0,NaN,0,8.00000000000001,1,2,66,0.5
328,6875.857766,6875.155768,6875.438266,6875.857766,6885.266764,0,NaN,0,8.00000000000001,1,2,66,0.5
329,6887.184764,6885.923763,6886.234764,6887.131763,6892.423763,1,1.99999999999996,0.0200000000000003,8.00000000000001,1,2,66,0.5
330,6894.104763,6893.380263,6893.478764,6894.051764,6896.629264,0,1.99999999999996,0.0200000000000003,8.99999999999999,2,1,65,0.5
331,6898.023763,6897.163263,6897.537263,6897.970764,6908.066265,1,1.99999999999996,0.0200000000000003,8.00000000000001,1,2,66,0.5
332,6909.510263,6908.852763,6909.020763,6909.457263,6914.186263,0,1.99999999999996,0.0200000000000003,8.99999999999999,2,1,65,0.5
333,6915.422263,6914.815763,6915.021265,6915.422263,6916.626763,1,NaN,0,8.99999999999999,2,1,65,0.5
334,6922.606768,6921.980263,6922.122263,6922.554263,6925.125263,0,1.99999999999996,0.0200000000000003,8.99999999999999,2,1,65,0.5
335,6926.634264,6925.747763,6926.141763,6926.634264,6932.688264,1,NaN,0,8.99999999999999,2,1,65,0.5
336,6933.924263,6933.126263,6933.457263,6933.924263,6939.132764,0,NaN,0,8.00000000000001,1,2,66,0.5
337,6940.260265,6939.579263,6939.870763,6940.260265,6945.295264,1,NaN,0,8.99999999999999,2,1,65,0.5
338,6946.390264,6945.714763,6945.934763,6946.337763,6948.912265,0,1.99999999999996,0.0200000000000003,8.99999999999999,2,1,65,0.5
339,6950.327763,6949.581263,6949.835263,6950.275263,6953.506263,1,1.99999999999996,0.0200000000000003,8.00000000000001,1,2,66,0.5
340,6954.614764,6954.023263,6954.132763,6954.561763,6957.730763,0,1.99999999999996,0.0200000000000003,8.99999999999999,2,1,65,0.5
341,6958.957263,6958.344264,6958.563263,6958.957263,6964.858264,1,NaN,0,8.99999999999999,2,1,65,0.5
342,6966.111764,6965.333763,6965.622263,6966.059263,6970.157263,1,1.99999999999996,0.0200000000000003,8.00000000000001,1,2,66,0.5
343,6971.652763,6970.799264,6971.075264,6971.599263,6974.707263,0,1.99999999999996,0.0200000000000003,8.99999999999999,2,1,65,0.5
344,6975.834763,6975.249764,6975.465763,6975.834763,6982.621763,1,NaN,0,8.99999999999999,2,1,65,0.5
345,6984.169263,6983.228263,6983.642763,6984.116263,6987.552263,1,1.99999999999996,0.0200000000000003,8.00000000000001,1,2,66,0.5
346,6989.236263,6988.544263,6988.721263,6989.183263,6992.586263,0,1.99999999999996,0.0200000000000003,8.99999999999999,2,1,65,0.5
347,6993.948764,6993.224764,6993.388763,6993.895763,6997.560264,1,1.99999999999996,0.0200000000000003,8.00000000000001,1,2,66,0.5
348,6999.200263,6998.423763,6998.626263,6999.147263,7002.528263,0,1.99999999999996,0.0200000000000003,8.99999999999999,2,1,65,0.5
349,7003.739264,7003.097766,7003.286263,7003.686763,7009.152763,1,1.99999999999996,0.0200000000000003,8.00000000000001,1,2,66,0.5
350,7010.335764,7009.613764,7009.797767,7010.335764,7016.875763,0,NaN,0,8.00000000000001,1,2,66,0.5
351,7018.080763,7017.368263,7017.638763,7018.080763,7104.298764,1,NaN,0,8.99999999999999,2,1,65,0.5
352,7107.784765,7106.153763,7106.190264,7107.732263,7115.860268,0,1.99999999999996,0.0200000000000003,8.99999999999999,2,1,65,0.5
353,7117.683763,7116.893763,7117.109763,7117.683763,7119.040763,1,NaN,0,8.99999999999999,2,1,65,0.5
354,7127.300768,7126.291267,7126.784764,7127.300768,7132.373763,0,NaN,0,8.00000000000001,1,2,66,0.5
355,7135.003264,7134.184263,7134.428763,7134.949763,7137.928263,0,1.99999999999996,0.0200000000000003,8.99999999999999,2,1,65,0.5
356,7140.173764,7139.465263,7139.671263,7140.120763,7143.024763,1,1.99999999999996,0.0200000000000003,8.00000000000001,1,2,66,0.5
357,7144.634765,7143.887765,7144.045765,7144.582265,7147.217763,0,1.99999999999996,0.0200000000000003,8.99999999999999,2,1,65,0.5
358,7148.449763,7147.915763,7148.017264,7148.440763,7151.164764,1,1.99999999999996,0.0200000000000003,8.00000000000001,1,2,66,0.5
359,7152.611763,7151.961266,7152.063263,7152.611763,7158.516268,0,NaN,0,8.00000000000001,1,2,66,0.5
360,7160.228263,7159.517263,7159.718263,7160.175763,7162.922763,0,1.99999999999996,0.0200000000000003,8.99999999999999,2,1,65,0.5
361,7164.526267,7163.762763,7164.008267,7164.473267,7167.261764,1,1.99999999999996,0.0200000000000003,8.00000000000001,1,2,66,0.5
362,7169.049763,7168.465764,7168.593764,7168.996764,7171.412264,0,1.99999999999996,0.0200000000000003,8.99999999999999,2,1,65,0.5
363,7172.508263,7171.939265,7172.109763,7172.508263,7178.137265,1,NaN,0,8.99999999999999,2,1,65,0.5
364,7179.212763,7178.609263,7178.857763,7179.212763,7185.252263,1,NaN,0,8.99999999999999,2,1,65,0.5
365,7187.750268,7185.676263,7186.552263,7187.697264,7191.888763,0,1.99999999999996,0.0200000000000003,8.99999999999999,2,1,65,0.5
366,7194.206263,7193.507263,7193.753263,7194.206263,7199.959264,1,NaN,0,8.99999999999999,2,1,65,0.5
367,7201.197765,7200.484765,7200.605265,7201.144763,7203.417765,0,1.99999999999996,0.0200000000000003,8.99999999999999,2,1,65,0.5
368,7206.081763,7205.371763,7205.413763,7206.081763,7212.822763,1,NaN,0,8.99999999999999,2,1,65,0.5
369,7214.744763,7214.226763,7214.308763,7214.744763,7220.405264,1,NaN,0,8.99999999999999,2,1,65,0.5
370,7225.388263,7224.714763,7224.968263,7225.388263,7254.179763,1,NaN,0,8.99999999999999,2,1,65,0.5
371,7255.348264,7254.723263,7254.920263,7255.348264,7284.914763,1,NaN,0,8.99999999999999,2,1,65,0.5
372,7286.757263,7285.878763,7286.231263,7286.704764,7288.264763,1,1.99999999999996,0.0200000000000003,8.00000000000001,1,2,66,0.5
373,7289.771265,7289.179763,7289.325264,7289.717767,7292.453767,0,1.99999999999996,0.0200000000000003,8.99999999999999,2,1,65,0.5
374,7297.202764,7296.697763,7296.816264,7297.202764,7302.737763,1,NaN,0,8.99999999999999,2,1,65,0.5
375,7304.605263,7303.922768,7304.141264,7304.605263,7310.420263,0,NaN,0,8.00000000000001,1,2,66,0.5
376,7311.945764,7311.333263,7311.569764,7311.945764,7318.690763,0,NaN,0,8.00000000000001,1,2,66,0.5
377,7321.884763,7321.257263,7321.470763,7321.832263,7326.691265,1,1.99999999999996,0.0200000000000003,8.00000000000001,1,2,66,0.5
378,7328.659266,7327.528764,7328.033764,7328.659266,7455.793263,1,NaN,0,8.99999999999999,2,1,65,0.5
379,7459.011267,7458.075263,7458.306263,7459.011267,7482.650765,0,NaN,0,8.00000000000001,1,2,66,0.5
380,7485.287263,7484.737763,7484.796263,7485.287263,7500.780263,0,NaN,0,8.00000000000001,1,2,66,0.5
381,7501.905763,7501.227763,7501.288763,7501.905763,7508.834264,0,NaN,0,8.00000000000001,1,2,66,0.5
382,7510.594263,7509.940263,7510.116765,7510.540763,7518.391263,0,1.99999999999996,0.0200000000000003,8.99999999999999,2,1,65,0.5
383,7519.493263,7518.959264,7519.088763,7519.485763,7525.759264,1,1.99999999999996,0.0200000000000003,8.00000000000001,1,2,66,0.5
384,7527.119263,7526.585264,7526.720763,7527.092264,7777.606763,1,1.99999999999996,0.0200000000000003,8.00000000000001,1,2,66,0.5
385,7779.819762,7779.029263,7779.214264,7779.819762,7785.889263,1,NaN,0,8.99999999999999,2,1,65,0.5
386,7787.807763,7787.093263,7787.401263,7787.807763,7794.005763,1,NaN,0,8.99999999999999,2,1,65,0.5
387,7795.548263,7794.885264,7795.103263,7795.495763,7800.083263,0,1.99999999999996,0.0200000000000003,8.99999999999999,2,1,65,0.5
388,7801.272264,7800.568263,7800.811764,7801.219763,7803.344264,1,1.99999999999996,0.0200000000000003,8.00000000000001,1,2,66,0.5
389,7805.712763,7805.072263,7805.225763,7805.659763,7808.278763,0,1.99999999999996,0.0200000000000003,8.99999999999999,2,1,65,0.5
390,7809.534763,7808.971768,7809.089763,7809.534763,7815.873765,1,NaN,0,8.99999999999999,2,1,65,0.5
391,7817.253763,7816.414763,7816.813763,7817.200263,7821.928263,1,1.99999999999996,0.0200000000000003,8.00000000000001,1,2,66,0.5
392,7823.264264,7822.563763,7822.654763,7823.211767,7827.039763,0,1.99999999999996,0.0200000000000003,8.99999999999999,2,1,65,0.5
393,7828.255763,7827.656764,7827.797263,7828.255763,7838.822767,1,NaN,0,8.99999999999999,2,1,65,0.5
394,7840.399264,7839.723263,7839.894263,7840.345763,7843.968263,0,1.99999999999996,0.0200000000000003,8.99999999999999,2,1,65,0.5
395,7845.374763,7844.643763,7844.896763,7845.321763,7850.424263,0,1.99999999999996,0.0200000000000003,8.99999999999999,2,1,65,0.5
396,7851.829763,7851.103763,7851.351765,7851.777263,7857.602763,1,1.99999999999996,0.0200000000000003,8.00000000000001,1,2,66,0.5
397,7858.884763,7858.151763,7858.436263,7858.831763,7902.834765,1,1.99999999999996,0.0200000000000003,8.00000000000001,1,2,66,0.5
398,7905.156764,7904.370264,7904.433265,7905.104263,7912.231264,0,1.99999999999996,0.0200000000000003,8.99999999999999,2,1,65,0.5
399,7913.388263,7912.729765,7912.855763,7913.335263,7917.829763,1,1.99999999999996,0.0200000000000003,8.00000000000001,1,2,66,0.5
400,7919.203263,7918.562264,7918.681763,7919.203263,7925.556763,0,NaN,0,8.00000000000001,1,2,66,0.5
401,7926.772268,7926.088763,7926.296764,7926.719263,7930.674267,1,1.99999999999996,0.0200000000000003,8.00000000000001,1,2,66,0.5
402,7932.120763,7931.404763,7931.576763,7932.068263,7934.873764,0,1.99999999999996,0.0200000000000003,8.99999999999999,2,1,65,0.5
403,7935.949763,7935.436263,7935.508266,7935.949763,7942.530763,1,NaN,0,8.99999999999999,2,1,65,0.5
404,7944.704263,7944.038765,7944.240265,7944.704263,7952.945264,0,NaN,0,8.00000000000001,1,2,66,0.5
405,7954.344268,7953.782265,7953.946264,7954.344268,7959.888763,0,NaN,0,8.00000000000001,1,2,66,0.5
406,7961.056763,7960.383263,7960.626763,7961.056763,7971.002263,1,NaN,0,8.99999999999999,2,1,65,0.5
407,7972.134768,7971.508765,7971.638764,7972.134768,7976.406263,0,NaN,0,8.00000000000001,1,2,66,0.5
408,7985.809763,7984.896263,7985.301263,7985.809763,7987.877263,0,NaN,0,8.00000000000001,1,2,66,0.5
409,8066.068763,8053.536763,8053.575763,NaN,NaN,NaN,NaN,0,8.00000000000001,1,2,66,0.5
410,8081.713764,8080.461264,8080.485263,8081.660763,8140.870763,1,1.99999999999996,0.0200000000000003,8.00000000000001,1,2,66,0.5
411,8143.134767,8142.399263,8142.504763,8143.081763,8145.665763,1,1.99999999999996,0.0200000000000003,8.00000000000001,1,2,66,0.5
412,8148.011763,8147.406263,8147.531763,8148.011763,8152.754763,1,NaN,0,8.99999999999999,2,1,65,0.5
413,8156.077763,8154.935763,8155.088763,8156.077763,8161.253765,1,NaN,0,8.99999999999999,2,1,65,0.5
414,8162.346268,8161.695763,8161.805763,8162.293763,8168.726263,0,1.99999999999996,0.0200000000000003,8.99999999999999,2,1,65,0.5
415,8170.466763,8170.077763,8170.111258,8170.466763,8180.316258,1,NaN,0,8.99999999999999,2,1,65,0.5
416,8182.053264,8181.520763,8181.650263,8182.000763,8185.319264,0,1.99999999999996,0.0200000000000003,8.99999999999999,2,1,65,0.5
417,8188.465264,8187.811264,8187.977763,8188.412263,8192.552264,1,1.99999999999996,0.0200000000000003,8.00000000000001,1,2,66,0.5
418,8194.032264,8193.342763,8193.417768,8193.979767,8197.673763,0,1.99999999999996,0.0200000000000003,8.99999999999999,2,1,65,0.5
419,8198.916264,8198.308263,8198.469763,8198.862763,8203.404263,1,1.99999999999996,0.0200000000000003,8.00000000000001,1,2,66,0.5
420,8204.937768,8204.237763,8204.296263,8204.885763,8208.403263,0,1.99999999999996,0.0200000000000003,8.99999999999999,2,1,65,0.5
421,8209.747263,8209.160764,8209.323764,8209.747263,8214.755763,1,NaN,0,8.99999999999999,2,1,65,0.5
422,8216.431763,8215.651763,8215.969764,8216.379263,8219.079763,0,1.99999999999996,0.0200000000000003,8.99999999999999,2,1,65,0.5
423,8220.661764,8219.828764,8220.004265,8220.661764,8226.159763,1,NaN,0,8.99999999999999,2,1,65,0.5
424,8229.111265,8226.607764,8227.455264,8229.111265,8235.516264,0,NaN,0,8.00000000000001,1,2,66,0.5
425,8237.045763,8236.251763,8236.604765,8236.993263,8240.426263,1,1.99999999999996,0.0200000000000003,8.00000000000001,1,2,66,0.5
426,8242.114263,8241.399264,8241.564763,8242.061263,8244.703763,0,1.99999999999996,0.0200000000000003,8.99999999999999,2,1,65,0.5
427,8245.950763,8245.319263,8245.497263,8245.897763,8249.625263,1,1.99999999999996,0.0200000000000003,8.00000000000001,1,2,66,0.5
428,8250.984263,8250.337267,8250.504764,8250.984263,8258.182763,0,NaN,0,8.00000000000001,1,2,66,0.5
429,8260.317764,8259.060263,8259.784763,8260.264763,8264.410265,1,1.99999999999996,0.0200000000000003,8.00000000000001,1,2,66,0.5
430,8266.128263,8265.365268,8265.552763,8266.075263,8268.882263,0,1.99999999999996,0.0200000000000003,8.99999999999999,2,1,65,0.5
431,8270.079263,8269.409764,8269.627764,8270.026763,8275.781765,1,1.99999999999996,0.0200000000000003,8.00000000000001,1,2,66,0.5
432,8277.489763,8276.771763,8276.977763,8277.489763,8283.829768,0,NaN,0,8.00000000000001,1,2,66,0.5
433,8285.146764,8284.261263,8284.629763,8285.093264,8289.816263,1,1.99999999999996,0.0200000000000003,8.00000000000001,1,2,66,0.5
434,8291.645263,8290.644266,8291.101764,8291.645263,8297.356763,0,NaN,0,8.00000000000001,1,2,66,0.5
435,8298.402263,8297.818768,8297.935758,8298.402263,8304.669763,1,NaN,0,8.99999999999999,2,1,65,0.5
436,8306.854763,8305.872764,8306.226764,8306.854763,8312.252763,0,NaN,0,8.00000000000001,1,2,66,0.5
437,8313.809267,8312.762264,8313.263263,8313.756763,8318.413263,1,1.99999999999996,0.0200000000000003,8.00000000000001,1,2,66,0.5
438,8319.989264,8319.014763,8319.351763,8319.937263,8322.498264,0,1.99999999999996,0.0200000000000003,8.99999999999999,2,1,65,0.5
439,8323.614763,8323.006764,8323.101265,8323.562263,8326.644264,1,1.99999999999996,0.0200000000000003,8.00000000000001,1,2,66,0.5
440,8328.016764,8327.326763,8327.509268,8328.016764,8334.025265,0,NaN,0,8.00000000000001,1,2,66,0.5
441,8335.555764,8334.479263,8335.009763,8335.502263,8339.336263,1,1.99999999999996,0.0200000000000003,8.00000000000001,1,2,66,0.5
442,8341.021763,8340.290263,8340.520768,8341.021763,8348.340263,0,NaN,0,8.00000000000001,1,2,66,0.5
443,8350.256764,8349.130763,8349.731763,8350.204266,8353.349763,1,1.99999999999996,0.0200000000000003,8.00000000000001,1,2,66,0.5
444,8354.775763,8353.917263,8354.158265,8354.723263,8362.659763,1,1.99999999999996,0.0200000000000003,8.00000000000001,1,2,66,0.5
445,8363.877263,8363.160764,8363.394263,8363.877263,8370.848764,0,NaN,0,8.00000000000001,1,2,66,0.5
446,8372.307763,8371.313763,8371.806763,8372.255264,8376.300763,1,1.99999999999996,0.0200000000000003,8.00000000000001,1,2,66,0.5
447,8378.339763,8377.471263,8377.680763,8378.287263,8382.048763,0,1.99999999999996,0.0200000000000003,8.99999999999999,2,1,65,0.5
448,8383.273764,8382.578763,8382.763263,8383.220764,8387.197263,1,1.99999999999996,0.0200000000000003,8.00000000000001,1,2,66,0.5
449,8388.975763,8388.414763,8388.460763,8388.922763,8393.476764,1,1.99999999999996,0.0200000000000003,8.00000000000001,1,2,66,0.5
450,8395.194265,8394.157263,8394.506264,8395.141763,8398.902267,0,1.99999999999996,0.0200000000000003,8.99999999999999,2,1,65,0.5
451,8400.118263,8399.471768,8399.687263,8400.118263,8406.347764,1,NaN,0,8.99999999999999,2,1,65,0.5
452,8407.839263,8406.953763,8407.227263,8407.786263,8411.486763,0,1.99999999999996,0.0200000000000003,8.99999999999999,2,1,65,0.5
453,8412.737763,8412.002764,8412.249763,8412.684763,8416.346263,1,1.99999999999996,0.0200000000000003,8.00000000000001,1,2,66,0.5
454,8418.021263,8417.318263,8417.559763,8418.021263,8424.481763,1,NaN,0,8.99999999999999,2,1,65,0.5
455,8425.732763,8425.011763,8425.266263,8425.680263,8430.582263,1,1.99999999999996,0.0200000000000003,8.00000000000001,1,2,66,0.5
456,8431.893763,8431.074764,8431.331268,8431.893763,8438.887263,0,NaN,0,8.00000000000001,1,2,66,0.5
457,8440.548763,8439.672769,8439.990764,8440.495264,8445.640758,0,1.99999999999996,0.0200000000000003,8.99999999999999,2,1,65,0.5
458,8446.877764,8446.185263,8446.452268,8446.877764,8453.133263,1,NaN,0,8.99999999999999,2,1,65,0.5
459,8454.749763,8453.794764,8454.199265,8454.697263,8458.791259,0,1.99999999999996,0.0200000000000003,8.99999999999999,2,1,65,0.5
460,8460.036763,8459.373763,8459.549763,8459.983763,8463.279763,1,1.99999999999996,0.0200000000000003,8.00000000000001,1,2,66,0.5
461,8464.811263,8464.004764,8464.238263,8464.811263,8470.098763,0,NaN,0,8.00000000000001,1,2,66,0.5
462,8471.383763,8470.806263,8470.920764,8471.383763,8472.151766,0,NaN,0,8.00000000000001,1,2,66,0.5
463,8477.657263,8476.751768,8477.078265,8477.657263,8483.282763,1,NaN,0,8.99999999999999,2,1,65,0.5
464,8484.569268,8483.887263,8484.184263,8484.569268,8491.009264,1,NaN,0,8.99999999999999,2,1,65,0.5
465,8494.223263,8493.459764,8493.712763,8494.223263,8500.277763,0,NaN,0,8.00000000000001,1,2,66,0.5
466,8501.689765,8500.722764,8501.227763,8501.689765,8508.879263,1,NaN,0,8.99999999999999,2,1,65,0.5
467,8510.165764,8509.397263,8509.731265,8510.165764,8514.725765,0,NaN,0,8.00000000000001,1,2,66,0.5
468,8517.677763,8516.649263,8517.202267,8517.624763,8521.038763,1,1.99999999999996,0.0200000000000003,8.00000000000001,1,2,66,0.5
469,8522.859265,8521.912764,8522.181764,8522.806264,8526.359263,1,1.99999999999996,0.0200000000000003,8.00000000000001,1,2,66,0.5
470,8527.605763,8526.884263,8527.132263,8527.605763,8534.889763,0,NaN,0,8.00000000000001,1,2,66,0.5
471,8536.530264,8535.344264,8536.022764,8536.530264,8737.949263,1,NaN,0,8.99999999999999,2,1,65,0.5
472,8741.288267,8740.520264,8740.765765,8741.288267,8913.574263,1,NaN,0,8.99999999999999,2,1,65,0.5
473,8919.223764,8917.228763,8917.593763,8919.223764,8924.729763,0,NaN,0,8.00000000000001,1,2,66,0.5
474,8928.354264,8927.710263,8927.888763,8928.354264,8934.317763,0,NaN,0,8.00000000000001,1,2,66,0.5
475,8937.990764,8937.096263,8937.442763,8937.990764,8974.380263,1,NaN,0,8.99999999999999,2,1,65,0.5
476,8976.378763,8975.649268,8975.780263,8976.378763,8986.860264,1,NaN,0,8.99999999999999,2,1,65,0.5
477,9027.337263,9026.612763,9026.771265,9027.337263,9041.139764,1,NaN,0,8.99999999999999,2,1,65,0.5
478,9044.471263,9043.516763,9043.747763,9044.471263,9051.100263,1,NaN,0,8.99999999999999,2,1,65,0.5
479,9052.748265,9052.021768,9052.229763,9052.695263,9054.261263,0,1.99999999999996,0.0200000000000003,8.99999999999999,2,1,65,0.5
480,9063.349263,9062.657763,9062.861763,9063.296764,9067.614263,1,1.99999999999996,0.0200000000000003,8.00000000000001,1,2,66,0.5
481,9069.059268,9068.461763,9068.573263,9069.059268,9075.423264,0,NaN,0,8.00000000000001,1,2,66,0.5
482,9076.651764,9075.946763,9076.103268,9076.598763,9080.443268,0,1.99999999999996,0.0200000000000003,8.99999999999999,2,1,65,0.5
483,9081.803761,9081.079264,9081.310763,9081.803761,9087.283765,1,NaN,0,8.99999999999999,2,1,65,0.5
484,9088.844264,9087.980763,9088.377263,9088.844264,9095.420763,0,NaN,0,8.00000000000001,1,2,66,0.5
485,9097.038265,9096.361767,9096.492268,9097.038265,9103.674263,0,NaN,0,8.00000000000001,1,2,66,0.5
486,9105.446764,9104.740264,9104.922263,9105.393763,9109.905263,0,1.99999999999996,0.0200000000000003,8.99999999999999,2,1,65,0.5
487,9111.266763,9110.503767,9110.739763,9111.213268,9133.416263,1,1.99999999999996,0.0200000000000003,8.00000000000001,1,2,66,0.5
488,9139.531265,9138.713768,9139.081263,9139.531265,9145.567264,0,NaN,0,8.00000000000001,1,2,66,0.5
489,9147.021763,9146.233764,9146.527264,9146.969263,9149.366763,0,1.99999999999996,0.0200000000000003,8.99999999999999,2,1,65,0.5
490,9151.213768,9150.330264,9150.641764,9151.161763,9156.023268,1,1.99999999999996,0.0200000000000003,8.00000000000001,1,2,66,0.5
491,9157.513768,9156.756263,9156.963268,9157.513768,9165.344264,0,NaN,0,8.00000000000001,1,2,66,0.5
492,9166.996763,9166.334764,9166.462263,9166.943263,9169.908763,0,1.99999999999996,0.0200000000000003,8.99999999999999,2,1,65,0.5
493,9171.794768,9170.997763,9171.272263,9171.742263,9178.070263,1,1.99999999999996,0.0200000000000003,8.00000000000001,1,2,66,0.5
494,9179.729763,9178.961263,9179.221263,9179.729763,9254.811264,0,NaN,0,8.00000000000001,1,2,66,0.5
495,9258.923265,9257.451263,9257.661263,9258.923265,9310.992763,1,NaN,0,8.99999999999999,2,1,65,0.5
496,9312.940763,9312.317263,9312.342263,9312.940763,9319.278763,0,NaN,0,8.00000000000001,1,2,66,0.5
497,9320.932263,9319.939763,9320.354763,9320.879264,9324.439264,1,1.99999999999996,0.0200000000000003,8.00000000000001,1,2,66,0.5
498,9326.551263,9325.693263,9325.752263,9326.498263,9330.435763,1,1.99999999999996,0.0200000000000003,8.00000000000001,1,2,66,0.5
499,9332.669263,9331.704764,9331.804763,9332.615767,9336.761263,0,1.99999999999996,0.0200000000000003,8.99999999999999,2,1,65,0.5
500,9338.155764,9337.526264,9337.561263,9338.103264,9343.683763,1,1.99999999999996,0.0200000000000003,8.00000000000001,1,2,66,0.5
501,9345.412763,9344.673263,9344.826263,9345.412763,9352.032763,0,NaN,0,8.00000000000001,1,2,66,0.5
502,9354.947763,9352.866763,9353.100264,9354.894763,9358.510264,0,1.99999999999996,0.0200000000000003,8.99999999999999,2,1,65,0.5
503,9359.992763,9359.308764,9359.433264,9359.940263,9364.191264,1,1.99999999999996,0.0200000000000003,8.00000000000001,1,2,66,0.5
504,9366.225263,9365.457263,9365.614763,9366.225263,9372.083763,0,NaN,0,8.00000000000001,1,2,66,0.5
505,9373.511763,9372.610263,9372.886763,9373.458265,9375.836264,0,1.99999999999996,0.0200000000000003,8.99999999999999,2,1,65,0.5
506,9377.251763,9376.518268,9376.692263,9377.198268,9380.506763,1,1.99999999999996,0.0200000000000003,8.00000000000001,1,2,66,0.5
507,9381.905763,9381.254263,9381.302263,9381.905763,9487.870763,0,NaN,0,8.00000000000001,1,2,66,0.5
508,9489.645263,9488.568268,9488.751264,9489.592264,9599.083264,1,1.99999999999996,0.0200000000000003,8.00000000000001,1,2,66,0.5
509,9602.919263,9601.849763,9602.132763,9602.865763,9611.764763,1,1.99999999999996,0.0200000000000003,8.00000000000001,1,2,66,0.5
510,9616.436263,9614.848263,9615.168264,9616.436263,9624.489764,1,NaN,0,8.99999999999999,2,1,65,0.5
511,9633.761765,9632.748263,9632.995763,9633.708764,9639.914763,0,1.99999999999996,0.0200000000000003,8.99999999999999,2,1,65,0.5
512,9641.329763,9640.634264,9640.754763,9641.329763,12621.385763,1,NaN,0,8.99999999999999,2,1,65,0.5
513,12628.198263,12626.958264,12627.418764,12628.198263,13066.820263,1,NaN,0,8.99999999999999,2,1,65,0.5
514,13068.605763,13067.636763,13067.689264,13068.605763,13068.934264,1,NaN,0,8.99999999999999,2,1,65,0.5
515,13151.415263,13150.431263,13150.692263,13151.415263,13154.393765,1,NaN,0,8.99999999999999,2,1,65,0.5
516,13171.338764,13169.922263,13169.945763,13171.285763,13172.645763,0,1.99999999999996,0.0200000000000003,8.99999999999999,2,1,65,0.5
517,13176.302763,13175.266763,13175.451265,13176.249763,14585.362764,1,1.99999999999996,0.0200000000000003,8.00000000000001,1,2,66,0.5
518,14600.331264,14598.415763,14598.542763,14600.278763,15771.262764,0,1.99999999999996,0.0200000000000003,8.99999999999999,2,1,65,0.5
519,15774.475763,15773.386263,15773.594264,15774.475763,15779.085263,1,NaN,0,8.99999999999999,2,1,65,0.5
520,15781.486764,15780.662263,15780.907263,15781.486764,16703.419763,1,NaN,0,8.99999999999999,2,1,65,0.5
521,16708.117763,16706.930263,16707.000764,16708.065263,17668.798763,0,1.99999999999996,0.0200000000000003,8.99999999999999,2,1,65,0.5
522,17671.007263,17670.368263,17670.397264,17671.007263,17695.722763,0,NaN,0,8.00000000000001,1,2,66,0.5
523,17707.989263,17707.103763,17707.445764,17707.989263,17738.054764,1,NaN,0,8.99999999999999,2,1,65,0.5
524,17739.767264,17739.100265,17739.154265,17739.767264,18013.376764,1,NaN,0,8.99999999999999,2,1,65,0.5
525,18018.246265,18016.910763,18016.988258,18018.246265,18020.885263,0,NaN,0,8.00000000000001,1,2,66,0.5
526,18025.347763,18024.563264,18024.601764,18025.294763,18087.379263,1,1.99999999999996,0.0200000000000003,8.00000000000001,1,2,66,0.5
527,18090.178264,18089.390263,18089.662763,18090.178264,18098.696763,1,NaN,0,8.99999999999999,2,1,65,0.5
528,18101.069264,18100.241764,18100.559764,18101.069264,18110.395767,1,NaN,0,8.99999999999999,2,1,65,0.5
529,18115.815768,18114.661765,18114.690263,18115.762763,18117.281263,0,1.99999999999996,0.0200000000000003,8.99999999999999,2,1,65,0.5
530,18119.409767,18118.571263,18118.801763,18119.409767,18143.630764,1,NaN,0,8.99999999999999,2,1,65,0.5
531,18151.681263,18150.839763,18151.118263,18151.681263,18157.411763,1,NaN,0,8.99999999999999,2,1,65,0.5
532,18159.707763,18158.852265,18159.224263,18159.707763,18198.258263,1,NaN,0,8.99999999999999,2,1,65,0.5
533,18202.878264,18202.172263,18202.254764,18202.826263,18227.172263,1,1.99999999999996,0.0200000000000003,8.00000000000001,1,2,66,0.5
534,18229.007268,18228.473263,18228.509263,18228.957767,18244.660763,1,1.99999999999996,0.0200000000000003,8.00000000000001,1,2,66,0.5
535,18246.460264,18245.674266,18245.804763,18246.460264,18250.767263,1,NaN,0,8.99999999999999,2,1,65,0.5
536,18253.575263,18252.836763,18252.958263,18253.522263,18291.807763,1,1.99999999999996,0.0200000000000003,8.00000000000001,1,2,66,0.5
537,18293.923263,18293.029266,18293.107267,18293.923263,18298.375263,1,NaN,0,8.99999999999999,2,1,65,0.5
538,18300.517764,18299.747263,18299.915764,18300.464263,18305.829763,0,1.99999999999996,0.0200000000000003,8.99999999999999,2,1,65,0.5
539,18307.989263,18307.222263,18307.491763,18307.989263,18313.787263,1,NaN,0,8.99999999999999,2,1,65,0.5
540,18315.199768,18314.423763,18314.565763,18315.147767,18322.129763,0,1.99999999999996,0.0200000000000003,8.99999999999999,2,1,65,0.5
541,18324.452263,18323.670763,18323.804763,18324.399763,18332.742263,1,1.99999999999996,0.0200000000000003,8.00000000000001,1,2,66,0.5
542,18335.822763,18334.777763,18334.909763,18335.822763,18341.431763,1,NaN,0,8.99999999999999,2,1,65,0.5
543,18343.378268,18342.328264,18342.698263,18343.325263,18352.506763,1,1.99999999999996,0.0200000000000003,8.00000000000001,1,2,66,0.5
544,18354.763264,18354.019763,18354.243264,18354.763264,18361.431266,1,NaN,0,8.99999999999999,2,1,65,0.5
545,18363.448265,18362.699268,18362.910763,18363.395263,18370.857764,0,1.99999999999996,0.0200000000000003,8.99999999999999,2,1,65,0.5
546,18372.599263,18371.938263,18372.076263,18372.599263,18383.644763,1,NaN,0,8.99999999999999,2,1,65,0.5
547,18385.626263,18384.734764,18385.073263,18385.573263,18394.277265,0,1.99999999999996,0.0200000000000003,8.99999999999999,2,1,65,0.5
548,18396.223766,18395.495263,18395.508263,18396.170767,18407.254764,0,1.99999999999996,0.0200000000000003,8.99999999999999,2,1,65,0.5
549,18409.171263,18408.494763,18408.531763,18409.118763,18422.899269,1,1.99999999999996,0.0200000000000003,8.00000000000001,1,2,66,0.5
550,18424.988263,18424.053268,18424.399763,18424.988263,18433.948763,0,NaN,0,8.00000000000001,1,2,66,0.5
551,18435.813763,18435.014763,18435.075263,18435.813763,18444.290763,0,NaN,0,8.00000000000001,1,2,66,0.5
552,18446.402263,18445.537763,18445.843763,18446.402263,18453.218264,0,NaN,0,8.00000000000001,1,2,66,0.5
553,18454.970765,18454.142263,18454.345263,18454.970765,18461.332763,0,NaN,0,8.00000000000001,1,2,66,0.5
554,18463.539263,18462.475763,18462.551765,18463.539263,18464.218263,0,NaN,0,8.00000000000001,1,2,66,0.5
555,18477.438763,18476.579763,18476.655263,18477.386258,18530.523763,1,1.99999999999996,0.0200000000000003,8.00000000000001,1,2,66,0.5
556,18533.137763,18532.403263,18532.595263,18533.137763,18559.570763,1,NaN,0,8.99999999999999,2,1,65,0.5
557,18568.766263,18568.068263,18568.202263,18568.766263,18574.939764,1,NaN,0,8.99999999999999,2,1,65,0.5
558,18576.591264,18575.795263,18576.072263,18576.538263,18586.016763,0,1.99999999999996,0.0200000000000003,8.99999999999999,2,1,65,0.5
559,18587.622263,18586.959763,18586.981763,18587.568763,18591.443263,1,1.99999999999996,0.0200000000000003,8.00000000000001,1,2,66,0.5
560,18593.098263,18592.376764,18592.553263,18593.045263,18600.058264,0,1.99999999999996,0.0200000000000003,8.99999999999999,2,1,65,0.5
561,18601.797263,18601.105263,18601.208763,18601.797263,18612.866763,1,NaN,0,8.99999999999999,2,1,65,0.5
562,18614.428763,18613.621764,18613.922263,18614.428763,18619.695763,1,NaN,0,8.99999999999999,2,1,65,0.5
563,18621.692763,18620.896764,18621.012763,18621.639764,18625.511763,0,1.99999999999996,0.0200000000000003,8.99999999999999,2,1,65,0.5
564,18627.346265,18626.628264,18626.769264,18627.293267,18639.157763,1,1.99999999999996,0.0200000000000003,8.00000000000001,1,2,66,0.5
565,18640.931764,18640.215268,18640.326763,18640.878764,18645.720763,0,1.99999999999996,0.0200000000000003,8.99999999999999,2,1,65,0.5
566,18647.845263,18647.074263,18647.241263,18647.845263,18654.017264,1,NaN,0,8.99999999999999,2,1,65,0.5
567,18656.405763,18655.717264,18655.829764,18656.352763,18664.163765,1,1.99999999999996,0.0200000000000003,8.00000000000001,1,2,66,0.5
568,18665.770764,18664.971264,18665.137263,18665.717264,18671.765768,0,1.99999999999996,0.0200000000000003,8.99999999999999,2,1,65,0.5
569,18673.236763,18672.660763,18672.704768,18673.236763,18679.042764,1,NaN,0,8.99999999999999,2,1,65,0.5
570,18681.229263,18680.602763,18680.695263,18681.229263,18696.877762,1,NaN,0,8.99999999999999,2,1,65,0.5
571,18699.290268,18698.586763,18698.744264,18699.237763,18704.845763,0,1.99999999999996,0.0200000000000003,8.99999999999999,2,1,65,0.5
572,18706.819763,18706.251764,18706.380764,18706.819763,18712.209264,1,NaN,0,8.99999999999999,2,1,65,0.5
573,18713.379263,18712.667264,18712.878763,18713.379263,18719.162264,0,NaN,0,8.00000000000001,1,2,66,0.5
574,18721.576263,18720.411763,18720.926763,18721.576263,18722.144763,1,NaN,0,8.99999999999999,2,1,65,0.5
575,18729.581763,18728.907764,18728.995268,18729.581763,18731.844263,1,NaN,0,8.99999999999999,2,1,65,0.5
576,19010.292764,19009.397263,19009.696763,19010.292764,19016.332263,1,NaN,0,8.99999999999999,2,1,65,0.5
577,19020.882263,19018.948763,19019.185763,19020.882263,19068.057263,1,NaN,0,8.99999999999999,2,1,65,0.5
578,19069.566765,19068.630763,19068.706263,19069.514263,19072.879764,0,1.99999999999996,0.0200000000000003,8.99999999999999,2,1,65,0.5
579,19080.493763,19079.697264,19079.948765,19080.493763,19109.035264,1,NaN,0,8.99999999999999,2,1,65,0.5
580,19111.600263,19110.684263,19111.098764,19111.547264,19115.864263,1,1.99999999999996,0.0200000000000003,8.00000000000001,1,2,66,0.5
581,19118.262768,19117.464263,19117.774763,19118.210263,19122.405763,0,1.99999999999996,0.0200000000000003,8.99999999999999,2,1,65,0.5
582,19127.940264,19127.270265,19127.493763,19127.940264,19134.866763,1,NaN,0,8.99999999999999,2,1,65,0.5
583,19136.931263,19136.127763,19136.519263,19136.931263,19142.582763,1,NaN,0,8.99999999999999,2,1,65,0.5
584,19143.822268,19143.171763,19143.378263,19143.822268,19151.895263,0,NaN,0,8.00000000000001,1,2,66,0.5
585,19154.783763,19153.739763,19154.068263,19154.730763,19158.227263,0,1.99999999999996,0.0200000000000003,8.99999999999999,2,1,65,0.5
586,19159.650263,19158.806263,19159.118763,19159.597763,19167.114264,1,1.99999999999996,0.0200000000000003,8.00000000000001,1,2,66,0.5
587,19173.881263,19173.087763,19173.413768,19173.881263,19174.536764,1,NaN,0,8.99999999999999,2,1,65,0.5
588,19182.315763,19181.548268,19181.720763,19182.263263,19187.117763,1,1.99999999999996,0.0200000000000003,8.00000000000001,1,2,66,0.5
589,19189.620763,19188.622263,19188.739263,19189.568263,19193.406263,0,1.99999999999996,0.0200000000000003,8.99999999999999,2,1,65,0.5
590,19195.074764,19194.362763,19194.611263,19195.074764,19200.692764,1,NaN,0,8.99999999999999,2,1,65,0.5
591,19205.945764,19201.361263,19201.553763,19205.945764,19214.548263,1,NaN,0,8.99999999999999,2,1,65,0.5
592,19218.634763,19217.138764,19217.337263,19218.634763,19224.142263,1,NaN,0,8.99999999999999,2,1,65,0.5
593,19225.452265,19224.603768,19224.960763,19225.399264,19229.119763,0,1.99999999999996,0.0200000000000003,8.99999999999999,2,1,65,0.5
594,19230.762263,19230.116763,19230.308263,19230.762263,19232.042264,1,NaN,0,8.99999999999999,2,1,65,0.5
595,19238.068763,19237.173763,19237.491264,19238.016264,19242.083263,0,1.99999999999996,0.0200000000000003,8.99999999999999,2,1,65,0.5
596,19243.653263,19242.927763,19243.164764,19243.653263,19257.042763,1,NaN,0,8.99999999999999,2,1,65,0.5
597,19258.494764,19257.874763,19258.000263,19258.442263,19261.914768,0,1.99999999999996,0.0200000000000003,8.99999999999999,2,1,65,0.5
598,19263.631763,19263.043263,19263.171263,19263.631763,19269.934263,1,NaN,0,8.99999999999999,2,1,65,0.5
599,19271.182764,19270.441758,19270.655763,19271.130263,19275.107763,0,1.99999999999996,0.0200000000000003,8.99999999999999,2,1,65,0.5
600,19277.527264,19276.747764,19277.065763,19277.527264,19282.685263,1,NaN,0,8.99999999999999,2,1,65,0.5
601,19283.915763,19283.207263,19283.411263,19283.862763,19288.945264,0,1.99999999999996,0.0200000000000003,8.99999999999999,2,1,65,0.5
602,19290.463263,19289.702765,19290.005763,19290.463263,19295.829263,1,NaN,0,8.99999999999999,2,1,65,0.5
603,19297.321263,19296.576763,19296.870264,19297.321263,19303.818264,1,NaN,0,8.99999999999999,2,1,65,0.5
604,19305.626764,19304.588263,19305.098764,19305.626764,19313.423763,1,NaN,0,8.99999999999999,2,1,65,0.5
605,19315.079263,19314.320763,19314.560763,19315.079263,19323.329764,1,NaN,0,8.99999999999999,2,1,65,0.5
606,19325.526268,19324.855267,19325.018763,19325.474263,19329.191764,0,1.99999999999996,0.0200000000000003,8.99999999999999,2,1,65,0.5
607,19330.668263,19329.911764,19330.163765,19330.668263,19337.946263,1,NaN,0,8.99999999999999,2,1,65,0.5
608,19339.252764,19338.597267,19338.725268,19339.252764,19344.887263,0,NaN,0,8.00000000000001,1,2,66,0.5
609,19350.549263,19349.712263,19350.049263,19350.496764,19354.856765,1,1.99999999999996,0.0200000000000003,8.00000000000001,1,2,66,0.5
610,19357.055763,19356.298763,19356.445267,19357.055763,19364.475263,0,NaN,0,8.00000000000001,1,2,66,0.5
611,19366.535264,19365.850263,19366.091263,19366.535264,19372.057763,0,NaN,0,8.00000000000001,1,2,66,0.5
612,19373.946263,19372.882763,19373.455263,19373.946263,19379.110264,1,NaN,0,8.99999999999999,2,1,65,0.5
613,19381.607767,19380.950764,19381.032263,19381.607767,19397.039764,1,NaN,0,8.99999999999999,2,1,65,0.5
614,19398.902265,19398.220763,19398.418763,19398.849763,19403.821764,0,1.99999999999996,0.0200000000000003,8.99999999999999,2,1,65,0.5
615,19405.521264,19404.985763,19405.100763,19405.521264,19411.147268,1,NaN,0,8.99999999999999,2,1,65,0.5
616,19413.124764,19412.537768,19412.603763,19413.072263,19417.463264,0,1.99999999999996,0.0200000000000003,8.99999999999999,2,1,65,0.5
617,19419.169763,19418.458764,19418.669763,19419.116763,19684.253763,1,1.99999999999996,0.0200000000000003,8.00000000000001,1,2,66,0.5
618,19686.005264,19685.405763,19685.447265,19686.005264,19690.698263,1,NaN,0,8.99999999999999,2,1,65,0.5
619,19692.784763,19692.091764,19692.336263,19692.784763,19698.938264,1,NaN,0,8.99999999999999,2,1,65,0.5
620,19702.580263,19701.882263,19702.109263,19702.580263,19710.906263,1,NaN,0,8.99999999999999,2,1,65,0.5
621,19712.569264,19711.905263,19712.094763,19712.516763,19716.096763,0,1.99999999999996,0.0200000000000003,8.99999999999999,2,1,65,0.5
622,19717.891263,19717.243763,19717.416263,19717.891263,19729.018263,1,NaN,0,8.99999999999999,2,1,65,0.5
623,19731.476764,19730.749263,19731.016263,19731.476764,19737.144763,1,NaN,0,8.99999999999999,2,1,65,0.5
624,19738.982264,19738.063768,19738.241263,19738.929763,19742.647763,1,1.99999999999996,0.0200000000000003,8.00000000000001,1,2,66,0.5
625,19745.729265,19744.993263,19745.226764,19745.676763,19750.054263,0,1.99999999999996,0.0200000000000003,8.99999999999999,2,1,65,0.5
626,19751.383764,19750.814264,19750.863763,19751.383764,19756.134763,1,NaN,0,8.99999999999999,2,1,65,0.5
627,19758.517263,19757.581264,19758.017763,19758.464264,19763.437764,1,1.99999999999996,0.0200000000000003,8.00000000000001,1,2,66,0.5
628,19764.857264,19764.155763,19764.256763,19764.804263,19768.365763,0,1.99999999999996,0.0200000000000003,8.99999999999999,2,1,65,0.5
629,19769.858263,19769.114763,19769.339263,19769.858263,19776.684264,1,NaN,0,8.99999999999999,2,1,65,0.5
630,19778.381763,19777.551764,19777.829763,19778.329265,19781.995263,0,1.99999999999996,0.0200000000000003,8.99999999999999,2,1,65,0.5
631,19783.447263,19782.695763,19782.944268,19783.447263,19788.492763,1,NaN,0,8.99999999999999,2,1,65,0.5
632,19789.731763,19789.054263,19789.214763,19789.678763,19793.688263,0,1.99999999999996,0.0200000000000003,8.99999999999999,2,1,65,0.5
633,19795.547763,19794.755258,19795.048763,19795.547763,19801.674763,1,NaN,0,8.99999999999999,2,1,65,0.5
634,19802.906263,19802.078263,19802.333763,19802.853263,19806.553263,0,1.99999999999996,0.0200000000000003,8.99999999999999,2,1,65,0.5
635,19808.263263,19807.407264,19807.743263,19808.263263,19814.704263,1,NaN,0,8.99999999999999,2,1,65,0.5
636,19816.315264,19815.411763,19815.547264,19816.262758,19820.231263,0,1.99999999999996,0.0200000000000003,8.99999999999999,2,1,65,0.5
637,19821.918263,19821.068763,19821.354763,19821.865764,19826.130263,1,1.99999999999996,0.0200000000000003,8.00000000000001,1,2,66,0.5
638,19828.129763,19827.489264,19827.530264,19828.129763,19834.124265,0,NaN,0,8.00000000000001,1,2,66,0.5
639,19836.384264,19834.757263,19835.257258,19836.384264,19843.078265,1,NaN,0,8.99999999999999,2,1,65,0.5
640,19844.951263,19844.232263,19844.398763,19844.898263,19849.354764,0,1.99999999999996,0.0200000000000003,8.99999999999999,2,1,65,0.5
641,19850.903263,19850.056763,19850.285263,19850.850263,19859.900764,1,1.99999999999996,0.0200000000000003,8.00000000000001,1,2,66,0.5
642,19861.795763,19860.791764,19860.901763,19861.743263,19866.557264,0,1.99999999999996,0.0200000000000003,8.99999999999999,2,1,65,0.5
643,19868.290764,19867.413263,19867.684263,19868.290764,19875.965263,1,NaN,0,8.99999999999999,2,1,65,0.5
644,19877.804263,19877.072263,19877.310763,19877.804263,19978.125265,1,NaN,0,8.99999999999999,2,1,65,0.5
645,19980.668763,19979.854763,19980.075763,19980.615763,19988.131264,0,1.99999999999996,0.0200000000000003,8.99999999999999,2,1,65,0.5
646,19989.735758,19988.689763,19989.118764,19989.682763,19993.021264,1,1.99999999999996,0.0200000000000003,8.00000000000001,1,2,66,0.5
647,19994.733764,19993.974263,19994.016263,19994.680763,19998.564763,0,1.99999999999996,0.0200000000000003,8.99999999999999,2,1,65,0.5
648,20000.577263,19999.916763,20000.040763,20000.577263,20005.632764,1,NaN,0,8.99999999999999,2,1,65,0.5
649,20006.935763,20006.205263,20006.307765,20006.883263,20011.009263,0,1.99999999999996,0.0200000000000003,8.99999999999999,2,1,65,0.5
650,20012.761263,20012.107763,20012.297263,20012.761263,20019.240763,1,NaN,0,8.99999999999999,2,1,65,0.5
651,20026.374763,20025.276265,20025.397765,20026.374763,20032.833263,1,NaN,0,8.99999999999999,2,1,65,0.5
652,20034.566263,20033.788268,20033.958268,20034.566263,20041.633263,0,NaN,0,8.00000000000001,1,2,66,0.5
653,20044.147263,20043.315263,20043.561764,20044.094763,20051.003763,1,1.99999999999996,0.0200000000000003,8.00000000000001,1,2,66,0.5
654,20052.421263,20051.633263,20051.817263,20052.367767,20058.217263,0,1.99999999999996,0.0200000000000003,8.99999999999999,2,1,65,0.5
655,20059.489263,20058.779263,20058.933763,20059.489263,20065.812264,0,NaN,0,8.00000000000001,1,2,66,0.5
656,20067.800763,20066.788264,20067.018768,20067.748763,20077.40027,1,1.99999999999996,0.0200000000000003,8.00000000000001,1,2,66,0.5
657,20079.307271,20078.584263,20078.638268,20079.307271,20088.878263,0,NaN,0,8.00000000000001,1,2,66,0.5
658,20103.838763,20103.143263,20103.213263,20103.838763,20109.107758,1,NaN,0,8.99999999999999,2,1,65,0.5
659,20110.829263,20110.012263,20110.276264,20110.775763,20114.437263,0,1.99999999999996,0.0200000000000003,8.99999999999999,2,1,65,0.5
660,20116.142263,20115.334263,20115.637763,20116.142263,20199.888263,1,NaN,0,8.99999999999999,2,1,65,0.5
661,20205.224263,20203.935763,20204.033764,20205.171264,20213.682763,1,1.99999999999996,0.0200000000000003,8.00000000000001,1,2,66,0.5
662,20216.790264,20215.197264,20215.261764,20216.790264,20221.066263,0,NaN,0,8.00000000000001,1,2,66,0.5
663,20231.673264,20230.841764,20231.048263,20231.673264,20236.121763,1,NaN,0,8.99999999999999,2,1,65,0.5
664,20237.891263,20237.170764,20237.230263,20237.838763,20241.781267,0,1.99999999999996,0.0200000000000003,8.99999999999999,2,1,65,0.5
665,20243.766263,20242.985263,20243.240763,20243.766263,20250.310764,1,NaN,0,8.99999999999999,2,1,65,0.5
666,20252.458764,20251.719764,20251.777263,20252.405263,20255.811765,0,1.99999999999996,0.0200000000000003,8.99999999999999,2,1,65,0.5
667,20258.133763,20257.376266,20257.697763,20258.133763,20265.582763,1,NaN,0,8.99999999999999,2,1,65,0.5
668,20277.747763,20276.907265,20277.140763,20277.747763,20283.338764,1,NaN,0,8.99999999999999,2,1,65,0.5
669,20284.912267,20284.254764,20284.430263,20284.912267,20290.738263,1,NaN,0,8.99999999999999,2,1,65,0.5
670,20291.900763,20291.232763,20291.385263,20291.900763,20298.285264,0,NaN,0,8.00000000000001,1,2,66,0.5
671,20300.160263,20299.235763,20299.677263,20300.160263,20306.101758,1,NaN,0,8.99999999999999,2,1,65,0.5
672,20307.587764,20306.894264,20307.041263,20307.534763,20311.404763,0,1.99999999999996,0.0200000000000003,8.99999999999999,2,1,65,0.5
673,20314.638265,20313.965263,20314.090265,20314.585264,20319.005263,1,1.99999999999996,0.0200000000000003,8.00000000000001,1,2,66,0.5
674,20321.323764,20320.182763,20320.308764,20321.323764,20326.783263,0,NaN,0,8.00000000000001,1,2,66,0.5
675,20328.277763,20327.494263,20327.782768,20328.277763,20334.164763,1,NaN,0,8.99999999999999,2,1,65,0.5
676,20335.380263,20334.751265,20334.875263,20335.380263,20341.870763,0,NaN,0,8.00000000000001,1,2,66,0.5
677,20343.808763,20342.348263,20343.164263,20343.755764,20351.645763,1,1.99999999999996,0.0200000000000003,8.00000000000001,1,2,66,0.5
678,20353.807763,20352.795765,20353.153763,20353.807763,20359.868263,0,NaN,0,8.00000000000001,1,2,66,0.5
679,20361.217263,20360.463763,20360.602258,20361.217263,20366.957266,0,NaN,0,8.00000000000001,1,2,66,0.5
680,20369.163263,20368.252764,20368.582764,20369.110263,20373.428765,0,1.99999999999996,0.0200000000000003,8.99999999999999,2,1,65,0.5
681,20375.050763,20374.257763,20374.485263,20374.997764,20378.769764,1,1.99999999999996,0.0200000000000003,8.00000000000001,1,2,66,0.5
682,20380.314263,20379.635763,20379.748263,20380.314263,20385.336264,0,NaN,0,8.00000000000001,1,2,66,0.5
683,20386.843264,20385.833763,20386.281763,20386.790764,20395.078263,1,1.99999999999996,0.0200000000000003,8.00000000000001,1,2,66,0.5
684,20397.523263,20396.524263,20396.920265,20397.523263,20405.898263,0,NaN,0,8.00000000000001,1,2,66,0.5
685,20408.634764,20407.619764,20408.010263,20408.581764,20416.849763,1,1.99999999999996,0.0200000000000003,8.00000000000001,1,2,66,0.5
686,20420.458763,20418.517763,20419.040763,20420.405263,20426.368265,0,1.99999999999996,0.0200000000000003,8.99999999999999,2,1,65,0.5
687,20427.783764,20427.065763,20427.200263,20427.783764,20434.390764,1,NaN,0,8.99999999999999,2,1,65,0.5
688,20435.863763,20435.170264,20435.290263,20435.863763,20440.100264,0,NaN,0,8.00000000000001,1,2,66,0.5
689,20441.916263,20441.097767,20441.286764,20441.863763,20446.069264,0,1.99999999999996,0.0200000000000003,8.99999999999999,2,1,65,0.5
690,20448.150263,20447.328263,20447.545768,20448.097763,20456.360763,1,1.99999999999996,0.0200000000000003,8.00000000000001,1,2,66,0.5
691,20458.713264,20457.843763,20458.109264,20458.660763,20462.699263,0,1.99999999999996,0.0200000000000003,8.99999999999999,2,1,65,0.5
692,20464.769763,20464.050263,20464.234268,20464.769763,20469.635763,1,NaN,0,8.99999999999999,2,1,65,0.5
693,20472.612763,20471.497763,20471.993264,20472.559763,20476.868763,1,1.99999999999996,0.0200000000000003,8.00000000000001,1,2,66,0.5
694,20478.820264,20478.000764,20478.174266,20478.767264,20482.524764,0,1.99999999999996,0.0200000000000003,8.99999999999999,2,1,65,0.5
695,20483.988263,20483.277764,20483.461763,20483.988263,20490.178766,1,NaN,0,8.99999999999999,2,1,65,0.5
696,20493.284767,20492.454265,20492.603763,20493.284767,20497.233263,1,NaN,0,8.99999999999999,2,1,65,0.5
697,20503.660263,20502.831263,20503.092263,20503.660263,20576.245263,1,NaN,0,8.99999999999999,2,1,65,0.5
698,20590.325763,20589.487763,20589.784763,20590.325763,20604.537764,1,NaN,0,8.99999999999999,2,1,65,0.5
699,20607.315263,20606.599763,20606.828763,20607.315263,20612.180265,1,NaN,0,8.99999999999999,2,1,65,0.5
700,20613.754264,20612.947763,20613.211763,20613.754264,20618.399263,1,NaN,0,8.99999999999999,2,1,65,0.5
701,20620.129263,20619.454265,20619.718263,20620.129263,20625.178767,1,NaN,0,8.99999999999999,2,1,65,0.5
702,20629.033263,20628.257263,20628.588763,20629.033263,20635.433763,1,NaN,0,8.99999999999999,2,1,65,0.5
703,20637.513764,20636.417766,20636.991764,20637.460766,20641.931763,1,1.99999999999996,0.0200000000000003,8.00000000000001,1,2,66,0.5
704,20644.984763,20643.684763,20643.949765,20644.932763,20647.926763,0,1.99999999999996,0.0200000000000003,8.99999999999999,2,1,65,0.5
705,20650.701763,20649.983263,20650.203763,20650.701763,20656.949765,1,NaN,0,8.99999999999999,2,1,65,0.5
706,20658.363763,20657.629263,20657.899763,20658.363763,20663.877763,1,NaN,0,8.99999999999999,2,1,65,0.5
707,20665.460763,20664.655763,20664.817263,20665.407763,20669.421764,0,1.99999999999996,0.0200000000000003,8.99999999999999,2,1,65,0.5
708,20672.684263,20671.655263,20671.909267,20672.631763,20680.999763,1,1.99999999999996,0.0200000000000003,8.00000000000001,1,2,66,0.5
709,20682.822263,20681.966763,20682.306265,20682.822263,20688.941263,1,NaN,0,8.99999999999999,2,1,65,0.5
710,20702.703263,20690.171763,20690.365763,NaN,20713.659268,NaN,NaN,0,8.99999999999999,2,1,65,0.5
711,20716.027764,20715.090268,20715.470767,20715.975263,20720.238764,1,1.99999999999996,0.0200000000000003,8.00000000000001,1,2,66,0.5
712,20722.266763,20721.278763,20721.643763,20722.213763,20726.330263,0,1.99999999999996,0.0200000000000003,8.99999999999999,2,1,65,0.5
713,20728.310764,20727.496265,20727.772263,20728.310764,20733.620763,1,NaN,0,8.99999999999999,2,1,65,0.5
714,20735.986263,20734.913763,20735.441263,20735.933763,20742.041264,1,1.99999999999996,0.0200000000000003,8.00000000000001,1,2,66,0.5
715,20745.126763,20744.249268,20744.544763,20745.126763,20750.613763,1,NaN,0,8.99999999999999,2,1,65,0.5
716,20752.236763,20751.103268,20751.745764,20752.183763,20874.103763,1,1.99999999999996,0.0200000000000003,8.00000000000001,1,2,66,0.5
717,20909.080263,20908.292268,20908.497764,20909.080263,21195.670763,1,NaN,0,8.99999999999999,2,1,65,0.5
718,21198.388263,21197.348265,21197.673263,21198.388263,21204.307768,1,NaN,0,8.99999999999999,2,1,65,0.5
719,21210.465763,21208.581764,21209.149763,21210.465763,21220.279264,0,NaN,0,8.00000000000001,1,2,66,0.5
720,21223.684763,21222.567763,21223.013765,21223.631763,21227.727263,1,1.99999999999996,0.0200000000000003,8.00000000000001,1,2,66,0.5
721,21232.176263,21231.462263,21231.567768,21232.176263,21238.285764,1,NaN,0,8.99999999999999,2,1,65,0.5
722,21239.639768,21238.890764,21239.174763,21239.639768,21300.600263,1,NaN,0,8.99999999999999,2,1,65,0.5
723,21303.871263,21303.168763,21303.394763,21303.871263,21308.673763,1,NaN,0,8.99999999999999,2,1,65,0.5
724,21310.117763,21309.274264,21309.482763,21310.065263,21313.395763,0,1.99999999999996,0.0200000000000003,8.99999999999999,2,1,65,0.5
725,21324.138261,21323.350763,21323.540764,21324.138261,21329.096763,1,NaN,0,8.99999999999999,2,1,65,0.5
726,21333.954764,21332.808263,21333.155264,21333.901763,21337.740763,0,1.99999999999996,0.0200000000000003,8.99999999999999,2,1,65,0.5
727,21339.322763,21338.571263,21338.799763,21339.322763,21346.662263,1,NaN,0,8.99999999999999,2,1,65,0.5
728,21347.966763,21347.306763,21347.409264,21347.913763,21353.142763,0,1.99999999999996,0.0200000000000003,8.99999999999999,2,1,65,0.5
729,21355.096263,21354.401763,21354.617763,21355.096263,21364.751268,1,NaN,0,8.99999999999999,2,1,65,0.5
730,21375.584263,21374.870263,21374.922263,21375.531764,21379.111263,0,1.99999999999996,0.0200000000000003,8.99999999999999,2,1,65,0.5
731,21380.991268,21380.197264,21380.506763,21380.991268,21390.724763,1,NaN,0,8.99999999999999,2,1,65,0.5
732,21392.115764,21391.437764,21391.531263,21392.062763,21396.163258,0,1.99999999999996,0.0200000000000003,8.99999999999999,2,1,65,0.5
733,21398.045763,21397.317263,21397.528763,21398.045763,21513.657263,1,NaN,0,8.99999999999999,2,1,65,0.5
734,21516.796263,21515.867764,21516.147263,21516.796263,21526.945763,1,NaN,0,8.99999999999999,2,1,65,0.5
735,21531.986763,21531.133263,21531.277264,21531.933763,21540.759763,0,1.99999999999996,0.0200000000000003,8.99999999999999,2,1,65,0.5
736,21543.023268,21542.102768,21542.263768,21542.970263,21546.938263,1,1.99999999999996,0.0200000000000003,8.00000000000001,1,2,66,0.5
737,21548.423768,21547.673268,21547.742763,21548.370764,21551.219263,0,1.99999999999996,0.0200000000000003,8.99999999999999,2,1,65,0.5
738,21553.183763,21552.194763,21552.600263,21553.130764,21559.905763,1,1.99999999999996,0.0200000000000003,8.00000000000001,1,2,66,0.5
739,21561.733768,21560.683264,21561.056763,21561.680763,21567.044763,1,1.99999999999996,0.0200000000000003,8.00000000000001,1,2,66,0.5
740,21569.108264,21568.325763,21568.504764,21569.055263,21575.024264,1,1.99999999999996,0.0200000000000003,8.00000000000001,1,2,66,0.5
741,21577.222264,21576.569258,21576.721763,21577.222264,21582.108763,1,NaN,0,8.99999999999999,2,1,65,0.5
742,21583.839263,21582.852763,21583.236263,21583.786264,21592.326263,1,1.99999999999996,0.0200000000000003,8.00000000000001,1,2,66,0.5
743,21593.614763,21592.846764,21593.139264,21593.614763,21598.620763,1,NaN,0,8.99999999999999,2,1,65,0.5
744,21600.147764,21599.389265,21599.642763,21600.147764,21606.856763,1,NaN,0,8.99999999999999,2,1,65,0.5
745,21608.630263,21607.746265,21608.144263,21608.630263,21616.002268,1,NaN,0,8.99999999999999,2,1,65,0.5
746,21617.410763,21616.653265,21616.884263,21617.358265,21621.662763,0,1.99999999999996,0.0200000000000003,8.99999999999999,2,1,65,0.5
747,21623.684763,21622.688764,21623.052763,21623.632263,21626.877264,1,1.99999999999996,0.0200000000000003,8.00000000000001,1,2,66,0.5
748,21628.621765,21627.907763,21628.113763,21628.621765,21643.251263,1,NaN,0,8.99999999999999,2,1,65,0.5
749,21644.775764,21643.889763,21644.152263,21644.775764,21649.936764,1,NaN,0,8.99999999999999,2,1,65,0.5
750,21652.100263,21651.156263,21651.337266,21652.100263,21658.609265,1,NaN,0,8.99999999999999,2,1,65,0.5
751,21660.173263,21659.102263,21659.680763,21660.119764,21666.032764,1,1.99999999999996,0.0200000000000003,8.00000000000001,1,2,66,0.5
752,21667.789765,21666.884263,21667.132763,21667.736765,21671.821763,0,1.99999999999996,0.0200000000000003,8.99999999999999,2,1,65,0.5
753,21673.824764,21672.662767,21673.271263,21673.824764,21678.715763,1,NaN,0,8.99999999999999,2,1,65,0.5
754,21680.202265,21679.307763,21679.601764,21680.149765,21684.596766,0,1.99999999999996,0.0200000000000003,8.99999999999999,2,1,65,0.5
755,21687.292263,21686.383763,21686.625763,21687.239263,21693.092263,1,1.99999999999996,0.0200000000000003,8.00000000000001,1,2,66,0.5
756,21694.942764,21694.033763,21694.219765,21694.890263,21699.082265,0,1.99999999999996,0.0200000000000003,8.99999999999999,2,1,65,0.5
757,21700.995264,21700.223263,21700.410263,21700.941763,21706.323264,1,1.99999999999996,0.0200000000000003,8.00000000000001,1,2,66,0.5
758,21709.643763,21708.120763,21708.444767,21709.590763,21712.843763,1,1.99999999999996,0.0200000000000003,8.00000000000001,1,2,66,0.5
759,21714.255263,21713.582263,21713.743264,21714.202263,21719.467764,1,1.99999999999996,0.0200000000000003,8.00000000000001,1,2,66,0.5
760,21720.945767,21720.320263,21720.433264,21720.945767,21730.537763,1,NaN,0,8.99999999999999,2,1,65,0.5
761,21732.313763,21731.332763,21731.761263,21732.313763,21739.397763,1,NaN,0,8.99999999999999,2,1,65,0.5
762,21741.213763,21740.428763,21740.553263,21741.213763,21747.806764,1,NaN,0,8.99999999999999,2,1,65,0.5
763,21749.660263,21748.775768,21749.175768,21749.660263,21755.739763,1,NaN,0,8.99999999999999,2,1,65,0.5
764,21758.344263,21757.656763,21757.941263,21758.344263,21765.049263,1,NaN,0,8.99999999999999,2,1,65,0.5
765,21766.973763,21766.179765,21766.404763,21766.973763,21772.291264,1,NaN,0,8.99999999999999,2,1,65,0.5
766,21773.719263,21772.738765,21773.108263,21773.666263,21777.475763,0,1.99999999999996,0.0200000000000003,8.99999999999999,2,1,65,0.5
767,21779.539764,21778.512763,21778.910763,21779.486768,21785.511763,1,1.99999999999996,0.0200000000000003,8.00000000000001,1,2,66,0.5
768,21788.320763,21787.308763,21787.749763,21788.320763,21794.206765,0,NaN,0,8.00000000000001,1,2,66,0.5
769,21796.350266,21795.177267,21795.189263,21796.350266,21802.816263,1,NaN,0,8.99999999999999,2,1,65,0.5
770,21805.217764,21804.544263,21804.579263,21805.164764,21812.110766,1,1.99999999999996,0.0200000000000003,8.00000000000001,1,2,66,0.5
771,21813.527264,21812.712763,21813.032763,21813.527264,21818.875263,1,NaN,0,8.99999999999999,2,1,65,0.5
772,21820.215763,21819.346263,21819.647264,21820.163264,21823.974264,0,1.99999999999996,0.0200000000000003,8.99999999999999,2,1,65,0.5
773,21825.843763,21824.751763,21825.290263,21825.843763,21830.742263,1,NaN,0,8.99999999999999,2,1,65,0.5
774,21832.580763,21831.405263,21831.971263,21832.580763,21837.943263,0,NaN,0,8.00000000000001,1,2,66,0.5
775,21839.917768,21838.454263,21839.343763,21839.865264,21845.607763,1,1.99999999999996,0.0200000000000003,8.00000000000001,1,2,66,0.5
776,21847.482764,21846.736263,21847.055263,21847.482764,21852.012763,1,NaN,0,8.99999999999999,2,1,65,0.5
777,21854.202763,21853.161263,21853.618263,21854.149763,21859.841263,0,1.99999999999996,0.0200000000000003,8.99999999999999,2,1,65,0.5
778,21861.396263,21860.471763,21860.830263,21861.343763,21868.420263,1,1.99999999999996,0.0200000000000003,8.00000000000001,1,2,66,0.5
779,21870.802263,21869.870267,21870.107758,21870.749763,21875.225263,0,1.99999999999996,0.0200000000000003,8.99999999999999,2,1,65,0.5
780,21876.823263,21876.029263,21876.256263,21876.823263,21884.085263,1,NaN,0,8.99999999999999,2,1,65,0.5
781,21885.996764,21884.985263,21885.413763,21885.996764,21890.981763,1,NaN,0,8.99999999999999,2,1,65,0.5
782,21892.572265,21891.578263,21891.919264,21892.519263,21897.706763,0,1.99999999999996,0.0200000000000003,8.99999999999999,2,1,65,0.5
783,21899.391263,21898.617264,21898.893263,21899.391263,21905.520763,1,NaN,0,8.99999999999999,2,1,65,0.5
784,21907.330264,21906.363764,21906.750765,21907.276763,21911.752263,0,1.99999999999996,0.0200000000000003,8.99999999999999,2,1,65,0.5
785,21914.199768,21913.363264,21913.542263,21914.146765,21919.217264,1,1.99999999999996,0.0200000000000003,8.00000000000001,1,2,66,0.5
786,21920.783763,21919.993263,21920.217763,21920.783763,21926.501263,1,NaN,0,8.99999999999999,2,1,65,0.5
787,21927.812763,21927.019768,21927.269764,21927.759768,21932.074763,0,1.99999999999996,0.0200000000000003,8.99999999999999,2,1,65,0.5
788,21935.325764,21934.184763,21934.699265,21935.273264,21940.697263,1,1.99999999999996,0.0200000000000003,8.00000000000001,1,2,66,0.5
789,21942.192263,21941.342263,21941.589263,21942.139763,21946.491763,0,1.99999999999996,0.0200000000000003,8.99999999999999,2,1,65,0.5
790,21951.002265,21950.148763,21950.470263,21951.002265,21956.389767,1,NaN,0,8.99999999999999,2,1,65,0.5
791,21957.811763,21956.890768,21957.263763,21957.811763,21964.126264,0,NaN,0,8.00000000000001,1,2,66,0.5
792,21965.515763,21964.649263,21964.897764,21965.515763,21971.021763,0,NaN,0,8.00000000000001,1,2,66,0.5
793,21972.913763,21971.622764,21972.144263,21972.913763,21981.011263,1,NaN,0,8.99999999999999,2,1,65,0.5
794,21982.502263,21981.543263,21981.959263,21982.449763,21987.140768,1,1.99999999999996,0.0200000000000003,8.00000000000001,1,2,66,0.5
795,21989.688263,21988.776263,21988.987263,21989.636263,21993.302763,0,1.99999999999996,0.0200000000000003,8.99999999999999,2,1,65,0.5
796,21996.228763,21995.194263,21995.486763,21996.228763,22003.073263,1,NaN,0,8.99999999999999,2,1,65,0.5
797,22004.780263,22003.621264,22004.146263,22004.727263,22010.590763,1,1.99999999999996,0.0200000000000003,8.00000000000001,1,2,66,0.5
798,22012.128263,22011.439263,22011.648263,22012.128263,22018.363268,1,NaN,0,8.99999999999999,2,1,65,0.5
799,22019.645265,22018.806763,22019.031763,22019.593263,22024.202764,0,1.99999999999996,0.0200000000000003,8.99999999999999,2,1,65,0.5
800,22025.760262,22024.810263,22025.044263,22025.760262,22032.332265,1,NaN,0,8.99999999999999,2,1,65,0.5
801,22033.738264,22032.828763,22033.180258,22033.684764,22037.693764,0,1.99999999999996,0.0200000000000003,8.99999999999999,2,1,65,0.5
802,22039.425764,22038.394263,22038.790263,22039.372763,22045.631268,1,1.99999999999996,0.0200000000000003,8.00000000000001,1,2,66,0.5
803,22047.167263,22046.166763,22046.433263,22047.114263,22050.766766,0,1.99999999999996,0.0200000000000003,8.99999999999999,2,1,65,0.5
804,22052.375764,22051.520764,22051.717263,22052.323263,22056.214764,1,1.99999999999996,0.0200000000000003,8.00000000000001,1,2,66,0.5
805,22058.022763,22057.138763,22057.399263,22057.969763,22062.221767,0,1.99999999999996,0.0200000000000003,8.99999999999999,2,1,65,0.5
806,22065.264263,22063.283266,22063.531763,22065.264263,22071.574264,1,NaN,0,8.99999999999999,2,1,65,0.5
807,22073.389763,22072.251764,22072.711264,22073.337763,22077.235763,1,1.99999999999996,0.0200000000000003,8.00000000000001,1,2,66,0.5
808,22078.659763,22077.879763,22078.115264,22078.659763,22083.960763,1,NaN,0,8.99999999999999,2,1,65,0.5
809,22085.398763,22084.499263,22084.802263,22085.345764,22090.454764,0,1.99999999999996,0.0200000000000003,8.99999999999999,2,1,65,0.5
810,22092.183268,22091.205763,22091.534263,22092.129763,22096.897763,1,1.99999999999996,0.0200000000000003,8.00000000000001,1,2,66,0.5
811,22098.591263,22097.861758,22098.043763,22098.591263,22105.002268,1,NaN,0,8.99999999999999,2,1,65,0.5
812,22106.357763,22105.659263,22105.786264,22106.357763,22111.556263,0,NaN,0,8.00000000000001,1,2,66,0.5
813,22113.221764,22112.028263,22112.557764,22113.168263,22118.667763,1,1.99999999999996,0.0200000000000003,8.00000000000001,1,2,66,0.5
814,22120.189258,22119.341263,22119.664766,22120.189258,22126.101764,1,NaN,0,8.99999999999999,2,1,65,0.5
815,22127.802264,22126.629763,22127.194264,22127.802264,22134.185265,1,NaN,0,8.99999999999999,2,1,65,0.5
816,22135.941264,22135.101763,22135.380763,22135.888765,22140.592763,1,1.99999999999996,0.0200000000000003,8.00000000000001,1,2,66,0.5
817,22142.273263,22141.468263,22141.711258,22142.273263,22147.596763,1,NaN,0,8.99999999999999,2,1,65,0.5
818,22149.025765,22148.034764,22148.526763,22149.025765,22153.275264,1,NaN,0,8.99999999999999,2,1,65,0.5
819,22155.208263,22154.531763,22154.622763,22155.155763,22161.746263,1,1.99999999999996,0.0200000000000003,8.00000000000001,1,2,66,0.5
820,22164.070763,22163.144258,22163.393268,22164.018263,22168.131263,0,1.99999999999996,0.0200000000000003,8.99999999999999,2,1,65,0.5
821,22169.563263,22168.786763,22168.982263,22169.563263,22175.209764,1,NaN,0,8.99999999999999,2,1,65,0.5
822,22177.796263,22176.251763,22176.901265,22177.796263,22184.492763,0,NaN,0,8.00000000000001,1,2,66,0.5
823,22186.128264,22184.964263,22185.563763,22186.128264,22196.754263,1,NaN,0,8.99999999999999,2,1,65,0.5
824,22198.313264,22197.496264,22197.796764,22198.313264,22203.225763,1,NaN,0,8.99999999999999,2,1,65,0.5
825,22205.142263,22204.104764,22204.600263,22205.089264,22209.600763,1,1.99999999999996,0.0200000000000003,8.00000000000001,1,2,66,0.5
826,22210.899758,22210.142763,22210.375263,22210.899758,22217.673263,1,NaN,0,8.99999999999999,2,1,65,0.5
827,22219.180264,22218.118264,22218.669263,22219.180264,22223.822263,1,NaN,0,8.99999999999999,2,1,65,0.5
828,22236.778763,22235.883264,22236.228763,22236.778763,22240.791764,1,NaN,0,8.99999999999999,2,1,65,0.5
829,22281.514264,22279.966264,22280.406764,22281.514264,22289.600263,1,NaN,0,8.99999999999999,2,1,65,0.5
830,22294.948263,22294.160263,22294.476265,22294.948263,22300.271758,1,NaN,0,8.99999999999999,2,1,65,0.5
831,22302.568763,22301.471263,22301.948763,22302.568763,22310.065264,1,NaN,0,8.99999999999999,2,1,65,0.5
832,22312.660263,22311.912263,22312.239263,22312.660263,22316.299763,1,NaN,0,8.99999999999999,2,1,65,0.5
833,22320.309763,22319.396763,22319.859263,22320.309763,22326.531763,1,NaN,0,8.99999999999999,2,1,65,0.5
834,22328.450758,22327.620264,22327.912763,22328.397268,22331.653764,0,1.99999999999996,0.0200000000000003,8.99999999999999,2,1,65,0.5
835,22333.530264,22332.574764,22333.058763,22333.530264,22344.015758,1,NaN,0,8.99999999999999,2,1,65,0.5
836,22346.517263,22345.231263,22345.891264,22346.464763,22351.061263,1,1.99999999999996,0.0200000000000003,8.00000000000001,1,2,66,0.5
837,22353.175264,22352.278263,22352.595758,22353.122264,22357.059263,0,1.99999999999996,0.0200000000000003,8.99999999999999,2,1,65,0.5
838,22358.985758,22358.292264,22358.511264,22358.985758,22363.488263,1,NaN,0,8.99999999999999,2,1,65,0.5
839,22365.879264,22364.932764,22365.300764,22365.826268,22368.584763,1,1.99999999999996,0.0200000000000003,8.00000000000001,1,2,66,0.5
840,22370.061263,22369.207763,22369.573763,22370.061263,22375.984763,1,NaN,0,8.99999999999999,2,1,65,0.5
841,22379.980263,22378.845763,22379.248763,22379.926763,22384.826763,1,1.99999999999996,0.0200000000000003,8.00000000000001,1,2,66,0.5
842,22396.922264,22395.013764,22395.209763,22396.869263,22406.293264,0,1.99999999999996,0.0200000000000003,8.99999999999999,2,1,65,0.5
843,22407.991763,22407.053764,22407.391763,22407.991763,22412.723763,1,NaN,0,8.99999999999999,2,1,65,0.5
844,22415.022264,22413.831763,22414.397764,22414.969264,22419.574263,1,1.99999999999996,0.0200000000000003,8.00000000000001,1,2,66,0.5
845,22421.319263,22420.558264,22420.688765,22421.319263,22427.585264,0,NaN,0,8.00000000000001,1,2,66,0.5
846,22429.113263,22428.074763,22428.478763,22429.061263,22434.401263,1,1.99999999999996,0.0200000000000003,8.00000000000001,1,2,66,0.5
847,22435.979763,22435.029263,22435.296763,22435.927263,22440.376766,1,1.99999999999996,0.0200000000000003,8.00000000000001,1,2,66,0.5
848,22441.928764,22441.106263,22441.314264,22441.928764,22447.899268,1,NaN,0,8.99999999999999,2,1,65,0.5
849,22449.335264,22448.458765,22448.806263,22449.335264,22454.492263,1,NaN,0,8.99999999999999,2,1,65,0.5
850,22456.016764,22455.205763,22455.403263,22455.964263,22459.216763,0,1.99999999999996,0.0200000000000003,8.99999999999999,2,1,65,0.5
851,22461.611764,22460.704263,22461.017768,22461.611764,22466.553763,1,NaN,0,8.99999999999999,2,1,65,0.5
852,22468.866263,22467.800763,22468.369263,22468.866263,22474.047263,1,NaN,0,8.99999999999999,2,1,65,0.5
853,22475.769768,22475.163263,22475.184763,22475.716764,22886.065263,0,1.99999999999996,0.0200000000000003,8.99999999999999,2,1,65,0.5
854,22889.443763,22887.945263,22888.378763,22889.390764,22897.232763,1,1.99999999999996,0.0200000000000003,8.00000000000001,1,2,66,0.5
855,22898.768263,22898.000263,22898.239764,22898.768263,22903.457267,1,NaN,0,8.99999999999999,2,1,65,0.5
856,22905.118763,22904.288763,22904.626268,22905.118763,22911.005263,1,NaN,0,8.99999999999999,2,1,65,0.5
857,22912.920763,22911.756763,22912.289763,22912.920763,22918.982263,1,NaN,0,8.99999999999999,2,1,65,0.5
858,22921.540263,22920.741764,22921.105258,22921.540263,22927.321763,1,NaN,0,8.99999999999999,2,1,65,0.5
859,22930.237763,22929.074264,22929.610263,22930.184764,22933.353263,1,1.99999999999996,0.0200000000000003,8.00000000000001,1,2,66,0.5
860,22934.912764,22934.013264,22934.267768,22934.859764,22938.140263,1,1.99999999999996,0.0200000000000003,8.00000000000001,1,2,66,0.5
861,22940.884765,22940.152263,22940.313263,22940.831764,22944.793263,0,1.99999999999996,0.0200000000000003,8.99999999999999,2,1,65,0.5
862,22946.666764,22945.790265,22946.139763,22946.666764,22951.606263,1,NaN,0,8.99999999999999,2,1,65,0.5
863,22953.530763,22952.745764,22953.036263,22953.530763,22958.479763,1,NaN,0,8.99999999999999,2,1,65,0.5
864,22960.233263,22959.191263,22959.634264,22960.180263,22962.518268,1,1.99999999999996,0.0200000000000003,8.00000000000001,1,2,66,0.5
865,22964.042263,22963.127268,22963.518764,22963.990263,22968.412764,1,1.99999999999996,0.0200000000000003,8.00000000000001,1,2,66,0.5
866,22970.798763,22969.985263,22970.348264,22970.798763,22976.759763,1,NaN,0,8.99999999999999,2,1,65,0.5
867,22978.621763,22977.416763,22978.023263,22978.569264,22985.204263,0,1.99999999999996,0.0200000000000003,8.99999999999999,2,1,65,0.5
868,22988.403266,22987.601264,22987.903763,22988.403266,22998.122763,1,NaN,0,8.99999999999999,2,1,65,0.5
869,22999.589763,22998.736763,22999.116763,22999.589763,23005.847763,1,NaN,0,8.99999999999999,2,1,65,0.5
870,23007.468263,23006.373264,23006.896264,23007.415763,23012.015763,1,1.99999999999996,0.0200000000000003,8.00000000000001,1,2,66,0.5
871,23013.449263,23012.595263,23012.985764,23013.449263,23019.563763,1,NaN,0,8.99999999999999,2,1,65,0.5
872,23021.015265,23020.051264,23020.501263,23020.962763,23023.696763,0,1.99999999999996,0.0200000000000003,8.99999999999999,2,1,65,0.5
873,23025.703263,23024.647768,23025.142263,23025.650763,23029.908764,1,1.99999999999996,0.0200000000000003,8.00000000000001,1,2,66,0.5
874,23031.381763,23030.519263,23030.764763,23031.328763,23035.444763,0,1.99999999999996,0.0200000000000003,8.99999999999999,2,1,65,0.5
875,23037.457763,23036.313263,23036.825763,23037.404764,23043.458763,1,1.99999999999996,0.0200000000000003,8.00000000000001,1,2,66,0.5
876,23045.248763,23044.489764,23044.571263,23045.195763,23049.580763,0,1.99999999999996,0.0200000000000003,8.99999999999999,2,1,65,0.5
877,23051.393764,23050.369763,23050.852763,23051.393764,23053.690267,1,NaN,0,8.99999999999999,2,1,65,0.5
878,23058.412264,23057.066265,23057.764263,23058.358764,23064.548261,1,1.99999999999996,0.0200000000000003,8.00000000000001,1,2,66,0.5
879,23066.660265,23065.485263,23065.980263,23066.607763,23070.597265,1,1.99999999999996,0.0200000000000003,8.00000000000001,1,2,66,0.5
880,23072.011764,23071.216768,23071.446263,23071.958763,23077.395263,0,1.99999999999996,0.0200000000000003,8.99999999999999,2,1,65,0.5
881,23078.920763,23078.080763,23078.308263,23078.920763,23085.471263,1,NaN,0,8.99999999999999,2,1,65,0.5
882,23086.890263,23085.965263,23086.263263,23086.837763,23093.152763,0,1.99999999999996,0.0200000000000003,8.99999999999999,2,1,65,0.5
883,23095.378763,23094.480264,23094.724765,23095.378763,23100.154263,1,NaN,0,8.99999999999999,2,1,65,0.5
884,23101.901263,23101.180765,23101.293763,23101.901263,23104.623763,1,NaN,0,8.99999999999999,2,1,65,0.5
885,23167.178764,23154.647264,23155.117265,NaN,NaN,NaN,NaN,0,8.99999999999999,2,1,65,0.5
886,23180.347763,23179.109763,23179.632263,23180.347763,23195.644264,1,NaN,0,8.99999999999999,2,1,65,0.5
887,23198.070763,23197.180263,23197.435763,23198.070763,23204.059263,1,NaN,0,8.99999999999999,2,1,65,0.5
888,23206.512764,23205.678763,23206.022763,23206.512764,23208.864763,1,NaN,0,8.99999999999999,2,1,65,0.5
889,23213.772263,23212.953763,23213.264768,23213.772263,23215.690265,1,NaN,0,8.99999999999999,2,1,65,0.5
890,23220.665265,23219.597763,23220.138763,23220.612763,23223.736263,0,1.99999999999996,0.0200000000000003,8.99999999999999,2,1,65,0.5
891,23228.694764,23227.372768,23227.733763,23228.641768,23231.762763,1,1.99999999999996,0.0200000000000003,8.00000000000001,1,2,66,0.5
892,23233.895263,23233.072264,23233.425263,23233.895263,23237.022763,1,NaN,0,8.99999999999999,2,1,65,0.5
893,23241.262263,23240.161264,23240.740263,23241.209263,23248.358264,0,1.99999999999996,0.0200000000000003,8.99999999999999,2,1,65,0.5
894,23253.599264,23252.453763,23252.798263,23253.599264,23258.937763,1,NaN,0,8.99999999999999,2,1,65,0.5
895,23262.496763,23261.545765,23261.936763,23262.444263,23267.159263,1,1.99999999999996,0.0200000000000003,8.00000000000001,1,2,66,0.5
896,23269.649763,23268.710263,23269.127263,23269.596763,23274.128263,0,1.99999999999996,0.0200000000000003,8.99999999999999,2,1,65,0.5
897,23275.65126,23274.821763,23275.148263,23275.65126,23280.403263,1,NaN,0,8.99999999999999,2,1,65,0.5
898,23282.959764,23282.128263,23282.518263,23282.959764,23286.924764,1,NaN,0,8.99999999999999,2,1,65,0.5
899,23289.560263,23288.532268,23288.939763,23289.507763,23293.884263,1,1.99999999999996,0.0200000000000003,8.00000000000001,1,2,66,0.5
900,23296.764263,23294.449263,23294.798263,23296.711763,23301.403263,1,1.99999999999996,0.0200000000000003,8.00000000000001,1,2,66,0.5
901,23302.958263,23302.142763,23302.289263,23302.958263,23308.678764,1,NaN,0,8.99999999999999,2,1,65,0.5
902,23310.211263,23309.316763,23309.738263,23310.211263,23314.980763,1,NaN,0,8.99999999999999,2,1,65,0.5
903,23316.553764,23315.677264,23315.945763,23316.500763,23320.574264,0,1.99999999999996,0.0200000000000003,8.99999999999999,2,1,65,0.5
904,23322.275263,23321.223763,23321.708764,23322.275263,23329.042763,1,NaN,0,8.99999999999999,2,1,65,0.5
905,23330.665264,23329.889763,23330.201765,23330.665264,23335.385263,1,NaN,0,8.99999999999999,2,1,65,0.5
906,23354.937264,23353.525264,23353.563764,23354.884763,23358.960263,1,1.99999999999996,0.0200000000000003,8.00000000000001,1,2,66,0.5
907,23361.741266,23360.882763,23361.168763,23361.688766,23367.844265,0,1.99999999999996,0.0200000000000003,8.99999999999999,2,1,65,0.5
908,23371.292764,23369.866763,23370.397763,23371.240763,23376.909763,1,1.99999999999996,0.0200000000000003,8.00000000000001,1,2,66,0.5
909,23379.015764,23378.110263,23378.318263,23378.963258,23639.469763,0,1.99999999999996,0.0200000000000003,8.99999999999999,2,1,65,0.5
910,23642.655264,23641.618763,23642.042764,23642.655264,23684.117263,1,NaN,0,8.99999999999999,2,1,65,0.5
911,23685.526763,23684.649264,23685.021763,23685.526763,23691.483263,1,NaN,0,8.99999999999999,2,1,65,0.5
912,23693.416766,23691.971763,23692.743263,23693.364264,23695.922263,1,1.99999999999996,0.0200000000000003,8.00000000000001,1,2,66,0.5
913,23698.735264,23697.819264,23698.202268,23698.682263,23702.775763,0,1.99999999999996,0.0200000000000003,8.99999999999999,2,1,65,0.5
914,23706.286763,23705.207263,23705.466263,23706.286763,23728.277263,1,NaN,0,8.99999999999999,2,1,65,0.5
915,23729.827764,23729.122263,23729.222264,23729.775763,23771.695263,0,1.99999999999996,0.0200000000000003,8.99999999999999,2,1,65,0.5
916,23774.103763,23773.032264,23773.284263,23774.103763,23779.348258,1,NaN,0,8.99999999999999,2,1,65,0.5
917,23781.419764,23780.573265,23780.841263,23781.419764,23785.301263,1,NaN,0,8.99999999999999,2,1,65,0.5
918,23790.339263,23789.561763,23789.829767,23790.339263,23795.858263,1,NaN,0,8.99999999999999,2,1,65,0.5
919,23797.492767,23796.482264,23796.975764,23797.492767,23801.949763,1,NaN,0,8.99999999999999,2,1,65,0.5
920,23804.973763,23803.661263,23804.006763,23804.920763,23812.378763,0,1.99999999999996,0.0200000000000003,8.99999999999999,2,1,65,0.5
921,23814.372263,23813.431768,23813.897764,23814.372263,23819.102264,1,NaN,0,8.99999999999999,2,1,65,0.5
922,23824.215263,23823.079263,23823.548763,23824.162764,23829.709264,1,1.99999999999996,0.0200000000000003,8.00000000000001,1,2,66,0.5
923,23831.556264,23830.469263,23830.971764,23831.503763,23836.348763,1,1.99999999999996,0.0200000000000003,8.00000000000001,1,2,66,0.5
924,23838.112768,23837.202263,23837.481767,23838.060758,23841.200763,0,1.99999999999996,0.0200000000000003,8.99999999999999,2,1,65,0.5
925,23843.306263,23842.243763,23842.622763,23843.306263,23847.990264,1,NaN,0,8.99999999999999,2,1,65,0.5
926,23850.997765,23850.240263,23850.360263,23850.944763,23858.190265,1,1.99999999999996,0.0200000000000003,8.00000000000001,1,2,66,0.5
927,23860.133763,23859.337263,23859.525263,23860.080763,23864.984263,0,1.99999999999996,0.0200000000000003,8.99999999999999,2,1,65,0.5
928,23867.522768,23866.026763,23866.699764,23867.470265,23873.518763,1,1.99999999999996,0.0200000000000003,8.00000000000001,1,2,66,0.5
929,23875.446264,23874.435263,23874.838763,23875.393268,23878.957264,1,1.99999999999996,0.0200000000000003,8.00000000000001,1,2,66,0.5
930,23880.830263,23879.772768,23880.219263,23880.776763,23885.378764,1,1.99999999999996,0.0200000000000003,8.00000000000001,1,2,66,0.5
931,23887.474263,23886.047763,23886.413763,23887.421263,23890.949263,0,1.99999999999996,0.0200000000000003,8.99999999999999,2,1,65,0.5
932,23892.707266,23891.643763,23892.045763,23892.654263,23897.862268,1,1.99999999999996,0.0200000000000003,8.00000000000001,1,2,66,0.5
933,23900.220763,23899.038763,23899.515764,23900.168263,23905.631263,1,1.99999999999996,0.0200000000000003,8.00000000000001,1,2,66,0.5
934,23907.735265,23906.803763,23907.135763,23907.682263,23912.517263,1,1.99999999999996,0.0200000000000003,8.00000000000001,1,2,66,0.5
935,23914.530264,23913.687763,23913.997763,23914.530264,23919.900263,1,NaN,0,8.99999999999999,2,1,65,0.5
936,23922.333763,23921.241767,23921.589263,23922.280764,23926.529764,1,1.99999999999996,0.0200000000000003,8.00000000000001,1,2,66,0.5
937,23928.349264,23927.534268,23927.846764,23928.349264,23939.041763,1,NaN,0,8.99999999999999,2,1,65,0.5
938,23940.946263,23940.133268,23940.356263,23940.946263,23956.131263,1,NaN,0,8.99999999999999,2,1,65,0.5
939,23957.939264,23956.820265,23957.344763,23957.939264,23978.801763,1,NaN,0,8.99999999999999,2,1,65,0.5
940,23981.419263,23980.446263,23980.882763,23981.419263,24386.867263,1,NaN,0,8.99999999999999,2,1,65,0.5
941,24390.536764,24388.784264,24389.334764,24390.483763,24392.905763,0,1.99999999999996,0.0200000000000003,8.99999999999999,2,1,65,0.5
942,24411.545763,24410.216763,24410.882263,24411.545763,24427.846265,1,NaN,0,8.99999999999999,2,1,65,0.5
943,24447.396763,24446.388263,24446.499763,24447.343763,24449.952763,0,1.99999999999996,0.0200000000000003,8.99999999999999,2,1,65,0.5
944,24453.503264,24451.400263,24451.878265,24453.449765,24457.373265,1,1.99999999999996,0.0200000000000003,8.00000000000001,1,2,66,0.5
945,24459.506258,24458.794264,24458.954263,24459.506258,24464.595263,1,NaN,0,8.99999999999999,2,1,65,0.5
946,24470.561265,24469.190263,24469.838763,24470.561265,24489.008763,1,NaN,0,8.99999999999999,2,1,65,0.5
947,24521.736263,24520.798763,24521.040763,24521.683763,24526.507764,0,1.99999999999996,0.0200000000000003,8.99999999999999,2,1,65,0.5
948,24529.312763,24527.220763,24527.784268,24529.259763,24531.608263,1,1.99999999999996,0.0200000000000003,8.00000000000001,1,2,66,0.5
949,24534.001763,24533.020264,24533.438263,24533.949263,24537.947265,1,1.99999999999996,0.0200000000000003,8.00000000000001,1,2,66,0.5
950,24543.039765,24542.209763,24542.473265,24543.039765,27481.312263,1,NaN,0,8.99999999999999,2,1,65,0.5
951,27710.488763,27704.475263,27704.898263,27710.436263,27719.365763,0,1.99999999999996,0.0200000000000003,8.99999999999999,2,1,65,0.5
952,27721.179765,27720.190763,27720.540263,27721.179765,27854.731263,1,NaN,0,8.99999999999999,2,1,65,0.5
953,27858.869765,27857.925763,27858.148263,27858.816764,27862.019767,0,1.99999999999996,0.0200000000000003,8.99999999999999,2,1,65,0.5
954,27864.411268,27862.787263,27863.439763,27864.358758,27866.574763,1,1.99999999999996,0.0200000000000003,8.00000000000001,1,2,66,0.5
955,27869.376263,27868.162263,27868.705263,27869.323763,27871.533264,1,1.99999999999996,0.0200000000000003,8.00000000000001,1,2,66,0.5
956,27874.132263,27873.042765,27873.323264,27874.079763,27877.690268,0,1.99999999999996,0.0200000000000003,8.99999999999999,2,1,65,0.5
957,27880.566263,27879.203763,27879.512763,27880.512763,27887.398263,0,1.99999999999996,0.0200000000000003,8.99999999999999,2,1,65,0.5
958,27889.151763,27888.323264,27888.394263,27889.151763,27912.894764,1,NaN,0,8.99999999999999,2,1,65,0.5
959,27914.854263,27913.655764,27914.158763,27914.801263,27928.798763,1,1.99999999999996,0.0200000000000003,8.00000000000001,1,2,66,0.5
960,27931.297263,27930.427763,27930.752763,27931.297263,27937.064763,1,NaN,0,8.99999999999999,2,1,65,0.5
961,27939.556263,27937.473263,27938.506764,27939.503265,27942.234263,1,1.99999999999996,0.0200000000000003,8.00000000000001,1,2,66,0.5
962,27943.930768,27943.113263,27943.465264,27943.930768,27952.880763,1,NaN,0,8.99999999999999,2,1,65,0.5
963,27957.012763,27956.119263,27956.356264,27957.012763,27961.831763,1,NaN,0,8.99999999999999,2,1,65,0.5
964,28036.808764,28035.642763,28036.048263,28036.755763,28042.225265,0,1.99999999999996,0.0200000000000003,8.99999999999999,2,1,65,0.5
965,28044.894263,28043.384763,28043.981764,28044.841764,28051.100263,0,1.99999999999996,0.0200000000000003,8.99999999999999,2,1,65,0.5
966,28053.428263,28052.083263,28052.630263,28053.374763,28061.409763,1,1.99999999999996,0.0200000000000003,8.00000000000001,1,2,66,0.5
967,28064.143763,28063.112264,28063.538263,28064.090763,28069.992763,1,1.99999999999996,0.0200000000000003,8.00000000000001,1,2,66,0.5
968,28072.009263,28071.399264,28071.517763,28072.009263,28075.461763,1,NaN,0,8.99999999999999,2,1,65,0.5
969,28079.837263,28078.434263,28078.971265,28079.784263,28082.082763,1,1.99999999999996,0.0200000000000003,8.00000000000001,1,2,66,0.5
970,28086.161263,28085.080763,28085.530264,28086.161263,28092.019763,1,NaN,0,8.99999999999999,2,1,65,0.5
971,28095.654763,28093.201264,28093.884763,28095.602258,28900.631764,0,1.99999999999996,0.0200000000000003,8.99999999999999,2,1,65,0.5
972,28903.893267,28902.195263,28902.323263,28903.840763,28906.509263,0,1.99999999999996,0.0200000000000003,8.99999999999999,2,1,65,0.5
973,28910.892263,28909.668763,28909.868765,28910.839763,28913.412263,1,1.99999999999996,0.0200000000000003,8.00000000000001,1,2,66,0.5
974,28917.240764,28915.369763,28915.780763,28917.188266,28923.226763,0,1.99999999999996,0.0200000000000003,8.99999999999999,2,1,65,0.5
975,28926.123763,28925.136764,28925.434764,28926.123763,28934.414263,1,NaN,0,8.99999999999999,2,1,65,0.5
976,28938.328765,28936.904264,28937.381263,28938.275263,28944.043763,0,1.99999999999996,0.0200000000000003,8.99999999999999,2,1,65,0.5
977,28946.266765,28945.215764,28945.405264,28946.214263,28950.183763,0,1.99999999999996,0.0200000000000003,8.99999999999999,2,1,65,0.5
978,28952.753763,28951.483765,28951.971263,28952.701263,28962.764263,1,1.99999999999996,0.0200000000000003,8.00000000000001,1,2,66,0.5
979,28965.308763,28963.644763,28964.227263,28965.256263,28972.472763,1,1.99999999999996,0.0200000000000003,8.00000000000001,1,2,66,0.5
980,28974.525764,28973.397264,28973.987263,28974.472263,28979.729764,1,1.99999999999996,0.0200000000000003,8.00000000000001,1,2,66,0.5
981,28982.126264,28981.383763,28981.651264,28982.126264,28986.733263,1,NaN,0,8.99999999999999,2,1,65,0.5
982,28992.775764,28991.780263,28992.048763,28992.775764,29204.922763,1,NaN,0,8.99999999999999,2,1,65,0.5
983,29224.653265,29222.803764,29223.726763,29224.600265,29227.873265,0,1.99999999999996,0.0200000000000003,8.99999999999999,2,1,65,0.5
984,29253.213264,29246.213264,29246.341763,29253.213264,29257.723263,1,NaN,0,8.99999999999999,2,1,65,0.5
985,29261.409763,29260.180263,29260.336266,29261.356763,29266.843268,1,1.99999999999996,0.0200000000000003,8.00000000000001,1,2,66,0.5
986,29269.115263,29268.097263,29268.457264,29269.062758,29281.385764,1,1.99999999999996,0.0200000000000003,8.00000000000001,1,2,66,0.5
987,29283.501763,29282.679263,29282.724263,29283.449263,29290.763263,0,1.99999999999996,0.0200000000000003,8.99999999999999,2,1,65,0.5
988,29292.959763,29292.106263,29292.343263,29292.959763,29296.810763,1,NaN,0,8.99999999999999,2,1,65,0.5
989,29299.962265,29298.878263,29299.332263,29299.962265,29303.858763,1,NaN,0,8.99999999999999,2,1,65,0.5
990,29308.278265,29306.782263,29307.305763,29308.226263,29310.570764,1,1.99999999999996,0.0200000000000003,8.00000000000001,1,2,66,0.5
991,29312.448766,29311.515763,29311.809763,29312.395768,29316.679266,0,1.99999999999996,0.0200000000000003,8.99999999999999,2,1,65,0.5
992,29318.695763,29317.667264,29318.040263,29318.695763,29327.395268,1,NaN,0,8.99999999999999,2,1,65,0.5
993,29328.628263,29327.885268,29328.019263,29328.575267,29336.169765,0,1.99999999999996,0.0200000000000003,8.99999999999999,2,1,65,0.5
994,29340.638763,29339.421763,29339.995268,29340.586263,29352.831763,1,1.99999999999996,0.0200000000000003,8.00000000000001,1,2,66,0.5
995,29354.883763,29353.717764,29354.183763,29354.831263,29362.600263,1,1.99999999999996,0.0200000000000003,8.00000000000001,1,2,66,0.5
996,29364.086263,29363.099264,29363.512263,29364.086263,29370.208765,1,NaN,0,8.99999999999999,2,1,65,0.5
997,29374.145263,29373.167263,29373.489263,29374.145263,29379.449763,0,NaN,0,8.00000000000001,1,2,66,0.5
998,29381.682763,29380.761763,29381.154263,29381.682763,29385.273763,1,NaN,0,8.99999999999999,2,1,65,0.5
999,29388.792263,29387.726768,29388.249264,29388.738765,29396.901263,1,1.99999999999996,0.0200000000000003,8.00000000000001,1,2,66,0.5
1000,29399.295263,29398.309263,29398.764763,29399.242764,29402.814759,1,1.99999999999996,0.0200000000000003,8.00000000000001,1,2,66,0.5
1001,29404.403263,29403.439261,29403.782763,29404.350264,29409.497266,0,1.99999999999996,0.0200000000000003,8.99999999999999,2,1,65,0.5
1002,29412.559763,29411.824763,29411.910763,29412.507263,29421.769763,1,1.99999999999996,0.0200000000000003,8.00000000000001,1,2,66,0.5
1003,29423.421763,29422.595263,29422.843764,29423.368763,29428.386763,0,1.99999999999996,0.0200000000000003,8.99999999999999,2,1,65,0.5
1004,29430.689263,29429.755263,29430.135763,29430.689263,29463.042265,1,NaN,0,8.99999999999999,2,1,65,0.5
1005,29464.449763,29463.609764,29463.898265,29464.449763,29467.305763,1,NaN,0,8.99999999999999,2,1,65,0.5
1006,29477.174764,29475.866268,29476.480763,29477.121764,29480.664263,1,1.99999999999996,0.0200000000000003,8.00000000000001,1,2,66,0.5
1007,29482.558263,29481.609263,29481.989264,29482.505763,29488.961763,0,1.99999999999996,0.0200000000000003,8.99999999999999,2,1,65,0.5
1008,29495.352263,29493.857263,29494.416264,29495.352263,29500.629764,0,NaN,0,8.00000000000001,1,2,66,0.5
1009,29763.189263,29762.360263,29762.621763,29763.136265,29766.455763,1,1.99999999999996,0.0200000000000003,8.00000000000001,1,2,66,0.5
1010,29768.996268,29767.979764,29768.279763,29768.943264,29772.858765,0,1.99999999999996,0.0200000000000003,8.99999999999999,2,1,65,0.5
1011,29775.109263,29774.036763,29774.393763,29775.055764,29779.107764,0,1.99999999999996,0.0200000000000003,8.99999999999999,2,1,65,0.5
1012,29781.716263,29780.637263,29780.915264,29781.716263,29786.907263,0,NaN,0,8.00000000000001,1,2,66,0.5
1013,29789.051768,29787.970765,29788.489763,29788.998765,29793.447763,1,1.99999999999996,0.0200000000000003,8.00000000000001,1,2,66,0.5
1014,29795.315763,29794.401763,29794.811763,29795.262263,29800.774764,1,1.99999999999996,0.0200000000000003,8.00000000000001,1,2,66,0.5
1015,29802.809263,29801.643764,29801.962768,29802.756263,29805.992264,0,1.99999999999996,0.0200000000000003,8.99999999999999,2,1,65,0.5
1016,29809.805764,29808.862263,29809.176764,29809.805764,29834.304763,1,NaN,0,8.99999999999999,2,1,65,0.5
1017,29836.019763,29834.859264,29835.330264,29835.966264,29842.016763,1,1.99999999999996,0.0200000000000003,8.00000000000001,1,2,66,0.5
1018,29843.517263,29842.424264,29842.808763,29843.464263,29848.185267,0,1.99999999999996,0.0200000000000003,8.99999999999999,2,1,65,0.5
1019,29861.238763,29859.978763,29860.444268,29861.186263,29866.049264,0,1.99999999999996,0.0200000000000003,8.99999999999999,2,1,65,0.5
1020,29867.958763,29866.587763,29866.999263,29867.905763,29874.253764,1,1.99999999999996,0.0200000000000003,8.00000000000001,1,2,66,0.5
1021,29876.152264,29875.301763,29875.606263,29876.152264,29882.112763,1,NaN,0,8.99999999999999,2,1,65,0.5
1022,29884.673763,29883.259264,29883.785763,29884.620263,29888.565268,1,1.99999999999996,0.0200000000000003,8.00000000000001,1,2,66,0.5
1023,29890.597767,29889.707264,29889.999764,29890.544768,29894.426263,0,1.99999999999996,0.0200000000000003,8.99999999999999,2,1,65,0.5
1024,29896.515268,29895.431763,29895.801763,29896.462267,29902.705765,0,1.99999999999996,0.0200000000000003,8.99999999999999,2,1,65,0.5
1025,29906.087763,29905.300264,29905.563267,29906.087763,29910.422263,1,NaN,0,8.99999999999999,2,1,65,0.5
1026,29912.745763,29912.145763,29912.180763,29912.745763,29918.593767,1,NaN,0,8.99999999999999,2,1,65,0.5
1027,29920.794268,29919.544765,29920.081765,29920.741765,29923.746264,1,1.99999999999996,0.0200000000000003,8.00000000000001,1,2,66,0.5
1028,29925.290263,29924.500263,29924.721763,29925.237763,29929.470763,0,1.99999999999996,0.0200000000000003,8.99999999999999,2,1,65,0.5
1029,29931.383767,29930.218263,29930.644263,29931.331265,29935.595268,0,1.99999999999996,0.0200000000000003,8.99999999999999,2,1,65,0.5
1030,29937.586263,29936.380263,29936.776763,29937.533758,29947.348264,1,1.99999999999996,0.0200000000000003,8.00000000000001,1,2,66,0.5
1031,29949.771263,29948.834768,29949.101763,29949.718763,29955.235763,0,1.99999999999996,0.0200000000000003,8.99999999999999,2,1,65,0.5
1032,29957.543266,29956.346765,29956.803263,29957.490765,29959.542763,1,1.99999999999996,0.0200000000000003,8.00000000000001,1,2,66,0.5
1033,29961.476263,29960.536763,29960.962763,29961.423263,29967.488266,1,1.99999999999996,0.0200000000000003,8.00000000000001,1,2,66,0.5
1034,29969.571265,29968.513764,29968.814263,29969.518765,29974.365265,0,1.99999999999996,0.0200000000000003,8.99999999999999,2,1,65,0.5
1035,29976.399764,29975.409264,29975.739766,29976.346763,29981.928766,1,1.99999999999996,0.0200000000000003,8.00000000000001,1,2,66,0.5
1036,29983.665264,29982.806763,29983.125763,29983.612263,29989.149765,1,1.99999999999996,0.0200000000000003,8.00000000000001,1,2,66,0.5
1037,29990.589763,29989.794764,29990.060263,29990.589763,29996.765264,1,NaN,0,8.99999999999999,2,1,65,0.5
1038,30001.491763,30000.593763,30000.941763,30001.491763,30008.358767,1,NaN,0,8.99999999999999,2,1,65,0.5
1039,30010.782763,30008.883763,30009.441764,30010.729765,30014.526263,0,1.99999999999996,0.0200000000000003,8.99999999999999,2,1,65,0.5
1040,30016.365765,30015.205263,30015.653763,30016.312766,30025.016268,1,1.99999999999996,0.0200000000000003,8.00000000000001,1,2,66,0.5
1041,30027.531265,30025.949764,30026.269766,30027.478265,30033.037263,0,1.99999999999996,0.0200000000000003,8.99999999999999,2,1,65,0.5
1042,30048.303263,30046.427263,30047.247763,30048.250263,30051.049263,1,1.99999999999996,0.0200000000000003,8.00000000000001,1,2,66,0.5
1043,30054.464764,30053.365765,30053.630264,30054.411763,30057.843763,0,1.99999999999996,0.0200000000000003,8.99999999999999,2,1,65,0.5
1044,30059.916266,30058.860265,30059.199763,30059.863763,30065.779764,0,1.99999999999996,0.0200000000000003,8.99999999999999,2,1,65,0.5
1045,30067.912263,30066.647768,30067.021263,30067.859264,30073.026264,1,1.99999999999996,0.0200000000000003,8.00000000000001,1,2,66,0.5
1046,30074.775764,30073.764263,30074.225763,30074.723763,30079.598268,1,1.99999999999996,0.0200000000000003,8.00000000000001,1,2,66,0.5
1047,30081.353266,30080.414263,30080.646763,30081.300765,30086.480263,0,1.99999999999996,0.0200000000000003,8.99999999999999,2,1,65,0.5
1048,30088.04026,30087.022764,30087.351264,30087.987264,30092.717763,1,1.99999999999996,0.0200000000000003,8.00000000000001,1,2,66,0.5
1049,30094.203763,30093.437765,30093.737764,30094.203763,30101.156763,1,NaN,0,8.99999999999999,2,1,65,0.5
1050,30104.617763,30102.205764,30102.880263,30104.565263,30109.281763,0,1.99999999999996,0.0200000000000003,8.99999999999999,2,1,65,0.5
1051,30111.273763,30110.629766,30110.669766,30111.221263,30115.728264,0,1.99999999999996,0.0200000000000003,8.99999999999999,2,1,65,0.5
1052,30117.880764,30116.590764,30117.072764,30117.828266,30123.562265,1,1.99999999999996,0.0200000000000003,8.00000000000001,1,2,66,0.5
1053,30125.530264,30124.647763,30125.048763,30125.477258,30129.915763,1,1.99999999999996,0.0200000000000003,8.00000000000001,1,2,66,0.5
1054,30131.585263,30130.740265,30131.084265,30131.532763,30137.017264,1,1.99999999999996,0.0200000000000003,8.00000000000001,1,2,66,0.5
1055,30139.396763,30138.268264,30138.558763,30139.343764,30143.206264,0,1.99999999999996,0.0200000000000003,8.99999999999999,2,1,65,0.5
1056,30145.110265,30144.023265,30144.323263,30145.058263,30193.607763,0,1.99999999999996,0.0200000000000003,8.99999999999999,2,1,65,0.5
1057,30196.236263,30194.686263,30195.113763,30196.236263,30203.712764,1,NaN,0,8.99999999999999,2,1,65,0.5
1058,30206.040263,30205.166265,30205.461763,30206.040263,30216.063265,1,NaN,0,8.99999999999999,2,1,65,0.5
1059,30218.975264,30217.966765,30218.312263,30218.975264,30225.549766,1,NaN,0,8.99999999999999,2,1,65,0.5
1060,30227.787763,30226.923763,30227.288263,30227.787763,30233.533766,1,NaN,0,8.99999999999999,2,1,65,0.5
1061,30235.574763,30234.774766,30235.034763,30235.522263,30239.018265,0,1.99999999999996,0.0200000000000003,8.99999999999999,2,1,65,0.5
1062,30241.464763,30240.455263,30240.814763,30241.412263,30246.34926,1,1.99999999999996,0.0200000000000003,8.00000000000001,1,2,66,0.5
1063,30248.094263,30247.135266,30247.412768,30248.041763,30252.624263,0,1.99999999999996,0.0200000000000003,8.99999999999999,2,1,65,0.5
1064,30254.486263,30253.378263,30253.850764,30254.433763,30257.875264,1,1.99999999999996,0.0200000000000003,8.00000000000001,1,2,66,0.5
1065,30260.087263,30258.828763,30259.108763,30260.033763,30262.190263,0,1.99999999999996,0.0200000000000003,8.99999999999999,2,1,65,0.5
1066,30263.901765,30262.970263,30263.303263,30263.901765,30270.268263,1,NaN,0,8.99999999999999,2,1,65,0.5
1067,30272.882764,30271.444763,30271.905763,30272.829764,30276.470268,1,1.99999999999996,0.0200000000000003,8.00000000000001,1,2,66,0.5
1068,30278.129266,30277.120263,30277.476263,30278.076764,30282.376263,0,1.99999999999996,0.0200000000000003,8.99999999999999,2,1,65,0.5
1069,30284.643263,30283.527763,30283.984764,30284.590263,30288.812763,1,1.99999999999996,0.0200000000000003,8.00000000000001,1,2,66,0.5
1070,30290.570268,30289.645264,30289.910763,30290.517263,30294.607264,0,1.99999999999996,0.0200000000000003,8.99999999999999,2,1,65,0.5
1071,30296.572263,30295.687764,30295.951265,30296.572263,30304.090767,1,NaN,0,8.99999999999999,2,1,65,0.5
1072,30306.244264,30305.085264,30305.616264,30306.244264,30313.052263,1,NaN,0,8.99999999999999,2,1,65,0.5
1073,30315.888764,30314.946263,30315.373763,30315.835264,30319.191263,1,1.99999999999996,0.0200000000000003,8.00000000000001,1,2,66,0.5
1074,30320.838267,30319.793763,30320.114264,30320.786266,30324.015763,0,1.99999999999996,0.0200000000000003,8.99999999999999,2,1,65,0.5
1075,30326.324765,30325.240764,30325.719764,30326.324765,30330.242763,1,NaN,0,8.99999999999999,2,1,65,0.5
1076,30333.338263,30332.273263,30332.582768,30333.284763,30337.464263,0,1.99999999999996,0.0200000000000003,8.99999999999999,2,1,65,0.5
1077,30339.619264,30338.375265,30338.821765,30339.566763,30343.605263,1,1.99999999999996,0.0200000000000003,8.00000000000001,1,2,66,0.5
1078,30345.058263,30344.375265,30344.656764,30345.058263,30349.824263,1,NaN,0,8.99999999999999,2,1,65,0.5
1079,30352.671763,30351.366763,30351.587763,30352.671763,30357.252264,0,NaN,0,8.00000000000001,1,2,66,0.5
1080,30365.811767,30364.835263,30365.223263,30365.759264,30370.546263,1,1.99999999999996,0.0200000000000003,8.00000000000001,1,2,66,0.5
1081,30372.650264,30371.549767,30371.838264,30372.597763,30376.256263,0,1.99999999999996,0.0200000000000003,8.99999999999999,2,1,65,0.5
1082,30380.097263,30379.086265,30379.457265,30380.044764,30386.564763,1,1.99999999999996,0.0200000000000003,8.00000000000001,1,2,66,0.5
1083,30388.038764,30387.146765,30387.390263,30387.985764,30393.254264,0,1.99999999999996,0.0200000000000003,8.99999999999999,2,1,65,0.5
1084,30394.755764,30393.729764,30394.139263,30394.702768,30400.391263,1,1.99999999999996,0.0200000000000003,8.00000000000001,1,2,66,0.5
1085,30402.154263,30401.205763,30401.490263,30402.101264,30406.888263,0,1.99999999999996,0.0200000000000003,8.99999999999999,2,1,65,0.5
1086,30408.717264,30407.733763,30408.097763,30408.664264,30412.233763,1,1.99999999999996,0.0200000000000003,8.00000000000001,1,2,66,0.5
1087,30413.933265,30413.037763,30413.299763,30413.880763,30417.806763,0,1.99999999999996,0.0200000000000003,8.99999999999999,2,1,65,0.5
1088,30419.725765,30418.625263,30418.990764,30419.673265,30424.538263,0,1.99999999999996,0.0200000000000003,8.99999999999999,2,1,65,0.5
1089,30426.340764,30425.396264,30425.736763,30426.340764,30432.898264,1,NaN,0,8.99999999999999,2,1,65,0.5
1090,30434.432763,30433.632263,30433.999263,30434.432763,30438.593263,1,NaN,0,8.99999999999999,2,1,65,0.5
1091,30442.182764,30440.555763,30441.254764,30442.182764,30449.160764,1,NaN,0,8.99999999999999,2,1,65,0.5
1092,30450.928764,30450.041765,30450.351263,30450.876763,30453.851763,0,1.99999999999996,0.0200000000000003,8.99999999999999,2,1,65,0.5
1093,30455.856763,30455.169764,30455.365764,30455.856763,30461.284764,1,NaN,0,8.99999999999999,2,1,65,0.5
1094,30463.600763,30462.326763,30462.863764,30463.547263,30467.916763,1,1.99999999999996,0.0200000000000003,8.00000000000001,1,2,66,0.5
1095,30469.294767,30468.472759,30468.746263,30469.241263,30472.974764,0,1.99999999999996,0.0200000000000003,8.99999999999999,2,1,65,0.5
1096,30474.876263,30473.656763,30474.046764,30474.823264,30479.249264,1,1.99999999999996,0.0200000000000003,8.00000000000001,1,2,66,0.5
1097,30480.578763,30479.780763,30480.113763,30480.525763,30485.135264,1,1.99999999999996,0.0200000000000003,8.00000000000001,1,2,66,0.5
1098,30486.613263,30485.804763,30486.120765,30486.560763,30490.765265,1,1.99999999999996,0.0200000000000003,8.00000000000001,1,2,66,0.5
1099,30493.151265,30492.310263,30492.528763,30493.098265,30498.882263,0,1.99999999999996,0.0200000000000003,8.99999999999999,2,1,65,0.5
1100,30500.617763,30499.498768,30499.960265,30500.564763,30505.384763,1,1.99999999999996,0.0200000000000003,8.00000000000001,1,2,66,0.5
1101,30511.643768,30510.653266,30511.057764,30511.591263,30515.875763,1,1.99999999999996,0.0200000000000003,8.00000000000001,1,2,66,0.5
1102,30517.519263,30516.608763,30516.878263,30517.466763,30520.661763,0,1.99999999999996,0.0200000000000003,8.99999999999999,2,1,65,0.5
1103,30522.269263,30521.402763,30521.669763,30522.269263,NaN,1,NaN,0,8.99999999999999,2,1,65,0.5
