trial,outcome,center_in,center_out,side_in,last_side_out,actions,reward,trial_types,odors,port_side,schedule,odor_name,odor_dur
1,1954.985808,1954.093308,1954.270308,1954.932308,1960.637308,1,1.99999999999996,0.0200000000000003,7.00000000000003,1,2,66,0.5
2,1963.031308,1962.038808,1962.185308,1962.978308,1969.258808,1,2.99999999999994,0.0299999999999997,7.00000000000003,1,2,66,0.5
3,1970.149808,1969.723808,1969.732308,1970.096308,1984.694808,1,2.99999999999994,0.0299999999999997,7.00000000000003,1,2,66,0.5
4,1985.755808,1985.077808,1985.181308,1985.755808,2005.246808,1,NaN,0,5.99999999999996,2,1,65,0.5
5,2007.076808,2006.151308,2006.608308,2007.076808,2010.541808,0,NaN,0,7.00000000000003,1,2,66,0.5
6,2027.414308,2025.433308,2026.867808,NaN,2030.170308,NaN,NaN,0,7.00000000000003,1,2,66,0.5
7,2036.619308,2036.215808,2036.292808,2036.619308,2043.234808,0,NaN,0,7.00000000000003,1,2,66,0.5
8,2051.099308,2043.599308,2043.641808,2051.099308,2061.391808,1,NaN,0,5.99999999999996,2,1,65,0.5
9,2072.828808,2071.600808,2071.774808,2072.828808,2079.519808,0,NaN,0,7.00000000000003,1,2,66,0.5
10,2093.886308,2090.343808,2090.494808,NaN,2101.523308,NaN,NaN,0,5.99999999999996,2,1,65,0.5
11,2124.029808,2123.004308,2123.414308,2123.976308,2127.445808,1,2.99999999999994,0.0299999999999997,7.00000000000003,1,2,66,0.5
12,2128.937308,2128.213308,2128.455808,2128.937308,2129.565808,1,NaN,0,5.99999999999996,2,1,65,0.5
13,2137.801808,2136.932308,2137.225808,2137.801808,2144.663808,1,NaN,0,5.99999999999996,2,1,65,0.5
14,2145.921808,2145.159808,2145.326808,2145.868808,2149.188308,0,2.99999999999994,0.0299999999999997,5.99999999999996,2,1,65,0.5
15,2150.354808,2149.674808,2149.857308,2150.354808,2165.234808,1,NaN,0,5.99999999999996,2,1,65,0.5
16,2166.918308,2165.849308,2166.018308,2166.865808,2168.960308,0,2.99999999999994,0.0299999999999997,5.99999999999996,2,1,65,0.5
17,2172.749308,2171.915808,2172.012308,2172.696808,2177.948808,1,2.99999999999994,0.0299999999999997,7.00000000000003,1,2,66,0.5
18,2179.222808,2178.498808,2178.842308,2179.222808,2191.022308,1,NaN,0,5.99999999999996,2,1,65,0.5
19,2192.514808,2191.714308,2191.920808,2192.514808,2232.522308,1,NaN,0,5.99999999999996,2,1,65,0.5
20,2233.896308,2233.064808,2233.351808,2233.896308,2240.858308,1,NaN,0,5.99999999999996,2,1,65,0.5
21,2243.777808,2242.853808,2243.191308,2243.777808,2271.395308,1,NaN,0,5.99999999999996,2,1,65,0.5
22,2272.299308,2271.787308,2271.835808,2272.299308,2277.016308,1,NaN,0,5.99999999999996,2,1,65,0.5
23,2278.790808,2277.938308,2278.281308,2278.790808,2283.466808,1,NaN,0,5.99999999999996,2,1,65,0.5
24,2286.769808,2284.674808,2284.931808,2286.716308,2301.334808,0,2.99999999999994,0.0299999999999997,5.99999999999996,2,1,65,0.5
25,2311.626808,2302.060308,2302.235808,2311.626808,2314.498308,1,NaN,0,5.99999999999996,2,1,65,0.5
26,2321.083308,2319.744808,2320.252808,2321.030808,2333.406808,0,2.99999999999994,0.0299999999999997,5.99999999999996,2,1,65,0.5
27,2334.796808,2333.893308,2334.237308,2334.743808,2338.023808,1,2.99999999999994,0.0299999999999997,7.00000000000003,1,2,66,0.5
28,2339.307808,2338.716308,2338.871308,2339.307808,2346.396308,1,NaN,0,5.99999999999996,2,1,65,0.5
29,2348.198808,2347.124308,2347.555808,2348.196808,2469.225308,0,2.99999999999994,0.0299999999999997,5.99999999999996,2,1,65,0.5
30,2470.622308,2469.760808,2469.883308,2470.569308,2473.821308,1,2.99999999999994,0.0299999999999997,7.00000000000003,1,2,66,0.5
31,2475.938808,2474.718808,2474.855308,2475.886808,2478.402308,1,2.99999999999994,0.0299999999999997,7.00000000000003,1,2,66,0.5
32,2479.815308,2479.209308,2479.389308,2479.815308,2491.346308,1,NaN,0,5.99999999999996,2,1,65,0.5
33,2492.554808,2491.700808,2491.905308,2492.554808,2501.791308,1,NaN,0,5.99999999999996,2,1,65,0.5
34,2504.980308,2503.763808,2504.191808,2504.980308,2508.414808,1,NaN,0,5.99999999999996,2,1,65,0.5
35,2512.353808,2511.655808,2511.857808,2512.301308,2523.476808,0,2.99999999999994,0.0299999999999997,5.99999999999996,2,1,65,0.5
36,2526.725308,2526.067808,2526.212808,2526.725308,2529.162808,1,NaN,0,5.99999999999996,2,1,65,0.5
37,2534.942808,2532.852808,2533.386808,2534.889808,2543.691308,0,2.99999999999994,0.0299999999999997,5.99999999999996,2,1,65,0.5
38,2546.416308,2544.322808,2544.415808,2546.416308,2642.373308,1,NaN,0,5.99999999999996,2,1,65,0.5
39,2643.590308,2642.886808,2642.991808,2643.538308,2647.948308,1,2.99999999999994,0.0299999999999997,7.00000000000003,1,2,66,0.5
40,2649.637808,2649.045808,2649.206308,2649.637808,2654.578308,1,NaN,0,5.99999999999996,2,1,65,0.5
41,2656.380808,2654.927308,2655.408808,2656.380808,2681.330808,0,NaN,0,7.00000000000003,1,2,66,0.5
42,2686.576808,2684.572308,2685.762308,2686.576808,2692.198308,0,NaN,0,7.00000000000003,1,2,66,0.5
43,2695.842808,2694.568308,2695.093808,2695.789808,2699.008308,1,2.99999999999994,0.0299999999999997,7.00000000000003,1,2,66,0.5
44,2700.815808,2699.695808,2700.186308,2700.762808,2703.653808,1,2.99999999999994,0.0299999999999997,7.00000000000003,1,2,66,0.5
45,2705.296308,2704.472308,2704.685308,2705.243308,2707.899308,1,2.99999999999994,0.0299999999999997,7.00000000000003,1,2,66,0.5
46,2709.325308,2708.607308,2708.795808,2709.325308,2713.279308,1,NaN,0,5.99999999999996,2,1,65,0.5
47,2715.541308,2714.780808,2714.873808,2715.539308,2720.795808,1,2.99999999999994,0.0299999999999997,7.00000000000003,1,2,66,0.5
48,2722.659308,2721.638808,2722.031308,2722.659308,2727.929308,1,NaN,0,5.99999999999996,2,1,65,0.5
49,2729.896808,2728.877808,2729.125808,2729.844308,2736.238308,0,2.99999999999994,0.0299999999999997,5.99999999999996,2,1,65,0.5
50,2737.560808,2736.738808,2736.787808,2737.560808,2741.551808,1,NaN,0,5.99999999999996,2,1,65,0.5
51,2749.428808,2748.694808,2748.893808,2749.375808,2753.317308,1,2.99999999999994,0.0299999999999997,7.00000000000003,1,2,66,0.5
52,2754.756808,2754.004808,2754.328808,2754.756808,2765.216808,1,NaN,0,5.99999999999996,2,1,65,0.5
53,2766.892308,2765.850308,2766.336808,2766.839808,2774.037808,0,2.99999999999994,0.0299999999999997,5.99999999999996,2,1,65,0.5
54,2775.903308,2774.830308,2775.174308,2775.897308,2781.990308,0,2.99999999999994,0.0299999999999997,5.99999999999996,2,1,65,0.5
55,2783.272308,2782.380308,2782.676808,2783.219308,2786.617808,1,2.99999999999994,0.0299999999999997,7.00000000000003,1,2,66,0.5
56,2787.792308,2787.063808,2787.275808,2787.792308,2793.069808,1,NaN,0,5.99999999999996,2,1,65,0.5
57,2794.605808,2793.683308,2793.971808,2794.552308,2798.573308,0,2.99999999999994,0.0299999999999997,5.99999999999996,2,1,65,0.5
58,2800.476308,2799.302808,2799.638308,2800.423308,2828.624308,0,2.99999999999994,0.0299999999999997,5.99999999999996,2,1,65,0.5
59,2831.304808,2830.453308,2830.545308,2831.304808,2837.539308,0,NaN,0,7.00000000000003,1,2,66,0.5
60,2849.905808,2848.330808,2848.885808,2849.903808,2852.859808,1,2.99999999999994,0.0299999999999997,7.00000000000003,1,2,66,0.5
61,2854.026808,2853.301308,2853.517308,2854.026808,2858.246308,1,NaN,0,5.99999999999996,2,1,65,0.5
62,2861.239808,2859.720308,2860.539308,2861.187808,2863.837808,0,2.99999999999994,0.0299999999999997,5.99999999999996,2,1,65,0.5
63,2866.668808,2865.453808,2865.959308,2866.616308,2870.525308,0,2.99999999999994,0.0299999999999997,5.99999999999996,2,1,65,0.5
64,2873.707308,2873.001308,2873.036308,2873.653808,2876.681808,1,2.99999999999994,0.0299999999999997,7.00000000000003,1,2,66,0.5
65,2877.984308,2877.117808,2877.328308,2877.982308,2880.262808,1,2.99999999999994,0.0299999999999997,7.00000000000003,1,2,66,0.5
66,2883.126808,2882.304808,2882.540808,2883.126808,2888.224308,1,NaN,0,5.99999999999996,2,1,65,0.5
67,2891.014808,2889.924808,2890.129308,2890.962308,2894.716808,0,2.99999999999994,0.0299999999999997,5.99999999999996,2,1,65,0.5
68,2896.465308,2895.860308,2895.941808,2896.465308,2916.140308,1,NaN,0,5.99999999999996,2,1,65,0.5
69,2917.517808,2916.809308,2916.930808,2917.517808,2922.802308,0,NaN,0,7.00000000000003,1,2,66,0.5
70,2924.420808,2923.342808,2923.703808,2924.420808,2930.855808,1,NaN,0,5.99999999999996,2,1,65,0.5
71,2933.589808,2932.383308,2932.919308,2933.536808,2936.583308,1,2.99999999999994,0.0299999999999997,7.00000000000003,1,2,66,0.5
72,2940.665308,2939.346308,2939.951308,2940.612308,2944.057808,1,2.99999999999994,0.0299999999999997,7.00000000000003,1,2,66,0.5
73,2946.064808,2945.318808,2945.560808,2946.064808,2952.988308,1,NaN,0,5.99999999999996,2,1,65,0.5
74,2955.421308,2953.657308,2954.124808,2955.406308,2958.192808,1,2.99999999999994,0.0299999999999997,7.00000000000003,1,2,66,0.5
75,2959.562808,2958.781308,2959.018808,2959.510308,2964.553808,1,2.99999999999994,0.0299999999999997,7.00000000000003,1,2,66,0.5
76,2966.620808,2965.916808,2966.234308,2966.620808,2971.727308,1,NaN,0,5.99999999999996,2,1,65,0.5
77,2974.176308,2973.200308,2973.461808,2974.123308,2976.377808,0,2.99999999999994,0.0299999999999997,5.99999999999996,2,1,65,0.5
78,2978.303308,2977.470308,2977.754308,2978.251308,2981.051308,1,2.99999999999994,0.0299999999999997,7.00000000000003,1,2,66,0.5
79,2983.004308,2981.838808,2982.514308,2983.004308,2989.209808,1,NaN,0,5.99999999999996,2,1,65,0.5
80,2992.088308,2990.659308,2991.017808,2992.035308,3002.056308,0,2.99999999999994,0.0299999999999997,5.99999999999996,2,1,65,0.5
81,3003.380308,3002.687308,3002.911308,3003.327808,3006.867308,1,2.99999999999994,0.0299999999999997,7.00000000000003,1,2,66,0.5
82,3008.666808,3007.824808,3008.118308,3008.666808,3015.257808,1,NaN,0,5.99999999999996,2,1,65,0.5
83,3016.854308,3015.801808,3016.254308,3016.854308,3022.559308,1,NaN,0,5.99999999999996,2,1,65,0.5
84,3024.589808,3023.001808,3023.389308,3024.589808,3031.849308,0,NaN,0,7.00000000000003,1,2,66,0.5
85,3036.135308,3035.050308,3035.285808,3036.132808,3067.142808,0,2.99999999999994,0.0299999999999997,5.99999999999996,2,1,65,0.5
86,3068.989308,3067.649808,3067.804808,3068.936808,3072.865308,1,2.99999999999994,0.0299999999999997,7.00000000000003,1,2,66,0.5
87,3074.734808,3073.957808,3074.156308,3074.732308,3077.905808,1,2.99999999999994,0.0299999999999997,7.00000000000003,1,2,66,0.5
88,3080.105308,3079.306308,3079.477808,3080.053308,3110.942308,1,2.99999999999994,0.0299999999999997,7.00000000000003,1,2,66,0.5
89,3113.489808,3112.437308,3112.498308,3113.487308,3116.323308,1,2.99999999999994,0.0299999999999997,7.00000000000003,1,2,66,0.5
90,3118.443308,3117.706808,3117.813808,3118.443308,3136.710308,0,NaN,0,7.00000000000003,1,2,66,0.5
91,3141.958808,3141.195808,3141.239308,3141.958808,3148.495308,0,NaN,0,7.00000000000003,1,2,66,0.5
92,3149.902308,3148.933308,3149.276808,3149.902308,3156.384808,0,NaN,0,7.00000000000003,1,2,66,0.5
93,3157.984308,3156.983308,3157.285808,3157.984308,3163.076308,0,NaN,0,7.00000000000003,1,2,66,0.5
94,3165.265808,3164.140308,3164.550308,3165.263308,3169.403808,1,2.99999999999994,0.0299999999999997,7.00000000000003,1,2,66,0.5
95,3170.697308,3169.846808,3170.129808,3170.697308,3511.263308,0,NaN,0,7.00000000000003,1,2,66,0.5
96,3512.805308,3511.896808,3512.116308,3512.805308,3521.096308,0,NaN,0,7.00000000000003,1,2,66,0.5
97,3529.460308,3528.225808,3528.575808,3529.407808,3532.897808,1,2.99999999999994,0.0299999999999997,7.00000000000003,1,2,66,0.5
98,3534.767808,3533.674808,3534.056308,3534.715808,3538.478308,1,2.99999999999994,0.0299999999999997,7.00000000000003,1,2,66,0.5
99,3540.551808,3539.611308,3539.885308,3540.499808,3546.621808,1,2.99999999999994,0.0299999999999997,7.00000000000003,1,2,66,0.5
100,3547.791308,3547.110308,3547.167808,3547.738308,3550.752308,0,2.99999999999994,0.0299999999999997,5.99999999999996,2,1,65,0.5
101,3552.126308,3551.270308,3551.436308,3552.126308,3558.871808,1,NaN,0,5.99999999999996,2,1,65,0.5
102,3567.498808,3566.640808,3566.690808,3567.445308,3570.946308,1,2.99999999999994,0.0299999999999997,7.00000000000003,1,2,66,0.5
103,3572.286308,3571.692808,3571.910808,3572.286308,3577.172808,1,NaN,0,5.99999999999996,2,1,65,0.5
104,3578.967808,3577.652808,3578.147808,3578.915308,3581.324808,0,2.99999999999994,0.0299999999999997,5.99999999999996,2,1,65,0.5
105,3582.533308,3581.846308,3582.100808,3582.533308,3586.982808,1,NaN,0,5.99999999999996,2,1,65,0.5
106,3590.239808,3588.835308,3589.491808,3590.239808,3595.794808,0,NaN,0,7.00000000000003,1,2,66,0.5
107,3597.697808,3596.331308,3596.897808,3597.644308,3600.126808,0,2.99999999999994,0.0299999999999997,5.99999999999996,2,1,65,0.5
108,3601.855808,3600.704308,3601.275308,3601.855808,3607.985808,1,NaN,0,5.99999999999996,2,1,65,0.5
109,3609.396308,3608.467308,3608.876308,3609.396308,3613.589308,0,NaN,0,7.00000000000003,1,2,66,0.5
110,3616.364808,3614.980308,3615.456808,3616.361808,3620.682808,1,2.99999999999994,0.0299999999999997,7.00000000000003,1,2,66,0.5
111,3622.224308,3621.356308,3621.681808,3622.224308,3635.449808,1,NaN,0,5.99999999999996,2,1,65,0.5
112,3643.597808,3642.631308,3643.013308,3643.597808,3651.115808,1,NaN,0,5.99999999999996,2,1,65,0.5
113,3653.135308,3651.794808,3652.087808,3653.135308,3659.709808,1,NaN,0,5.99999999999996,2,1,65,0.5
114,3662.601808,3660.441808,3661.079808,3662.598808,3666.075808,0,2.99999999999994,0.0299999999999997,5.99999999999996,2,1,65,0.5
115,3667.913808,3667.002308,3667.155808,3667.913808,3670.332808,1,NaN,0,5.99999999999996,2,1,65,0.5
116,3685.509308,3684.676308,3684.893808,3685.509308,3693.950308,1,NaN,0,5.99999999999996,2,1,65,0.5
117,3696.976808,3696.081308,3696.326808,3696.976808,3704.002808,1,NaN,0,5.99999999999996,2,1,65,0.5
118,3705.711808,3704.509808,3704.982808,3705.659808,3708.901308,0,2.99999999999994,0.0299999999999997,5.99999999999996,2,1,65,0.5
119,3711.740308,3710.700808,3710.930808,3711.687308,3714.865808,0,2.99999999999994,0.0299999999999997,5.99999999999996,2,1,65,0.5
120,3717.214808,3716.239808,3716.513808,3717.214808,3768.305308,1,NaN,0,5.99999999999996,2,1,65,0.5
121,3770.004308,3768.845308,3769.225808,3770.004308,3788.851308,1,NaN,0,5.99999999999996,2,1,65,0.5
122,3791.781808,3790.728308,3790.935308,3791.729308,3795.410808,1,2.99999999999994,0.0299999999999997,7.00000000000003,1,2,66,0.5
123,3796.964808,3796.225308,3796.442808,3796.964808,3803.815808,1,NaN,0,5.99999999999996,2,1,65,0.5
124,3805.569808,3804.651308,3804.874808,3805.567308,3810.126308,1,2.99999999999994,0.0299999999999997,7.00000000000003,1,2,66,0.5
125,3811.432808,3810.687308,3810.986808,3811.432808,3816.381308,1,NaN,0,5.99999999999996,2,1,65,0.5
126,3817.832808,3816.801308,3817.299808,3817.780308,3820.828308,0,2.99999999999994,0.0299999999999997,5.99999999999996,2,1,65,0.5
127,3822.684308,3821.583308,3822.087308,3822.684308,3831.921308,0,NaN,0,7.00000000000003,1,2,66,0.5
128,3834.757308,3832.416308,3833.618808,3834.754308,3837.974808,1,2.99999999999994,0.0299999999999997,7.00000000000003,1,2,66,0.5
129,3842.761808,3841.871808,3842.000308,3842.709308,3847.182308,0,2.99999999999994,0.0299999999999997,5.99999999999996,2,1,65,0.5
130,3848.543308,3847.625808,3847.830808,3848.490808,3852.141308,1,2.99999999999994,0.0299999999999997,7.00000000000003,1,2,66,0.5
131,3854.011308,3853.202308,3853.386308,3854.008808,3858.425808,1,2.99999999999994,0.0299999999999997,7.00000000000003,1,2,66,0.5
132,3859.965308,3859.136808,3859.228308,3859.912808,3863.886308,1,2.99999999999994,0.0299999999999997,7.00000000000003,1,2,66,0.5
133,3865.104308,3864.581808,3864.660808,3865.104308,3871.210308,1,NaN,0,5.99999999999996,2,1,65,0.5
134,3873.061308,3872.134308,3872.410808,3873.008808,3876.978808,1,2.99999999999994,0.0299999999999997,7.00000000000003,1,2,66,0.5
135,3878.558808,3877.898808,3878.046308,3878.558808,3885.394808,1,NaN,0,5.99999999999996,2,1,65,0.5
136,3887.357308,3886.015308,3886.379808,3887.304308,3890.769808,0,2.99999999999994,0.0299999999999997,5.99999999999996,2,1,65,0.5
137,3892.157808,3891.584808,3891.732308,3892.157808,3897.451808,1,NaN,0,5.99999999999996,2,1,65,0.5
138,3899.871308,3898.839308,3899.150808,3899.871308,3905.422808,0,NaN,0,7.00000000000003,1,2,66,0.5
139,3910.721308,3909.460808,3909.887308,3910.668808,3914.051308,1,2.99999999999994,0.0299999999999997,7.00000000000003,1,2,66,0.5
140,3915.318308,3914.642308,3914.789308,3915.318308,3924.329308,1,NaN,0,5.99999999999996,2,1,65,0.5
141,3927.216308,3926.303808,3926.553808,3927.216308,4022.475808,1,NaN,0,5.99999999999996,2,1,65,0.5
142,4023.788808,4022.920308,4022.944308,4023.788808,4029.228808,1,NaN,0,5.99999999999996,2,1,65,0.5
143,4105.199308,4103.853308,4104.047808,4105.199308,4112.671808,1,NaN,0,5.99999999999996,2,1,65,0.5
144,4113.937308,4113.153308,4113.195808,4113.884808,4118.463308,0,2.99999999999994,0.0299999999999997,5.99999999999996,2,1,65,0.5
145,4120.009308,4119.168308,4119.231308,4120.009308,4157.571808,1,NaN,0,5.99999999999996,2,1,65,0.5
146,4160.401308,4159.547308,4159.621308,4160.348308,4162.623308,0,2.99999999999994,0.0299999999999997,5.99999999999996,2,1,65,0.5
147,4164.088308,4163.263808,4163.410308,4164.088308,4170.319808,1,NaN,0,5.99999999999996,2,1,65,0.5
148,4171.768308,4170.724808,4170.995308,4171.768308,4178.257808,0,NaN,0,7.00000000000003,1,2,66,0.5
149,4180.311308,4179.186308,4179.655808,4180.308808,4187.379308,1,2.99999999999994,0.0299999999999997,7.00000000000003,1,2,66,0.5
150,4189.675308,4188.664308,4188.975308,4189.622308,4194.016308,1,2.99999999999994,0.0299999999999997,7.00000000000003,1,2,66,0.5
151,4195.454808,4194.796808,4195.048308,4195.454808,4200.541308,1,NaN,0,5.99999999999996,2,1,65,0.5
152,4202.874808,4201.483808,4202.248308,4202.822308,4205.289808,0,2.99999999999994,0.0299999999999997,5.99999999999996,2,1,65,0.5
153,4206.846808,4205.854308,4206.163808,4206.793808,4210.285308,0,2.99999999999994,0.0299999999999997,5.99999999999996,2,1,65,0.5
154,4212.160808,4211.431308,4211.571808,4212.160808,4218.609308,1,NaN,0,5.99999999999996,2,1,65,0.5
155,4219.924808,4218.989808,4219.225808,4219.924808,4258.466308,1,NaN,0,5.99999999999996,2,1,65,0.5
156,4264.729808,4263.889808,4264.077308,4264.726808,4268.872308,0,2.99999999999994,0.0299999999999997,5.99999999999996,2,1,65,0.5
157,4270.221308,4269.394308,4269.605808,4270.169308,4274.342808,1,2.99999999999994,0.0299999999999997,7.00000000000003,1,2,66,0.5
158,4275.534808,4274.910308,4275.065308,4275.504308,4280.564808,1,2.99999999999994,0.0299999999999997,7.00000000000003,1,2,66,0.5
159,4281.718308,4281.093308,4281.240308,4281.718308,4287.596808,1,NaN,0,5.99999999999996,2,1,65,0.5
160,4288.943308,4288.075808,4288.388808,4288.943308,4294.705308,0,NaN,0,7.00000000000003,1,2,66,0.5
161,4310.184808,4309.158808,4309.490808,4310.172308,4313.420808,1,2.99999999999994,0.0299999999999997,7.00000000000003,1,2,66,0.5
162,4314.649808,4313.866808,4314.032808,4314.647808,4318.444308,1,2.99999999999994,0.0299999999999997,7.00000000000003,1,2,66,0.5
163,4319.428808,4318.933308,4318.971808,4319.428808,4325.406308,1,NaN,0,5.99999999999996,2,1,65,0.5
164,4326.767808,4325.838308,4326.186808,4326.767808,4333.729308,0,NaN,0,7.00000000000003,1,2,66,0.5
165,4335.317808,4334.111808,4334.714808,4335.317808,4343.857808,0,NaN,0,7.00000000000003,1,2,66,0.5
166,4346.015308,4345.082308,4345.406308,4345.962308,4349.467308,1,2.99999999999994,0.0299999999999997,7.00000000000003,1,2,66,0.5
167,4350.687808,4349.930808,4350.098808,4350.687808,4356.967308,1,NaN,0,5.99999999999996,2,1,65,0.5
168,4358.813308,4357.497308,4357.898308,4358.760808,4360.899808,0,2.99999999999994,0.0299999999999997,5.99999999999996,2,1,65,0.5
169,4362.215308,4361.534808,4361.736308,4362.215308,4367.077808,1,NaN,0,5.99999999999996,2,1,65,0.5
170,4368.596808,4367.504308,4368.038808,4368.594808,4376.282308,0,2.99999999999994,0.0299999999999997,5.99999999999996,2,1,65,0.5
171,4377.354308,4376.968808,4377.006808,4377.354308,4412.086808,1,NaN,0,5.99999999999996,2,1,65,0.5
172,4415.231808,4414.322308,4414.530308,4415.178808,4419.259308,0,2.99999999999994,0.0299999999999997,5.99999999999996,2,1,65,0.5
173,4421.479308,4419.804808,4419.944308,4421.479308,4426.377808,1,NaN,0,5.99999999999996,2,1,65,0.5
174,4427.955808,4426.962808,4427.316308,4427.902808,4432.020308,0,2.99999999999994,0.0299999999999997,5.99999999999996,2,1,65,0.5
175,4433.706808,4432.797808,4433.104308,4433.706808,4439.868808,1,NaN,0,5.99999999999996,2,1,65,0.5
176,4442.313808,4441.409808,4441.739808,4442.313808,4453.593308,1,NaN,0,5.99999999999996,2,1,65,0.5
177,4456.392308,4455.295808,4455.844308,4456.392308,4462.177308,0,NaN,0,7.00000000000003,1,2,66,0.5
178,4470.637308,4469.704308,4469.744808,4470.637308,4474.849808,0,NaN,0,7.00000000000003,1,2,66,0.5
179,4481.456808,4480.490808,4480.728308,4481.456808,4489.642808,0,NaN,0,7.00000000000003,1,2,66,0.5
180,4491.809808,4490.945808,4490.964308,4491.807308,4496.667808,0,2.99999999999994,0.0299999999999997,5.99999999999996,2,1,65,0.5
181,4500.317808,4499.422308,4499.708808,4500.317808,4506.880808,0,NaN,0,7.00000000000003,1,2,66,0.5
182,4510.098808,4507.374808,4507.831808,4510.045808,4514.464808,1,2.99999999999994,0.0299999999999997,7.00000000000003,1,2,66,0.5
183,4517.261808,4515.203308,4515.262808,4517.258808,4520.514308,1,2.99999999999994,0.0299999999999997,7.00000000000003,1,2,66,0.5
184,4522.644308,4521.841308,4521.878808,4522.591808,4527.750308,1,2.99999999999994,0.0299999999999997,7.00000000000003,1,2,66,0.5
185,4529.314308,4528.347308,4528.610808,4529.261808,4532.543808,0,2.99999999999994,0.0299999999999997,5.99999999999996,2,1,65,0.5
186,4534.067308,4533.311308,4533.572308,4534.067308,4544.991308,1,NaN,0,5.99999999999996,2,1,65,0.5
187,4547.077308,4546.350308,4546.482808,4547.077308,4559.309308,0,NaN,0,7.00000000000003,1,2,66,0.5
188,4560.990808,4559.876308,4560.306308,4560.938308,4564.467308,1,2.99999999999994,0.0299999999999997,7.00000000000003,1,2,66,0.5
189,4565.836308,4565.077308,4565.242808,4565.836308,4576.619308,1,NaN,0,5.99999999999996,2,1,65,0.5
190,4580.601808,4579.775308,4579.925308,4580.601808,4584.722308,1,NaN,0,5.99999999999996,2,1,65,0.5
191,4587.348808,4586.298308,4586.490808,4587.348808,4592.425808,1,NaN,0,5.99999999999996,2,1,65,0.5
192,4597.239808,4596.026808,4596.339308,4597.186808,4600.039808,0,2.99999999999994,0.0299999999999997,5.99999999999996,2,1,65,0.5
193,4603.288808,4602.037808,4602.246308,4603.288808,4603.609808,1,NaN,0,5.99999999999996,2,1,65,0.5
194,4610.357808,4609.423808,4609.676808,4610.355308,4614.633808,0,2.99999999999994,0.0299999999999997,5.99999999999996,2,1,65,0.5
195,4616.269808,4615.210308,4615.410308,4616.216808,4619.921808,1,2.99999999999994,0.0299999999999997,7.00000000000003,1,2,66,0.5
196,4621.254308,4620.361308,4620.528808,4621.254308,4627.721808,1,NaN,0,5.99999999999996,2,1,65,0.5
197,4630.075308,4628.988308,4629.462308,4630.072808,4633.714808,1,2.99999999999994,0.0299999999999997,7.00000000000003,1,2,66,0.5
198,4634.866808,4634.299308,4634.528808,4634.866808,4645.818808,1,NaN,0,5.99999999999996,2,1,65,0.5
199,4647.115308,4646.288308,4646.430808,4647.115308,4652.719808,1,NaN,0,5.99999999999996,2,1,65,0.5
200,4654.154308,4653.175808,4653.502808,4654.154308,4884.402808,1,NaN,0,5.99999999999996,2,1,65,0.5
201,4885.952308,4885.501308,4885.542308,4885.952308,4893.258308,1,NaN,0,5.99999999999996,2,1,65,0.5
202,4894.746308,4893.716808,4894.033808,4894.746308,4902.950308,1,NaN,0,5.99999999999996,2,1,65,0.5
203,4904.976308,4903.602308,4904.161308,4904.976308,4910.610308,1,NaN,0,5.99999999999996,2,1,65,0.5
204,4912.923308,4911.070308,4912.147808,4912.923308,4915.898308,0,NaN,0,7.00000000000003,1,2,66,0.5
205,4952.306308,4951.416808,4951.713808,4952.306308,4961.464308,1,NaN,0,5.99999999999996,2,1,65,0.5
206,4967.981808,4966.815308,4967.239308,4967.929308,4972.026308,0,2.99999999999994,0.0299999999999997,5.99999999999996,2,1,65,0.5
207,4974.596308,4973.606308,4973.736308,4974.593308,4978.250308,1,2.99999999999994,0.0299999999999997,7.00000000000003,1,2,66,0.5
208,4979.475308,4978.774308,4978.964308,4979.475308,4986.635308,1,NaN,0,5.99999999999996,2,1,65,0.5
209,4988.443308,4987.662808,4987.946808,4988.443308,5002.204808,0,NaN,0,7.00000000000003,1,2,66,0.5
210,5007.194808,5006.268308,5006.458308,5007.192808,5309.213308,1,2.99999999999994,0.0299999999999997,7.00000000000003,1,2,66,0.5
211,5311.212808,5310.130308,5310.301808,5311.160808,5317.670308,0,2.99999999999994,0.0299999999999997,5.99999999999996,2,1,65,0.5
212,5319.940308,5318.938808,5319.159308,5319.940308,5326.615808,1,NaN,0,5.99999999999996,2,1,65,0.5
213,5328.725308,5327.861308,5328.070808,5328.672308,5332.639308,1,2.99999999999994,0.0299999999999997,7.00000000000003,1,2,66,0.5
214,5333.961808,5333.358808,5333.484808,5333.959808,5338.092808,1,2.99999999999994,0.0299999999999997,7.00000000000003,1,2,66,0.5
215,5339.518808,5338.897308,5338.948808,5339.518808,5346.393308,1,NaN,0,5.99999999999996,2,1,65,0.5
216,5348.084808,5347.129308,5347.334808,5348.084808,5353.171808,1,NaN,0,5.99999999999996,2,1,65,0.5
217,5354.666308,5353.791308,5354.072808,5354.666308,5360.749308,0,NaN,0,7.00000000000003,1,2,66,0.5
218,5362.677808,5361.478308,5362.015308,5362.625308,5364.800308,0,2.99999999999994,0.0299999999999997,5.99999999999996,2,1,65,0.5
219,5366.882308,5365.736808,5366.198808,5366.882308,5374.712808,0,NaN,0,7.00000000000003,1,2,66,0.5
220,5378.762308,5377.887308,5378.120808,5378.762308,5390.557808,0,NaN,0,7.00000000000003,1,2,66,0.5
221,5396.081808,5395.345808,5395.474308,5396.081808,5402.554808,1,NaN,0,5.99999999999996,2,1,65,0.5
222,5404.390308,5403.006308,5403.639808,5404.387808,5407.888308,1,2.99999999999994,0.0299999999999997,7.00000000000003,1,2,66,0.5
223,5409.337808,5408.434808,5408.726308,5409.285308,5412.574808,1,2.99999999999994,0.0299999999999997,7.00000000000003,1,2,66,0.5
224,5413.787808,5413.174808,5413.271308,5413.787808,5432.758808,1,NaN,0,5.99999999999996,2,1,65,0.5
225,5436.927808,5436.195808,5436.270808,5436.927808,5449.757808,1,NaN,0,5.99999999999996,2,1,65,0.5
226,5458.599308,5457.546308,5457.948808,5458.599308,5493.287308,1,NaN,0,5.99999999999996,2,1,65,0.5
227,5536.157808,5535.037308,5535.331308,5536.157808,5540.532808,1,NaN,0,5.99999999999996,2,1,65,0.5
228,5542.908308,5542.115308,5542.246308,5542.908308,5548.822308,1,NaN,0,5.99999999999996,2,1,65,0.5
229,5550.313808,5549.223808,5549.574308,5550.260808,5553.739308,1,2.99999999999994,0.0299999999999997,7.00000000000003,1,2,66,0.5
230,5555.418308,5554.588308,5554.812808,5555.418308,5561.703808,1,NaN,0,5.99999999999996,2,1,65,0.5
231,5567.863808,5567.158308,5567.327808,5567.863808,5570.358808,1,NaN,0,5.99999999999996,2,1,65,0.5
232,5574.643308,5573.576808,5573.985308,5574.643308,5596.904308,1,NaN,0,5.99999999999996,2,1,65,0.5
233,5599.058308,5598.158308,5598.417808,5599.058308,5605.818808,1,NaN,0,5.99999999999996,2,1,65,0.5
234,5611.342808,5610.334808,5610.565308,5611.289808,5614.525808,0,2.99999999999994,0.0299999999999997,5.99999999999996,2,1,65,0.5
235,5629.526808,5628.051808,5628.260308,5629.526808,5657.224308,1,NaN,0,5.99999999999996,2,1,65,0.5
236,5660.608808,5659.590308,5659.911808,5660.608808,5665.304808,1,NaN,0,5.99999999999996,2,1,65,0.5
237,5667.174808,5666.113308,5666.583308,5667.122808,5670.664808,0,2.99999999999994,0.0299999999999997,5.99999999999996,2,1,65,0.5
238,5672.325308,5671.312308,5671.549308,5672.325308,5733.594308,1,NaN,0,5.99999999999996,2,1,65,0.5
239,5745.134308,5743.556808,5744.406308,5745.081308,5955.589308,0,2.99999999999994,0.0299999999999997,5.99999999999996,2,1,65,0.5
240,5957.798308,5956.601308,5956.769308,5957.796308,5961.717808,1,2.99999999999994,0.0299999999999997,7.00000000000003,1,2,66,0.5
241,5963.214308,5962.419808,5962.572308,5963.161808,5966.671308,1,2.99999999999994,0.0299999999999997,7.00000000000003,1,2,66,0.5
242,5969.498308,5968.622808,5968.748808,5969.445308,5974.474308,1,2.99999999999994,0.0299999999999997,7.00000000000003,1,2,66,0.5
243,5975.824308,5975.095308,5975.216308,5975.824308,5981.585308,1,NaN,0,5.99999999999996,2,1,65,0.5
244,5982.999308,5982.159808,5982.319308,5982.947308,5986.005308,1,2.99999999999994,0.0299999999999997,7.00000000000003,1,2,66,0.5
245,5987.996808,5987.181808,5987.357308,5987.994808,6034.327808,1,2.99999999999994,0.0299999999999997,7.00000000000003,1,2,66,0.5
246,6035.921808,6034.915308,6035.096808,6035.921808,6043.058808,1,NaN,0,5.99999999999996,2,1,65,0.5
247,6044.715308,6043.922808,6044.131808,6044.715308,6050.609308,1,NaN,0,5.99999999999996,2,1,65,0.5
248,6051.954308,6051.172308,6051.364308,6051.954308,6057.162308,1,NaN,0,5.99999999999996,2,1,65,0.5
249,6058.919308,6057.702808,6058.119308,6058.916308,6063.837308,1,2.99999999999994,0.0299999999999997,7.00000000000003,1,2,66,0.5
250,6065.327808,6064.557308,6064.725308,6065.327808,6070.648308,1,NaN,0,5.99999999999996,2,1,65,0.5
251,6073.500308,6072.174808,6072.715308,6073.497308,6079.312308,0,2.99999999999994,0.0299999999999997,5.99999999999996,2,1,65,0.5
252,6080.652308,6079.792308,6079.891308,6080.652308,6093.063308,1,NaN,0,5.99999999999996,2,1,65,0.5
253,6094.487308,6093.498808,6093.717308,6094.485308,6101.187808,1,2.99999999999994,0.0299999999999997,7.00000000000003,1,2,66,0.5
254,6103.462308,6102.693308,6102.809308,6103.462308,6108.045308,1,NaN,0,5.99999999999996,2,1,65,0.5
255,6119.606308,6118.701808,6118.808308,6119.606308,6132.930308,0,NaN,0,7.00000000000003,1,2,66,0.5
256,6134.247808,6133.581808,6133.654308,6134.247808,6163.222308,0,NaN,0,7.00000000000003,1,2,66,0.5
257,6165.180308,6164.003808,6164.428308,6165.177808,6168.840308,0,2.99999999999994,0.0299999999999997,5.99999999999996,2,1,65,0.5
258,6171.139308,6169.929308,6170.088308,6171.086808,6176.500308,1,2.99999999999994,0.0299999999999997,7.00000000000003,1,2,66,0.5
259,6178.165308,6176.983308,6177.055308,6178.165308,6182.289308,1,NaN,0,5.99999999999996,2,1,65,0.5
260,6185.274808,6184.245808,6184.501808,6185.274808,6191.332308,1,NaN,0,5.99999999999996,2,1,65,0.5
261,6195.570308,6194.814308,6194.922808,6195.518308,6201.413308,0,2.99999999999994,0.0299999999999997,5.99999999999996,2,1,65,0.5
262,6202.799308,6202.215308,6202.254808,6202.799308,6207.915308,1,NaN,0,5.99999999999996,2,1,65,0.5
263,6212.314808,6209.457808,6211.163808,6212.311808,6217.126308,1,2.99999999999994,0.0299999999999997,7.00000000000003,1,2,66,0.5
264,6218.329308,6217.756808,6217.876308,6218.329308,6230.238308,1,NaN,0,5.99999999999996,2,1,65,0.5
265,6233.454308,6232.497308,6232.698308,6233.454308,6239.396308,1,NaN,0,5.99999999999996,2,1,65,0.5
266,6241.521808,6240.425308,6240.678808,6241.519308,6244.459308,1,2.99999999999994,0.0299999999999997,7.00000000000003,1,2,66,0.5
267,6245.711808,6245.057308,6245.304308,6245.711808,6253.715308,1,NaN,0,5.99999999999996,2,1,65,0.5
268,6256.669308,6255.965808,6256.144808,6256.669308,6262.606308,1,NaN,0,5.99999999999996,2,1,65,0.5
269,6264.648308,6263.071808,6263.525308,6264.648308,6270.503808,1,NaN,0,5.99999999999996,2,1,65,0.5
270,6274.608308,6272.891308,6273.125808,6274.605308,6277.815308,1,2.99999999999994,0.0299999999999997,7.00000000000003,1,2,66,0.5
271,6279.241308,6278.445808,6278.650808,6279.241308,6281.969808,1,NaN,0,5.99999999999996,2,1,65,0.5
272,6288.605808,6286.993808,6287.813808,6288.553308,6291.941808,0,2.99999999999994,0.0299999999999997,5.99999999999996,2,1,65,0.5
273,6294.944808,6293.710308,6294.021808,6294.944808,6629.068308,1,NaN,0,5.99999999999996,2,1,65,0.5
274,6630.645808,6629.995808,6630.057308,6630.645808,6637.326808,0,NaN,0,7.00000000000003,1,2,66,0.5
275,6639.262308,6637.828308,6638.482308,6639.208808,6642.735808,1,2.99999999999994,0.0299999999999997,7.00000000000003,1,2,66,0.5
276,6644.051808,6643.338808,6643.522808,6643.998808,6646.662308,1,2.99999999999994,0.0299999999999997,7.00000000000003,1,2,66,0.5
277,6647.711308,6647.244808,6647.357308,6647.711308,6653.917808,1,NaN,0,5.99999999999996,2,1,65,0.5
278,6655.559308,6654.318808,6655.012808,6655.559308,6673.500308,1,NaN,0,5.99999999999996,2,1,65,0.5
279,6682.322808,6681.473808,6681.710808,6682.322808,6689.045808,1,NaN,0,5.99999999999996,2,1,65,0.5
280,6690.464808,6689.588308,6689.857808,6690.464808,6697.792808,1,NaN,0,5.99999999999996,2,1,65,0.5
281,6702.964308,6702.267808,6702.356808,6702.964308,6709.675808,1,NaN,0,5.99999999999996,2,1,65,0.5
282,6711.327808,6710.484308,6710.502308,6711.275808,6716.115808,0,2.99999999999994,0.0299999999999997,5.99999999999996,2,1,65,0.5
283,6718.215808,6717.321308,6717.536308,6718.215808,6729.537808,1,NaN,0,5.99999999999996,2,1,65,0.5
284,6746.233308,6745.550808,6745.786808,6746.233308,6764.432808,1,NaN,0,5.99999999999996,2,1,65,0.5
285,6769.624808,6768.592808,6768.961808,6769.624808,6774.487308,1,NaN,0,5.99999999999996,2,1,65,0.5
286,6776.506808,6775.690308,6775.958808,6776.454308,6779.811808,0,2.99999999999994,0.0299999999999997,5.99999999999996,2,1,65,0.5
287,6782.517808,6780.547308,6781.490808,6782.465308,6784.962808,0,2.99999999999994,0.0299999999999997,5.99999999999996,2,1,65,0.5
288,6787.687808,6786.892808,6787.032808,6787.687808,6794.370308,1,NaN,0,5.99999999999996,2,1,65,0.5
289,6797.056808,6795.997308,6796.264308,6797.004308,6801.131308,0,2.99999999999994,0.0299999999999997,5.99999999999996,2,1,65,0.5
290,6804.088808,6803.018808,6803.435308,6804.036308,6808.045308,0,2.99999999999994,0.0299999999999997,5.99999999999996,2,1,65,0.5
291,6810.600308,6809.700808,6809.786308,6810.600308,6814.187808,1,NaN,0,5.99999999999996,2,1,65,0.5
292,6817.815308,6816.779308,6816.995808,6817.813308,6820.929808,1,2.99999999999994,0.0299999999999997,7.00000000000003,1,2,66,0.5
293,6822.487808,6821.728808,6821.962808,6822.487808,6830.239808,1,NaN,0,5.99999999999996,2,1,65,0.5
294,6832.240308,6831.389808,6831.472808,6832.240308,6836.568308,1,NaN,0,5.99999999999996,2,1,65,0.5
295,6839.118308,6838.364808,6838.530308,6839.118308,6860.794808,1,NaN,0,5.99999999999996,2,1,65,0.5
296,6862.500308,6861.721308,6861.904308,6862.500308,6870.519808,0,NaN,0,7.00000000000003,1,2,66,0.5
297,6871.984808,6871.132808,6871.414308,6871.984808,6877.151308,0,NaN,0,7.00000000000003,1,2,66,0.5
298,6878.372308,6877.677808,6877.814308,6878.372308,6883.809808,1,NaN,0,5.99999999999996,2,1,65,0.5
299,6886.475308,6885.567308,6885.858308,6886.422808,6891.001808,0,2.99999999999994,0.0299999999999997,5.99999999999996,2,1,65,0.5
300,6893.914308,6892.908308,6893.269808,6893.914308,6895.538808,0,NaN,0,7.00000000000003,1,2,66,0.5
301,6903.865308,6902.988308,6903.217308,6903.812808,6906.802808,1,2.99999999999994,0.0299999999999997,7.00000000000003,1,2,66,0.5
302,6908.078808,6907.332308,6907.454808,6908.026308,6912.415808,1,2.99999999999994,0.0299999999999997,7.00000000000003,1,2,66,0.5
303,6913.682808,6913.059808,6913.185308,6913.637308,6917.801808,1,2.99999999999994,0.0299999999999997,7.00000000000003,1,2,66,0.5
304,6918.870308,6918.362308,6918.460808,6918.870308,6924.428308,1,NaN,0,5.99999999999996,2,1,65,0.5
305,7097.064308,7095.985308,7096.115308,7097.061808,7104.508808,0,2.99999999999994,0.0299999999999997,5.99999999999996,2,1,65,0.5
306,7105.768808,7104.964308,7105.012308,7105.716308,7111.991308,0,2.99999999999994,0.0299999999999997,5.99999999999996,2,1,65,0.5
307,7113.473808,7112.606308,7112.723308,7113.473808,7118.646808,1,NaN,0,5.99999999999996,2,1,65,0.5
308,7120.257308,7119.224808,7119.294808,7120.257308,7126.604308,1,NaN,0,5.99999999999996,2,1,65,0.5
309,7127.963808,7127.063308,7127.307808,7127.963808,7132.958808,1,NaN,0,5.99999999999996,2,1,65,0.5
310,7134.920808,7133.871308,7134.300808,7134.868308,7138.128308,0,2.99999999999994,0.0299999999999997,5.99999999999996,2,1,65,0.5
311,7139.658308,7138.955308,7139.168808,7139.658308,7186.058308,1,NaN,0,5.99999999999996,2,1,65,0.5
312,7198.828808,7197.722808,7197.887808,7198.828808,7203.217308,1,NaN,0,5.99999999999996,2,1,65,0.5
313,7206.076808,7205.254308,7205.402308,7206.076808,7209.786308,1,NaN,0,5.99999999999996,2,1,65,0.5
314,7213.365308,7212.539308,7212.714808,7213.365308,7218.449308,1,NaN,0,5.99999999999996,2,1,65,0.5
315,7221.434808,7220.457808,7220.706308,7221.382308,7227.880308,0,2.99999999999994,0.0299999999999997,5.99999999999996,2,1,65,0.5
316,7230.469308,7229.397308,7229.807808,7230.466808,7233.610308,0,2.99999999999994,0.0299999999999997,5.99999999999996,2,1,65,0.5
317,7258.309808,7257.146808,7257.409308,7258.309808,7267.601808,1,NaN,0,5.99999999999996,2,1,65,0.5
318,7269.454308,7268.471808,7268.642308,7269.401808,7272.551308,0,2.99999999999994,0.0299999999999997,5.99999999999996,2,1,65,0.5
319,7274.157808,7273.218308,7273.259308,7274.154808,7277.471308,1,2.99999999999994,0.0299999999999997,7.00000000000003,1,2,66,0.5
320,7279.005808,7278.108808,7278.433808,7279.005808,7285.509308,1,NaN,0,5.99999999999996,2,1,65,0.5
321,7287.793308,7286.012308,7286.412808,7287.740808,7291.751808,0,2.99999999999994,0.0299999999999997,5.99999999999996,2,1,65,0.5
322,7293.448308,7292.459308,7292.779808,7293.448308,7484.562308,1,NaN,0,5.99999999999996,2,1,65,0.5
323,7488.015808,7486.913308,7487.413808,7488.015808,7493.961308,1,NaN,0,5.99999999999996,2,1,65,0.5
324,7495.684308,7494.637808,7494.902308,7495.631308,7502.505308,0,2.99999999999994,0.0299999999999997,5.99999999999996,2,1,65,0.5
325,7503.979808,7503.021808,7503.213808,7503.977808,7510.132308,1,2.99999999999994,0.0299999999999997,7.00000000000003,1,2,66,0.5
326,7511.518808,7510.814308,7511.013308,7511.518808,7517.922308,1,NaN,0,5.99999999999996,2,1,65,0.5
327,7520.483308,7518.918808,7519.623808,7520.430308,7524.719308,0,2.99999999999994,0.0299999999999997,5.99999999999996,2,1,65,0.5
328,7526.742808,7525.748308,7525.852308,7526.742808,7531.429808,1,NaN,0,5.99999999999996,2,1,65,0.5
329,7533.610808,7532.448308,7532.798308,7533.557808,7540.767308,0,2.99999999999994,0.0299999999999997,5.99999999999996,2,1,65,0.5
330,7545.984808,7545.088808,7545.458308,7545.984808,7550.712808,1,NaN,0,5.99999999999996,2,1,65,0.5
331,7552.928808,7551.496808,7552.091308,7552.926808,7555.917808,0,2.99999999999994,0.0299999999999997,5.99999999999996,2,1,65,0.5
332,7557.661808,7556.737808,7556.847808,7557.608808,7560.640808,0,2.99999999999994,0.0299999999999997,5.99999999999996,2,1,65,0.5
333,7562.652808,7561.561308,7561.817808,7562.652808,7567.066308,1,NaN,0,5.99999999999996,2,1,65,0.5
334,7569.396308,7568.154808,7568.643308,7569.343308,7572.699808,0,2.99999999999994,0.0299999999999997,5.99999999999996,2,1,65,0.5
335,7574.705808,7573.462808,7573.774808,7574.705808,7583.989308,1,NaN,0,5.99999999999996,2,1,65,0.5
336,7587.971808,7586.583308,7586.815808,7587.919308,7633.566308,0,2.99999999999994,0.0299999999999997,5.99999999999996,2,1,65,0.5
337,7662.341308,7661.328808,7661.549308,7662.288308,7664.555808,0,2.99999999999994,0.0299999999999997,5.99999999999996,2,1,65,0.5
338,7666.693308,7665.769308,7665.888808,7666.693308,7673.392308,1,NaN,0,5.99999999999996,2,1,65,0.5
339,7677.226808,7676.435308,7676.595808,7677.206808,7681.952808,0,2.99999999999994,0.0299999999999997,5.99999999999996,2,1,65,0.5
340,7683.757808,7683.171808,7683.190308,7683.704808,7693.815308,0,2.99999999999994,0.0299999999999997,5.99999999999996,2,1,65,0.5
341,7705.066308,7703.788808,7703.973308,7705.013308,7708.286308,0,2.99999999999994,0.0299999999999997,5.99999999999996,2,1,65,0.5
342,7713.968808,7712.716308,7713.243308,7713.968808,7719.302308,0,NaN,0,7.00000000000003,1,2,66,0.5
343,7722.056808,7720.573808,7721.033808,7722.053808,7725.492308,1,2.99999999999994,0.0299999999999997,7.00000000000003,1,2,66,0.5
344,7726.932308,7726.248808,7726.540308,7726.932308,7733.202308,1,NaN,0,5.99999999999996,2,1,65,0.5
345,7735.131808,7734.146808,7734.172308,7735.128808,7738.603808,0,2.99999999999994,0.0299999999999997,5.99999999999996,2,1,65,0.5
346,7740.194308,7739.659808,7739.710808,7740.194308,7745.935308,0,NaN,0,7.00000000000003,1,2,66,0.5
347,7747.357808,7746.403308,7746.670308,7747.304808,7750.150808,1,2.99999999999994,0.0299999999999997,7.00000000000003,1,2,66,0.5
348,7751.448308,7750.651308,7750.805808,7751.395808,7754.596308,1,2.99999999999994,0.0299999999999997,7.00000000000003,1,2,66,0.5
349,7755.734808,7755.120308,7755.291808,7755.734808,7761.364308,1,NaN,0,5.99999999999996,2,1,65,0.5
350,7763.290308,7761.808308,7762.280308,7763.237808,7766.081308,0,2.99999999999994,0.0299999999999997,5.99999999999996,2,1,65,0.5
351,7768.371308,7767.045308,7767.129308,7768.368308,7771.968308,1,2.99999999999994,0.0299999999999997,7.00000000000003,1,2,66,0.5
352,7773.320808,7772.651308,7772.760808,7773.320808,7779.096808,1,NaN,0,5.99999999999996,2,1,65,0.5
353,7781.406808,7780.257808,7780.719308,7781.406808,7787.175308,0,NaN,0,7.00000000000003,1,2,66,0.5
354,7789.003308,7788.247808,7788.289308,7788.950808,7793.048808,0,2.99999999999994,0.0299999999999997,5.99999999999996,2,1,65,0.5
355,7795.240808,7793.987808,7794.499308,7795.240808,7802.178308,1,NaN,0,5.99999999999996,2,1,65,0.5
356,7804.151808,7802.739808,7803.322308,7804.098808,7807.108308,1,2.99999999999994,0.0299999999999997,7.00000000000003,1,2,66,0.5
357,7808.404308,7807.653308,7807.821808,7808.404308,7814.117808,1,NaN,0,5.99999999999996,2,1,65,0.5
358,7815.771808,7814.688808,7815.063308,7815.718308,7819.270808,0,2.99999999999994,0.0299999999999997,5.99999999999996,2,1,65,0.5
359,7820.855308,7819.904308,7820.271308,7820.855308,7826.970808,0,NaN,0,7.00000000000003,1,2,66,0.5
360,7828.473308,7827.593808,7827.863308,7828.420808,7831.273308,1,2.99999999999994,0.0299999999999997,7.00000000000003,1,2,66,0.5
361,7832.370808,7831.762308,7831.963808,7832.317308,7835.505308,1,2.99999999999994,0.0299999999999997,7.00000000000003,1,2,66,0.5
362,7837.024308,7836.348808,7836.501308,7837.024308,7842.096308,1,NaN,0,5.99999999999996,2,1,65,0.5
363,7844.100308,7842.739308,7843.198308,7844.046808,7846.729308,0,2.99999999999994,0.0299999999999997,5.99999999999996,2,1,65,0.5
364,7849.317808,7848.240808,7848.527308,7849.315808,7852.375808,1,2.99999999999994,0.0299999999999997,7.00000000000003,1,2,66,0.5
365,7853.595308,7852.912308,7853.030808,7853.595308,7859.738808,1,NaN,0,5.99999999999996,2,1,65,0.5
366,7864.577308,7863.959808,7864.045308,7864.577308,7870.731308,1,NaN,0,5.99999999999996,2,1,65,0.5
367,7872.374308,7871.275308,7871.764308,7872.374308,7878.061808,1,NaN,0,5.99999999999996,2,1,65,0.5
368,7880.273808,7879.313808,7879.668808,7880.273808,7887.084808,0,NaN,0,7.00000000000003,1,2,66,0.5
369,7888.440308,7887.581808,7887.849808,7888.440308,7895.278808,1,NaN,0,5.99999999999996,2,1,65,0.5
370,7897.065808,7895.727808,7896.341308,7897.012808,7899.753308,1,2.99999999999994,0.0299999999999997,7.00000000000003,1,2,66,0.5
371,7901.200808,7900.260808,7900.565308,7901.198308,7904.360308,1,2.99999999999994,0.0299999999999997,7.00000000000003,1,2,66,0.5
372,7906.207308,7905.578808,7905.652808,7906.207308,7912.303308,1,NaN,0,5.99999999999996,2,1,65,0.5
373,7913.581308,7912.775308,7913.087808,7913.581308,7919.270808,1,NaN,0,5.99999999999996,2,1,65,0.5
374,7921.037808,7919.769308,7920.350308,7921.035308,7924.015808,0,2.99999999999994,0.0299999999999997,5.99999999999996,2,1,65,0.5
375,7925.672308,7924.790808,7924.966308,7925.619308,7928.798308,0,2.99999999999994,0.0299999999999997,5.99999999999996,2,1,65,0.5
376,7931.250808,7930.694808,7930.726808,7931.230808,7933.790308,0,2.99999999999994,0.0299999999999997,5.99999999999996,2,1,65,0.5
377,7936.411808,7935.367308,7935.580308,7936.411808,7940.843308,1,NaN,0,5.99999999999996,2,1,65,0.5
378,7946.124308,7945.172808,7945.484308,7946.071808,7954.349808,0,2.99999999999994,0.0299999999999997,5.99999999999996,2,1,65,0.5
379,7955.892808,7955.075808,7955.326808,7955.892808,7969.382308,1,NaN,0,5.99999999999996,2,1,65,0.5
380,7970.838808,7969.909808,7970.147308,7970.785308,7974.367308,0,2.99999999999994,0.0299999999999997,5.99999999999996,2,1,65,0.5
381,7976.082808,7975.142808,7975.429808,7976.030308,7979.185308,0,2.99999999999994,0.0299999999999997,5.99999999999996,2,1,65,0.5
382,7981.177808,7980.062808,7980.124808,7981.177808,7993.172808,1,NaN,0,5.99999999999996,2,1,65,0.5
383,7994.619808,7993.837308,7994.098808,7994.619808,8001.800308,1,NaN,0,5.99999999999996,2,1,65,0.5
384,8082.639308,8081.084808,8081.550808,8082.636808,8085.700308,0,2.99999999999994,0.0299999999999997,5.99999999999996,2,1,65,0.5
385,8089.279308,8088.266308,8088.435308,8089.279308,8101.367808,1,NaN,0,5.99999999999996,2,1,65,0.5
386,8102.670308,8101.849308,8102.023808,8102.617808,8106.533308,0,2.99999999999994,0.0299999999999997,5.99999999999996,2,1,65,0.5
387,8107.987308,8107.138308,8107.294308,8107.934308,8110.747808,0,2.99999999999994,0.0299999999999997,5.99999999999996,2,1,65,0.5
388,8113.421308,8112.197808,8112.364808,8113.368808,8116.357808,1,2.99999999999994,0.0299999999999997,7.00000000000003,1,2,66,0.5
389,8117.636308,8116.984308,8117.106308,8117.636308,8123.697308,1,NaN,0,5.99999999999996,2,1,65,0.5
390,8125.392808,8124.256808,8124.476808,8125.392808,8131.154808,1,NaN,0,5.99999999999996,2,1,65,0.5
391,8133.264308,8132.391808,8132.546308,8133.211308,8136.695808,0,2.99999999999994,0.0299999999999997,5.99999999999996,2,1,65,0.5
392,8143.530308,8142.603308,8142.826808,8143.527808,8147.570308,0,2.99999999999994,0.0299999999999997,5.99999999999996,2,1,65,0.5
393,8149.421808,8148.467308,8148.542308,8149.369308,8155.047808,0,2.99999999999994,0.0299999999999997,5.99999999999996,2,1,65,0.5
394,8156.335808,8155.491808,8155.676808,8156.282808,8159.159308,1,2.99999999999994,0.0299999999999997,7.00000000000003,1,2,66,0.5
395,8160.204308,8159.703808,8159.821308,8160.204308,8166.131308,1,NaN,0,5.99999999999996,2,1,65,0.5
396,8169.563808,8166.781808,8168.167808,8169.560808,8172.604308,1,2.99999999999994,0.0299999999999997,7.00000000000003,1,2,66,0.5
397,8174.206808,8173.314308,8173.438808,8174.204808,8176.733308,1,2.99999999999994,0.0299999999999997,7.00000000000003,1,2,66,0.5
398,8177.967308,8177.261808,8177.451808,8177.967308,8185.880308,1,NaN,0,5.99999999999996,2,1,65,0.5
399,8187.322308,8186.533808,8186.633808,8187.270308,8190.299308,0,2.99999999999994,0.0299999999999997,5.99999999999996,2,1,65,0.5
400,8191.751808,8190.966308,8191.059308,8191.699308,8195.293308,0,2.99999999999994,0.0299999999999997,5.99999999999996,2,1,65,0.5
401,8197.227308,8196.498808,8196.568308,8197.174808,8201.058308,0,2.99999999999994,0.0299999999999997,5.99999999999996,2,1,65,0.5
402,8202.747808,8201.958808,8202.026808,8202.747808,8203.894808,0,NaN,0,7.00000000000003,1,2,66,0.5
403,8213.954308,8212.413808,8212.865308,8213.951808,8216.975308,1,2.99999999999994,0.0299999999999997,7.00000000000003,1,2,66,0.5
404,8218.162308,8217.483308,8217.649308,8218.109308,8220.891308,1,2.99999999999994,0.0299999999999997,7.00000000000003,1,2,66,0.5
405,8222.298308,8221.595308,8221.720808,8222.298308,8227.545808,1,NaN,0,5.99999999999996,2,1,65,0.5
406,8229.084308,8228.049808,8228.420808,8229.031308,8231.805808,1,2.99999999999994,0.0299999999999997,7.00000000000003,1,2,66,0.5
407,8233.142808,8232.476808,8232.585808,8233.142808,8238.240808,1,NaN,0,5.99999999999996,2,1,65,0.5
408,8240.053308,8238.930308,8239.504308,8240.053308,8246.557808,1,NaN,0,5.99999999999996,2,1,65,0.5
409,8248.019308,8247.047808,8247.377808,8247.966808,8250.609308,0,2.99999999999994,0.0299999999999997,5.99999999999996,2,1,65,0.5
410,8252.526808,8251.644808,8251.717308,8252.473808,8254.933808,0,2.99999999999994,0.0299999999999997,5.99999999999996,2,1,65,0.5
411,8268.516308,8267.669808,8267.768808,8268.463808,8274.046308,0,2.99999999999994,0.0299999999999997,5.99999999999996,2,1,65,0.5
412,8275.335808,8274.579808,8274.716308,8275.335808,8280.280808,0,NaN,0,7.00000000000003,1,2,66,0.5
413,8281.601308,8280.746308,8280.958808,8281.598308,8283.990308,0,2.99999999999994,0.0299999999999997,5.99999999999996,2,1,65,0.5
414,8286.390308,8285.163308,8285.457308,8286.387808,8288.644308,1,2.99999999999994,0.0299999999999997,7.00000000000003,1,2,66,0.5
415,8289.936308,8289.189808,8289.417808,8289.933808,8292.346808,1,2.99999999999994,0.0299999999999997,7.00000000000003,1,2,66,0.5
416,8293.538308,8292.900308,8293.142308,8293.538308,8299.263808,1,NaN,0,5.99999999999996,2,1,65,0.5
417,8300.584308,8299.713308,8299.961808,8300.584308,8307.002308,1,NaN,0,5.99999999999996,2,1,65,0.5
418,8312.195808,8311.428308,8311.645808,8312.195808,8314.623808,1,NaN,0,5.99999999999996,2,1,65,0.5
419,8319.075808,8318.095308,8318.187308,8319.023308,8322.159808,0,2.99999999999994,0.0299999999999997,5.99999999999996,2,1,65,0.5
420,8323.775808,8322.761308,8322.955808,8323.723308,8326.193308,0,2.99999999999994,0.0299999999999997,5.99999999999996,2,1,65,0.5
421,8328.167308,8327.356308,8327.582808,8328.165308,8330.167808,1,2.99999999999994,0.0299999999999997,7.00000000000003,1,2,66,0.5
422,8331.840308,8330.976808,8331.139308,8331.837808,8334.416308,1,2.99999999999994,0.0299999999999997,7.00000000000003,1,2,66,0.5
423,8335.885808,8334.994808,8335.195808,8335.833308,8338.185308,1,2.99999999999994,0.0299999999999997,7.00000000000003,1,2,66,0.5
424,8339.604308,8338.676308,8338.927808,8339.604308,8711.455308,1,NaN,0,5.99999999999996,2,1,65,0.5
425,8715.729808,8714.129308,8714.612808,8715.677308,8720.864808,1,2.99999999999994,0.0299999999999997,7.00000000000003,1,2,66,0.5
426,8722.376308,8721.527308,8721.620308,8722.376308,8731.858308,1,NaN,0,5.99999999999996,2,1,65,0.5
427,8734.299308,8733.358808,8733.641808,8734.299308,8739.447808,1,NaN,0,5.99999999999996,2,1,65,0.5
428,8776.437808,8775.633308,8775.839308,8776.437808,8783.453808,0,NaN,0,7.00000000000003,1,2,66,0.5
429,8784.761808,8783.919308,8784.161808,8784.709808,8788.410308,0,2.99999999999994,0.0299999999999997,5.99999999999996,2,1,65,0.5
430,8790.017808,8789.070808,8789.371308,8790.017808,8795.926808,0,NaN,0,7.00000000000003,1,2,66,0.5
431,8797.470308,8796.461808,8796.740808,8797.467808,8800.331808,1,2.99999999999994,0.0299999999999997,7.00000000000003,1,2,66,0.5
432,8801.915808,8801.019808,8801.199808,8801.915808,8806.940308,1,NaN,0,5.99999999999996,2,1,65,0.5
433,8808.739308,8807.556308,8808.036808,8808.739308,8814.179808,0,NaN,0,7.00000000000003,1,2,66,0.5
434,8818.120808,8817.260808,8817.578308,8818.120808,8821.105308,1,NaN,0,5.99999999999996,2,1,65,0.5
435,8827.292808,8826.347808,8826.644308,8827.292808,8832.862308,1,NaN,0,5.99999999999996,2,1,65,0.5
436,8837.515308,8836.455808,8836.950308,8837.515308,8857.484808,0,NaN,0,7.00000000000003,1,2,66,0.5
437,8874.988808,8873.607808,8873.692308,8874.936308,8896.711308,1,2.99999999999994,0.0299999999999997,7.00000000000003,1,2,66,0.5
438,8898.597308,8897.620808,8897.760308,8898.597308,8903.466808,0,NaN,0,7.00000000000003,1,2,66,0.5
439,8907.779308,8907.004308,8907.217308,8907.779308,8909.187808,1,NaN,0,5.99999999999996,2,1,65,0.5
440,8953.735808,8952.743808,8953.032308,8953.735808,8964.234308,0,NaN,0,7.00000000000003,1,2,66,0.5
441,8967.828308,8966.826808,8967.114308,8967.775808,8971.390308,1,2.99999999999994,0.0299999999999997,7.00000000000003,1,2,66,0.5
442,8972.986308,8972.224808,8972.443808,8972.986308,9138.026308,1,NaN,0,5.99999999999996,2,1,65,0.5
443,9353.738308,9352.586808,9352.677808,9353.738308,9353.805808,0,NaN,0,7.00000000000003,1,2,66,0.5
444,9369.207808,9368.133308,9368.277808,9369.205308,9377.479308,0,2.99999999999994,0.0299999999999997,5.99999999999996,2,1,65,0.5
445,9378.893308,9378.007308,9378.239308,9378.893308,9391.326808,1,NaN,0,5.99999999999996,2,1,65,0.5
446,9393.236808,9391.828808,9392.176808,9393.234308,9396.508308,1,2.99999999999994,0.0299999999999997,7.00000000000003,1,2,66,0.5
447,9397.838308,9397.040808,9397.194808,9397.838308,9484.739308,1,NaN,0,5.99999999999996,2,1,65,0.5
448,9486.892308,9485.680808,9485.956808,9486.889308,9489.734808,0,2.99999999999994,0.0299999999999997,5.99999999999996,2,1,65,0.5
449,9492.135308,9491.010808,9491.336808,9492.082308,9495.255808,0,2.99999999999994,0.0299999999999997,5.99999999999996,2,1,65,0.5
450,9496.753308,9496.013808,9496.107808,9496.753308,9503.405308,1,NaN,0,5.99999999999996,2,1,65,0.5
451,9507.789308,9506.949308,9507.152308,9507.789308,9508.645308,1,NaN,0,5.99999999999996,2,1,65,0.5
452,9514.784308,9514.012808,9514.228808,9514.784308,9518.096808,1,NaN,0,5.99999999999996,2,1,65,0.5
453,9522.808808,9521.898308,9522.155808,9522.808808,9526.960808,0,NaN,0,7.00000000000003,1,2,66,0.5
454,9531.245308,9530.381308,9530.607808,9531.245308,9538.334808,1,NaN,0,5.99999999999996,2,1,65,0.5
455,9541.303308,9540.075308,9540.589308,9541.303308,9549.729308,1,NaN,0,5.99999999999996,2,1,65,0.5
456,9552.448808,9551.325308,9551.459308,9552.446308,9555.583308,1,2.99999999999994,0.0299999999999997,7.00000000000003,1,2,66,0.5
457,9557.715808,9556.792308,9557.009308,9557.715808,9561.365308,0,NaN,0,7.00000000000003,1,2,66,0.5
458,9564.378308,9563.147308,9563.890308,9564.378308,9819.702308,1,NaN,0,5.99999999999996,2,1,65,0.5
459,9822.654808,9821.352808,9821.486308,9822.602308,9825.427308,0,2.99999999999994,0.0299999999999997,5.99999999999996,2,1,65,0.5
460,9828.261808,9827.260308,9827.409808,9828.209308,9833.915808,0,2.99999999999994,0.0299999999999997,5.99999999999996,2,1,65,0.5
461,9836.297308,9834.796308,9835.255308,9836.294808,9842.087308,1,2.99999999999994,0.0299999999999997,7.00000000000003,1,2,66,0.5
462,9843.877808,9843.094308,9843.286808,9843.877808,9849.271808,1,NaN,0,5.99999999999996,2,1,65,0.5
463,9851.165308,9850.113808,9850.451808,9851.165308,9851.706308,1,NaN,0,5.99999999999996,2,1,65,0.5
464,9867.356308,9866.261308,9866.492808,9867.303808,9873.377808,0,2.99999999999994,0.0299999999999997,5.99999999999996,2,1,65,0.5
465,9875.179308,9874.415808,9874.547308,9875.179308,9880.188808,0,NaN,0,7.00000000000003,1,2,66,0.5
466,9882.446308,9881.544808,9881.794308,9882.446308,9921.854808,0,NaN,0,7.00000000000003,1,2,66,0.5
467,9929.009808,9927.704808,9927.724808,9929.009808,9935.169808,0,NaN,0,7.00000000000003,1,2,66,0.5
468,9943.210308,9942.150808,9942.352308,9943.208308,9946.986808,1,2.99999999999994,0.0299999999999997,7.00000000000003,1,2,66,0.5
469,9948.703808,9947.755308,9947.916808,9948.701308,9952.331808,1,2.99999999999994,0.0299999999999997,7.00000000000003,1,2,66,0.5
470,9954.327308,9953.548308,9953.698308,9954.274308,9958.080308,1,2.99999999999994,0.0299999999999997,7.00000000000003,1,2,66,0.5
471,9959.719808,9958.722808,9958.915808,9959.666808,9963.302308,1,2.99999999999994,0.0299999999999997,7.00000000000003,1,2,66,0.5
472,9966.522808,9966.061308,9966.174808,9966.522808,9969.295808,1,NaN,0,5.99999999999996,2,1,65,0.5
473,9992.351808,9991.525808,9991.668808,9992.351808,9999.429808,0,NaN,0,7.00000000000003,1,2,66,0.5
474,10031.873808,10031.055308,10031.339308,10031.873808,10038.297308,1,NaN,0,5.99999999999996,2,1,65,0.5
475,10041.211308,10040.149808,10040.461308,10041.158308,10044.934308,0,2.99999999999994,0.0299999999999997,5.99999999999996,2,1,65,0.5
476,10047.141308,10046.333808,10046.344808,10047.141308,10054.649308,0,NaN,0,7.00000000000003,1,2,66,0.5
477,10057.280808,10056.361308,10056.473308,10057.278808,10061.926808,1,2.99999999999994,0.0299999999999997,7.00000000000003,1,2,66,0.5
478,10063.357808,10062.517808,10062.691308,10063.305308,10066.822308,1,2.99999999999994,0.0299999999999997,7.00000000000003,1,2,66,0.5
479,10438.233308,10435.793308,10436.099808,10438.230308,10447.955808,0,2.99999999999994,0.0299999999999997,5.99999999999996,2,1,65,0.5
480,10482.282308,10481.251308,10481.283308,10482.229308,10485.093808,0,2.99999999999994,0.0299999999999997,5.99999999999996,2,1,65,0.5
481,10494.306308,10493.346308,10493.434308,10494.253808,10498.708308,0,2.99999999999994,0.0299999999999997,5.99999999999996,2,1,65,0.5
482,10502.505808,10500.912308,10500.985808,10501.955308,10756.402308,1,NaN,0,7.00000000000003,1,2,66,0.5
483,10758.592808,10757.426808,10757.694808,10758.592808,10763.538308,1,NaN,0,5.99999999999996,2,1,65,0.5
484,10765.909808,10764.814808,10765.155308,10765.909808,10771.527808,0,NaN,0,7.00000000000003,1,2,66,0.5
485,10773.676808,10772.833308,10773.026308,10773.624308,10777.923308,1,2.99999999999994,0.0299999999999997,7.00000000000003,1,2,66,0.5
486,10779.530808,10778.692308,10778.890808,10779.530808,10867.321808,1,NaN,0,5.99999999999996,2,1,65,0.5
487,10869.630308,10868.576808,10868.968808,10869.577808,10876.078808,0,2.99999999999994,0.0299999999999997,5.99999999999996,2,1,65,0.5
488,10877.460808,10876.563308,10876.800308,10877.460808,10882.337308,1,NaN,0,5.99999999999996,2,1,65,0.5
489,10884.356808,10882.997308,10883.588308,10884.304808,10889.313308,0,2.99999999999994,0.0299999999999997,5.99999999999996,2,1,65,0.5
490,10891.772308,10890.640308,10891.035808,10891.769308,10894.974308,0,2.99999999999994,0.0299999999999997,5.99999999999996,2,1,65,0.5
491,10896.807808,10895.906808,10896.043308,10896.804808,10906.887808,0,2.99999999999994,0.0299999999999997,5.99999999999996,2,1,65,0.5
492,10908.807308,10907.706808,10908.127308,10908.807308,10914.457808,0,NaN,0,7.00000000000003,1,2,66,0.5
493,10915.979808,10914.902808,10915.278808,10915.979808,10919.429308,1,NaN,0,5.99999999999996,2,1,65,0.5
494,10923.299308,10922.126808,10922.595808,10923.246808,10925.790808,0,2.99999999999994,0.0299999999999997,5.99999999999996,2,1,65,0.5
495,10928.079308,10927.065308,10927.483808,10928.079308,10934.201808,0,NaN,0,7.00000000000003,1,2,66,0.5
496,10935.810808,10934.623808,10935.170308,10935.758808,10939.131308,1,2.99999999999994,0.0299999999999997,7.00000000000003,1,2,66,0.5
497,10940.841308,10940.028808,10940.207308,10940.841308,11061.321808,1,NaN,0,5.99999999999996,2,1,65,0.5
498,11063.921308,11062.713808,11062.999808,11063.921308,11084.248808,1,NaN,0,5.99999999999996,2,1,65,0.5
499,11094.087808,11093.006308,11093.069808,11094.035808,11101.338308,0,2.99999999999994,0.0299999999999997,5.99999999999996,2,1,65,0.5
500,11102.790308,11101.924808,11102.196808,11102.790308,11107.421308,1,NaN,0,5.99999999999996,2,1,65,0.5
501,11109.549308,11108.487308,11108.640808,11109.546808,11114.050808,1,2.99999999999994,0.0299999999999997,7.00000000000003,1,2,66,0.5
502,11115.337808,11114.620308,11114.783808,11115.337808,11123.455308,1,NaN,0,5.99999999999996,2,1,65,0.5
503,11126.979308,11126.168808,11126.404808,11126.979308,11134.053808,1,NaN,0,5.99999999999996,2,1,65,0.5
504,11135.535808,11134.483308,11134.739308,11135.535808,11141.457808,1,NaN,0,5.99999999999996,2,1,65,0.5
505,11148.289308,11143.208808,11143.456808,11147.738808,11152.620308,0,NaN,0,5.99999999999996,2,1,65,0.5
506,11154.991308,11153.887308,11154.248808,11154.937808,11157.522308,0,2.99999999999994,0.0299999999999997,5.99999999999996,2,1,65,0.5
507,11160.183808,11159.628808,11159.705308,11160.183808,11160.622308,0,NaN,0,7.00000000000003,1,2,66,0.5
508,11181.969308,11181.128808,11181.268308,11181.916808,11647.526308,0,2.99999999999994,0.0299999999999997,5.99999999999996,2,1,65,0.5
509,11713.434808,11712.380308,11712.668808,11713.434808,11713.765308,1,NaN,0,5.99999999999996,2,1,65,0.5
510,11724.191808,11722.964808,11723.405808,11724.191808,11746.256308,0,NaN,0,7.00000000000003,1,2,66,0.5
511,11748.543308,11747.469308,11747.748808,11748.490308,11751.266808,0,2.99999999999994,0.0299999999999997,5.99999999999996,2,1,65,0.5
512,11755.784808,11754.345308,11754.591308,11755.782308,11759.539808,1,2.99999999999994,0.0299999999999997,7.00000000000003,1,2,66,0.5
513,11761.196808,11760.398808,11760.627308,11761.196808,11761.980808,1,NaN,0,5.99999999999996,2,1,65,0.5
514,11770.055808,11769.043308,11769.089808,11770.055808,11785.386308,0,NaN,0,7.00000000000003,1,2,66,0.5
515,11787.117808,11785.857808,11786.182808,11787.064808,11790.116808,1,2.99999999999994,0.0299999999999997,7.00000000000003,1,2,66,0.5
516,11792.063308,11790.885808,11791.079308,11792.063308,11974.547308,1,NaN,0,5.99999999999996,2,1,65,0.5
517,11976.998308,11975.477808,11975.817808,11976.995808,11980.618308,1,2.99999999999994,0.0299999999999997,7.00000000000003,1,2,66,0.5
518,11982.504808,11981.791808,11981.875808,11982.504808,11986.699808,1,NaN,0,5.99999999999996,2,1,65,0.5
519,11990.980308,11990.141808,11990.290808,11990.980308,11997.730308,1,NaN,0,5.99999999999996,2,1,65,0.5
520,12000.025808,11999.247308,11999.388808,12000.025808,12006.067808,1,NaN,0,5.99999999999996,2,1,65,0.5
521,12008.361808,12007.171808,12007.769308,12008.361808,12012.271808,0,NaN,0,7.00000000000003,1,2,66,0.5
522,12016.214308,12015.089308,12015.340808,12016.161308,12020.432308,1,2.99999999999994,0.0299999999999997,7.00000000000003,1,2,66,0.5
523,12021.537808,12020.965308,12021.121308,12021.537808,12084.410808,1,NaN,0,5.99999999999996,2,1,65,0.5
524,12085.917808,12084.999808,12085.221808,12085.917808,12101.650308,1,NaN,0,5.99999999999996,2,1,65,0.5
525,12104.369308,12102.900808,12103.177308,12104.316308,12108.436808,1,2.99999999999994,0.0299999999999997,7.00000000000003,1,2,66,0.5
526,12109.989808,12109.079308,12109.310308,12109.989808,12115.285308,1,NaN,0,5.99999999999996,2,1,65,0.5
527,12117.828308,12116.212808,12116.808808,12117.775808,12122.044308,1,2.99999999999994,0.0299999999999997,7.00000000000003,1,2,66,0.5
528,12123.694808,12122.628308,12122.972808,12123.694808,12129.151308,1,NaN,0,5.99999999999996,2,1,65,0.5
529,12131.597308,12130.312808,12130.704308,12131.597308,12136.496808,1,NaN,0,5.99999999999996,2,1,65,0.5
530,12139.931808,12138.531808,12138.958808,12139.878808,12143.335808,1,2.99999999999994,0.0299999999999997,7.00000000000003,1,2,66,0.5
531,12144.934308,12144.010308,12144.358808,12144.934308,12151.859308,1,NaN,0,5.99999999999996,2,1,65,0.5
532,12154.381308,12152.849808,12153.596808,12154.381308,12161.695808,1,NaN,0,5.99999999999996,2,1,65,0.5
533,12163.684808,12162.530308,12162.938808,12163.632308,12167.625808,0,2.99999999999994,0.0299999999999997,5.99999999999996,2,1,65,0.5
534,12170.241808,12169.217308,12169.304308,12170.188808,12174.052808,1,2.99999999999994,0.0299999999999997,7.00000000000003,1,2,66,0.5
535,12175.440808,12174.625808,12174.771308,12175.440808,12182.070308,1,NaN,0,5.99999999999996,2,1,65,0.5
536,12183.466308,12182.550808,12182.799308,12183.466308,12188.192308,1,NaN,0,5.99999999999996,2,1,65,0.5
537,12191.421308,12190.460308,12190.744808,12191.368808,12194.851308,0,2.99999999999994,0.0299999999999997,5.99999999999996,2,1,65,0.5
538,12197.202808,12196.205308,12196.491308,12197.150308,12202.023308,0,2.99999999999994,0.0299999999999997,5.99999999999996,2,1,65,0.5
539,12203.933308,12202.857808,12202.918808,12203.933308,12206.352308,0,NaN,0,7.00000000000003,1,2,66,0.5
540,12211.456308,12210.095808,12210.435308,12211.454308,12214.524808,1,2.99999999999994,0.0299999999999997,7.00000000000003,1,2,66,0.5
541,12216.447808,12215.278808,12215.561308,12216.395308,12219.157808,1,2.99999999999994,0.0299999999999997,7.00000000000003,1,2,66,0.5
542,12220.657808,12219.851808,12220.100308,12220.657808,12225.963308,1,NaN,0,5.99999999999996,2,1,65,0.5
543,12227.876808,12227.019308,12227.288808,12227.876808,12233.882308,1,NaN,0,5.99999999999996,2,1,65,0.5
544,12235.685808,12234.753808,12234.940808,12235.683308,12241.706808,0,2.99999999999994,0.0299999999999997,5.99999999999996,2,1,65,0.5
545,12243.490808,12242.593808,12242.670308,12243.488808,12246.262308,0,2.99999999999994,0.0299999999999997,5.99999999999996,2,1,65,0.5
546,12248.198308,12247.141808,12247.298808,12248.146308,12254.108308,0,2.99999999999994,0.0299999999999997,5.99999999999996,2,1,65,0.5
547,12255.815808,12254.709308,12254.906308,12255.812808,12259.154308,1,2.99999999999994,0.0299999999999997,7.00000000000003,1,2,66,0.5
548,12261.282808,12260.309808,12260.491808,12261.280308,12266.480308,1,2.99999999999994,0.0299999999999997,7.00000000000003,1,2,66,0.5
549,12269.926308,12269.134308,12269.353308,12269.926308,12275.037308,1,NaN,0,5.99999999999996,2,1,65,0.5
550,12277.121308,12276.389308,12276.575808,12277.121308,12283.626308,0,NaN,0,7.00000000000003,1,2,66,0.5
551,12285.758808,12284.148308,12284.902308,12285.706808,12289.697808,1,2.99999999999994,0.0299999999999997,7.00000000000003,1,2,66,0.5
552,12292.358808,12291.339808,12291.534808,12292.358808,12297.815808,1,NaN,0,5.99999999999996,2,1,65,0.5
553,12299.433808,12298.587808,12298.803308,12299.431308,12302.343308,0,2.99999999999994,0.0299999999999997,5.99999999999996,2,1,65,0.5
554,12303.817808,12303.163808,12303.187808,12303.817808,12309.668808,0,NaN,0,7.00000000000003,1,2,66,0.5
555,12312.895808,12311.804808,12312.115808,12312.893308,12316.244808,1,2.99999999999994,0.0299999999999997,7.00000000000003,1,2,66,0.5
556,12318.070808,12316.726308,12317.201308,12318.068808,12320.539808,1,2.99999999999994,0.0299999999999997,7.00000000000003,1,2,66,0.5
557,12322.147808,12321.114808,12321.408308,12322.147808,12326.368808,1,NaN,0,5.99999999999996,2,1,65,0.5
558,12330.931308,12329.476808,12329.915308,12330.878808,12333.748808,1,2.99999999999994,0.0299999999999997,7.00000000000003,1,2,66,0.5
559,12338.525308,12337.374808,12337.872308,12338.472808,12343.857308,0,2.99999999999994,0.0299999999999997,5.99999999999996,2,1,65,0.5
560,12345.706308,12344.492308,12344.975808,12345.706308,12352.605308,0,NaN,0,7.00000000000003,1,2,66,0.5
561,12354.565808,12353.305308,12353.819808,12354.513308,12365.622808,1,2.99999999999994,0.0299999999999997,7.00000000000003,1,2,66,0.5
562,12367.609808,12366.136308,12366.684808,12367.607308,12370.545308,1,2.99999999999994,0.0299999999999997,7.00000000000003,1,2,66,0.5
563,12372.538808,12371.618308,12371.815308,12372.538808,12376.303308,1,NaN,0,5.99999999999996,2,1,65,0.5
564,12385.281808,12384.244308,12384.446808,12385.281808,12390.064308,1,NaN,0,5.99999999999996,2,1,65,0.5
565,12393.467808,12391.837808,12392.489308,12393.467808,12399.266808,0,NaN,0,7.00000000000003,1,2,66,0.5
566,12401.159308,12399.855808,12400.231808,12401.156308,12403.546808,1,2.99999999999994,0.0299999999999997,7.00000000000003,1,2,66,0.5
567,12405.136808,12404.291808,12404.494808,12405.136808,12405.365308,1,NaN,0,5.99999999999996,2,1,65,0.5
568,12412.867808,12411.440808,12411.761308,12412.815808,12415.769308,0,2.99999999999994,0.0299999999999997,5.99999999999996,2,1,65,0.5
569,12417.704308,12416.592808,12416.881808,12417.704308,12425.997308,1,NaN,0,5.99999999999996,2,1,65,0.5
570,12427.843808,12427.030808,12427.274308,12427.843808,12429.091808,1,NaN,0,5.99999999999996,2,1,65,0.5
571,12438.338808,12437.116808,12437.366308,12438.335808,12441.016308,1,2.99999999999994,0.0299999999999997,7.00000000000003,1,2,66,0.5
572,12442.555308,12441.705808,12441.877808,12442.555308,12485.326808,1,NaN,0,5.99999999999996,2,1,65,0.5
573,12490.937808,12489.962808,12490.226808,12490.885308,12493.989308,0,2.99999999999994,0.0299999999999997,5.99999999999996,2,1,65,0.5
574,12496.006308,12495.341808,12495.359808,12495.953808,12499.530308,0,2.99999999999994,0.0299999999999997,5.99999999999996,2,1,65,0.5
575,12501.542808,12500.695808,12500.797808,12501.542808,12509.844308,0,NaN,0,7.00000000000003,1,2,66,0.5
576,12514.950808,12513.197808,12513.458808,12514.400308,12521.859808,1,NaN,0,7.00000000000003,1,2,66,0.5
577,12525.229808,12523.602308,12524.090308,12525.229808,12531.175808,0,NaN,0,7.00000000000003,1,2,66,0.5
578,12536.289308,12535.215808,12535.467308,12536.289308,12543.976308,1,NaN,0,5.99999999999996,2,1,65,0.5
579,12545.369308,12544.470308,12544.677308,12545.369308,12566.272308,0,NaN,0,7.00000000000003,1,2,66,0.5
580,12568.848308,12568.089308,12568.347808,12568.848308,12576.021808,0,NaN,0,7.00000000000003,1,2,66,0.5
581,12578.722808,12577.795308,12578.137808,12578.722808,12590.222808,1,NaN,0,5.99999999999996,2,1,65,0.5
582,12599.974308,12599.127808,12599.267808,12599.974308,12606.535808,0,NaN,0,7.00000000000003,1,2,66,0.5
583,12609.116808,12608.248808,12608.472808,12609.116808,12609.641308,1,NaN,0,5.99999999999996,2,1,65,0.5
584,12618.954808,12617.845808,12618.116308,12618.902308,12621.740808,0,2.99999999999994,0.0299999999999997,5.99999999999996,2,1,65,0.5
585,12737.646808,12725.025308,12725.240308,NaN,12740.407308,NaN,NaN,0,7.00000000000003,1,2,66,0.5
586,12748.520808,12747.574808,12747.849808,12748.520808,12749.001308,1,NaN,0,5.99999999999996,2,1,65,0.5
587,12888.210808,12885.380308,12887.000308,12888.208308,12892.180308,1,2.99999999999994,0.0299999999999997,7.00000000000003,1,2,66,0.5
588,12894.885808,12893.485808,12894.145308,12894.885808,12900.236808,1,NaN,0,5.99999999999996,2,1,65,0.5
589,12901.972308,12900.802308,12901.117808,12901.953808,12905.726308,0,2.99999999999994,0.0299999999999997,5.99999999999996,2,1,65,0.5
590,12909.563808,12908.083808,12908.627308,12909.511308,12913.382808,1,2.99999999999994,0.0299999999999997,7.00000000000003,1,2,66,0.5
591,12915.105308,12914.214308,12914.542308,12915.105308,12920.085308,1,NaN,0,5.99999999999996,2,1,65,0.5
592,12924.142308,12923.026308,12923.376808,12924.142308,12928.240808,1,NaN,0,5.99999999999996,2,1,65,0.5
593,12932.558308,12931.122808,12931.817808,12932.505308,12935.833808,0,2.99999999999994,0.0299999999999997,5.99999999999996,2,1,65,0.5
594,12938.896808,12937.987308,12938.261308,12938.844308,12942.952308,0,2.99999999999994,0.0299999999999997,5.99999999999996,2,1,65,0.5
595,12944.973308,12943.874308,12943.960808,12944.920808,12949.096308,0,2.99999999999994,0.0299999999999997,5.99999999999996,2,1,65,0.5
596,12952.536308,12951.738308,12951.894308,12952.483808,12955.218308,0,2.99999999999994,0.0299999999999997,5.99999999999996,2,1,65,0.5
597,12957.466808,12956.626308,12956.790308,12957.466808,12962.728308,0,NaN,0,7.00000000000003,1,2,66,0.5
598,12967.288808,12965.132308,12966.286808,12967.236308,12970.954308,1,2.99999999999994,0.0299999999999997,7.00000000000003,1,2,66,0.5
599,12973.510808,12972.009808,12972.525808,12973.508308,12976.237308,1,2.99999999999994,0.0299999999999997,7.00000000000003,1,2,66,0.5
600,12978.579308,12977.162308,12977.622308,12978.576808,12981.746808,1,2.99999999999994,0.0299999999999997,7.00000000000003,1,2,66,0.5
601,12984.169808,12983.007308,12983.195308,12984.169808,13147.156308,1,NaN,0,5.99999999999996,2,1,65,0.5
602,13149.971808,13148.855808,13149.144808,13149.971808,13153.920308,1,NaN,0,5.99999999999996,2,1,65,0.5
603,13162.396308,13161.341808,13161.539308,13162.396308,13184.568808,1,NaN,0,5.99999999999996,2,1,65,0.5
604,13188.890308,13188.031808,13188.168308,13188.837308,13312.520808,0,2.99999999999994,0.0299999999999997,5.99999999999996,2,1,65,0.5
605,13315.240308,13314.263308,13314.425308,13315.240308,13341.965808,0,NaN,0,7.00000000000003,1,2,66,0.5
606,13413.995808,13411.980808,13412.277808,13413.444808,NaN,0,NaN,0,5.99999999999996,2,1,65,0.5
607,13834.112308,13833.251808,13833.406808,13834.112308,13834.147808,0,NaN,0,7.00000000000003,1,2,66,0.5
608,13876.866308,13875.828308,13876.241308,13876.866308,13900.414808,0,NaN,0,7.00000000000003,1,2,66,0.5
609,13902.543308,13901.302308,13901.593308,13902.541308,13905.345808,0,2.99999999999994,0.0299999999999997,5.99999999999996,2,1,65,0.5
610,13922.466308,13921.184308,13921.564308,13922.466308,13940.790808,0,NaN,0,7.00000000000003,1,2,66,0.5
611,13997.820308,13996.582808,13997.134308,13997.817808,14001.254308,1,2.99999999999994,0.0299999999999997,7.00000000000003,1,2,66,0.5
612,14033.568808,14032.373808,14032.759308,14033.568808,14037.190308,0,NaN,0,7.00000000000003,1,2,66,0.5
613,14221.993808,14220.641808,14220.981808,14221.940808,14226.566308,1,2.99999999999994,0.0299999999999997,7.00000000000003,1,2,66,0.5
614,14228.365308,14227.282808,14227.449308,14228.365308,14229.208308,1,NaN,0,5.99999999999996,2,1,65,0.5
615,14239.088808,14238.135808,14238.165308,14239.088808,14252.756808,0,NaN,0,7.00000000000003,1,2,66,0.5
616,14270.776308,14269.308308,14269.672308,14270.723308,14274.789308,1,2.99999999999994,0.0299999999999997,7.00000000000003,1,2,66,0.5
617,14281.237308,14280.448308,14280.621808,14281.237308,14287.234308,1,NaN,0,5.99999999999996,2,1,65,0.5
618,14290.774808,14289.767308,14289.862808,14290.774808,14291.337808,0,NaN,0,7.00000000000003,1,2,66,0.5
619,14310.010308,14308.701808,14309.124808,14310.010308,14314.943808,0,NaN,0,7.00000000000003,1,2,66,0.5
620,14316.658308,14315.692808,14315.920808,14316.658308,14398.041808,1,NaN,0,5.99999999999996,2,1,65,0.5
621,14438.288808,14437.208308,14437.575808,14438.288808,14443.984808,0,NaN,0,7.00000000000003,1,2,66,0.5
622,14447.600308,14446.441808,14446.596808,14447.600308,14448.080308,1,NaN,0,5.99999999999996,2,1,65,0.5
623,14468.381308,14467.374808,14467.619808,14468.381308,14473.103808,1,NaN,0,5.99999999999996,2,1,65,0.5
624,14488.301808,14487.072808,14487.525308,14488.249308,14492.148308,1,2.99999999999994,0.0299999999999997,7.00000000000003,1,2,66,0.5
625,14493.734808,14492.897308,14493.176308,14493.734808,14833.921308,1,NaN,0,5.99999999999996,2,1,65,0.5
626,14848.779308,14847.752308,14848.027808,14848.779308,14849.046308,1,NaN,0,5.99999999999996,2,1,65,0.5
627,14956.630808,14954.908808,14955.498308,14956.630808,14956.867308,1,NaN,0,5.99999999999996,2,1,65,0.5
628,15019.484308,15018.139808,15018.233308,15019.484308,15146.105808,1,NaN,0,5.99999999999996,2,1,65,0.5
629,15582.264308,15579.297308,15579.921808,15582.264308,17596.913808,1,NaN,0,5.99999999999996,2,1,65,0.5
630,17600.219308,17597.553308,17598.386808,17600.166808,17603.511308,1,2.99999999999994,0.0299999999999997,7.00000000000003,1,2,66,0.5
631,17606.190308,17605.363808,17605.749308,17606.190308,19771.047808,1,NaN,0,5.99999999999996,2,1,65,0.5
632,19775.633308,19774.273308,19774.846808,19775.580808,19777.237808,0,2.99999999999994,0.0299999999999997,5.99999999999996,2,1,65,0.5
633,19782.499308,19781.150808,19781.193308,19782.499308,19956.143308,1,NaN,0,5.99999999999996,2,1,65,0.5
634,19957.561808,19956.687308,19956.845808,19957.509308,19967.421808,1,2.99999999999994,0.0299999999999997,7.00000000000003,1,2,66,0.5
635,19968.825308,19967.843308,19968.150808,19968.825308,19975.011808,1,NaN,0,5.99999999999996,2,1,65,0.5
636,19983.045308,19982.131308,19982.295808,19983.045308,20055.856308,0,NaN,0,7.00000000000003,1,2,66,0.5
637,20063.141308,20062.181308,20062.406808,20063.141308,20064.112808,1,NaN,0,5.99999999999996,2,1,65,0.5
638,20182.093308,20181.046308,20181.372308,20182.093308,20204.057808,1,NaN,0,5.99999999999996,2,1,65,0.5
639,20205.739308,20204.841308,20204.988308,20205.686308,20209.313308,1,2.99999999999994,0.0299999999999997,7.00000000000003,1,2,66,0.5
640,20211.707308,20210.734808,20210.936808,20211.707308,20218.723308,1,NaN,0,5.99999999999996,2,1,65,0.5
641,20223.969808,20223.013808,20223.210308,20223.969808,20231.712308,1,NaN,0,5.99999999999996,2,1,65,0.5
642,20233.223808,20232.122808,20232.311808,20233.171308,20237.307308,0,2.99999999999994,0.0299999999999997,5.99999999999996,2,1,65,0.5
643,20242.069808,20241.294308,20241.456808,20242.067308,20263.938808,0,2.99999999999994,0.0299999999999997,5.99999999999996,2,1,65,0.5
644,20265.306308,20264.473808,20264.493808,20265.306308,20272.579808,1,NaN,0,5.99999999999996,2,1,65,0.5
645,20274.186808,20273.076808,20273.576308,20274.184308,20278.031308,1,2.99999999999994,0.0299999999999997,7.00000000000003,1,2,66,0.5
646,20279.379808,20278.647808,20278.889808,20279.379808,20283.179808,1,NaN,0,5.99999999999996,2,1,65,0.5
647,20286.805308,20286.083808,20286.268308,20286.805308,20300.622808,1,NaN,0,5.99999999999996,2,1,65,0.5
648,20301.858808,20301.276308,20301.462308,20301.858808,20302.778808,1,NaN,0,5.99999999999996,2,1,65,0.5
649,20309.538808,20308.534308,20308.701308,20309.536308,20317.989308,0,2.99999999999994,0.0299999999999997,5.99999999999996,2,1,65,0.5
650,20319.604308,20318.685808,20318.792308,20319.604308,20326.186808,0,NaN,0,7.00000000000003,1,2,66,0.5
651,20327.915308,20326.668308,20327.131308,20327.862308,20334.213308,1,2.99999999999994,0.0299999999999997,7.00000000000003,1,2,66,0.5
652,20336.055308,20334.680308,20335.043808,20336.055308,20341.953308,1,NaN,0,5.99999999999996,2,1,65,0.5
653,20343.661308,20342.336808,20342.906808,20343.658308,20347.200308,1,2.99999999999994,0.0299999999999997,7.00000000000003,1,2,66,0.5
654,20349.346308,20348.511308,20348.618808,20349.343308,20352.905808,0,2.99999999999994,0.0299999999999997,5.99999999999996,2,1,65,0.5
655,20354.515308,20353.824308,20353.854308,20354.512808,20361.758308,0,2.99999999999994,0.0299999999999997,5.99999999999996,2,1,65,0.5
656,20364.024308,20362.831308,20363.089808,20363.971808,20395.862308,1,2.99999999999994,0.0299999999999997,7.00000000000003,1,2,66,0.5
657,20397.537808,20396.411808,20396.777808,20397.484808,20401.112808,1,2.99999999999994,0.0299999999999997,7.00000000000003,1,2,66,0.5
658,20402.783308,20401.932308,20402.127808,20402.783308,20409.265308,1,NaN,0,5.99999999999996,2,1,65,0.5
659,20412.233308,20411.126808,20411.352308,20412.233308,20417.081808,1,NaN,0,5.99999999999996,2,1,65,0.5
660,20418.952308,20417.699808,20418.231308,20418.952308,20424.170808,1,NaN,0,5.99999999999996,2,1,65,0.5
661,20426.606808,20425.703308,20425.824308,20426.604308,20430.252308,0,2.99999999999994,0.0299999999999997,5.99999999999996,2,1,65,0.5
662,20431.836308,20430.955308,20431.050808,20431.833808,20436.966308,0,2.99999999999994,0.0299999999999997,5.99999999999996,2,1,65,0.5
663,20438.375808,20437.391808,20437.564808,20438.322808,20442.371808,0,2.99999999999994,0.0299999999999997,5.99999999999996,2,1,65,0.5
664,20443.798308,20443.102808,20443.134308,20443.798308,20448.600308,0,NaN,0,7.00000000000003,1,2,66,0.5
665,20450.805808,20449.188308,20449.759808,20450.752308,20455.256808,0,2.99999999999994,0.0299999999999997,5.99999999999996,2,1,65,0.5
666,20457.191808,20456.193808,20456.465308,20457.189308,20461.183808,0,2.99999999999994,0.0299999999999997,5.99999999999996,2,1,65,0.5
667,20462.410308,20461.792808,20461.816308,20462.410308,20468.390308,0,NaN,0,7.00000000000003,1,2,66,0.5
668,20470.611308,20468.943308,20469.719308,20470.609308,20474.375808,1,2.99999999999994,0.0299999999999997,7.00000000000003,1,2,66,0.5
669,20476.158808,20474.900808,20475.392808,20476.106308,20479.330808,1,2.99999999999994,0.0299999999999997,7.00000000000003,1,2,66,0.5
670,20481.375808,20480.377308,20480.633808,20481.373808,20484.529308,1,2.99999999999994,0.0299999999999997,7.00000000000003,1,2,66,0.5
671,20486.209808,20485.341308,20485.502308,20486.209808,20493.525808,1,NaN,0,5.99999999999996,2,1,65,0.5
672,20495.157308,20494.012808,20494.380808,20495.154808,20498.809308,0,2.99999999999994,0.0299999999999997,5.99999999999996,2,1,65,0.5
673,20500.344308,20499.638808,20499.737308,20500.342308,20503.704308,0,2.99999999999994,0.0299999999999997,5.99999999999996,2,1,65,0.5
674,20506.148308,20504.776808,20505.079808,20506.145808,20509.348308,1,2.99999999999994,0.0299999999999997,7.00000000000003,1,2,66,0.5
675,20511.073308,20510.115308,20510.285308,20511.073308,20517.771808,1,NaN,0,5.99999999999996,2,1,65,0.5
676,20519.388808,20518.242808,20518.728808,20519.388808,20525.486808,1,NaN,0,5.99999999999996,2,1,65,0.5
677,20526.932308,20525.888308,20526.194808,20526.932308,20533.871308,1,NaN,0,5.99999999999996,2,1,65,0.5
678,20536.790308,20535.038808,20535.895808,20536.787808,20541.557308,0,2.99999999999994,0.0299999999999997,5.99999999999996,2,1,65,0.5
679,20544.041308,20542.692808,20542.924308,20544.038808,20546.859808,1,2.99999999999994,0.0299999999999997,7.00000000000003,1,2,66,0.5
680,20548.348808,20547.443808,20547.686308,20548.348808,20550.431308,1,NaN,0,5.99999999999996,2,1,65,0.5
681,20557.900808,20557.036308,20557.155308,20557.898308,20561.235308,0,2.99999999999994,0.0299999999999997,5.99999999999996,2,1,65,0.5
682,20562.691308,20561.933308,20561.980308,20562.688808,20565.413808,0,2.99999999999994,0.0299999999999997,5.99999999999996,2,1,65,0.5
683,20570.671808,20569.969808,20569.999308,20570.671808,20576.996308,0,NaN,0,7.00000000000003,1,2,66,0.5
684,20605.954308,20604.193308,20604.828308,20605.951308,20609.584808,1,2.99999999999994,0.0299999999999997,7.00000000000003,1,2,66,0.5
685,20611.172808,20610.249308,20610.532808,20611.172808,20616.823308,1,NaN,0,5.99999999999996,2,1,65,0.5
686,20618.724808,20617.907308,20618.073808,20618.724808,20625.038808,0,NaN,0,7.00000000000003,1,2,66,0.5
687,20627.891808,20626.719308,20627.180308,20627.891808,20635.152808,0,NaN,0,7.00000000000003,1,2,66,0.5
688,20637.033808,20635.692808,20636.261308,20637.033808,20652.989808,0,NaN,0,7.00000000000003,1,2,66,0.5
689,20674.460808,20673.271808,20673.608308,20674.408308,20678.092808,0,2.99999999999994,0.0299999999999997,5.99999999999996,2,1,65,0.5
690,20680.005308,20678.957308,20679.329808,20680.005308,20687.815808,0,NaN,0,7.00000000000003,1,2,66,0.5
691,20689.673808,20688.552308,20688.925808,20689.621308,20692.759808,1,2.99999999999994,0.0299999999999997,7.00000000000003,1,2,66,0.5
692,20695.708308,20694.755808,20695.126308,20695.705308,20699.172808,0,2.99999999999994,0.0299999999999997,5.99999999999996,2,1,65,0.5
693,20702.098808,20700.662308,20700.899808,20702.095808,20705.013308,1,2.99999999999994,0.0299999999999997,7.00000000000003,1,2,66,0.5
694,20706.869808,20705.889808,20706.190308,20706.869808,20714.535308,1,NaN,0,5.99999999999996,2,1,65,0.5
695,20717.190308,20716.113808,20716.418808,20717.137308,20722.551308,0,2.99999999999994,0.0299999999999997,5.99999999999996,2,1,65,0.5
696,20724.431308,20723.667808,20723.867308,20724.431308,20730.862808,1,NaN,0,5.99999999999996,2,1,65,0.5
697,20807.114308,20805.814808,20806.070808,20807.114308,20807.351808,1,NaN,0,5.99999999999996,2,1,65,0.5
698,20890.434308,20889.540308,20889.787808,20890.434308,20896.772308,1,NaN,0,5.99999999999996,2,1,65,0.5
699,20911.391308,20910.838808,20910.883808,20911.391308,20912.088808,1,NaN,0,5.99999999999996,2,1,65,0.5
700,20930.974808,20929.919308,20929.967308,20930.921808,20935.726308,0,2.99999999999994,0.0299999999999997,5.99999999999996,2,1,65,0.5
701,21025.213808,21015.682808,21015.835308,21025.161808,21280.817808,0,2.99999999999994,0.0299999999999997,5.99999999999996,2,1,65,0.5
702,21283.644308,21282.654808,21282.908808,21283.590808,21286.377308,0,2.99999999999994,0.0299999999999997,5.99999999999996,2,1,65,0.5
703,21288.553808,21287.589308,21287.752808,21288.500808,21292.123808,0,2.99999999999994,0.0299999999999997,5.99999999999996,2,1,65,0.5
704,21295.502808,21294.036808,21294.444808,21295.449808,21299.410808,1,2.99999999999994,0.0299999999999997,7.00000000000003,1,2,66,0.5
705,21301.119808,21299.961308,21300.400808,21301.119808,21306.529308,1,NaN,0,5.99999999999996,2,1,65,0.5
706,21317.707308,21316.896808,21316.958808,21317.705308,21321.500808,0,2.99999999999994,0.0299999999999997,5.99999999999996,2,1,65,0.5
707,21323.115308,21322.169808,21322.230808,21323.062808,21325.485308,0,2.99999999999994,0.0299999999999997,5.99999999999996,2,1,65,0.5
708,21328.185808,21327.204308,21327.525808,21328.185808,21334.402808,0,NaN,0,7.00000000000003,1,2,66,0.5
709,21336.660808,21335.076308,21335.871808,21336.660808,21344.425808,0,NaN,0,7.00000000000003,1,2,66,0.5
710,21346.801808,21346.255308,21346.356308,21346.801808,21351.229808,1,NaN,0,5.99999999999996,2,1,65,0.5
711,21355.202808,21354.233308,21354.495308,21355.150308,21358.099808,0,2.99999999999994,0.0299999999999997,5.99999999999996,2,1,65,0.5
712,21360.264308,21359.501808,21359.678808,21360.264308,21373.983808,0,NaN,0,7.00000000000003,1,2,66,0.5
713,21390.822808,21389.958808,21390.070308,21390.822808,21396.925308,0,NaN,0,7.00000000000003,1,2,66,0.5
714,21398.869808,21397.981308,21398.295308,21398.869808,21405.658808,0,NaN,0,7.00000000000003,1,2,66,0.5
715,21409.675308,21408.510808,21408.840808,21409.622808,21412.878308,1,2.99999999999994,0.0299999999999997,7.00000000000003,1,2,66,0.5
716,21414.406308,21413.531808,21413.828808,21414.406308,21416.735308,1,NaN,0,5.99999999999996,2,1,65,0.5
717,21421.518308,21420.271308,21420.805808,21421.515808,21426.277808,1,2.99999999999994,0.0299999999999997,7.00000000000003,1,2,66,0.5
718,21436.774308,21426.846808,21427.127808,21436.720808,21439.842308,0,2.99999999999994,0.0299999999999997,5.99999999999996,2,1,65,0.5
719,21446.765808,21445.884308,21445.954308,21446.763808,21449.975308,0,2.99999999999994,0.0299999999999997,5.99999999999996,2,1,65,0.5
720,21451.744808,21450.770808,21451.057308,21451.744808,21727.119308,0,NaN,0,7.00000000000003,1,2,66,0.5
721,21728.567308,21727.622808,21727.915308,21728.567308,21733.799808,1,NaN,0,5.99999999999996,2,1,65,0.5
722,21756.939808,21756.190308,21756.219308,21756.939808,21763.177308,0,NaN,0,7.00000000000003,1,2,66,0.5
723,21766.385308,21765.040308,21765.228808,21766.385308,21773.411808,1,NaN,0,5.99999999999996,2,1,65,0.5
724,21802.714308,21801.699808,21802.113308,21802.714308,21859.247308,0,NaN,0,7.00000000000003,1,2,66,0.5
725,21864.454808,21863.451808,21863.711308,21864.452308,21867.667808,0,2.99999999999994,0.0299999999999997,5.99999999999996,2,1,65,0.5
726,22300.162308,22298.345808,22298.720808,22300.162308,22300.652808,0,NaN,0,7.00000000000003,1,2,66,0.5
727,22312.216808,22310.592808,22310.804308,22312.163308,22320.713808,0,2.99999999999994,0.0299999999999997,5.99999999999996,2,1,65,0.5
728,22328.292808,22326.477308,22327.119308,22328.289808,22334.676808,1,2.99999999999994,0.0299999999999997,7.00000000000003,1,2,66,0.5
729,22336.728308,22335.198308,22335.847808,22336.728308,22343.948308,0,NaN,0,7.00000000000003,1,2,66,0.5
730,22345.658808,22344.557308,22345.033808,22345.658808,22353.892808,1,NaN,0,5.99999999999996,2,1,65,0.5
731,22356.678808,22355.549808,22355.608808,22356.626308,22359.787808,1,2.99999999999994,0.0299999999999997,7.00000000000003,1,2,66,0.5
732,22362.140808,22360.589308,22361.163808,22362.140808,22368.854308,1,NaN,0,5.99999999999996,2,1,65,0.5
733,22371.332808,22369.497308,22370.349308,22371.329808,22374.615808,0,2.99999999999994,0.0299999999999997,5.99999999999996,2,1,65,0.5
734,22376.905808,22375.691808,22376.128808,22376.905808,22383.117808,0,NaN,0,7.00000000000003,1,2,66,0.5
735,22384.906308,22383.664308,22384.187808,22384.906308,22390.779808,1,NaN,0,5.99999999999996,2,1,65,0.5
736,22392.996308,22391.687308,22392.306808,22392.993808,22414.199308,0,2.99999999999994,0.0299999999999997,5.99999999999996,2,1,65,0.5
737,22416.405808,22414.759308,22415.376808,22416.352808,22419.036808,1,2.99999999999994,0.0299999999999997,7.00000000000003,1,2,66,0.5
738,22425.029808,22423.147808,22424.054808,22424.976308,22482.356808,0,2.99999999999994,0.0299999999999997,5.99999999999996,2,1,65,0.5
739,22485.280308,22484.245308,22484.482808,22485.277808,22488.833308,1,2.99999999999994,0.0299999999999997,7.00000000000003,1,2,66,0.5
740,22496.523808,22495.367808,22495.470308,22496.520808,22506.481808,0,2.99999999999994,0.0299999999999997,5.99999999999996,2,1,65,0.5
741,22508.201808,22506.920808,22507.407808,22508.149308,22511.501808,1,2.99999999999994,0.0299999999999997,7.00000000000003,1,2,66,0.5
742,22515.034308,22514.099808,22514.327308,22514.982308,22523.819308,0,2.99999999999994,0.0299999999999997,5.99999999999996,2,1,65,0.5
743,22526.447808,22525.247808,22525.641308,22526.447808,22539.163808,0,NaN,0,7.00000000000003,1,2,66,0.5
744,22540.932808,22539.680308,22540.192308,22540.880308,22544.329808,1,2.99999999999994,0.0299999999999997,7.00000000000003,1,2,66,0.5
745,22545.998308,22544.945308,22545.337308,22545.944808,22549.163808,1,2.99999999999994,0.0299999999999997,7.00000000000003,1,2,66,0.5
746,22551.018808,22549.840308,22550.284808,22550.966308,22553.934308,1,2.99999999999994,0.0299999999999997,7.00000000000003,1,2,66,0.5
747,22557.720808,22555.208808,22555.507308,22557.718308,22561.913808,0,2.99999999999994,0.0299999999999997,5.99999999999996,2,1,65,0.5
748,22564.982308,22564.154808,22564.412808,22564.979308,22581.602808,0,2.99999999999994,0.0299999999999997,5.99999999999996,2,1,65,0.5
749,22585.363808,22584.695308,22584.744808,22585.363808,22590.194308,0,NaN,0,7.00000000000003,1,2,66,0.5
750,22591.872308,22591.185308,22591.280808,22591.872308,22597.554808,1,NaN,0,5.99999999999996,2,1,65,0.5
751,22602.794808,22602.042808,22602.315808,22602.794808,22608.179308,1,NaN,0,5.99999999999996,2,1,65,0.5
752,22612.221308,22611.355308,22611.602808,22612.169308,22615.144308,1,2.99999999999994,0.0299999999999997,7.00000000000003,1,2,66,0.5
753,22616.993308,22615.988808,22616.273808,22616.993308,22617.937808,1,NaN,0,5.99999999999996,2,1,65,0.5
754,22669.709808,22668.541808,22668.774808,22669.706808,22672.246308,0,2.99999999999994,0.0299999999999997,5.99999999999996,2,1,65,0.5
755,22674.480808,22673.558308,22673.867808,22674.480808,22681.781308,0,NaN,0,7.00000000000003,1,2,66,0.5
756,22683.772308,22682.485308,22682.877808,22683.772308,22724.685808,1,NaN,0,5.99999999999996,2,1,65,0.5
757,22727.301808,22726.382308,22726.602808,22727.299308,22730.646308,0,2.99999999999994,0.0299999999999997,5.99999999999996,2,1,65,0.5
758,22733.216308,22732.258308,22732.477308,22733.214308,22738.475808,0,2.99999999999994,0.0299999999999997,5.99999999999996,2,1,65,0.5
759,22742.597308,22741.580308,22741.898808,22742.544808,22747.371308,0,2.99999999999994,0.0299999999999997,5.99999999999996,2,1,65,0.5
760,22748.694308,22748.136308,22748.168808,22748.694308,22757.362808,1,NaN,0,5.99999999999996,2,1,65,0.5
761,22759.531808,22758.596808,22758.921808,22759.528808,22763.344808,1,2.99999999999994,0.0299999999999997,7.00000000000003,1,2,66,0.5
762,22765.307808,22764.018308,22764.509308,22765.304808,22768.440308,1,2.99999999999994,0.0299999999999997,7.00000000000003,1,2,66,0.5
763,22770.663808,22769.694808,22769.960808,22770.663808,22774.062308,1,NaN,0,5.99999999999996,2,1,65,0.5
764,22778.223308,22776.997308,22777.445308,22778.223308,22783.346808,1,NaN,0,5.99999999999996,2,1,65,0.5
765,22785.303308,22784.171808,22784.534808,22785.300808,22787.868808,0,2.99999999999994,0.0299999999999997,5.99999999999996,2,1,65,0.5
766,22792.596808,22791.149808,22791.658808,22792.594308,22795.753808,1,2.99999999999994,0.0299999999999997,7.00000000000003,1,2,66,0.5
767,22797.929808,22796.419308,22797.121808,22797.877308,22801.470808,0,2.99999999999994,0.0299999999999997,5.99999999999996,2,1,65,0.5
768,22803.383308,22802.418308,22802.752308,22803.380308,22806.296808,0,2.99999999999994,0.0299999999999997,5.99999999999996,2,1,65,0.5
769,22808.593308,22807.807808,22807.999308,22808.593308,22814.093308,0,NaN,0,7.00000000000003,1,2,66,0.5
770,22815.907808,22815.028808,22815.183308,22815.907808,22898.504808,0,NaN,0,7.00000000000003,1,2,66,0.5
771,22907.326308,22906.143308,22906.509308,22907.323808,22911.279308,1,2.99999999999994,0.0299999999999997,7.00000000000003,1,2,66,0.5
772,22913.200308,22912.109308,22912.509308,22913.147308,22916.569808,1,2.99999999999994,0.0299999999999997,7.00000000000003,1,2,66,0.5
773,22918.398808,22917.281308,22917.746808,22918.396308,22921.898808,1,2.99999999999994,0.0299999999999997,7.00000000000003,1,2,66,0.5
774,22923.865308,22922.936808,22923.245308,22923.862808,22926.849308,1,2.99999999999994,0.0299999999999997,7.00000000000003,1,2,66,0.5
775,22928.590808,22927.634808,22927.917808,22928.590808,22936.778808,1,NaN,0,5.99999999999996,2,1,65,0.5
776,22950.163808,22940.139308,22940.411808,NaN,22979.324808,NaN,NaN,0,5.99999999999996,2,1,65,0.5
777,23005.138808,23004.271308,23004.420808,23005.085308,23008.340308,0,2.99999999999994,0.0299999999999997,5.99999999999996,2,1,65,0.5
778,23017.205308,23016.398808,23016.499308,23017.151808,23023.276308,0,2.99999999999994,0.0299999999999997,5.99999999999996,2,1,65,0.5
779,23025.162308,23024.274308,23024.434808,23025.159808,23030.280808,0,2.99999999999994,0.0299999999999997,5.99999999999996,2,1,65,0.5
780,23032.244308,23031.057808,23031.375308,23032.244308,23042.898308,0,NaN,0,7.00000000000003,1,2,66,0.5
781,23047.969308,23047.313308,23047.442808,23047.969308,23072.071308,1,NaN,0,5.99999999999996,2,1,65,0.5
782,23075.842308,23074.691808,23075.161308,23075.789808,23078.734308,1,2.99999999999994,0.0299999999999997,7.00000000000003,1,2,66,0.5
783,23082.628308,23081.576808,23081.840808,23082.625808,23085.819308,0,2.99999999999994,0.0299999999999997,5.99999999999996,2,1,65,0.5
784,23130.087808,23129.210808,23129.232808,23130.035308,23616.959308,0,2.99999999999994,0.0299999999999997,5.99999999999996,2,1,65,0.5
785,23649.331308,23648.425308,23648.653308,23649.331308,23649.533308,1,NaN,0,5.99999999999996,2,1,65,0.5
786,23657.092808,23656.432308,23656.720308,23657.092808,23657.294308,1,NaN,0,5.99999999999996,2,1,65,0.5
787,23732.048808,23730.870808,23731.127808,23732.048808,23732.071808,1,NaN,0,5.99999999999996,2,1,65,0.5
788,23742.602308,23741.272308,23741.323308,23742.599808,23752.509308,0,2.99999999999994,0.0299999999999997,5.99999999999996,2,1,65,0.5
789,23754.708308,23753.784308,23754.046308,23754.656308,23759.270808,0,2.99999999999994,0.0299999999999997,5.99999999999996,2,1,65,0.5
790,23762.087308,23760.846808,23761.201808,23762.034308,23765.421808,1,2.99999999999994,0.0299999999999997,7.00000000000003,1,2,66,0.5
791,23776.422808,23775.469808,23775.731808,23776.370308,23782.385808,0,2.99999999999994,0.0299999999999997,5.99999999999996,2,1,65,0.5
792,23825.209308,23823.148808,23824.061808,23825.207308,23828.463308,1,2.99999999999994,0.0299999999999997,7.00000000000003,1,2,66,0.5
793,23835.374308,23834.356808,23834.716808,23835.321808,23838.497308,1,2.99999999999994,0.0299999999999997,7.00000000000003,1,2,66,0.5
794,23840.851808,23839.670808,23840.097308,23840.849308,23844.279308,1,2.99999999999994,0.0299999999999997,7.00000000000003,1,2,66,0.5
795,23851.592308,23850.743808,23850.896308,23851.592308,23976.785808,1,NaN,0,5.99999999999996,2,1,65,0.5
796,23980.720308,23979.576808,23979.953808,23980.718308,23984.585808,0,2.99999999999994,0.0299999999999997,5.99999999999996,2,1,65,0.5
797,23991.789808,23990.688308,23990.849808,23991.787308,23995.026808,0,2.99999999999994,0.0299999999999997,5.99999999999996,2,1,65,0.5
798,23997.718808,23996.638808,23997.083308,23997.718808,24003.911308,0,NaN,0,7.00000000000003,1,2,66,0.5
799,24007.278808,24005.223808,24006.199808,24007.278808,24014.677308,1,NaN,0,5.99999999999996,2,1,65,0.5
800,24093.102308,24091.456808,24091.809808,24093.102308,24175.249308,1,NaN,0,5.99999999999996,2,1,65,0.5
801,24180.957308,24179.888308,24180.320308,24180.957308,24183.735808,0,NaN,0,7.00000000000003,1,2,66,0.5
802,24188.499808,24187.360308,24187.781308,24188.497808,24191.985808,1,2.99999999999994,0.0299999999999997,7.00000000000003,1,2,66,0.5
803,24194.835308,24193.950808,24194.315308,24194.833308,24209.347308,0,2.99999999999994,0.0299999999999997,5.99999999999996,2,1,65,0.5
804,24210.753308,24209.949308,24210.063308,24210.753308,24213.893308,0,NaN,0,7.00000000000003,1,2,66,0.5
805,24218.484808,24217.305808,24217.765308,24218.431808,24221.376308,1,2.99999999999994,0.0299999999999997,7.00000000000003,1,2,66,0.5
806,24223.333808,24222.013808,24222.572308,24223.281308,24226.959308,1,2.99999999999994,0.0299999999999997,7.00000000000003,1,2,66,0.5
807,24229.992308,24228.636808,24229.095808,24229.989808,24233.370808,0,2.99999999999994,0.0299999999999997,5.99999999999996,2,1,65,0.5
808,24254.179308,24253.090308,24253.365808,24254.126308,24259.036808,0,2.99999999999994,0.0299999999999997,5.99999999999996,2,1,65,0.5
809,24276.108808,24274.903308,24275.190308,24276.056308,24279.013808,0,2.99999999999994,0.0299999999999997,5.99999999999996,2,1,65,0.5
810,24297.169808,24296.247308,24296.321308,24297.169808,24299.421308,0,NaN,0,7.00000000000003,1,2,66,0.5
811,24469.423308,24468.046808,24468.623308,24469.370308,24472.941808,1,2.99999999999994,0.0299999999999997,7.00000000000003,1,2,66,0.5
812,24475.693808,24474.582308,24474.865308,24475.641308,24488.284308,0,2.99999999999994,0.0299999999999997,5.99999999999996,2,1,65,0.5
813,24489.757808,24488.818808,24489.160808,24489.757808,24490.303308,0,NaN,0,7.00000000000003,1,2,66,0.5
814,24497.107308,24496.098808,24496.409308,24497.054808,24500.452808,1,2.99999999999994,0.0299999999999997,7.00000000000003,1,2,66,0.5
815,24502.554808,24501.301808,24501.722308,24502.502308,24504.649808,0,2.99999999999994,0.0299999999999997,5.99999999999996,2,1,65,0.5
816,24506.799308,24505.496308,24505.897808,24506.745808,24510.321308,1,2.99999999999994,0.0299999999999997,7.00000000000003,1,2,66,0.5
817,24513.347808,24512.534808,24512.619308,24513.294808,24516.366808,1,2.99999999999994,0.0299999999999997,7.00000000000003,1,2,66,0.5
818,24518.475308,24517.213308,24517.711808,24518.472308,24521.218808,1,2.99999999999994,0.0299999999999997,7.00000000000003,1,2,66,0.5
819,24523.183808,24522.159308,24522.540308,24523.183808,24600.850808,1,NaN,0,5.99999999999996,2,1,65,0.5
820,24602.093808,24601.395308,24601.559808,24602.093808,24612.597808,1,NaN,0,5.99999999999996,2,1,65,0.5
821,24614.350808,24613.350308,24613.616308,24614.347808,24618.086808,1,2.99999999999994,0.0299999999999997,7.00000000000003,1,2,66,0.5
822,24619.906808,24619.178808,24619.539808,24619.906808,25266.270808,1,NaN,0,5.99999999999996,2,1,65,0.5
823,25269.132808,25266.931808,25266.967808,25269.132808,25269.587308,0,NaN,0,7.00000000000003,1,2,66,0.5
824,25288.465308,25287.589308,25287.775808,25288.465308,25289.018308,0,NaN,0,7.00000000000003,1,2,66,0.5
825,25307.952808,25306.703308,25307.074808,25307.952808,25357.634308,1,NaN,0,5.99999999999996,2,1,65,0.5
826,25366.222308,25365.511808,25365.723308,25366.222308,25366.487308,1,NaN,0,5.99999999999996,2,1,65,0.5
827,25373.924308,25372.984308,25373.306808,25373.924308,25378.624308,1,NaN,0,5.99999999999996,2,1,65,0.5
828,25381.491308,25380.361808,25380.766808,25381.488808,25390.386308,0,2.99999999999994,0.0299999999999997,5.99999999999996,2,1,65,0.5
829,25397.034808,25396.027308,25396.271808,25397.034808,25425.922808,1,NaN,0,5.99999999999996,2,1,65,0.5
830,25428.396808,25426.584808,25427.121308,25428.396808,25453.305808,0,NaN,0,7.00000000000003,1,2,66,0.5
831,25457.346308,25456.044308,25456.592308,25457.343308,25460.989308,1,2.99999999999994,0.0299999999999997,7.00000000000003,1,2,66,0.5
832,25462.768808,25461.805308,25462.126308,25462.768808,25463.160808,1,NaN,0,5.99999999999996,2,1,65,0.5
833,25535.293308,25534.154808,25534.415308,25535.291308,28955.583308,0,2.99999999999994,0.0299999999999997,5.99999999999996,2,1,65,0.5
834,29613.440808,29611.876808,29612.543808,29613.387808,29628.074308,1,2.99999999999994,0.0299999999999997,7.00000000000003,1,2,66,0.5
835,29630.035308,29628.658308,29628.935808,29629.982308,29654.722308,0,2.99999999999994,0.0299999999999997,5.99999999999996,2,1,65,0.5
836,29659.612308,29658.634808,29658.889808,29659.609308,29662.529808,0,2.99999999999994,0.0299999999999997,5.99999999999996,2,1,65,0.5
837,29665.614308,29664.743308,29665.050308,29665.614308,29671.927808,0,NaN,0,7.00000000000003,1,2,66,0.5
838,29690.574808,29689.575808,29689.910808,29690.572808,29693.833308,1,2.99999999999994,0.0299999999999997,7.00000000000003,1,2,66,0.5
839,29695.978808,29694.799308,29695.346808,29695.976308,29698.604308,1,2.99999999999994,0.0299999999999997,7.00000000000003,1,2,66,0.5
840,29700.205808,29699.662308,29699.902308,29700.205808,29702.739308,1,NaN,0,5.99999999999996,2,1,65,0.5
841,29715.208808,29714.268808,29714.521308,29715.156308,29717.660308,0,2.99999999999994,0.0299999999999997,5.99999999999996,2,1,65,0.5
842,29719.843308,29718.879308,29719.171308,29719.843308,29720.483308,0,NaN,0,7.00000000000003,1,2,66,0.5
843,29728.476308,29727.629308,29727.874308,29728.424308,29731.348308,1,2.99999999999994,0.0299999999999997,7.00000000000003,1,2,66,0.5
844,29732.760308,29732.140308,29732.425308,29732.760308,29733.358308,1,NaN,0,5.99999999999996,2,1,65,0.5
845,29749.316808,29748.702808,29748.915808,29749.316808,29752.184808,1,NaN,0,5.99999999999996,2,1,65,0.5
846,29760.786808,29760.039808,29760.223308,29760.786808,29779.182308,1,NaN,0,5.99999999999996,2,1,65,0.5
847,29785.394308,29784.268308,29784.626808,29785.391808,29789.470308,1,2.99999999999994,0.0299999999999997,7.00000000000003,1,2,66,0.5
848,29792.406308,29791.345308,29791.630808,29792.353308,30158.476308,0,2.99999999999994,0.0299999999999997,5.99999999999996,2,1,65,0.5
849,30159.886308,30159.038808,30159.090308,30159.833308,30162.740808,0,2.99999999999994,0.0299999999999997,5.99999999999996,2,1,65,0.5
850,30166.410308,30165.573808,30165.770308,30166.410308,30183.075308,1,NaN,0,5.99999999999996,2,1,65,0.5
851,30185.968808,30184.913808,30185.081308,30185.916308,30192.135808,0,2.99999999999994,0.0299999999999997,5.99999999999996,2,1,65,0.5
852,30194.544808,30193.744308,30194.075308,30194.544808,30197.549308,1,NaN,0,5.99999999999996,2,1,65,0.5
853,30201.162308,30200.021308,30200.474808,30201.162308,30201.521808,0,NaN,0,7.00000000000003,1,2,66,0.5
854,30210.277308,30209.472308,30209.593808,30210.224308,30212.840308,0,2.99999999999994,0.0299999999999997,5.99999999999996,2,1,65,0.5
855,30214.417308,30213.507808,30213.778808,30214.365308,30218.115308,0,2.99999999999994,0.0299999999999997,5.99999999999996,2,1,65,0.5
856,30219.739808,30218.833308,30219.064308,30219.739808,30225.573308,0,NaN,0,7.00000000000003,1,2,66,0.5
857,30227.639308,30226.082308,30226.937808,30227.636808,30230.245308,1,2.99999999999994,0.0299999999999997,7.00000000000003,1,2,66,0.5
858,30232.510308,30231.553308,30231.807808,30232.507808,30235.493808,1,2.99999999999994,0.0299999999999997,7.00000000000003,1,2,66,0.5
859,30237.201808,30236.115308,30236.669308,30237.199308,30239.935308,1,2.99999999999994,0.0299999999999997,7.00000000000003,1,2,66,0.5
860,30242.075308,30241.282808,30241.665308,30242.075308,30247.201308,1,NaN,0,5.99999999999996,2,1,65,0.5
861,30249.583308,30248.557308,30248.940808,30249.583308,30255.758808,1,NaN,0,5.99999999999996,2,1,65,0.5
862,30257.688808,30256.677808,30256.989808,30257.636308,30260.639308,0,2.99999999999994,0.0299999999999997,5.99999999999996,2,1,65,0.5
863,30262.377308,30261.186308,30261.653308,30262.325308,30265.811308,0,2.99999999999994,0.0299999999999997,5.99999999999996,2,1,65,0.5
864,30267.374808,30266.374308,30266.747808,30267.321808,30270.367808,0,2.99999999999994,0.0299999999999997,5.99999999999996,2,1,65,0.5
865,30272.572308,30271.032308,30271.475808,30272.569808,30275.621808,1,2.99999999999994,0.0299999999999997,7.00000000000003,1,2,66,0.5
866,30277.457808,30276.303308,30276.742808,30277.404808,30280.355308,1,2.99999999999994,0.0299999999999997,7.00000000000003,1,2,66,0.5
867,30282.247808,30281.075808,30281.446308,30282.194808,30285.351308,1,2.99999999999994,0.0299999999999997,7.00000000000003,1,2,66,0.5
868,30287.108808,30286.219808,30286.637808,30287.108808,30291.947308,1,NaN,0,5.99999999999996,2,1,65,0.5
869,30295.056308,30292.596808,30293.785308,30295.056308,30303.570808,0,NaN,0,7.00000000000003,1,2,66,0.5
870,30305.440308,30304.010808,30304.756808,30305.440308,30312.563808,0,NaN,0,7.00000000000003,1,2,66,0.5
871,30314.522808,30313.023308,30313.802308,30314.522808,30326.249308,1,NaN,0,5.99999999999996,2,1,65,0.5
872,30328.391808,30327.469308,30327.688808,30328.339308,30330.713808,0,2.99999999999994,0.0299999999999997,5.99999999999996,2,1,65,0.5
873,30503.708308,30502.494808,30502.728308,30503.708308,30708.219808,0,NaN,0,7.00000000000003,1,2,66,0.5
874,30709.961808,30708.840308,30709.251308,30709.908808,30712.889808,1,2.99999999999994,0.0299999999999997,7.00000000000003,1,2,66,0.5
875,30715.011808,30713.902308,30714.339308,30715.009308,30718.188808,1,2.99999999999994,0.0299999999999997,7.00000000000003,1,2,66,0.5
876,30721.261308,30720.333308,30720.488808,30721.258808,30726.292808,0,2.99999999999994,0.0299999999999997,5.99999999999996,2,1,65,0.5
877,30731.201808,30730.201808,30730.375808,30731.199308,30734.753308,0,2.99999999999994,0.0299999999999997,5.99999999999996,2,1,65,0.5
878,30736.252808,30735.408308,30735.564808,30736.252808,30738.685808,1,NaN,0,5.99999999999996,2,1,65,0.5
879,30753.264808,30752.125808,30752.339308,30753.264808,30758.305808,0,NaN,0,7.00000000000003,1,2,66,0.5
880,30760.676308,30758.896808,30759.561308,30760.623808,30763.928308,1,2.99999999999994,0.0299999999999997,7.00000000000003,1,2,66,0.5
881,30765.908308,30764.855808,30765.402808,30765.906308,30769.228308,1,2.99999999999994,0.0299999999999997,7.00000000000003,1,2,66,0.5
882,30770.817308,30770.141808,30770.505808,30770.817308,30776.188308,1,NaN,0,5.99999999999996,2,1,65,0.5
883,30778.633808,30777.828808,30778.026308,30778.580808,30781.633308,0,2.99999999999994,0.0299999999999997,5.99999999999996,2,1,65,0.5
884,30783.517808,30782.797808,30782.838808,30783.465308,30788.572808,0,2.99999999999994,0.0299999999999997,5.99999999999996,2,1,65,0.5
885,30790.813808,30789.007808,30789.537808,30790.760808,30793.325308,1,2.99999999999994,0.0299999999999997,7.00000000000003,1,2,66,0.5
886,30800.385808,30799.373308,30799.626808,30800.383308,30803.985808,1,2.99999999999994,0.0299999999999997,7.00000000000003,1,2,66,0.5
887,30806.270308,30805.349808,30805.490308,30806.217808,30809.239808,0,2.99999999999994,0.0299999999999997,5.99999999999996,2,1,65,0.5
888,30810.753808,30809.863308,30810.042808,30810.729808,30814.687308,0,2.99999999999994,0.0299999999999997,5.99999999999996,2,1,65,0.5
889,30817.068308,30816.078808,30816.323308,30817.015308,30820.239308,1,2.99999999999994,0.0299999999999997,7.00000000000003,1,2,66,0.5
890,30822.083308,30821.298308,30821.485808,30822.080308,30824.647308,1,2.99999999999994,0.0299999999999997,7.00000000000003,1,2,66,0.5
891,30826.514308,30825.392308,30825.883308,30826.461808,30829.325808,1,2.99999999999994,0.0299999999999997,7.00000000000003,1,2,66,0.5
892,30831.255308,30830.293308,30830.611308,30831.255308,30840.681808,1,NaN,0,5.99999999999996,2,1,65,0.5
893,30843.641808,30842.375808,30842.662808,30843.589308,30846.753308,0,2.99999999999994,0.0299999999999997,5.99999999999996,2,1,65,0.5
894,30848.858808,30847.488808,30847.978308,30848.856808,30851.179808,1,2.99999999999994,0.0299999999999997,7.00000000000003,1,2,66,0.5
895,30852.863808,30851.815808,30852.257308,30852.861808,30855.581808,1,2.99999999999994,0.0299999999999997,7.00000000000003,1,2,66,0.5
896,30861.726308,30861.098808,30861.289308,30861.726308,30866.463308,1,NaN,0,5.99999999999996,2,1,65,0.5
897,30868.492808,30867.566308,30867.721308,30868.490308,30872.000308,1,2.99999999999994,0.0299999999999997,7.00000000000003,1,2,66,0.5
898,30874.412808,30872.973308,30873.715308,30874.360308,30877.314308,1,2.99999999999994,0.0299999999999997,7.00000000000003,1,2,66,0.5
899,30879.030308,30877.957808,30878.422808,30879.030308,30882.017308,1,NaN,0,5.99999999999996,2,1,65,0.5
900,30885.814308,30884.619808,30884.990308,30885.811808,30888.665308,0,2.99999999999994,0.0299999999999997,5.99999999999996,2,1,65,0.5
901,30890.153808,30889.498308,30889.529308,30890.143808,30892.114808,0,2.99999999999994,0.0299999999999997,5.99999999999996,2,1,65,0.5
902,30894.062808,30892.850308,30893.150808,30894.009808,30897.029808,0,2.99999999999994,0.0299999999999997,5.99999999999996,2,1,65,0.5
903,30899.269808,30898.473308,30898.581308,30899.269808,30904.964308,0,NaN,0,7.00000000000003,1,2,66,0.5
904,30906.328808,30905.469808,30905.879308,30906.328808,30915.844808,1,NaN,0,5.99999999999996,2,1,65,0.5
905,30944.560308,30943.540808,30943.780808,30944.557808,30948.182808,0,2.99999999999994,0.0299999999999997,5.99999999999996,2,1,65,0.5
906,30950.136308,30949.057808,30949.330808,30950.083308,30952.772808,1,2.99999999999994,0.0299999999999997,7.00000000000003,1,2,66,0.5
907,30954.261308,30953.478808,30953.728308,30954.261308,30958.091808,1,NaN,0,5.99999999999996,2,1,65,0.5
908,30962.172308,30961.232808,30961.481308,30962.172308,30967.234308,1,NaN,0,5.99999999999996,2,1,65,0.5
909,30969.276308,30968.021808,30968.593308,30969.223308,30972.338308,1,2.99999999999994,0.0299999999999997,7.00000000000003,1,2,66,0.5
910,30974.197308,30972.991308,30973.670808,30974.197308,30979.484308,1,NaN,0,5.99999999999996,2,1,65,0.5
911,30981.330308,30979.842808,30980.588308,30981.328308,30983.811308,0,2.99999999999994,0.0299999999999997,5.99999999999996,2,1,65,0.5
912,30985.280808,30984.470308,30984.725308,30985.228308,30988.340808,0,2.99999999999994,0.0299999999999997,5.99999999999996,2,1,65,0.5
913,30990.258808,30988.876308,30989.296808,30990.206308,30992.809808,1,2.99999999999994,0.0299999999999997,7.00000000000003,1,2,66,0.5
914,30994.649808,30993.505308,30993.962808,30994.596808,30996.918808,1,2.99999999999994,0.0299999999999997,7.00000000000003,1,2,66,0.5
915,30999.673308,30998.629308,30998.927808,30999.620808,31004.719308,0,2.99999999999994,0.0299999999999997,5.99999999999996,2,1,65,0.5
916,31006.845308,31005.885308,31006.073808,31006.792808,31009.233808,1,2.99999999999994,0.0299999999999997,7.00000000000003,1,2,66,0.5
917,31011.127308,31010.035308,31010.398808,31011.075308,31014.149308,0,2.99999999999994,0.0299999999999997,5.99999999999996,2,1,65,0.5
918,31016.257308,31015.349308,31015.417808,31016.204308,31022.970308,1,2.99999999999994,0.0299999999999997,7.00000000000003,1,2,66,0.5
919,31024.785808,31023.506308,31023.950308,31024.783308,31027.769808,1,2.99999999999994,0.0299999999999997,7.00000000000003,1,2,66,0.5
920,31029.744808,31028.613808,31029.111308,31029.692308,31031.694808,1,2.99999999999994,0.0299999999999997,7.00000000000003,1,2,66,0.5
921,31034.454808,31032.979808,31033.399308,31034.402808,31036.892808,0,2.99999999999994,0.0299999999999997,5.99999999999996,2,1,65,0.5
922,31038.738308,31037.439808,31037.819308,31038.736308,31041.831808,0,2.99999999999994,0.0299999999999997,5.99999999999996,2,1,65,0.5
923,31043.532308,31042.321808,31042.732808,31043.479808,31046.060308,1,2.99999999999994,0.0299999999999997,7.00000000000003,1,2,66,0.5
924,31047.896808,31046.783308,31047.217808,31047.844308,31050.105308,1,2.99999999999994,0.0299999999999997,7.00000000000003,1,2,66,0.5
925,31052.714308,31052.025808,31052.352808,31052.714308,31062.716308,1,NaN,0,5.99999999999996,2,1,65,0.5
926,31064.537308,31063.126308,31063.558308,31064.483808,31066.842308,1,2.99999999999994,0.0299999999999997,7.00000000000003,1,2,66,0.5
927,31068.373308,31067.373808,31067.787808,31068.370308,31070.841808,1,2.99999999999994,0.0299999999999997,7.00000000000003,1,2,66,0.5
928,31072.366308,31071.423808,31071.858808,31072.366308,31076.747808,1,NaN,0,5.99999999999996,2,1,65,0.5
929,31084.106808,31083.238808,31083.474308,31084.106808,31086.518308,1,NaN,0,5.99999999999996,2,1,65,0.5
930,31090.585808,31089.458308,31089.917308,31090.532808,31092.778808,1,2.99999999999994,0.0299999999999997,7.00000000000003,1,2,66,0.5
931,31094.514308,31093.261808,31093.700808,31094.461808,31097.063308,1,2.99999999999994,0.0299999999999997,7.00000000000003,1,2,66,0.5
932,31098.608808,31097.524308,31097.998308,31098.608808,31103.763308,1,NaN,0,5.99999999999996,2,1,65,0.5
933,31106.320308,31105.405308,31105.634308,31106.267808,31108.992308,0,2.99999999999994,0.0299999999999997,5.99999999999996,2,1,65,0.5
934,31110.829308,31110.106808,31110.248808,31110.826808,31113.277808,0,2.99999999999994,0.0299999999999997,5.99999999999996,2,1,65,0.5
935,31114.972808,31113.887808,31114.148308,31114.919808,31117.290308,0,2.99999999999994,0.0299999999999997,5.99999999999996,2,1,65,0.5
936,31118.805808,31118.208808,31118.233308,31118.803308,31121.236808,0,2.99999999999994,0.0299999999999997,5.99999999999996,2,1,65,0.5
937,31123.075308,31121.969308,31122.219308,31123.072808,31125.212308,1,2.99999999999994,0.0299999999999997,7.00000000000003,1,2,66,0.5
938,31132.680808,31131.372808,31131.639808,31132.678808,31136.506308,0,2.99999999999994,0.0299999999999997,5.99999999999996,2,1,65,0.5
939,31138.289808,31137.285308,31137.550808,31138.287808,31141.821808,0,2.99999999999994,0.0299999999999997,5.99999999999996,2,1,65,0.5
940,31143.428808,31142.447308,31142.781808,31143.375308,31145.661308,0,2.99999999999994,0.0299999999999997,5.99999999999996,2,1,65,0.5
941,31147.441308,31146.127308,31146.512808,31147.388308,31149.556808,1,2.99999999999994,0.0299999999999997,7.00000000000003,1,2,66,0.5
942,31151.139308,31150.130808,31150.546808,31151.086808,31153.121308,1,2.99999999999994,0.0299999999999997,7.00000000000003,1,2,66,0.5
943,31155.057808,31153.843808,31154.324308,31155.004808,31158.009308,0,2.99999999999994,0.0299999999999997,5.99999999999996,2,1,65,0.5
944,31159.568808,31158.834808,31159.038808,31159.568808,31161.743808,1,NaN,0,5.99999999999996,2,1,65,0.5
945,31201.307808,31200.361808,31200.673808,31201.307808,31212.419808,1,NaN,0,5.99999999999996,2,1,65,0.5
946,31218.378308,31217.350308,31217.558308,31218.378308,31225.313308,1,NaN,0,5.99999999999996,2,1,65,0.5
947,31227.170308,31226.180308,31226.392808,31227.117308,31229.754808,0,2.99999999999994,0.0299999999999997,5.99999999999996,2,1,65,0.5
948,31231.990808,31230.814808,31231.222308,31231.988308,31234.395308,1,2.99999999999994,0.0299999999999997,7.00000000000003,1,2,66,0.5
949,31235.832308,31235.112808,31235.136308,31235.780308,31237.653308,0,2.99999999999994,0.0299999999999997,5.99999999999996,2,1,65,0.5
950,31247.697808,31246.699308,31246.990308,31247.644308,31271.231808,1,2.99999999999994,0.0299999999999997,7.00000000000003,1,2,66,0.5
951,31272.665808,31271.778808,31272.057808,31272.613308,31275.068308,0,2.99999999999994,0.0299999999999997,5.99999999999996,2,1,65,0.5
952,31276.949308,31275.981308,31276.354308,31276.949308,31279.665808,0,NaN,0,7.00000000000003,1,2,66,0.5
953,31285.826308,31284.661308,31284.807308,31285.773308,31288.633808,1,2.99999999999994,0.0299999999999997,7.00000000000003,1,2,66,0.5
954,31290.755808,31289.481308,31289.960808,31290.703308,31292.507308,1,2.99999999999994,0.0299999999999997,7.00000000000003,1,2,66,0.5
955,31312.461808,31311.210808,31311.531808,31312.459308,31355.880308,1,2.99999999999994,0.0299999999999997,7.00000000000003,1,2,66,0.5
956,31360.613308,31359.859808,31360.022808,31360.613308,31367.637808,0,NaN,0,7.00000000000003,1,2,66,0.5
957,31374.712808,31373.765808,31373.906808,31374.659808,31388.825308,0,2.99999999999994,0.0299999999999997,5.99999999999996,2,1,65,0.5
958,31391.308308,31390.561808,31390.705808,31391.308308,31391.671808,0,NaN,0,7.00000000000003,1,2,66,0.5
959,31399.555808,31397.846308,31398.030308,31399.503308,31402.201808,1,2.99999999999994,0.0299999999999997,7.00000000000003,1,2,66,0.5
960,31416.071808,31403.450308,31403.627808,NaN,NaN,NaN,NaN,0,5.99999999999996,2,1,65,0.5
961,31674.570308,31673.644308,31673.887808,31674.518308,31690.870308,0,2.99999999999994,0.0299999999999997,5.99999999999996,2,1,65,0.5
962,31692.880808,31691.921308,31692.231808,31692.878308,31696.306808,1,2.99999999999994,0.0299999999999997,7.00000000000003,1,2,66,0.5
963,31698.117808,31697.219308,31697.451308,31698.064308,31712.675308,0,2.99999999999994,0.0299999999999997,5.99999999999996,2,1,65,0.5
964,31730.387808,31729.511808,31729.750308,31730.334808,32344.447808,0,2.99999999999994,0.0299999999999997,5.99999999999996,2,1,65,0.5
965,32354.942308,32354.030808,32354.329308,32354.889808,32360.559808,0,2.99999999999994,0.0299999999999997,5.99999999999996,2,1,65,0.5
966,32364.296808,32363.673308,32363.695808,32364.286808,32441.836808,1,2.99999999999994,0.0299999999999997,7.00000000000003,1,2,66,0.5
967,32454.859308,32454.177808,32454.246308,32454.859308,32482.945808,1,NaN,0,5.99999999999996,2,1,65,0.5
968,32488.087808,32487.190808,32487.424308,32488.035308,32490.366808,0,2.99999999999994,0.0299999999999997,5.99999999999996,2,1,65,0.5
969,32496.082808,32495.025308,32495.351308,32496.082808,32501.395808,0,NaN,0,7.00000000000003,1,2,66,0.5
970,32507.485808,32506.542308,32506.763308,32507.483308,32527.473808,0,2.99999999999994,0.0299999999999997,5.99999999999996,2,1,65,0.5
971,32543.093308,32542.274808,32542.462808,32543.040808,32629.194308,1,2.99999999999994,0.0299999999999997,7.00000000000003,1,2,66,0.5
972,32637.597308,32636.640308,32636.893308,32637.597308,32638.229308,0,NaN,0,7.00000000000003,1,2,66,0.5
973,32648.203808,32647.604308,32647.655808,32648.203808,32652.798308,1,NaN,0,5.99999999999996,2,1,65,0.5
974,32654.576808,32653.552308,32653.903808,32654.573808,32657.543308,1,2.99999999999994,0.0299999999999997,7.00000000000003,1,2,66,0.5
975,32658.970308,32658.295308,32658.525808,32658.970308,32662.017808,1,NaN,0,5.99999999999996,2,1,65,0.5
976,32674.395308,32673.526808,32673.616808,32674.392808,32676.409308,0,2.99999999999994,0.0299999999999997,5.99999999999996,2,1,65,0.5
977,32678.099808,32677.277808,32677.515808,32678.097308,32681.166308,0,2.99999999999994,0.0299999999999997,5.99999999999996,2,1,65,0.5
978,32688.587808,32687.756808,32687.994808,32688.534808,32692.215308,0,2.99999999999994,0.0299999999999997,5.99999999999996,2,1,65,0.5
979,32697.192308,32696.429308,32696.460308,32697.139308,32699.284808,1,2.99999999999994,0.0299999999999997,7.00000000000003,1,2,66,0.5
980,32702.325808,32701.306808,32701.755308,32702.322808,NaN,1,2.99999999999994,0.0299999999999997,7.00000000000003,1,2,66,0.5
